id,efficiency
0,0.51909864
1,0.51909864
2,0.51909864
3,0.51909864
4,0.51909864
5,0.51909864
6,0.51909864
7,0.51909864
8,0.51909864
9,0.51909864
10,0.51909864
11,0.51909864
12,0.51909864
13,0.51909864
14,0.51909864
15,0.51909864
16,0.51909864
17,0.51909864
18,0.51909864
19,0.51909864
20,0.51909864
21,0.51909864
22,0.51909864
23,0.51909864
24,0.51909864
25,0.51909864
26,0.51909864
27,0.51909864
28,0.51909864
29,0.51909864
30,0.51909864
31,0.51909864
32,0.51909864
33,0.51909864
34,0.51909864
35,0.51909864
36,0.51909864
37,0.51909864
38,0.51909864
39,0.51909864
40,0.51909864
41,0.51909864
42,0.51909864
43,0.51909864
44,0.51909864
45,0.51909864
46,0.51909864
47,0.51909864
48,0.51909864
49,0.51909864
50,0.51909864
51,0.51909864
52,0.51909864
53,0.51909864
54,0.51909864
55,0.51909864
56,0.51909864
57,0.51909864
58,0.51909864
59,0.51909864
60,0.51909864
61,0.51909864
62,0.51909864
63,0.51909864
64,0.51909864
65,0.51909864
66,0.51909864
67,0.51909864
68,0.51909864
69,0.51909864
70,0.51909864
71,0.51909864
72,0.51909864
73,0.51909864
74,0.51909864
75,0.51909864
76,0.51909864
77,0.51909864
78,0.51909864
79,0.51909864
80,0.51909864
81,0.51909864
82,0.51909864
83,0.51909864
84,0.51909864
85,0.51909864
86,0.51909864
87,0.51909864
88,0.51909864
89,0.51909864
90,0.51909864
91,0.51909864
92,0.51909864
93,0.51909864
94,0.51909864
95,0.51909864
96,0.51909864
97,0.51909864
98,0.51909864
99,0.51909864
100,0.51909864
101,0.51909864
102,0.51909864
103,0.51909864
104,0.51909864
105,0.51909864
106,0.51909864
107,0.51909864
108,0.51909864
109,0.51909864
110,0.51909864
111,0.51909864
112,0.51909864
113,0.51909864
114,0.51909864
115,0.51909864
116,0.51909864
117,0.51909864
118,0.51909864
119,0.51909864
120,0.51909864
121,0.51909864
122,0.51909864
123,0.51909864
124,0.51909864
125,0.51909864
126,0.51909864
127,0.51909864
128,0.51909864
129,0.51909864
130,0.51909864
131,0.51909864
132,0.51909864
133,0.51909864
134,0.51909864
135,0.51909864
136,0.51909864
137,0.51909864
138,0.51909864
139,0.51909864
140,0.51909864
141,0.51909864
142,0.51909864
143,0.51909864
144,0.51909864
145,0.51909864
146,0.51909864
147,0.51909864
148,0.51909864
149,0.51909864
150,0.51909864
151,0.51909864
152,0.51909864
153,0.51909864
154,0.51909864
155,0.51909864
156,0.51909864
157,0.51909864
158,0.51909864
159,0.51909864
160,0.51909864
161,0.51909864
162,0.51909864
163,0.51909864
164,0.51909864
165,0.51909864
166,0.51909864
167,0.51909864
168,0.51909864
169,0.51909864
170,0.51909864
171,0.51909864
172,0.51909864
173,0.51909864
174,0.51909864
175,0.51909864
176,0.51909864
177,0.51909864
178,0.51909864
179,0.51909864
180,0.51909864
181,0.51909864
182,0.51909864
183,0.51909864
184,0.51909864
185,0.51909864
186,0.51909864
187,0.51909864
188,0.51909864
189,0.51909864
190,0.51909864
191,0.51909864
192,0.51909864
193,0.51909864
194,0.51909864
195,0.51909864
196,0.51909864
197,0.51909864
198,0.51909864
199,0.51909864
200,0.51909864
201,0.51909864
202,0.51909864
203,0.51909864
204,0.51909864
205,0.51909864
206,0.51909864
207,0.51909864
208,0.51909864
209,0.51909864
210,0.51909864
211,0.51909864
212,0.51909864
213,0.51909864
214,0.51909864
215,0.51909864
216,0.51909864
217,0.51909864
218,0.51909864
219,0.51909864
220,0.51909864
221,0.51909864
222,0.51909864
223,0.51909864
224,0.51909864
225,0.51909864
226,0.51909864
227,0.51909864
228,0.51909864
229,0.51909864
230,0.51909864
231,0.51909864
232,0.51909864
233,0.51909864
234,0.51909864
235,0.51909864
236,0.51909864
237,0.51909864
238,0.51909864
239,0.51909864
240,0.51909864
241,0.51909864
242,0.51909864
243,0.51909864
244,0.51909864
245,0.51909864
246,0.51909864
247,0.51909864
248,0.51909864
249,0.51909864
250,0.51909864
251,0.51909864
252,0.51909864
253,0.51909864
254,0.51909864
255,0.51909864
256,0.51909864
257,0.51909864
258,0.51909864
259,0.51909864
260,0.51909864
261,0.51909864
262,0.51909864
263,0.51909864
264,0.51909864
265,0.51909864
266,0.51909864
267,0.51909864
268,0.51909864
269,0.51909864
270,0.51909864
271,0.51909864
272,0.51909864
273,0.51909864
274,0.51909864
275,0.51909864
276,0.51909864
277,0.51909864
278,0.51909864
279,0.51909864
280,0.51909864
281,0.51909864
282,0.51909864
283,0.51909864
284,0.51909864
285,0.51909864
286,0.51909864
287,0.51909864
288,0.51909864
289,0.51909864
290,0.51909864
291,0.51909864
292,0.51909864
293,0.51909864
294,0.51909864
295,0.51909864
296,0.51909864
297,0.51909864
298,0.51909864
299,0.51909864
300,0.51909864
301,0.51909864
302,0.51909864
303,0.51909864
304,0.51909864
305,0.51909864
306,0.51909864
307,0.51909864
308,0.51909864
309,0.51909864
310,0.51909864
311,0.51909864
312,0.51909864
313,0.51909864
314,0.51909864
315,0.51909864
316,0.51909864
317,0.51909864
318,0.51909864
319,0.51909864
320,0.51909864
321,0.51909864
322,0.51909864
323,0.51909864
324,0.51909864
325,0.51909864
326,0.51909864
327,0.51909864
328,0.51909864
329,0.51909864
330,0.51909864
331,0.51909864
332,0.51909864
333,0.51909864
334,0.51909864
335,0.51909864
336,0.51909864
337,0.51909864
338,0.51909864
339,0.51909864
340,0.51909864
341,0.51909864
342,0.51909864
343,0.51909864
344,0.51909864
345,0.51909864
346,0.51909864
347,0.51909864
348,0.51909864
349,0.51909864
350,0.51909864
351,0.51909864
352,0.51909864
353,0.51909864
354,0.51909864
355,0.51909864
356,0.51909864
357,0.51909864
358,0.51909864
359,0.51909864
360,0.51909864
361,0.51909864
362,0.51909864
363,0.51909864
364,0.51909864
365,0.51909864
366,0.51909864
367,0.51909864
368,0.51909864
369,0.51909864
370,0.51909864
371,0.51909864
372,0.51909864
373,0.51909864
374,0.51909864
375,0.51909864
376,0.51909864
377,0.51909864
378,0.51909864
379,0.51909864
380,0.51909864
381,0.51909864
382,0.51909864
383,0.51909864
384,0.51909864
385,0.51909864
386,0.51909864
387,0.51909864
388,0.51909864
389,0.51909864
390,0.51909864
391,0.51909864
392,0.51909864
393,0.51909864
394,0.51909864
395,0.51909864
396,0.51909864
397,0.51909864
398,0.51909864
399,0.51909864
400,0.51909864
401,0.51909864
402,0.51909864
403,0.51909864
404,0.51909864
405,0.51909864
406,0.51909864
407,0.51909864
408,0.51909864
409,0.51909864
410,0.51909864
411,0.51909864
412,0.51909864
413,0.51909864
414,0.51909864
415,0.51909864
416,0.51909864
417,0.51909864
418,0.51909864
419,0.51909864
420,0.51909864
421,0.51909864
422,0.51909864
423,0.51909864
424,0.51909864
425,0.51909864
426,0.51909864
427,0.51909864
428,0.51909864
429,0.51909864
430,0.51909864
431,0.51909864
432,0.51909864
433,0.51909864
434,0.51909864
435,0.51909864
436,0.51909864
437,0.51909864
438,0.51909864
439,0.51909864
440,0.51909864
441,0.51909864
442,0.51909864
443,0.51909864
444,0.51909864
445,0.51909864
446,0.51909864
447,0.51909864
448,0.51909864
449,0.51909864
450,0.51909864
451,0.51909864
452,0.51909864
453,0.51909864
454,0.51909864
455,0.51909864
456,0.51909864
457,0.51909864
458,0.51909864
459,0.51909864
460,0.51909864
461,0.51909864
462,0.51909864
463,0.51909864
464,0.51909864
465,0.51909864
466,0.51909864
467,0.51909864
468,0.51909864
469,0.51909864
470,0.51909864
471,0.51909864
472,0.51909864
473,0.51909864
474,0.51909864
475,0.51909864
476,0.51909864
477,0.51909864
478,0.51909864
479,0.51909864
480,0.51909864
481,0.51909864
482,0.51909864
483,0.51909864
484,0.51909864
485,0.51909864
486,0.51909864
487,0.51909864
488,0.51909864
489,0.51909864
490,0.51909864
491,0.51909864
492,0.51909864
493,0.51909864
494,0.51909864
495,0.51909864
496,0.51909864
497,0.51909864
498,0.51909864
499,0.51909864
500,0.51909864
501,0.51909864
502,0.51909864
503,0.51909864
504,0.51909864
505,0.51909864
506,0.51909864
507,0.51909864
508,0.51909864
509,0.51909864
510,0.51909864
511,0.51909864
512,0.51909864
513,0.51909864
514,0.51909864
515,0.51909864
516,0.51909864
517,0.51909864
518,0.51909864
519,0.51909864
520,0.51909864
521,0.51909864
522,0.51909864
523,0.51909864
524,0.51909864
525,0.51909864
526,0.51909864
527,0.51909864
528,0.51909864
529,0.51909864
530,0.51909864
531,0.51909864
532,0.51909864
533,0.51909864
534,0.51909864
535,0.51909864
536,0.51909864
537,0.51909864
538,0.51909864
539,0.51909864
540,0.51909864
541,0.51909864
542,0.51909864
543,0.51909864
544,0.51909864
545,0.51909864
546,0.51909864
547,0.51909864
548,0.51909864
549,0.51909864
550,0.51909864
551,0.51909864
552,0.51909864
553,0.51909864
554,0.51909864
555,0.51909864
556,0.51909864
557,0.51909864
558,0.51909864
559,0.51909864
560,0.51909864
561,0.51909864
562,0.51909864
563,0.51909864
564,0.51909864
565,0.51909864
566,0.51909864
567,0.51909864
568,0.51909864
569,0.51909864
570,0.51909864
571,0.51909864
572,0.51909864
573,0.51909864
574,0.51909864
575,0.51909864
576,0.51909864
577,0.51909864
578,0.51909864
579,0.51909864
580,0.51909864
581,0.51909864
582,0.51909864
583,0.51909864
584,0.51909864
585,0.51909864
586,0.51909864
587,0.51909864
588,0.51909864
589,0.51909864
590,0.51909864
591,0.51909864
592,0.51909864
593,0.51909864
594,0.51909864
595,0.51909864
596,0.51909864
597,0.51909864
598,0.51909864
599,0.51909864
600,0.51909864
601,0.51909864
602,0.51909864
603,0.51909864
604,0.51909864
605,0.51909864
606,0.51909864
607,0.51909864
608,0.51909864
609,0.51909864
610,0.51909864
611,0.51909864
612,0.51909864
613,0.51909864
614,0.51909864
615,0.51909864
616,0.51909864
617,0.51909864
618,0.51909864
619,0.51909864
620,0.51909864
621,0.51909864
622,0.51909864
623,0.51909864
624,0.51909864
625,0.51909864
626,0.51909864
627,0.51909864
628,0.51909864
629,0.51909864
630,0.51909864
631,0.51909864
632,0.51909864
633,0.51909864
634,0.51909864
635,0.51909864
636,0.51909864
637,0.51909864
638,0.51909864
639,0.51909864
640,0.51909864
641,0.51909864
642,0.51909864
643,0.51909864
644,0.51909864
645,0.51909864
646,0.51909864
647,0.51909864
648,0.51909864
649,0.51909864
650,0.51909864
651,0.51909864
652,0.51909864
653,0.51909864
654,0.51909864
655,0.51909864
656,0.51909864
657,0.51909864
658,0.51909864
659,0.51909864
660,0.51909864
661,0.51909864
662,0.51909864
663,0.51909864
664,0.51909864
665,0.51909864
666,0.51909864
667,0.51909864
668,0.51909864
669,0.51909864
670,0.51909864
671,0.51909864
672,0.51909864
673,0.51909864
674,0.51909864
675,0.51909864
676,0.51909864
677,0.51909864
678,0.51909864
679,0.51909864
680,0.51909864
681,0.51909864
682,0.51909864
683,0.51909864
684,0.51909864
685,0.51909864
686,0.51909864
687,0.51909864
688,0.51909864
689,0.51909864
690,0.51909864
691,0.51909864
692,0.51909864
693,0.51909864
694,0.51909864
695,0.51909864
696,0.51909864
697,0.51909864
698,0.51909864
699,0.51909864
700,0.51909864
701,0.51909864
702,0.51909864
703,0.51909864
704,0.51909864
705,0.51909864
706,0.51909864
707,0.51909864
708,0.51909864
709,0.51909864
710,0.51909864
711,0.51909864
712,0.51909864
713,0.51909864
714,0.51909864
715,0.51909864
716,0.51909864
717,0.51909864
718,0.51909864
719,0.51909864
720,0.51909864
721,0.51909864
722,0.51909864
723,0.51909864
724,0.51909864
725,0.51909864
726,0.51909864
727,0.51909864
728,0.51909864
729,0.51909864
730,0.51909864
731,0.51909864
732,0.51909864
733,0.51909864
734,0.51909864
735,0.51909864
736,0.51909864
737,0.51909864
738,0.51909864
739,0.51909864
740,0.51909864
741,0.51909864
742,0.51909864
743,0.51909864
744,0.51909864
745,0.51909864
746,0.51909864
747,0.51909864
748,0.51909864
749,0.51909864
750,0.51909864
751,0.51909864
752,0.51909864
753,0.51909864
754,0.51909864
755,0.51909864
756,0.51909864
757,0.51909864
758,0.51909864
759,0.51909864
760,0.51909864
761,0.51909864
762,0.51909864
763,0.51909864
764,0.51909864
765,0.51909864
766,0.51909864
767,0.51909864
768,0.51909864
769,0.51909864
770,0.51909864
771,0.51909864
772,0.51909864
773,0.51909864
774,0.51909864
775,0.51909864
776,0.51909864
777,0.51909864
778,0.51909864
779,0.51909864
780,0.51909864
781,0.51909864
782,0.51909864
783,0.51909864
784,0.51909864
785,0.51909864
786,0.51909864
787,0.51909864
788,0.51909864
789,0.51909864
790,0.51909864
791,0.51909864
792,0.51909864
793,0.51909864
794,0.51909864
795,0.51909864
796,0.51909864
797,0.51909864
798,0.51909864
799,0.51909864
800,0.51909864
801,0.51909864
802,0.51909864
803,0.51909864
804,0.51909864
805,0.51909864
806,0.51909864
807,0.51909864
808,0.51909864
809,0.51909864
810,0.51909864
811,0.51909864
812,0.51909864
813,0.51909864
814,0.51909864
815,0.51909864
816,0.51909864
817,0.51909864
818,0.51909864
819,0.51909864
820,0.51909864
821,0.51909864
822,0.51909864
823,0.51909864
824,0.51909864
825,0.51909864
826,0.51909864
827,0.51909864
828,0.51909864
829,0.51909864
830,0.51909864
831,0.51909864
832,0.51909864
833,0.51909864
834,0.51909864
835,0.51909864
836,0.51909864
837,0.51909864
838,0.51909864
839,0.51909864
840,0.51909864
841,0.51909864
842,0.51909864
843,0.51909864
844,0.51909864
845,0.51909864
846,0.51909864
847,0.51909864
848,0.51909864
849,0.51909864
850,0.51909864
851,0.51909864
852,0.51909864
853,0.51909864
854,0.51909864
855,0.51909864
856,0.51909864
857,0.51909864
858,0.51909864
859,0.51909864
860,0.51909864
861,0.51909864
862,0.51909864
863,0.51909864
864,0.51909864
865,0.51909864
866,0.51909864
867,0.51909864
868,0.51909864
869,0.51909864
870,0.51909864
871,0.51909864
872,0.51909864
873,0.51909864
874,0.51909864
875,0.51909864
876,0.51909864
877,0.51909864
878,0.51909864
879,0.51909864
880,0.51909864
881,0.51909864
882,0.51909864
883,0.51909864
884,0.51909864
885,0.51909864
886,0.51909864
887,0.51909864
888,0.51909864
889,0.51909864
890,0.51909864
891,0.51909864
892,0.51909864
893,0.51909864
894,0.51909864
895,0.51909864
896,0.51909864
897,0.51909864
898,0.51909864
899,0.51909864
900,0.51909864
901,0.51909864
902,0.51909864
903,0.51909864
904,0.51909864
905,0.51909864
906,0.51909864
907,0.51909864
908,0.51909864
909,0.51909864
910,0.51909864
911,0.51909864
912,0.51909864
913,0.51909864
914,0.51909864
915,0.51909864
916,0.51909864
917,0.51909864
918,0.51909864
919,0.51909864
920,0.51909864
921,0.51909864
922,0.51909864
923,0.51909864
924,0.51909864
925,0.51909864
926,0.51909864
927,0.51909864
928,0.51909864
929,0.51909864
930,0.51909864
931,0.51909864
932,0.51909864
933,0.51909864
934,0.51909864
935,0.51909864
936,0.51909864
937,0.51909864
938,0.51909864
939,0.51909864
940,0.51909864
941,0.51909864
942,0.51909864
943,0.51909864
944,0.51909864
945,0.51909864
946,0.51909864
947,0.51909864
948,0.51909864
949,0.51909864
950,0.51909864
951,0.51909864
952,0.51909864
953,0.51909864
954,0.51909864
955,0.51909864
956,0.51909864
957,0.51909864
958,0.51909864
959,0.51909864
960,0.51909864
961,0.51909864
962,0.51909864
963,0.51909864
964,0.51909864
965,0.51909864
966,0.51909864
967,0.51909864
968,0.51909864
969,0.51909864
970,0.51909864
971,0.51909864
972,0.51909864
973,0.51909864
974,0.51909864
975,0.51909864
976,0.51909864
977,0.51909864
978,0.51909864
979,0.51909864
980,0.51909864
981,0.51909864
982,0.51909864
983,0.51909864
984,0.51909864
985,0.51909864
986,0.51909864
987,0.51909864
988,0.51909864
989,0.51909864
990,0.51909864
991,0.51909864
992,0.51909864
993,0.51909864
994,0.51909864
995,0.51909864
996,0.51909864
997,0.51909864
998,0.51909864
999,0.51909864
1000,0.51909864
1001,0.51909864
1002,0.51909864
1003,0.51909864
1004,0.51909864
1005,0.51909864
1006,0.51909864
1007,0.51909864
1008,0.51909864
1009,0.51909864
1010,0.51909864
1011,0.51909864
1012,0.51909864
1013,0.51909864
1014,0.51909864
1015,0.51909864
1016,0.51909864
1017,0.51909864
1018,0.51909864
1019,0.51909864
1020,0.51909864
1021,0.51909864
1022,0.51909864
1023,0.51909864
1024,0.51909864
1025,0.51909864
1026,0.51909864
1027,0.51909864
1028,0.51909864
1029,0.51909864
1030,0.51909864
1031,0.51909864
1032,0.51909864
1033,0.51909864
1034,0.51909864
1035,0.51909864
1036,0.51909864
1037,0.51909864
1038,0.51909864
1039,0.51909864
1040,0.51909864
1041,0.51909864
1042,0.51909864
1043,0.51909864
1044,0.51909864
1045,0.51909864
1046,0.51909864
1047,0.51909864
1048,0.51909864
1049,0.51909864
1050,0.51909864
1051,0.51909864
1052,0.51909864
1053,0.51909864
1054,0.51909864
1055,0.51909864
1056,0.51909864
1057,0.51909864
1058,0.51909864
1059,0.51909864
1060,0.51909864
1061,0.51909864
1062,0.51909864
1063,0.51909864
1064,0.51909864
1065,0.51909864
1066,0.51909864
1067,0.51909864
1068,0.51909864
1069,0.51909864
1070,0.51909864
1071,0.51909864
1072,0.51909864
1073,0.51909864
1074,0.51909864
1075,0.51909864
1076,0.51909864
1077,0.51909864
1078,0.51909864
1079,0.51909864
1080,0.51909864
1081,0.51909864
1082,0.51909864
1083,0.51909864
1084,0.51909864
1085,0.51909864
1086,0.51909864
1087,0.51909864
1088,0.51909864
1089,0.51909864
1090,0.51909864
1091,0.51909864
1092,0.51909864
1093,0.51909864
1094,0.51909864
1095,0.51909864
1096,0.51909864
1097,0.51909864
1098,0.51909864
1099,0.51909864
1100,0.51909864
1101,0.51909864
1102,0.51909864
1103,0.51909864
1104,0.51909864
1105,0.51909864
1106,0.51909864
1107,0.51909864
1108,0.51909864
1109,0.51909864
1110,0.51909864
1111,0.51909864
1112,0.51909864
1113,0.51909864
1114,0.51909864
1115,0.51909864
1116,0.51909864
1117,0.51909864
1118,0.51909864
1119,0.51909864
1120,0.51909864
1121,0.51909864
1122,0.51909864
1123,0.51909864
1124,0.51909864
1125,0.51909864
1126,0.51909864
1127,0.51909864
1128,0.51909864
1129,0.51909864
1130,0.51909864
1131,0.51909864
1132,0.51909864
1133,0.51909864
1134,0.51909864
1135,0.51909864
1136,0.51909864
1137,0.51909864
1138,0.51909864
1139,0.51909864
1140,0.51909864
1141,0.51909864
1142,0.51909864
1143,0.51909864
1144,0.51909864
1145,0.51909864
1146,0.51909864
1147,0.51909864
1148,0.51909864
1149,0.51909864
1150,0.51909864
1151,0.51909864
1152,0.51909864
1153,0.51909864
1154,0.51909864
1155,0.51909864
1156,0.51909864
1157,0.51909864
1158,0.51909864
1159,0.51909864
1160,0.51909864
1161,0.51909864
1162,0.51909864
1163,0.51909864
1164,0.51909864
1165,0.51909864
1166,0.51909864
1167,0.51909864
1168,0.51909864
1169,0.51909864
1170,0.51909864
1171,0.51909864
1172,0.51909864
1173,0.51909864
1174,0.51909864
1175,0.51909864
1176,0.51909864
1177,0.51909864
1178,0.51909864
1179,0.51909864
1180,0.51909864
1181,0.51909864
1182,0.51909864
1183,0.51909864
1184,0.51909864
1185,0.51909864
1186,0.51909864
1187,0.51909864
1188,0.51909864
1189,0.51909864
1190,0.51909864
1191,0.51909864
1192,0.51909864
1193,0.51909864
1194,0.51909864
1195,0.51909864
1196,0.51909864
1197,0.51909864
1198,0.51909864
1199,0.51909864
1200,0.51909864
1201,0.51909864
1202,0.51909864
1203,0.51909864
1204,0.51909864
1205,0.51909864
1206,0.51909864
1207,0.51909864
1208,0.51909864
1209,0.51909864
1210,0.51909864
1211,0.51909864
1212,0.51909864
1213,0.51909864
1214,0.51909864
1215,0.51909864
1216,0.51909864
1217,0.51909864
1218,0.51909864
1219,0.51909864
1220,0.51909864
1221,0.51909864
1222,0.51909864
1223,0.51909864
1224,0.51909864
1225,0.51909864
1226,0.51909864
1227,0.51909864
1228,0.51909864
1229,0.51909864
1230,0.51909864
1231,0.51909864
1232,0.51909864
1233,0.51909864
1234,0.51909864
1235,0.51909864
1236,0.51909864
1237,0.51909864
1238,0.51909864
1239,0.51909864
1240,0.51909864
1241,0.51909864
1242,0.51909864
1243,0.51909864
1244,0.51909864
1245,0.51909864
1246,0.51909864
1247,0.51909864
1248,0.51909864
1249,0.51909864
1250,0.51909864
1251,0.51909864
1252,0.51909864
1253,0.51909864
1254,0.51909864
1255,0.51909864
1256,0.51909864
1257,0.51909864
1258,0.51909864
1259,0.51909864
1260,0.51909864
1261,0.51909864
1262,0.51909864
1263,0.51909864
1264,0.51909864
1265,0.51909864
1266,0.51909864
1267,0.51909864
1268,0.51909864
1269,0.51909864
1270,0.51909864
1271,0.51909864
1272,0.51909864
1273,0.51909864
1274,0.51909864
1275,0.51909864
1276,0.51909864
1277,0.51909864
1278,0.51909864
1279,0.51909864
1280,0.51909864
1281,0.51909864
1282,0.51909864
1283,0.51909864
1284,0.51909864
1285,0.51909864
1286,0.51909864
1287,0.51909864
1288,0.51909864
1289,0.51909864
1290,0.51909864
1291,0.51909864
1292,0.51909864
1293,0.51909864
1294,0.51909864
1295,0.51909864
1296,0.51909864
1297,0.51909864
1298,0.51909864
1299,0.51909864
1300,0.51909864
1301,0.51909864
1302,0.51909864
1303,0.51909864
1304,0.51909864
1305,0.51909864
1306,0.51909864
1307,0.51909864
1308,0.51909864
1309,0.51909864
1310,0.51909864
1311,0.51909864
1312,0.51909864
1313,0.51909864
1314,0.51909864
1315,0.51909864
1316,0.51909864
1317,0.51909864
1318,0.51909864
1319,0.51909864
1320,0.51909864
1321,0.51909864
1322,0.51909864
1323,0.51909864
1324,0.51909864
1325,0.51909864
1326,0.51909864
1327,0.51909864
1328,0.51909864
1329,0.51909864
1330,0.51909864
1331,0.51909864
1332,0.51909864
1333,0.51909864
1334,0.51909864
1335,0.51909864
1336,0.51909864
1337,0.51909864
1338,0.51909864
1339,0.51909864
1340,0.51909864
1341,0.51909864
1342,0.51909864
1343,0.51909864
1344,0.51909864
1345,0.51909864
1346,0.51909864
1347,0.51909864
1348,0.51909864
1349,0.51909864
1350,0.51909864
1351,0.51909864
1352,0.51909864
1353,0.51909864
1354,0.51909864
1355,0.51909864
1356,0.51909864
1357,0.51909864
1358,0.51909864
1359,0.51909864
1360,0.51909864
1361,0.51909864
1362,0.51909864
1363,0.51909864
1364,0.51909864
1365,0.51909864
1366,0.51909864
1367,0.51909864
1368,0.51909864
1369,0.51909864
1370,0.51909864
1371,0.51909864
1372,0.51909864
1373,0.51909864
1374,0.51909864
1375,0.51909864
1376,0.51909864
1377,0.51909864
1378,0.51909864
1379,0.51909864
1380,0.51909864
1381,0.51909864
1382,0.51909864
1383,0.51909864
1384,0.51909864
1385,0.51909864
1386,0.51909864
1387,0.51909864
1388,0.51909864
1389,0.51909864
1390,0.51909864
1391,0.51909864
1392,0.51909864
1393,0.51909864
1394,0.51909864
1395,0.51909864
1396,0.51909864
1397,0.51909864
1398,0.51909864
1399,0.51909864
1400,0.51909864
1401,0.51909864
1402,0.51909864
1403,0.51909864
1404,0.51909864
1405,0.51909864
1406,0.51909864
1407,0.51909864
1408,0.51909864
1409,0.51909864
1410,0.51909864
1411,0.51909864
1412,0.51909864
1413,0.51909864
1414,0.51909864
1415,0.51909864
1416,0.51909864
1417,0.51909864
1418,0.51909864
1419,0.51909864
1420,0.51909864
1421,0.51909864
1422,0.51909864
1423,0.51909864
1424,0.51909864
1425,0.51909864
1426,0.51909864
1427,0.51909864
1428,0.51909864
1429,0.51909864
1430,0.51909864
1431,0.51909864
1432,0.51909864
1433,0.51909864
1434,0.51909864
1435,0.51909864
1436,0.51909864
1437,0.51909864
1438,0.51909864
1439,0.51909864
1440,0.51909864
1441,0.51909864
1442,0.51909864
1443,0.51909864
1444,0.51909864
1445,0.51909864
1446,0.51909864
1447,0.51909864
1448,0.51909864
1449,0.51909864
1450,0.51909864
1451,0.51909864
1452,0.51909864
1453,0.51909864
1454,0.51909864
1455,0.51909864
1456,0.51909864
1457,0.51909864
1458,0.51909864
1459,0.51909864
1460,0.51909864
1461,0.51909864
1462,0.51909864
1463,0.51909864
1464,0.51909864
1465,0.51909864
1466,0.51909864
1467,0.51909864
1468,0.51909864
1469,0.51909864
1470,0.51909864
1471,0.51909864
1472,0.51909864
1473,0.51909864
1474,0.51909864
1475,0.51909864
1476,0.51909864
1477,0.51909864
1478,0.51909864
1479,0.51909864
1480,0.51909864
1481,0.51909864
1482,0.51909864
1483,0.51909864
1484,0.51909864
1485,0.51909864
1486,0.51909864
1487,0.51909864
1488,0.51909864
1489,0.51909864
1490,0.51909864
1491,0.51909864
1492,0.51909864
1493,0.51909864
1494,0.51909864
1495,0.51909864
1496,0.51909864
1497,0.51909864
1498,0.51909864
1499,0.51909864
1500,0.51909864
1501,0.51909864
1502,0.51909864
1503,0.51909864
1504,0.51909864
1505,0.51909864
1506,0.51909864
1507,0.51909864
1508,0.51909864
1509,0.51909864
1510,0.51909864
1511,0.51909864
1512,0.51909864
1513,0.51909864
1514,0.51909864
1515,0.51909864
1516,0.51909864
1517,0.51909864
1518,0.51909864
1519,0.51909864
1520,0.51909864
1521,0.51909864
1522,0.51909864
1523,0.51909864
1524,0.51909864
1525,0.51909864
1526,0.51909864
1527,0.51909864
1528,0.51909864
1529,0.51909864
1530,0.51909864
1531,0.51909864
1532,0.51909864
1533,0.51909864
1534,0.51909864
1535,0.51909864
1536,0.51909864
1537,0.51909864
1538,0.51909864
1539,0.51909864
1540,0.51909864
1541,0.51909864
1542,0.51909864
1543,0.51909864
1544,0.51909864
1545,0.51909864
1546,0.51909864
1547,0.51909864
1548,0.51909864
1549,0.51909864
1550,0.51909864
1551,0.51909864
1552,0.51909864
1553,0.51909864
1554,0.51909864
1555,0.51909864
1556,0.51909864
1557,0.51909864
1558,0.51909864
1559,0.51909864
1560,0.51909864
1561,0.51909864
1562,0.51909864
1563,0.51909864
1564,0.51909864
1565,0.51909864
1566,0.51909864
1567,0.51909864
1568,0.51909864
1569,0.51909864
1570,0.51909864
1571,0.51909864
1572,0.51909864
1573,0.51909864
1574,0.51909864
1575,0.51909864
1576,0.51909864
1577,0.51909864
1578,0.51909864
1579,0.51909864
1580,0.51909864
1581,0.51909864
1582,0.51909864
1583,0.51909864
1584,0.51909864
1585,0.51909864
1586,0.51909864
1587,0.51909864
1588,0.51909864
1589,0.51909864
1590,0.51909864
1591,0.51909864
1592,0.51909864
1593,0.51909864
1594,0.51909864
1595,0.51909864
1596,0.51909864
1597,0.51909864
1598,0.51909864
1599,0.51909864
1600,0.51909864
1601,0.51909864
1602,0.51909864
1603,0.51909864
1604,0.51909864
1605,0.51909864
1606,0.51909864
1607,0.51909864
1608,0.51909864
1609,0.51909864
1610,0.51909864
1611,0.51909864
1612,0.51909864
1613,0.51909864
1614,0.51909864
1615,0.51909864
1616,0.51909864
1617,0.51909864
1618,0.51909864
1619,0.51909864
1620,0.51909864
1621,0.51909864
1622,0.51909864
1623,0.51909864
1624,0.51909864
1625,0.51909864
1626,0.51909864
1627,0.51909864
1628,0.51909864
1629,0.51909864
1630,0.51909864
1631,0.51909864
1632,0.51909864
1633,0.51909864
1634,0.51909864
1635,0.51909864
1636,0.51909864
1637,0.51909864
1638,0.51909864
1639,0.51909864
1640,0.51909864
1641,0.51909864
1642,0.51909864
1643,0.51909864
1644,0.51909864
1645,0.51909864
1646,0.51909864
1647,0.51909864
1648,0.51909864
1649,0.51909864
1650,0.51909864
1651,0.51909864
1652,0.51909864
1653,0.51909864
1654,0.51909864
1655,0.51909864
1656,0.51909864
1657,0.51909864
1658,0.51909864
1659,0.51909864
1660,0.51909864
1661,0.51909864
1662,0.51909864
1663,0.51909864
1664,0.51909864
1665,0.51909864
1666,0.51909864
1667,0.51909864
1668,0.51909864
1669,0.51909864
1670,0.51909864
1671,0.51909864
1672,0.51909864
1673,0.51909864
1674,0.51909864
1675,0.51909864
1676,0.51909864
1677,0.51909864
1678,0.51909864
1679,0.51909864
1680,0.51909864
1681,0.51909864
1682,0.51909864
1683,0.51909864
1684,0.51909864
1685,0.51909864
1686,0.51909864
1687,0.51909864
1688,0.51909864
1689,0.51909864
1690,0.51909864
1691,0.51909864
1692,0.51909864
1693,0.51909864
1694,0.51909864
1695,0.51909864
1696,0.51909864
1697,0.51909864
1698,0.51909864
1699,0.51909864
1700,0.51909864
1701,0.51909864
1702,0.51909864
1703,0.51909864
1704,0.51909864
1705,0.51909864
1706,0.51909864
1707,0.51909864
1708,0.51909864
1709,0.51909864
1710,0.51909864
1711,0.51909864
1712,0.51909864
1713,0.51909864
1714,0.51909864
1715,0.51909864
1716,0.51909864
1717,0.51909864
1718,0.51909864
1719,0.51909864
1720,0.51909864
1721,0.51909864
1722,0.51909864
1723,0.51909864
1724,0.51909864
1725,0.51909864
1726,0.51909864
1727,0.51909864
1728,0.51909864
1729,0.51909864
1730,0.51909864
1731,0.51909864
1732,0.51909864
1733,0.51909864
1734,0.51909864
1735,0.51909864
1736,0.51909864
1737,0.51909864
1738,0.51909864
1739,0.51909864
1740,0.51909864
1741,0.51909864
1742,0.51909864
1743,0.51909864
1744,0.51909864
1745,0.51909864
1746,0.51909864
1747,0.51909864
1748,0.51909864
1749,0.51909864
1750,0.51909864
1751,0.51909864
1752,0.51909864
1753,0.51909864
1754,0.51909864
1755,0.51909864
1756,0.51909864
1757,0.51909864
1758,0.51909864
1759,0.51909864
1760,0.51909864
1761,0.51909864
1762,0.51909864
1763,0.51909864
1764,0.51909864
1765,0.51909864
1766,0.51909864
1767,0.51909864
1768,0.51909864
1769,0.51909864
1770,0.51909864
1771,0.51909864
1772,0.51909864
1773,0.51909864
1774,0.51909864
1775,0.51909864
1776,0.51909864
1777,0.51909864
1778,0.51909864
1779,0.51909864
1780,0.51909864
1781,0.51909864
1782,0.51909864
1783,0.51909864
1784,0.51909864
1785,0.51909864
1786,0.51909864
1787,0.51909864
1788,0.51909864
1789,0.51909864
1790,0.51909864
1791,0.51909864
1792,0.51909864
1793,0.51909864
1794,0.51909864
1795,0.51909864
1796,0.51909864
1797,0.51909864
1798,0.51909864
1799,0.51909864
1800,0.51909864
1801,0.51909864
1802,0.51909864
1803,0.51909864
1804,0.51909864
1805,0.51909864
1806,0.51909864
1807,0.51909864
1808,0.51909864
1809,0.51909864
1810,0.51909864
1811,0.51909864
1812,0.51909864
1813,0.51909864
1814,0.51909864
1815,0.51909864
1816,0.51909864
1817,0.51909864
1818,0.51909864
1819,0.51909864
1820,0.51909864
1821,0.51909864
1822,0.51909864
1823,0.51909864
1824,0.51909864
1825,0.51909864
1826,0.51909864
1827,0.51909864
1828,0.51909864
1829,0.51909864
1830,0.51909864
1831,0.51909864
1832,0.51909864
1833,0.51909864
1834,0.51909864
1835,0.51909864
1836,0.51909864
1837,0.51909864
1838,0.51909864
1839,0.51909864
1840,0.51909864
1841,0.51909864
1842,0.51909864
1843,0.51909864
1844,0.51909864
1845,0.51909864
1846,0.51909864
1847,0.51909864
1848,0.51909864
1849,0.51909864
1850,0.51909864
1851,0.51909864
1852,0.51909864
1853,0.51909864
1854,0.51909864
1855,0.51909864
1856,0.51909864
1857,0.51909864
1858,0.51909864
1859,0.51909864
1860,0.51909864
1861,0.51909864
1862,0.51909864
1863,0.51909864
1864,0.51909864
1865,0.51909864
1866,0.51909864
1867,0.51909864
1868,0.51909864
1869,0.51909864
1870,0.51909864
1871,0.51909864
1872,0.51909864
1873,0.51909864
1874,0.51909864
1875,0.51909864
1876,0.51909864
1877,0.51909864
1878,0.51909864
1879,0.51909864
1880,0.51909864
1881,0.51909864
1882,0.51909864
1883,0.51909864
1884,0.51909864
1885,0.51909864
1886,0.51909864
1887,0.51909864
1888,0.51909864
1889,0.51909864
1890,0.51909864
1891,0.51909864
1892,0.51909864
1893,0.51909864
1894,0.51909864
1895,0.51909864
1896,0.51909864
1897,0.51909864
1898,0.51909864
1899,0.51909864
1900,0.51909864
1901,0.51909864
1902,0.51909864
1903,0.51909864
1904,0.51909864
1905,0.51909864
1906,0.51909864
1907,0.51909864
1908,0.51909864
1909,0.51909864
1910,0.51909864
1911,0.51909864
1912,0.51909864
1913,0.51909864
1914,0.51909864
1915,0.51909864
1916,0.51909864
1917,0.51909864
1918,0.51909864
1919,0.51909864
1920,0.51909864
1921,0.51909864
1922,0.51909864
1923,0.51909864
1924,0.51909864
1925,0.51909864
1926,0.51909864
1927,0.51909864
1928,0.51909864
1929,0.51909864
1930,0.51909864
1931,0.51909864
1932,0.51909864
1933,0.51909864
1934,0.51909864
1935,0.51909864
1936,0.51909864
1937,0.51909864
1938,0.51909864
1939,0.51909864
1940,0.51909864
1941,0.51909864
1942,0.51909864
1943,0.51909864
1944,0.51909864
1945,0.51909864
1946,0.51909864
1947,0.51909864
1948,0.51909864
1949,0.51909864
1950,0.51909864
1951,0.51909864
1952,0.51909864
1953,0.51909864
1954,0.51909864
1955,0.51909864
1956,0.51909864
1957,0.51909864
1958,0.51909864
1959,0.51909864
1960,0.51909864
1961,0.51909864
1962,0.51909864
1963,0.51909864
1964,0.51909864
1965,0.51909864
1966,0.51909864
1967,0.51909864
1968,0.51909864
1969,0.51909864
1970,0.51909864
1971,0.51909864
1972,0.51909864
1973,0.51909864
1974,0.51909864
1975,0.51909864
1976,0.51909864
1977,0.51909864
1978,0.51909864
1979,0.51909864
1980,0.51909864
1981,0.51909864
1982,0.51909864
1983,0.51909864
1984,0.51909864
1985,0.51909864
1986,0.51909864
1987,0.51909864
1988,0.51909864
1989,0.51909864
1990,0.51909864
1991,0.51909864
1992,0.51909864
1993,0.51909864
1994,0.51909864
1995,0.51909864
1996,0.51909864
1997,0.51909864
1998,0.51909864
1999,0.51909864
2000,0.51909864
2001,0.51909864
2002,0.51909864
2003,0.51909864
2004,0.51909864
2005,0.51909864
2006,0.51909864
2007,0.51909864
2008,0.51909864
2009,0.51909864
2010,0.51909864
2011,0.51909864
2012,0.51909864
2013,0.51909864
2014,0.51909864
2015,0.51909864
2016,0.51909864
2017,0.51909864
2018,0.51909864
2019,0.51909864
2020,0.51909864
2021,0.51909864
2022,0.51909864
2023,0.51909864
2024,0.51909864
2025,0.51909864
2026,0.51909864
2027,0.51909864
2028,0.51909864
2029,0.51909864
2030,0.51909864
2031,0.51909864
2032,0.51909864
2033,0.51909864
2034,0.51909864
2035,0.51909864
2036,0.51909864
2037,0.51909864
2038,0.51909864
2039,0.51909864
2040,0.51909864
2041,0.51909864
2042,0.51909864
2043,0.51909864
2044,0.51909864
2045,0.51909864
2046,0.51909864
2047,0.51909864
2048,0.51909864
2049,0.51909864
2050,0.51909864
2051,0.51909864
2052,0.51909864
2053,0.51909864
2054,0.51909864
2055,0.51909864
2056,0.51909864
2057,0.51909864
2058,0.51909864
2059,0.51909864
2060,0.51909864
2061,0.51909864
2062,0.51909864
2063,0.51909864
2064,0.51909864
2065,0.51909864
2066,0.51909864
2067,0.51909864
2068,0.51909864
2069,0.51909864
2070,0.51909864
2071,0.51909864
2072,0.51909864
2073,0.51909864
2074,0.51909864
2075,0.51909864
2076,0.51909864
2077,0.51909864
2078,0.51909864
2079,0.51909864
2080,0.51909864
2081,0.51909864
2082,0.51909864
2083,0.51909864
2084,0.51909864
2085,0.51909864
2086,0.51909864
2087,0.51909864
2088,0.51909864
2089,0.51909864
2090,0.51909864
2091,0.51909864
2092,0.51909864
2093,0.51909864
2094,0.51909864
2095,0.51909864
2096,0.51909864
2097,0.51909864
2098,0.51909864
2099,0.51909864
2100,0.51909864
2101,0.51909864
2102,0.51909864
2103,0.51909864
2104,0.51909864
2105,0.51909864
2106,0.51909864
2107,0.51909864
2108,0.51909864
2109,0.51909864
2110,0.51909864
2111,0.51909864
2112,0.51909864
2113,0.51909864
2114,0.51909864
2115,0.51909864
2116,0.51909864
2117,0.51909864
2118,0.51909864
2119,0.51909864
2120,0.51909864
2121,0.51909864
2122,0.51909864
2123,0.51909864
2124,0.51909864
2125,0.51909864
2126,0.51909864
2127,0.51909864
2128,0.51909864
2129,0.51909864
2130,0.51909864
2131,0.51909864
2132,0.51909864
2133,0.51909864
2134,0.51909864
2135,0.51909864
2136,0.51909864
2137,0.51909864
2138,0.51909864
2139,0.51909864
2140,0.51909864
2141,0.51909864
2142,0.51909864
2143,0.51909864
2144,0.51909864
2145,0.51909864
2146,0.51909864
2147,0.51909864
2148,0.51909864
2149,0.51909864
2150,0.51909864
2151,0.51909864
2152,0.51909864
2153,0.51909864
2154,0.51909864
2155,0.51909864
2156,0.51909864
2157,0.51909864
2158,0.51909864
2159,0.51909864
2160,0.51909864
2161,0.51909864
2162,0.51909864
2163,0.51909864
2164,0.51909864
2165,0.51909864
2166,0.51909864
2167,0.51909864
2168,0.51909864
2169,0.51909864
2170,0.51909864
2171,0.51909864
2172,0.51909864
2173,0.51909864
2174,0.51909864
2175,0.51909864
2176,0.51909864
2177,0.51909864
2178,0.51909864
2179,0.51909864
2180,0.51909864
2181,0.51909864
2182,0.51909864
2183,0.51909864
2184,0.51909864
2185,0.51909864
2186,0.51909864
2187,0.51909864
2188,0.51909864
2189,0.51909864
2190,0.51909864
2191,0.51909864
2192,0.51909864
2193,0.51909864
2194,0.51909864
2195,0.51909864
2196,0.51909864
2197,0.51909864
2198,0.51909864
2199,0.51909864
2200,0.51909864
2201,0.51909864
2202,0.51909864
2203,0.51909864
2204,0.51909864
2205,0.51909864
2206,0.51909864
2207,0.51909864
2208,0.51909864
2209,0.51909864
2210,0.51909864
2211,0.51909864
2212,0.51909864
2213,0.51909864
2214,0.51909864
2215,0.51909864
2216,0.51909864
2217,0.51909864
2218,0.51909864
2219,0.51909864
2220,0.51909864
2221,0.51909864
2222,0.51909864
2223,0.51909864
2224,0.51909864
2225,0.51909864
2226,0.51909864
2227,0.51909864
2228,0.51909864
2229,0.51909864
2230,0.51909864
2231,0.51909864
2232,0.51909864
2233,0.51909864
2234,0.51909864
2235,0.51909864
2236,0.51909864
2237,0.51909864
2238,0.51909864
2239,0.51909864
2240,0.51909864
2241,0.51909864
2242,0.51909864
2243,0.51909864
2244,0.51909864
2245,0.51909864
2246,0.51909864
2247,0.51909864
2248,0.51909864
2249,0.51909864
2250,0.51909864
2251,0.51909864
2252,0.51909864
2253,0.51909864
2254,0.51909864
2255,0.51909864
2256,0.51909864
2257,0.51909864
2258,0.51909864
2259,0.51909864
2260,0.51909864
2261,0.51909864
2262,0.51909864
2263,0.51909864
2264,0.51909864
2265,0.51909864
2266,0.51909864
2267,0.51909864
2268,0.51909864
2269,0.51909864
2270,0.51909864
2271,0.51909864
2272,0.51909864
2273,0.51909864
2274,0.51909864
2275,0.51909864
2276,0.51909864
2277,0.51909864
2278,0.51909864
2279,0.51909864
2280,0.51909864
2281,0.51909864
2282,0.51909864
2283,0.51909864
2284,0.51909864
2285,0.51909864
2286,0.51909864
2287,0.51909864
2288,0.51909864
2289,0.51909864
2290,0.51909864
2291,0.51909864
2292,0.51909864
2293,0.51909864
2294,0.51909864
2295,0.51909864
2296,0.51909864
2297,0.51909864
2298,0.51909864
2299,0.51909864
2300,0.51909864
2301,0.51909864
2302,0.51909864
2303,0.51909864
2304,0.51909864
2305,0.51909864
2306,0.51909864
2307,0.51909864
2308,0.51909864
2309,0.51909864
2310,0.51909864
2311,0.51909864
2312,0.51909864
2313,0.51909864
2314,0.51909864
2315,0.51909864
2316,0.51909864
2317,0.51909864
2318,0.51909864
2319,0.51909864
2320,0.51909864
2321,0.51909864
2322,0.51909864
2323,0.51909864
2324,0.51909864
2325,0.51909864
2326,0.51909864
2327,0.51909864
2328,0.51909864
2329,0.51909864
2330,0.51909864
2331,0.51909864
2332,0.51909864
2333,0.51909864
2334,0.51909864
2335,0.51909864
2336,0.51909864
2337,0.51909864
2338,0.51909864
2339,0.51909864
2340,0.51909864
2341,0.51909864
2342,0.51909864
2343,0.51909864
2344,0.51909864
2345,0.51909864
2346,0.51909864
2347,0.51909864
2348,0.51909864
2349,0.51909864
2350,0.51909864
2351,0.51909864
2352,0.51909864
2353,0.51909864
2354,0.51909864
2355,0.51909864
2356,0.51909864
2357,0.51909864
2358,0.51909864
2359,0.51909864
2360,0.51909864
2361,0.51909864
2362,0.51909864
2363,0.51909864
2364,0.51909864
2365,0.51909864
2366,0.51909864
2367,0.51909864
2368,0.51909864
2369,0.51909864
2370,0.51909864
2371,0.51909864
2372,0.51909864
2373,0.51909864
2374,0.51909864
2375,0.51909864
2376,0.51909864
2377,0.51909864
2378,0.51909864
2379,0.51909864
2380,0.51909864
2381,0.51909864
2382,0.51909864
2383,0.51909864
2384,0.51909864
2385,0.51909864
2386,0.51909864
2387,0.51909864
2388,0.51909864
2389,0.51909864
2390,0.51909864
2391,0.51909864
2392,0.51909864
2393,0.51909864
2394,0.51909864
2395,0.51909864
2396,0.51909864
2397,0.51909864
2398,0.51909864
2399,0.51909864
2400,0.51909864
2401,0.51909864
2402,0.51909864
2403,0.51909864
2404,0.51909864
2405,0.51909864
2406,0.51909864
2407,0.51909864
2408,0.51909864
2409,0.51909864
2410,0.51909864
2411,0.51909864
2412,0.51909864
2413,0.51909864
2414,0.51909864
2415,0.51909864
2416,0.51909864
2417,0.51909864
2418,0.51909864
2419,0.51909864
2420,0.51909864
2421,0.51909864
2422,0.51909864
2423,0.51909864
2424,0.51909864
2425,0.51909864
2426,0.51909864
2427,0.51909864
2428,0.51909864
2429,0.51909864
2430,0.51909864
2431,0.51909864
2432,0.51909864
2433,0.51909864
2434,0.51909864
2435,0.51909864
2436,0.51909864
2437,0.51909864
2438,0.51909864
2439,0.51909864
2440,0.51909864
2441,0.51909864
2442,0.51909864
2443,0.51909864
2444,0.51909864
2445,0.51909864
2446,0.51909864
2447,0.51909864
2448,0.51909864
2449,0.51909864
2450,0.51909864
2451,0.51909864
2452,0.51909864
2453,0.51909864
2454,0.51909864
2455,0.51909864
2456,0.51909864
2457,0.51909864
2458,0.51909864
2459,0.51909864
2460,0.51909864
2461,0.51909864
2462,0.51909864
2463,0.51909864
2464,0.51909864
2465,0.51909864
2466,0.51909864
2467,0.51909864
2468,0.51909864
2469,0.51909864
2470,0.51909864
2471,0.51909864
2472,0.51909864
2473,0.51909864
2474,0.51909864
2475,0.51909864
2476,0.51909864
2477,0.51909864
2478,0.51909864
2479,0.51909864
2480,0.51909864
2481,0.51909864
2482,0.51909864
2483,0.51909864
2484,0.51909864
2485,0.51909864
2486,0.51909864
2487,0.51909864
2488,0.51909864
2489,0.51909864
2490,0.51909864
2491,0.51909864
2492,0.51909864
2493,0.51909864
2494,0.51909864
2495,0.51909864
2496,0.51909864
2497,0.51909864
2498,0.51909864
2499,0.51909864
2500,0.51909864
2501,0.51909864
2502,0.51909864
2503,0.51909864
2504,0.51909864
2505,0.51909864
2506,0.51909864
2507,0.51909864
2508,0.51909864
2509,0.51909864
2510,0.51909864
2511,0.51909864
2512,0.51909864
2513,0.51909864
2514,0.51909864
2515,0.51909864
2516,0.51909864
2517,0.51909864
2518,0.51909864
2519,0.51909864
2520,0.51909864
2521,0.51909864
2522,0.51909864
2523,0.51909864
2524,0.51909864
2525,0.51909864
2526,0.51909864
2527,0.51909864
2528,0.51909864
2529,0.51909864
2530,0.51909864
2531,0.51909864
2532,0.51909864
2533,0.51909864
2534,0.51909864
2535,0.51909864
2536,0.51909864
2537,0.51909864
2538,0.51909864
2539,0.51909864
2540,0.51909864
2541,0.51909864
2542,0.51909864
2543,0.51909864
2544,0.51909864
2545,0.51909864
2546,0.51909864
2547,0.51909864
2548,0.51909864
2549,0.51909864
2550,0.51909864
2551,0.51909864
2552,0.51909864
2553,0.51909864
2554,0.51909864
2555,0.51909864
2556,0.51909864
2557,0.51909864
2558,0.51909864
2559,0.51909864
2560,0.51909864
2561,0.51909864
2562,0.51909864
2563,0.51909864
2564,0.51909864
2565,0.51909864
2566,0.51909864
2567,0.51909864
2568,0.51909864
2569,0.51909864
2570,0.51909864
2571,0.51909864
2572,0.51909864
2573,0.51909864
2574,0.51909864
2575,0.51909864
2576,0.51909864
2577,0.51909864
2578,0.51909864
2579,0.51909864
2580,0.51909864
2581,0.51909864
2582,0.51909864
2583,0.51909864
2584,0.51909864
2585,0.51909864
2586,0.51909864
2587,0.51909864
2588,0.51909864
2589,0.51909864
2590,0.51909864
2591,0.51909864
2592,0.51909864
2593,0.51909864
2594,0.51909864
2595,0.51909864
2596,0.51909864
2597,0.51909864
2598,0.51909864
2599,0.51909864
2600,0.51909864
2601,0.51909864
2602,0.51909864
2603,0.51909864
2604,0.51909864
2605,0.51909864
2606,0.51909864
2607,0.51909864
2608,0.51909864
2609,0.51909864
2610,0.51909864
2611,0.51909864
2612,0.51909864
2613,0.51909864
2614,0.51909864
2615,0.51909864
2616,0.51909864
2617,0.51909864
2618,0.51909864
2619,0.51909864
2620,0.51909864
2621,0.51909864
2622,0.51909864
2623,0.51909864
2624,0.51909864
2625,0.51909864
2626,0.51909864
2627,0.51909864
2628,0.51909864
2629,0.51909864
2630,0.51909864
2631,0.51909864
2632,0.51909864
2633,0.51909864
2634,0.51909864
2635,0.51909864
2636,0.51909864
2637,0.51909864
2638,0.51909864
2639,0.51909864
2640,0.51909864
2641,0.51909864
2642,0.51909864
2643,0.51909864
2644,0.51909864
2645,0.51909864
2646,0.51909864
2647,0.51909864
2648,0.51909864
2649,0.51909864
2650,0.51909864
2651,0.51909864
2652,0.51909864
2653,0.51909864
2654,0.51909864
2655,0.51909864
2656,0.51909864
2657,0.51909864
2658,0.51909864
2659,0.51909864
2660,0.51909864
2661,0.51909864
2662,0.51909864
2663,0.51909864
2664,0.51909864
2665,0.51909864
2666,0.51909864
2667,0.51909864
2668,0.51909864
2669,0.51909864
2670,0.51909864
2671,0.51909864
2672,0.51909864
2673,0.51909864
2674,0.51909864
2675,0.51909864
2676,0.51909864
2677,0.51909864
2678,0.51909864
2679,0.51909864
2680,0.51909864
2681,0.51909864
2682,0.51909864
2683,0.51909864
2684,0.51909864
2685,0.51909864
2686,0.51909864
2687,0.51909864
2688,0.51909864
2689,0.51909864
2690,0.51909864
2691,0.51909864
2692,0.51909864
2693,0.51909864
2694,0.51909864
2695,0.51909864
2696,0.51909864
2697,0.51909864
2698,0.51909864
2699,0.51909864
2700,0.51909864
2701,0.51909864
2702,0.51909864
2703,0.51909864
2704,0.51909864
2705,0.51909864
2706,0.51909864
2707,0.51909864
2708,0.51909864
2709,0.51909864
2710,0.51909864
2711,0.51909864
2712,0.51909864
2713,0.51909864
2714,0.51909864
2715,0.51909864
2716,0.51909864
2717,0.51909864
2718,0.51909864
2719,0.51909864
2720,0.51909864
2721,0.51909864
2722,0.51909864
2723,0.51909864
2724,0.51909864
2725,0.51909864
2726,0.51909864
2727,0.51909864
2728,0.51909864
2729,0.51909864
2730,0.51909864
2731,0.51909864
2732,0.51909864
2733,0.51909864
2734,0.51909864
2735,0.51909864
2736,0.51909864
2737,0.51909864
2738,0.51909864
2739,0.51909864
2740,0.51909864
2741,0.51909864
2742,0.51909864
2743,0.51909864
2744,0.51909864
2745,0.51909864
2746,0.51909864
2747,0.51909864
2748,0.51909864
2749,0.51909864
2750,0.51909864
2751,0.51909864
2752,0.51909864
2753,0.51909864
2754,0.51909864
2755,0.51909864
2756,0.51909864
2757,0.51909864
2758,0.51909864
2759,0.51909864
2760,0.51909864
2761,0.51909864
2762,0.51909864
2763,0.51909864
2764,0.51909864
2765,0.51909864
2766,0.51909864
2767,0.51909864
2768,0.51909864
2769,0.51909864
2770,0.51909864
2771,0.51909864
2772,0.51909864
2773,0.51909864
2774,0.51909864
2775,0.51909864
2776,0.51909864
2777,0.51909864
2778,0.51909864
2779,0.51909864
2780,0.51909864
2781,0.51909864
2782,0.51909864
2783,0.51909864
2784,0.51909864
2785,0.51909864
2786,0.51909864
2787,0.51909864
2788,0.51909864
2789,0.51909864
2790,0.51909864
2791,0.51909864
2792,0.51909864
2793,0.51909864
2794,0.51909864
2795,0.51909864
2796,0.51909864
2797,0.51909864
2798,0.51909864
2799,0.51909864
2800,0.51909864
2801,0.51909864
2802,0.51909864
2803,0.51909864
2804,0.51909864
2805,0.51909864
2806,0.51909864
2807,0.51909864
2808,0.51909864
2809,0.51909864
2810,0.51909864
2811,0.51909864
2812,0.51909864
2813,0.51909864
2814,0.51909864
2815,0.51909864
2816,0.51909864
2817,0.51909864
2818,0.51909864
2819,0.51909864
2820,0.51909864
2821,0.51909864
2822,0.51909864
2823,0.51909864
2824,0.51909864
2825,0.51909864
2826,0.51909864
2827,0.51909864
2828,0.51909864
2829,0.51909864
2830,0.51909864
2831,0.51909864
2832,0.51909864
2833,0.51909864
2834,0.51909864
2835,0.51909864
2836,0.51909864
2837,0.51909864
2838,0.51909864
2839,0.51909864
2840,0.51909864
2841,0.51909864
2842,0.51909864
2843,0.51909864
2844,0.51909864
2845,0.51909864
2846,0.51909864
2847,0.51909864
2848,0.51909864
2849,0.51909864
2850,0.51909864
2851,0.51909864
2852,0.51909864
2853,0.51909864
2854,0.51909864
2855,0.51909864
2856,0.51909864
2857,0.51909864
2858,0.51909864
2859,0.51909864
2860,0.51909864
2861,0.51909864
2862,0.51909864
2863,0.51909864
2864,0.51909864
2865,0.51909864
2866,0.51909864
2867,0.51909864
2868,0.51909864
2869,0.51909864
2870,0.51909864
2871,0.51909864
2872,0.51909864
2873,0.51909864
2874,0.51909864
2875,0.51909864
2876,0.51909864
2877,0.51909864
2878,0.51909864
2879,0.51909864
2880,0.51909864
2881,0.51909864
2882,0.51909864
2883,0.51909864
2884,0.51909864
2885,0.51909864
2886,0.51909864
2887,0.51909864
2888,0.51909864
2889,0.51909864
2890,0.51909864
2891,0.51909864
2892,0.51909864
2893,0.51909864
2894,0.51909864
2895,0.51909864
2896,0.51909864
2897,0.51909864
2898,0.51909864
2899,0.51909864
2900,0.51909864
2901,0.51909864
2902,0.51909864
2903,0.51909864
2904,0.51909864
2905,0.51909864
2906,0.51909864
2907,0.51909864
2908,0.51909864
2909,0.51909864
2910,0.51909864
2911,0.51909864
2912,0.51909864
2913,0.51909864
2914,0.51909864
2915,0.51909864
2916,0.51909864
2917,0.51909864
2918,0.51909864
2919,0.51909864
2920,0.51909864
2921,0.51909864
2922,0.51909864
2923,0.51909864
2924,0.51909864
2925,0.51909864
2926,0.51909864
2927,0.51909864
2928,0.51909864
2929,0.51909864
2930,0.51909864
2931,0.51909864
2932,0.51909864
2933,0.51909864
2934,0.51909864
2935,0.51909864
2936,0.51909864
2937,0.51909864
2938,0.51909864
2939,0.51909864
2940,0.51909864
2941,0.51909864
2942,0.51909864
2943,0.51909864
2944,0.51909864
2945,0.51909864
2946,0.51909864
2947,0.51909864
2948,0.51909864
2949,0.51909864
2950,0.51909864
2951,0.51909864
2952,0.51909864
2953,0.51909864
2954,0.51909864
2955,0.51909864
2956,0.51909864
2957,0.51909864
2958,0.51909864
2959,0.51909864
2960,0.51909864
2961,0.51909864
2962,0.51909864
2963,0.51909864
2964,0.51909864
2965,0.51909864
2966,0.51909864
2967,0.51909864
2968,0.51909864
2969,0.51909864
2970,0.51909864
2971,0.51909864
2972,0.51909864
2973,0.51909864
2974,0.51909864
2975,0.51909864
2976,0.51909864
2977,0.51909864
2978,0.51909864
2979,0.51909864
2980,0.51909864
2981,0.51909864
2982,0.51909864
2983,0.51909864
2984,0.51909864
2985,0.51909864
2986,0.51909864
2987,0.51909864
2988,0.51909864
2989,0.51909864
2990,0.51909864
2991,0.51909864
2992,0.51909864
2993,0.51909864
2994,0.51909864
2995,0.51909864
2996,0.51909864
2997,0.51909864
2998,0.51909864
2999,0.51909864
3000,0.51909864
3001,0.51909864
3002,0.51909864
3003,0.51909864
3004,0.51909864
3005,0.51909864
3006,0.51909864
3007,0.51909864
3008,0.51909864
3009,0.51909864
3010,0.51909864
3011,0.51909864
3012,0.51909864
3013,0.51909864
3014,0.51909864
3015,0.51909864
3016,0.51909864
3017,0.51909864
3018,0.51909864
3019,0.51909864
3020,0.51909864
3021,0.51909864
3022,0.51909864
3023,0.51909864
3024,0.51909864
3025,0.51909864
3026,0.51909864
3027,0.51909864
3028,0.51909864
3029,0.51909864
3030,0.51909864
3031,0.51909864
3032,0.51909864
3033,0.51909864
3034,0.51909864
3035,0.51909864
3036,0.51909864
3037,0.51909864
3038,0.51909864
3039,0.51909864
3040,0.51909864
3041,0.51909864
3042,0.51909864
3043,0.51909864
3044,0.51909864
3045,0.51909864
3046,0.51909864
3047,0.51909864
3048,0.51909864
3049,0.51909864
3050,0.51909864
3051,0.51909864
3052,0.51909864
3053,0.51909864
3054,0.51909864
3055,0.51909864
3056,0.51909864
3057,0.51909864
3058,0.51909864
3059,0.51909864
3060,0.51909864
3061,0.51909864
3062,0.51909864
3063,0.51909864
3064,0.51909864
3065,0.51909864
3066,0.51909864
3067,0.51909864
3068,0.51909864
3069,0.51909864
3070,0.51909864
3071,0.51909864
3072,0.51909864
3073,0.51909864
3074,0.51909864
3075,0.51909864
3076,0.51909864
3077,0.51909864
3078,0.51909864
3079,0.51909864
3080,0.51909864
3081,0.51909864
3082,0.51909864
3083,0.51909864
3084,0.51909864
3085,0.51909864
3086,0.51909864
3087,0.51909864
3088,0.51909864
3089,0.51909864
3090,0.51909864
3091,0.51909864
3092,0.51909864
3093,0.51909864
3094,0.51909864
3095,0.51909864
3096,0.51909864
3097,0.51909864
3098,0.51909864
3099,0.51909864
3100,0.51909864
3101,0.51909864
3102,0.51909864
3103,0.51909864
3104,0.51909864
3105,0.51909864
3106,0.51909864
3107,0.51909864
3108,0.51909864
3109,0.51909864
3110,0.51909864
3111,0.51909864
3112,0.51909864
3113,0.51909864
3114,0.51909864
3115,0.51909864
3116,0.51909864
3117,0.51909864
3118,0.51909864
3119,0.51909864
3120,0.51909864
3121,0.51909864
3122,0.51909864
3123,0.51909864
3124,0.51909864
3125,0.51909864
3126,0.51909864
3127,0.51909864
3128,0.51909864
3129,0.51909864
3130,0.51909864
3131,0.51909864
3132,0.51909864
3133,0.51909864
3134,0.51909864
3135,0.51909864
3136,0.51909864
3137,0.51909864
3138,0.51909864
3139,0.51909864
3140,0.51909864
3141,0.51909864
3142,0.51909864
3143,0.51909864
3144,0.51909864
3145,0.51909864
3146,0.51909864
3147,0.51909864
3148,0.51909864
3149,0.51909864
3150,0.51909864
3151,0.51909864
3152,0.51909864
3153,0.51909864
3154,0.51909864
3155,0.51909864
3156,0.51909864
3157,0.51909864
3158,0.51909864
3159,0.51909864
3160,0.51909864
3161,0.51909864
3162,0.51909864
3163,0.51909864
3164,0.51909864
3165,0.51909864
3166,0.51909864
3167,0.51909864
3168,0.51909864
3169,0.51909864
3170,0.51909864
3171,0.51909864
3172,0.51909864
3173,0.51909864
3174,0.51909864
3175,0.51909864
3176,0.51909864
3177,0.51909864
3178,0.51909864
3179,0.51909864
3180,0.51909864
3181,0.51909864
3182,0.51909864
3183,0.51909864
3184,0.51909864
3185,0.51909864
3186,0.51909864
3187,0.51909864
3188,0.51909864
3189,0.51909864
3190,0.51909864
3191,0.51909864
3192,0.51909864
3193,0.51909864
3194,0.51909864
3195,0.51909864
3196,0.51909864
3197,0.51909864
3198,0.51909864
3199,0.51909864
3200,0.51909864
3201,0.51909864
3202,0.51909864
3203,0.51909864
3204,0.51909864
3205,0.51909864
3206,0.51909864
3207,0.51909864
3208,0.51909864
3209,0.51909864
3210,0.51909864
3211,0.51909864
3212,0.51909864
3213,0.51909864
3214,0.51909864
3215,0.51909864
3216,0.51909864
3217,0.51909864
3218,0.51909864
3219,0.51909864
3220,0.51909864
3221,0.51909864
3222,0.51909864
3223,0.51909864
3224,0.51909864
3225,0.51909864
3226,0.51909864
3227,0.51909864
3228,0.51909864
3229,0.51909864
3230,0.51909864
3231,0.51909864
3232,0.51909864
3233,0.51909864
3234,0.51909864
3235,0.51909864
3236,0.51909864
3237,0.51909864
3238,0.51909864
3239,0.51909864
3240,0.51909864
3241,0.51909864
3242,0.51909864
3243,0.51909864
3244,0.51909864
3245,0.51909864
3246,0.51909864
3247,0.51909864
3248,0.51909864
3249,0.51909864
3250,0.51909864
3251,0.51909864
3252,0.51909864
3253,0.51909864
3254,0.51909864
3255,0.51909864
3256,0.51909864
3257,0.51909864
3258,0.51909864
3259,0.51909864
3260,0.51909864
3261,0.51909864
3262,0.51909864
3263,0.51909864
3264,0.51909864
3265,0.51909864
3266,0.51909864
3267,0.51909864
3268,0.51909864
3269,0.51909864
3270,0.51909864
3271,0.51909864
3272,0.51909864
3273,0.51909864
3274,0.51909864
3275,0.51909864
3276,0.51909864
3277,0.51909864
3278,0.51909864
3279,0.51909864
3280,0.51909864
3281,0.51909864
3282,0.51909864
3283,0.51909864
3284,0.51909864
3285,0.51909864
3286,0.51909864
3287,0.51909864
3288,0.51909864
3289,0.51909864
3290,0.51909864
3291,0.51909864
3292,0.51909864
3293,0.51909864
3294,0.51909864
3295,0.51909864
3296,0.51909864
3297,0.51909864
3298,0.51909864
3299,0.51909864
3300,0.51909864
3301,0.51909864
3302,0.51909864
3303,0.51909864
3304,0.51909864
3305,0.51909864
3306,0.51909864
3307,0.51909864
3308,0.51909864
3309,0.51909864
3310,0.51909864
3311,0.51909864
3312,0.51909864
3313,0.51909864
3314,0.51909864
3315,0.51909864
3316,0.51909864
3317,0.51909864
3318,0.51909864
3319,0.51909864
3320,0.51909864
3321,0.51909864
3322,0.51909864
3323,0.51909864
3324,0.51909864
3325,0.51909864
3326,0.51909864
3327,0.51909864
3328,0.51909864
3329,0.51909864
3330,0.51909864
3331,0.51909864
3332,0.51909864
3333,0.51909864
3334,0.51909864
3335,0.51909864
3336,0.51909864
3337,0.51909864
3338,0.51909864
3339,0.51909864
3340,0.51909864
3341,0.51909864
3342,0.51909864
3343,0.51909864
3344,0.51909864
3345,0.51909864
3346,0.51909864
3347,0.51909864
3348,0.51909864
3349,0.51909864
3350,0.51909864
3351,0.51909864
3352,0.51909864
3353,0.51909864
3354,0.51909864
3355,0.51909864
3356,0.51909864
3357,0.51909864
3358,0.51909864
3359,0.51909864
3360,0.51909864
3361,0.51909864
3362,0.51909864
3363,0.51909864
3364,0.51909864
3365,0.51909864
3366,0.51909864
3367,0.51909864
3368,0.51909864
3369,0.51909864
3370,0.51909864
3371,0.51909864
3372,0.51909864
3373,0.51909864
3374,0.51909864
3375,0.51909864
3376,0.51909864
3377,0.51909864
3378,0.51909864
3379,0.51909864
3380,0.51909864
3381,0.51909864
3382,0.51909864
3383,0.51909864
3384,0.51909864
3385,0.51909864
3386,0.51909864
3387,0.51909864
3388,0.51909864
3389,0.51909864
3390,0.51909864
3391,0.51909864
3392,0.51909864
3393,0.51909864
3394,0.51909864
3395,0.51909864
3396,0.51909864
3397,0.51909864
3398,0.51909864
3399,0.51909864
3400,0.51909864
3401,0.51909864
3402,0.51909864
3403,0.51909864
3404,0.51909864
3405,0.51909864
3406,0.51909864
3407,0.51909864
3408,0.51909864
3409,0.51909864
3410,0.51909864
3411,0.51909864
3412,0.51909864
3413,0.51909864
3414,0.51909864
3415,0.51909864
3416,0.51909864
3417,0.51909864
3418,0.51909864
3419,0.51909864
3420,0.51909864
3421,0.51909864
3422,0.51909864
3423,0.51909864
3424,0.51909864
3425,0.51909864
3426,0.51909864
3427,0.51909864
3428,0.51909864
3429,0.51909864
3430,0.51909864
3431,0.51909864
3432,0.51909864
3433,0.51909864
3434,0.51909864
3435,0.51909864
3436,0.51909864
3437,0.51909864
3438,0.51909864
3439,0.51909864
3440,0.51909864
3441,0.51909864
3442,0.51909864
3443,0.51909864
3444,0.51909864
3445,0.51909864
3446,0.51909864
3447,0.51909864
3448,0.51909864
3449,0.51909864
3450,0.51909864
3451,0.51909864
3452,0.51909864
3453,0.51909864
3454,0.51909864
3455,0.51909864
3456,0.51909864
3457,0.51909864
3458,0.51909864
3459,0.51909864
3460,0.51909864
3461,0.51909864
3462,0.51909864
3463,0.51909864
3464,0.51909864
3465,0.51909864
3466,0.51909864
3467,0.51909864
3468,0.51909864
3469,0.51909864
3470,0.51909864
3471,0.51909864
3472,0.51909864
3473,0.51909864
3474,0.51909864
3475,0.51909864
3476,0.51909864
3477,0.51909864
3478,0.51909864
3479,0.51909864
3480,0.51909864
3481,0.51909864
3482,0.51909864
3483,0.51909864
3484,0.51909864
3485,0.51909864
3486,0.51909864
3487,0.51909864
3488,0.51909864
3489,0.51909864
3490,0.51909864
3491,0.51909864
3492,0.51909864
3493,0.51909864
3494,0.51909864
3495,0.51909864
3496,0.51909864
3497,0.51909864
3498,0.51909864
3499,0.51909864
3500,0.51909864
3501,0.51909864
3502,0.51909864
3503,0.51909864
3504,0.51909864
3505,0.51909864
3506,0.51909864
3507,0.51909864
3508,0.51909864
3509,0.51909864
3510,0.51909864
3511,0.51909864
3512,0.51909864
3513,0.51909864
3514,0.51909864
3515,0.51909864
3516,0.51909864
3517,0.51909864
3518,0.51909864
3519,0.51909864
3520,0.51909864
3521,0.51909864
3522,0.51909864
3523,0.51909864
3524,0.51909864
3525,0.51909864
3526,0.51909864
3527,0.51909864
3528,0.51909864
3529,0.51909864
3530,0.51909864
3531,0.51909864
3532,0.51909864
3533,0.51909864
3534,0.51909864
3535,0.51909864
3536,0.51909864
3537,0.51909864
3538,0.51909864
3539,0.51909864
3540,0.51909864
3541,0.51909864
3542,0.51909864
3543,0.51909864
3544,0.51909864
3545,0.51909864
3546,0.51909864
3547,0.51909864
3548,0.51909864
3549,0.51909864
3550,0.51909864
3551,0.51909864
3552,0.51909864
3553,0.51909864
3554,0.51909864
3555,0.51909864
3556,0.51909864
3557,0.51909864
3558,0.51909864
3559,0.51909864
3560,0.51909864
3561,0.51909864
3562,0.51909864
3563,0.51909864
3564,0.51909864
3565,0.51909864
3566,0.51909864
3567,0.51909864
3568,0.51909864
3569,0.51909864
3570,0.51909864
3571,0.51909864
3572,0.51909864
3573,0.51909864
3574,0.51909864
3575,0.51909864
3576,0.51909864
3577,0.51909864
3578,0.51909864
3579,0.51909864
3580,0.51909864
3581,0.51909864
3582,0.51909864
3583,0.51909864
3584,0.51909864
3585,0.51909864
3586,0.51909864
3587,0.51909864
3588,0.51909864
3589,0.51909864
3590,0.51909864
3591,0.51909864
3592,0.51909864
3593,0.51909864
3594,0.51909864
3595,0.51909864
3596,0.51909864
3597,0.51909864
3598,0.51909864
3599,0.51909864
3600,0.51909864
3601,0.51909864
3602,0.51909864
3603,0.51909864
3604,0.51909864
3605,0.51909864
3606,0.51909864
3607,0.51909864
3608,0.51909864
3609,0.51909864
3610,0.51909864
3611,0.51909864
3612,0.51909864
3613,0.51909864
3614,0.51909864
3615,0.51909864
3616,0.51909864
3617,0.51909864
3618,0.51909864
3619,0.51909864
3620,0.51909864
3621,0.51909864
3622,0.51909864
3623,0.51909864
3624,0.51909864
3625,0.51909864
3626,0.51909864
3627,0.51909864
3628,0.51909864
3629,0.51909864
3630,0.51909864
3631,0.51909864
3632,0.51909864
3633,0.51909864
3634,0.51909864
3635,0.51909864
3636,0.51909864
3637,0.51909864
3638,0.51909864
3639,0.51909864
3640,0.51909864
3641,0.51909864
3642,0.51909864
3643,0.51909864
3644,0.51909864
3645,0.51909864
3646,0.51909864
3647,0.51909864
3648,0.51909864
3649,0.51909864
3650,0.51909864
3651,0.51909864
3652,0.51909864
3653,0.51909864
3654,0.51909864
3655,0.51909864
3656,0.51909864
3657,0.51909864
3658,0.51909864
3659,0.51909864
3660,0.51909864
3661,0.51909864
3662,0.51909864
3663,0.51909864
3664,0.51909864
3665,0.51909864
3666,0.51909864
3667,0.51909864
3668,0.51909864
3669,0.51909864
3670,0.51909864
3671,0.51909864
3672,0.51909864
3673,0.51909864
3674,0.51909864
3675,0.51909864
3676,0.51909864
3677,0.51909864
3678,0.51909864
3679,0.51909864
3680,0.51909864
3681,0.51909864
3682,0.51909864
3683,0.51909864
3684,0.51909864
3685,0.51909864
3686,0.51909864
3687,0.51909864
3688,0.51909864
3689,0.51909864
3690,0.51909864
3691,0.51909864
3692,0.51909864
3693,0.51909864
3694,0.51909864
3695,0.51909864
3696,0.51909864
3697,0.51909864
3698,0.51909864
3699,0.51909864
3700,0.51909864
3701,0.51909864
3702,0.51909864
3703,0.51909864
3704,0.51909864
3705,0.51909864
3706,0.51909864
3707,0.51909864
3708,0.51909864
3709,0.51909864
3710,0.51909864
3711,0.51909864
3712,0.51909864
3713,0.51909864
3714,0.51909864
3715,0.51909864
3716,0.51909864
3717,0.51909864
3718,0.51909864
3719,0.51909864
3720,0.51909864
3721,0.51909864
3722,0.51909864
3723,0.51909864
3724,0.51909864
3725,0.51909864
3726,0.51909864
3727,0.51909864
3728,0.51909864
3729,0.51909864
3730,0.51909864
3731,0.51909864
3732,0.51909864
3733,0.51909864
3734,0.51909864
3735,0.51909864
3736,0.51909864
3737,0.51909864
3738,0.51909864
3739,0.51909864
3740,0.51909864
3741,0.51909864
3742,0.51909864
3743,0.51909864
3744,0.51909864
3745,0.51909864
3746,0.51909864
3747,0.51909864
3748,0.51909864
3749,0.51909864
3750,0.51909864
3751,0.51909864
3752,0.51909864
3753,0.51909864
3754,0.51909864
3755,0.51909864
3756,0.51909864
3757,0.51909864
3758,0.51909864
3759,0.51909864
3760,0.51909864
3761,0.51909864
3762,0.51909864
3763,0.51909864
3764,0.51909864
3765,0.51909864
3766,0.51909864
3767,0.51909864
3768,0.51909864
3769,0.51909864
3770,0.51909864
3771,0.51909864
3772,0.51909864
3773,0.51909864
3774,0.51909864
3775,0.51909864
3776,0.51909864
3777,0.51909864
3778,0.51909864
3779,0.51909864
3780,0.51909864
3781,0.51909864
3782,0.51909864
3783,0.51909864
3784,0.51909864
3785,0.51909864
3786,0.51909864
3787,0.51909864
3788,0.51909864
3789,0.51909864
3790,0.51909864
3791,0.51909864
3792,0.51909864
3793,0.51909864
3794,0.51909864
3795,0.51909864
3796,0.51909864
3797,0.51909864
3798,0.51909864
3799,0.51909864
3800,0.51909864
3801,0.51909864
3802,0.51909864
3803,0.51909864
3804,0.51909864
3805,0.51909864
3806,0.51909864
3807,0.51909864
3808,0.51909864
3809,0.51909864
3810,0.51909864
3811,0.51909864
3812,0.51909864
3813,0.51909864
3814,0.51909864
3815,0.51909864
3816,0.51909864
3817,0.51909864
3818,0.51909864
3819,0.51909864
3820,0.51909864
3821,0.51909864
3822,0.51909864
3823,0.51909864
3824,0.51909864
3825,0.51909864
3826,0.51909864
3827,0.51909864
3828,0.51909864
3829,0.51909864
3830,0.51909864
3831,0.51909864
3832,0.51909864
3833,0.51909864
3834,0.51909864
3835,0.51909864
3836,0.51909864
3837,0.51909864
3838,0.51909864
3839,0.51909864
3840,0.51909864
3841,0.51909864
3842,0.51909864
3843,0.51909864
3844,0.51909864
3845,0.51909864
3846,0.51909864
3847,0.51909864
3848,0.51909864
3849,0.51909864
3850,0.51909864
3851,0.51909864
3852,0.51909864
3853,0.51909864
3854,0.51909864
3855,0.51909864
3856,0.51909864
3857,0.51909864
3858,0.51909864
3859,0.51909864
3860,0.51909864
3861,0.51909864
3862,0.51909864
3863,0.51909864
3864,0.51909864
3865,0.51909864
3866,0.51909864
3867,0.51909864
3868,0.51909864
3869,0.51909864
3870,0.51909864
3871,0.51909864
3872,0.51909864
3873,0.51909864
3874,0.51909864
3875,0.51909864
3876,0.51909864
3877,0.51909864
3878,0.51909864
3879,0.51909864
3880,0.51909864
3881,0.51909864
3882,0.51909864
3883,0.51909864
3884,0.51909864
3885,0.51909864
3886,0.51909864
3887,0.51909864
3888,0.51909864
3889,0.51909864
3890,0.51909864
3891,0.51909864
3892,0.51909864
3893,0.51909864
3894,0.51909864
3895,0.51909864
3896,0.51909864
3897,0.51909864
3898,0.51909864
3899,0.51909864
3900,0.51909864
3901,0.51909864
3902,0.51909864
3903,0.51909864
3904,0.51909864
3905,0.51909864
3906,0.51909864
3907,0.51909864
3908,0.51909864
3909,0.51909864
3910,0.51909864
3911,0.51909864
3912,0.51909864
3913,0.51909864
3914,0.51909864
3915,0.51909864
3916,0.51909864
3917,0.51909864
3918,0.51909864
3919,0.51909864
3920,0.51909864
3921,0.51909864
3922,0.51909864
3923,0.51909864
3924,0.51909864
3925,0.51909864
3926,0.51909864
3927,0.51909864
3928,0.51909864
3929,0.51909864
3930,0.51909864
3931,0.51909864
3932,0.51909864
3933,0.51909864
3934,0.51909864
3935,0.51909864
3936,0.51909864
3937,0.51909864
3938,0.51909864
3939,0.51909864
3940,0.51909864
3941,0.51909864
3942,0.51909864
3943,0.51909864
3944,0.51909864
3945,0.51909864
3946,0.51909864
3947,0.51909864
3948,0.51909864
3949,0.51909864
3950,0.51909864
3951,0.51909864
3952,0.51909864
3953,0.51909864
3954,0.51909864
3955,0.51909864
3956,0.51909864
3957,0.51909864
3958,0.51909864
3959,0.51909864
3960,0.51909864
3961,0.51909864
3962,0.51909864
3963,0.51909864
3964,0.51909864
3965,0.51909864
3966,0.51909864
3967,0.51909864
3968,0.51909864
3969,0.51909864
3970,0.51909864
3971,0.51909864
3972,0.51909864
3973,0.51909864
3974,0.51909864
3975,0.51909864
3976,0.51909864
3977,0.51909864
3978,0.51909864
3979,0.51909864
3980,0.51909864
3981,0.51909864
3982,0.51909864
3983,0.51909864
3984,0.51909864
3985,0.51909864
3986,0.51909864
3987,0.51909864
3988,0.51909864
3989,0.51909864
3990,0.51909864
3991,0.51909864
3992,0.51909864
3993,0.51909864
3994,0.51909864
3995,0.51909864
3996,0.51909864
3997,0.51909864
3998,0.51909864
3999,0.51909864
4000,0.51909864
4001,0.51909864
4002,0.51909864
4003,0.51909864
4004,0.51909864
4005,0.51909864
4006,0.51909864
4007,0.51909864
4008,0.51909864
4009,0.51909864
4010,0.51909864
4011,0.51909864
4012,0.51909864
4013,0.51909864
4014,0.51909864
4015,0.51909864
4016,0.51909864
4017,0.51909864
4018,0.51909864
4019,0.51909864
4020,0.51909864
4021,0.51909864
4022,0.51909864
4023,0.51909864
4024,0.51909864
4025,0.51909864
4026,0.51909864
4027,0.51909864
4028,0.51909864
4029,0.51909864
4030,0.51909864
4031,0.51909864
4032,0.51909864
4033,0.51909864
4034,0.51909864
4035,0.51909864
4036,0.51909864
4037,0.51909864
4038,0.51909864
4039,0.51909864
4040,0.51909864
4041,0.51909864
4042,0.51909864
4043,0.51909864
4044,0.51909864
4045,0.51909864
4046,0.51909864
4047,0.51909864
4048,0.51909864
4049,0.51909864
4050,0.51909864
4051,0.51909864
4052,0.51909864
4053,0.51909864
4054,0.51909864
4055,0.51909864
4056,0.51909864
4057,0.51909864
4058,0.51909864
4059,0.51909864
4060,0.51909864
4061,0.51909864
4062,0.51909864
4063,0.51909864
4064,0.51909864
4065,0.51909864
4066,0.51909864
4067,0.51909864
4068,0.51909864
4069,0.51909864
4070,0.51909864
4071,0.51909864
4072,0.51909864
4073,0.51909864
4074,0.51909864
4075,0.51909864
4076,0.51909864
4077,0.51909864
4078,0.51909864
4079,0.51909864
4080,0.51909864
4081,0.51909864
4082,0.51909864
4083,0.51909864
4084,0.51909864
4085,0.51909864
4086,0.51909864
4087,0.51909864
4088,0.51909864
4089,0.51909864
4090,0.51909864
4091,0.51909864
4092,0.51909864
4093,0.51909864
4094,0.51909864
4095,0.51909864
4096,0.51909864
4097,0.51909864
4098,0.51909864
4099,0.51909864
4100,0.51909864
4101,0.51909864
4102,0.51909864
4103,0.51909864
4104,0.51909864
4105,0.51909864
4106,0.51909864
4107,0.51909864
4108,0.51909864
4109,0.51909864
4110,0.51909864
4111,0.51909864
4112,0.51909864
4113,0.51909864
4114,0.51909864
4115,0.51909864
4116,0.51909864
4117,0.51909864
4118,0.51909864
4119,0.51909864
4120,0.51909864
4121,0.51909864
4122,0.51909864
4123,0.51909864
4124,0.51909864
4125,0.51909864
4126,0.51909864
4127,0.51909864
4128,0.51909864
4129,0.51909864
4130,0.51909864
4131,0.51909864
4132,0.51909864
4133,0.51909864
4134,0.51909864
4135,0.51909864
4136,0.51909864
4137,0.51909864
4138,0.51909864
4139,0.51909864
4140,0.51909864
4141,0.51909864
4142,0.51909864
4143,0.51909864
4144,0.51909864
4145,0.51909864
4146,0.51909864
4147,0.51909864
4148,0.51909864
4149,0.51909864
4150,0.51909864
4151,0.51909864
4152,0.51909864
4153,0.51909864
4154,0.51909864
4155,0.51909864
4156,0.51909864
4157,0.51909864
4158,0.51909864
4159,0.51909864
4160,0.51909864
4161,0.51909864
4162,0.51909864
4163,0.51909864
4164,0.51909864
4165,0.51909864
4166,0.51909864
4167,0.51909864
4168,0.51909864
4169,0.51909864
4170,0.51909864
4171,0.51909864
4172,0.51909864
4173,0.51909864
4174,0.51909864
4175,0.51909864
4176,0.51909864
4177,0.51909864
4178,0.51909864
4179,0.51909864
4180,0.51909864
4181,0.51909864
4182,0.51909864
4183,0.51909864
4184,0.51909864
4185,0.51909864
4186,0.51909864
4187,0.51909864
4188,0.51909864
4189,0.51909864
4190,0.51909864
4191,0.51909864
4192,0.51909864
4193,0.51909864
4194,0.51909864
4195,0.51909864
4196,0.51909864
4197,0.51909864
4198,0.51909864
4199,0.51909864
4200,0.51909864
4201,0.51909864
4202,0.51909864
4203,0.51909864
4204,0.51909864
4205,0.51909864
4206,0.51909864
4207,0.51909864
4208,0.51909864
4209,0.51909864
4210,0.51909864
4211,0.51909864
4212,0.51909864
4213,0.51909864
4214,0.51909864
4215,0.51909864
4216,0.51909864
4217,0.51909864
4218,0.51909864
4219,0.51909864
4220,0.51909864
4221,0.51909864
4222,0.51909864
4223,0.51909864
4224,0.51909864
4225,0.51909864
4226,0.51909864
4227,0.51909864
4228,0.51909864
4229,0.51909864
4230,0.51909864
4231,0.51909864
4232,0.51909864
4233,0.51909864
4234,0.51909864
4235,0.51909864
4236,0.51909864
4237,0.51909864
4238,0.51909864
4239,0.51909864
4240,0.51909864
4241,0.51909864
4242,0.51909864
4243,0.51909864
4244,0.51909864
4245,0.51909864
4246,0.51909864
4247,0.51909864
4248,0.51909864
4249,0.51909864
4250,0.51909864
4251,0.51909864
4252,0.51909864
4253,0.51909864
4254,0.51909864
4255,0.51909864
4256,0.51909864
4257,0.51909864
4258,0.51909864
4259,0.51909864
4260,0.51909864
4261,0.51909864
4262,0.51909864
4263,0.51909864
4264,0.51909864
4265,0.51909864
4266,0.51909864
4267,0.51909864
4268,0.51909864
4269,0.51909864
4270,0.51909864
4271,0.51909864
4272,0.51909864
4273,0.51909864
4274,0.51909864
4275,0.51909864
4276,0.51909864
4277,0.51909864
4278,0.51909864
4279,0.51909864
4280,0.51909864
4281,0.51909864
4282,0.51909864
4283,0.51909864
4284,0.51909864
4285,0.51909864
4286,0.51909864
4287,0.51909864
4288,0.51909864
4289,0.51909864
4290,0.51909864
4291,0.51909864
4292,0.51909864
4293,0.51909864
4294,0.51909864
4295,0.51909864
4296,0.51909864
4297,0.51909864
4298,0.51909864
4299,0.51909864
4300,0.51909864
4301,0.51909864
4302,0.51909864
4303,0.51909864
4304,0.51909864
4305,0.51909864
4306,0.51909864
4307,0.51909864
4308,0.51909864
4309,0.51909864
4310,0.51909864
4311,0.51909864
4312,0.51909864
4313,0.51909864
4314,0.51909864
4315,0.51909864
4316,0.51909864
4317,0.51909864
4318,0.51909864
4319,0.51909864
4320,0.51909864
4321,0.51909864
4322,0.51909864
4323,0.51909864
4324,0.51909864
4325,0.51909864
4326,0.51909864
4327,0.51909864
4328,0.51909864
4329,0.51909864
4330,0.51909864
4331,0.51909864
4332,0.51909864
4333,0.51909864
4334,0.51909864
4335,0.51909864
4336,0.51909864
4337,0.51909864
4338,0.51909864
4339,0.51909864
4340,0.51909864
4341,0.51909864
4342,0.51909864
4343,0.51909864
4344,0.51909864
4345,0.51909864
4346,0.51909864
4347,0.51909864
4348,0.51909864
4349,0.51909864
4350,0.51909864
4351,0.51909864
4352,0.51909864
4353,0.51909864
4354,0.51909864
4355,0.51909864
4356,0.51909864
4357,0.51909864
4358,0.51909864
4359,0.51909864
4360,0.51909864
4361,0.51909864
4362,0.51909864
4363,0.51909864
4364,0.51909864
4365,0.51909864
4366,0.51909864
4367,0.51909864
4368,0.51909864
4369,0.51909864
4370,0.51909864
4371,0.51909864
4372,0.51909864
4373,0.51909864
4374,0.51909864
4375,0.51909864
4376,0.51909864
4377,0.51909864
4378,0.51909864
4379,0.51909864
4380,0.51909864
4381,0.51909864
4382,0.51909864
4383,0.51909864
4384,0.51909864
4385,0.51909864
4386,0.51909864
4387,0.51909864
4388,0.51909864
4389,0.51909864
4390,0.51909864
4391,0.51909864
4392,0.51909864
4393,0.51909864
4394,0.51909864
4395,0.51909864
4396,0.51909864
4397,0.51909864
4398,0.51909864
4399,0.51909864
4400,0.51909864
4401,0.51909864
4402,0.51909864
4403,0.51909864
4404,0.51909864
4405,0.51909864
4406,0.51909864
4407,0.51909864
4408,0.51909864
4409,0.51909864
4410,0.51909864
4411,0.51909864
4412,0.51909864
4413,0.51909864
4414,0.51909864
4415,0.51909864
4416,0.51909864
4417,0.51909864
4418,0.51909864
4419,0.51909864
4420,0.51909864
4421,0.51909864
4422,0.51909864
4423,0.51909864
4424,0.51909864
4425,0.51909864
4426,0.51909864
4427,0.51909864
4428,0.51909864
4429,0.51909864
4430,0.51909864
4431,0.51909864
4432,0.51909864
4433,0.51909864
4434,0.51909864
4435,0.51909864
4436,0.51909864
4437,0.51909864
4438,0.51909864
4439,0.51909864
4440,0.51909864
4441,0.51909864
4442,0.51909864
4443,0.51909864
4444,0.51909864
4445,0.51909864
4446,0.51909864
4447,0.51909864
4448,0.51909864
4449,0.51909864
4450,0.51909864
4451,0.51909864
4452,0.51909864
4453,0.51909864
4454,0.51909864
4455,0.51909864
4456,0.51909864
4457,0.51909864
4458,0.51909864
4459,0.51909864
4460,0.51909864
4461,0.51909864
4462,0.51909864
4463,0.51909864
4464,0.51909864
4465,0.51909864
4466,0.51909864
4467,0.51909864
4468,0.51909864
4469,0.51909864
4470,0.51909864
4471,0.51909864
4472,0.51909864
4473,0.51909864
4474,0.51909864
4475,0.51909864
4476,0.51909864
4477,0.51909864
4478,0.51909864
4479,0.51909864
4480,0.51909864
4481,0.51909864
4482,0.51909864
4483,0.51909864
4484,0.51909864
4485,0.51909864
4486,0.51909864
4487,0.51909864
4488,0.51909864
4489,0.51909864
4490,0.51909864
4491,0.51909864
4492,0.51909864
4493,0.51909864
4494,0.51909864
4495,0.51909864
4496,0.51909864
4497,0.51909864
4498,0.51909864
4499,0.51909864
4500,0.51909864
4501,0.51909864
4502,0.51909864
4503,0.51909864
4504,0.51909864
4505,0.51909864
4506,0.51909864
4507,0.51909864
4508,0.51909864
4509,0.51909864
4510,0.51909864
4511,0.51909864
4512,0.51909864
4513,0.51909864
4514,0.51909864
4515,0.51909864
4516,0.51909864
4517,0.51909864
4518,0.51909864
4519,0.51909864
4520,0.51909864
4521,0.51909864
4522,0.51909864
4523,0.51909864
4524,0.51909864
4525,0.51909864
4526,0.51909864
4527,0.51909864
4528,0.51909864
4529,0.51909864
4530,0.51909864
4531,0.51909864
4532,0.51909864
4533,0.51909864
4534,0.51909864
4535,0.51909864
4536,0.51909864
4537,0.51909864
4538,0.51909864
4539,0.51909864
4540,0.51909864
4541,0.51909864
4542,0.51909864
4543,0.51909864
4544,0.51909864
4545,0.51909864
4546,0.51909864
4547,0.51909864
4548,0.51909864
4549,0.51909864
4550,0.51909864
4551,0.51909864
4552,0.51909864
4553,0.51909864
4554,0.51909864
4555,0.51909864
4556,0.51909864
4557,0.51909864
4558,0.51909864
4559,0.51909864
4560,0.51909864
4561,0.51909864
4562,0.51909864
4563,0.51909864
4564,0.51909864
4565,0.51909864
4566,0.51909864
4567,0.51909864
4568,0.51909864
4569,0.51909864
4570,0.51909864
4571,0.51909864
4572,0.51909864
4573,0.51909864
4574,0.51909864
4575,0.51909864
4576,0.51909864
4577,0.51909864
4578,0.51909864
4579,0.51909864
4580,0.51909864
4581,0.51909864
4582,0.51909864
4583,0.51909864
4584,0.51909864
4585,0.51909864
4586,0.51909864
4587,0.51909864
4588,0.51909864
4589,0.51909864
4590,0.51909864
4591,0.51909864
4592,0.51909864
4593,0.51909864
4594,0.51909864
4595,0.51909864
4596,0.51909864
4597,0.51909864
4598,0.51909864
4599,0.51909864
4600,0.51909864
4601,0.51909864
4602,0.51909864
4603,0.51909864
4604,0.51909864
4605,0.51909864
4606,0.51909864
4607,0.51909864
4608,0.51909864
4609,0.51909864
4610,0.51909864
4611,0.51909864
4612,0.51909864
4613,0.51909864
4614,0.51909864
4615,0.51909864
4616,0.51909864
4617,0.51909864
4618,0.51909864
4619,0.51909864
4620,0.51909864
4621,0.51909864
4622,0.51909864
4623,0.51909864
4624,0.51909864
4625,0.51909864
4626,0.51909864
4627,0.51909864
4628,0.51909864
4629,0.51909864
4630,0.51909864
4631,0.51909864
4632,0.51909864
4633,0.51909864
4634,0.51909864
4635,0.51909864
4636,0.51909864
4637,0.51909864
4638,0.51909864
4639,0.51909864
4640,0.51909864
4641,0.51909864
4642,0.51909864
4643,0.51909864
4644,0.51909864
4645,0.51909864
4646,0.51909864
4647,0.51909864
4648,0.51909864
4649,0.51909864
4650,0.51909864
4651,0.51909864
4652,0.51909864
4653,0.51909864
4654,0.51909864
4655,0.51909864
4656,0.51909864
4657,0.51909864
4658,0.51909864
4659,0.51909864
4660,0.51909864
4661,0.51909864
4662,0.51909864
4663,0.51909864
4664,0.51909864
4665,0.51909864
4666,0.51909864
4667,0.51909864
4668,0.51909864
4669,0.51909864
4670,0.51909864
4671,0.51909864
4672,0.51909864
4673,0.51909864
4674,0.51909864
4675,0.51909864
4676,0.51909864
4677,0.51909864
4678,0.51909864
4679,0.51909864
4680,0.51909864
4681,0.51909864
4682,0.51909864
4683,0.51909864
4684,0.51909864
4685,0.51909864
4686,0.51909864
4687,0.51909864
4688,0.51909864
4689,0.51909864
4690,0.51909864
4691,0.51909864
4692,0.51909864
4693,0.51909864
4694,0.51909864
4695,0.51909864
4696,0.51909864
4697,0.51909864
4698,0.51909864
4699,0.51909864
4700,0.51909864
4701,0.51909864
4702,0.51909864
4703,0.51909864
4704,0.51909864
4705,0.51909864
4706,0.51909864
4707,0.51909864
4708,0.51909864
4709,0.51909864
4710,0.51909864
4711,0.51909864
4712,0.51909864
4713,0.51909864
4714,0.51909864
4715,0.51909864
4716,0.51909864
4717,0.51909864
4718,0.51909864
4719,0.51909864
4720,0.51909864
4721,0.51909864
4722,0.51909864
4723,0.51909864
4724,0.51909864
4725,0.51909864
4726,0.51909864
4727,0.51909864
4728,0.51909864
4729,0.51909864
4730,0.51909864
4731,0.51909864
4732,0.51909864
4733,0.51909864
4734,0.51909864
4735,0.51909864
4736,0.51909864
4737,0.51909864
4738,0.51909864
4739,0.51909864
4740,0.51909864
4741,0.51909864
4742,0.51909864
4743,0.51909864
4744,0.51909864
4745,0.51909864
4746,0.51909864
4747,0.51909864
4748,0.51909864
4749,0.51909864
4750,0.51909864
4751,0.51909864
4752,0.51909864
4753,0.51909864
4754,0.51909864
4755,0.51909864
4756,0.51909864
4757,0.51909864
4758,0.51909864
4759,0.51909864
4760,0.51909864
4761,0.51909864
4762,0.51909864
4763,0.51909864
4764,0.51909864
4765,0.51909864
4766,0.51909864
4767,0.51909864
4768,0.51909864
4769,0.51909864
4770,0.51909864
4771,0.51909864
4772,0.51909864
4773,0.51909864
4774,0.51909864
4775,0.51909864
4776,0.51909864
4777,0.51909864
4778,0.51909864
4779,0.51909864
4780,0.51909864
4781,0.51909864
4782,0.51909864
4783,0.51909864
4784,0.51909864
4785,0.51909864
4786,0.51909864
4787,0.51909864
4788,0.51909864
4789,0.51909864
4790,0.51909864
4791,0.51909864
4792,0.51909864
4793,0.51909864
4794,0.51909864
4795,0.51909864
4796,0.51909864
4797,0.51909864
4798,0.51909864
4799,0.51909864
4800,0.51909864
4801,0.51909864
4802,0.51909864
4803,0.51909864
4804,0.51909864
4805,0.51909864
4806,0.51909864
4807,0.51909864
4808,0.51909864
4809,0.51909864
4810,0.51909864
4811,0.51909864
4812,0.51909864
4813,0.51909864
4814,0.51909864
4815,0.51909864
4816,0.51909864
4817,0.51909864
4818,0.51909864
4819,0.51909864
4820,0.51909864
4821,0.51909864
4822,0.51909864
4823,0.51909864
4824,0.51909864
4825,0.51909864
4826,0.51909864
4827,0.51909864
4828,0.51909864
4829,0.51909864
4830,0.51909864
4831,0.51909864
4832,0.51909864
4833,0.51909864
4834,0.51909864
4835,0.51909864
4836,0.51909864
4837,0.51909864
4838,0.51909864
4839,0.51909864
4840,0.51909864
4841,0.51909864
4842,0.51909864
4843,0.51909864
4844,0.51909864
4845,0.51909864
4846,0.51909864
4847,0.51909864
4848,0.51909864
4849,0.51909864
4850,0.51909864
4851,0.51909864
4852,0.51909864
4853,0.51909864
4854,0.51909864
4855,0.51909864
4856,0.51909864
4857,0.51909864
4858,0.51909864
4859,0.51909864
4860,0.51909864
4861,0.51909864
4862,0.51909864
4863,0.51909864
4864,0.51909864
4865,0.51909864
4866,0.51909864
4867,0.51909864
4868,0.51909864
4869,0.51909864
4870,0.51909864
4871,0.51909864
4872,0.51909864
4873,0.51909864
4874,0.51909864
4875,0.51909864
4876,0.51909864
4877,0.51909864
4878,0.51909864
4879,0.51909864
4880,0.51909864
4881,0.51909864
4882,0.51909864
4883,0.51909864
4884,0.51909864
4885,0.51909864
4886,0.51909864
4887,0.51909864
4888,0.51909864
4889,0.51909864
4890,0.51909864
4891,0.51909864
4892,0.51909864
4893,0.51909864
4894,0.51909864
4895,0.51909864
4896,0.51909864
4897,0.51909864
4898,0.51909864
4899,0.51909864
4900,0.51909864
4901,0.51909864
4902,0.51909864
4903,0.51909864
4904,0.51909864
4905,0.51909864
4906,0.51909864
4907,0.51909864
4908,0.51909864
4909,0.51909864
4910,0.51909864
4911,0.51909864
4912,0.51909864
4913,0.51909864
4914,0.51909864
4915,0.51909864
4916,0.51909864
4917,0.51909864
4918,0.51909864
4919,0.51909864
4920,0.51909864
4921,0.51909864
4922,0.51909864
4923,0.51909864
4924,0.51909864
4925,0.51909864
4926,0.51909864
4927,0.51909864
4928,0.51909864
4929,0.51909864
4930,0.51909864
4931,0.51909864
4932,0.51909864
4933,0.51909864
4934,0.51909864
4935,0.51909864
4936,0.51909864
4937,0.51909864
4938,0.51909864
4939,0.51909864
4940,0.51909864
4941,0.51909864
4942,0.51909864
4943,0.51909864
4944,0.51909864
4945,0.51909864
4946,0.51909864
4947,0.51909864
4948,0.51909864
4949,0.51909864
4950,0.51909864
4951,0.51909864
4952,0.51909864
4953,0.51909864
4954,0.51909864
4955,0.51909864
4956,0.51909864
4957,0.51909864
4958,0.51909864
4959,0.51909864
4960,0.51909864
4961,0.51909864
4962,0.51909864
4963,0.51909864
4964,0.51909864
4965,0.51909864
4966,0.51909864
4967,0.51909864
4968,0.51909864
4969,0.51909864
4970,0.51909864
4971,0.51909864
4972,0.51909864
4973,0.51909864
4974,0.51909864
4975,0.51909864
4976,0.51909864
4977,0.51909864
4978,0.51909864
4979,0.51909864
4980,0.51909864
4981,0.51909864
4982,0.51909864
4983,0.51909864
4984,0.51909864
4985,0.51909864
4986,0.51909864
4987,0.51909864
4988,0.51909864
4989,0.51909864
4990,0.51909864
4991,0.51909864
4992,0.51909864
4993,0.51909864
4994,0.51909864
4995,0.51909864
4996,0.51909864
4997,0.51909864
4998,0.51909864
4999,0.51909864
5000,0.51909864
5001,0.51909864
5002,0.51909864
5003,0.51909864
5004,0.51909864
5005,0.51909864
5006,0.51909864
5007,0.51909864
5008,0.51909864
5009,0.51909864
5010,0.51909864
5011,0.51909864
5012,0.51909864
5013,0.51909864
5014,0.51909864
5015,0.51909864
5016,0.51909864
5017,0.51909864
5018,0.51909864
5019,0.51909864
5020,0.51909864
5021,0.51909864
5022,0.51909864
5023,0.51909864
5024,0.51909864
5025,0.51909864
5026,0.51909864
5027,0.51909864
5028,0.51909864
5029,0.51909864
5030,0.51909864
5031,0.51909864
5032,0.51909864
5033,0.51909864
5034,0.51909864
5035,0.51909864
5036,0.51909864
5037,0.51909864
5038,0.51909864
5039,0.51909864
5040,0.51909864
5041,0.51909864
5042,0.51909864
5043,0.51909864
5044,0.51909864
5045,0.51909864
5046,0.51909864
5047,0.51909864
5048,0.51909864
5049,0.51909864
5050,0.51909864
5051,0.51909864
5052,0.51909864
5053,0.51909864
5054,0.51909864
5055,0.51909864
5056,0.51909864
5057,0.51909864
5058,0.51909864
5059,0.51909864
5060,0.51909864
5061,0.51909864
5062,0.51909864
5063,0.51909864
5064,0.51909864
5065,0.51909864
5066,0.51909864
5067,0.51909864
5068,0.51909864
5069,0.51909864
5070,0.51909864
5071,0.51909864
5072,0.51909864
5073,0.51909864
5074,0.51909864
5075,0.51909864
5076,0.51909864
5077,0.51909864
5078,0.51909864
5079,0.51909864
5080,0.51909864
5081,0.51909864
5082,0.51909864
5083,0.51909864
5084,0.51909864
5085,0.51909864
5086,0.51909864
5087,0.51909864
5088,0.51909864
5089,0.51909864
5090,0.51909864
5091,0.51909864
5092,0.51909864
5093,0.51909864
5094,0.51909864
5095,0.51909864
5096,0.51909864
5097,0.51909864
5098,0.51909864
5099,0.51909864
5100,0.51909864
5101,0.51909864
5102,0.51909864
5103,0.51909864
5104,0.51909864
5105,0.51909864
5106,0.51909864
5107,0.51909864
5108,0.51909864
5109,0.51909864
5110,0.51909864
5111,0.51909864
5112,0.51909864
5113,0.51909864
5114,0.51909864
5115,0.51909864
5116,0.51909864
5117,0.51909864
5118,0.51909864
5119,0.51909864
5120,0.51909864
5121,0.51909864
5122,0.51909864
5123,0.51909864
5124,0.51909864
5125,0.51909864
5126,0.51909864
5127,0.51909864
5128,0.51909864
5129,0.51909864
5130,0.51909864
5131,0.51909864
5132,0.51909864
5133,0.51909864
5134,0.51909864
5135,0.51909864
5136,0.51909864
5137,0.51909864
5138,0.51909864
5139,0.51909864
5140,0.51909864
5141,0.51909864
5142,0.51909864
5143,0.51909864
5144,0.51909864
5145,0.51909864
5146,0.51909864
5147,0.51909864
5148,0.51909864
5149,0.51909864
5150,0.51909864
5151,0.51909864
5152,0.51909864
5153,0.51909864
5154,0.51909864
5155,0.51909864
5156,0.51909864
5157,0.51909864
5158,0.51909864
5159,0.51909864
5160,0.51909864
5161,0.51909864
5162,0.51909864
5163,0.51909864
5164,0.51909864
5165,0.51909864
5166,0.51909864
5167,0.51909864
5168,0.51909864
5169,0.51909864
5170,0.51909864
5171,0.51909864
5172,0.51909864
5173,0.51909864
5174,0.51909864
5175,0.51909864
5176,0.51909864
5177,0.51909864
5178,0.51909864
5179,0.51909864
5180,0.51909864
5181,0.51909864
5182,0.51909864
5183,0.51909864
5184,0.51909864
5185,0.51909864
5186,0.51909864
5187,0.51909864
5188,0.51909864
5189,0.51909864
5190,0.51909864
5191,0.51909864
5192,0.51909864
5193,0.51909864
5194,0.51909864
5195,0.51909864
5196,0.51909864
5197,0.51909864
5198,0.51909864
5199,0.51909864
5200,0.51909864
5201,0.51909864
5202,0.51909864
5203,0.51909864
5204,0.51909864
5205,0.51909864
5206,0.51909864
5207,0.51909864
5208,0.51909864
5209,0.51909864
5210,0.51909864
5211,0.51909864
5212,0.51909864
5213,0.51909864
5214,0.51909864
5215,0.51909864
5216,0.51909864
5217,0.51909864
5218,0.51909864
5219,0.51909864
5220,0.51909864
5221,0.51909864
5222,0.51909864
5223,0.51909864
5224,0.51909864
5225,0.51909864
5226,0.51909864
5227,0.51909864
5228,0.51909864
5229,0.51909864
5230,0.51909864
5231,0.51909864
5232,0.51909864
5233,0.51909864
5234,0.51909864
5235,0.51909864
5236,0.51909864
5237,0.51909864
5238,0.51909864
5239,0.51909864
5240,0.51909864
5241,0.51909864
5242,0.51909864
5243,0.51909864
5244,0.51909864
5245,0.51909864
5246,0.51909864
5247,0.51909864
5248,0.51909864
5249,0.51909864
5250,0.51909864
5251,0.51909864
5252,0.51909864
5253,0.51909864
5254,0.51909864
5255,0.51909864
5256,0.51909864
5257,0.51909864
5258,0.51909864
5259,0.51909864
5260,0.51909864
5261,0.51909864
5262,0.51909864
5263,0.51909864
5264,0.51909864
5265,0.51909864
5266,0.51909864
5267,0.51909864
5268,0.51909864
5269,0.51909864
5270,0.51909864
5271,0.51909864
5272,0.51909864
5273,0.51909864
5274,0.51909864
5275,0.51909864
5276,0.51909864
5277,0.51909864
5278,0.51909864
5279,0.51909864
5280,0.51909864
5281,0.51909864
5282,0.51909864
5283,0.51909864
5284,0.51909864
5285,0.51909864
5286,0.51909864
5287,0.51909864
5288,0.51909864
5289,0.51909864
5290,0.51909864
5291,0.51909864
5292,0.51909864
5293,0.51909864
5294,0.51909864
5295,0.51909864
5296,0.51909864
5297,0.51909864
5298,0.51909864
5299,0.51909864
5300,0.51909864
5301,0.51909864
5302,0.51909864
5303,0.51909864
5304,0.51909864
5305,0.51909864
5306,0.51909864
5307,0.51909864
5308,0.51909864
5309,0.51909864
5310,0.51909864
5311,0.51909864
5312,0.51909864
5313,0.51909864
5314,0.51909864
5315,0.51909864
5316,0.51909864
5317,0.51909864
5318,0.51909864
5319,0.51909864
5320,0.51909864
5321,0.51909864
5322,0.51909864
5323,0.51909864
5324,0.51909864
5325,0.51909864
5326,0.51909864
5327,0.51909864
5328,0.51909864
5329,0.51909864
5330,0.51909864
5331,0.51909864
5332,0.51909864
5333,0.51909864
5334,0.51909864
5335,0.51909864
5336,0.51909864
5337,0.51909864
5338,0.51909864
5339,0.51909864
5340,0.51909864
5341,0.51909864
5342,0.51909864
5343,0.51909864
5344,0.51909864
5345,0.51909864
5346,0.51909864
5347,0.51909864
5348,0.51909864
5349,0.51909864
5350,0.51909864
5351,0.51909864
5352,0.51909864
5353,0.51909864
5354,0.51909864
5355,0.51909864
5356,0.51909864
5357,0.51909864
5358,0.51909864
5359,0.51909864
5360,0.51909864
5361,0.51909864
5362,0.51909864
5363,0.51909864
5364,0.51909864
5365,0.51909864
5366,0.51909864
5367,0.51909864
5368,0.51909864
5369,0.51909864
5370,0.51909864
5371,0.51909864
5372,0.51909864
5373,0.51909864
5374,0.51909864
5375,0.51909864
5376,0.51909864
5377,0.51909864
5378,0.51909864
5379,0.51909864
5380,0.51909864
5381,0.51909864
5382,0.51909864
5383,0.51909864
5384,0.51909864
5385,0.51909864
5386,0.51909864
5387,0.51909864
5388,0.51909864
5389,0.51909864
5390,0.51909864
5391,0.51909864
5392,0.51909864
5393,0.51909864
5394,0.51909864
5395,0.51909864
5396,0.51909864
5397,0.51909864
5398,0.51909864
5399,0.51909864
5400,0.51909864
5401,0.51909864
5402,0.51909864
5403,0.51909864
5404,0.51909864
5405,0.51909864
5406,0.51909864
5407,0.51909864
5408,0.51909864
5409,0.51909864
5410,0.51909864
5411,0.51909864
5412,0.51909864
5413,0.51909864
5414,0.51909864
5415,0.51909864
5416,0.51909864
5417,0.51909864
5418,0.51909864
5419,0.51909864
5420,0.51909864
5421,0.51909864
5422,0.51909864
5423,0.51909864
5424,0.51909864
5425,0.51909864
5426,0.51909864
5427,0.51909864
5428,0.51909864
5429,0.51909864
5430,0.51909864
5431,0.51909864
5432,0.51909864
5433,0.51909864
5434,0.51909864
5435,0.51909864
5436,0.51909864
5437,0.51909864
5438,0.51909864
5439,0.51909864
5440,0.51909864
5441,0.51909864
5442,0.51909864
5443,0.51909864
5444,0.51909864
5445,0.51909864
5446,0.51909864
5447,0.51909864
5448,0.51909864
5449,0.51909864
5450,0.51909864
5451,0.51909864
5452,0.51909864
5453,0.51909864
5454,0.51909864
5455,0.51909864
5456,0.51909864
5457,0.51909864
5458,0.51909864
5459,0.51909864
5460,0.51909864
5461,0.51909864
5462,0.51909864
5463,0.51909864
5464,0.51909864
5465,0.51909864
5466,0.51909864
5467,0.51909864
5468,0.51909864
5469,0.51909864
5470,0.51909864
5471,0.51909864
5472,0.51909864
5473,0.51909864
5474,0.51909864
5475,0.51909864
5476,0.51909864
5477,0.51909864
5478,0.51909864
5479,0.51909864
5480,0.51909864
5481,0.51909864
5482,0.51909864
5483,0.51909864
5484,0.51909864
5485,0.51909864
5486,0.51909864
5487,0.51909864
5488,0.51909864
5489,0.51909864
5490,0.51909864
5491,0.51909864
5492,0.51909864
5493,0.51909864
5494,0.51909864
5495,0.51909864
5496,0.51909864
5497,0.51909864
5498,0.51909864
5499,0.51909864
5500,0.51909864
5501,0.51909864
5502,0.51909864
5503,0.51909864
5504,0.51909864
5505,0.51909864
5506,0.51909864
5507,0.51909864
5508,0.51909864
5509,0.51909864
5510,0.51909864
5511,0.51909864
5512,0.51909864
5513,0.51909864
5514,0.51909864
5515,0.51909864
5516,0.51909864
5517,0.51909864
5518,0.51909864
5519,0.51909864
5520,0.51909864
5521,0.51909864
5522,0.51909864
5523,0.51909864
5524,0.51909864
5525,0.51909864
5526,0.51909864
5527,0.51909864
5528,0.51909864
5529,0.51909864
5530,0.51909864
5531,0.51909864
5532,0.51909864
5533,0.51909864
5534,0.51909864
5535,0.51909864
5536,0.51909864
5537,0.51909864
5538,0.51909864
5539,0.51909864
5540,0.51909864
5541,0.51909864
5542,0.51909864
5543,0.51909864
5544,0.51909864
5545,0.51909864
5546,0.51909864
5547,0.51909864
5548,0.51909864
5549,0.51909864
5550,0.51909864
5551,0.51909864
5552,0.51909864
5553,0.51909864
5554,0.51909864
5555,0.51909864
5556,0.51909864
5557,0.51909864
5558,0.51909864
5559,0.51909864
5560,0.51909864
5561,0.51909864
5562,0.51909864
5563,0.51909864
5564,0.51909864
5565,0.51909864
5566,0.51909864
5567,0.51909864
5568,0.51909864
5569,0.51909864
5570,0.51909864
5571,0.51909864
5572,0.51909864
5573,0.51909864
5574,0.51909864
5575,0.51909864
5576,0.51909864
5577,0.51909864
5578,0.51909864
5579,0.51909864
5580,0.51909864
5581,0.51909864
5582,0.51909864
5583,0.51909864
5584,0.51909864
5585,0.51909864
5586,0.51909864
5587,0.51909864
5588,0.51909864
5589,0.51909864
5590,0.51909864
5591,0.51909864
5592,0.51909864
5593,0.51909864
5594,0.51909864
5595,0.51909864
5596,0.51909864
5597,0.51909864
5598,0.51909864
5599,0.51909864
5600,0.51909864
5601,0.51909864
5602,0.51909864
5603,0.51909864
5604,0.51909864
5605,0.51909864
5606,0.51909864
5607,0.51909864
5608,0.51909864
5609,0.51909864
5610,0.51909864
5611,0.51909864
5612,0.51909864
5613,0.51909864
5614,0.51909864
5615,0.51909864
5616,0.51909864
5617,0.51909864
5618,0.51909864
5619,0.51909864
5620,0.51909864
5621,0.51909864
5622,0.51909864
5623,0.51909864
5624,0.51909864
5625,0.51909864
5626,0.51909864
5627,0.51909864
5628,0.51909864
5629,0.51909864
5630,0.51909864
5631,0.51909864
5632,0.51909864
5633,0.51909864
5634,0.51909864
5635,0.51909864
5636,0.51909864
5637,0.51909864
5638,0.51909864
5639,0.51909864
5640,0.51909864
5641,0.51909864
5642,0.51909864
5643,0.51909864
5644,0.51909864
5645,0.51909864
5646,0.51909864
5647,0.51909864
5648,0.51909864
5649,0.51909864
5650,0.51909864
5651,0.51909864
5652,0.51909864
5653,0.51909864
5654,0.51909864
5655,0.51909864
5656,0.51909864
5657,0.51909864
5658,0.51909864
5659,0.51909864
5660,0.51909864
5661,0.51909864
5662,0.51909864
5663,0.51909864
5664,0.51909864
5665,0.51909864
5666,0.51909864
5667,0.51909864
5668,0.51909864
5669,0.51909864
5670,0.51909864
5671,0.51909864
5672,0.51909864
5673,0.51909864
5674,0.51909864
5675,0.51909864
5676,0.51909864
5677,0.51909864
5678,0.51909864
5679,0.51909864
5680,0.51909864
5681,0.51909864
5682,0.51909864
5683,0.51909864
5684,0.51909864
5685,0.51909864
5686,0.51909864
5687,0.51909864
5688,0.51909864
5689,0.51909864
5690,0.51909864
5691,0.51909864
5692,0.51909864
5693,0.51909864
5694,0.51909864
5695,0.51909864
5696,0.51909864
5697,0.51909864
5698,0.51909864
5699,0.51909864
5700,0.51909864
5701,0.51909864
5702,0.51909864
5703,0.51909864
5704,0.51909864
5705,0.51909864
5706,0.51909864
5707,0.51909864
5708,0.51909864
5709,0.51909864
5710,0.51909864
5711,0.51909864
5712,0.51909864
5713,0.51909864
5714,0.51909864
5715,0.51909864
5716,0.51909864
5717,0.51909864
5718,0.51909864
5719,0.51909864
5720,0.51909864
5721,0.51909864
5722,0.51909864
5723,0.51909864
5724,0.51909864
5725,0.51909864
5726,0.51909864
5727,0.51909864
5728,0.51909864
5729,0.51909864
5730,0.51909864
5731,0.51909864
5732,0.51909864
5733,0.51909864
5734,0.51909864
5735,0.51909864
5736,0.51909864
5737,0.51909864
5738,0.51909864
5739,0.51909864
5740,0.51909864
5741,0.51909864
5742,0.51909864
5743,0.51909864
5744,0.51909864
5745,0.51909864
5746,0.51909864
5747,0.51909864
5748,0.51909864
5749,0.51909864
5750,0.51909864
5751,0.51909864
5752,0.51909864
5753,0.51909864
5754,0.51909864
5755,0.51909864
5756,0.51909864
5757,0.51909864
5758,0.51909864
5759,0.51909864
5760,0.51909864
5761,0.51909864
5762,0.51909864
5763,0.51909864
5764,0.51909864
5765,0.51909864
5766,0.51909864
5767,0.51909864
5768,0.51909864
5769,0.51909864
5770,0.51909864
5771,0.51909864
5772,0.51909864
5773,0.51909864
5774,0.51909864
5775,0.51909864
5776,0.51909864
5777,0.51909864
5778,0.51909864
5779,0.51909864
5780,0.51909864
5781,0.51909864
5782,0.51909864
5783,0.51909864
5784,0.51909864
5785,0.51909864
5786,0.51909864
5787,0.51909864
5788,0.51909864
5789,0.51909864
5790,0.51909864
5791,0.51909864
5792,0.51909864
5793,0.51909864
5794,0.51909864
5795,0.51909864
5796,0.51909864
5797,0.51909864
5798,0.51909864
5799,0.51909864
5800,0.51909864
5801,0.51909864
5802,0.51909864
5803,0.51909864
5804,0.51909864
5805,0.51909864
5806,0.51909864
5807,0.51909864
5808,0.51909864
5809,0.51909864
5810,0.51909864
5811,0.51909864
5812,0.51909864
5813,0.51909864
5814,0.51909864
5815,0.51909864
5816,0.51909864
5817,0.51909864
5818,0.51909864
5819,0.51909864
5820,0.51909864
5821,0.51909864
5822,0.51909864
5823,0.51909864
5824,0.51909864
5825,0.51909864
5826,0.51909864
5827,0.51909864
5828,0.51909864
5829,0.51909864
5830,0.51909864
5831,0.51909864
5832,0.51909864
5833,0.51909864
5834,0.51909864
5835,0.51909864
5836,0.51909864
5837,0.51909864
5838,0.51909864
5839,0.51909864
5840,0.51909864
5841,0.51909864
5842,0.51909864
5843,0.51909864
5844,0.51909864
5845,0.51909864
5846,0.51909864
5847,0.51909864
5848,0.51909864
5849,0.51909864
5850,0.51909864
5851,0.51909864
5852,0.51909864
5853,0.51909864
5854,0.51909864
5855,0.51909864
5856,0.51909864
5857,0.51909864
5858,0.51909864
5859,0.51909864
5860,0.51909864
5861,0.51909864
5862,0.51909864
5863,0.51909864
5864,0.51909864
5865,0.51909864
5866,0.51909864
5867,0.51909864
5868,0.51909864
5869,0.51909864
5870,0.51909864
5871,0.51909864
5872,0.51909864
5873,0.51909864
5874,0.51909864
5875,0.51909864
5876,0.51909864
5877,0.51909864
5878,0.51909864
5879,0.51909864
5880,0.51909864
5881,0.51909864
5882,0.51909864
5883,0.51909864
5884,0.51909864
5885,0.51909864
5886,0.51909864
5887,0.51909864
5888,0.51909864
5889,0.51909864
5890,0.51909864
5891,0.51909864
5892,0.51909864
5893,0.51909864
5894,0.51909864
5895,0.51909864
5896,0.51909864
5897,0.51909864
5898,0.51909864
5899,0.51909864
5900,0.51909864
5901,0.51909864
5902,0.51909864
5903,0.51909864
5904,0.51909864
5905,0.51909864
5906,0.51909864
5907,0.51909864
5908,0.51909864
5909,0.51909864
5910,0.51909864
5911,0.51909864
5912,0.51909864
5913,0.51909864
5914,0.51909864
5915,0.51909864
5916,0.51909864
5917,0.51909864
5918,0.51909864
5919,0.51909864
5920,0.51909864
5921,0.51909864
5922,0.51909864
5923,0.51909864
5924,0.51909864
5925,0.51909864
5926,0.51909864
5927,0.51909864
5928,0.51909864
5929,0.51909864
5930,0.51909864
5931,0.51909864
5932,0.51909864
5933,0.51909864
5934,0.51909864
5935,0.51909864
5936,0.51909864
5937,0.51909864
5938,0.51909864
5939,0.51909864
5940,0.51909864
5941,0.51909864
5942,0.51909864
5943,0.51909864
5944,0.51909864
5945,0.51909864
5946,0.51909864
5947,0.51909864
5948,0.51909864
5949,0.51909864
5950,0.51909864
5951,0.51909864
5952,0.51909864
5953,0.51909864
5954,0.51909864
5955,0.51909864
5956,0.51909864
5957,0.51909864
5958,0.51909864
5959,0.51909864
5960,0.51909864
5961,0.51909864
5962,0.51909864
5963,0.51909864
5964,0.51909864
5965,0.51909864
5966,0.51909864
5967,0.51909864
5968,0.51909864
5969,0.51909864
5970,0.51909864
5971,0.51909864
5972,0.51909864
5973,0.51909864
5974,0.51909864
5975,0.51909864
5976,0.51909864
5977,0.51909864
5978,0.51909864
5979,0.51909864
5980,0.51909864
5981,0.51909864
5982,0.51909864
5983,0.51909864
5984,0.51909864
5985,0.51909864
5986,0.51909864
5987,0.51909864
5988,0.51909864
5989,0.51909864
5990,0.51909864
5991,0.51909864
5992,0.51909864
5993,0.51909864
5994,0.51909864
5995,0.51909864
5996,0.51909864
5997,0.51909864
5998,0.51909864
5999,0.51909864
6000,0.51909864
6001,0.51909864
6002,0.51909864
6003,0.51909864
6004,0.51909864
6005,0.51909864
6006,0.51909864
6007,0.51909864
6008,0.51909864
6009,0.51909864
6010,0.51909864
6011,0.51909864
6012,0.51909864
6013,0.51909864
6014,0.51909864
6015,0.51909864
6016,0.51909864
6017,0.51909864
6018,0.51909864
6019,0.51909864
6020,0.51909864
6021,0.51909864
6022,0.51909864
6023,0.51909864
6024,0.51909864
6025,0.51909864
6026,0.51909864
6027,0.51909864
6028,0.51909864
6029,0.51909864
6030,0.51909864
6031,0.51909864
6032,0.51909864
6033,0.51909864
6034,0.51909864
6035,0.51909864
6036,0.51909864
6037,0.51909864
6038,0.51909864
6039,0.51909864
6040,0.51909864
6041,0.51909864
6042,0.51909864
6043,0.51909864
6044,0.51909864
6045,0.51909864
6046,0.51909864
6047,0.51909864
6048,0.51909864
6049,0.51909864
6050,0.51909864
6051,0.51909864
6052,0.51909864
6053,0.51909864
6054,0.51909864
6055,0.51909864
6056,0.51909864
6057,0.51909864
6058,0.51909864
6059,0.51909864
6060,0.51909864
6061,0.51909864
6062,0.51909864
6063,0.51909864
6064,0.51909864
6065,0.51909864
6066,0.51909864
6067,0.51909864
6068,0.51909864
6069,0.51909864
6070,0.51909864
6071,0.51909864
6072,0.51909864
6073,0.51909864
6074,0.51909864
6075,0.51909864
6076,0.51909864
6077,0.51909864
6078,0.51909864
6079,0.51909864
6080,0.51909864
6081,0.51909864
6082,0.51909864
6083,0.51909864
6084,0.51909864
6085,0.51909864
6086,0.51909864
6087,0.51909864
6088,0.51909864
6089,0.51909864
6090,0.51909864
6091,0.51909864
6092,0.51909864
6093,0.51909864
6094,0.51909864
6095,0.51909864
6096,0.51909864
6097,0.51909864
6098,0.51909864
6099,0.51909864
6100,0.51909864
6101,0.51909864
6102,0.51909864
6103,0.51909864
6104,0.51909864
6105,0.51909864
6106,0.51909864
6107,0.51909864
6108,0.51909864
6109,0.51909864
6110,0.51909864
6111,0.51909864
6112,0.51909864
6113,0.51909864
6114,0.51909864
6115,0.51909864
6116,0.51909864
6117,0.51909864
6118,0.51909864
6119,0.51909864
6120,0.51909864
6121,0.51909864
6122,0.51909864
6123,0.51909864
6124,0.51909864
6125,0.51909864
6126,0.51909864
6127,0.51909864
6128,0.51909864
6129,0.51909864
6130,0.51909864
6131,0.51909864
6132,0.51909864
6133,0.51909864
6134,0.51909864
6135,0.51909864
6136,0.51909864
6137,0.51909864
6138,0.51909864
6139,0.51909864
6140,0.51909864
6141,0.51909864
6142,0.51909864
6143,0.51909864
6144,0.51909864
6145,0.51909864
6146,0.51909864
6147,0.51909864
6148,0.51909864
6149,0.51909864
6150,0.51909864
6151,0.51909864
6152,0.51909864
6153,0.51909864
6154,0.51909864
6155,0.51909864
6156,0.51909864
6157,0.51909864
6158,0.51909864
6159,0.51909864
6160,0.51909864
6161,0.51909864
6162,0.51909864
6163,0.51909864
6164,0.51909864
6165,0.51909864
6166,0.51909864
6167,0.51909864
6168,0.51909864
6169,0.51909864
6170,0.51909864
6171,0.51909864
6172,0.51909864
6173,0.51909864
6174,0.51909864
6175,0.51909864
6176,0.51909864
6177,0.51909864
6178,0.51909864
6179,0.51909864
6180,0.51909864
6181,0.51909864
6182,0.51909864
6183,0.51909864
6184,0.51909864
6185,0.51909864
6186,0.51909864
6187,0.51909864
6188,0.51909864
6189,0.51909864
6190,0.51909864
6191,0.51909864
6192,0.51909864
6193,0.51909864
6194,0.51909864
6195,0.51909864
6196,0.51909864
6197,0.51909864
6198,0.51909864
6199,0.51909864
6200,0.51909864
6201,0.51909864
6202,0.51909864
6203,0.51909864
6204,0.51909864
6205,0.51909864
6206,0.51909864
6207,0.51909864
6208,0.51909864
6209,0.51909864
6210,0.51909864
6211,0.51909864
6212,0.51909864
6213,0.51909864
6214,0.51909864
6215,0.51909864
6216,0.51909864
6217,0.51909864
6218,0.51909864
6219,0.51909864
6220,0.51909864
6221,0.51909864
6222,0.51909864
6223,0.51909864
6224,0.51909864
6225,0.51909864
6226,0.51909864
6227,0.51909864
6228,0.51909864
6229,0.51909864
6230,0.51909864
6231,0.51909864
6232,0.51909864
6233,0.51909864
6234,0.51909864
6235,0.51909864
6236,0.51909864
6237,0.51909864
6238,0.51909864
6239,0.51909864
6240,0.51909864
6241,0.51909864
6242,0.51909864
6243,0.51909864
6244,0.51909864
6245,0.51909864
6246,0.51909864
6247,0.51909864
6248,0.51909864
6249,0.51909864
6250,0.51909864
6251,0.51909864
6252,0.51909864
6253,0.51909864
6254,0.51909864
6255,0.51909864
6256,0.51909864
6257,0.51909864
6258,0.51909864
6259,0.51909864
6260,0.51909864
6261,0.51909864
6262,0.51909864
6263,0.51909864
6264,0.51909864
6265,0.51909864
6266,0.51909864
6267,0.51909864
6268,0.51909864
6269,0.51909864
6270,0.51909864
6271,0.51909864
6272,0.51909864
6273,0.51909864
6274,0.51909864
6275,0.51909864
6276,0.51909864
6277,0.51909864
6278,0.51909864
6279,0.51909864
6280,0.51909864
6281,0.51909864
6282,0.51909864
6283,0.51909864
6284,0.51909864
6285,0.51909864
6286,0.51909864
6287,0.51909864
6288,0.51909864
6289,0.51909864
6290,0.51909864
6291,0.51909864
6292,0.51909864
6293,0.51909864
6294,0.51909864
6295,0.51909864
6296,0.51909864
6297,0.51909864
6298,0.51909864
6299,0.51909864
6300,0.51909864
6301,0.51909864
6302,0.51909864
6303,0.51909864
6304,0.51909864
6305,0.51909864
6306,0.51909864
6307,0.51909864
6308,0.51909864
6309,0.51909864
6310,0.51909864
6311,0.51909864
6312,0.51909864
6313,0.51909864
6314,0.51909864
6315,0.51909864
6316,0.51909864
6317,0.51909864
6318,0.51909864
6319,0.51909864
6320,0.51909864
6321,0.51909864
6322,0.51909864
6323,0.51909864
6324,0.51909864
6325,0.51909864
6326,0.51909864
6327,0.51909864
6328,0.51909864
6329,0.51909864
6330,0.51909864
6331,0.51909864
6332,0.51909864
6333,0.51909864
6334,0.51909864
6335,0.51909864
6336,0.51909864
6337,0.51909864
6338,0.51909864
6339,0.51909864
6340,0.51909864
6341,0.51909864
6342,0.51909864
6343,0.51909864
6344,0.51909864
6345,0.51909864
6346,0.51909864
6347,0.51909864
6348,0.51909864
6349,0.51909864
6350,0.51909864
6351,0.51909864
6352,0.51909864
6353,0.51909864
6354,0.51909864
6355,0.51909864
6356,0.51909864
6357,0.51909864
6358,0.51909864
6359,0.51909864
6360,0.51909864
6361,0.51909864
6362,0.51909864
6363,0.51909864
6364,0.51909864
6365,0.51909864
6366,0.51909864
6367,0.51909864
6368,0.51909864
6369,0.51909864
6370,0.51909864
6371,0.51909864
6372,0.51909864
6373,0.51909864
6374,0.51909864
6375,0.51909864
6376,0.51909864
6377,0.51909864
6378,0.51909864
6379,0.51909864
6380,0.51909864
6381,0.51909864
6382,0.51909864
6383,0.51909864
6384,0.51909864
6385,0.51909864
6386,0.51909864
6387,0.51909864
6388,0.51909864
6389,0.51909864
6390,0.51909864
6391,0.51909864
6392,0.51909864
6393,0.51909864
6394,0.51909864
6395,0.51909864
6396,0.51909864
6397,0.51909864
6398,0.51909864
6399,0.51909864
6400,0.51909864
6401,0.51909864
6402,0.51909864
6403,0.51909864
6404,0.51909864
6405,0.51909864
6406,0.51909864
6407,0.51909864
6408,0.51909864
6409,0.51909864
6410,0.51909864
6411,0.51909864
6412,0.51909864
6413,0.51909864
6414,0.51909864
6415,0.51909864
6416,0.51909864
6417,0.51909864
6418,0.51909864
6419,0.51909864
6420,0.51909864
6421,0.51909864
6422,0.51909864
6423,0.51909864
6424,0.51909864
6425,0.51909864
6426,0.51909864
6427,0.51909864
6428,0.51909864
6429,0.51909864
6430,0.51909864
6431,0.51909864
6432,0.51909864
6433,0.51909864
6434,0.51909864
6435,0.51909864
6436,0.51909864
6437,0.51909864
6438,0.51909864
6439,0.51909864
6440,0.51909864
6441,0.51909864
6442,0.51909864
6443,0.51909864
6444,0.51909864
6445,0.51909864
6446,0.51909864
6447,0.51909864
6448,0.51909864
6449,0.51909864
6450,0.51909864
6451,0.51909864
6452,0.51909864
6453,0.51909864
6454,0.51909864
6455,0.51909864
6456,0.51909864
6457,0.51909864
6458,0.51909864
6459,0.51909864
6460,0.51909864
6461,0.51909864
6462,0.51909864
6463,0.51909864
6464,0.51909864
6465,0.51909864
6466,0.51909864
6467,0.51909864
6468,0.51909864
6469,0.51909864
6470,0.51909864
6471,0.51909864
6472,0.51909864
6473,0.51909864
6474,0.51909864
6475,0.51909864
6476,0.51909864
6477,0.51909864
6478,0.51909864
6479,0.51909864
6480,0.51909864
6481,0.51909864
6482,0.51909864
6483,0.51909864
6484,0.51909864
6485,0.51909864
6486,0.51909864
6487,0.51909864
6488,0.51909864
6489,0.51909864
6490,0.51909864
6491,0.51909864
6492,0.51909864
6493,0.51909864
6494,0.51909864
6495,0.51909864
6496,0.51909864
6497,0.51909864
6498,0.51909864
6499,0.51909864
6500,0.51909864
6501,0.51909864
6502,0.51909864
6503,0.51909864
6504,0.51909864
6505,0.51909864
6506,0.51909864
6507,0.51909864
6508,0.51909864
6509,0.51909864
6510,0.51909864
6511,0.51909864
6512,0.51909864
6513,0.51909864
6514,0.51909864
6515,0.51909864
6516,0.51909864
6517,0.51909864
6518,0.51909864
6519,0.51909864
6520,0.51909864
6521,0.51909864
6522,0.51909864
6523,0.51909864
6524,0.51909864
6525,0.51909864
6526,0.51909864
6527,0.51909864
6528,0.51909864
6529,0.51909864
6530,0.51909864
6531,0.51909864
6532,0.51909864
6533,0.51909864
6534,0.51909864
6535,0.51909864
6536,0.51909864
6537,0.51909864
6538,0.51909864
6539,0.51909864
6540,0.51909864
6541,0.51909864
6542,0.51909864
6543,0.51909864
6544,0.51909864
6545,0.51909864
6546,0.51909864
6547,0.51909864
6548,0.51909864
6549,0.51909864
6550,0.51909864
6551,0.51909864
6552,0.51909864
6553,0.51909864
6554,0.51909864
6555,0.51909864
6556,0.51909864
6557,0.51909864
6558,0.51909864
6559,0.51909864
6560,0.51909864
6561,0.51909864
6562,0.51909864
6563,0.51909864
6564,0.51909864
6565,0.51909864
6566,0.51909864
6567,0.51909864
6568,0.51909864
6569,0.51909864
6570,0.51909864
6571,0.51909864
6572,0.51909864
6573,0.51909864
6574,0.51909864
6575,0.51909864
6576,0.51909864
6577,0.51909864
6578,0.51909864
6579,0.51909864
6580,0.51909864
6581,0.51909864
6582,0.51909864
6583,0.51909864
6584,0.51909864
6585,0.51909864
6586,0.51909864
6587,0.51909864
6588,0.51909864
6589,0.51909864
6590,0.51909864
6591,0.51909864
6592,0.51909864
6593,0.51909864
6594,0.51909864
6595,0.51909864
6596,0.51909864
6597,0.51909864
6598,0.51909864
6599,0.51909864
6600,0.51909864
6601,0.51909864
6602,0.51909864
6603,0.51909864
6604,0.51909864
6605,0.51909864
6606,0.51909864
6607,0.51909864
6608,0.51909864
6609,0.51909864
6610,0.51909864
6611,0.51909864
6612,0.51909864
6613,0.51909864
6614,0.51909864
6615,0.51909864
6616,0.51909864
6617,0.51909864
6618,0.51909864
6619,0.51909864
6620,0.51909864
6621,0.51909864
6622,0.51909864
6623,0.51909864
6624,0.51909864
6625,0.51909864
6626,0.51909864
6627,0.51909864
6628,0.51909864
6629,0.51909864
6630,0.51909864
6631,0.51909864
6632,0.51909864
6633,0.51909864
6634,0.51909864
6635,0.51909864
6636,0.51909864
6637,0.51909864
6638,0.51909864
6639,0.51909864
6640,0.51909864
6641,0.51909864
6642,0.51909864
6643,0.51909864
6644,0.51909864
6645,0.51909864
6646,0.51909864
6647,0.51909864
6648,0.51909864
6649,0.51909864
6650,0.51909864
6651,0.51909864
6652,0.51909864
6653,0.51909864
6654,0.51909864
6655,0.51909864
6656,0.51909864
6657,0.51909864
6658,0.51909864
6659,0.51909864
6660,0.51909864
6661,0.51909864
6662,0.51909864
6663,0.51909864
6664,0.51909864
6665,0.51909864
6666,0.51909864
6667,0.51909864
6668,0.51909864
6669,0.51909864
6670,0.51909864
6671,0.51909864
6672,0.51909864
6673,0.51909864
6674,0.51909864
6675,0.51909864
6676,0.51909864
6677,0.51909864
6678,0.51909864
6679,0.51909864
6680,0.51909864
6681,0.51909864
6682,0.51909864
6683,0.51909864
6684,0.51909864
6685,0.51909864
6686,0.51909864
6687,0.51909864
6688,0.51909864
6689,0.51909864
6690,0.51909864
6691,0.51909864
6692,0.51909864
6693,0.51909864
6694,0.51909864
6695,0.51909864
6696,0.51909864
6697,0.51909864
6698,0.51909864
6699,0.51909864
6700,0.51909864
6701,0.51909864
6702,0.51909864
6703,0.51909864
6704,0.51909864
6705,0.51909864
6706,0.51909864
6707,0.51909864
6708,0.51909864
6709,0.51909864
6710,0.51909864
6711,0.51909864
6712,0.51909864
6713,0.51909864
6714,0.51909864
6715,0.51909864
6716,0.51909864
6717,0.51909864
6718,0.51909864
6719,0.51909864
6720,0.51909864
6721,0.51909864
6722,0.51909864
6723,0.51909864
6724,0.51909864
6725,0.51909864
6726,0.51909864
6727,0.51909864
6728,0.51909864
6729,0.51909864
6730,0.51909864
6731,0.51909864
6732,0.51909864
6733,0.51909864
6734,0.51909864
6735,0.51909864
6736,0.51909864
6737,0.51909864
6738,0.51909864
6739,0.51909864
6740,0.51909864
6741,0.51909864
6742,0.51909864
6743,0.51909864
6744,0.51909864
6745,0.51909864
6746,0.51909864
6747,0.51909864
6748,0.51909864
6749,0.51909864
6750,0.51909864
6751,0.51909864
6752,0.51909864
6753,0.51909864
6754,0.51909864
6755,0.51909864
6756,0.51909864
6757,0.51909864
6758,0.51909864
6759,0.51909864
6760,0.51909864
6761,0.51909864
6762,0.51909864
6763,0.51909864
6764,0.51909864
6765,0.51909864
6766,0.51909864
6767,0.51909864
6768,0.51909864
6769,0.51909864
6770,0.51909864
6771,0.51909864
6772,0.51909864
6773,0.51909864
6774,0.51909864
6775,0.51909864
6776,0.51909864
6777,0.51909864
6778,0.51909864
6779,0.51909864
6780,0.51909864
6781,0.51909864
6782,0.51909864
6783,0.51909864
6784,0.51909864
6785,0.51909864
6786,0.51909864
6787,0.51909864
6788,0.51909864
6789,0.51909864
6790,0.51909864
6791,0.51909864
6792,0.51909864
6793,0.51909864
6794,0.51909864
6795,0.51909864
6796,0.51909864
6797,0.51909864
6798,0.51909864
6799,0.51909864
6800,0.51909864
6801,0.51909864
6802,0.51909864
6803,0.51909864
6804,0.51909864
6805,0.51909864
6806,0.51909864
6807,0.51909864
6808,0.51909864
6809,0.51909864
6810,0.51909864
6811,0.51909864
6812,0.51909864
6813,0.51909864
6814,0.51909864
6815,0.51909864
6816,0.51909864
6817,0.51909864
6818,0.51909864
6819,0.51909864
6820,0.51909864
6821,0.51909864
6822,0.51909864
6823,0.51909864
6824,0.51909864
6825,0.51909864
6826,0.51909864
6827,0.51909864
6828,0.51909864
6829,0.51909864
6830,0.51909864
6831,0.51909864
6832,0.51909864
6833,0.51909864
6834,0.51909864
6835,0.51909864
6836,0.51909864
6837,0.51909864
6838,0.51909864
6839,0.51909864
6840,0.51909864
6841,0.51909864
6842,0.51909864
6843,0.51909864
6844,0.51909864
6845,0.51909864
6846,0.51909864
6847,0.51909864
6848,0.51909864
6849,0.51909864
6850,0.51909864
6851,0.51909864
6852,0.51909864
6853,0.51909864
6854,0.51909864
6855,0.51909864
6856,0.51909864
6857,0.51909864
6858,0.51909864
6859,0.51909864
6860,0.51909864
6861,0.51909864
6862,0.51909864
6863,0.51909864
6864,0.51909864
6865,0.51909864
6866,0.51909864
6867,0.51909864
6868,0.51909864
6869,0.51909864
6870,0.51909864
6871,0.51909864
6872,0.51909864
6873,0.51909864
6874,0.51909864
6875,0.51909864
6876,0.51909864
6877,0.51909864
6878,0.51909864
6879,0.51909864
6880,0.51909864
6881,0.51909864
6882,0.51909864
6883,0.51909864
6884,0.51909864
6885,0.51909864
6886,0.51909864
6887,0.51909864
6888,0.51909864
6889,0.51909864
6890,0.51909864
6891,0.51909864
6892,0.51909864
6893,0.51909864
6894,0.51909864
6895,0.51909864
6896,0.51909864
6897,0.51909864
6898,0.51909864
6899,0.51909864
6900,0.51909864
6901,0.51909864
6902,0.51909864
6903,0.51909864
6904,0.51909864
6905,0.51909864
6906,0.51909864
6907,0.51909864
6908,0.51909864
6909,0.51909864
6910,0.51909864
6911,0.51909864
6912,0.51909864
6913,0.51909864
6914,0.51909864
6915,0.51909864
6916,0.51909864
6917,0.51909864
6918,0.51909864
6919,0.51909864
6920,0.51909864
6921,0.51909864
6922,0.51909864
6923,0.51909864
6924,0.51909864
6925,0.51909864
6926,0.51909864
6927,0.51909864
6928,0.51909864
6929,0.51909864
6930,0.51909864
6931,0.51909864
6932,0.51909864
6933,0.51909864
6934,0.51909864
6935,0.51909864
6936,0.51909864
6937,0.51909864
6938,0.51909864
6939,0.51909864
6940,0.51909864
6941,0.51909864
6942,0.51909864
6943,0.51909864
6944,0.51909864
6945,0.51909864
6946,0.51909864
6947,0.51909864
6948,0.51909864
6949,0.51909864
6950,0.51909864
6951,0.51909864
6952,0.51909864
6953,0.51909864
6954,0.51909864
6955,0.51909864
6956,0.51909864
6957,0.51909864
6958,0.51909864
6959,0.51909864
6960,0.51909864
6961,0.51909864
6962,0.51909864
6963,0.51909864
6964,0.51909864
6965,0.51909864
6966,0.51909864
6967,0.51909864
6968,0.51909864
6969,0.51909864
6970,0.51909864
6971,0.51909864
6972,0.51909864
6973,0.51909864
6974,0.51909864
6975,0.51909864
6976,0.51909864
6977,0.51909864
6978,0.51909864
6979,0.51909864
6980,0.51909864
6981,0.51909864
6982,0.51909864
6983,0.51909864
6984,0.51909864
6985,0.51909864
6986,0.51909864
6987,0.51909864
6988,0.51909864
6989,0.51909864
6990,0.51909864
6991,0.51909864
6992,0.51909864
6993,0.51909864
6994,0.51909864
6995,0.51909864
6996,0.51909864
6997,0.51909864
6998,0.51909864
6999,0.51909864
7000,0.51909864
7001,0.51909864
7002,0.51909864
7003,0.51909864
7004,0.51909864
7005,0.51909864
7006,0.51909864
7007,0.51909864
7008,0.51909864
7009,0.51909864
7010,0.51909864
7011,0.51909864
7012,0.51909864
7013,0.51909864
7014,0.51909864
7015,0.51909864
7016,0.51909864
7017,0.51909864
7018,0.51909864
7019,0.51909864
7020,0.51909864
7021,0.51909864
7022,0.51909864
7023,0.51909864
7024,0.51909864
7025,0.51909864
7026,0.51909864
7027,0.51909864
7028,0.51909864
7029,0.51909864
7030,0.51909864
7031,0.51909864
7032,0.51909864
7033,0.51909864
7034,0.51909864
7035,0.51909864
7036,0.51909864
7037,0.51909864
7038,0.51909864
7039,0.51909864
7040,0.51909864
7041,0.51909864
7042,0.51909864
7043,0.51909864
7044,0.51909864
7045,0.51909864
7046,0.51909864
7047,0.51909864
7048,0.51909864
7049,0.51909864
7050,0.51909864
7051,0.51909864
7052,0.51909864
7053,0.51909864
7054,0.51909864
7055,0.51909864
7056,0.51909864
7057,0.51909864
7058,0.51909864
7059,0.51909864
7060,0.51909864
7061,0.51909864
7062,0.51909864
7063,0.51909864
7064,0.51909864
7065,0.51909864
7066,0.51909864
7067,0.51909864
7068,0.51909864
7069,0.51909864
7070,0.51909864
7071,0.51909864
7072,0.51909864
7073,0.51909864
7074,0.51909864
7075,0.51909864
7076,0.51909864
7077,0.51909864
7078,0.51909864
7079,0.51909864
7080,0.51909864
7081,0.51909864
7082,0.51909864
7083,0.51909864
7084,0.51909864
7085,0.51909864
7086,0.51909864
7087,0.51909864
7088,0.51909864
7089,0.51909864
7090,0.51909864
7091,0.51909864
7092,0.51909864
7093,0.51909864
7094,0.51909864
7095,0.51909864
7096,0.51909864
7097,0.51909864
7098,0.51909864
7099,0.51909864
7100,0.51909864
7101,0.51909864
7102,0.51909864
7103,0.51909864
7104,0.51909864
7105,0.51909864
7106,0.51909864
7107,0.51909864
7108,0.51909864
7109,0.51909864
7110,0.51909864
7111,0.51909864
7112,0.51909864
7113,0.51909864
7114,0.51909864
7115,0.51909864
7116,0.51909864
7117,0.51909864
7118,0.51909864
7119,0.51909864
7120,0.51909864
7121,0.51909864
7122,0.51909864
7123,0.51909864
7124,0.51909864
7125,0.51909864
7126,0.51909864
7127,0.51909864
7128,0.51909864
7129,0.51909864
7130,0.51909864
7131,0.51909864
7132,0.51909864
7133,0.51909864
7134,0.51909864
7135,0.51909864
7136,0.51909864
7137,0.51909864
7138,0.51909864
7139,0.51909864
7140,0.51909864
7141,0.51909864
7142,0.51909864
7143,0.51909864
7144,0.51909864
7145,0.51909864
7146,0.51909864
7147,0.51909864
7148,0.51909864
7149,0.51909864
7150,0.51909864
7151,0.51909864
7152,0.51909864
7153,0.51909864
7154,0.51909864
7155,0.51909864
7156,0.51909864
7157,0.51909864
7158,0.51909864
7159,0.51909864
7160,0.51909864
7161,0.51909864
7162,0.51909864
7163,0.51909864
7164,0.51909864
7165,0.51909864
7166,0.51909864
7167,0.51909864
7168,0.51909864
7169,0.51909864
7170,0.51909864
7171,0.51909864
7172,0.51909864
7173,0.51909864
7174,0.51909864
7175,0.51909864
7176,0.51909864
7177,0.51909864
7178,0.51909864
7179,0.51909864
7180,0.51909864
7181,0.51909864
7182,0.51909864
7183,0.51909864
7184,0.51909864
7185,0.51909864
7186,0.51909864
7187,0.51909864
7188,0.51909864
7189,0.51909864
7190,0.51909864
7191,0.51909864
7192,0.51909864
7193,0.51909864
7194,0.51909864
7195,0.51909864
7196,0.51909864
7197,0.51909864
7198,0.51909864
7199,0.51909864
7200,0.51909864
7201,0.51909864
7202,0.51909864
7203,0.51909864
7204,0.51909864
7205,0.51909864
7206,0.51909864
7207,0.51909864
7208,0.51909864
7209,0.51909864
7210,0.51909864
7211,0.51909864
7212,0.51909864
7213,0.51909864
7214,0.51909864
7215,0.51909864
7216,0.51909864
7217,0.51909864
7218,0.51909864
7219,0.51909864
7220,0.51909864
7221,0.51909864
7222,0.51909864
7223,0.51909864
7224,0.51909864
7225,0.51909864
7226,0.51909864
7227,0.51909864
7228,0.51909864
7229,0.51909864
7230,0.51909864
7231,0.51909864
7232,0.51909864
7233,0.51909864
7234,0.51909864
7235,0.51909864
7236,0.51909864
7237,0.51909864
7238,0.51909864
7239,0.51909864
7240,0.51909864
7241,0.51909864
7242,0.51909864
7243,0.51909864
7244,0.51909864
7245,0.51909864
7246,0.51909864
7247,0.51909864
7248,0.51909864
7249,0.51909864
7250,0.51909864
7251,0.51909864
7252,0.51909864
7253,0.51909864
7254,0.51909864
7255,0.51909864
7256,0.51909864
7257,0.51909864
7258,0.51909864
7259,0.51909864
7260,0.51909864
7261,0.51909864
7262,0.51909864
7263,0.51909864
7264,0.51909864
7265,0.51909864
7266,0.51909864
7267,0.51909864
7268,0.51909864
7269,0.51909864
7270,0.51909864
7271,0.51909864
7272,0.51909864
7273,0.51909864
7274,0.51909864
7275,0.51909864
7276,0.51909864
7277,0.51909864
7278,0.51909864
7279,0.51909864
7280,0.51909864
7281,0.51909864
7282,0.51909864
7283,0.51909864
7284,0.51909864
7285,0.51909864
7286,0.51909864
7287,0.51909864
7288,0.51909864
7289,0.51909864
7290,0.51909864
7291,0.51909864
7292,0.51909864
7293,0.51909864
7294,0.51909864
7295,0.51909864
7296,0.51909864
7297,0.51909864
7298,0.51909864
7299,0.51909864
7300,0.51909864
7301,0.51909864
7302,0.51909864
7303,0.51909864
7304,0.51909864
7305,0.51909864
7306,0.51909864
7307,0.51909864
7308,0.51909864
7309,0.51909864
7310,0.51909864
7311,0.51909864
7312,0.51909864
7313,0.51909864
7314,0.51909864
7315,0.51909864
7316,0.51909864
7317,0.51909864
7318,0.51909864
7319,0.51909864
7320,0.51909864
7321,0.51909864
7322,0.51909864
7323,0.51909864
7324,0.51909864
7325,0.51909864
7326,0.51909864
7327,0.51909864
7328,0.51909864
7329,0.51909864
7330,0.51909864
7331,0.51909864
7332,0.51909864
7333,0.51909864
7334,0.51909864
7335,0.51909864
7336,0.51909864
7337,0.51909864
7338,0.51909864
7339,0.51909864
7340,0.51909864
7341,0.51909864
7342,0.51909864
7343,0.51909864
7344,0.51909864
7345,0.51909864
7346,0.51909864
7347,0.51909864
7348,0.51909864
7349,0.51909864
7350,0.51909864
7351,0.51909864
7352,0.51909864
7353,0.51909864
7354,0.51909864
7355,0.51909864
7356,0.51909864
7357,0.51909864
7358,0.51909864
7359,0.51909864
7360,0.51909864
7361,0.51909864
7362,0.51909864
7363,0.51909864
7364,0.51909864
7365,0.51909864
7366,0.51909864
7367,0.51909864
7368,0.51909864
7369,0.51909864
7370,0.51909864
7371,0.51909864
7372,0.51909864
7373,0.51909864
7374,0.51909864
7375,0.51909864
7376,0.51909864
7377,0.51909864
7378,0.51909864
7379,0.51909864
7380,0.51909864
7381,0.51909864
7382,0.51909864
7383,0.51909864
7384,0.51909864
7385,0.51909864
7386,0.51909864
7387,0.51909864
7388,0.51909864
7389,0.51909864
7390,0.51909864
7391,0.51909864
7392,0.51909864
7393,0.51909864
7394,0.51909864
7395,0.51909864
7396,0.51909864
7397,0.51909864
7398,0.51909864
7399,0.51909864
7400,0.51909864
7401,0.51909864
7402,0.51909864
7403,0.51909864
7404,0.51909864
7405,0.51909864
7406,0.51909864
7407,0.51909864
7408,0.51909864
7409,0.51909864
7410,0.51909864
7411,0.51909864
7412,0.51909864
7413,0.51909864
7414,0.51909864
7415,0.51909864
7416,0.51909864
7417,0.51909864
7418,0.51909864
7419,0.51909864
7420,0.51909864
7421,0.51909864
7422,0.51909864
7423,0.51909864
7424,0.51909864
7425,0.51909864
7426,0.51909864
7427,0.51909864
7428,0.51909864
7429,0.51909864
7430,0.51909864
7431,0.51909864
7432,0.51909864
7433,0.51909864
7434,0.51909864
7435,0.51909864
7436,0.51909864
7437,0.51909864
7438,0.51909864
7439,0.51909864
7440,0.51909864
7441,0.51909864
7442,0.51909864
7443,0.51909864
7444,0.51909864
7445,0.51909864
7446,0.51909864
7447,0.51909864
7448,0.51909864
7449,0.51909864
7450,0.51909864
7451,0.51909864
7452,0.51909864
7453,0.51909864
7454,0.51909864
7455,0.51909864
7456,0.51909864
7457,0.51909864
7458,0.51909864
7459,0.51909864
7460,0.51909864
7461,0.51909864
7462,0.51909864
7463,0.51909864
7464,0.51909864
7465,0.51909864
7466,0.51909864
7467,0.51909864
7468,0.51909864
7469,0.51909864
7470,0.51909864
7471,0.51909864
7472,0.51909864
7473,0.51909864
7474,0.51909864
7475,0.51909864
7476,0.51909864
7477,0.51909864
7478,0.51909864
7479,0.51909864
7480,0.51909864
7481,0.51909864
7482,0.51909864
7483,0.51909864
7484,0.51909864
7485,0.51909864
7486,0.51909864
7487,0.51909864
7488,0.51909864
7489,0.51909864
7490,0.51909864
7491,0.51909864
7492,0.51909864
7493,0.51909864
7494,0.51909864
7495,0.51909864
7496,0.51909864
7497,0.51909864
7498,0.51909864
7499,0.51909864
7500,0.51909864
7501,0.51909864
7502,0.51909864
7503,0.51909864
7504,0.51909864
7505,0.51909864
7506,0.51909864
7507,0.51909864
7508,0.51909864
7509,0.51909864
7510,0.51909864
7511,0.51909864
7512,0.51909864
7513,0.51909864
7514,0.51909864
7515,0.51909864
7516,0.51909864
7517,0.51909864
7518,0.51909864
7519,0.51909864
7520,0.51909864
7521,0.51909864
7522,0.51909864
7523,0.51909864
7524,0.51909864
7525,0.51909864
7526,0.51909864
7527,0.51909864
7528,0.51909864
7529,0.51909864
7530,0.51909864
7531,0.51909864
7532,0.51909864
7533,0.51909864
7534,0.51909864
7535,0.51909864
7536,0.51909864
7537,0.51909864
7538,0.51909864
7539,0.51909864
7540,0.51909864
7541,0.51909864
7542,0.51909864
7543,0.51909864
7544,0.51909864
7545,0.51909864
7546,0.51909864
7547,0.51909864
7548,0.51909864
7549,0.51909864
7550,0.51909864
7551,0.51909864
7552,0.51909864
7553,0.51909864
7554,0.51909864
7555,0.51909864
7556,0.51909864
7557,0.51909864
7558,0.51909864
7559,0.51909864
7560,0.51909864
7561,0.51909864
7562,0.51909864
7563,0.51909864
7564,0.51909864
7565,0.51909864
7566,0.51909864
7567,0.51909864
7568,0.51909864
7569,0.51909864
7570,0.51909864
7571,0.51909864
7572,0.51909864
7573,0.51909864
7574,0.51909864
7575,0.51909864
7576,0.51909864
7577,0.51909864
7578,0.51909864
7579,0.51909864
7580,0.51909864
7581,0.51909864
7582,0.51909864
7583,0.51909864
7584,0.51909864
7585,0.51909864
7586,0.51909864
7587,0.51909864
7588,0.51909864
7589,0.51909864
7590,0.51909864
7591,0.51909864
7592,0.51909864
7593,0.51909864
7594,0.51909864
7595,0.51909864
7596,0.51909864
7597,0.51909864
7598,0.51909864
7599,0.51909864
7600,0.51909864
7601,0.51909864
7602,0.51909864
7603,0.51909864
7604,0.51909864
7605,0.51909864
7606,0.51909864
7607,0.51909864
7608,0.51909864
7609,0.51909864
7610,0.51909864
7611,0.51909864
7612,0.51909864
7613,0.51909864
7614,0.51909864
7615,0.51909864
7616,0.51909864
7617,0.51909864
7618,0.51909864
7619,0.51909864
7620,0.51909864
7621,0.51909864
7622,0.51909864
7623,0.51909864
7624,0.51909864
7625,0.51909864
7626,0.51909864
7627,0.51909864
7628,0.51909864
7629,0.51909864
7630,0.51909864
7631,0.51909864
7632,0.51909864
7633,0.51909864
7634,0.51909864
7635,0.51909864
7636,0.51909864
7637,0.51909864
7638,0.51909864
7639,0.51909864
7640,0.51909864
7641,0.51909864
7642,0.51909864
7643,0.51909864
7644,0.51909864
7645,0.51909864
7646,0.51909864
7647,0.51909864
7648,0.51909864
7649,0.51909864
7650,0.51909864
7651,0.51909864
7652,0.51909864
7653,0.51909864
7654,0.51909864
7655,0.51909864
7656,0.51909864
7657,0.51909864
7658,0.51909864
7659,0.51909864
7660,0.51909864
7661,0.51909864
7662,0.51909864
7663,0.51909864
7664,0.51909864
7665,0.51909864
7666,0.51909864
7667,0.51909864
7668,0.51909864
7669,0.51909864
7670,0.51909864
7671,0.51909864
7672,0.51909864
7673,0.51909864
7674,0.51909864
7675,0.51909864
7676,0.51909864
7677,0.51909864
7678,0.51909864
7679,0.51909864
7680,0.51909864
7681,0.51909864
7682,0.51909864
7683,0.51909864
7684,0.51909864
7685,0.51909864
7686,0.51909864
7687,0.51909864
7688,0.51909864
7689,0.51909864
7690,0.51909864
7691,0.51909864
7692,0.51909864
7693,0.51909864
7694,0.51909864
7695,0.51909864
7696,0.51909864
7697,0.51909864
7698,0.51909864
7699,0.51909864
7700,0.51909864
7701,0.51909864
7702,0.51909864
7703,0.51909864
7704,0.51909864
7705,0.51909864
7706,0.51909864
7707,0.51909864
7708,0.51909864
7709,0.51909864
7710,0.51909864
7711,0.51909864
7712,0.51909864
7713,0.51909864
7714,0.51909864
7715,0.51909864
7716,0.51909864
7717,0.51909864
7718,0.51909864
7719,0.51909864
7720,0.51909864
7721,0.51909864
7722,0.51909864
7723,0.51909864
7724,0.51909864
7725,0.51909864
7726,0.51909864
7727,0.51909864
7728,0.51909864
7729,0.51909864
7730,0.51909864
7731,0.51909864
7732,0.51909864
7733,0.51909864
7734,0.51909864
7735,0.51909864
7736,0.51909864
7737,0.51909864
7738,0.51909864
7739,0.51909864
7740,0.51909864
7741,0.51909864
7742,0.51909864
7743,0.51909864
7744,0.51909864
7745,0.51909864
7746,0.51909864
7747,0.51909864
7748,0.51909864
7749,0.51909864
7750,0.51909864
7751,0.51909864
7752,0.51909864
7753,0.51909864
7754,0.51909864
7755,0.51909864
7756,0.51909864
7757,0.51909864
7758,0.51909864
7759,0.51909864
7760,0.51909864
7761,0.51909864
7762,0.51909864
7763,0.51909864
7764,0.51909864
7765,0.51909864
7766,0.51909864
7767,0.51909864
7768,0.51909864
7769,0.51909864
7770,0.51909864
7771,0.51909864
7772,0.51909864
7773,0.51909864
7774,0.51909864
7775,0.51909864
7776,0.51909864
7777,0.51909864
7778,0.51909864
7779,0.51909864
7780,0.51909864
7781,0.51909864
7782,0.51909864
7783,0.51909864
7784,0.51909864
7785,0.51909864
7786,0.51909864
7787,0.51909864
7788,0.51909864
7789,0.51909864
7790,0.51909864
7791,0.51909864
7792,0.51909864
7793,0.51909864
7794,0.51909864
7795,0.51909864
7796,0.51909864
7797,0.51909864
7798,0.51909864
7799,0.51909864
7800,0.51909864
7801,0.51909864
7802,0.51909864
7803,0.51909864
7804,0.51909864
7805,0.51909864
7806,0.51909864
7807,0.51909864
7808,0.51909864
7809,0.51909864
7810,0.51909864
7811,0.51909864
7812,0.51909864
7813,0.51909864
7814,0.51909864
7815,0.51909864
7816,0.51909864
7817,0.51909864
7818,0.51909864
7819,0.51909864
7820,0.51909864
7821,0.51909864
7822,0.51909864
7823,0.51909864
7824,0.51909864
7825,0.51909864
7826,0.51909864
7827,0.51909864
7828,0.51909864
7829,0.51909864
7830,0.51909864
7831,0.51909864
7832,0.51909864
7833,0.51909864
7834,0.51909864
7835,0.51909864
7836,0.51909864
7837,0.51909864
7838,0.51909864
7839,0.51909864
7840,0.51909864
7841,0.51909864
7842,0.51909864
7843,0.51909864
7844,0.51909864
7845,0.51909864
7846,0.51909864
7847,0.51909864
7848,0.51909864
7849,0.51909864
7850,0.51909864
7851,0.51909864
7852,0.51909864
7853,0.51909864
7854,0.51909864
7855,0.51909864
7856,0.51909864
7857,0.51909864
7858,0.51909864
7859,0.51909864
7860,0.51909864
7861,0.51909864
7862,0.51909864
7863,0.51909864
7864,0.51909864
7865,0.51909864
7866,0.51909864
7867,0.51909864
7868,0.51909864
7869,0.51909864
7870,0.51909864
7871,0.51909864
7872,0.51909864
7873,0.51909864
7874,0.51909864
7875,0.51909864
7876,0.51909864
7877,0.51909864
7878,0.51909864
7879,0.51909864
7880,0.51909864
7881,0.51909864
7882,0.51909864
7883,0.51909864
7884,0.51909864
7885,0.51909864
7886,0.51909864
7887,0.51909864
7888,0.51909864
7889,0.51909864
7890,0.51909864
7891,0.51909864
7892,0.51909864
7893,0.51909864
7894,0.51909864
7895,0.51909864
7896,0.51909864
7897,0.51909864
7898,0.51909864
7899,0.51909864
7900,0.51909864
7901,0.51909864
7902,0.51909864
7903,0.51909864
7904,0.51909864
7905,0.51909864
7906,0.51909864
7907,0.51909864
7908,0.51909864
7909,0.51909864
7910,0.51909864
7911,0.51909864
7912,0.51909864
7913,0.51909864
7914,0.51909864
7915,0.51909864
7916,0.51909864
7917,0.51909864
7918,0.51909864
7919,0.51909864
7920,0.51909864
7921,0.51909864
7922,0.51909864
7923,0.51909864
7924,0.51909864
7925,0.51909864
7926,0.51909864
7927,0.51909864
7928,0.51909864
7929,0.51909864
7930,0.51909864
7931,0.51909864
7932,0.51909864
7933,0.51909864
7934,0.51909864
7935,0.51909864
7936,0.51909864
7937,0.51909864
7938,0.51909864
7939,0.51909864
7940,0.51909864
7941,0.51909864
7942,0.51909864
7943,0.51909864
7944,0.51909864
7945,0.51909864
7946,0.51909864
7947,0.51909864
7948,0.51909864
7949,0.51909864
7950,0.51909864
7951,0.51909864
7952,0.51909864
7953,0.51909864
7954,0.51909864
7955,0.51909864
7956,0.51909864
7957,0.51909864
7958,0.51909864
7959,0.51909864
7960,0.51909864
7961,0.51909864
7962,0.51909864
7963,0.51909864
7964,0.51909864
7965,0.51909864
7966,0.51909864
7967,0.51909864
7968,0.51909864
7969,0.51909864
7970,0.51909864
7971,0.51909864
7972,0.51909864
7973,0.51909864
7974,0.51909864
7975,0.51909864
7976,0.51909864
7977,0.51909864
7978,0.51909864
7979,0.51909864
7980,0.51909864
7981,0.51909864
7982,0.51909864
7983,0.51909864
7984,0.51909864
7985,0.51909864
7986,0.51909864
7987,0.51909864
7988,0.51909864
7989,0.51909864
7990,0.51909864
7991,0.51909864
7992,0.51909864
7993,0.51909864
7994,0.51909864
7995,0.51909864
7996,0.51909864
7997,0.51909864
7998,0.51909864
7999,0.51909864
8000,0.51909864
8001,0.51909864
8002,0.51909864
8003,0.51909864
8004,0.51909864
8005,0.51909864
8006,0.51909864
8007,0.51909864
8008,0.51909864
8009,0.51909864
8010,0.51909864
8011,0.51909864
8012,0.51909864
8013,0.51909864
8014,0.51909864
8015,0.51909864
8016,0.51909864
8017,0.51909864
8018,0.51909864
8019,0.51909864
8020,0.51909864
8021,0.51909864
8022,0.51909864
8023,0.51909864
8024,0.51909864
8025,0.51909864
8026,0.51909864
8027,0.51909864
8028,0.51909864
8029,0.51909864
8030,0.51909864
8031,0.51909864
8032,0.51909864
8033,0.51909864
8034,0.51909864
8035,0.51909864
8036,0.51909864
8037,0.51909864
8038,0.51909864
8039,0.51909864
8040,0.51909864
8041,0.51909864
8042,0.51909864
8043,0.51909864
8044,0.51909864
8045,0.51909864
8046,0.51909864
8047,0.51909864
8048,0.51909864
8049,0.51909864
8050,0.51909864
8051,0.51909864
8052,0.51909864
8053,0.51909864
8054,0.51909864
8055,0.51909864
8056,0.51909864
8057,0.51909864
8058,0.51909864
8059,0.51909864
8060,0.51909864
8061,0.51909864
8062,0.51909864
8063,0.51909864
8064,0.51909864
8065,0.51909864
8066,0.51909864
8067,0.51909864
8068,0.51909864
8069,0.51909864
8070,0.51909864
8071,0.51909864
8072,0.51909864
8073,0.51909864
8074,0.51909864
8075,0.51909864
8076,0.51909864
8077,0.51909864
8078,0.51909864
8079,0.51909864
8080,0.51909864
8081,0.51909864
8082,0.51909864
8083,0.51909864
8084,0.51909864
8085,0.51909864
8086,0.51909864
8087,0.51909864
8088,0.51909864
8089,0.51909864
8090,0.51909864
8091,0.51909864
8092,0.51909864
8093,0.51909864
8094,0.51909864
8095,0.51909864
8096,0.51909864
8097,0.51909864
8098,0.51909864
8099,0.51909864
8100,0.51909864
8101,0.51909864
8102,0.51909864
8103,0.51909864
8104,0.51909864
8105,0.51909864
8106,0.51909864
8107,0.51909864
8108,0.51909864
8109,0.51909864
8110,0.51909864
8111,0.51909864
8112,0.51909864
8113,0.51909864
8114,0.51909864
8115,0.51909864
8116,0.51909864
8117,0.51909864
8118,0.51909864
8119,0.51909864
8120,0.51909864
8121,0.51909864
8122,0.51909864
8123,0.51909864
8124,0.51909864
8125,0.51909864
8126,0.51909864
8127,0.51909864
8128,0.51909864
8129,0.51909864
8130,0.51909864
8131,0.51909864
8132,0.51909864
8133,0.51909864
8134,0.51909864
8135,0.51909864
8136,0.51909864
8137,0.51909864
8138,0.51909864
8139,0.51909864
8140,0.51909864
8141,0.51909864
8142,0.51909864
8143,0.51909864
8144,0.51909864
8145,0.51909864
8146,0.51909864
8147,0.51909864
8148,0.51909864
8149,0.51909864
8150,0.51909864
8151,0.51909864
8152,0.51909864
8153,0.51909864
8154,0.51909864
8155,0.51909864
8156,0.51909864
8157,0.51909864
8158,0.51909864
8159,0.51909864
8160,0.51909864
8161,0.51909864
8162,0.51909864
8163,0.51909864
8164,0.51909864
8165,0.51909864
8166,0.51909864
8167,0.51909864
8168,0.51909864
8169,0.51909864
8170,0.51909864
8171,0.51909864
8172,0.51909864
8173,0.51909864
8174,0.51909864
8175,0.51909864
8176,0.51909864
8177,0.51909864
8178,0.51909864
8179,0.51909864
8180,0.51909864
8181,0.51909864
8182,0.51909864
8183,0.51909864
8184,0.51909864
8185,0.51909864
8186,0.51909864
8187,0.51909864
8188,0.51909864
8189,0.51909864
8190,0.51909864
8191,0.51909864
8192,0.51909864
8193,0.51909864
8194,0.51909864
8195,0.51909864
8196,0.51909864
8197,0.51909864
8198,0.51909864
8199,0.51909864
8200,0.51909864
8201,0.51909864
8202,0.51909864
8203,0.51909864
8204,0.51909864
8205,0.51909864
8206,0.51909864
8207,0.51909864
8208,0.51909864
8209,0.51909864
8210,0.51909864
8211,0.51909864
8212,0.51909864
8213,0.51909864
8214,0.51909864
8215,0.51909864
8216,0.51909864
8217,0.51909864
8218,0.51909864
8219,0.51909864
8220,0.51909864
8221,0.51909864
8222,0.51909864
8223,0.51909864
8224,0.51909864
8225,0.51909864
8226,0.51909864
8227,0.51909864
8228,0.51909864
8229,0.51909864
8230,0.51909864
8231,0.51909864
8232,0.51909864
8233,0.51909864
8234,0.51909864
8235,0.51909864
8236,0.51909864
8237,0.51909864
8238,0.51909864
8239,0.51909864
8240,0.51909864
8241,0.51909864
8242,0.51909864
8243,0.51909864
8244,0.51909864
8245,0.51909864
8246,0.51909864
8247,0.51909864
8248,0.51909864
8249,0.51909864
8250,0.51909864
8251,0.51909864
8252,0.51909864
8253,0.51909864
8254,0.51909864
8255,0.51909864
8256,0.51909864
8257,0.51909864
8258,0.51909864
8259,0.51909864
8260,0.51909864
8261,0.51909864
8262,0.51909864
8263,0.51909864
8264,0.51909864
8265,0.51909864
8266,0.51909864
8267,0.51909864
8268,0.51909864
8269,0.51909864
8270,0.51909864
8271,0.51909864
8272,0.51909864
8273,0.51909864
8274,0.51909864
8275,0.51909864
8276,0.51909864
8277,0.51909864
8278,0.51909864
8279,0.51909864
8280,0.51909864
8281,0.51909864
8282,0.51909864
8283,0.51909864
8284,0.51909864
8285,0.51909864
8286,0.51909864
8287,0.51909864
8288,0.51909864
8289,0.51909864
8290,0.51909864
8291,0.51909864
8292,0.51909864
8293,0.51909864
8294,0.51909864
8295,0.51909864
8296,0.51909864
8297,0.51909864
8298,0.51909864
8299,0.51909864
8300,0.51909864
8301,0.51909864
8302,0.51909864
8303,0.51909864
8304,0.51909864
8305,0.51909864
8306,0.51909864
8307,0.51909864
8308,0.51909864
8309,0.51909864
8310,0.51909864
8311,0.51909864
8312,0.51909864
8313,0.51909864
8314,0.51909864
8315,0.51909864
8316,0.51909864
8317,0.51909864
8318,0.51909864
8319,0.51909864
8320,0.51909864
8321,0.51909864
8322,0.51909864
8323,0.51909864
8324,0.51909864
8325,0.51909864
8326,0.51909864
8327,0.51909864
8328,0.51909864
8329,0.51909864
8330,0.51909864
8331,0.51909864
8332,0.51909864
8333,0.51909864
8334,0.51909864
8335,0.51909864
8336,0.51909864
8337,0.51909864
8338,0.51909864
8339,0.51909864
8340,0.51909864
8341,0.51909864
8342,0.51909864
8343,0.51909864
8344,0.51909864
8345,0.51909864
8346,0.51909864
8347,0.51909864
8348,0.51909864
8349,0.51909864
8350,0.51909864
8351,0.51909864
8352,0.51909864
8353,0.51909864
8354,0.51909864
8355,0.51909864
8356,0.51909864
8357,0.51909864
8358,0.51909864
8359,0.51909864
8360,0.51909864
8361,0.51909864
8362,0.51909864
8363,0.51909864
8364,0.51909864
8365,0.51909864
8366,0.51909864
8367,0.51909864
8368,0.51909864
8369,0.51909864
8370,0.51909864
8371,0.51909864
8372,0.51909864
8373,0.51909864
8374,0.51909864
8375,0.51909864
8376,0.51909864
8377,0.51909864
8378,0.51909864
8379,0.51909864
8380,0.51909864
8381,0.51909864
8382,0.51909864
8383,0.51909864
8384,0.51909864
8385,0.51909864
8386,0.51909864
8387,0.51909864
8388,0.51909864
8389,0.51909864
8390,0.51909864
8391,0.51909864
8392,0.51909864
8393,0.51909864
8394,0.51909864
8395,0.51909864
8396,0.51909864
8397,0.51909864
8398,0.51909864
8399,0.51909864
8400,0.51909864
8401,0.51909864
8402,0.51909864
8403,0.51909864
8404,0.51909864
8405,0.51909864
8406,0.51909864
8407,0.51909864
8408,0.51909864
8409,0.51909864
8410,0.51909864
8411,0.51909864
8412,0.51909864
8413,0.51909864
8414,0.51909864
8415,0.51909864
8416,0.51909864
8417,0.51909864
8418,0.51909864
8419,0.51909864
8420,0.51909864
8421,0.51909864
8422,0.51909864
8423,0.51909864
8424,0.51909864
8425,0.51909864
8426,0.51909864
8427,0.51909864
8428,0.51909864
8429,0.51909864
8430,0.51909864
8431,0.51909864
8432,0.51909864
8433,0.51909864
8434,0.51909864
8435,0.51909864
8436,0.51909864
8437,0.51909864
8438,0.51909864
8439,0.51909864
8440,0.51909864
8441,0.51909864
8442,0.51909864
8443,0.51909864
8444,0.51909864
8445,0.51909864
8446,0.51909864
8447,0.51909864
8448,0.51909864
8449,0.51909864
8450,0.51909864
8451,0.51909864
8452,0.51909864
8453,0.51909864
8454,0.51909864
8455,0.51909864
8456,0.51909864
8457,0.51909864
8458,0.51909864
8459,0.51909864
8460,0.51909864
8461,0.51909864
8462,0.51909864
8463,0.51909864
8464,0.51909864
8465,0.51909864
8466,0.51909864
8467,0.51909864
8468,0.51909864
8469,0.51909864
8470,0.51909864
8471,0.51909864
8472,0.51909864
8473,0.51909864
8474,0.51909864
8475,0.51909864
8476,0.51909864
8477,0.51909864
8478,0.51909864
8479,0.51909864
8480,0.51909864
8481,0.51909864
8482,0.51909864
8483,0.51909864
8484,0.51909864
8485,0.51909864
8486,0.51909864
8487,0.51909864
8488,0.51909864
8489,0.51909864
8490,0.51909864
8491,0.51909864
8492,0.51909864
8493,0.51909864
8494,0.51909864
8495,0.51909864
8496,0.51909864
8497,0.51909864
8498,0.51909864
8499,0.51909864
8500,0.51909864
8501,0.51909864
8502,0.51909864
8503,0.51909864
8504,0.51909864
8505,0.51909864
8506,0.51909864
8507,0.51909864
8508,0.51909864
8509,0.51909864
8510,0.51909864
8511,0.51909864
8512,0.51909864
8513,0.51909864
8514,0.51909864
8515,0.51909864
8516,0.51909864
8517,0.51909864
8518,0.51909864
8519,0.51909864
8520,0.51909864
8521,0.51909864
8522,0.51909864
8523,0.51909864
8524,0.51909864
8525,0.51909864
8526,0.51909864
8527,0.51909864
8528,0.51909864
8529,0.51909864
8530,0.51909864
8531,0.51909864
8532,0.51909864
8533,0.51909864
8534,0.51909864
8535,0.51909864
8536,0.51909864
8537,0.51909864
8538,0.51909864
8539,0.51909864
8540,0.51909864
8541,0.51909864
8542,0.51909864
8543,0.51909864
8544,0.51909864
8545,0.51909864
8546,0.51909864
8547,0.51909864
8548,0.51909864
8549,0.51909864
8550,0.51909864
8551,0.51909864
8552,0.51909864
8553,0.51909864
8554,0.51909864
8555,0.51909864
8556,0.51909864
8557,0.51909864
8558,0.51909864
8559,0.51909864
8560,0.51909864
8561,0.51909864
8562,0.51909864
8563,0.51909864
8564,0.51909864
8565,0.51909864
8566,0.51909864
8567,0.51909864
8568,0.51909864
8569,0.51909864
8570,0.51909864
8571,0.51909864
8572,0.51909864
8573,0.51909864
8574,0.51909864
8575,0.51909864
8576,0.51909864
8577,0.51909864
8578,0.51909864
8579,0.51909864
8580,0.51909864
8581,0.51909864
8582,0.51909864
8583,0.51909864
8584,0.51909864
8585,0.51909864
8586,0.51909864
8587,0.51909864
8588,0.51909864
8589,0.51909864
8590,0.51909864
8591,0.51909864
8592,0.51909864
8593,0.51909864
8594,0.51909864
8595,0.51909864
8596,0.51909864
8597,0.51909864
8598,0.51909864
8599,0.51909864
8600,0.51909864
8601,0.51909864
8602,0.51909864
8603,0.51909864
8604,0.51909864
8605,0.51909864
8606,0.51909864
8607,0.51909864
8608,0.51909864
8609,0.51909864
8610,0.51909864
8611,0.51909864
8612,0.51909864
8613,0.51909864
8614,0.51909864
8615,0.51909864
8616,0.51909864
8617,0.51909864
8618,0.51909864
8619,0.51909864
8620,0.51909864
8621,0.51909864
8622,0.51909864
8623,0.51909864
8624,0.51909864
8625,0.51909864
8626,0.51909864
8627,0.51909864
8628,0.51909864
8629,0.51909864
8630,0.51909864
8631,0.51909864
8632,0.51909864
8633,0.51909864
8634,0.51909864
8635,0.51909864
8636,0.51909864
8637,0.51909864
8638,0.51909864
8639,0.51909864
8640,0.51909864
8641,0.51909864
8642,0.51909864
8643,0.51909864
8644,0.51909864
8645,0.51909864
8646,0.51909864
8647,0.51909864
8648,0.51909864
8649,0.51909864
8650,0.51909864
8651,0.51909864
8652,0.51909864
8653,0.51909864
8654,0.51909864
8655,0.51909864
8656,0.51909864
8657,0.51909864
8658,0.51909864
8659,0.51909864
8660,0.51909864
8661,0.51909864
8662,0.51909864
8663,0.51909864
8664,0.51909864
8665,0.51909864
8666,0.51909864
8667,0.51909864
8668,0.51909864
8669,0.51909864
8670,0.51909864
8671,0.51909864
8672,0.51909864
8673,0.51909864
8674,0.51909864
8675,0.51909864
8676,0.51909864
8677,0.51909864
8678,0.51909864
8679,0.51909864
8680,0.51909864
8681,0.51909864
8682,0.51909864
8683,0.51909864
8684,0.51909864
8685,0.51909864
8686,0.51909864
8687,0.51909864
8688,0.51909864
8689,0.51909864
8690,0.51909864
8691,0.51909864
8692,0.51909864
8693,0.51909864
8694,0.51909864
8695,0.51909864
8696,0.51909864
8697,0.51909864
8698,0.51909864
8699,0.51909864
8700,0.51909864
8701,0.51909864
8702,0.51909864
8703,0.51909864
8704,0.51909864
8705,0.51909864
8706,0.51909864
8707,0.51909864
8708,0.51909864
8709,0.51909864
8710,0.51909864
8711,0.51909864
8712,0.51909864
8713,0.51909864
8714,0.51909864
8715,0.51909864
8716,0.51909864
8717,0.51909864
8718,0.51909864
8719,0.51909864
8720,0.51909864
8721,0.51909864
8722,0.51909864
8723,0.51909864
8724,0.51909864
8725,0.51909864
8726,0.51909864
8727,0.51909864
8728,0.51909864
8729,0.51909864
8730,0.51909864
8731,0.51909864
8732,0.51909864
8733,0.51909864
8734,0.51909864
8735,0.51909864
8736,0.51909864
8737,0.51909864
8738,0.51909864
8739,0.51909864
8740,0.51909864
8741,0.51909864
8742,0.51909864
8743,0.51909864
8744,0.51909864
8745,0.51909864
8746,0.51909864
8747,0.51909864
8748,0.51909864
8749,0.51909864
8750,0.51909864
8751,0.51909864
8752,0.51909864
8753,0.51909864
8754,0.51909864
8755,0.51909864
8756,0.51909864
8757,0.51909864
8758,0.51909864
8759,0.51909864
8760,0.51909864
8761,0.51909864
8762,0.51909864
8763,0.51909864
8764,0.51909864
8765,0.51909864
8766,0.51909864
8767,0.51909864
8768,0.51909864
8769,0.51909864
8770,0.51909864
8771,0.51909864
8772,0.51909864
8773,0.51909864
8774,0.51909864
8775,0.51909864
8776,0.51909864
8777,0.51909864
8778,0.51909864
8779,0.51909864
8780,0.51909864
8781,0.51909864
8782,0.51909864
8783,0.51909864
8784,0.51909864
8785,0.51909864
8786,0.51909864
8787,0.51909864
8788,0.51909864
8789,0.51909864
8790,0.51909864
8791,0.51909864
8792,0.51909864
8793,0.51909864
8794,0.51909864
8795,0.51909864
8796,0.51909864
8797,0.51909864
8798,0.51909864
8799,0.51909864
8800,0.51909864
8801,0.51909864
8802,0.51909864
8803,0.51909864
8804,0.51909864
8805,0.51909864
8806,0.51909864
8807,0.51909864
8808,0.51909864
8809,0.51909864
8810,0.51909864
8811,0.51909864
8812,0.51909864
8813,0.51909864
8814,0.51909864
8815,0.51909864
8816,0.51909864
8817,0.51909864
8818,0.51909864
8819,0.51909864
8820,0.51909864
8821,0.51909864
8822,0.51909864
8823,0.51909864
8824,0.51909864
8825,0.51909864
8826,0.51909864
8827,0.51909864
8828,0.51909864
8829,0.51909864
8830,0.51909864
8831,0.51909864
8832,0.51909864
8833,0.51909864
8834,0.51909864
8835,0.51909864
8836,0.51909864
8837,0.51909864
8838,0.51909864
8839,0.51909864
8840,0.51909864
8841,0.51909864
8842,0.51909864
8843,0.51909864
8844,0.51909864
8845,0.51909864
8846,0.51909864
8847,0.51909864
8848,0.51909864
8849,0.51909864
8850,0.51909864
8851,0.51909864
8852,0.51909864
8853,0.51909864
8854,0.51909864
8855,0.51909864
8856,0.51909864
8857,0.51909864
8858,0.51909864
8859,0.51909864
8860,0.51909864
8861,0.51909864
8862,0.51909864
8863,0.51909864
8864,0.51909864
8865,0.51909864
8866,0.51909864
8867,0.51909864
8868,0.51909864
8869,0.51909864
8870,0.51909864
8871,0.51909864
8872,0.51909864
8873,0.51909864
8874,0.51909864
8875,0.51909864
8876,0.51909864
8877,0.51909864
8878,0.51909864
8879,0.51909864
8880,0.51909864
8881,0.51909864
8882,0.51909864
8883,0.51909864
8884,0.51909864
8885,0.51909864
8886,0.51909864
8887,0.51909864
8888,0.51909864
8889,0.51909864
8890,0.51909864
8891,0.51909864
8892,0.51909864
8893,0.51909864
8894,0.51909864
8895,0.51909864
8896,0.51909864
8897,0.51909864
8898,0.51909864
8899,0.51909864
8900,0.51909864
8901,0.51909864
8902,0.51909864
8903,0.51909864
8904,0.51909864
8905,0.51909864
8906,0.51909864
8907,0.51909864
8908,0.51909864
8909,0.51909864
8910,0.51909864
8911,0.51909864
8912,0.51909864
8913,0.51909864
8914,0.51909864
8915,0.51909864
8916,0.51909864
8917,0.51909864
8918,0.51909864
8919,0.51909864
8920,0.51909864
8921,0.51909864
8922,0.51909864
8923,0.51909864
8924,0.51909864
8925,0.51909864
8926,0.51909864
8927,0.51909864
8928,0.51909864
8929,0.51909864
8930,0.51909864
8931,0.51909864
8932,0.51909864
8933,0.51909864
8934,0.51909864
8935,0.51909864
8936,0.51909864
8937,0.51909864
8938,0.51909864
8939,0.51909864
8940,0.51909864
8941,0.51909864
8942,0.51909864
8943,0.51909864
8944,0.51909864
8945,0.51909864
8946,0.51909864
8947,0.51909864
8948,0.51909864
8949,0.51909864
8950,0.51909864
8951,0.51909864
8952,0.51909864
8953,0.51909864
8954,0.51909864
8955,0.51909864
8956,0.51909864
8957,0.51909864
8958,0.51909864
8959,0.51909864
8960,0.51909864
8961,0.51909864
8962,0.51909864
8963,0.51909864
8964,0.51909864
8965,0.51909864
8966,0.51909864
8967,0.51909864
8968,0.51909864
8969,0.51909864
8970,0.51909864
8971,0.51909864
8972,0.51909864
8973,0.51909864
8974,0.51909864
8975,0.51909864
8976,0.51909864
8977,0.51909864
8978,0.51909864
8979,0.51909864
8980,0.51909864
8981,0.51909864
8982,0.51909864
8983,0.51909864
8984,0.51909864
8985,0.51909864
8986,0.51909864
8987,0.51909864
8988,0.51909864
8989,0.51909864
8990,0.51909864
8991,0.51909864
8992,0.51909864
8993,0.51909864
8994,0.51909864
8995,0.51909864
8996,0.51909864
8997,0.51909864
8998,0.51909864
8999,0.51909864
9000,0.51909864
9001,0.51909864
9002,0.51909864
9003,0.51909864
9004,0.51909864
9005,0.51909864
9006,0.51909864
9007,0.51909864
9008,0.51909864
9009,0.51909864
9010,0.51909864
9011,0.51909864
9012,0.51909864
9013,0.51909864
9014,0.51909864
9015,0.51909864
9016,0.51909864
9017,0.51909864
9018,0.51909864
9019,0.51909864
9020,0.51909864
9021,0.51909864
9022,0.51909864
9023,0.51909864
9024,0.51909864
9025,0.51909864
9026,0.51909864
9027,0.51909864
9028,0.51909864
9029,0.51909864
9030,0.51909864
9031,0.51909864
9032,0.51909864
9033,0.51909864
9034,0.51909864
9035,0.51909864
9036,0.51909864
9037,0.51909864
9038,0.51909864
9039,0.51909864
9040,0.51909864
9041,0.51909864
9042,0.51909864
9043,0.51909864
9044,0.51909864
9045,0.51909864
9046,0.51909864
9047,0.51909864
9048,0.51909864
9049,0.51909864
9050,0.51909864
9051,0.51909864
9052,0.51909864
9053,0.51909864
9054,0.51909864
9055,0.51909864
9056,0.51909864
9057,0.51909864
9058,0.51909864
9059,0.51909864
9060,0.51909864
9061,0.51909864
9062,0.51909864
9063,0.51909864
9064,0.51909864
9065,0.51909864
9066,0.51909864
9067,0.51909864
9068,0.51909864
9069,0.51909864
9070,0.51909864
9071,0.51909864
9072,0.51909864
9073,0.51909864
9074,0.51909864
9075,0.51909864
9076,0.51909864
9077,0.51909864
9078,0.51909864
9079,0.51909864
9080,0.51909864
9081,0.51909864
9082,0.51909864
9083,0.51909864
9084,0.51909864
9085,0.51909864
9086,0.51909864
9087,0.51909864
9088,0.51909864
9089,0.51909864
9090,0.51909864
9091,0.51909864
9092,0.51909864
9093,0.51909864
9094,0.51909864
9095,0.51909864
9096,0.51909864
9097,0.51909864
9098,0.51909864
9099,0.51909864
9100,0.51909864
9101,0.51909864
9102,0.51909864
9103,0.51909864
9104,0.51909864
9105,0.51909864
9106,0.51909864
9107,0.51909864
9108,0.51909864
9109,0.51909864
9110,0.51909864
9111,0.51909864
9112,0.51909864
9113,0.51909864
9114,0.51909864
9115,0.51909864
9116,0.51909864
9117,0.51909864
9118,0.51909864
9119,0.51909864
9120,0.51909864
9121,0.51909864
9122,0.51909864
9123,0.51909864
9124,0.51909864
9125,0.51909864
9126,0.51909864
9127,0.51909864
9128,0.51909864
9129,0.51909864
9130,0.51909864
9131,0.51909864
9132,0.51909864
9133,0.51909864
9134,0.51909864
9135,0.51909864
9136,0.51909864
9137,0.51909864
9138,0.51909864
9139,0.51909864
9140,0.51909864
9141,0.51909864
9142,0.51909864
9143,0.51909864
9144,0.51909864
9145,0.51909864
9146,0.51909864
9147,0.51909864
9148,0.51909864
9149,0.51909864
9150,0.51909864
9151,0.51909864
9152,0.51909864
9153,0.51909864
9154,0.51909864
9155,0.51909864
9156,0.51909864
9157,0.51909864
9158,0.51909864
9159,0.51909864
9160,0.51909864
9161,0.51909864
9162,0.51909864
9163,0.51909864
9164,0.51909864
9165,0.51909864
9166,0.51909864
9167,0.51909864
9168,0.51909864
9169,0.51909864
9170,0.51909864
9171,0.51909864
9172,0.51909864
9173,0.51909864
9174,0.51909864
9175,0.51909864
9176,0.51909864
9177,0.51909864
9178,0.51909864
9179,0.51909864
9180,0.51909864
9181,0.51909864
9182,0.51909864
9183,0.51909864
9184,0.51909864
9185,0.51909864
9186,0.51909864
9187,0.51909864
9188,0.51909864
9189,0.51909864
9190,0.51909864
9191,0.51909864
9192,0.51909864
9193,0.51909864
9194,0.51909864
9195,0.51909864
9196,0.51909864
9197,0.51909864
9198,0.51909864
9199,0.51909864
9200,0.51909864
9201,0.51909864
9202,0.51909864
9203,0.51909864
9204,0.51909864
9205,0.51909864
9206,0.51909864
9207,0.51909864
9208,0.51909864
9209,0.51909864
9210,0.51909864
9211,0.51909864
9212,0.51909864
9213,0.51909864
9214,0.51909864
9215,0.51909864
9216,0.51909864
9217,0.51909864
9218,0.51909864
9219,0.51909864
9220,0.51909864
9221,0.51909864
9222,0.51909864
9223,0.51909864
9224,0.51909864
9225,0.51909864
9226,0.51909864
9227,0.51909864
9228,0.51909864
9229,0.51909864
9230,0.51909864
9231,0.51909864
9232,0.51909864
9233,0.51909864
9234,0.51909864
9235,0.51909864
9236,0.51909864
9237,0.51909864
9238,0.51909864
9239,0.51909864
9240,0.51909864
9241,0.51909864
9242,0.51909864
9243,0.51909864
9244,0.51909864
9245,0.51909864
9246,0.51909864
9247,0.51909864
9248,0.51909864
9249,0.51909864
9250,0.51909864
9251,0.51909864
9252,0.51909864
9253,0.51909864
9254,0.51909864
9255,0.51909864
9256,0.51909864
9257,0.51909864
9258,0.51909864
9259,0.51909864
9260,0.51909864
9261,0.51909864
9262,0.51909864
9263,0.51909864
9264,0.51909864
9265,0.51909864
9266,0.51909864
9267,0.51909864
9268,0.51909864
9269,0.51909864
9270,0.51909864
9271,0.51909864
9272,0.51909864
9273,0.51909864
9274,0.51909864
9275,0.51909864
9276,0.51909864
9277,0.51909864
9278,0.51909864
9279,0.51909864
9280,0.51909864
9281,0.51909864
9282,0.51909864
9283,0.51909864
9284,0.51909864
9285,0.51909864
9286,0.51909864
9287,0.51909864
9288,0.51909864
9289,0.51909864
9290,0.51909864
9291,0.51909864
9292,0.51909864
9293,0.51909864
9294,0.51909864
9295,0.51909864
9296,0.51909864
9297,0.51909864
9298,0.51909864
9299,0.51909864
9300,0.51909864
9301,0.51909864
9302,0.51909864
9303,0.51909864
9304,0.51909864
9305,0.51909864
9306,0.51909864
9307,0.51909864
9308,0.51909864
9309,0.51909864
9310,0.51909864
9311,0.51909864
9312,0.51909864
9313,0.51909864
9314,0.51909864
9315,0.51909864
9316,0.51909864
9317,0.51909864
9318,0.51909864
9319,0.51909864
9320,0.51909864
9321,0.51909864
9322,0.51909864
9323,0.51909864
9324,0.51909864
9325,0.51909864
9326,0.51909864
9327,0.51909864
9328,0.51909864
9329,0.51909864
9330,0.51909864
9331,0.51909864
9332,0.51909864
9333,0.51909864
9334,0.51909864
9335,0.51909864
9336,0.51909864
9337,0.51909864
9338,0.51909864
9339,0.51909864
9340,0.51909864
9341,0.51909864
9342,0.51909864
9343,0.51909864
9344,0.51909864
9345,0.51909864
9346,0.51909864
9347,0.51909864
9348,0.51909864
9349,0.51909864
9350,0.51909864
9351,0.51909864
9352,0.51909864
9353,0.51909864
9354,0.51909864
9355,0.51909864
9356,0.51909864
9357,0.51909864
9358,0.51909864
9359,0.51909864
9360,0.51909864
9361,0.51909864
9362,0.51909864
9363,0.51909864
9364,0.51909864
9365,0.51909864
9366,0.51909864
9367,0.51909864
9368,0.51909864
9369,0.51909864
9370,0.51909864
9371,0.51909864
9372,0.51909864
9373,0.51909864
9374,0.51909864
9375,0.51909864
9376,0.51909864
9377,0.51909864
9378,0.51909864
9379,0.51909864
9380,0.51909864
9381,0.51909864
9382,0.51909864
9383,0.51909864
9384,0.51909864
9385,0.51909864
9386,0.51909864
9387,0.51909864
9388,0.51909864
9389,0.51909864
9390,0.51909864
9391,0.51909864
9392,0.51909864
9393,0.51909864
9394,0.51909864
9395,0.51909864
9396,0.51909864
9397,0.51909864
9398,0.51909864
9399,0.51909864
9400,0.51909864
9401,0.51909864
9402,0.51909864
9403,0.51909864
9404,0.51909864
9405,0.51909864
9406,0.51909864
9407,0.51909864
9408,0.51909864
9409,0.51909864
9410,0.51909864
9411,0.51909864
9412,0.51909864
9413,0.51909864
9414,0.51909864
9415,0.51909864
9416,0.51909864
9417,0.51909864
9418,0.51909864
9419,0.51909864
9420,0.51909864
9421,0.51909864
9422,0.51909864
9423,0.51909864
9424,0.51909864
9425,0.51909864
9426,0.51909864
9427,0.51909864
9428,0.51909864
9429,0.51909864
9430,0.51909864
9431,0.51909864
9432,0.51909864
9433,0.51909864
9434,0.51909864
9435,0.51909864
9436,0.51909864
9437,0.51909864
9438,0.51909864
9439,0.51909864
9440,0.51909864
9441,0.51909864
9442,0.51909864
9443,0.51909864
9444,0.51909864
9445,0.51909864
9446,0.51909864
9447,0.51909864
9448,0.51909864
9449,0.51909864
9450,0.51909864
9451,0.51909864
9452,0.51909864
9453,0.51909864
9454,0.51909864
9455,0.51909864
9456,0.51909864
9457,0.51909864
9458,0.51909864
9459,0.51909864
9460,0.51909864
9461,0.51909864
9462,0.51909864
9463,0.51909864
9464,0.51909864
9465,0.51909864
9466,0.51909864
9467,0.51909864
9468,0.51909864
9469,0.51909864
9470,0.51909864
9471,0.51909864
9472,0.51909864
9473,0.51909864
9474,0.51909864
9475,0.51909864
9476,0.51909864
9477,0.51909864
9478,0.51909864
9479,0.51909864
9480,0.51909864
9481,0.51909864
9482,0.51909864
9483,0.51909864
9484,0.51909864
9485,0.51909864
9486,0.51909864
9487,0.51909864
9488,0.51909864
9489,0.51909864
9490,0.51909864
9491,0.51909864
9492,0.51909864
9493,0.51909864
9494,0.51909864
9495,0.51909864
9496,0.51909864
9497,0.51909864
9498,0.51909864
9499,0.51909864
9500,0.51909864
9501,0.51909864
9502,0.51909864
9503,0.51909864
9504,0.51909864
9505,0.51909864
9506,0.51909864
9507,0.51909864
9508,0.51909864
9509,0.51909864
9510,0.51909864
9511,0.51909864
9512,0.51909864
9513,0.51909864
9514,0.51909864
9515,0.51909864
9516,0.51909864
9517,0.51909864
9518,0.51909864
9519,0.51909864
9520,0.51909864
9521,0.51909864
9522,0.51909864
9523,0.51909864
9524,0.51909864
9525,0.51909864
9526,0.51909864
9527,0.51909864
9528,0.51909864
9529,0.51909864
9530,0.51909864
9531,0.51909864
9532,0.51909864
9533,0.51909864
9534,0.51909864
9535,0.51909864
9536,0.51909864
9537,0.51909864
9538,0.51909864
9539,0.51909864
9540,0.51909864
9541,0.51909864
9542,0.51909864
9543,0.51909864
9544,0.51909864
9545,0.51909864
9546,0.51909864
9547,0.51909864
9548,0.51909864
9549,0.51909864
9550,0.51909864
9551,0.51909864
9552,0.51909864
9553,0.51909864
9554,0.51909864
9555,0.51909864
9556,0.51909864
9557,0.51909864
9558,0.51909864
9559,0.51909864
9560,0.51909864
9561,0.51909864
9562,0.51909864
9563,0.51909864
9564,0.51909864
9565,0.51909864
9566,0.51909864
9567,0.51909864
9568,0.51909864
9569,0.51909864
9570,0.51909864
9571,0.51909864
9572,0.51909864
9573,0.51909864
9574,0.51909864
9575,0.51909864
9576,0.51909864
9577,0.51909864
9578,0.51909864
9579,0.51909864
9580,0.51909864
9581,0.51909864
9582,0.51909864
9583,0.51909864
9584,0.51909864
9585,0.51909864
9586,0.51909864
9587,0.51909864
9588,0.51909864
9589,0.51909864
9590,0.51909864
9591,0.51909864
9592,0.51909864
9593,0.51909864
9594,0.51909864
9595,0.51909864
9596,0.51909864
9597,0.51909864
9598,0.51909864
9599,0.51909864
9600,0.51909864
9601,0.51909864
9602,0.51909864
9603,0.51909864
9604,0.51909864
9605,0.51909864
9606,0.51909864
9607,0.51909864
9608,0.51909864
9609,0.51909864
9610,0.51909864
9611,0.51909864
9612,0.51909864
9613,0.51909864
9614,0.51909864
9615,0.51909864
9616,0.51909864
9617,0.51909864
9618,0.51909864
9619,0.51909864
9620,0.51909864
9621,0.51909864
9622,0.51909864
9623,0.51909864
9624,0.51909864
9625,0.51909864
9626,0.51909864
9627,0.51909864
9628,0.51909864
9629,0.51909864
9630,0.51909864
9631,0.51909864
9632,0.51909864
9633,0.51909864
9634,0.51909864
9635,0.51909864
9636,0.51909864
9637,0.51909864
9638,0.51909864
9639,0.51909864
9640,0.51909864
9641,0.51909864
9642,0.51909864
9643,0.51909864
9644,0.51909864
9645,0.51909864
9646,0.51909864
9647,0.51909864
9648,0.51909864
9649,0.51909864
9650,0.51909864
9651,0.51909864
9652,0.51909864
9653,0.51909864
9654,0.51909864
9655,0.51909864
9656,0.51909864
9657,0.51909864
9658,0.51909864
9659,0.51909864
9660,0.51909864
9661,0.51909864
9662,0.51909864
9663,0.51909864
9664,0.51909864
9665,0.51909864
9666,0.51909864
9667,0.51909864
9668,0.51909864
9669,0.51909864
9670,0.51909864
9671,0.51909864
9672,0.51909864
9673,0.51909864
9674,0.51909864
9675,0.51909864
9676,0.51909864
9677,0.51909864
9678,0.51909864
9679,0.51909864
9680,0.51909864
9681,0.51909864
9682,0.51909864
9683,0.51909864
9684,0.51909864
9685,0.51909864
9686,0.51909864
9687,0.51909864
9688,0.51909864
9689,0.51909864
9690,0.51909864
9691,0.51909864
9692,0.51909864
9693,0.51909864
9694,0.51909864
9695,0.51909864
9696,0.51909864
9697,0.51909864
9698,0.51909864
9699,0.51909864
9700,0.51909864
9701,0.51909864
9702,0.51909864
9703,0.51909864
9704,0.51909864
9705,0.51909864
9706,0.51909864
9707,0.51909864
9708,0.51909864
9709,0.51909864
9710,0.51909864
9711,0.51909864
9712,0.51909864
9713,0.51909864
9714,0.51909864
9715,0.51909864
9716,0.51909864
9717,0.51909864
9718,0.51909864
9719,0.51909864
9720,0.51909864
9721,0.51909864
9722,0.51909864
9723,0.51909864
9724,0.51909864
9725,0.51909864
9726,0.51909864
9727,0.51909864
9728,0.51909864
9729,0.51909864
9730,0.51909864
9731,0.51909864
9732,0.51909864
9733,0.51909864
9734,0.51909864
9735,0.51909864
9736,0.51909864
9737,0.51909864
9738,0.51909864
9739,0.51909864
9740,0.51909864
9741,0.51909864
9742,0.51909864
9743,0.51909864
9744,0.51909864
9745,0.51909864
9746,0.51909864
9747,0.51909864
9748,0.51909864
9749,0.51909864
9750,0.51909864
9751,0.51909864
9752,0.51909864
9753,0.51909864
9754,0.51909864
9755,0.51909864
9756,0.51909864
9757,0.51909864
9758,0.51909864
9759,0.51909864
9760,0.51909864
9761,0.51909864
9762,0.51909864
9763,0.51909864
9764,0.51909864
9765,0.51909864
9766,0.51909864
9767,0.51909864
9768,0.51909864
9769,0.51909864
9770,0.51909864
9771,0.51909864
9772,0.51909864
9773,0.51909864
9774,0.51909864
9775,0.51909864
9776,0.51909864
9777,0.51909864
9778,0.51909864
9779,0.51909864
9780,0.51909864
9781,0.51909864
9782,0.51909864
9783,0.51909864
9784,0.51909864
9785,0.51909864
9786,0.51909864
9787,0.51909864
9788,0.51909864
9789,0.51909864
9790,0.51909864
9791,0.51909864
9792,0.51909864
9793,0.51909864
9794,0.51909864
9795,0.51909864
9796,0.51909864
9797,0.51909864
9798,0.51909864
9799,0.51909864
9800,0.51909864
9801,0.51909864
9802,0.51909864
9803,0.51909864
9804,0.51909864
9805,0.51909864
9806,0.51909864
9807,0.51909864
9808,0.51909864
9809,0.51909864
9810,0.51909864
9811,0.51909864
9812,0.51909864
9813,0.51909864
9814,0.51909864
9815,0.51909864
9816,0.51909864
9817,0.51909864
9818,0.51909864
9819,0.51909864
9820,0.51909864
9821,0.51909864
9822,0.51909864
9823,0.51909864
9824,0.51909864
9825,0.51909864
9826,0.51909864
9827,0.51909864
9828,0.51909864
9829,0.51909864
9830,0.51909864
9831,0.51909864
9832,0.51909864
9833,0.51909864
9834,0.51909864
9835,0.51909864
9836,0.51909864
9837,0.51909864
9838,0.51909864
9839,0.51909864
9840,0.51909864
9841,0.51909864
9842,0.51909864
9843,0.51909864
9844,0.51909864
9845,0.51909864
9846,0.51909864
9847,0.51909864
9848,0.51909864
9849,0.51909864
9850,0.51909864
9851,0.51909864
9852,0.51909864
9853,0.51909864
9854,0.51909864
9855,0.51909864
9856,0.51909864
9857,0.51909864
9858,0.51909864
9859,0.51909864
9860,0.51909864
9861,0.51909864
9862,0.51909864
9863,0.51909864
9864,0.51909864
9865,0.51909864
9866,0.51909864
9867,0.51909864
9868,0.51909864
9869,0.51909864
9870,0.51909864
9871,0.51909864
9872,0.51909864
9873,0.51909864
9874,0.51909864
9875,0.51909864
9876,0.51909864
9877,0.51909864
9878,0.51909864
9879,0.51909864
9880,0.51909864
9881,0.51909864
9882,0.51909864
9883,0.51909864
9884,0.51909864
9885,0.51909864
9886,0.51909864
9887,0.51909864
9888,0.51909864
9889,0.51909864
9890,0.51909864
9891,0.51909864
9892,0.51909864
9893,0.51909864
9894,0.51909864
9895,0.51909864
9896,0.51909864
9897,0.51909864
9898,0.51909864
9899,0.51909864
9900,0.51909864
9901,0.51909864
9902,0.51909864
9903,0.51909864
9904,0.51909864
9905,0.51909864
9906,0.51909864
9907,0.51909864
9908,0.51909864
9909,0.51909864
9910,0.51909864
9911,0.51909864
9912,0.51909864
9913,0.51909864
9914,0.51909864
9915,0.51909864
9916,0.51909864
9917,0.51909864
9918,0.51909864
9919,0.51909864
9920,0.51909864
9921,0.51909864
9922,0.51909864
9923,0.51909864
9924,0.51909864
9925,0.51909864
9926,0.51909864
9927,0.51909864
9928,0.51909864
9929,0.51909864
9930,0.51909864
9931,0.51909864
9932,0.51909864
9933,0.51909864
9934,0.51909864
9935,0.51909864
9936,0.51909864
9937,0.51909864
9938,0.51909864
9939,0.51909864
9940,0.51909864
9941,0.51909864
9942,0.51909864
9943,0.51909864
9944,0.51909864
9945,0.51909864
9946,0.51909864
9947,0.51909864
9948,0.51909864
9949,0.51909864
9950,0.51909864
9951,0.51909864
9952,0.51909864
9953,0.51909864
9954,0.51909864
9955,0.51909864
9956,0.51909864
9957,0.51909864
9958,0.51909864
9959,0.51909864
9960,0.51909864
9961,0.51909864
9962,0.51909864
9963,0.51909864
9964,0.51909864
9965,0.51909864
9966,0.51909864
9967,0.51909864
9968,0.51909864
9969,0.51909864
9970,0.51909864
9971,0.51909864
9972,0.51909864
9973,0.51909864
9974,0.51909864
9975,0.51909864
9976,0.51909864
9977,0.51909864
9978,0.51909864
9979,0.51909864
9980,0.51909864
9981,0.51909864
9982,0.51909864
9983,0.51909864
9984,0.51909864
9985,0.51909864
9986,0.51909864
9987,0.51909864
9988,0.51909864
9989,0.51909864
9990,0.51909864
9991,0.51909864
9992,0.51909864
9993,0.51909864
9994,0.51909864
9995,0.51909864
9996,0.51909864
9997,0.51909864
9998,0.51909864
9999,0.51909864
10000,0.51909864
10001,0.51909864
10002,0.51909864
10003,0.51909864
10004,0.51909864
10005,0.51909864
10006,0.51909864
10007,0.51909864
10008,0.51909864
10009,0.51909864
10010,0.51909864
10011,0.51909864
10012,0.51909864
10013,0.51909864
10014,0.51909864
10015,0.51909864
10016,0.51909864
10017,0.51909864
10018,0.51909864
10019,0.51909864
10020,0.51909864
10021,0.51909864
10022,0.51909864
10023,0.51909864
10024,0.51909864
10025,0.51909864
10026,0.51909864
10027,0.51909864
10028,0.51909864
10029,0.51909864
10030,0.51909864
10031,0.51909864
10032,0.51909864
10033,0.51909864
10034,0.51909864
10035,0.51909864
10036,0.51909864
10037,0.51909864
10038,0.51909864
10039,0.51909864
10040,0.51909864
10041,0.51909864
10042,0.51909864
10043,0.51909864
10044,0.51909864
10045,0.51909864
10046,0.51909864
10047,0.51909864
10048,0.51909864
10049,0.51909864
10050,0.51909864
10051,0.51909864
10052,0.51909864
10053,0.51909864
10054,0.51909864
10055,0.51909864
10056,0.51909864
10057,0.51909864
10058,0.51909864
10059,0.51909864
10060,0.51909864
10061,0.51909864
10062,0.51909864
10063,0.51909864
10064,0.51909864
10065,0.51909864
10066,0.51909864
10067,0.51909864
10068,0.51909864
10069,0.51909864
10070,0.51909864
10071,0.51909864
10072,0.51909864
10073,0.51909864
10074,0.51909864
10075,0.51909864
10076,0.51909864
10077,0.51909864
10078,0.51909864
10079,0.51909864
10080,0.51909864
10081,0.51909864
10082,0.51909864
10083,0.51909864
10084,0.51909864
10085,0.51909864
10086,0.51909864
10087,0.51909864
10088,0.51909864
10089,0.51909864
10090,0.51909864
10091,0.51909864
10092,0.51909864
10093,0.51909864
10094,0.51909864
10095,0.51909864
10096,0.51909864
10097,0.51909864
10098,0.51909864
10099,0.51909864
10100,0.51909864
10101,0.51909864
10102,0.51909864
10103,0.51909864
10104,0.51909864
10105,0.51909864
10106,0.51909864
10107,0.51909864
10108,0.51909864
10109,0.51909864
10110,0.51909864
10111,0.51909864
10112,0.51909864
10113,0.51909864
10114,0.51909864
10115,0.51909864
10116,0.51909864
10117,0.51909864
10118,0.51909864
10119,0.51909864
10120,0.51909864
10121,0.51909864
10122,0.51909864
10123,0.51909864
10124,0.51909864
10125,0.51909864
10126,0.51909864
10127,0.51909864
10128,0.51909864
10129,0.51909864
10130,0.51909864
10131,0.51909864
10132,0.51909864
10133,0.51909864
10134,0.51909864
10135,0.51909864
10136,0.51909864
10137,0.51909864
10138,0.51909864
10139,0.51909864
10140,0.51909864
10141,0.51909864
10142,0.51909864
10143,0.51909864
10144,0.51909864
10145,0.51909864
10146,0.51909864
10147,0.51909864
10148,0.51909864
10149,0.51909864
10150,0.51909864
10151,0.51909864
10152,0.51909864
10153,0.51909864
10154,0.51909864
10155,0.51909864
10156,0.51909864
10157,0.51909864
10158,0.51909864
10159,0.51909864
10160,0.51909864
10161,0.51909864
10162,0.51909864
10163,0.51909864
10164,0.51909864
10165,0.51909864
10166,0.51909864
10167,0.51909864
10168,0.51909864
10169,0.51909864
10170,0.51909864
10171,0.51909864
10172,0.51909864
10173,0.51909864
10174,0.51909864
10175,0.51909864
10176,0.51909864
10177,0.51909864
10178,0.51909864
10179,0.51909864
10180,0.51909864
10181,0.51909864
10182,0.51909864
10183,0.51909864
10184,0.51909864
10185,0.51909864
10186,0.51909864
10187,0.51909864
10188,0.51909864
10189,0.51909864
10190,0.51909864
10191,0.51909864
10192,0.51909864
10193,0.51909864
10194,0.51909864
10195,0.51909864
10196,0.51909864
10197,0.51909864
10198,0.51909864
10199,0.51909864
10200,0.51909864
10201,0.51909864
10202,0.51909864
10203,0.51909864
10204,0.51909864
10205,0.51909864
10206,0.51909864
10207,0.51909864
10208,0.51909864
10209,0.51909864
10210,0.51909864
10211,0.51909864
10212,0.51909864
10213,0.51909864
10214,0.51909864
10215,0.51909864
10216,0.51909864
10217,0.51909864
10218,0.51909864
10219,0.51909864
10220,0.51909864
10221,0.51909864
10222,0.51909864
10223,0.51909864
10224,0.51909864
10225,0.51909864
10226,0.51909864
10227,0.51909864
10228,0.51909864
10229,0.51909864
10230,0.51909864
10231,0.51909864
10232,0.51909864
10233,0.51909864
10234,0.51909864
10235,0.51909864
10236,0.51909864
10237,0.51909864
10238,0.51909864
10239,0.51909864
10240,0.51909864
10241,0.51909864
10242,0.51909864
10243,0.51909864
10244,0.51909864
10245,0.51909864
10246,0.51909864
10247,0.51909864
10248,0.51909864
10249,0.51909864
10250,0.51909864
10251,0.51909864
10252,0.51909864
10253,0.51909864
10254,0.51909864
10255,0.51909864
10256,0.51909864
10257,0.51909864
10258,0.51909864
10259,0.51909864
10260,0.51909864
10261,0.51909864
10262,0.51909864
10263,0.51909864
10264,0.51909864
10265,0.51909864
10266,0.51909864
10267,0.51909864
10268,0.51909864
10269,0.51909864
10270,0.51909864
10271,0.51909864
10272,0.51909864
10273,0.51909864
10274,0.51909864
10275,0.51909864
10276,0.51909864
10277,0.51909864
10278,0.51909864
10279,0.51909864
10280,0.51909864
10281,0.51909864
10282,0.51909864
10283,0.51909864
10284,0.51909864
10285,0.51909864
10286,0.51909864
10287,0.51909864
10288,0.51909864
10289,0.51909864
10290,0.51909864
10291,0.51909864
10292,0.51909864
10293,0.51909864
10294,0.51909864
10295,0.51909864
10296,0.51909864
10297,0.51909864
10298,0.51909864
10299,0.51909864
10300,0.51909864
10301,0.51909864
10302,0.51909864
10303,0.51909864
10304,0.51909864
10305,0.51909864
10306,0.51909864
10307,0.51909864
10308,0.51909864
10309,0.51909864
10310,0.51909864
10311,0.51909864
10312,0.51909864
10313,0.51909864
10314,0.51909864
10315,0.51909864
10316,0.51909864
10317,0.51909864
10318,0.51909864
10319,0.51909864
10320,0.51909864
10321,0.51909864
10322,0.51909864
10323,0.51909864
10324,0.51909864
10325,0.51909864
10326,0.51909864
10327,0.51909864
10328,0.51909864
10329,0.51909864
10330,0.51909864
10331,0.51909864
10332,0.51909864
10333,0.51909864
10334,0.51909864
10335,0.51909864
10336,0.51909864
10337,0.51909864
10338,0.51909864
10339,0.51909864
10340,0.51909864
10341,0.51909864
10342,0.51909864
10343,0.51909864
10344,0.51909864
10345,0.51909864
10346,0.51909864
10347,0.51909864
10348,0.51909864
10349,0.51909864
10350,0.51909864
10351,0.51909864
10352,0.51909864
10353,0.51909864
10354,0.51909864
10355,0.51909864
10356,0.51909864
10357,0.51909864
10358,0.51909864
10359,0.51909864
10360,0.51909864
10361,0.51909864
10362,0.51909864
10363,0.51909864
10364,0.51909864
10365,0.51909864
10366,0.51909864
10367,0.51909864
10368,0.51909864
10369,0.51909864
10370,0.51909864
10371,0.51909864
10372,0.51909864
10373,0.51909864
10374,0.51909864
10375,0.51909864
10376,0.51909864
10377,0.51909864
10378,0.51909864
10379,0.51909864
10380,0.51909864
10381,0.51909864
10382,0.51909864
10383,0.51909864
10384,0.51909864
10385,0.51909864
10386,0.51909864
10387,0.51909864
10388,0.51909864
10389,0.51909864
10390,0.51909864
10391,0.51909864
10392,0.51909864
10393,0.51909864
10394,0.51909864
10395,0.51909864
10396,0.51909864
10397,0.51909864
10398,0.51909864
10399,0.51909864
10400,0.51909864
10401,0.51909864
10402,0.51909864
10403,0.51909864
10404,0.51909864
10405,0.51909864
10406,0.51909864
10407,0.51909864
10408,0.51909864
10409,0.51909864
10410,0.51909864
10411,0.51909864
10412,0.51909864
10413,0.51909864
10414,0.51909864
10415,0.51909864
10416,0.51909864
10417,0.51909864
10418,0.51909864
10419,0.51909864
10420,0.51909864
10421,0.51909864
10422,0.51909864
10423,0.51909864
10424,0.51909864
10425,0.51909864
10426,0.51909864
10427,0.51909864
10428,0.51909864
10429,0.51909864
10430,0.51909864
10431,0.51909864
10432,0.51909864
10433,0.51909864
10434,0.51909864
10435,0.51909864
10436,0.51909864
10437,0.51909864
10438,0.51909864
10439,0.51909864
10440,0.51909864
10441,0.51909864
10442,0.51909864
10443,0.51909864
10444,0.51909864
10445,0.51909864
10446,0.51909864
10447,0.51909864
10448,0.51909864
10449,0.51909864
10450,0.51909864
10451,0.51909864
10452,0.51909864
10453,0.51909864
10454,0.51909864
10455,0.51909864
10456,0.51909864
10457,0.51909864
10458,0.51909864
10459,0.51909864
10460,0.51909864
10461,0.51909864
10462,0.51909864
10463,0.51909864
10464,0.51909864
10465,0.51909864
10466,0.51909864
10467,0.51909864
10468,0.51909864
10469,0.51909864
10470,0.51909864
10471,0.51909864
10472,0.51909864
10473,0.51909864
10474,0.51909864
10475,0.51909864
10476,0.51909864
10477,0.51909864
10478,0.51909864
10479,0.51909864
10480,0.51909864
10481,0.51909864
10482,0.51909864
10483,0.51909864
10484,0.51909864
10485,0.51909864
10486,0.51909864
10487,0.51909864
10488,0.51909864
10489,0.51909864
10490,0.51909864
10491,0.51909864
10492,0.51909864
10493,0.51909864
10494,0.51909864
10495,0.51909864
10496,0.51909864
10497,0.51909864
10498,0.51909864
10499,0.51909864
10500,0.51909864
10501,0.51909864
10502,0.51909864
10503,0.51909864
10504,0.51909864
10505,0.51909864
10506,0.51909864
10507,0.51909864
10508,0.51909864
10509,0.51909864
10510,0.51909864
10511,0.51909864
10512,0.51909864
10513,0.51909864
10514,0.51909864
10515,0.51909864
10516,0.51909864
10517,0.51909864
10518,0.51909864
10519,0.51909864
10520,0.51909864
10521,0.51909864
10522,0.51909864
10523,0.51909864
10524,0.51909864
10525,0.51909864
10526,0.51909864
10527,0.51909864
10528,0.51909864
10529,0.51909864
10530,0.51909864
10531,0.51909864
10532,0.51909864
10533,0.51909864
10534,0.51909864
10535,0.51909864
10536,0.51909864
10537,0.51909864
10538,0.51909864
10539,0.51909864
10540,0.51909864
10541,0.51909864
10542,0.51909864
10543,0.51909864
10544,0.51909864
10545,0.51909864
10546,0.51909864
10547,0.51909864
10548,0.51909864
10549,0.51909864
10550,0.51909864
10551,0.51909864
10552,0.51909864
10553,0.51909864
10554,0.51909864
10555,0.51909864
10556,0.51909864
10557,0.51909864
10558,0.51909864
10559,0.51909864
10560,0.51909864
10561,0.51909864
10562,0.51909864
10563,0.51909864
10564,0.51909864
10565,0.51909864
10566,0.51909864
10567,0.51909864
10568,0.51909864
10569,0.51909864
10570,0.51909864
10571,0.51909864
10572,0.51909864
10573,0.51909864
10574,0.51909864
10575,0.51909864
10576,0.51909864
10577,0.51909864
10578,0.51909864
10579,0.51909864
10580,0.51909864
10581,0.51909864
10582,0.51909864
10583,0.51909864
10584,0.51909864
10585,0.51909864
10586,0.51909864
10587,0.51909864
10588,0.51909864
10589,0.51909864
10590,0.51909864
10591,0.51909864
10592,0.51909864
10593,0.51909864
10594,0.51909864
10595,0.51909864
10596,0.51909864
10597,0.51909864
10598,0.51909864
10599,0.51909864
10600,0.51909864
10601,0.51909864
10602,0.51909864
10603,0.51909864
10604,0.51909864
10605,0.51909864
10606,0.51909864
10607,0.51909864
10608,0.51909864
10609,0.51909864
10610,0.51909864
10611,0.51909864
10612,0.51909864
10613,0.51909864
10614,0.51909864
10615,0.51909864
10616,0.51909864
10617,0.51909864
10618,0.51909864
10619,0.51909864
10620,0.51909864
10621,0.51909864
10622,0.51909864
10623,0.51909864
10624,0.51909864
10625,0.51909864
10626,0.51909864
10627,0.51909864
10628,0.51909864
10629,0.51909864
10630,0.51909864
10631,0.51909864
10632,0.51909864
10633,0.51909864
10634,0.51909864
10635,0.51909864
10636,0.51909864
10637,0.51909864
10638,0.51909864
10639,0.51909864
10640,0.51909864
10641,0.51909864
10642,0.51909864
10643,0.51909864
10644,0.51909864
10645,0.51909864
10646,0.51909864
10647,0.51909864
10648,0.51909864
10649,0.51909864
10650,0.51909864
10651,0.51909864
10652,0.51909864
10653,0.51909864
10654,0.51909864
10655,0.51909864
10656,0.51909864
10657,0.51909864
10658,0.51909864
10659,0.51909864
10660,0.51909864
10661,0.51909864
10662,0.51909864
10663,0.51909864
10664,0.51909864
10665,0.51909864
10666,0.51909864
10667,0.51909864
10668,0.51909864
10669,0.51909864
10670,0.51909864
10671,0.51909864
10672,0.51909864
10673,0.51909864
10674,0.51909864
10675,0.51909864
10676,0.51909864
10677,0.51909864
10678,0.51909864
10679,0.51909864
10680,0.51909864
10681,0.51909864
10682,0.51909864
10683,0.51909864
10684,0.51909864
10685,0.51909864
10686,0.51909864
10687,0.51909864
10688,0.51909864
10689,0.51909864
10690,0.51909864
10691,0.51909864
10692,0.51909864
10693,0.51909864
10694,0.51909864
10695,0.51909864
10696,0.51909864
10697,0.51909864
10698,0.51909864
10699,0.51909864
10700,0.51909864
10701,0.51909864
10702,0.51909864
10703,0.51909864
10704,0.51909864
10705,0.51909864
10706,0.51909864
10707,0.51909864
10708,0.51909864
10709,0.51909864
10710,0.51909864
10711,0.51909864
10712,0.51909864
10713,0.51909864
10714,0.51909864
10715,0.51909864
10716,0.51909864
10717,0.51909864
10718,0.51909864
10719,0.51909864
10720,0.51909864
10721,0.51909864
10722,0.51909864
10723,0.51909864
10724,0.51909864
10725,0.51909864
10726,0.51909864
10727,0.51909864
10728,0.51909864
10729,0.51909864
10730,0.51909864
10731,0.51909864
10732,0.51909864
10733,0.51909864
10734,0.51909864
10735,0.51909864
10736,0.51909864
10737,0.51909864
10738,0.51909864
10739,0.51909864
10740,0.51909864
10741,0.51909864
10742,0.51909864
10743,0.51909864
10744,0.51909864
10745,0.51909864
10746,0.51909864
10747,0.51909864
10748,0.51909864
10749,0.51909864
10750,0.51909864
10751,0.51909864
10752,0.51909864
10753,0.51909864
10754,0.51909864
10755,0.51909864
10756,0.51909864
10757,0.51909864
10758,0.51909864
10759,0.51909864
10760,0.51909864
10761,0.51909864
10762,0.51909864
10763,0.51909864
10764,0.51909864
10765,0.51909864
10766,0.51909864
10767,0.51909864
10768,0.51909864
10769,0.51909864
10770,0.51909864
10771,0.51909864
10772,0.51909864
10773,0.51909864
10774,0.51909864
10775,0.51909864
10776,0.51909864
10777,0.51909864
10778,0.51909864
10779,0.51909864
10780,0.51909864
10781,0.51909864
10782,0.51909864
10783,0.51909864
10784,0.51909864
10785,0.51909864
10786,0.51909864
10787,0.51909864
10788,0.51909864
10789,0.51909864
10790,0.51909864
10791,0.51909864
10792,0.51909864
10793,0.51909864
10794,0.51909864
10795,0.51909864
10796,0.51909864
10797,0.51909864
10798,0.51909864
10799,0.51909864
10800,0.51909864
10801,0.51909864
10802,0.51909864
10803,0.51909864
10804,0.51909864
10805,0.51909864
10806,0.51909864
10807,0.51909864
10808,0.51909864
10809,0.51909864
10810,0.51909864
10811,0.51909864
10812,0.51909864
10813,0.51909864
10814,0.51909864
10815,0.51909864
10816,0.51909864
10817,0.51909864
10818,0.51909864
10819,0.51909864
10820,0.51909864
10821,0.51909864
10822,0.51909864
10823,0.51909864
10824,0.51909864
10825,0.51909864
10826,0.51909864
10827,0.51909864
10828,0.51909864
10829,0.51909864
10830,0.51909864
10831,0.51909864
10832,0.51909864
10833,0.51909864
10834,0.51909864
10835,0.51909864
10836,0.51909864
10837,0.51909864
10838,0.51909864
10839,0.51909864
10840,0.51909864
10841,0.51909864
10842,0.51909864
10843,0.51909864
10844,0.51909864
10845,0.51909864
10846,0.51909864
10847,0.51909864
10848,0.51909864
10849,0.51909864
10850,0.51909864
10851,0.51909864
10852,0.51909864
10853,0.51909864
10854,0.51909864
10855,0.51909864
10856,0.51909864
10857,0.51909864
10858,0.51909864
10859,0.51909864
10860,0.51909864
10861,0.51909864
10862,0.51909864
10863,0.51909864
10864,0.51909864
10865,0.51909864
10866,0.51909864
10867,0.51909864
10868,0.51909864
10869,0.51909864
10870,0.51909864
10871,0.51909864
10872,0.51909864
10873,0.51909864
10874,0.51909864
10875,0.51909864
10876,0.51909864
10877,0.51909864
10878,0.51909864
10879,0.51909864
10880,0.51909864
10881,0.51909864
10882,0.51909864
10883,0.51909864
10884,0.51909864
10885,0.51909864
10886,0.51909864
10887,0.51909864
10888,0.51909864
10889,0.51909864
10890,0.51909864
10891,0.51909864
10892,0.51909864
10893,0.51909864
10894,0.51909864
10895,0.51909864
10896,0.51909864
10897,0.51909864
10898,0.51909864
10899,0.51909864
10900,0.51909864
10901,0.51909864
10902,0.51909864
10903,0.51909864
10904,0.51909864
10905,0.51909864
10906,0.51909864
10907,0.51909864
10908,0.51909864
10909,0.51909864
10910,0.51909864
10911,0.51909864
10912,0.51909864
10913,0.51909864
10914,0.51909864
10915,0.51909864
10916,0.51909864
10917,0.51909864
10918,0.51909864
10919,0.51909864
10920,0.51909864
10921,0.51909864
10922,0.51909864
10923,0.51909864
10924,0.51909864
10925,0.51909864
10926,0.51909864
10927,0.51909864
10928,0.51909864
10929,0.51909864
10930,0.51909864
10931,0.51909864
10932,0.51909864
10933,0.51909864
10934,0.51909864
10935,0.51909864
10936,0.51909864
10937,0.51909864
10938,0.51909864
10939,0.51909864
10940,0.51909864
10941,0.51909864
10942,0.51909864
10943,0.51909864
10944,0.51909864
10945,0.51909864
10946,0.51909864
10947,0.51909864
10948,0.51909864
10949,0.51909864
10950,0.51909864
10951,0.51909864
10952,0.51909864
10953,0.51909864
10954,0.51909864
10955,0.51909864
10956,0.51909864
10957,0.51909864
10958,0.51909864
10959,0.51909864
10960,0.51909864
10961,0.51909864
10962,0.51909864
10963,0.51909864
10964,0.51909864
10965,0.51909864
10966,0.51909864
10967,0.51909864
10968,0.51909864
10969,0.51909864
10970,0.51909864
10971,0.51909864
10972,0.51909864
10973,0.51909864
10974,0.51909864
10975,0.51909864
10976,0.51909864
10977,0.51909864
10978,0.51909864
10979,0.51909864
10980,0.51909864
10981,0.51909864
10982,0.51909864
10983,0.51909864
10984,0.51909864
10985,0.51909864
10986,0.51909864
10987,0.51909864
10988,0.51909864
10989,0.51909864
10990,0.51909864
10991,0.51909864
10992,0.51909864
10993,0.51909864
10994,0.51909864
10995,0.51909864
10996,0.51909864
10997,0.51909864
10998,0.51909864
10999,0.51909864
11000,0.51909864
11001,0.51909864
11002,0.51909864
11003,0.51909864
11004,0.51909864
11005,0.51909864
11006,0.51909864
11007,0.51909864
11008,0.51909864
11009,0.51909864
11010,0.51909864
11011,0.51909864
11012,0.51909864
11013,0.51909864
11014,0.51909864
11015,0.51909864
11016,0.51909864
11017,0.51909864
11018,0.51909864
11019,0.51909864
11020,0.51909864
11021,0.51909864
11022,0.51909864
11023,0.51909864
11024,0.51909864
11025,0.51909864
11026,0.51909864
11027,0.51909864
11028,0.51909864
11029,0.51909864
11030,0.51909864
11031,0.51909864
11032,0.51909864
11033,0.51909864
11034,0.51909864
11035,0.51909864
11036,0.51909864
11037,0.51909864
11038,0.51909864
11039,0.51909864
11040,0.51909864
11041,0.51909864
11042,0.51909864
11043,0.51909864
11044,0.51909864
11045,0.51909864
11046,0.51909864
11047,0.51909864
11048,0.51909864
11049,0.51909864
11050,0.51909864
11051,0.51909864
11052,0.51909864
11053,0.51909864
11054,0.51909864
11055,0.51909864
11056,0.51909864
11057,0.51909864
11058,0.51909864
11059,0.51909864
11060,0.51909864
11061,0.51909864
11062,0.51909864
11063,0.51909864
11064,0.51909864
11065,0.51909864
11066,0.51909864
11067,0.51909864
11068,0.51909864
11069,0.51909864
11070,0.51909864
11071,0.51909864
11072,0.51909864
11073,0.51909864
11074,0.51909864
11075,0.51909864
11076,0.51909864
11077,0.51909864
11078,0.51909864
11079,0.51909864
11080,0.51909864
11081,0.51909864
11082,0.51909864
11083,0.51909864
11084,0.51909864
11085,0.51909864
11086,0.51909864
11087,0.51909864
11088,0.51909864
11089,0.51909864
11090,0.51909864
11091,0.51909864
11092,0.51909864
11093,0.51909864
11094,0.51909864
11095,0.51909864
11096,0.51909864
11097,0.51909864
11098,0.51909864
11099,0.51909864
11100,0.51909864
11101,0.51909864
11102,0.51909864
11103,0.51909864
11104,0.51909864
11105,0.51909864
11106,0.51909864
11107,0.51909864
11108,0.51909864
11109,0.51909864
11110,0.51909864
11111,0.51909864
11112,0.51909864
11113,0.51909864
11114,0.51909864
11115,0.51909864
11116,0.51909864
11117,0.51909864
11118,0.51909864
11119,0.51909864
11120,0.51909864
11121,0.51909864
11122,0.51909864
11123,0.51909864
11124,0.51909864
11125,0.51909864
11126,0.51909864
11127,0.51909864
11128,0.51909864
11129,0.51909864
11130,0.51909864
11131,0.51909864
11132,0.51909864
11133,0.51909864
11134,0.51909864
11135,0.51909864
11136,0.51909864
11137,0.51909864
11138,0.51909864
11139,0.51909864
11140,0.51909864
11141,0.51909864
11142,0.51909864
11143,0.51909864
11144,0.51909864
11145,0.51909864
11146,0.51909864
11147,0.51909864
11148,0.51909864
11149,0.51909864
11150,0.51909864
11151,0.51909864
11152,0.51909864
11153,0.51909864
11154,0.51909864
11155,0.51909864
11156,0.51909864
11157,0.51909864
11158,0.51909864
11159,0.51909864
11160,0.51909864
11161,0.51909864
11162,0.51909864
11163,0.51909864
11164,0.51909864
11165,0.51909864
11166,0.51909864
11167,0.51909864
11168,0.51909864
11169,0.51909864
11170,0.51909864
11171,0.51909864
11172,0.51909864
11173,0.51909864
11174,0.51909864
11175,0.51909864
11176,0.51909864
11177,0.51909864
11178,0.51909864
11179,0.51909864
11180,0.51909864
11181,0.51909864
11182,0.51909864
11183,0.51909864
11184,0.51909864
11185,0.51909864
11186,0.51909864
11187,0.51909864
11188,0.51909864
11189,0.51909864
11190,0.51909864
11191,0.51909864
11192,0.51909864
11193,0.51909864
11194,0.51909864
11195,0.51909864
11196,0.51909864
11197,0.51909864
11198,0.51909864
11199,0.51909864
11200,0.51909864
11201,0.51909864
11202,0.51909864
11203,0.51909864
11204,0.51909864
11205,0.51909864
11206,0.51909864
11207,0.51909864
11208,0.51909864
11209,0.51909864
11210,0.51909864
11211,0.51909864
11212,0.51909864
11213,0.51909864
11214,0.51909864
11215,0.51909864
11216,0.51909864
11217,0.51909864
11218,0.51909864
11219,0.51909864
11220,0.51909864
11221,0.51909864
11222,0.51909864
11223,0.51909864
11224,0.51909864
11225,0.51909864
11226,0.51909864
11227,0.51909864
11228,0.51909864
11229,0.51909864
11230,0.51909864
11231,0.51909864
11232,0.51909864
11233,0.51909864
11234,0.51909864
11235,0.51909864
11236,0.51909864
11237,0.51909864
11238,0.51909864
11239,0.51909864
11240,0.51909864
11241,0.51909864
11242,0.51909864
11243,0.51909864
11244,0.51909864
11245,0.51909864
11246,0.51909864
11247,0.51909864
11248,0.51909864
11249,0.51909864
11250,0.51909864
11251,0.51909864
11252,0.51909864
11253,0.51909864
11254,0.51909864
11255,0.51909864
11256,0.51909864
11257,0.51909864
11258,0.51909864
11259,0.51909864
11260,0.51909864
11261,0.51909864
11262,0.51909864
11263,0.51909864
11264,0.51909864
11265,0.51909864
11266,0.51909864
11267,0.51909864
11268,0.51909864
11269,0.51909864
11270,0.51909864
11271,0.51909864
11272,0.51909864
11273,0.51909864
11274,0.51909864
11275,0.51909864
11276,0.51909864
11277,0.51909864
11278,0.51909864
11279,0.51909864
11280,0.51909864
11281,0.51909864
11282,0.51909864
11283,0.51909864
11284,0.51909864
11285,0.51909864
11286,0.51909864
11287,0.51909864
11288,0.51909864
11289,0.51909864
11290,0.51909864
11291,0.51909864
11292,0.51909864
11293,0.51909864
11294,0.51909864
11295,0.51909864
11296,0.51909864
11297,0.51909864
11298,0.51909864
11299,0.51909864
11300,0.51909864
11301,0.51909864
11302,0.51909864
11303,0.51909864
11304,0.51909864
11305,0.51909864
11306,0.51909864
11307,0.51909864
11308,0.51909864
11309,0.51909864
11310,0.51909864
11311,0.51909864
11312,0.51909864
11313,0.51909864
11314,0.51909864
11315,0.51909864
11316,0.51909864
11317,0.51909864
11318,0.51909864
11319,0.51909864
11320,0.51909864
11321,0.51909864
11322,0.51909864
11323,0.51909864
11324,0.51909864
11325,0.51909864
11326,0.51909864
11327,0.51909864
11328,0.51909864
11329,0.51909864
11330,0.51909864
11331,0.51909864
11332,0.51909864
11333,0.51909864
11334,0.51909864
11335,0.51909864
11336,0.51909864
11337,0.51909864
11338,0.51909864
11339,0.51909864
11340,0.51909864
11341,0.51909864
11342,0.51909864
11343,0.51909864
11344,0.51909864
11345,0.51909864
11346,0.51909864
11347,0.51909864
11348,0.51909864
11349,0.51909864
11350,0.51909864
11351,0.51909864
11352,0.51909864
11353,0.51909864
11354,0.51909864
11355,0.51909864
11356,0.51909864
11357,0.51909864
11358,0.51909864
11359,0.51909864
11360,0.51909864
11361,0.51909864
11362,0.51909864
11363,0.51909864
11364,0.51909864
11365,0.51909864
11366,0.51909864
11367,0.51909864
11368,0.51909864
11369,0.51909864
11370,0.51909864
11371,0.51909864
11372,0.51909864
11373,0.51909864
11374,0.51909864
11375,0.51909864
11376,0.51909864
11377,0.51909864
11378,0.51909864
11379,0.51909864
11380,0.51909864
11381,0.51909864
11382,0.51909864
11383,0.51909864
11384,0.51909864
11385,0.51909864
11386,0.51909864
11387,0.51909864
11388,0.51909864
11389,0.51909864
11390,0.51909864
11391,0.51909864
11392,0.51909864
11393,0.51909864
11394,0.51909864
11395,0.51909864
11396,0.51909864
11397,0.51909864
11398,0.51909864
11399,0.51909864
11400,0.51909864
11401,0.51909864
11402,0.51909864
11403,0.51909864
11404,0.51909864
11405,0.51909864
11406,0.51909864
11407,0.51909864
11408,0.51909864
11409,0.51909864
11410,0.51909864
11411,0.51909864
11412,0.51909864
11413,0.51909864
11414,0.51909864
11415,0.51909864
11416,0.51909864
11417,0.51909864
11418,0.51909864
11419,0.51909864
11420,0.51909864
11421,0.51909864
11422,0.51909864
11423,0.51909864
11424,0.51909864
11425,0.51909864
11426,0.51909864
11427,0.51909864
11428,0.51909864
11429,0.51909864
11430,0.51909864
11431,0.51909864
11432,0.51909864
11433,0.51909864
11434,0.51909864
11435,0.51909864
11436,0.51909864
11437,0.51909864
11438,0.51909864
11439,0.51909864
11440,0.51909864
11441,0.51909864
11442,0.51909864
11443,0.51909864
11444,0.51909864
11445,0.51909864
11446,0.51909864
11447,0.51909864
11448,0.51909864
11449,0.51909864
11450,0.51909864
11451,0.51909864
11452,0.51909864
11453,0.51909864
11454,0.51909864
11455,0.51909864
11456,0.51909864
11457,0.51909864
11458,0.51909864
11459,0.51909864
11460,0.51909864
11461,0.51909864
11462,0.51909864
11463,0.51909864
11464,0.51909864
11465,0.51909864
11466,0.51909864
11467,0.51909864
11468,0.51909864
11469,0.51909864
11470,0.51909864
11471,0.51909864
11472,0.51909864
11473,0.51909864
11474,0.51909864
11475,0.51909864
11476,0.51909864
11477,0.51909864
11478,0.51909864
11479,0.51909864
11480,0.51909864
11481,0.51909864
11482,0.51909864
11483,0.51909864
11484,0.51909864
11485,0.51909864
11486,0.51909864
11487,0.51909864
11488,0.51909864
11489,0.51909864
11490,0.51909864
11491,0.51909864
11492,0.51909864
11493,0.51909864
11494,0.51909864
11495,0.51909864
11496,0.51909864
11497,0.51909864
11498,0.51909864
11499,0.51909864
11500,0.51909864
11501,0.51909864
11502,0.51909864
11503,0.51909864
11504,0.51909864
11505,0.51909864
11506,0.51909864
11507,0.51909864
11508,0.51909864
11509,0.51909864
11510,0.51909864
11511,0.51909864
11512,0.51909864
11513,0.51909864
11514,0.51909864
11515,0.51909864
11516,0.51909864
11517,0.51909864
11518,0.51909864
11519,0.51909864
11520,0.51909864
11521,0.51909864
11522,0.51909864
11523,0.51909864
11524,0.51909864
11525,0.51909864
11526,0.51909864
11527,0.51909864
11528,0.51909864
11529,0.51909864
11530,0.51909864
11531,0.51909864
11532,0.51909864
11533,0.51909864
11534,0.51909864
11535,0.51909864
11536,0.51909864
11537,0.51909864
11538,0.51909864
11539,0.51909864
11540,0.51909864
11541,0.51909864
11542,0.51909864
11543,0.51909864
11544,0.51909864
11545,0.51909864
11546,0.51909864
11547,0.51909864
11548,0.51909864
11549,0.51909864
11550,0.51909864
11551,0.51909864
11552,0.51909864
11553,0.51909864
11554,0.51909864
11555,0.51909864
11556,0.51909864
11557,0.51909864
11558,0.51909864
11559,0.51909864
11560,0.51909864
11561,0.51909864
11562,0.51909864
11563,0.51909864
11564,0.51909864
11565,0.51909864
11566,0.51909864
11567,0.51909864
11568,0.51909864
11569,0.51909864
11570,0.51909864
11571,0.51909864
11572,0.51909864
11573,0.51909864
11574,0.51909864
11575,0.51909864
11576,0.51909864
11577,0.51909864
11578,0.51909864
11579,0.51909864
11580,0.51909864
11581,0.51909864
11582,0.51909864
11583,0.51909864
11584,0.51909864
11585,0.51909864
11586,0.51909864
11587,0.51909864
11588,0.51909864
11589,0.51909864
11590,0.51909864
11591,0.51909864
11592,0.51909864
11593,0.51909864
11594,0.51909864
11595,0.51909864
11596,0.51909864
11597,0.51909864
11598,0.51909864
11599,0.51909864
11600,0.51909864
11601,0.51909864
11602,0.51909864
11603,0.51909864
11604,0.51909864
11605,0.51909864
11606,0.51909864
11607,0.51909864
11608,0.51909864
11609,0.51909864
11610,0.51909864
11611,0.51909864
11612,0.51909864
11613,0.51909864
11614,0.51909864
11615,0.51909864
11616,0.51909864
11617,0.51909864
11618,0.51909864
11619,0.51909864
11620,0.51909864
11621,0.51909864
11622,0.51909864
11623,0.51909864
11624,0.51909864
11625,0.51909864
11626,0.51909864
11627,0.51909864
11628,0.51909864
11629,0.51909864
11630,0.51909864
11631,0.51909864
11632,0.51909864
11633,0.51909864
11634,0.51909864
11635,0.51909864
11636,0.51909864
11637,0.51909864
11638,0.51909864
11639,0.51909864
11640,0.51909864
11641,0.51909864
11642,0.51909864
11643,0.51909864
11644,0.51909864
11645,0.51909864
11646,0.51909864
11647,0.51909864
11648,0.51909864
11649,0.51909864
11650,0.51909864
11651,0.51909864
11652,0.51909864
11653,0.51909864
11654,0.51909864
11655,0.51909864
11656,0.51909864
11657,0.51909864
11658,0.51909864
11659,0.51909864
11660,0.51909864
11661,0.51909864
11662,0.51909864
11663,0.51909864
11664,0.51909864
11665,0.51909864
11666,0.51909864
11667,0.51909864
11668,0.51909864
11669,0.51909864
11670,0.51909864
11671,0.51909864
11672,0.51909864
11673,0.51909864
11674,0.51909864
11675,0.51909864
11676,0.51909864
11677,0.51909864
11678,0.51909864
11679,0.51909864
11680,0.51909864
11681,0.51909864
11682,0.51909864
11683,0.51909864
11684,0.51909864
11685,0.51909864
11686,0.51909864
11687,0.51909864
11688,0.51909864
11689,0.51909864
11690,0.51909864
11691,0.51909864
11692,0.51909864
11693,0.51909864
11694,0.51909864
11695,0.51909864
11696,0.51909864
11697,0.51909864
11698,0.51909864
11699,0.51909864
11700,0.51909864
11701,0.51909864
11702,0.51909864
11703,0.51909864
11704,0.51909864
11705,0.51909864
11706,0.51909864
11707,0.51909864
11708,0.51909864
11709,0.51909864
11710,0.51909864
11711,0.51909864
11712,0.51909864
11713,0.51909864
11714,0.51909864
11715,0.51909864
11716,0.51909864
11717,0.51909864
11718,0.51909864
11719,0.51909864
11720,0.51909864
11721,0.51909864
11722,0.51909864
11723,0.51909864
11724,0.51909864
11725,0.51909864
11726,0.51909864
11727,0.51909864
11728,0.51909864
11729,0.51909864
11730,0.51909864
11731,0.51909864
11732,0.51909864
11733,0.51909864
11734,0.51909864
11735,0.51909864
11736,0.51909864
11737,0.51909864
11738,0.51909864
11739,0.51909864
11740,0.51909864
11741,0.51909864
11742,0.51909864
11743,0.51909864
11744,0.51909864
11745,0.51909864
11746,0.51909864
11747,0.51909864
11748,0.51909864
11749,0.51909864
11750,0.51909864
11751,0.51909864
11752,0.51909864
11753,0.51909864
11754,0.51909864
11755,0.51909864
11756,0.51909864
11757,0.51909864
11758,0.51909864
11759,0.51909864
11760,0.51909864
11761,0.51909864
11762,0.51909864
11763,0.51909864
11764,0.51909864
11765,0.51909864
11766,0.51909864
11767,0.51909864
11768,0.51909864
11769,0.51909864
11770,0.51909864
11771,0.51909864
11772,0.51909864
11773,0.51909864
11774,0.51909864
11775,0.51909864
11776,0.51909864
11777,0.51909864
11778,0.51909864
11779,0.51909864
11780,0.51909864
11781,0.51909864
11782,0.51909864
11783,0.51909864
11784,0.51909864
11785,0.51909864
11786,0.51909864
11787,0.51909864
11788,0.51909864
11789,0.51909864
11790,0.51909864
11791,0.51909864
11792,0.51909864
11793,0.51909864
11794,0.51909864
11795,0.51909864
11796,0.51909864
11797,0.51909864
11798,0.51909864
11799,0.51909864
11800,0.51909864
11801,0.51909864
11802,0.51909864
11803,0.51909864
11804,0.51909864
11805,0.51909864
11806,0.51909864
11807,0.51909864
11808,0.51909864
11809,0.51909864
11810,0.51909864
11811,0.51909864
11812,0.51909864
11813,0.51909864
11814,0.51909864
11815,0.51909864
11816,0.51909864
11817,0.51909864
11818,0.51909864
11819,0.51909864
11820,0.51909864
11821,0.51909864
11822,0.51909864
11823,0.51909864
11824,0.51909864
11825,0.51909864
11826,0.51909864
11827,0.51909864
11828,0.51909864
11829,0.51909864
11830,0.51909864
11831,0.51909864
11832,0.51909864
11833,0.51909864
11834,0.51909864
11835,0.51909864
11836,0.51909864
11837,0.51909864
11838,0.51909864
11839,0.51909864
11840,0.51909864
11841,0.51909864
11842,0.51909864
11843,0.51909864
11844,0.51909864
11845,0.51909864
11846,0.51909864
11847,0.51909864
11848,0.51909864
11849,0.51909864
11850,0.51909864
11851,0.51909864
11852,0.51909864
11853,0.51909864
11854,0.51909864
11855,0.51909864
11856,0.51909864
11857,0.51909864
11858,0.51909864
11859,0.51909864
11860,0.51909864
11861,0.51909864
11862,0.51909864
11863,0.51909864
11864,0.51909864
11865,0.51909864
11866,0.51909864
11867,0.51909864
11868,0.51909864
11869,0.51909864
11870,0.51909864
11871,0.51909864
11872,0.51909864
11873,0.51909864
11874,0.51909864
11875,0.51909864
11876,0.51909864
11877,0.51909864
11878,0.51909864
11879,0.51909864
11880,0.51909864
11881,0.51909864
11882,0.51909864
11883,0.51909864
11884,0.51909864
11885,0.51909864
11886,0.51909864
11887,0.51909864
11888,0.51909864
11889,0.51909864
11890,0.51909864
11891,0.51909864
11892,0.51909864
11893,0.51909864
11894,0.51909864
11895,0.51909864
11896,0.51909864
11897,0.51909864
11898,0.51909864
11899,0.51909864
11900,0.51909864
11901,0.51909864
11902,0.51909864
11903,0.51909864
11904,0.51909864
11905,0.51909864
11906,0.51909864
11907,0.51909864
11908,0.51909864
11909,0.51909864
11910,0.51909864
11911,0.51909864
11912,0.51909864
11913,0.51909864
11914,0.51909864
11915,0.51909864
11916,0.51909864
11917,0.51909864
11918,0.51909864
11919,0.51909864
11920,0.51909864
11921,0.51909864
11922,0.51909864
11923,0.51909864
11924,0.51909864
11925,0.51909864
11926,0.51909864
11927,0.51909864
11928,0.51909864
11929,0.51909864
11930,0.51909864
11931,0.51909864
11932,0.51909864
11933,0.51909864
11934,0.51909864
11935,0.51909864
11936,0.51909864
11937,0.51909864
11938,0.51909864
11939,0.51909864
11940,0.51909864
11941,0.51909864
11942,0.51909864
11943,0.51909864
11944,0.51909864
11945,0.51909864
11946,0.51909864
11947,0.51909864
11948,0.51909864
11949,0.51909864
11950,0.51909864
11951,0.51909864
11952,0.51909864
11953,0.51909864
11954,0.51909864
11955,0.51909864
11956,0.51909864
11957,0.51909864
11958,0.51909864
11959,0.51909864
11960,0.51909864
11961,0.51909864
11962,0.51909864
11963,0.51909864
11964,0.51909864
11965,0.51909864
11966,0.51909864
11967,0.51909864
11968,0.51909864
11969,0.51909864
11970,0.51909864
11971,0.51909864
11972,0.51909864
11973,0.51909864
11974,0.51909864
11975,0.51909864
11976,0.51909864
11977,0.51909864
11978,0.51909864
11979,0.51909864
11980,0.51909864
11981,0.51909864
11982,0.51909864
11983,0.51909864
11984,0.51909864
11985,0.51909864
11986,0.51909864
11987,0.51909864
11988,0.51909864
11989,0.51909864
11990,0.51909864
11991,0.51909864
11992,0.51909864
11993,0.51909864
11994,0.51909864
11995,0.51909864
11996,0.51909864
11997,0.51909864
11998,0.51909864
11999,0.51909864
