id,efficiency
0,0.5241169
1,0.5241169
2,0.5241169
3,0.5241169
4,0.5241169
5,0.5241169
6,0.5241169
7,0.5241169
8,0.5241169
9,0.5241169
10,0.5241169
11,0.5241169
12,0.5241169
13,0.5241169
14,0.5241169
15,0.5241169
16,0.5241169
17,0.5241169
18,0.5241169
19,0.5241169
20,0.5241169
21,0.5241169
22,0.5241169
23,0.5241169
24,0.5241169
25,0.5241169
26,0.5241169
27,0.5241169
28,0.5241169
29,0.5241169
30,0.5241169
31,0.5241169
32,0.5241169
33,0.5241169
34,0.5241169
35,0.5241169
36,0.5241169
37,0.5241169
38,0.5241169
39,0.5241169
40,0.5241169
41,0.5241169
42,0.5241169
43,0.5241169
44,0.5241169
45,0.5241169
46,0.5241169
47,0.5241169
48,0.5241169
49,0.5241169
50,0.5241169
51,0.5241169
52,0.5241169
53,0.5241169
54,0.5241169
55,0.5241169
56,0.5241169
57,0.5241169
58,0.5241169
59,0.5241169
60,0.5241169
61,0.5241169
62,0.5241169
63,0.5241169
64,0.5241169
65,0.5241169
66,0.5241169
67,0.5241169
68,0.5241169
69,0.5241169
70,0.5241169
71,0.5241169
72,0.5241169
73,0.5241169
74,0.5241169
75,0.5241169
76,0.5241169
77,0.5241169
78,0.5241169
79,0.5241169
80,0.5241169
81,0.5241169
82,0.5241169
83,0.5241169
84,0.5241169
85,0.5241169
86,0.5241169
87,0.5241169
88,0.5241169
89,0.5241169
90,0.5241169
91,0.5241169
92,0.5241169
93,0.5241169
94,0.5241169
95,0.5241169
96,0.5241169
97,0.5241169
98,0.5241169
99,0.5241169
100,0.5241169
101,0.5241169
102,0.5241169
103,0.5241169
104,0.5241169
105,0.5241169
106,0.5241169
107,0.5241169
108,0.5241169
109,0.5241169
110,0.5241169
111,0.5241169
112,0.5241169
113,0.5241169
114,0.5241169
115,0.5241169
116,0.5241169
117,0.5241169
118,0.5241169
119,0.5241169
120,0.5241169
121,0.5241169
122,0.5241169
123,0.5241169
124,0.5241169
125,0.5241169
126,0.5241169
127,0.5241169
128,0.5241169
129,0.5241169
130,0.5241169
131,0.5241169
132,0.5241169
133,0.5241169
134,0.5241169
135,0.5241169
136,0.5241169
137,0.5241169
138,0.5241169
139,0.5241169
140,0.5241169
141,0.5241169
142,0.5241169
143,0.5241169
144,0.5241169
145,0.5241169
146,0.5241169
147,0.5241169
148,0.5241169
149,0.5241169
150,0.5241169
151,0.5241169
152,0.5241169
153,0.5241169
154,0.5241169
155,0.5241169
156,0.5241169
157,0.5241169
158,0.5241169
159,0.5241169
160,0.5241169
161,0.5241169
162,0.5241169
163,0.5241169
164,0.5241169
165,0.5241169
166,0.5241169
167,0.5241169
168,0.5241169
169,0.5241169
170,0.5241169
171,0.5241169
172,0.5241169
173,0.5241169
174,0.5241169
175,0.5241169
176,0.5241169
177,0.5241169
178,0.5241169
179,0.5241169
180,0.5241169
181,0.5241169
182,0.5241169
183,0.5241169
184,0.5241169
185,0.5241169
186,0.5241169
187,0.5241169
188,0.5241169
189,0.5241169
190,0.5241169
191,0.5241169
192,0.5241169
193,0.5241169
194,0.5241169
195,0.5241169
196,0.5241169
197,0.5241169
198,0.5241169
199,0.5241169
200,0.5241169
201,0.5241169
202,0.5241169
203,0.5241169
204,0.5241169
205,0.5241169
206,0.5241169
207,0.5241169
208,0.5241169
209,0.5241169
210,0.5241169
211,0.5241169
212,0.5241169
213,0.5241169
214,0.5241169
215,0.5241169
216,0.5241169
217,0.5241169
218,0.5241169
219,0.5241169
220,0.5241169
221,0.5241169
222,0.5241169
223,0.5241169
224,0.5241169
225,0.5241169
226,0.5241169
227,0.5241169
228,0.5241169
229,0.5241169
230,0.5241169
231,0.5241169
232,0.5241169
233,0.5241169
234,0.5241169
235,0.5241169
236,0.5241169
237,0.5241169
238,0.5241169
239,0.5241169
240,0.5241169
241,0.5241169
242,0.5241169
243,0.5241169
244,0.5241169
245,0.5241169
246,0.5241169
247,0.5241169
248,0.5241169
249,0.5241169
250,0.5241169
251,0.5241169
252,0.5241169
253,0.5241169
254,0.5241169
255,0.5241169
256,0.5241169
257,0.5241169
258,0.5241169
259,0.5241169
260,0.5241169
261,0.5241169
262,0.5241169
263,0.5241169
264,0.5241169
265,0.5241169
266,0.5241169
267,0.5241169
268,0.5241169
269,0.5241169
270,0.5241169
271,0.5241169
272,0.5241169
273,0.5241169
274,0.5241169
275,0.5241169
276,0.5241169
277,0.5241169
278,0.5241169
279,0.5241169
280,0.5241169
281,0.5241169
282,0.5241169
283,0.5241169
284,0.5241169
285,0.5241169
286,0.5241169
287,0.5241169
288,0.5241169
289,0.5241169
290,0.5241169
291,0.5241169
292,0.5241169
293,0.5241169
294,0.5241169
295,0.5241169
296,0.5241169
297,0.5241169
298,0.5241169
299,0.5241169
300,0.5241169
301,0.5241169
302,0.5241169
303,0.5241169
304,0.5241169
305,0.5241169
306,0.5241169
307,0.5241169
308,0.5241169
309,0.5241169
310,0.5241169
311,0.5241169
312,0.5241169
313,0.5241169
314,0.5241169
315,0.5241169
316,0.5241169
317,0.5241169
318,0.5241169
319,0.5241169
320,0.5241169
321,0.5241169
322,0.5241169
323,0.5241169
324,0.5241169
325,0.5241169
326,0.5241169
327,0.5241169
328,0.5241169
329,0.5241169
330,0.5241169
331,0.5241169
332,0.5241169
333,0.5241169
334,0.5241169
335,0.5241169
336,0.5241169
337,0.5241169
338,0.5241169
339,0.5241169
340,0.5241169
341,0.5241169
342,0.5241169
343,0.5241169
344,0.5241169
345,0.5241169
346,0.5241169
347,0.5241169
348,0.5241169
349,0.5241169
350,0.5241169
351,0.5241169
352,0.5241169
353,0.5241169
354,0.5241169
355,0.5241169
356,0.5241169
357,0.5241169
358,0.5241169
359,0.5241169
360,0.5241169
361,0.5241169
362,0.5241169
363,0.5241169
364,0.5241169
365,0.5241169
366,0.5241169
367,0.5241169
368,0.5241169
369,0.5241169
370,0.5241169
371,0.5241169
372,0.5241169
373,0.5241169
374,0.5241169
375,0.5241169
376,0.5241169
377,0.5241169
378,0.5241169
379,0.5241169
380,0.5241169
381,0.5241169
382,0.5241169
383,0.5241169
384,0.5241169
385,0.5241169
386,0.5241169
387,0.5241169
388,0.5241169
389,0.5241169
390,0.5241169
391,0.5241169
392,0.5241169
393,0.5241169
394,0.5241169
395,0.5241169
396,0.5241169
397,0.5241169
398,0.5241169
399,0.5241169
400,0.5241169
401,0.5241169
402,0.5241169
403,0.5241169
404,0.5241169
405,0.5241169
406,0.5241169
407,0.5241169
408,0.5241169
409,0.5241169
410,0.5241169
411,0.5241169
412,0.5241169
413,0.5241169
414,0.5241169
415,0.5241169
416,0.5241169
417,0.5241169
418,0.5241169
419,0.5241169
420,0.5241169
421,0.5241169
422,0.5241169
423,0.5241169
424,0.5241169
425,0.5241169
426,0.5241169
427,0.5241169
428,0.5241169
429,0.5241169
430,0.5241169
431,0.5241169
432,0.5241169
433,0.5241169
434,0.5241169
435,0.5241169
436,0.5241169
437,0.5241169
438,0.5241169
439,0.5241169
440,0.5241169
441,0.5241169
442,0.5241169
443,0.5241169
444,0.5241169
445,0.5241169
446,0.5241169
447,0.5241169
448,0.5241169
449,0.5241169
450,0.5241169
451,0.5241169
452,0.5241169
453,0.5241169
454,0.5241169
455,0.5241169
456,0.5241169
457,0.5241169
458,0.5241169
459,0.5241169
460,0.5241169
461,0.5241169
462,0.5241169
463,0.5241169
464,0.5241169
465,0.5241169
466,0.5241169
467,0.5241169
468,0.5241169
469,0.5241169
470,0.5241169
471,0.5241169
472,0.5241169
473,0.5241169
474,0.5241169
475,0.5241169
476,0.5241169
477,0.5241169
478,0.5241169
479,0.5241169
480,0.5241169
481,0.5241169
482,0.5241169
483,0.5241169
484,0.5241169
485,0.5241169
486,0.5241169
487,0.5241169
488,0.5241169
489,0.5241169
490,0.5241169
491,0.5241169
492,0.5241169
493,0.5241169
494,0.5241169
495,0.5241169
496,0.5241169
497,0.5241169
498,0.5241169
499,0.5241169
500,0.5241169
501,0.5241169
502,0.5241169
503,0.5241169
504,0.5241169
505,0.5241169
506,0.5241169
507,0.5241169
508,0.5241169
509,0.5241169
510,0.5241169
511,0.5241169
512,0.5241169
513,0.5241169
514,0.5241169
515,0.5241169
516,0.5241169
517,0.5241169
518,0.5241169
519,0.5241169
520,0.5241169
521,0.5241169
522,0.5241169
523,0.5241169
524,0.5241169
525,0.5241169
526,0.5241169
527,0.5241169
528,0.5241169
529,0.5241169
530,0.5241169
531,0.5241169
532,0.5241169
533,0.5241169
534,0.5241169
535,0.5241169
536,0.5241169
537,0.5241169
538,0.5241169
539,0.5241169
540,0.5241169
541,0.5241169
542,0.5241169
543,0.5241169
544,0.5241169
545,0.5241169
546,0.5241169
547,0.5241169
548,0.5241169
549,0.5241169
550,0.5241169
551,0.5241169
552,0.5241169
553,0.5241169
554,0.5241169
555,0.5241169
556,0.5241169
557,0.5241169
558,0.5241169
559,0.5241169
560,0.5241169
561,0.5241169
562,0.5241169
563,0.5241169
564,0.5241169
565,0.5241169
566,0.5241169
567,0.5241169
568,0.5241169
569,0.5241169
570,0.5241169
571,0.5241169
572,0.5241169
573,0.5241169
574,0.5241169
575,0.5241169
576,0.5241169
577,0.5241169
578,0.5241169
579,0.5241169
580,0.5241169
581,0.5241169
582,0.5241169
583,0.5241169
584,0.5241169
585,0.5241169
586,0.5241169
587,0.5241169
588,0.5241169
589,0.5241169
590,0.5241169
591,0.5241169
592,0.5241169
593,0.5241169
594,0.5241169
595,0.5241169
596,0.5241169
597,0.5241169
598,0.5241169
599,0.5241169
600,0.5241169
601,0.5241169
602,0.5241169
603,0.5241169
604,0.5241169
605,0.5241169
606,0.5241169
607,0.5241169
608,0.5241169
609,0.5241169
610,0.5241169
611,0.5241169
612,0.5241169
613,0.5241169
614,0.5241169
615,0.5241169
616,0.5241169
617,0.5241169
618,0.5241169
619,0.5241169
620,0.5241169
621,0.5241169
622,0.5241169
623,0.5241169
624,0.5241169
625,0.5241169
626,0.5241169
627,0.5241169
628,0.5241169
629,0.5241169
630,0.5241169
631,0.5241169
632,0.5241169
633,0.5241169
634,0.5241169
635,0.5241169
636,0.5241169
637,0.5241169
638,0.5241169
639,0.5241169
640,0.5241169
641,0.5241169
642,0.5241169
643,0.5241169
644,0.5241169
645,0.5241169
646,0.5241169
647,0.5241169
648,0.5241169
649,0.5241169
650,0.5241169
651,0.5241169
652,0.5241169
653,0.5241169
654,0.5241169
655,0.5241169
656,0.5241169
657,0.5241169
658,0.5241169
659,0.5241169
660,0.5241169
661,0.5241169
662,0.5241169
663,0.5241169
664,0.5241169
665,0.5241169
666,0.5241169
667,0.5241169
668,0.5241169
669,0.5241169
670,0.5241169
671,0.5241169
672,0.5241169
673,0.5241169
674,0.5241169
675,0.5241169
676,0.5241169
677,0.5241169
678,0.5241169
679,0.5241169
680,0.5241169
681,0.5241169
682,0.5241169
683,0.5241169
684,0.5241169
685,0.5241169
686,0.5241169
687,0.5241169
688,0.5241169
689,0.5241169
690,0.5241169
691,0.5241169
692,0.5241169
693,0.5241169
694,0.5241169
695,0.5241169
696,0.5241169
697,0.5241169
698,0.5241169
699,0.5241169
700,0.5241169
701,0.5241169
702,0.5241169
703,0.5241169
704,0.5241169
705,0.5241169
706,0.5241169
707,0.5241169
708,0.5241169
709,0.5241169
710,0.5241169
711,0.5241169
712,0.5241169
713,0.5241169
714,0.5241169
715,0.5241169
716,0.5241169
717,0.5241169
718,0.5241169
719,0.5241169
720,0.5241169
721,0.5241169
722,0.5241169
723,0.5241169
724,0.5241169
725,0.5241169
726,0.5241169
727,0.5241169
728,0.5241169
729,0.5241169
730,0.5241169
731,0.5241169
732,0.5241169
733,0.5241169
734,0.5241169
735,0.5241169
736,0.5241169
737,0.5241169
738,0.5241169
739,0.5241169
740,0.5241169
741,0.5241169
742,0.5241169
743,0.5241169
744,0.5241169
745,0.5241169
746,0.5241169
747,0.5241169
748,0.5241169
749,0.5241169
750,0.5241169
751,0.5241169
752,0.5241169
753,0.5241169
754,0.5241169
755,0.5241169
756,0.5241169
757,0.5241169
758,0.5241169
759,0.5241169
760,0.5241169
761,0.5241169
762,0.5241169
763,0.5241169
764,0.5241169
765,0.5241169
766,0.5241169
767,0.5241169
768,0.5241169
769,0.5241169
770,0.5241169
771,0.5241169
772,0.5241169
773,0.5241169
774,0.5241169
775,0.5241169
776,0.5241169
777,0.5241169
778,0.5241169
779,0.5241169
780,0.5241169
781,0.5241169
782,0.5241169
783,0.5241169
784,0.5241169
785,0.5241169
786,0.5241169
787,0.5241169
788,0.5241169
789,0.5241169
790,0.5241169
791,0.5241169
792,0.5241169
793,0.5241169
794,0.5241169
795,0.5241169
796,0.5241169
797,0.5241169
798,0.5241169
799,0.5241169
800,0.5241169
801,0.5241169
802,0.5241169
803,0.5241169
804,0.5241169
805,0.5241169
806,0.5241169
807,0.5241169
808,0.5241169
809,0.5241169
810,0.5241169
811,0.5241169
812,0.5241169
813,0.5241169
814,0.5241169
815,0.5241169
816,0.5241169
817,0.5241169
818,0.5241169
819,0.5241169
820,0.5241169
821,0.5241169
822,0.5241169
823,0.5241169
824,0.5241169
825,0.5241169
826,0.5241169
827,0.5241169
828,0.5241169
829,0.5241169
830,0.5241169
831,0.5241169
832,0.5241169
833,0.5241169
834,0.5241169
835,0.5241169
836,0.5241169
837,0.5241169
838,0.5241169
839,0.5241169
840,0.5241169
841,0.5241169
842,0.5241169
843,0.5241169
844,0.5241169
845,0.5241169
846,0.5241169
847,0.5241169
848,0.5241169
849,0.5241169
850,0.5241169
851,0.5241169
852,0.5241169
853,0.5241169
854,0.5241169
855,0.5241169
856,0.5241169
857,0.5241169
858,0.5241169
859,0.5241169
860,0.5241169
861,0.5241169
862,0.5241169
863,0.5241169
864,0.5241169
865,0.5241169
866,0.5241169
867,0.5241169
868,0.5241169
869,0.5241169
870,0.5241169
871,0.5241169
872,0.5241169
873,0.5241169
874,0.5241169
875,0.5241169
876,0.5241169
877,0.5241169
878,0.5241169
879,0.5241169
880,0.5241169
881,0.5241169
882,0.5241169
883,0.5241169
884,0.5241169
885,0.5241169
886,0.5241169
887,0.5241169
888,0.5241169
889,0.5241169
890,0.5241169
891,0.5241169
892,0.5241169
893,0.5241169
894,0.5241169
895,0.5241169
896,0.5241169
897,0.5241169
898,0.5241169
899,0.5241169
900,0.5241169
901,0.5241169
902,0.5241169
903,0.5241169
904,0.5241169
905,0.5241169
906,0.5241169
907,0.5241169
908,0.5241169
909,0.5241169
910,0.5241169
911,0.5241169
912,0.5241169
913,0.5241169
914,0.5241169
915,0.5241169
916,0.5241169
917,0.5241169
918,0.5241169
919,0.5241169
920,0.5241169
921,0.5241169
922,0.5241169
923,0.5241169
924,0.5241169
925,0.5241169
926,0.5241169
927,0.5241169
928,0.5241169
929,0.5241169
930,0.5241169
931,0.5241169
932,0.5241169
933,0.5241169
934,0.5241169
935,0.5241169
936,0.5241169
937,0.5241169
938,0.5241169
939,0.5241169
940,0.5241169
941,0.5241169
942,0.5241169
943,0.5241169
944,0.5241169
945,0.5241169
946,0.5241169
947,0.5241169
948,0.5241169
949,0.5241169
950,0.5241169
951,0.5241169
952,0.5241169
953,0.5241169
954,0.5241169
955,0.5241169
956,0.5241169
957,0.5241169
958,0.5241169
959,0.5241169
960,0.5241169
961,0.5241169
962,0.5241169
963,0.5241169
964,0.5241169
965,0.5241169
966,0.5241169
967,0.5241169
968,0.5241169
969,0.5241169
970,0.5241169
971,0.5241169
972,0.5241169
973,0.5241169
974,0.5241169
975,0.5241169
976,0.5241169
977,0.5241169
978,0.5241169
979,0.5241169
980,0.5241169
981,0.5241169
982,0.5241169
983,0.5241169
984,0.5241169
985,0.5241169
986,0.5241169
987,0.5241169
988,0.5241169
989,0.5241169
990,0.5241169
991,0.5241169
992,0.5241169
993,0.5241169
994,0.5241169
995,0.5241169
996,0.5241169
997,0.5241169
998,0.5241169
999,0.5241169
1000,0.5241169
1001,0.5241169
1002,0.5241169
1003,0.5241169
1004,0.5241169
1005,0.5241169
1006,0.5241169
1007,0.5241169
1008,0.5241169
1009,0.5241169
1010,0.5241169
1011,0.5241169
1012,0.5241169
1013,0.5241169
1014,0.5241169
1015,0.5241169
1016,0.5241169
1017,0.5241169
1018,0.5241169
1019,0.5241169
1020,0.5241169
1021,0.5241169
1022,0.5241169
1023,0.5241169
1024,0.5241169
1025,0.5241169
1026,0.5241169
1027,0.5241169
1028,0.5241169
1029,0.5241169
1030,0.5241169
1031,0.5241169
1032,0.5241169
1033,0.5241169
1034,0.5241169
1035,0.5241169
1036,0.5241169
1037,0.5241169
1038,0.5241169
1039,0.5241169
1040,0.5241169
1041,0.5241169
1042,0.5241169
1043,0.5241169
1044,0.5241169
1045,0.5241169
1046,0.5241169
1047,0.5241169
1048,0.5241169
1049,0.5241169
1050,0.5241169
1051,0.5241169
1052,0.5241169
1053,0.5241169
1054,0.5241169
1055,0.5241169
1056,0.5241169
1057,0.5241169
1058,0.5241169
1059,0.5241169
1060,0.5241169
1061,0.5241169
1062,0.5241169
1063,0.5241169
1064,0.5241169
1065,0.5241169
1066,0.5241169
1067,0.5241169
1068,0.5241169
1069,0.5241169
1070,0.5241169
1071,0.5241169
1072,0.5241169
1073,0.5241169
1074,0.5241169
1075,0.5241169
1076,0.5241169
1077,0.5241169
1078,0.5241169
1079,0.5241169
1080,0.5241169
1081,0.5241169
1082,0.5241169
1083,0.5241169
1084,0.5241169
1085,0.5241169
1086,0.5241169
1087,0.5241169
1088,0.5241169
1089,0.5241169
1090,0.5241169
1091,0.5241169
1092,0.5241169
1093,0.5241169
1094,0.5241169
1095,0.5241169
1096,0.5241169
1097,0.5241169
1098,0.5241169
1099,0.5241169
1100,0.5241169
1101,0.5241169
1102,0.5241169
1103,0.5241169
1104,0.5241169
1105,0.5241169
1106,0.5241169
1107,0.5241169
1108,0.5241169
1109,0.5241169
1110,0.5241169
1111,0.5241169
1112,0.5241169
1113,0.5241169
1114,0.5241169
1115,0.5241169
1116,0.5241169
1117,0.5241169
1118,0.5241169
1119,0.5241169
1120,0.5241169
1121,0.5241169
1122,0.5241169
1123,0.5241169
1124,0.5241169
1125,0.5241169
1126,0.5241169
1127,0.5241169
1128,0.5241169
1129,0.5241169
1130,0.5241169
1131,0.5241169
1132,0.5241169
1133,0.5241169
1134,0.5241169
1135,0.5241169
1136,0.5241169
1137,0.5241169
1138,0.5241169
1139,0.5241169
1140,0.5241169
1141,0.5241169
1142,0.5241169
1143,0.5241169
1144,0.5241169
1145,0.5241169
1146,0.5241169
1147,0.5241169
1148,0.5241169
1149,0.5241169
1150,0.5241169
1151,0.5241169
1152,0.5241169
1153,0.5241169
1154,0.5241169
1155,0.5241169
1156,0.5241169
1157,0.5241169
1158,0.5241169
1159,0.5241169
1160,0.5241169
1161,0.5241169
1162,0.5241169
1163,0.5241169
1164,0.5241169
1165,0.5241169
1166,0.5241169
1167,0.5241169
1168,0.5241169
1169,0.5241169
1170,0.5241169
1171,0.5241169
1172,0.5241169
1173,0.5241169
1174,0.5241169
1175,0.5241169
1176,0.5241169
1177,0.5241169
1178,0.5241169
1179,0.5241169
1180,0.5241169
1181,0.5241169
1182,0.5241169
1183,0.5241169
1184,0.5241169
1185,0.5241169
1186,0.5241169
1187,0.5241169
1188,0.5241169
1189,0.5241169
1190,0.5241169
1191,0.5241169
1192,0.5241169
1193,0.5241169
1194,0.5241169
1195,0.5241169
1196,0.5241169
1197,0.5241169
1198,0.5241169
1199,0.5241169
1200,0.5241169
1201,0.5241169
1202,0.5241169
1203,0.5241169
1204,0.5241169
1205,0.5241169
1206,0.5241169
1207,0.5241169
1208,0.5241169
1209,0.5241169
1210,0.5241169
1211,0.5241169
1212,0.5241169
1213,0.5241169
1214,0.5241169
1215,0.5241169
1216,0.5241169
1217,0.5241169
1218,0.5241169
1219,0.5241169
1220,0.5241169
1221,0.5241169
1222,0.5241169
1223,0.5241169
1224,0.5241169
1225,0.5241169
1226,0.5241169
1227,0.5241169
1228,0.5241169
1229,0.5241169
1230,0.5241169
1231,0.5241169
1232,0.5241169
1233,0.5241169
1234,0.5241169
1235,0.5241169
1236,0.5241169
1237,0.5241169
1238,0.5241169
1239,0.5241169
1240,0.5241169
1241,0.5241169
1242,0.5241169
1243,0.5241169
1244,0.5241169
1245,0.5241169
1246,0.5241169
1247,0.5241169
1248,0.5241169
1249,0.5241169
1250,0.5241169
1251,0.5241169
1252,0.5241169
1253,0.5241169
1254,0.5241169
1255,0.5241169
1256,0.5241169
1257,0.5241169
1258,0.5241169
1259,0.5241169
1260,0.5241169
1261,0.5241169
1262,0.5241169
1263,0.5241169
1264,0.5241169
1265,0.5241169
1266,0.5241169
1267,0.5241169
1268,0.5241169
1269,0.5241169
1270,0.5241169
1271,0.5241169
1272,0.5241169
1273,0.5241169
1274,0.5241169
1275,0.5241169
1276,0.5241169
1277,0.5241169
1278,0.5241169
1279,0.5241169
1280,0.5241169
1281,0.5241169
1282,0.5241169
1283,0.5241169
1284,0.5241169
1285,0.5241169
1286,0.5241169
1287,0.5241169
1288,0.5241169
1289,0.5241169
1290,0.5241169
1291,0.5241169
1292,0.5241169
1293,0.5241169
1294,0.5241169
1295,0.5241169
1296,0.5241169
1297,0.5241169
1298,0.5241169
1299,0.5241169
1300,0.5241169
1301,0.5241169
1302,0.5241169
1303,0.5241169
1304,0.5241169
1305,0.5241169
1306,0.5241169
1307,0.5241169
1308,0.5241169
1309,0.5241169
1310,0.5241169
1311,0.5241169
1312,0.5241169
1313,0.5241169
1314,0.5241169
1315,0.5241169
1316,0.5241169
1317,0.5241169
1318,0.5241169
1319,0.5241169
1320,0.5241169
1321,0.5241169
1322,0.5241169
1323,0.5241169
1324,0.5241169
1325,0.5241169
1326,0.5241169
1327,0.5241169
1328,0.5241169
1329,0.5241169
1330,0.5241169
1331,0.5241169
1332,0.5241169
1333,0.5241169
1334,0.5241169
1335,0.5241169
1336,0.5241169
1337,0.5241169
1338,0.5241169
1339,0.5241169
1340,0.5241169
1341,0.5241169
1342,0.5241169
1343,0.5241169
1344,0.5241169
1345,0.5241169
1346,0.5241169
1347,0.5241169
1348,0.5241169
1349,0.5241169
1350,0.5241169
1351,0.5241169
1352,0.5241169
1353,0.5241169
1354,0.5241169
1355,0.5241169
1356,0.5241169
1357,0.5241169
1358,0.5241169
1359,0.5241169
1360,0.5241169
1361,0.5241169
1362,0.5241169
1363,0.5241169
1364,0.5241169
1365,0.5241169
1366,0.5241169
1367,0.5241169
1368,0.5241169
1369,0.5241169
1370,0.5241169
1371,0.5241169
1372,0.5241169
1373,0.5241169
1374,0.5241169
1375,0.5241169
1376,0.5241169
1377,0.5241169
1378,0.5241169
1379,0.5241169
1380,0.5241169
1381,0.5241169
1382,0.5241169
1383,0.5241169
1384,0.5241169
1385,0.5241169
1386,0.5241169
1387,0.5241169
1388,0.5241169
1389,0.5241169
1390,0.5241169
1391,0.5241169
1392,0.5241169
1393,0.5241169
1394,0.5241169
1395,0.5241169
1396,0.5241169
1397,0.5241169
1398,0.5241169
1399,0.5241169
1400,0.5241169
1401,0.5241169
1402,0.5241169
1403,0.5241169
1404,0.5241169
1405,0.5241169
1406,0.5241169
1407,0.5241169
1408,0.5241169
1409,0.5241169
1410,0.5241169
1411,0.5241169
1412,0.5241169
1413,0.5241169
1414,0.5241169
1415,0.5241169
1416,0.5241169
1417,0.5241169
1418,0.5241169
1419,0.5241169
1420,0.5241169
1421,0.5241169
1422,0.5241169
1423,0.5241169
1424,0.5241169
1425,0.5241169
1426,0.5241169
1427,0.5241169
1428,0.5241169
1429,0.5241169
1430,0.5241169
1431,0.5241169
1432,0.5241169
1433,0.5241169
1434,0.5241169
1435,0.5241169
1436,0.5241169
1437,0.5241169
1438,0.5241169
1439,0.5241169
1440,0.5241169
1441,0.5241169
1442,0.5241169
1443,0.5241169
1444,0.5241169
1445,0.5241169
1446,0.5241169
1447,0.5241169
1448,0.5241169
1449,0.5241169
1450,0.5241169
1451,0.5241169
1452,0.5241169
1453,0.5241169
1454,0.5241169
1455,0.5241169
1456,0.5241169
1457,0.5241169
1458,0.5241169
1459,0.5241169
1460,0.5241169
1461,0.5241169
1462,0.5241169
1463,0.5241169
1464,0.5241169
1465,0.5241169
1466,0.5241169
1467,0.5241169
1468,0.5241169
1469,0.5241169
1470,0.5241169
1471,0.5241169
1472,0.5241169
1473,0.5241169
1474,0.5241169
1475,0.5241169
1476,0.5241169
1477,0.5241169
1478,0.5241169
1479,0.5241169
1480,0.5241169
1481,0.5241169
1482,0.5241169
1483,0.5241169
1484,0.5241169
1485,0.5241169
1486,0.5241169
1487,0.5241169
1488,0.5241169
1489,0.5241169
1490,0.5241169
1491,0.5241169
1492,0.5241169
1493,0.5241169
1494,0.5241169
1495,0.5241169
1496,0.5241169
1497,0.5241169
1498,0.5241169
1499,0.5241169
1500,0.5241169
1501,0.5241169
1502,0.5241169
1503,0.5241169
1504,0.5241169
1505,0.5241169
1506,0.5241169
1507,0.5241169
1508,0.5241169
1509,0.5241169
1510,0.5241169
1511,0.5241169
1512,0.5241169
1513,0.5241169
1514,0.5241169
1515,0.5241169
1516,0.5241169
1517,0.5241169
1518,0.5241169
1519,0.5241169
1520,0.5241169
1521,0.5241169
1522,0.5241169
1523,0.5241169
1524,0.5241169
1525,0.5241169
1526,0.5241169
1527,0.5241169
1528,0.5241169
1529,0.5241169
1530,0.5241169
1531,0.5241169
1532,0.5241169
1533,0.5241169
1534,0.5241169
1535,0.5241169
1536,0.5241169
1537,0.5241169
1538,0.5241169
1539,0.5241169
1540,0.5241169
1541,0.5241169
1542,0.5241169
1543,0.5241169
1544,0.5241169
1545,0.5241169
1546,0.5241169
1547,0.5241169
1548,0.5241169
1549,0.5241169
1550,0.5241169
1551,0.5241169
1552,0.5241169
1553,0.5241169
1554,0.5241169
1555,0.5241169
1556,0.5241169
1557,0.5241169
1558,0.5241169
1559,0.5241169
1560,0.5241169
1561,0.5241169
1562,0.5241169
1563,0.5241169
1564,0.5241169
1565,0.5241169
1566,0.5241169
1567,0.5241169
1568,0.5241169
1569,0.5241169
1570,0.5241169
1571,0.5241169
1572,0.5241169
1573,0.5241169
1574,0.5241169
1575,0.5241169
1576,0.5241169
1577,0.5241169
1578,0.5241169
1579,0.5241169
1580,0.5241169
1581,0.5241169
1582,0.5241169
1583,0.5241169
1584,0.5241169
1585,0.5241169
1586,0.5241169
1587,0.5241169
1588,0.5241169
1589,0.5241169
1590,0.5241169
1591,0.5241169
1592,0.5241169
1593,0.5241169
1594,0.5241169
1595,0.5241169
1596,0.5241169
1597,0.5241169
1598,0.5241169
1599,0.5241169
1600,0.5241169
1601,0.5241169
1602,0.5241169
1603,0.5241169
1604,0.5241169
1605,0.5241169
1606,0.5241169
1607,0.5241169
1608,0.5241169
1609,0.5241169
1610,0.5241169
1611,0.5241169
1612,0.5241169
1613,0.5241169
1614,0.5241169
1615,0.5241169
1616,0.5241169
1617,0.5241169
1618,0.5241169
1619,0.5241169
1620,0.5241169
1621,0.5241169
1622,0.5241169
1623,0.5241169
1624,0.5241169
1625,0.5241169
1626,0.5241169
1627,0.5241169
1628,0.5241169
1629,0.5241169
1630,0.5241169
1631,0.5241169
1632,0.5241169
1633,0.5241169
1634,0.5241169
1635,0.5241169
1636,0.5241169
1637,0.5241169
1638,0.5241169
1639,0.5241169
1640,0.5241169
1641,0.5241169
1642,0.5241169
1643,0.5241169
1644,0.5241169
1645,0.5241169
1646,0.5241169
1647,0.5241169
1648,0.5241169
1649,0.5241169
1650,0.5241169
1651,0.5241169
1652,0.5241169
1653,0.5241169
1654,0.5241169
1655,0.5241169
1656,0.5241169
1657,0.5241169
1658,0.5241169
1659,0.5241169
1660,0.5241169
1661,0.5241169
1662,0.5241169
1663,0.5241169
1664,0.5241169
1665,0.5241169
1666,0.5241169
1667,0.5241169
1668,0.5241169
1669,0.5241169
1670,0.5241169
1671,0.5241169
1672,0.5241169
1673,0.5241169
1674,0.5241169
1675,0.5241169
1676,0.5241169
1677,0.5241169
1678,0.5241169
1679,0.5241169
1680,0.5241169
1681,0.5241169
1682,0.5241169
1683,0.5241169
1684,0.5241169
1685,0.5241169
1686,0.5241169
1687,0.5241169
1688,0.5241169
1689,0.5241169
1690,0.5241169
1691,0.5241169
1692,0.5241169
1693,0.5241169
1694,0.5241169
1695,0.5241169
1696,0.5241169
1697,0.5241169
1698,0.5241169
1699,0.5241169
1700,0.5241169
1701,0.5241169
1702,0.5241169
1703,0.5241169
1704,0.5241169
1705,0.5241169
1706,0.5241169
1707,0.5241169
1708,0.5241169
1709,0.5241169
1710,0.5241169
1711,0.5241169
1712,0.5241169
1713,0.5241169
1714,0.5241169
1715,0.5241169
1716,0.5241169
1717,0.5241169
1718,0.5241169
1719,0.5241169
1720,0.5241169
1721,0.5241169
1722,0.5241169
1723,0.5241169
1724,0.5241169
1725,0.5241169
1726,0.5241169
1727,0.5241169
1728,0.5241169
1729,0.5241169
1730,0.5241169
1731,0.5241169
1732,0.5241169
1733,0.5241169
1734,0.5241169
1735,0.5241169
1736,0.5241169
1737,0.5241169
1738,0.5241169
1739,0.5241169
1740,0.5241169
1741,0.5241169
1742,0.5241169
1743,0.5241169
1744,0.5241169
1745,0.5241169
1746,0.5241169
1747,0.5241169
1748,0.5241169
1749,0.5241169
1750,0.5241169
1751,0.5241169
1752,0.5241169
1753,0.5241169
1754,0.5241169
1755,0.5241169
1756,0.5241169
1757,0.5241169
1758,0.5241169
1759,0.5241169
1760,0.5241169
1761,0.5241169
1762,0.5241169
1763,0.5241169
1764,0.5241169
1765,0.5241169
1766,0.5241169
1767,0.5241169
1768,0.5241169
1769,0.5241169
1770,0.5241169
1771,0.5241169
1772,0.5241169
1773,0.5241169
1774,0.5241169
1775,0.5241169
1776,0.5241169
1777,0.5241169
1778,0.5241169
1779,0.5241169
1780,0.5241169
1781,0.5241169
1782,0.5241169
1783,0.5241169
1784,0.5241169
1785,0.5241169
1786,0.5241169
1787,0.5241169
1788,0.5241169
1789,0.5241169
1790,0.5241169
1791,0.5241169
1792,0.5241169
1793,0.5241169
1794,0.5241169
1795,0.5241169
1796,0.5241169
1797,0.5241169
1798,0.5241169
1799,0.5241169
1800,0.5241169
1801,0.5241169
1802,0.5241169
1803,0.5241169
1804,0.5241169
1805,0.5241169
1806,0.5241169
1807,0.5241169
1808,0.5241169
1809,0.5241169
1810,0.5241169
1811,0.5241169
1812,0.5241169
1813,0.5241169
1814,0.5241169
1815,0.5241169
1816,0.5241169
1817,0.5241169
1818,0.5241169
1819,0.5241169
1820,0.5241169
1821,0.5241169
1822,0.5241169
1823,0.5241169
1824,0.5241169
1825,0.5241169
1826,0.5241169
1827,0.5241169
1828,0.5241169
1829,0.5241169
1830,0.5241169
1831,0.5241169
1832,0.5241169
1833,0.5241169
1834,0.5241169
1835,0.5241169
1836,0.5241169
1837,0.5241169
1838,0.5241169
1839,0.5241169
1840,0.5241169
1841,0.5241169
1842,0.5241169
1843,0.5241169
1844,0.5241169
1845,0.5241169
1846,0.5241169
1847,0.5241169
1848,0.5241169
1849,0.5241169
1850,0.5241169
1851,0.5241169
1852,0.5241169
1853,0.5241169
1854,0.5241169
1855,0.5241169
1856,0.5241169
1857,0.5241169
1858,0.5241169
1859,0.5241169
1860,0.5241169
1861,0.5241169
1862,0.5241169
1863,0.5241169
1864,0.5241169
1865,0.5241169
1866,0.5241169
1867,0.5241169
1868,0.5241169
1869,0.5241169
1870,0.5241169
1871,0.5241169
1872,0.5241169
1873,0.5241169
1874,0.5241169
1875,0.5241169
1876,0.5241169
1877,0.5241169
1878,0.5241169
1879,0.5241169
1880,0.5241169
1881,0.5241169
1882,0.5241169
1883,0.5241169
1884,0.5241169
1885,0.5241169
1886,0.5241169
1887,0.5241169
1888,0.5241169
1889,0.5241169
1890,0.5241169
1891,0.5241169
1892,0.5241169
1893,0.5241169
1894,0.5241169
1895,0.5241169
1896,0.5241169
1897,0.5241169
1898,0.5241169
1899,0.5241169
1900,0.5241169
1901,0.5241169
1902,0.5241169
1903,0.5241169
1904,0.5241169
1905,0.5241169
1906,0.5241169
1907,0.5241169
1908,0.5241169
1909,0.5241169
1910,0.5241169
1911,0.5241169
1912,0.5241169
1913,0.5241169
1914,0.5241169
1915,0.5241169
1916,0.5241169
1917,0.5241169
1918,0.5241169
1919,0.5241169
1920,0.5241169
1921,0.5241169
1922,0.5241169
1923,0.5241169
1924,0.5241169
1925,0.5241169
1926,0.5241169
1927,0.5241169
1928,0.5241169
1929,0.5241169
1930,0.5241169
1931,0.5241169
1932,0.5241169
1933,0.5241169
1934,0.5241169
1935,0.5241169
1936,0.5241169
1937,0.5241169
1938,0.5241169
1939,0.5241169
1940,0.5241169
1941,0.5241169
1942,0.5241169
1943,0.5241169
1944,0.5241169
1945,0.5241169
1946,0.5241169
1947,0.5241169
1948,0.5241169
1949,0.5241169
1950,0.5241169
1951,0.5241169
1952,0.5241169
1953,0.5241169
1954,0.5241169
1955,0.5241169
1956,0.5241169
1957,0.5241169
1958,0.5241169
1959,0.5241169
1960,0.5241169
1961,0.5241169
1962,0.5241169
1963,0.5241169
1964,0.5241169
1965,0.5241169
1966,0.5241169
1967,0.5241169
1968,0.5241169
1969,0.5241169
1970,0.5241169
1971,0.5241169
1972,0.5241169
1973,0.5241169
1974,0.5241169
1975,0.5241169
1976,0.5241169
1977,0.5241169
1978,0.5241169
1979,0.5241169
1980,0.5241169
1981,0.5241169
1982,0.5241169
1983,0.5241169
1984,0.5241169
1985,0.5241169
1986,0.5241169
1987,0.5241169
1988,0.5241169
1989,0.5241169
1990,0.5241169
1991,0.5241169
1992,0.5241169
1993,0.5241169
1994,0.5241169
1995,0.5241169
1996,0.5241169
1997,0.5241169
1998,0.5241169
1999,0.5241169
2000,0.5241169
2001,0.5241169
2002,0.5241169
2003,0.5241169
2004,0.5241169
2005,0.5241169
2006,0.5241169
2007,0.5241169
2008,0.5241169
2009,0.5241169
2010,0.5241169
2011,0.5241169
2012,0.5241169
2013,0.5241169
2014,0.5241169
2015,0.5241169
2016,0.5241169
2017,0.5241169
2018,0.5241169
2019,0.5241169
2020,0.5241169
2021,0.5241169
2022,0.5241169
2023,0.5241169
2024,0.5241169
2025,0.5241169
2026,0.5241169
2027,0.5241169
2028,0.5241169
2029,0.5241169
2030,0.5241169
2031,0.5241169
2032,0.5241169
2033,0.5241169
2034,0.5241169
2035,0.5241169
2036,0.5241169
2037,0.5241169
2038,0.5241169
2039,0.5241169
2040,0.5241169
2041,0.5241169
2042,0.5241169
2043,0.5241169
2044,0.5241169
2045,0.5241169
2046,0.5241169
2047,0.5241169
2048,0.5241169
2049,0.5241169
2050,0.5241169
2051,0.5241169
2052,0.5241169
2053,0.5241169
2054,0.5241169
2055,0.5241169
2056,0.5241169
2057,0.5241169
2058,0.5241169
2059,0.5241169
2060,0.5241169
2061,0.5241169
2062,0.5241169
2063,0.5241169
2064,0.5241169
2065,0.5241169
2066,0.5241169
2067,0.5241169
2068,0.5241169
2069,0.5241169
2070,0.5241169
2071,0.5241169
2072,0.5241169
2073,0.5241169
2074,0.5241169
2075,0.5241169
2076,0.5241169
2077,0.5241169
2078,0.5241169
2079,0.5241169
2080,0.5241169
2081,0.5241169
2082,0.5241169
2083,0.5241169
2084,0.5241169
2085,0.5241169
2086,0.5241169
2087,0.5241169
2088,0.5241169
2089,0.5241169
2090,0.5241169
2091,0.5241169
2092,0.5241169
2093,0.5241169
2094,0.5241169
2095,0.5241169
2096,0.5241169
2097,0.5241169
2098,0.5241169
2099,0.5241169
2100,0.5241169
2101,0.5241169
2102,0.5241169
2103,0.5241169
2104,0.5241169
2105,0.5241169
2106,0.5241169
2107,0.5241169
2108,0.5241169
2109,0.5241169
2110,0.5241169
2111,0.5241169
2112,0.5241169
2113,0.5241169
2114,0.5241169
2115,0.5241169
2116,0.5241169
2117,0.5241169
2118,0.5241169
2119,0.5241169
2120,0.5241169
2121,0.5241169
2122,0.5241169
2123,0.5241169
2124,0.5241169
2125,0.5241169
2126,0.5241169
2127,0.5241169
2128,0.5241169
2129,0.5241169
2130,0.5241169
2131,0.5241169
2132,0.5241169
2133,0.5241169
2134,0.5241169
2135,0.5241169
2136,0.5241169
2137,0.5241169
2138,0.5241169
2139,0.5241169
2140,0.5241169
2141,0.5241169
2142,0.5241169
2143,0.5241169
2144,0.5241169
2145,0.5241169
2146,0.5241169
2147,0.5241169
2148,0.5241169
2149,0.5241169
2150,0.5241169
2151,0.5241169
2152,0.5241169
2153,0.5241169
2154,0.5241169
2155,0.5241169
2156,0.5241169
2157,0.5241169
2158,0.5241169
2159,0.5241169
2160,0.5241169
2161,0.5241169
2162,0.5241169
2163,0.5241169
2164,0.5241169
2165,0.5241169
2166,0.5241169
2167,0.5241169
2168,0.5241169
2169,0.5241169
2170,0.5241169
2171,0.5241169
2172,0.5241169
2173,0.5241169
2174,0.5241169
2175,0.5241169
2176,0.5241169
2177,0.5241169
2178,0.5241169
2179,0.5241169
2180,0.5241169
2181,0.5241169
2182,0.5241169
2183,0.5241169
2184,0.5241169
2185,0.5241169
2186,0.5241169
2187,0.5241169
2188,0.5241169
2189,0.5241169
2190,0.5241169
2191,0.5241169
2192,0.5241169
2193,0.5241169
2194,0.5241169
2195,0.5241169
2196,0.5241169
2197,0.5241169
2198,0.5241169
2199,0.5241169
2200,0.5241169
2201,0.5241169
2202,0.5241169
2203,0.5241169
2204,0.5241169
2205,0.5241169
2206,0.5241169
2207,0.5241169
2208,0.5241169
2209,0.5241169
2210,0.5241169
2211,0.5241169
2212,0.5241169
2213,0.5241169
2214,0.5241169
2215,0.5241169
2216,0.5241169
2217,0.5241169
2218,0.5241169
2219,0.5241169
2220,0.5241169
2221,0.5241169
2222,0.5241169
2223,0.5241169
2224,0.5241169
2225,0.5241169
2226,0.5241169
2227,0.5241169
2228,0.5241169
2229,0.5241169
2230,0.5241169
2231,0.5241169
2232,0.5241169
2233,0.5241169
2234,0.5241169
2235,0.5241169
2236,0.5241169
2237,0.5241169
2238,0.5241169
2239,0.5241169
2240,0.5241169
2241,0.5241169
2242,0.5241169
2243,0.5241169
2244,0.5241169
2245,0.5241169
2246,0.5241169
2247,0.5241169
2248,0.5241169
2249,0.5241169
2250,0.5241169
2251,0.5241169
2252,0.5241169
2253,0.5241169
2254,0.5241169
2255,0.5241169
2256,0.5241169
2257,0.5241169
2258,0.5241169
2259,0.5241169
2260,0.5241169
2261,0.5241169
2262,0.5241169
2263,0.5241169
2264,0.5241169
2265,0.5241169
2266,0.5241169
2267,0.5241169
2268,0.5241169
2269,0.5241169
2270,0.5241169
2271,0.5241169
2272,0.5241169
2273,0.5241169
2274,0.5241169
2275,0.5241169
2276,0.5241169
2277,0.5241169
2278,0.5241169
2279,0.5241169
2280,0.5241169
2281,0.5241169
2282,0.5241169
2283,0.5241169
2284,0.5241169
2285,0.5241169
2286,0.5241169
2287,0.5241169
2288,0.5241169
2289,0.5241169
2290,0.5241169
2291,0.5241169
2292,0.5241169
2293,0.5241169
2294,0.5241169
2295,0.5241169
2296,0.5241169
2297,0.5241169
2298,0.5241169
2299,0.5241169
2300,0.5241169
2301,0.5241169
2302,0.5241169
2303,0.5241169
2304,0.5241169
2305,0.5241169
2306,0.5241169
2307,0.5241169
2308,0.5241169
2309,0.5241169
2310,0.5241169
2311,0.5241169
2312,0.5241169
2313,0.5241169
2314,0.5241169
2315,0.5241169
2316,0.5241169
2317,0.5241169
2318,0.5241169
2319,0.5241169
2320,0.5241169
2321,0.5241169
2322,0.5241169
2323,0.5241169
2324,0.5241169
2325,0.5241169
2326,0.5241169
2327,0.5241169
2328,0.5241169
2329,0.5241169
2330,0.5241169
2331,0.5241169
2332,0.5241169
2333,0.5241169
2334,0.5241169
2335,0.5241169
2336,0.5241169
2337,0.5241169
2338,0.5241169
2339,0.5241169
2340,0.5241169
2341,0.5241169
2342,0.5241169
2343,0.5241169
2344,0.5241169
2345,0.5241169
2346,0.5241169
2347,0.5241169
2348,0.5241169
2349,0.5241169
2350,0.5241169
2351,0.5241169
2352,0.5241169
2353,0.5241169
2354,0.5241169
2355,0.5241169
2356,0.5241169
2357,0.5241169
2358,0.5241169
2359,0.5241169
2360,0.5241169
2361,0.5241169
2362,0.5241169
2363,0.5241169
2364,0.5241169
2365,0.5241169
2366,0.5241169
2367,0.5241169
2368,0.5241169
2369,0.5241169
2370,0.5241169
2371,0.5241169
2372,0.5241169
2373,0.5241169
2374,0.5241169
2375,0.5241169
2376,0.5241169
2377,0.5241169
2378,0.5241169
2379,0.5241169
2380,0.5241169
2381,0.5241169
2382,0.5241169
2383,0.5241169
2384,0.5241169
2385,0.5241169
2386,0.5241169
2387,0.5241169
2388,0.5241169
2389,0.5241169
2390,0.5241169
2391,0.5241169
2392,0.5241169
2393,0.5241169
2394,0.5241169
2395,0.5241169
2396,0.5241169
2397,0.5241169
2398,0.5241169
2399,0.5241169
2400,0.5241169
2401,0.5241169
2402,0.5241169
2403,0.5241169
2404,0.5241169
2405,0.5241169
2406,0.5241169
2407,0.5241169
2408,0.5241169
2409,0.5241169
2410,0.5241169
2411,0.5241169
2412,0.5241169
2413,0.5241169
2414,0.5241169
2415,0.5241169
2416,0.5241169
2417,0.5241169
2418,0.5241169
2419,0.5241169
2420,0.5241169
2421,0.5241169
2422,0.5241169
2423,0.5241169
2424,0.5241169
2425,0.5241169
2426,0.5241169
2427,0.5241169
2428,0.5241169
2429,0.5241169
2430,0.5241169
2431,0.5241169
2432,0.5241169
2433,0.5241169
2434,0.5241169
2435,0.5241169
2436,0.5241169
2437,0.5241169
2438,0.5241169
2439,0.5241169
2440,0.5241169
2441,0.5241169
2442,0.5241169
2443,0.5241169
2444,0.5241169
2445,0.5241169
2446,0.5241169
2447,0.5241169
2448,0.5241169
2449,0.5241169
2450,0.5241169
2451,0.5241169
2452,0.5241169
2453,0.5241169
2454,0.5241169
2455,0.5241169
2456,0.5241169
2457,0.5241169
2458,0.5241169
2459,0.5241169
2460,0.5241169
2461,0.5241169
2462,0.5241169
2463,0.5241169
2464,0.5241169
2465,0.5241169
2466,0.5241169
2467,0.5241169
2468,0.5241169
2469,0.5241169
2470,0.5241169
2471,0.5241169
2472,0.5241169
2473,0.5241169
2474,0.5241169
2475,0.5241169
2476,0.5241169
2477,0.5241169
2478,0.5241169
2479,0.5241169
2480,0.5241169
2481,0.5241169
2482,0.5241169
2483,0.5241169
2484,0.5241169
2485,0.5241169
2486,0.5241169
2487,0.5241169
2488,0.5241169
2489,0.5241169
2490,0.5241169
2491,0.5241169
2492,0.5241169
2493,0.5241169
2494,0.5241169
2495,0.5241169
2496,0.5241169
2497,0.5241169
2498,0.5241169
2499,0.5241169
2500,0.5241169
2501,0.5241169
2502,0.5241169
2503,0.5241169
2504,0.5241169
2505,0.5241169
2506,0.5241169
2507,0.5241169
2508,0.5241169
2509,0.5241169
2510,0.5241169
2511,0.5241169
2512,0.5241169
2513,0.5241169
2514,0.5241169
2515,0.5241169
2516,0.5241169
2517,0.5241169
2518,0.5241169
2519,0.5241169
2520,0.5241169
2521,0.5241169
2522,0.5241169
2523,0.5241169
2524,0.5241169
2525,0.5241169
2526,0.5241169
2527,0.5241169
2528,0.5241169
2529,0.5241169
2530,0.5241169
2531,0.5241169
2532,0.5241169
2533,0.5241169
2534,0.5241169
2535,0.5241169
2536,0.5241169
2537,0.5241169
2538,0.5241169
2539,0.5241169
2540,0.5241169
2541,0.5241169
2542,0.5241169
2543,0.5241169
2544,0.5241169
2545,0.5241169
2546,0.5241169
2547,0.5241169
2548,0.5241169
2549,0.5241169
2550,0.5241169
2551,0.5241169
2552,0.5241169
2553,0.5241169
2554,0.5241169
2555,0.5241169
2556,0.5241169
2557,0.5241169
2558,0.5241169
2559,0.5241169
2560,0.5241169
2561,0.5241169
2562,0.5241169
2563,0.5241169
2564,0.5241169
2565,0.5241169
2566,0.5241169
2567,0.5241169
2568,0.5241169
2569,0.5241169
2570,0.5241169
2571,0.5241169
2572,0.5241169
2573,0.5241169
2574,0.5241169
2575,0.5241169
2576,0.5241169
2577,0.5241169
2578,0.5241169
2579,0.5241169
2580,0.5241169
2581,0.5241169
2582,0.5241169
2583,0.5241169
2584,0.5241169
2585,0.5241169
2586,0.5241169
2587,0.5241169
2588,0.5241169
2589,0.5241169
2590,0.5241169
2591,0.5241169
2592,0.5241169
2593,0.5241169
2594,0.5241169
2595,0.5241169
2596,0.5241169
2597,0.5241169
2598,0.5241169
2599,0.5241169
2600,0.5241169
2601,0.5241169
2602,0.5241169
2603,0.5241169
2604,0.5241169
2605,0.5241169
2606,0.5241169
2607,0.5241169
2608,0.5241169
2609,0.5241169
2610,0.5241169
2611,0.5241169
2612,0.5241169
2613,0.5241169
2614,0.5241169
2615,0.5241169
2616,0.5241169
2617,0.5241169
2618,0.5241169
2619,0.5241169
2620,0.5241169
2621,0.5241169
2622,0.5241169
2623,0.5241169
2624,0.5241169
2625,0.5241169
2626,0.5241169
2627,0.5241169
2628,0.5241169
2629,0.5241169
2630,0.5241169
2631,0.5241169
2632,0.5241169
2633,0.5241169
2634,0.5241169
2635,0.5241169
2636,0.5241169
2637,0.5241169
2638,0.5241169
2639,0.5241169
2640,0.5241169
2641,0.5241169
2642,0.5241169
2643,0.5241169
2644,0.5241169
2645,0.5241169
2646,0.5241169
2647,0.5241169
2648,0.5241169
2649,0.5241169
2650,0.5241169
2651,0.5241169
2652,0.5241169
2653,0.5241169
2654,0.5241169
2655,0.5241169
2656,0.5241169
2657,0.5241169
2658,0.5241169
2659,0.5241169
2660,0.5241169
2661,0.5241169
2662,0.5241169
2663,0.5241169
2664,0.5241169
2665,0.5241169
2666,0.5241169
2667,0.5241169
2668,0.5241169
2669,0.5241169
2670,0.5241169
2671,0.5241169
2672,0.5241169
2673,0.5241169
2674,0.5241169
2675,0.5241169
2676,0.5241169
2677,0.5241169
2678,0.5241169
2679,0.5241169
2680,0.5241169
2681,0.5241169
2682,0.5241169
2683,0.5241169
2684,0.5241169
2685,0.5241169
2686,0.5241169
2687,0.5241169
2688,0.5241169
2689,0.5241169
2690,0.5241169
2691,0.5241169
2692,0.5241169
2693,0.5241169
2694,0.5241169
2695,0.5241169
2696,0.5241169
2697,0.5241169
2698,0.5241169
2699,0.5241169
2700,0.5241169
2701,0.5241169
2702,0.5241169
2703,0.5241169
2704,0.5241169
2705,0.5241169
2706,0.5241169
2707,0.5241169
2708,0.5241169
2709,0.5241169
2710,0.5241169
2711,0.5241169
2712,0.5241169
2713,0.5241169
2714,0.5241169
2715,0.5241169
2716,0.5241169
2717,0.5241169
2718,0.5241169
2719,0.5241169
2720,0.5241169
2721,0.5241169
2722,0.5241169
2723,0.5241169
2724,0.5241169
2725,0.5241169
2726,0.5241169
2727,0.5241169
2728,0.5241169
2729,0.5241169
2730,0.5241169
2731,0.5241169
2732,0.5241169
2733,0.5241169
2734,0.5241169
2735,0.5241169
2736,0.5241169
2737,0.5241169
2738,0.5241169
2739,0.5241169
2740,0.5241169
2741,0.5241169
2742,0.5241169
2743,0.5241169
2744,0.5241169
2745,0.5241169
2746,0.5241169
2747,0.5241169
2748,0.5241169
2749,0.5241169
2750,0.5241169
2751,0.5241169
2752,0.5241169
2753,0.5241169
2754,0.5241169
2755,0.5241169
2756,0.5241169
2757,0.5241169
2758,0.5241169
2759,0.5241169
2760,0.5241169
2761,0.5241169
2762,0.5241169
2763,0.5241169
2764,0.5241169
2765,0.5241169
2766,0.5241169
2767,0.5241169
2768,0.5241169
2769,0.5241169
2770,0.5241169
2771,0.5241169
2772,0.5241169
2773,0.5241169
2774,0.5241169
2775,0.5241169
2776,0.5241169
2777,0.5241169
2778,0.5241169
2779,0.5241169
2780,0.5241169
2781,0.5241169
2782,0.5241169
2783,0.5241169
2784,0.5241169
2785,0.5241169
2786,0.5241169
2787,0.5241169
2788,0.5241169
2789,0.5241169
2790,0.5241169
2791,0.5241169
2792,0.5241169
2793,0.5241169
2794,0.5241169
2795,0.5241169
2796,0.5241169
2797,0.5241169
2798,0.5241169
2799,0.5241169
2800,0.5241169
2801,0.5241169
2802,0.5241169
2803,0.5241169
2804,0.5241169
2805,0.5241169
2806,0.5241169
2807,0.5241169
2808,0.5241169
2809,0.5241169
2810,0.5241169
2811,0.5241169
2812,0.5241169
2813,0.5241169
2814,0.5241169
2815,0.5241169
2816,0.5241169
2817,0.5241169
2818,0.5241169
2819,0.5241169
2820,0.5241169
2821,0.5241169
2822,0.5241169
2823,0.5241169
2824,0.5241169
2825,0.5241169
2826,0.5241169
2827,0.5241169
2828,0.5241169
2829,0.5241169
2830,0.5241169
2831,0.5241169
2832,0.5241169
2833,0.5241169
2834,0.5241169
2835,0.5241169
2836,0.5241169
2837,0.5241169
2838,0.5241169
2839,0.5241169
2840,0.5241169
2841,0.5241169
2842,0.5241169
2843,0.5241169
2844,0.5241169
2845,0.5241169
2846,0.5241169
2847,0.5241169
2848,0.5241169
2849,0.5241169
2850,0.5241169
2851,0.5241169
2852,0.5241169
2853,0.5241169
2854,0.5241169
2855,0.5241169
2856,0.5241169
2857,0.5241169
2858,0.5241169
2859,0.5241169
2860,0.5241169
2861,0.5241169
2862,0.5241169
2863,0.5241169
2864,0.5241169
2865,0.5241169
2866,0.5241169
2867,0.5241169
2868,0.5241169
2869,0.5241169
2870,0.5241169
2871,0.5241169
2872,0.5241169
2873,0.5241169
2874,0.5241169
2875,0.5241169
2876,0.5241169
2877,0.5241169
2878,0.5241169
2879,0.5241169
2880,0.5241169
2881,0.5241169
2882,0.5241169
2883,0.5241169
2884,0.5241169
2885,0.5241169
2886,0.5241169
2887,0.5241169
2888,0.5241169
2889,0.5241169
2890,0.5241169
2891,0.5241169
2892,0.5241169
2893,0.5241169
2894,0.5241169
2895,0.5241169
2896,0.5241169
2897,0.5241169
2898,0.5241169
2899,0.5241169
2900,0.5241169
2901,0.5241169
2902,0.5241169
2903,0.5241169
2904,0.5241169
2905,0.5241169
2906,0.5241169
2907,0.5241169
2908,0.5241169
2909,0.5241169
2910,0.5241169
2911,0.5241169
2912,0.5241169
2913,0.5241169
2914,0.5241169
2915,0.5241169
2916,0.5241169
2917,0.5241169
2918,0.5241169
2919,0.5241169
2920,0.5241169
2921,0.5241169
2922,0.5241169
2923,0.5241169
2924,0.5241169
2925,0.5241169
2926,0.5241169
2927,0.5241169
2928,0.5241169
2929,0.5241169
2930,0.5241169
2931,0.5241169
2932,0.5241169
2933,0.5241169
2934,0.5241169
2935,0.5241169
2936,0.5241169
2937,0.5241169
2938,0.5241169
2939,0.5241169
2940,0.5241169
2941,0.5241169
2942,0.5241169
2943,0.5241169
2944,0.5241169
2945,0.5241169
2946,0.5241169
2947,0.5241169
2948,0.5241169
2949,0.5241169
2950,0.5241169
2951,0.5241169
2952,0.5241169
2953,0.5241169
2954,0.5241169
2955,0.5241169
2956,0.5241169
2957,0.5241169
2958,0.5241169
2959,0.5241169
2960,0.5241169
2961,0.5241169
2962,0.5241169
2963,0.5241169
2964,0.5241169
2965,0.5241169
2966,0.5241169
2967,0.5241169
2968,0.5241169
2969,0.5241169
2970,0.5241169
2971,0.5241169
2972,0.5241169
2973,0.5241169
2974,0.5241169
2975,0.5241169
2976,0.5241169
2977,0.5241169
2978,0.5241169
2979,0.5241169
2980,0.5241169
2981,0.5241169
2982,0.5241169
2983,0.5241169
2984,0.5241169
2985,0.5241169
2986,0.5241169
2987,0.5241169
2988,0.5241169
2989,0.5241169
2990,0.5241169
2991,0.5241169
2992,0.5241169
2993,0.5241169
2994,0.5241169
2995,0.5241169
2996,0.5241169
2997,0.5241169
2998,0.5241169
2999,0.5241169
3000,0.5241169
3001,0.5241169
3002,0.5241169
3003,0.5241169
3004,0.5241169
3005,0.5241169
3006,0.5241169
3007,0.5241169
3008,0.5241169
3009,0.5241169
3010,0.5241169
3011,0.5241169
3012,0.5241169
3013,0.5241169
3014,0.5241169
3015,0.5241169
3016,0.5241169
3017,0.5241169
3018,0.5241169
3019,0.5241169
3020,0.5241169
3021,0.5241169
3022,0.5241169
3023,0.5241169
3024,0.5241169
3025,0.5241169
3026,0.5241169
3027,0.5241169
3028,0.5241169
3029,0.5241169
3030,0.5241169
3031,0.5241169
3032,0.5241169
3033,0.5241169
3034,0.5241169
3035,0.5241169
3036,0.5241169
3037,0.5241169
3038,0.5241169
3039,0.5241169
3040,0.5241169
3041,0.5241169
3042,0.5241169
3043,0.5241169
3044,0.5241169
3045,0.5241169
3046,0.5241169
3047,0.5241169
3048,0.5241169
3049,0.5241169
3050,0.5241169
3051,0.5241169
3052,0.5241169
3053,0.5241169
3054,0.5241169
3055,0.5241169
3056,0.5241169
3057,0.5241169
3058,0.5241169
3059,0.5241169
3060,0.5241169
3061,0.5241169
3062,0.5241169
3063,0.5241169
3064,0.5241169
3065,0.5241169
3066,0.5241169
3067,0.5241169
3068,0.5241169
3069,0.5241169
3070,0.5241169
3071,0.5241169
3072,0.5241169
3073,0.5241169
3074,0.5241169
3075,0.5241169
3076,0.5241169
3077,0.5241169
3078,0.5241169
3079,0.5241169
3080,0.5241169
3081,0.5241169
3082,0.5241169
3083,0.5241169
3084,0.5241169
3085,0.5241169
3086,0.5241169
3087,0.5241169
3088,0.5241169
3089,0.5241169
3090,0.5241169
3091,0.5241169
3092,0.5241169
3093,0.5241169
3094,0.5241169
3095,0.5241169
3096,0.5241169
3097,0.5241169
3098,0.5241169
3099,0.5241169
3100,0.5241169
3101,0.5241169
3102,0.5241169
3103,0.5241169
3104,0.5241169
3105,0.5241169
3106,0.5241169
3107,0.5241169
3108,0.5241169
3109,0.5241169
3110,0.5241169
3111,0.5241169
3112,0.5241169
3113,0.5241169
3114,0.5241169
3115,0.5241169
3116,0.5241169
3117,0.5241169
3118,0.5241169
3119,0.5241169
3120,0.5241169
3121,0.5241169
3122,0.5241169
3123,0.5241169
3124,0.5241169
3125,0.5241169
3126,0.5241169
3127,0.5241169
3128,0.5241169
3129,0.5241169
3130,0.5241169
3131,0.5241169
3132,0.5241169
3133,0.5241169
3134,0.5241169
3135,0.5241169
3136,0.5241169
3137,0.5241169
3138,0.5241169
3139,0.5241169
3140,0.5241169
3141,0.5241169
3142,0.5241169
3143,0.5241169
3144,0.5241169
3145,0.5241169
3146,0.5241169
3147,0.5241169
3148,0.5241169
3149,0.5241169
3150,0.5241169
3151,0.5241169
3152,0.5241169
3153,0.5241169
3154,0.5241169
3155,0.5241169
3156,0.5241169
3157,0.5241169
3158,0.5241169
3159,0.5241169
3160,0.5241169
3161,0.5241169
3162,0.5241169
3163,0.5241169
3164,0.5241169
3165,0.5241169
3166,0.5241169
3167,0.5241169
3168,0.5241169
3169,0.5241169
3170,0.5241169
3171,0.5241169
3172,0.5241169
3173,0.5241169
3174,0.5241169
3175,0.5241169
3176,0.5241169
3177,0.5241169
3178,0.5241169
3179,0.5241169
3180,0.5241169
3181,0.5241169
3182,0.5241169
3183,0.5241169
3184,0.5241169
3185,0.5241169
3186,0.5241169
3187,0.5241169
3188,0.5241169
3189,0.5241169
3190,0.5241169
3191,0.5241169
3192,0.5241169
3193,0.5241169
3194,0.5241169
3195,0.5241169
3196,0.5241169
3197,0.5241169
3198,0.5241169
3199,0.5241169
3200,0.5241169
3201,0.5241169
3202,0.5241169
3203,0.5241169
3204,0.5241169
3205,0.5241169
3206,0.5241169
3207,0.5241169
3208,0.5241169
3209,0.5241169
3210,0.5241169
3211,0.5241169
3212,0.5241169
3213,0.5241169
3214,0.5241169
3215,0.5241169
3216,0.5241169
3217,0.5241169
3218,0.5241169
3219,0.5241169
3220,0.5241169
3221,0.5241169
3222,0.5241169
3223,0.5241169
3224,0.5241169
3225,0.5241169
3226,0.5241169
3227,0.5241169
3228,0.5241169
3229,0.5241169
3230,0.5241169
3231,0.5241169
3232,0.5241169
3233,0.5241169
3234,0.5241169
3235,0.5241169
3236,0.5241169
3237,0.5241169
3238,0.5241169
3239,0.5241169
3240,0.5241169
3241,0.5241169
3242,0.5241169
3243,0.5241169
3244,0.5241169
3245,0.5241169
3246,0.5241169
3247,0.5241169
3248,0.5241169
3249,0.5241169
3250,0.5241169
3251,0.5241169
3252,0.5241169
3253,0.5241169
3254,0.5241169
3255,0.5241169
3256,0.5241169
3257,0.5241169
3258,0.5241169
3259,0.5241169
3260,0.5241169
3261,0.5241169
3262,0.5241169
3263,0.5241169
3264,0.5241169
3265,0.5241169
3266,0.5241169
3267,0.5241169
3268,0.5241169
3269,0.5241169
3270,0.5241169
3271,0.5241169
3272,0.5241169
3273,0.5241169
3274,0.5241169
3275,0.5241169
3276,0.5241169
3277,0.5241169
3278,0.5241169
3279,0.5241169
3280,0.5241169
3281,0.5241169
3282,0.5241169
3283,0.5241169
3284,0.5241169
3285,0.5241169
3286,0.5241169
3287,0.5241169
3288,0.5241169
3289,0.5241169
3290,0.5241169
3291,0.5241169
3292,0.5241169
3293,0.5241169
3294,0.5241169
3295,0.5241169
3296,0.5241169
3297,0.5241169
3298,0.5241169
3299,0.5241169
3300,0.5241169
3301,0.5241169
3302,0.5241169
3303,0.5241169
3304,0.5241169
3305,0.5241169
3306,0.5241169
3307,0.5241169
3308,0.5241169
3309,0.5241169
3310,0.5241169
3311,0.5241169
3312,0.5241169
3313,0.5241169
3314,0.5241169
3315,0.5241169
3316,0.5241169
3317,0.5241169
3318,0.5241169
3319,0.5241169
3320,0.5241169
3321,0.5241169
3322,0.5241169
3323,0.5241169
3324,0.5241169
3325,0.5241169
3326,0.5241169
3327,0.5241169
3328,0.5241169
3329,0.5241169
3330,0.5241169
3331,0.5241169
3332,0.5241169
3333,0.5241169
3334,0.5241169
3335,0.5241169
3336,0.5241169
3337,0.5241169
3338,0.5241169
3339,0.5241169
3340,0.5241169
3341,0.5241169
3342,0.5241169
3343,0.5241169
3344,0.5241169
3345,0.5241169
3346,0.5241169
3347,0.5241169
3348,0.5241169
3349,0.5241169
3350,0.5241169
3351,0.5241169
3352,0.5241169
3353,0.5241169
3354,0.5241169
3355,0.5241169
3356,0.5241169
3357,0.5241169
3358,0.5241169
3359,0.5241169
3360,0.5241169
3361,0.5241169
3362,0.5241169
3363,0.5241169
3364,0.5241169
3365,0.5241169
3366,0.5241169
3367,0.5241169
3368,0.5241169
3369,0.5241169
3370,0.5241169
3371,0.5241169
3372,0.5241169
3373,0.5241169
3374,0.5241169
3375,0.5241169
3376,0.5241169
3377,0.5241169
3378,0.5241169
3379,0.5241169
3380,0.5241169
3381,0.5241169
3382,0.5241169
3383,0.5241169
3384,0.5241169
3385,0.5241169
3386,0.5241169
3387,0.5241169
3388,0.5241169
3389,0.5241169
3390,0.5241169
3391,0.5241169
3392,0.5241169
3393,0.5241169
3394,0.5241169
3395,0.5241169
3396,0.5241169
3397,0.5241169
3398,0.5241169
3399,0.5241169
3400,0.5241169
3401,0.5241169
3402,0.5241169
3403,0.5241169
3404,0.5241169
3405,0.5241169
3406,0.5241169
3407,0.5241169
3408,0.5241169
3409,0.5241169
3410,0.5241169
3411,0.5241169
3412,0.5241169
3413,0.5241169
3414,0.5241169
3415,0.5241169
3416,0.5241169
3417,0.5241169
3418,0.5241169
3419,0.5241169
3420,0.5241169
3421,0.5241169
3422,0.5241169
3423,0.5241169
3424,0.5241169
3425,0.5241169
3426,0.5241169
3427,0.5241169
3428,0.5241169
3429,0.5241169
3430,0.5241169
3431,0.5241169
3432,0.5241169
3433,0.5241169
3434,0.5241169
3435,0.5241169
3436,0.5241169
3437,0.5241169
3438,0.5241169
3439,0.5241169
3440,0.5241169
3441,0.5241169
3442,0.5241169
3443,0.5241169
3444,0.5241169
3445,0.5241169
3446,0.5241169
3447,0.5241169
3448,0.5241169
3449,0.5241169
3450,0.5241169
3451,0.5241169
3452,0.5241169
3453,0.5241169
3454,0.5241169
3455,0.5241169
3456,0.5241169
3457,0.5241169
3458,0.5241169
3459,0.5241169
3460,0.5241169
3461,0.5241169
3462,0.5241169
3463,0.5241169
3464,0.5241169
3465,0.5241169
3466,0.5241169
3467,0.5241169
3468,0.5241169
3469,0.5241169
3470,0.5241169
3471,0.5241169
3472,0.5241169
3473,0.5241169
3474,0.5241169
3475,0.5241169
3476,0.5241169
3477,0.5241169
3478,0.5241169
3479,0.5241169
3480,0.5241169
3481,0.5241169
3482,0.5241169
3483,0.5241169
3484,0.5241169
3485,0.5241169
3486,0.5241169
3487,0.5241169
3488,0.5241169
3489,0.5241169
3490,0.5241169
3491,0.5241169
3492,0.5241169
3493,0.5241169
3494,0.5241169
3495,0.5241169
3496,0.5241169
3497,0.5241169
3498,0.5241169
3499,0.5241169
3500,0.5241169
3501,0.5241169
3502,0.5241169
3503,0.5241169
3504,0.5241169
3505,0.5241169
3506,0.5241169
3507,0.5241169
3508,0.5241169
3509,0.5241169
3510,0.5241169
3511,0.5241169
3512,0.5241169
3513,0.5241169
3514,0.5241169
3515,0.5241169
3516,0.5241169
3517,0.5241169
3518,0.5241169
3519,0.5241169
3520,0.5241169
3521,0.5241169
3522,0.5241169
3523,0.5241169
3524,0.5241169
3525,0.5241169
3526,0.5241169
3527,0.5241169
3528,0.5241169
3529,0.5241169
3530,0.5241169
3531,0.5241169
3532,0.5241169
3533,0.5241169
3534,0.5241169
3535,0.5241169
3536,0.5241169
3537,0.5241169
3538,0.5241169
3539,0.5241169
3540,0.5241169
3541,0.5241169
3542,0.5241169
3543,0.5241169
3544,0.5241169
3545,0.5241169
3546,0.5241169
3547,0.5241169
3548,0.5241169
3549,0.5241169
3550,0.5241169
3551,0.5241169
3552,0.5241169
3553,0.5241169
3554,0.5241169
3555,0.5241169
3556,0.5241169
3557,0.5241169
3558,0.5241169
3559,0.5241169
3560,0.5241169
3561,0.5241169
3562,0.5241169
3563,0.5241169
3564,0.5241169
3565,0.5241169
3566,0.5241169
3567,0.5241169
3568,0.5241169
3569,0.5241169
3570,0.5241169
3571,0.5241169
3572,0.5241169
3573,0.5241169
3574,0.5241169
3575,0.5241169
3576,0.5241169
3577,0.5241169
3578,0.5241169
3579,0.5241169
3580,0.5241169
3581,0.5241169
3582,0.5241169
3583,0.5241169
3584,0.5241169
3585,0.5241169
3586,0.5241169
3587,0.5241169
3588,0.5241169
3589,0.5241169
3590,0.5241169
3591,0.5241169
3592,0.5241169
3593,0.5241169
3594,0.5241169
3595,0.5241169
3596,0.5241169
3597,0.5241169
3598,0.5241169
3599,0.5241169
3600,0.5241169
3601,0.5241169
3602,0.5241169
3603,0.5241169
3604,0.5241169
3605,0.5241169
3606,0.5241169
3607,0.5241169
3608,0.5241169
3609,0.5241169
3610,0.5241169
3611,0.5241169
3612,0.5241169
3613,0.5241169
3614,0.5241169
3615,0.5241169
3616,0.5241169
3617,0.5241169
3618,0.5241169
3619,0.5241169
3620,0.5241169
3621,0.5241169
3622,0.5241169
3623,0.5241169
3624,0.5241169
3625,0.5241169
3626,0.5241169
3627,0.5241169
3628,0.5241169
3629,0.5241169
3630,0.5241169
3631,0.5241169
3632,0.5241169
3633,0.5241169
3634,0.5241169
3635,0.5241169
3636,0.5241169
3637,0.5241169
3638,0.5241169
3639,0.5241169
3640,0.5241169
3641,0.5241169
3642,0.5241169
3643,0.5241169
3644,0.5241169
3645,0.5241169
3646,0.5241169
3647,0.5241169
3648,0.5241169
3649,0.5241169
3650,0.5241169
3651,0.5241169
3652,0.5241169
3653,0.5241169
3654,0.5241169
3655,0.5241169
3656,0.5241169
3657,0.5241169
3658,0.5241169
3659,0.5241169
3660,0.5241169
3661,0.5241169
3662,0.5241169
3663,0.5241169
3664,0.5241169
3665,0.5241169
3666,0.5241169
3667,0.5241169
3668,0.5241169
3669,0.5241169
3670,0.5241169
3671,0.5241169
3672,0.5241169
3673,0.5241169
3674,0.5241169
3675,0.5241169
3676,0.5241169
3677,0.5241169
3678,0.5241169
3679,0.5241169
3680,0.5241169
3681,0.5241169
3682,0.5241169
3683,0.5241169
3684,0.5241169
3685,0.5241169
3686,0.5241169
3687,0.5241169
3688,0.5241169
3689,0.5241169
3690,0.5241169
3691,0.5241169
3692,0.5241169
3693,0.5241169
3694,0.5241169
3695,0.5241169
3696,0.5241169
3697,0.5241169
3698,0.5241169
3699,0.5241169
3700,0.5241169
3701,0.5241169
3702,0.5241169
3703,0.5241169
3704,0.5241169
3705,0.5241169
3706,0.5241169
3707,0.5241169
3708,0.5241169
3709,0.5241169
3710,0.5241169
3711,0.5241169
3712,0.5241169
3713,0.5241169
3714,0.5241169
3715,0.5241169
3716,0.5241169
3717,0.5241169
3718,0.5241169
3719,0.5241169
3720,0.5241169
3721,0.5241169
3722,0.5241169
3723,0.5241169
3724,0.5241169
3725,0.5241169
3726,0.5241169
3727,0.5241169
3728,0.5241169
3729,0.5241169
3730,0.5241169
3731,0.5241169
3732,0.5241169
3733,0.5241169
3734,0.5241169
3735,0.5241169
3736,0.5241169
3737,0.5241169
3738,0.5241169
3739,0.5241169
3740,0.5241169
3741,0.5241169
3742,0.5241169
3743,0.5241169
3744,0.5241169
3745,0.5241169
3746,0.5241169
3747,0.5241169
3748,0.5241169
3749,0.5241169
3750,0.5241169
3751,0.5241169
3752,0.5241169
3753,0.5241169
3754,0.5241169
3755,0.5241169
3756,0.5241169
3757,0.5241169
3758,0.5241169
3759,0.5241169
3760,0.5241169
3761,0.5241169
3762,0.5241169
3763,0.5241169
3764,0.5241169
3765,0.5241169
3766,0.5241169
3767,0.5241169
3768,0.5241169
3769,0.5241169
3770,0.5241169
3771,0.5241169
3772,0.5241169
3773,0.5241169
3774,0.5241169
3775,0.5241169
3776,0.5241169
3777,0.5241169
3778,0.5241169
3779,0.5241169
3780,0.5241169
3781,0.5241169
3782,0.5241169
3783,0.5241169
3784,0.5241169
3785,0.5241169
3786,0.5241169
3787,0.5241169
3788,0.5241169
3789,0.5241169
3790,0.5241169
3791,0.5241169
3792,0.5241169
3793,0.5241169
3794,0.5241169
3795,0.5241169
3796,0.5241169
3797,0.5241169
3798,0.5241169
3799,0.5241169
3800,0.5241169
3801,0.5241169
3802,0.5241169
3803,0.5241169
3804,0.5241169
3805,0.5241169
3806,0.5241169
3807,0.5241169
3808,0.5241169
3809,0.5241169
3810,0.5241169
3811,0.5241169
3812,0.5241169
3813,0.5241169
3814,0.5241169
3815,0.5241169
3816,0.5241169
3817,0.5241169
3818,0.5241169
3819,0.5241169
3820,0.5241169
3821,0.5241169
3822,0.5241169
3823,0.5241169
3824,0.5241169
3825,0.5241169
3826,0.5241169
3827,0.5241169
3828,0.5241169
3829,0.5241169
3830,0.5241169
3831,0.5241169
3832,0.5241169
3833,0.5241169
3834,0.5241169
3835,0.5241169
3836,0.5241169
3837,0.5241169
3838,0.5241169
3839,0.5241169
3840,0.5241169
3841,0.5241169
3842,0.5241169
3843,0.5241169
3844,0.5241169
3845,0.5241169
3846,0.5241169
3847,0.5241169
3848,0.5241169
3849,0.5241169
3850,0.5241169
3851,0.5241169
3852,0.5241169
3853,0.5241169
3854,0.5241169
3855,0.5241169
3856,0.5241169
3857,0.5241169
3858,0.5241169
3859,0.5241169
3860,0.5241169
3861,0.5241169
3862,0.5241169
3863,0.5241169
3864,0.5241169
3865,0.5241169
3866,0.5241169
3867,0.5241169
3868,0.5241169
3869,0.5241169
3870,0.5241169
3871,0.5241169
3872,0.5241169
3873,0.5241169
3874,0.5241169
3875,0.5241169
3876,0.5241169
3877,0.5241169
3878,0.5241169
3879,0.5241169
3880,0.5241169
3881,0.5241169
3882,0.5241169
3883,0.5241169
3884,0.5241169
3885,0.5241169
3886,0.5241169
3887,0.5241169
3888,0.5241169
3889,0.5241169
3890,0.5241169
3891,0.5241169
3892,0.5241169
3893,0.5241169
3894,0.5241169
3895,0.5241169
3896,0.5241169
3897,0.5241169
3898,0.5241169
3899,0.5241169
3900,0.5241169
3901,0.5241169
3902,0.5241169
3903,0.5241169
3904,0.5241169
3905,0.5241169
3906,0.5241169
3907,0.5241169
3908,0.5241169
3909,0.5241169
3910,0.5241169
3911,0.5241169
3912,0.5241169
3913,0.5241169
3914,0.5241169
3915,0.5241169
3916,0.5241169
3917,0.5241169
3918,0.5241169
3919,0.5241169
3920,0.5241169
3921,0.5241169
3922,0.5241169
3923,0.5241169
3924,0.5241169
3925,0.5241169
3926,0.5241169
3927,0.5241169
3928,0.5241169
3929,0.5241169
3930,0.5241169
3931,0.5241169
3932,0.5241169
3933,0.5241169
3934,0.5241169
3935,0.5241169
3936,0.5241169
3937,0.5241169
3938,0.5241169
3939,0.5241169
3940,0.5241169
3941,0.5241169
3942,0.5241169
3943,0.5241169
3944,0.5241169
3945,0.5241169
3946,0.5241169
3947,0.5241169
3948,0.5241169
3949,0.5241169
3950,0.5241169
3951,0.5241169
3952,0.5241169
3953,0.5241169
3954,0.5241169
3955,0.5241169
3956,0.5241169
3957,0.5241169
3958,0.5241169
3959,0.5241169
3960,0.5241169
3961,0.5241169
3962,0.5241169
3963,0.5241169
3964,0.5241169
3965,0.5241169
3966,0.5241169
3967,0.5241169
3968,0.5241169
3969,0.5241169
3970,0.5241169
3971,0.5241169
3972,0.5241169
3973,0.5241169
3974,0.5241169
3975,0.5241169
3976,0.5241169
3977,0.5241169
3978,0.5241169
3979,0.5241169
3980,0.5241169
3981,0.5241169
3982,0.5241169
3983,0.5241169
3984,0.5241169
3985,0.5241169
3986,0.5241169
3987,0.5241169
3988,0.5241169
3989,0.5241169
3990,0.5241169
3991,0.5241169
3992,0.5241169
3993,0.5241169
3994,0.5241169
3995,0.5241169
3996,0.5241169
3997,0.5241169
3998,0.5241169
3999,0.5241169
4000,0.5241169
4001,0.5241169
4002,0.5241169
4003,0.5241169
4004,0.5241169
4005,0.5241169
4006,0.5241169
4007,0.5241169
4008,0.5241169
4009,0.5241169
4010,0.5241169
4011,0.5241169
4012,0.5241169
4013,0.5241169
4014,0.5241169
4015,0.5241169
4016,0.5241169
4017,0.5241169
4018,0.5241169
4019,0.5241169
4020,0.5241169
4021,0.5241169
4022,0.5241169
4023,0.5241169
4024,0.5241169
4025,0.5241169
4026,0.5241169
4027,0.5241169
4028,0.5241169
4029,0.5241169
4030,0.5241169
4031,0.5241169
4032,0.5241169
4033,0.5241169
4034,0.5241169
4035,0.5241169
4036,0.5241169
4037,0.5241169
4038,0.5241169
4039,0.5241169
4040,0.5241169
4041,0.5241169
4042,0.5241169
4043,0.5241169
4044,0.5241169
4045,0.5241169
4046,0.5241169
4047,0.5241169
4048,0.5241169
4049,0.5241169
4050,0.5241169
4051,0.5241169
4052,0.5241169
4053,0.5241169
4054,0.5241169
4055,0.5241169
4056,0.5241169
4057,0.5241169
4058,0.5241169
4059,0.5241169
4060,0.5241169
4061,0.5241169
4062,0.5241169
4063,0.5241169
4064,0.5241169
4065,0.5241169
4066,0.5241169
4067,0.5241169
4068,0.5241169
4069,0.5241169
4070,0.5241169
4071,0.5241169
4072,0.5241169
4073,0.5241169
4074,0.5241169
4075,0.5241169
4076,0.5241169
4077,0.5241169
4078,0.5241169
4079,0.5241169
4080,0.5241169
4081,0.5241169
4082,0.5241169
4083,0.5241169
4084,0.5241169
4085,0.5241169
4086,0.5241169
4087,0.5241169
4088,0.5241169
4089,0.5241169
4090,0.5241169
4091,0.5241169
4092,0.5241169
4093,0.5241169
4094,0.5241169
4095,0.5241169
4096,0.5241169
4097,0.5241169
4098,0.5241169
4099,0.5241169
4100,0.5241169
4101,0.5241169
4102,0.5241169
4103,0.5241169
4104,0.5241169
4105,0.5241169
4106,0.5241169
4107,0.5241169
4108,0.5241169
4109,0.5241169
4110,0.5241169
4111,0.5241169
4112,0.5241169
4113,0.5241169
4114,0.5241169
4115,0.5241169
4116,0.5241169
4117,0.5241169
4118,0.5241169
4119,0.5241169
4120,0.5241169
4121,0.5241169
4122,0.5241169
4123,0.5241169
4124,0.5241169
4125,0.5241169
4126,0.5241169
4127,0.5241169
4128,0.5241169
4129,0.5241169
4130,0.5241169
4131,0.5241169
4132,0.5241169
4133,0.5241169
4134,0.5241169
4135,0.5241169
4136,0.5241169
4137,0.5241169
4138,0.5241169
4139,0.5241169
4140,0.5241169
4141,0.5241169
4142,0.5241169
4143,0.5241169
4144,0.5241169
4145,0.5241169
4146,0.5241169
4147,0.5241169
4148,0.5241169
4149,0.5241169
4150,0.5241169
4151,0.5241169
4152,0.5241169
4153,0.5241169
4154,0.5241169
4155,0.5241169
4156,0.5241169
4157,0.5241169
4158,0.5241169
4159,0.5241169
4160,0.5241169
4161,0.5241169
4162,0.5241169
4163,0.5241169
4164,0.5241169
4165,0.5241169
4166,0.5241169
4167,0.5241169
4168,0.5241169
4169,0.5241169
4170,0.5241169
4171,0.5241169
4172,0.5241169
4173,0.5241169
4174,0.5241169
4175,0.5241169
4176,0.5241169
4177,0.5241169
4178,0.5241169
4179,0.5241169
4180,0.5241169
4181,0.5241169
4182,0.5241169
4183,0.5241169
4184,0.5241169
4185,0.5241169
4186,0.5241169
4187,0.5241169
4188,0.5241169
4189,0.5241169
4190,0.5241169
4191,0.5241169
4192,0.5241169
4193,0.5241169
4194,0.5241169
4195,0.5241169
4196,0.5241169
4197,0.5241169
4198,0.5241169
4199,0.5241169
4200,0.5241169
4201,0.5241169
4202,0.5241169
4203,0.5241169
4204,0.5241169
4205,0.5241169
4206,0.5241169
4207,0.5241169
4208,0.5241169
4209,0.5241169
4210,0.5241169
4211,0.5241169
4212,0.5241169
4213,0.5241169
4214,0.5241169
4215,0.5241169
4216,0.5241169
4217,0.5241169
4218,0.5241169
4219,0.5241169
4220,0.5241169
4221,0.5241169
4222,0.5241169
4223,0.5241169
4224,0.5241169
4225,0.5241169
4226,0.5241169
4227,0.5241169
4228,0.5241169
4229,0.5241169
4230,0.5241169
4231,0.5241169
4232,0.5241169
4233,0.5241169
4234,0.5241169
4235,0.5241169
4236,0.5241169
4237,0.5241169
4238,0.5241169
4239,0.5241169
4240,0.5241169
4241,0.5241169
4242,0.5241169
4243,0.5241169
4244,0.5241169
4245,0.5241169
4246,0.5241169
4247,0.5241169
4248,0.5241169
4249,0.5241169
4250,0.5241169
4251,0.5241169
4252,0.5241169
4253,0.5241169
4254,0.5241169
4255,0.5241169
4256,0.5241169
4257,0.5241169
4258,0.5241169
4259,0.5241169
4260,0.5241169
4261,0.5241169
4262,0.5241169
4263,0.5241169
4264,0.5241169
4265,0.5241169
4266,0.5241169
4267,0.5241169
4268,0.5241169
4269,0.5241169
4270,0.5241169
4271,0.5241169
4272,0.5241169
4273,0.5241169
4274,0.5241169
4275,0.5241169
4276,0.5241169
4277,0.5241169
4278,0.5241169
4279,0.5241169
4280,0.5241169
4281,0.5241169
4282,0.5241169
4283,0.5241169
4284,0.5241169
4285,0.5241169
4286,0.5241169
4287,0.5241169
4288,0.5241169
4289,0.5241169
4290,0.5241169
4291,0.5241169
4292,0.5241169
4293,0.5241169
4294,0.5241169
4295,0.5241169
4296,0.5241169
4297,0.5241169
4298,0.5241169
4299,0.5241169
4300,0.5241169
4301,0.5241169
4302,0.5241169
4303,0.5241169
4304,0.5241169
4305,0.5241169
4306,0.5241169
4307,0.5241169
4308,0.5241169
4309,0.5241169
4310,0.5241169
4311,0.5241169
4312,0.5241169
4313,0.5241169
4314,0.5241169
4315,0.5241169
4316,0.5241169
4317,0.5241169
4318,0.5241169
4319,0.5241169
4320,0.5241169
4321,0.5241169
4322,0.5241169
4323,0.5241169
4324,0.5241169
4325,0.5241169
4326,0.5241169
4327,0.5241169
4328,0.5241169
4329,0.5241169
4330,0.5241169
4331,0.5241169
4332,0.5241169
4333,0.5241169
4334,0.5241169
4335,0.5241169
4336,0.5241169
4337,0.5241169
4338,0.5241169
4339,0.5241169
4340,0.5241169
4341,0.5241169
4342,0.5241169
4343,0.5241169
4344,0.5241169
4345,0.5241169
4346,0.5241169
4347,0.5241169
4348,0.5241169
4349,0.5241169
4350,0.5241169
4351,0.5241169
4352,0.5241169
4353,0.5241169
4354,0.5241169
4355,0.5241169
4356,0.5241169
4357,0.5241169
4358,0.5241169
4359,0.5241169
4360,0.5241169
4361,0.5241169
4362,0.5241169
4363,0.5241169
4364,0.5241169
4365,0.5241169
4366,0.5241169
4367,0.5241169
4368,0.5241169
4369,0.5241169
4370,0.5241169
4371,0.5241169
4372,0.5241169
4373,0.5241169
4374,0.5241169
4375,0.5241169
4376,0.5241169
4377,0.5241169
4378,0.5241169
4379,0.5241169
4380,0.5241169
4381,0.5241169
4382,0.5241169
4383,0.5241169
4384,0.5241169
4385,0.5241169
4386,0.5241169
4387,0.5241169
4388,0.5241169
4389,0.5241169
4390,0.5241169
4391,0.5241169
4392,0.5241169
4393,0.5241169
4394,0.5241169
4395,0.5241169
4396,0.5241169
4397,0.5241169
4398,0.5241169
4399,0.5241169
4400,0.5241169
4401,0.5241169
4402,0.5241169
4403,0.5241169
4404,0.5241169
4405,0.5241169
4406,0.5241169
4407,0.5241169
4408,0.5241169
4409,0.5241169
4410,0.5241169
4411,0.5241169
4412,0.5241169
4413,0.5241169
4414,0.5241169
4415,0.5241169
4416,0.5241169
4417,0.5241169
4418,0.5241169
4419,0.5241169
4420,0.5241169
4421,0.5241169
4422,0.5241169
4423,0.5241169
4424,0.5241169
4425,0.5241169
4426,0.5241169
4427,0.5241169
4428,0.5241169
4429,0.5241169
4430,0.5241169
4431,0.5241169
4432,0.5241169
4433,0.5241169
4434,0.5241169
4435,0.5241169
4436,0.5241169
4437,0.5241169
4438,0.5241169
4439,0.5241169
4440,0.5241169
4441,0.5241169
4442,0.5241169
4443,0.5241169
4444,0.5241169
4445,0.5241169
4446,0.5241169
4447,0.5241169
4448,0.5241169
4449,0.5241169
4450,0.5241169
4451,0.5241169
4452,0.5241169
4453,0.5241169
4454,0.5241169
4455,0.5241169
4456,0.5241169
4457,0.5241169
4458,0.5241169
4459,0.5241169
4460,0.5241169
4461,0.5241169
4462,0.5241169
4463,0.5241169
4464,0.5241169
4465,0.5241169
4466,0.5241169
4467,0.5241169
4468,0.5241169
4469,0.5241169
4470,0.5241169
4471,0.5241169
4472,0.5241169
4473,0.5241169
4474,0.5241169
4475,0.5241169
4476,0.5241169
4477,0.5241169
4478,0.5241169
4479,0.5241169
4480,0.5241169
4481,0.5241169
4482,0.5241169
4483,0.5241169
4484,0.5241169
4485,0.5241169
4486,0.5241169
4487,0.5241169
4488,0.5241169
4489,0.5241169
4490,0.5241169
4491,0.5241169
4492,0.5241169
4493,0.5241169
4494,0.5241169
4495,0.5241169
4496,0.5241169
4497,0.5241169
4498,0.5241169
4499,0.5241169
4500,0.5241169
4501,0.5241169
4502,0.5241169
4503,0.5241169
4504,0.5241169
4505,0.5241169
4506,0.5241169
4507,0.5241169
4508,0.5241169
4509,0.5241169
4510,0.5241169
4511,0.5241169
4512,0.5241169
4513,0.5241169
4514,0.5241169
4515,0.5241169
4516,0.5241169
4517,0.5241169
4518,0.5241169
4519,0.5241169
4520,0.5241169
4521,0.5241169
4522,0.5241169
4523,0.5241169
4524,0.5241169
4525,0.5241169
4526,0.5241169
4527,0.5241169
4528,0.5241169
4529,0.5241169
4530,0.5241169
4531,0.5241169
4532,0.5241169
4533,0.5241169
4534,0.5241169
4535,0.5241169
4536,0.5241169
4537,0.5241169
4538,0.5241169
4539,0.5241169
4540,0.5241169
4541,0.5241169
4542,0.5241169
4543,0.5241169
4544,0.5241169
4545,0.5241169
4546,0.5241169
4547,0.5241169
4548,0.5241169
4549,0.5241169
4550,0.5241169
4551,0.5241169
4552,0.5241169
4553,0.5241169
4554,0.5241169
4555,0.5241169
4556,0.5241169
4557,0.5241169
4558,0.5241169
4559,0.5241169
4560,0.5241169
4561,0.5241169
4562,0.5241169
4563,0.5241169
4564,0.5241169
4565,0.5241169
4566,0.5241169
4567,0.5241169
4568,0.5241169
4569,0.5241169
4570,0.5241169
4571,0.5241169
4572,0.5241169
4573,0.5241169
4574,0.5241169
4575,0.5241169
4576,0.5241169
4577,0.5241169
4578,0.5241169
4579,0.5241169
4580,0.5241169
4581,0.5241169
4582,0.5241169
4583,0.5241169
4584,0.5241169
4585,0.5241169
4586,0.5241169
4587,0.5241169
4588,0.5241169
4589,0.5241169
4590,0.5241169
4591,0.5241169
4592,0.5241169
4593,0.5241169
4594,0.5241169
4595,0.5241169
4596,0.5241169
4597,0.5241169
4598,0.5241169
4599,0.5241169
4600,0.5241169
4601,0.5241169
4602,0.5241169
4603,0.5241169
4604,0.5241169
4605,0.5241169
4606,0.5241169
4607,0.5241169
4608,0.5241169
4609,0.5241169
4610,0.5241169
4611,0.5241169
4612,0.5241169
4613,0.5241169
4614,0.5241169
4615,0.5241169
4616,0.5241169
4617,0.5241169
4618,0.5241169
4619,0.5241169
4620,0.5241169
4621,0.5241169
4622,0.5241169
4623,0.5241169
4624,0.5241169
4625,0.5241169
4626,0.5241169
4627,0.5241169
4628,0.5241169
4629,0.5241169
4630,0.5241169
4631,0.5241169
4632,0.5241169
4633,0.5241169
4634,0.5241169
4635,0.5241169
4636,0.5241169
4637,0.5241169
4638,0.5241169
4639,0.5241169
4640,0.5241169
4641,0.5241169
4642,0.5241169
4643,0.5241169
4644,0.5241169
4645,0.5241169
4646,0.5241169
4647,0.5241169
4648,0.5241169
4649,0.5241169
4650,0.5241169
4651,0.5241169
4652,0.5241169
4653,0.5241169
4654,0.5241169
4655,0.5241169
4656,0.5241169
4657,0.5241169
4658,0.5241169
4659,0.5241169
4660,0.5241169
4661,0.5241169
4662,0.5241169
4663,0.5241169
4664,0.5241169
4665,0.5241169
4666,0.5241169
4667,0.5241169
4668,0.5241169
4669,0.5241169
4670,0.5241169
4671,0.5241169
4672,0.5241169
4673,0.5241169
4674,0.5241169
4675,0.5241169
4676,0.5241169
4677,0.5241169
4678,0.5241169
4679,0.5241169
4680,0.5241169
4681,0.5241169
4682,0.5241169
4683,0.5241169
4684,0.5241169
4685,0.5241169
4686,0.5241169
4687,0.5241169
4688,0.5241169
4689,0.5241169
4690,0.5241169
4691,0.5241169
4692,0.5241169
4693,0.5241169
4694,0.5241169
4695,0.5241169
4696,0.5241169
4697,0.5241169
4698,0.5241169
4699,0.5241169
4700,0.5241169
4701,0.5241169
4702,0.5241169
4703,0.5241169
4704,0.5241169
4705,0.5241169
4706,0.5241169
4707,0.5241169
4708,0.5241169
4709,0.5241169
4710,0.5241169
4711,0.5241169
4712,0.5241169
4713,0.5241169
4714,0.5241169
4715,0.5241169
4716,0.5241169
4717,0.5241169
4718,0.5241169
4719,0.5241169
4720,0.5241169
4721,0.5241169
4722,0.5241169
4723,0.5241169
4724,0.5241169
4725,0.5241169
4726,0.5241169
4727,0.5241169
4728,0.5241169
4729,0.5241169
4730,0.5241169
4731,0.5241169
4732,0.5241169
4733,0.5241169
4734,0.5241169
4735,0.5241169
4736,0.5241169
4737,0.5241169
4738,0.5241169
4739,0.5241169
4740,0.5241169
4741,0.5241169
4742,0.5241169
4743,0.5241169
4744,0.5241169
4745,0.5241169
4746,0.5241169
4747,0.5241169
4748,0.5241169
4749,0.5241169
4750,0.5241169
4751,0.5241169
4752,0.5241169
4753,0.5241169
4754,0.5241169
4755,0.5241169
4756,0.5241169
4757,0.5241169
4758,0.5241169
4759,0.5241169
4760,0.5241169
4761,0.5241169
4762,0.5241169
4763,0.5241169
4764,0.5241169
4765,0.5241169
4766,0.5241169
4767,0.5241169
4768,0.5241169
4769,0.5241169
4770,0.5241169
4771,0.5241169
4772,0.5241169
4773,0.5241169
4774,0.5241169
4775,0.5241169
4776,0.5241169
4777,0.5241169
4778,0.5241169
4779,0.5241169
4780,0.5241169
4781,0.5241169
4782,0.5241169
4783,0.5241169
4784,0.5241169
4785,0.5241169
4786,0.5241169
4787,0.5241169
4788,0.5241169
4789,0.5241169
4790,0.5241169
4791,0.5241169
4792,0.5241169
4793,0.5241169
4794,0.5241169
4795,0.5241169
4796,0.5241169
4797,0.5241169
4798,0.5241169
4799,0.5241169
4800,0.5241169
4801,0.5241169
4802,0.5241169
4803,0.5241169
4804,0.5241169
4805,0.5241169
4806,0.5241169
4807,0.5241169
4808,0.5241169
4809,0.5241169
4810,0.5241169
4811,0.5241169
4812,0.5241169
4813,0.5241169
4814,0.5241169
4815,0.5241169
4816,0.5241169
4817,0.5241169
4818,0.5241169
4819,0.5241169
4820,0.5241169
4821,0.5241169
4822,0.5241169
4823,0.5241169
4824,0.5241169
4825,0.5241169
4826,0.5241169
4827,0.5241169
4828,0.5241169
4829,0.5241169
4830,0.5241169
4831,0.5241169
4832,0.5241169
4833,0.5241169
4834,0.5241169
4835,0.5241169
4836,0.5241169
4837,0.5241169
4838,0.5241169
4839,0.5241169
4840,0.5241169
4841,0.5241169
4842,0.5241169
4843,0.5241169
4844,0.5241169
4845,0.5241169
4846,0.5241169
4847,0.5241169
4848,0.5241169
4849,0.5241169
4850,0.5241169
4851,0.5241169
4852,0.5241169
4853,0.5241169
4854,0.5241169
4855,0.5241169
4856,0.5241169
4857,0.5241169
4858,0.5241169
4859,0.5241169
4860,0.5241169
4861,0.5241169
4862,0.5241169
4863,0.5241169
4864,0.5241169
4865,0.5241169
4866,0.5241169
4867,0.5241169
4868,0.5241169
4869,0.5241169
4870,0.5241169
4871,0.5241169
4872,0.5241169
4873,0.5241169
4874,0.5241169
4875,0.5241169
4876,0.5241169
4877,0.5241169
4878,0.5241169
4879,0.5241169
4880,0.5241169
4881,0.5241169
4882,0.5241169
4883,0.5241169
4884,0.5241169
4885,0.5241169
4886,0.5241169
4887,0.5241169
4888,0.5241169
4889,0.5241169
4890,0.5241169
4891,0.5241169
4892,0.5241169
4893,0.5241169
4894,0.5241169
4895,0.5241169
4896,0.5241169
4897,0.5241169
4898,0.5241169
4899,0.5241169
4900,0.5241169
4901,0.5241169
4902,0.5241169
4903,0.5241169
4904,0.5241169
4905,0.5241169
4906,0.5241169
4907,0.5241169
4908,0.5241169
4909,0.5241169
4910,0.5241169
4911,0.5241169
4912,0.5241169
4913,0.5241169
4914,0.5241169
4915,0.5241169
4916,0.5241169
4917,0.5241169
4918,0.5241169
4919,0.5241169
4920,0.5241169
4921,0.5241169
4922,0.5241169
4923,0.5241169
4924,0.5241169
4925,0.5241169
4926,0.5241169
4927,0.5241169
4928,0.5241169
4929,0.5241169
4930,0.5241169
4931,0.5241169
4932,0.5241169
4933,0.5241169
4934,0.5241169
4935,0.5241169
4936,0.5241169
4937,0.5241169
4938,0.5241169
4939,0.5241169
4940,0.5241169
4941,0.5241169
4942,0.5241169
4943,0.5241169
4944,0.5241169
4945,0.5241169
4946,0.5241169
4947,0.5241169
4948,0.5241169
4949,0.5241169
4950,0.5241169
4951,0.5241169
4952,0.5241169
4953,0.5241169
4954,0.5241169
4955,0.5241169
4956,0.5241169
4957,0.5241169
4958,0.5241169
4959,0.5241169
4960,0.5241169
4961,0.5241169
4962,0.5241169
4963,0.5241169
4964,0.5241169
4965,0.5241169
4966,0.5241169
4967,0.5241169
4968,0.5241169
4969,0.5241169
4970,0.5241169
4971,0.5241169
4972,0.5241169
4973,0.5241169
4974,0.5241169
4975,0.5241169
4976,0.5241169
4977,0.5241169
4978,0.5241169
4979,0.5241169
4980,0.5241169
4981,0.5241169
4982,0.5241169
4983,0.5241169
4984,0.5241169
4985,0.5241169
4986,0.5241169
4987,0.5241169
4988,0.5241169
4989,0.5241169
4990,0.5241169
4991,0.5241169
4992,0.5241169
4993,0.5241169
4994,0.5241169
4995,0.5241169
4996,0.5241169
4997,0.5241169
4998,0.5241169
4999,0.5241169
5000,0.5241169
5001,0.5241169
5002,0.5241169
5003,0.5241169
5004,0.5241169
5005,0.5241169
5006,0.5241169
5007,0.5241169
5008,0.5241169
5009,0.5241169
5010,0.5241169
5011,0.5241169
5012,0.5241169
5013,0.5241169
5014,0.5241169
5015,0.5241169
5016,0.5241169
5017,0.5241169
5018,0.5241169
5019,0.5241169
5020,0.5241169
5021,0.5241169
5022,0.5241169
5023,0.5241169
5024,0.5241169
5025,0.5241169
5026,0.5241169
5027,0.5241169
5028,0.5241169
5029,0.5241169
5030,0.5241169
5031,0.5241169
5032,0.5241169
5033,0.5241169
5034,0.5241169
5035,0.5241169
5036,0.5241169
5037,0.5241169
5038,0.5241169
5039,0.5241169
5040,0.5241169
5041,0.5241169
5042,0.5241169
5043,0.5241169
5044,0.5241169
5045,0.5241169
5046,0.5241169
5047,0.5241169
5048,0.5241169
5049,0.5241169
5050,0.5241169
5051,0.5241169
5052,0.5241169
5053,0.5241169
5054,0.5241169
5055,0.5241169
5056,0.5241169
5057,0.5241169
5058,0.5241169
5059,0.5241169
5060,0.5241169
5061,0.5241169
5062,0.5241169
5063,0.5241169
5064,0.5241169
5065,0.5241169
5066,0.5241169
5067,0.5241169
5068,0.5241169
5069,0.5241169
5070,0.5241169
5071,0.5241169
5072,0.5241169
5073,0.5241169
5074,0.5241169
5075,0.5241169
5076,0.5241169
5077,0.5241169
5078,0.5241169
5079,0.5241169
5080,0.5241169
5081,0.5241169
5082,0.5241169
5083,0.5241169
5084,0.5241169
5085,0.5241169
5086,0.5241169
5087,0.5241169
5088,0.5241169
5089,0.5241169
5090,0.5241169
5091,0.5241169
5092,0.5241169
5093,0.5241169
5094,0.5241169
5095,0.5241169
5096,0.5241169
5097,0.5241169
5098,0.5241169
5099,0.5241169
5100,0.5241169
5101,0.5241169
5102,0.5241169
5103,0.5241169
5104,0.5241169
5105,0.5241169
5106,0.5241169
5107,0.5241169
5108,0.5241169
5109,0.5241169
5110,0.5241169
5111,0.5241169
5112,0.5241169
5113,0.5241169
5114,0.5241169
5115,0.5241169
5116,0.5241169
5117,0.5241169
5118,0.5241169
5119,0.5241169
5120,0.5241169
5121,0.5241169
5122,0.5241169
5123,0.5241169
5124,0.5241169
5125,0.5241169
5126,0.5241169
5127,0.5241169
5128,0.5241169
5129,0.5241169
5130,0.5241169
5131,0.5241169
5132,0.5241169
5133,0.5241169
5134,0.5241169
5135,0.5241169
5136,0.5241169
5137,0.5241169
5138,0.5241169
5139,0.5241169
5140,0.5241169
5141,0.5241169
5142,0.5241169
5143,0.5241169
5144,0.5241169
5145,0.5241169
5146,0.5241169
5147,0.5241169
5148,0.5241169
5149,0.5241169
5150,0.5241169
5151,0.5241169
5152,0.5241169
5153,0.5241169
5154,0.5241169
5155,0.5241169
5156,0.5241169
5157,0.5241169
5158,0.5241169
5159,0.5241169
5160,0.5241169
5161,0.5241169
5162,0.5241169
5163,0.5241169
5164,0.5241169
5165,0.5241169
5166,0.5241169
5167,0.5241169
5168,0.5241169
5169,0.5241169
5170,0.5241169
5171,0.5241169
5172,0.5241169
5173,0.5241169
5174,0.5241169
5175,0.5241169
5176,0.5241169
5177,0.5241169
5178,0.5241169
5179,0.5241169
5180,0.5241169
5181,0.5241169
5182,0.5241169
5183,0.5241169
5184,0.5241169
5185,0.5241169
5186,0.5241169
5187,0.5241169
5188,0.5241169
5189,0.5241169
5190,0.5241169
5191,0.5241169
5192,0.5241169
5193,0.5241169
5194,0.5241169
5195,0.5241169
5196,0.5241169
5197,0.5241169
5198,0.5241169
5199,0.5241169
5200,0.5241169
5201,0.5241169
5202,0.5241169
5203,0.5241169
5204,0.5241169
5205,0.5241169
5206,0.5241169
5207,0.5241169
5208,0.5241169
5209,0.5241169
5210,0.5241169
5211,0.5241169
5212,0.5241169
5213,0.5241169
5214,0.5241169
5215,0.5241169
5216,0.5241169
5217,0.5241169
5218,0.5241169
5219,0.5241169
5220,0.5241169
5221,0.5241169
5222,0.5241169
5223,0.5241169
5224,0.5241169
5225,0.5241169
5226,0.5241169
5227,0.5241169
5228,0.5241169
5229,0.5241169
5230,0.5241169
5231,0.5241169
5232,0.5241169
5233,0.5241169
5234,0.5241169
5235,0.5241169
5236,0.5241169
5237,0.5241169
5238,0.5241169
5239,0.5241169
5240,0.5241169
5241,0.5241169
5242,0.5241169
5243,0.5241169
5244,0.5241169
5245,0.5241169
5246,0.5241169
5247,0.5241169
5248,0.5241169
5249,0.5241169
5250,0.5241169
5251,0.5241169
5252,0.5241169
5253,0.5241169
5254,0.5241169
5255,0.5241169
5256,0.5241169
5257,0.5241169
5258,0.5241169
5259,0.5241169
5260,0.5241169
5261,0.5241169
5262,0.5241169
5263,0.5241169
5264,0.5241169
5265,0.5241169
5266,0.5241169
5267,0.5241169
5268,0.5241169
5269,0.5241169
5270,0.5241169
5271,0.5241169
5272,0.5241169
5273,0.5241169
5274,0.5241169
5275,0.5241169
5276,0.5241169
5277,0.5241169
5278,0.5241169
5279,0.5241169
5280,0.5241169
5281,0.5241169
5282,0.5241169
5283,0.5241169
5284,0.5241169
5285,0.5241169
5286,0.5241169
5287,0.5241169
5288,0.5241169
5289,0.5241169
5290,0.5241169
5291,0.5241169
5292,0.5241169
5293,0.5241169
5294,0.5241169
5295,0.5241169
5296,0.5241169
5297,0.5241169
5298,0.5241169
5299,0.5241169
5300,0.5241169
5301,0.5241169
5302,0.5241169
5303,0.5241169
5304,0.5241169
5305,0.5241169
5306,0.5241169
5307,0.5241169
5308,0.5241169
5309,0.5241169
5310,0.5241169
5311,0.5241169
5312,0.5241169
5313,0.5241169
5314,0.5241169
5315,0.5241169
5316,0.5241169
5317,0.5241169
5318,0.5241169
5319,0.5241169
5320,0.5241169
5321,0.5241169
5322,0.5241169
5323,0.5241169
5324,0.5241169
5325,0.5241169
5326,0.5241169
5327,0.5241169
5328,0.5241169
5329,0.5241169
5330,0.5241169
5331,0.5241169
5332,0.5241169
5333,0.5241169
5334,0.5241169
5335,0.5241169
5336,0.5241169
5337,0.5241169
5338,0.5241169
5339,0.5241169
5340,0.5241169
5341,0.5241169
5342,0.5241169
5343,0.5241169
5344,0.5241169
5345,0.5241169
5346,0.5241169
5347,0.5241169
5348,0.5241169
5349,0.5241169
5350,0.5241169
5351,0.5241169
5352,0.5241169
5353,0.5241169
5354,0.5241169
5355,0.5241169
5356,0.5241169
5357,0.5241169
5358,0.5241169
5359,0.5241169
5360,0.5241169
5361,0.5241169
5362,0.5241169
5363,0.5241169
5364,0.5241169
5365,0.5241169
5366,0.5241169
5367,0.5241169
5368,0.5241169
5369,0.5241169
5370,0.5241169
5371,0.5241169
5372,0.5241169
5373,0.5241169
5374,0.5241169
5375,0.5241169
5376,0.5241169
5377,0.5241169
5378,0.5241169
5379,0.5241169
5380,0.5241169
5381,0.5241169
5382,0.5241169
5383,0.5241169
5384,0.5241169
5385,0.5241169
5386,0.5241169
5387,0.5241169
5388,0.5241169
5389,0.5241169
5390,0.5241169
5391,0.5241169
5392,0.5241169
5393,0.5241169
5394,0.5241169
5395,0.5241169
5396,0.5241169
5397,0.5241169
5398,0.5241169
5399,0.5241169
5400,0.5241169
5401,0.5241169
5402,0.5241169
5403,0.5241169
5404,0.5241169
5405,0.5241169
5406,0.5241169
5407,0.5241169
5408,0.5241169
5409,0.5241169
5410,0.5241169
5411,0.5241169
5412,0.5241169
5413,0.5241169
5414,0.5241169
5415,0.5241169
5416,0.5241169
5417,0.5241169
5418,0.5241169
5419,0.5241169
5420,0.5241169
5421,0.5241169
5422,0.5241169
5423,0.5241169
5424,0.5241169
5425,0.5241169
5426,0.5241169
5427,0.5241169
5428,0.5241169
5429,0.5241169
5430,0.5241169
5431,0.5241169
5432,0.5241169
5433,0.5241169
5434,0.5241169
5435,0.5241169
5436,0.5241169
5437,0.5241169
5438,0.5241169
5439,0.5241169
5440,0.5241169
5441,0.5241169
5442,0.5241169
5443,0.5241169
5444,0.5241169
5445,0.5241169
5446,0.5241169
5447,0.5241169
5448,0.5241169
5449,0.5241169
5450,0.5241169
5451,0.5241169
5452,0.5241169
5453,0.5241169
5454,0.5241169
5455,0.5241169
5456,0.5241169
5457,0.5241169
5458,0.5241169
5459,0.5241169
5460,0.5241169
5461,0.5241169
5462,0.5241169
5463,0.5241169
5464,0.5241169
5465,0.5241169
5466,0.5241169
5467,0.5241169
5468,0.5241169
5469,0.5241169
5470,0.5241169
5471,0.5241169
5472,0.5241169
5473,0.5241169
5474,0.5241169
5475,0.5241169
5476,0.5241169
5477,0.5241169
5478,0.5241169
5479,0.5241169
5480,0.5241169
5481,0.5241169
5482,0.5241169
5483,0.5241169
5484,0.5241169
5485,0.5241169
5486,0.5241169
5487,0.5241169
5488,0.5241169
5489,0.5241169
5490,0.5241169
5491,0.5241169
5492,0.5241169
5493,0.5241169
5494,0.5241169
5495,0.5241169
5496,0.5241169
5497,0.5241169
5498,0.5241169
5499,0.5241169
5500,0.5241169
5501,0.5241169
5502,0.5241169
5503,0.5241169
5504,0.5241169
5505,0.5241169
5506,0.5241169
5507,0.5241169
5508,0.5241169
5509,0.5241169
5510,0.5241169
5511,0.5241169
5512,0.5241169
5513,0.5241169
5514,0.5241169
5515,0.5241169
5516,0.5241169
5517,0.5241169
5518,0.5241169
5519,0.5241169
5520,0.5241169
5521,0.5241169
5522,0.5241169
5523,0.5241169
5524,0.5241169
5525,0.5241169
5526,0.5241169
5527,0.5241169
5528,0.5241169
5529,0.5241169
5530,0.5241169
5531,0.5241169
5532,0.5241169
5533,0.5241169
5534,0.5241169
5535,0.5241169
5536,0.5241169
5537,0.5241169
5538,0.5241169
5539,0.5241169
5540,0.5241169
5541,0.5241169
5542,0.5241169
5543,0.5241169
5544,0.5241169
5545,0.5241169
5546,0.5241169
5547,0.5241169
5548,0.5241169
5549,0.5241169
5550,0.5241169
5551,0.5241169
5552,0.5241169
5553,0.5241169
5554,0.5241169
5555,0.5241169
5556,0.5241169
5557,0.5241169
5558,0.5241169
5559,0.5241169
5560,0.5241169
5561,0.5241169
5562,0.5241169
5563,0.5241169
5564,0.5241169
5565,0.5241169
5566,0.5241169
5567,0.5241169
5568,0.5241169
5569,0.5241169
5570,0.5241169
5571,0.5241169
5572,0.5241169
5573,0.5241169
5574,0.5241169
5575,0.5241169
5576,0.5241169
5577,0.5241169
5578,0.5241169
5579,0.5241169
5580,0.5241169
5581,0.5241169
5582,0.5241169
5583,0.5241169
5584,0.5241169
5585,0.5241169
5586,0.5241169
5587,0.5241169
5588,0.5241169
5589,0.5241169
5590,0.5241169
5591,0.5241169
5592,0.5241169
5593,0.5241169
5594,0.5241169
5595,0.5241169
5596,0.5241169
5597,0.5241169
5598,0.5241169
5599,0.5241169
5600,0.5241169
5601,0.5241169
5602,0.5241169
5603,0.5241169
5604,0.5241169
5605,0.5241169
5606,0.5241169
5607,0.5241169
5608,0.5241169
5609,0.5241169
5610,0.5241169
5611,0.5241169
5612,0.5241169
5613,0.5241169
5614,0.5241169
5615,0.5241169
5616,0.5241169
5617,0.5241169
5618,0.5241169
5619,0.5241169
5620,0.5241169
5621,0.5241169
5622,0.5241169
5623,0.5241169
5624,0.5241169
5625,0.5241169
5626,0.5241169
5627,0.5241169
5628,0.5241169
5629,0.5241169
5630,0.5241169
5631,0.5241169
5632,0.5241169
5633,0.5241169
5634,0.5241169
5635,0.5241169
5636,0.5241169
5637,0.5241169
5638,0.5241169
5639,0.5241169
5640,0.5241169
5641,0.5241169
5642,0.5241169
5643,0.5241169
5644,0.5241169
5645,0.5241169
5646,0.5241169
5647,0.5241169
5648,0.5241169
5649,0.5241169
5650,0.5241169
5651,0.5241169
5652,0.5241169
5653,0.5241169
5654,0.5241169
5655,0.5241169
5656,0.5241169
5657,0.5241169
5658,0.5241169
5659,0.5241169
5660,0.5241169
5661,0.5241169
5662,0.5241169
5663,0.5241169
5664,0.5241169
5665,0.5241169
5666,0.5241169
5667,0.5241169
5668,0.5241169
5669,0.5241169
5670,0.5241169
5671,0.5241169
5672,0.5241169
5673,0.5241169
5674,0.5241169
5675,0.5241169
5676,0.5241169
5677,0.5241169
5678,0.5241169
5679,0.5241169
5680,0.5241169
5681,0.5241169
5682,0.5241169
5683,0.5241169
5684,0.5241169
5685,0.5241169
5686,0.5241169
5687,0.5241169
5688,0.5241169
5689,0.5241169
5690,0.5241169
5691,0.5241169
5692,0.5241169
5693,0.5241169
5694,0.5241169
5695,0.5241169
5696,0.5241169
5697,0.5241169
5698,0.5241169
5699,0.5241169
5700,0.5241169
5701,0.5241169
5702,0.5241169
5703,0.5241169
5704,0.5241169
5705,0.5241169
5706,0.5241169
5707,0.5241169
5708,0.5241169
5709,0.5241169
5710,0.5241169
5711,0.5241169
5712,0.5241169
5713,0.5241169
5714,0.5241169
5715,0.5241169
5716,0.5241169
5717,0.5241169
5718,0.5241169
5719,0.5241169
5720,0.5241169
5721,0.5241169
5722,0.5241169
5723,0.5241169
5724,0.5241169
5725,0.5241169
5726,0.5241169
5727,0.5241169
5728,0.5241169
5729,0.5241169
5730,0.5241169
5731,0.5241169
5732,0.5241169
5733,0.5241169
5734,0.5241169
5735,0.5241169
5736,0.5241169
5737,0.5241169
5738,0.5241169
5739,0.5241169
5740,0.5241169
5741,0.5241169
5742,0.5241169
5743,0.5241169
5744,0.5241169
5745,0.5241169
5746,0.5241169
5747,0.5241169
5748,0.5241169
5749,0.5241169
5750,0.5241169
5751,0.5241169
5752,0.5241169
5753,0.5241169
5754,0.5241169
5755,0.5241169
5756,0.5241169
5757,0.5241169
5758,0.5241169
5759,0.5241169
5760,0.5241169
5761,0.5241169
5762,0.5241169
5763,0.5241169
5764,0.5241169
5765,0.5241169
5766,0.5241169
5767,0.5241169
5768,0.5241169
5769,0.5241169
5770,0.5241169
5771,0.5241169
5772,0.5241169
5773,0.5241169
5774,0.5241169
5775,0.5241169
5776,0.5241169
5777,0.5241169
5778,0.5241169
5779,0.5241169
5780,0.5241169
5781,0.5241169
5782,0.5241169
5783,0.5241169
5784,0.5241169
5785,0.5241169
5786,0.5241169
5787,0.5241169
5788,0.5241169
5789,0.5241169
5790,0.5241169
5791,0.5241169
5792,0.5241169
5793,0.5241169
5794,0.5241169
5795,0.5241169
5796,0.5241169
5797,0.5241169
5798,0.5241169
5799,0.5241169
5800,0.5241169
5801,0.5241169
5802,0.5241169
5803,0.5241169
5804,0.5241169
5805,0.5241169
5806,0.5241169
5807,0.5241169
5808,0.5241169
5809,0.5241169
5810,0.5241169
5811,0.5241169
5812,0.5241169
5813,0.5241169
5814,0.5241169
5815,0.5241169
5816,0.5241169
5817,0.5241169
5818,0.5241169
5819,0.5241169
5820,0.5241169
5821,0.5241169
5822,0.5241169
5823,0.5241169
5824,0.5241169
5825,0.5241169
5826,0.5241169
5827,0.5241169
5828,0.5241169
5829,0.5241169
5830,0.5241169
5831,0.5241169
5832,0.5241169
5833,0.5241169
5834,0.5241169
5835,0.5241169
5836,0.5241169
5837,0.5241169
5838,0.5241169
5839,0.5241169
5840,0.5241169
5841,0.5241169
5842,0.5241169
5843,0.5241169
5844,0.5241169
5845,0.5241169
5846,0.5241169
5847,0.5241169
5848,0.5241169
5849,0.5241169
5850,0.5241169
5851,0.5241169
5852,0.5241169
5853,0.5241169
5854,0.5241169
5855,0.5241169
5856,0.5241169
5857,0.5241169
5858,0.5241169
5859,0.5241169
5860,0.5241169
5861,0.5241169
5862,0.5241169
5863,0.5241169
5864,0.5241169
5865,0.5241169
5866,0.5241169
5867,0.5241169
5868,0.5241169
5869,0.5241169
5870,0.5241169
5871,0.5241169
5872,0.5241169
5873,0.5241169
5874,0.5241169
5875,0.5241169
5876,0.5241169
5877,0.5241169
5878,0.5241169
5879,0.5241169
5880,0.5241169
5881,0.5241169
5882,0.5241169
5883,0.5241169
5884,0.5241169
5885,0.5241169
5886,0.5241169
5887,0.5241169
5888,0.5241169
5889,0.5241169
5890,0.5241169
5891,0.5241169
5892,0.5241169
5893,0.5241169
5894,0.5241169
5895,0.5241169
5896,0.5241169
5897,0.5241169
5898,0.5241169
5899,0.5241169
5900,0.5241169
5901,0.5241169
5902,0.5241169
5903,0.5241169
5904,0.5241169
5905,0.5241169
5906,0.5241169
5907,0.5241169
5908,0.5241169
5909,0.5241169
5910,0.5241169
5911,0.5241169
5912,0.5241169
5913,0.5241169
5914,0.5241169
5915,0.5241169
5916,0.5241169
5917,0.5241169
5918,0.5241169
5919,0.5241169
5920,0.5241169
5921,0.5241169
5922,0.5241169
5923,0.5241169
5924,0.5241169
5925,0.5241169
5926,0.5241169
5927,0.5241169
5928,0.5241169
5929,0.5241169
5930,0.5241169
5931,0.5241169
5932,0.5241169
5933,0.5241169
5934,0.5241169
5935,0.5241169
5936,0.5241169
5937,0.5241169
5938,0.5241169
5939,0.5241169
5940,0.5241169
5941,0.5241169
5942,0.5241169
5943,0.5241169
5944,0.5241169
5945,0.5241169
5946,0.5241169
5947,0.5241169
5948,0.5241169
5949,0.5241169
5950,0.5241169
5951,0.5241169
5952,0.5241169
5953,0.5241169
5954,0.5241169
5955,0.5241169
5956,0.5241169
5957,0.5241169
5958,0.5241169
5959,0.5241169
5960,0.5241169
5961,0.5241169
5962,0.5241169
5963,0.5241169
5964,0.5241169
5965,0.5241169
5966,0.5241169
5967,0.5241169
5968,0.5241169
5969,0.5241169
5970,0.5241169
5971,0.5241169
5972,0.5241169
5973,0.5241169
5974,0.5241169
5975,0.5241169
5976,0.5241169
5977,0.5241169
5978,0.5241169
5979,0.5241169
5980,0.5241169
5981,0.5241169
5982,0.5241169
5983,0.5241169
5984,0.5241169
5985,0.5241169
5986,0.5241169
5987,0.5241169
5988,0.5241169
5989,0.5241169
5990,0.5241169
5991,0.5241169
5992,0.5241169
5993,0.5241169
5994,0.5241169
5995,0.5241169
5996,0.5241169
5997,0.5241169
5998,0.5241169
5999,0.5241169
6000,0.5241169
6001,0.5241169
6002,0.5241169
6003,0.5241169
6004,0.5241169
6005,0.5241169
6006,0.5241169
6007,0.5241169
6008,0.5241169
6009,0.5241169
6010,0.5241169
6011,0.5241169
6012,0.5241169
6013,0.5241169
6014,0.5241169
6015,0.5241169
6016,0.5241169
6017,0.5241169
6018,0.5241169
6019,0.5241169
6020,0.5241169
6021,0.5241169
6022,0.5241169
6023,0.5241169
6024,0.5241169
6025,0.5241169
6026,0.5241169
6027,0.5241169
6028,0.5241169
6029,0.5241169
6030,0.5241169
6031,0.5241169
6032,0.5241169
6033,0.5241169
6034,0.5241169
6035,0.5241169
6036,0.5241169
6037,0.5241169
6038,0.5241169
6039,0.5241169
6040,0.5241169
6041,0.5241169
6042,0.5241169
6043,0.5241169
6044,0.5241169
6045,0.5241169
6046,0.5241169
6047,0.5241169
6048,0.5241169
6049,0.5241169
6050,0.5241169
6051,0.5241169
6052,0.5241169
6053,0.5241169
6054,0.5241169
6055,0.5241169
6056,0.5241169
6057,0.5241169
6058,0.5241169
6059,0.5241169
6060,0.5241169
6061,0.5241169
6062,0.5241169
6063,0.5241169
6064,0.5241169
6065,0.5241169
6066,0.5241169
6067,0.5241169
6068,0.5241169
6069,0.5241169
6070,0.5241169
6071,0.5241169
6072,0.5241169
6073,0.5241169
6074,0.5241169
6075,0.5241169
6076,0.5241169
6077,0.5241169
6078,0.5241169
6079,0.5241169
6080,0.5241169
6081,0.5241169
6082,0.5241169
6083,0.5241169
6084,0.5241169
6085,0.5241169
6086,0.5241169
6087,0.5241169
6088,0.5241169
6089,0.5241169
6090,0.5241169
6091,0.5241169
6092,0.5241169
6093,0.5241169
6094,0.5241169
6095,0.5241169
6096,0.5241169
6097,0.5241169
6098,0.5241169
6099,0.5241169
6100,0.5241169
6101,0.5241169
6102,0.5241169
6103,0.5241169
6104,0.5241169
6105,0.5241169
6106,0.5241169
6107,0.5241169
6108,0.5241169
6109,0.5241169
6110,0.5241169
6111,0.5241169
6112,0.5241169
6113,0.5241169
6114,0.5241169
6115,0.5241169
6116,0.5241169
6117,0.5241169
6118,0.5241169
6119,0.5241169
6120,0.5241169
6121,0.5241169
6122,0.5241169
6123,0.5241169
6124,0.5241169
6125,0.5241169
6126,0.5241169
6127,0.5241169
6128,0.5241169
6129,0.5241169
6130,0.5241169
6131,0.5241169
6132,0.5241169
6133,0.5241169
6134,0.5241169
6135,0.5241169
6136,0.5241169
6137,0.5241169
6138,0.5241169
6139,0.5241169
6140,0.5241169
6141,0.5241169
6142,0.5241169
6143,0.5241169
6144,0.5241169
6145,0.5241169
6146,0.5241169
6147,0.5241169
6148,0.5241169
6149,0.5241169
6150,0.5241169
6151,0.5241169
6152,0.5241169
6153,0.5241169
6154,0.5241169
6155,0.5241169
6156,0.5241169
6157,0.5241169
6158,0.5241169
6159,0.5241169
6160,0.5241169
6161,0.5241169
6162,0.5241169
6163,0.5241169
6164,0.5241169
6165,0.5241169
6166,0.5241169
6167,0.5241169
6168,0.5241169
6169,0.5241169
6170,0.5241169
6171,0.5241169
6172,0.5241169
6173,0.5241169
6174,0.5241169
6175,0.5241169
6176,0.5241169
6177,0.5241169
6178,0.5241169
6179,0.5241169
6180,0.5241169
6181,0.5241169
6182,0.5241169
6183,0.5241169
6184,0.5241169
6185,0.5241169
6186,0.5241169
6187,0.5241169
6188,0.5241169
6189,0.5241169
6190,0.5241169
6191,0.5241169
6192,0.5241169
6193,0.5241169
6194,0.5241169
6195,0.5241169
6196,0.5241169
6197,0.5241169
6198,0.5241169
6199,0.5241169
6200,0.5241169
6201,0.5241169
6202,0.5241169
6203,0.5241169
6204,0.5241169
6205,0.5241169
6206,0.5241169
6207,0.5241169
6208,0.5241169
6209,0.5241169
6210,0.5241169
6211,0.5241169
6212,0.5241169
6213,0.5241169
6214,0.5241169
6215,0.5241169
6216,0.5241169
6217,0.5241169
6218,0.5241169
6219,0.5241169
6220,0.5241169
6221,0.5241169
6222,0.5241169
6223,0.5241169
6224,0.5241169
6225,0.5241169
6226,0.5241169
6227,0.5241169
6228,0.5241169
6229,0.5241169
6230,0.5241169
6231,0.5241169
6232,0.5241169
6233,0.5241169
6234,0.5241169
6235,0.5241169
6236,0.5241169
6237,0.5241169
6238,0.5241169
6239,0.5241169
6240,0.5241169
6241,0.5241169
6242,0.5241169
6243,0.5241169
6244,0.5241169
6245,0.5241169
6246,0.5241169
6247,0.5241169
6248,0.5241169
6249,0.5241169
6250,0.5241169
6251,0.5241169
6252,0.5241169
6253,0.5241169
6254,0.5241169
6255,0.5241169
6256,0.5241169
6257,0.5241169
6258,0.5241169
6259,0.5241169
6260,0.5241169
6261,0.5241169
6262,0.5241169
6263,0.5241169
6264,0.5241169
6265,0.5241169
6266,0.5241169
6267,0.5241169
6268,0.5241169
6269,0.5241169
6270,0.5241169
6271,0.5241169
6272,0.5241169
6273,0.5241169
6274,0.5241169
6275,0.5241169
6276,0.5241169
6277,0.5241169
6278,0.5241169
6279,0.5241169
6280,0.5241169
6281,0.5241169
6282,0.5241169
6283,0.5241169
6284,0.5241169
6285,0.5241169
6286,0.5241169
6287,0.5241169
6288,0.5241169
6289,0.5241169
6290,0.5241169
6291,0.5241169
6292,0.5241169
6293,0.5241169
6294,0.5241169
6295,0.5241169
6296,0.5241169
6297,0.5241169
6298,0.5241169
6299,0.5241169
6300,0.5241169
6301,0.5241169
6302,0.5241169
6303,0.5241169
6304,0.5241169
6305,0.5241169
6306,0.5241169
6307,0.5241169
6308,0.5241169
6309,0.5241169
6310,0.5241169
6311,0.5241169
6312,0.5241169
6313,0.5241169
6314,0.5241169
6315,0.5241169
6316,0.5241169
6317,0.5241169
6318,0.5241169
6319,0.5241169
6320,0.5241169
6321,0.5241169
6322,0.5241169
6323,0.5241169
6324,0.5241169
6325,0.5241169
6326,0.5241169
6327,0.5241169
6328,0.5241169
6329,0.5241169
6330,0.5241169
6331,0.5241169
6332,0.5241169
6333,0.5241169
6334,0.5241169
6335,0.5241169
6336,0.5241169
6337,0.5241169
6338,0.5241169
6339,0.5241169
6340,0.5241169
6341,0.5241169
6342,0.5241169
6343,0.5241169
6344,0.5241169
6345,0.5241169
6346,0.5241169
6347,0.5241169
6348,0.5241169
6349,0.5241169
6350,0.5241169
6351,0.5241169
6352,0.5241169
6353,0.5241169
6354,0.5241169
6355,0.5241169
6356,0.5241169
6357,0.5241169
6358,0.5241169
6359,0.5241169
6360,0.5241169
6361,0.5241169
6362,0.5241169
6363,0.5241169
6364,0.5241169
6365,0.5241169
6366,0.5241169
6367,0.5241169
6368,0.5241169
6369,0.5241169
6370,0.5241169
6371,0.5241169
6372,0.5241169
6373,0.5241169
6374,0.5241169
6375,0.5241169
6376,0.5241169
6377,0.5241169
6378,0.5241169
6379,0.5241169
6380,0.5241169
6381,0.5241169
6382,0.5241169
6383,0.5241169
6384,0.5241169
6385,0.5241169
6386,0.5241169
6387,0.5241169
6388,0.5241169
6389,0.5241169
6390,0.5241169
6391,0.5241169
6392,0.5241169
6393,0.5241169
6394,0.5241169
6395,0.5241169
6396,0.5241169
6397,0.5241169
6398,0.5241169
6399,0.5241169
6400,0.5241169
6401,0.5241169
6402,0.5241169
6403,0.5241169
6404,0.5241169
6405,0.5241169
6406,0.5241169
6407,0.5241169
6408,0.5241169
6409,0.5241169
6410,0.5241169
6411,0.5241169
6412,0.5241169
6413,0.5241169
6414,0.5241169
6415,0.5241169
6416,0.5241169
6417,0.5241169
6418,0.5241169
6419,0.5241169
6420,0.5241169
6421,0.5241169
6422,0.5241169
6423,0.5241169
6424,0.5241169
6425,0.5241169
6426,0.5241169
6427,0.5241169
6428,0.5241169
6429,0.5241169
6430,0.5241169
6431,0.5241169
6432,0.5241169
6433,0.5241169
6434,0.5241169
6435,0.5241169
6436,0.5241169
6437,0.5241169
6438,0.5241169
6439,0.5241169
6440,0.5241169
6441,0.5241169
6442,0.5241169
6443,0.5241169
6444,0.5241169
6445,0.5241169
6446,0.5241169
6447,0.5241169
6448,0.5241169
6449,0.5241169
6450,0.5241169
6451,0.5241169
6452,0.5241169
6453,0.5241169
6454,0.5241169
6455,0.5241169
6456,0.5241169
6457,0.5241169
6458,0.5241169
6459,0.5241169
6460,0.5241169
6461,0.5241169
6462,0.5241169
6463,0.5241169
6464,0.5241169
6465,0.5241169
6466,0.5241169
6467,0.5241169
6468,0.5241169
6469,0.5241169
6470,0.5241169
6471,0.5241169
6472,0.5241169
6473,0.5241169
6474,0.5241169
6475,0.5241169
6476,0.5241169
6477,0.5241169
6478,0.5241169
6479,0.5241169
6480,0.5241169
6481,0.5241169
6482,0.5241169
6483,0.5241169
6484,0.5241169
6485,0.5241169
6486,0.5241169
6487,0.5241169
6488,0.5241169
6489,0.5241169
6490,0.5241169
6491,0.5241169
6492,0.5241169
6493,0.5241169
6494,0.5241169
6495,0.5241169
6496,0.5241169
6497,0.5241169
6498,0.5241169
6499,0.5241169
6500,0.5241169
6501,0.5241169
6502,0.5241169
6503,0.5241169
6504,0.5241169
6505,0.5241169
6506,0.5241169
6507,0.5241169
6508,0.5241169
6509,0.5241169
6510,0.5241169
6511,0.5241169
6512,0.5241169
6513,0.5241169
6514,0.5241169
6515,0.5241169
6516,0.5241169
6517,0.5241169
6518,0.5241169
6519,0.5241169
6520,0.5241169
6521,0.5241169
6522,0.5241169
6523,0.5241169
6524,0.5241169
6525,0.5241169
6526,0.5241169
6527,0.5241169
6528,0.5241169
6529,0.5241169
6530,0.5241169
6531,0.5241169
6532,0.5241169
6533,0.5241169
6534,0.5241169
6535,0.5241169
6536,0.5241169
6537,0.5241169
6538,0.5241169
6539,0.5241169
6540,0.5241169
6541,0.5241169
6542,0.5241169
6543,0.5241169
6544,0.5241169
6545,0.5241169
6546,0.5241169
6547,0.5241169
6548,0.5241169
6549,0.5241169
6550,0.5241169
6551,0.5241169
6552,0.5241169
6553,0.5241169
6554,0.5241169
6555,0.5241169
6556,0.5241169
6557,0.5241169
6558,0.5241169
6559,0.5241169
6560,0.5241169
6561,0.5241169
6562,0.5241169
6563,0.5241169
6564,0.5241169
6565,0.5241169
6566,0.5241169
6567,0.5241169
6568,0.5241169
6569,0.5241169
6570,0.5241169
6571,0.5241169
6572,0.5241169
6573,0.5241169
6574,0.5241169
6575,0.5241169
6576,0.5241169
6577,0.5241169
6578,0.5241169
6579,0.5241169
6580,0.5241169
6581,0.5241169
6582,0.5241169
6583,0.5241169
6584,0.5241169
6585,0.5241169
6586,0.5241169
6587,0.5241169
6588,0.5241169
6589,0.5241169
6590,0.5241169
6591,0.5241169
6592,0.5241169
6593,0.5241169
6594,0.5241169
6595,0.5241169
6596,0.5241169
6597,0.5241169
6598,0.5241169
6599,0.5241169
6600,0.5241169
6601,0.5241169
6602,0.5241169
6603,0.5241169
6604,0.5241169
6605,0.5241169
6606,0.5241169
6607,0.5241169
6608,0.5241169
6609,0.5241169
6610,0.5241169
6611,0.5241169
6612,0.5241169
6613,0.5241169
6614,0.5241169
6615,0.5241169
6616,0.5241169
6617,0.5241169
6618,0.5241169
6619,0.5241169
6620,0.5241169
6621,0.5241169
6622,0.5241169
6623,0.5241169
6624,0.5241169
6625,0.5241169
6626,0.5241169
6627,0.5241169
6628,0.5241169
6629,0.5241169
6630,0.5241169
6631,0.5241169
6632,0.5241169
6633,0.5241169
6634,0.5241169
6635,0.5241169
6636,0.5241169
6637,0.5241169
6638,0.5241169
6639,0.5241169
6640,0.5241169
6641,0.5241169
6642,0.5241169
6643,0.5241169
6644,0.5241169
6645,0.5241169
6646,0.5241169
6647,0.5241169
6648,0.5241169
6649,0.5241169
6650,0.5241169
6651,0.5241169
6652,0.5241169
6653,0.5241169
6654,0.5241169
6655,0.5241169
6656,0.5241169
6657,0.5241169
6658,0.5241169
6659,0.5241169
6660,0.5241169
6661,0.5241169
6662,0.5241169
6663,0.5241169
6664,0.5241169
6665,0.5241169
6666,0.5241169
6667,0.5241169
6668,0.5241169
6669,0.5241169
6670,0.5241169
6671,0.5241169
6672,0.5241169
6673,0.5241169
6674,0.5241169
6675,0.5241169
6676,0.5241169
6677,0.5241169
6678,0.5241169
6679,0.5241169
6680,0.5241169
6681,0.5241169
6682,0.5241169
6683,0.5241169
6684,0.5241169
6685,0.5241169
6686,0.5241169
6687,0.5241169
6688,0.5241169
6689,0.5241169
6690,0.5241169
6691,0.5241169
6692,0.5241169
6693,0.5241169
6694,0.5241169
6695,0.5241169
6696,0.5241169
6697,0.5241169
6698,0.5241169
6699,0.5241169
6700,0.5241169
6701,0.5241169
6702,0.5241169
6703,0.5241169
6704,0.5241169
6705,0.5241169
6706,0.5241169
6707,0.5241169
6708,0.5241169
6709,0.5241169
6710,0.5241169
6711,0.5241169
6712,0.5241169
6713,0.5241169
6714,0.5241169
6715,0.5241169
6716,0.5241169
6717,0.5241169
6718,0.5241169
6719,0.5241169
6720,0.5241169
6721,0.5241169
6722,0.5241169
6723,0.5241169
6724,0.5241169
6725,0.5241169
6726,0.5241169
6727,0.5241169
6728,0.5241169
6729,0.5241169
6730,0.5241169
6731,0.5241169
6732,0.5241169
6733,0.5241169
6734,0.5241169
6735,0.5241169
6736,0.5241169
6737,0.5241169
6738,0.5241169
6739,0.5241169
6740,0.5241169
6741,0.5241169
6742,0.5241169
6743,0.5241169
6744,0.5241169
6745,0.5241169
6746,0.5241169
6747,0.5241169
6748,0.5241169
6749,0.5241169
6750,0.5241169
6751,0.5241169
6752,0.5241169
6753,0.5241169
6754,0.5241169
6755,0.5241169
6756,0.5241169
6757,0.5241169
6758,0.5241169
6759,0.5241169
6760,0.5241169
6761,0.5241169
6762,0.5241169
6763,0.5241169
6764,0.5241169
6765,0.5241169
6766,0.5241169
6767,0.5241169
6768,0.5241169
6769,0.5241169
6770,0.5241169
6771,0.5241169
6772,0.5241169
6773,0.5241169
6774,0.5241169
6775,0.5241169
6776,0.5241169
6777,0.5241169
6778,0.5241169
6779,0.5241169
6780,0.5241169
6781,0.5241169
6782,0.5241169
6783,0.5241169
6784,0.5241169
6785,0.5241169
6786,0.5241169
6787,0.5241169
6788,0.5241169
6789,0.5241169
6790,0.5241169
6791,0.5241169
6792,0.5241169
6793,0.5241169
6794,0.5241169
6795,0.5241169
6796,0.5241169
6797,0.5241169
6798,0.5241169
6799,0.5241169
6800,0.5241169
6801,0.5241169
6802,0.5241169
6803,0.5241169
6804,0.5241169
6805,0.5241169
6806,0.5241169
6807,0.5241169
6808,0.5241169
6809,0.5241169
6810,0.5241169
6811,0.5241169
6812,0.5241169
6813,0.5241169
6814,0.5241169
6815,0.5241169
6816,0.5241169
6817,0.5241169
6818,0.5241169
6819,0.5241169
6820,0.5241169
6821,0.5241169
6822,0.5241169
6823,0.5241169
6824,0.5241169
6825,0.5241169
6826,0.5241169
6827,0.5241169
6828,0.5241169
6829,0.5241169
6830,0.5241169
6831,0.5241169
6832,0.5241169
6833,0.5241169
6834,0.5241169
6835,0.5241169
6836,0.5241169
6837,0.5241169
6838,0.5241169
6839,0.5241169
6840,0.5241169
6841,0.5241169
6842,0.5241169
6843,0.5241169
6844,0.5241169
6845,0.5241169
6846,0.5241169
6847,0.5241169
6848,0.5241169
6849,0.5241169
6850,0.5241169
6851,0.5241169
6852,0.5241169
6853,0.5241169
6854,0.5241169
6855,0.5241169
6856,0.5241169
6857,0.5241169
6858,0.5241169
6859,0.5241169
6860,0.5241169
6861,0.5241169
6862,0.5241169
6863,0.5241169
6864,0.5241169
6865,0.5241169
6866,0.5241169
6867,0.5241169
6868,0.5241169
6869,0.5241169
6870,0.5241169
6871,0.5241169
6872,0.5241169
6873,0.5241169
6874,0.5241169
6875,0.5241169
6876,0.5241169
6877,0.5241169
6878,0.5241169
6879,0.5241169
6880,0.5241169
6881,0.5241169
6882,0.5241169
6883,0.5241169
6884,0.5241169
6885,0.5241169
6886,0.5241169
6887,0.5241169
6888,0.5241169
6889,0.5241169
6890,0.5241169
6891,0.5241169
6892,0.5241169
6893,0.5241169
6894,0.5241169
6895,0.5241169
6896,0.5241169
6897,0.5241169
6898,0.5241169
6899,0.5241169
6900,0.5241169
6901,0.5241169
6902,0.5241169
6903,0.5241169
6904,0.5241169
6905,0.5241169
6906,0.5241169
6907,0.5241169
6908,0.5241169
6909,0.5241169
6910,0.5241169
6911,0.5241169
6912,0.5241169
6913,0.5241169
6914,0.5241169
6915,0.5241169
6916,0.5241169
6917,0.5241169
6918,0.5241169
6919,0.5241169
6920,0.5241169
6921,0.5241169
6922,0.5241169
6923,0.5241169
6924,0.5241169
6925,0.5241169
6926,0.5241169
6927,0.5241169
6928,0.5241169
6929,0.5241169
6930,0.5241169
6931,0.5241169
6932,0.5241169
6933,0.5241169
6934,0.5241169
6935,0.5241169
6936,0.5241169
6937,0.5241169
6938,0.5241169
6939,0.5241169
6940,0.5241169
6941,0.5241169
6942,0.5241169
6943,0.5241169
6944,0.5241169
6945,0.5241169
6946,0.5241169
6947,0.5241169
6948,0.5241169
6949,0.5241169
6950,0.5241169
6951,0.5241169
6952,0.5241169
6953,0.5241169
6954,0.5241169
6955,0.5241169
6956,0.5241169
6957,0.5241169
6958,0.5241169
6959,0.5241169
6960,0.5241169
6961,0.5241169
6962,0.5241169
6963,0.5241169
6964,0.5241169
6965,0.5241169
6966,0.5241169
6967,0.5241169
6968,0.5241169
6969,0.5241169
6970,0.5241169
6971,0.5241169
6972,0.5241169
6973,0.5241169
6974,0.5241169
6975,0.5241169
6976,0.5241169
6977,0.5241169
6978,0.5241169
6979,0.5241169
6980,0.5241169
6981,0.5241169
6982,0.5241169
6983,0.5241169
6984,0.5241169
6985,0.5241169
6986,0.5241169
6987,0.5241169
6988,0.5241169
6989,0.5241169
6990,0.5241169
6991,0.5241169
6992,0.5241169
6993,0.5241169
6994,0.5241169
6995,0.5241169
6996,0.5241169
6997,0.5241169
6998,0.5241169
6999,0.5241169
7000,0.5241169
7001,0.5241169
7002,0.5241169
7003,0.5241169
7004,0.5241169
7005,0.5241169
7006,0.5241169
7007,0.5241169
7008,0.5241169
7009,0.5241169
7010,0.5241169
7011,0.5241169
7012,0.5241169
7013,0.5241169
7014,0.5241169
7015,0.5241169
7016,0.5241169
7017,0.5241169
7018,0.5241169
7019,0.5241169
7020,0.5241169
7021,0.5241169
7022,0.5241169
7023,0.5241169
7024,0.5241169
7025,0.5241169
7026,0.5241169
7027,0.5241169
7028,0.5241169
7029,0.5241169
7030,0.5241169
7031,0.5241169
7032,0.5241169
7033,0.5241169
7034,0.5241169
7035,0.5241169
7036,0.5241169
7037,0.5241169
7038,0.5241169
7039,0.5241169
7040,0.5241169
7041,0.5241169
7042,0.5241169
7043,0.5241169
7044,0.5241169
7045,0.5241169
7046,0.5241169
7047,0.5241169
7048,0.5241169
7049,0.5241169
7050,0.5241169
7051,0.5241169
7052,0.5241169
7053,0.5241169
7054,0.5241169
7055,0.5241169
7056,0.5241169
7057,0.5241169
7058,0.5241169
7059,0.5241169
7060,0.5241169
7061,0.5241169
7062,0.5241169
7063,0.5241169
7064,0.5241169
7065,0.5241169
7066,0.5241169
7067,0.5241169
7068,0.5241169
7069,0.5241169
7070,0.5241169
7071,0.5241169
7072,0.5241169
7073,0.5241169
7074,0.5241169
7075,0.5241169
7076,0.5241169
7077,0.5241169
7078,0.5241169
7079,0.5241169
7080,0.5241169
7081,0.5241169
7082,0.5241169
7083,0.5241169
7084,0.5241169
7085,0.5241169
7086,0.5241169
7087,0.5241169
7088,0.5241169
7089,0.5241169
7090,0.5241169
7091,0.5241169
7092,0.5241169
7093,0.5241169
7094,0.5241169
7095,0.5241169
7096,0.5241169
7097,0.5241169
7098,0.5241169
7099,0.5241169
7100,0.5241169
7101,0.5241169
7102,0.5241169
7103,0.5241169
7104,0.5241169
7105,0.5241169
7106,0.5241169
7107,0.5241169
7108,0.5241169
7109,0.5241169
7110,0.5241169
7111,0.5241169
7112,0.5241169
7113,0.5241169
7114,0.5241169
7115,0.5241169
7116,0.5241169
7117,0.5241169
7118,0.5241169
7119,0.5241169
7120,0.5241169
7121,0.5241169
7122,0.5241169
7123,0.5241169
7124,0.5241169
7125,0.5241169
7126,0.5241169
7127,0.5241169
7128,0.5241169
7129,0.5241169
7130,0.5241169
7131,0.5241169
7132,0.5241169
7133,0.5241169
7134,0.5241169
7135,0.5241169
7136,0.5241169
7137,0.5241169
7138,0.5241169
7139,0.5241169
7140,0.5241169
7141,0.5241169
7142,0.5241169
7143,0.5241169
7144,0.5241169
7145,0.5241169
7146,0.5241169
7147,0.5241169
7148,0.5241169
7149,0.5241169
7150,0.5241169
7151,0.5241169
7152,0.5241169
7153,0.5241169
7154,0.5241169
7155,0.5241169
7156,0.5241169
7157,0.5241169
7158,0.5241169
7159,0.5241169
7160,0.5241169
7161,0.5241169
7162,0.5241169
7163,0.5241169
7164,0.5241169
7165,0.5241169
7166,0.5241169
7167,0.5241169
7168,0.5241169
7169,0.5241169
7170,0.5241169
7171,0.5241169
7172,0.5241169
7173,0.5241169
7174,0.5241169
7175,0.5241169
7176,0.5241169
7177,0.5241169
7178,0.5241169
7179,0.5241169
7180,0.5241169
7181,0.5241169
7182,0.5241169
7183,0.5241169
7184,0.5241169
7185,0.5241169
7186,0.5241169
7187,0.5241169
7188,0.5241169
7189,0.5241169
7190,0.5241169
7191,0.5241169
7192,0.5241169
7193,0.5241169
7194,0.5241169
7195,0.5241169
7196,0.5241169
7197,0.5241169
7198,0.5241169
7199,0.5241169
7200,0.5241169
7201,0.5241169
7202,0.5241169
7203,0.5241169
7204,0.5241169
7205,0.5241169
7206,0.5241169
7207,0.5241169
7208,0.5241169
7209,0.5241169
7210,0.5241169
7211,0.5241169
7212,0.5241169
7213,0.5241169
7214,0.5241169
7215,0.5241169
7216,0.5241169
7217,0.5241169
7218,0.5241169
7219,0.5241169
7220,0.5241169
7221,0.5241169
7222,0.5241169
7223,0.5241169
7224,0.5241169
7225,0.5241169
7226,0.5241169
7227,0.5241169
7228,0.5241169
7229,0.5241169
7230,0.5241169
7231,0.5241169
7232,0.5241169
7233,0.5241169
7234,0.5241169
7235,0.5241169
7236,0.5241169
7237,0.5241169
7238,0.5241169
7239,0.5241169
7240,0.5241169
7241,0.5241169
7242,0.5241169
7243,0.5241169
7244,0.5241169
7245,0.5241169
7246,0.5241169
7247,0.5241169
7248,0.5241169
7249,0.5241169
7250,0.5241169
7251,0.5241169
7252,0.5241169
7253,0.5241169
7254,0.5241169
7255,0.5241169
7256,0.5241169
7257,0.5241169
7258,0.5241169
7259,0.5241169
7260,0.5241169
7261,0.5241169
7262,0.5241169
7263,0.5241169
7264,0.5241169
7265,0.5241169
7266,0.5241169
7267,0.5241169
7268,0.5241169
7269,0.5241169
7270,0.5241169
7271,0.5241169
7272,0.5241169
7273,0.5241169
7274,0.5241169
7275,0.5241169
7276,0.5241169
7277,0.5241169
7278,0.5241169
7279,0.5241169
7280,0.5241169
7281,0.5241169
7282,0.5241169
7283,0.5241169
7284,0.5241169
7285,0.5241169
7286,0.5241169
7287,0.5241169
7288,0.5241169
7289,0.5241169
7290,0.5241169
7291,0.5241169
7292,0.5241169
7293,0.5241169
7294,0.5241169
7295,0.5241169
7296,0.5241169
7297,0.5241169
7298,0.5241169
7299,0.5241169
7300,0.5241169
7301,0.5241169
7302,0.5241169
7303,0.5241169
7304,0.5241169
7305,0.5241169
7306,0.5241169
7307,0.5241169
7308,0.5241169
7309,0.5241169
7310,0.5241169
7311,0.5241169
7312,0.5241169
7313,0.5241169
7314,0.5241169
7315,0.5241169
7316,0.5241169
7317,0.5241169
7318,0.5241169
7319,0.5241169
7320,0.5241169
7321,0.5241169
7322,0.5241169
7323,0.5241169
7324,0.5241169
7325,0.5241169
7326,0.5241169
7327,0.5241169
7328,0.5241169
7329,0.5241169
7330,0.5241169
7331,0.5241169
7332,0.5241169
7333,0.5241169
7334,0.5241169
7335,0.5241169
7336,0.5241169
7337,0.5241169
7338,0.5241169
7339,0.5241169
7340,0.5241169
7341,0.5241169
7342,0.5241169
7343,0.5241169
7344,0.5241169
7345,0.5241169
7346,0.5241169
7347,0.5241169
7348,0.5241169
7349,0.5241169
7350,0.5241169
7351,0.5241169
7352,0.5241169
7353,0.5241169
7354,0.5241169
7355,0.5241169
7356,0.5241169
7357,0.5241169
7358,0.5241169
7359,0.5241169
7360,0.5241169
7361,0.5241169
7362,0.5241169
7363,0.5241169
7364,0.5241169
7365,0.5241169
7366,0.5241169
7367,0.5241169
7368,0.5241169
7369,0.5241169
7370,0.5241169
7371,0.5241169
7372,0.5241169
7373,0.5241169
7374,0.5241169
7375,0.5241169
7376,0.5241169
7377,0.5241169
7378,0.5241169
7379,0.5241169
7380,0.5241169
7381,0.5241169
7382,0.5241169
7383,0.5241169
7384,0.5241169
7385,0.5241169
7386,0.5241169
7387,0.5241169
7388,0.5241169
7389,0.5241169
7390,0.5241169
7391,0.5241169
7392,0.5241169
7393,0.5241169
7394,0.5241169
7395,0.5241169
7396,0.5241169
7397,0.5241169
7398,0.5241169
7399,0.5241169
7400,0.5241169
7401,0.5241169
7402,0.5241169
7403,0.5241169
7404,0.5241169
7405,0.5241169
7406,0.5241169
7407,0.5241169
7408,0.5241169
7409,0.5241169
7410,0.5241169
7411,0.5241169
7412,0.5241169
7413,0.5241169
7414,0.5241169
7415,0.5241169
7416,0.5241169
7417,0.5241169
7418,0.5241169
7419,0.5241169
7420,0.5241169
7421,0.5241169
7422,0.5241169
7423,0.5241169
7424,0.5241169
7425,0.5241169
7426,0.5241169
7427,0.5241169
7428,0.5241169
7429,0.5241169
7430,0.5241169
7431,0.5241169
7432,0.5241169
7433,0.5241169
7434,0.5241169
7435,0.5241169
7436,0.5241169
7437,0.5241169
7438,0.5241169
7439,0.5241169
7440,0.5241169
7441,0.5241169
7442,0.5241169
7443,0.5241169
7444,0.5241169
7445,0.5241169
7446,0.5241169
7447,0.5241169
7448,0.5241169
7449,0.5241169
7450,0.5241169
7451,0.5241169
7452,0.5241169
7453,0.5241169
7454,0.5241169
7455,0.5241169
7456,0.5241169
7457,0.5241169
7458,0.5241169
7459,0.5241169
7460,0.5241169
7461,0.5241169
7462,0.5241169
7463,0.5241169
7464,0.5241169
7465,0.5241169
7466,0.5241169
7467,0.5241169
7468,0.5241169
7469,0.5241169
7470,0.5241169
7471,0.5241169
7472,0.5241169
7473,0.5241169
7474,0.5241169
7475,0.5241169
7476,0.5241169
7477,0.5241169
7478,0.5241169
7479,0.5241169
7480,0.5241169
7481,0.5241169
7482,0.5241169
7483,0.5241169
7484,0.5241169
7485,0.5241169
7486,0.5241169
7487,0.5241169
7488,0.5241169
7489,0.5241169
7490,0.5241169
7491,0.5241169
7492,0.5241169
7493,0.5241169
7494,0.5241169
7495,0.5241169
7496,0.5241169
7497,0.5241169
7498,0.5241169
7499,0.5241169
7500,0.5241169
7501,0.5241169
7502,0.5241169
7503,0.5241169
7504,0.5241169
7505,0.5241169
7506,0.5241169
7507,0.5241169
7508,0.5241169
7509,0.5241169
7510,0.5241169
7511,0.5241169
7512,0.5241169
7513,0.5241169
7514,0.5241169
7515,0.5241169
7516,0.5241169
7517,0.5241169
7518,0.5241169
7519,0.5241169
7520,0.5241169
7521,0.5241169
7522,0.5241169
7523,0.5241169
7524,0.5241169
7525,0.5241169
7526,0.5241169
7527,0.5241169
7528,0.5241169
7529,0.5241169
7530,0.5241169
7531,0.5241169
7532,0.5241169
7533,0.5241169
7534,0.5241169
7535,0.5241169
7536,0.5241169
7537,0.5241169
7538,0.5241169
7539,0.5241169
7540,0.5241169
7541,0.5241169
7542,0.5241169
7543,0.5241169
7544,0.5241169
7545,0.5241169
7546,0.5241169
7547,0.5241169
7548,0.5241169
7549,0.5241169
7550,0.5241169
7551,0.5241169
7552,0.5241169
7553,0.5241169
7554,0.5241169
7555,0.5241169
7556,0.5241169
7557,0.5241169
7558,0.5241169
7559,0.5241169
7560,0.5241169
7561,0.5241169
7562,0.5241169
7563,0.5241169
7564,0.5241169
7565,0.5241169
7566,0.5241169
7567,0.5241169
7568,0.5241169
7569,0.5241169
7570,0.5241169
7571,0.5241169
7572,0.5241169
7573,0.5241169
7574,0.5241169
7575,0.5241169
7576,0.5241169
7577,0.5241169
7578,0.5241169
7579,0.5241169
7580,0.5241169
7581,0.5241169
7582,0.5241169
7583,0.5241169
7584,0.5241169
7585,0.5241169
7586,0.5241169
7587,0.5241169
7588,0.5241169
7589,0.5241169
7590,0.5241169
7591,0.5241169
7592,0.5241169
7593,0.5241169
7594,0.5241169
7595,0.5241169
7596,0.5241169
7597,0.5241169
7598,0.5241169
7599,0.5241169
7600,0.5241169
7601,0.5241169
7602,0.5241169
7603,0.5241169
7604,0.5241169
7605,0.5241169
7606,0.5241169
7607,0.5241169
7608,0.5241169
7609,0.5241169
7610,0.5241169
7611,0.5241169
7612,0.5241169
7613,0.5241169
7614,0.5241169
7615,0.5241169
7616,0.5241169
7617,0.5241169
7618,0.5241169
7619,0.5241169
7620,0.5241169
7621,0.5241169
7622,0.5241169
7623,0.5241169
7624,0.5241169
7625,0.5241169
7626,0.5241169
7627,0.5241169
7628,0.5241169
7629,0.5241169
7630,0.5241169
7631,0.5241169
7632,0.5241169
7633,0.5241169
7634,0.5241169
7635,0.5241169
7636,0.5241169
7637,0.5241169
7638,0.5241169
7639,0.5241169
7640,0.5241169
7641,0.5241169
7642,0.5241169
7643,0.5241169
7644,0.5241169
7645,0.5241169
7646,0.5241169
7647,0.5241169
7648,0.5241169
7649,0.5241169
7650,0.5241169
7651,0.5241169
7652,0.5241169
7653,0.5241169
7654,0.5241169
7655,0.5241169
7656,0.5241169
7657,0.5241169
7658,0.5241169
7659,0.5241169
7660,0.5241169
7661,0.5241169
7662,0.5241169
7663,0.5241169
7664,0.5241169
7665,0.5241169
7666,0.5241169
7667,0.5241169
7668,0.5241169
7669,0.5241169
7670,0.5241169
7671,0.5241169
7672,0.5241169
7673,0.5241169
7674,0.5241169
7675,0.5241169
7676,0.5241169
7677,0.5241169
7678,0.5241169
7679,0.5241169
7680,0.5241169
7681,0.5241169
7682,0.5241169
7683,0.5241169
7684,0.5241169
7685,0.5241169
7686,0.5241169
7687,0.5241169
7688,0.5241169
7689,0.5241169
7690,0.5241169
7691,0.5241169
7692,0.5241169
7693,0.5241169
7694,0.5241169
7695,0.5241169
7696,0.5241169
7697,0.5241169
7698,0.5241169
7699,0.5241169
7700,0.5241169
7701,0.5241169
7702,0.5241169
7703,0.5241169
7704,0.5241169
7705,0.5241169
7706,0.5241169
7707,0.5241169
7708,0.5241169
7709,0.5241169
7710,0.5241169
7711,0.5241169
7712,0.5241169
7713,0.5241169
7714,0.5241169
7715,0.5241169
7716,0.5241169
7717,0.5241169
7718,0.5241169
7719,0.5241169
7720,0.5241169
7721,0.5241169
7722,0.5241169
7723,0.5241169
7724,0.5241169
7725,0.5241169
7726,0.5241169
7727,0.5241169
7728,0.5241169
7729,0.5241169
7730,0.5241169
7731,0.5241169
7732,0.5241169
7733,0.5241169
7734,0.5241169
7735,0.5241169
7736,0.5241169
7737,0.5241169
7738,0.5241169
7739,0.5241169
7740,0.5241169
7741,0.5241169
7742,0.5241169
7743,0.5241169
7744,0.5241169
7745,0.5241169
7746,0.5241169
7747,0.5241169
7748,0.5241169
7749,0.5241169
7750,0.5241169
7751,0.5241169
7752,0.5241169
7753,0.5241169
7754,0.5241169
7755,0.5241169
7756,0.5241169
7757,0.5241169
7758,0.5241169
7759,0.5241169
7760,0.5241169
7761,0.5241169
7762,0.5241169
7763,0.5241169
7764,0.5241169
7765,0.5241169
7766,0.5241169
7767,0.5241169
7768,0.5241169
7769,0.5241169
7770,0.5241169
7771,0.5241169
7772,0.5241169
7773,0.5241169
7774,0.5241169
7775,0.5241169
7776,0.5241169
7777,0.5241169
7778,0.5241169
7779,0.5241169
7780,0.5241169
7781,0.5241169
7782,0.5241169
7783,0.5241169
7784,0.5241169
7785,0.5241169
7786,0.5241169
7787,0.5241169
7788,0.5241169
7789,0.5241169
7790,0.5241169
7791,0.5241169
7792,0.5241169
7793,0.5241169
7794,0.5241169
7795,0.5241169
7796,0.5241169
7797,0.5241169
7798,0.5241169
7799,0.5241169
7800,0.5241169
7801,0.5241169
7802,0.5241169
7803,0.5241169
7804,0.5241169
7805,0.5241169
7806,0.5241169
7807,0.5241169
7808,0.5241169
7809,0.5241169
7810,0.5241169
7811,0.5241169
7812,0.5241169
7813,0.5241169
7814,0.5241169
7815,0.5241169
7816,0.5241169
7817,0.5241169
7818,0.5241169
7819,0.5241169
7820,0.5241169
7821,0.5241169
7822,0.5241169
7823,0.5241169
7824,0.5241169
7825,0.5241169
7826,0.5241169
7827,0.5241169
7828,0.5241169
7829,0.5241169
7830,0.5241169
7831,0.5241169
7832,0.5241169
7833,0.5241169
7834,0.5241169
7835,0.5241169
7836,0.5241169
7837,0.5241169
7838,0.5241169
7839,0.5241169
7840,0.5241169
7841,0.5241169
7842,0.5241169
7843,0.5241169
7844,0.5241169
7845,0.5241169
7846,0.5241169
7847,0.5241169
7848,0.5241169
7849,0.5241169
7850,0.5241169
7851,0.5241169
7852,0.5241169
7853,0.5241169
7854,0.5241169
7855,0.5241169
7856,0.5241169
7857,0.5241169
7858,0.5241169
7859,0.5241169
7860,0.5241169
7861,0.5241169
7862,0.5241169
7863,0.5241169
7864,0.5241169
7865,0.5241169
7866,0.5241169
7867,0.5241169
7868,0.5241169
7869,0.5241169
7870,0.5241169
7871,0.5241169
7872,0.5241169
7873,0.5241169
7874,0.5241169
7875,0.5241169
7876,0.5241169
7877,0.5241169
7878,0.5241169
7879,0.5241169
7880,0.5241169
7881,0.5241169
7882,0.5241169
7883,0.5241169
7884,0.5241169
7885,0.5241169
7886,0.5241169
7887,0.5241169
7888,0.5241169
7889,0.5241169
7890,0.5241169
7891,0.5241169
7892,0.5241169
7893,0.5241169
7894,0.5241169
7895,0.5241169
7896,0.5241169
7897,0.5241169
7898,0.5241169
7899,0.5241169
7900,0.5241169
7901,0.5241169
7902,0.5241169
7903,0.5241169
7904,0.5241169
7905,0.5241169
7906,0.5241169
7907,0.5241169
7908,0.5241169
7909,0.5241169
7910,0.5241169
7911,0.5241169
7912,0.5241169
7913,0.5241169
7914,0.5241169
7915,0.5241169
7916,0.5241169
7917,0.5241169
7918,0.5241169
7919,0.5241169
7920,0.5241169
7921,0.5241169
7922,0.5241169
7923,0.5241169
7924,0.5241169
7925,0.5241169
7926,0.5241169
7927,0.5241169
7928,0.5241169
7929,0.5241169
7930,0.5241169
7931,0.5241169
7932,0.5241169
7933,0.5241169
7934,0.5241169
7935,0.5241169
7936,0.5241169
7937,0.5241169
7938,0.5241169
7939,0.5241169
7940,0.5241169
7941,0.5241169
7942,0.5241169
7943,0.5241169
7944,0.5241169
7945,0.5241169
7946,0.5241169
7947,0.5241169
7948,0.5241169
7949,0.5241169
7950,0.5241169
7951,0.5241169
7952,0.5241169
7953,0.5241169
7954,0.5241169
7955,0.5241169
7956,0.5241169
7957,0.5241169
7958,0.5241169
7959,0.5241169
7960,0.5241169
7961,0.5241169
7962,0.5241169
7963,0.5241169
7964,0.5241169
7965,0.5241169
7966,0.5241169
7967,0.5241169
7968,0.5241169
7969,0.5241169
7970,0.5241169
7971,0.5241169
7972,0.5241169
7973,0.5241169
7974,0.5241169
7975,0.5241169
7976,0.5241169
7977,0.5241169
7978,0.5241169
7979,0.5241169
7980,0.5241169
7981,0.5241169
7982,0.5241169
7983,0.5241169
7984,0.5241169
7985,0.5241169
7986,0.5241169
7987,0.5241169
7988,0.5241169
7989,0.5241169
7990,0.5241169
7991,0.5241169
7992,0.5241169
7993,0.5241169
7994,0.5241169
7995,0.5241169
7996,0.5241169
7997,0.5241169
7998,0.5241169
7999,0.5241169
8000,0.5241169
8001,0.5241169
8002,0.5241169
8003,0.5241169
8004,0.5241169
8005,0.5241169
8006,0.5241169
8007,0.5241169
8008,0.5241169
8009,0.5241169
8010,0.5241169
8011,0.5241169
8012,0.5241169
8013,0.5241169
8014,0.5241169
8015,0.5241169
8016,0.5241169
8017,0.5241169
8018,0.5241169
8019,0.5241169
8020,0.5241169
8021,0.5241169
8022,0.5241169
8023,0.5241169
8024,0.5241169
8025,0.5241169
8026,0.5241169
8027,0.5241169
8028,0.5241169
8029,0.5241169
8030,0.5241169
8031,0.5241169
8032,0.5241169
8033,0.5241169
8034,0.5241169
8035,0.5241169
8036,0.5241169
8037,0.5241169
8038,0.5241169
8039,0.5241169
8040,0.5241169
8041,0.5241169
8042,0.5241169
8043,0.5241169
8044,0.5241169
8045,0.5241169
8046,0.5241169
8047,0.5241169
8048,0.5241169
8049,0.5241169
8050,0.5241169
8051,0.5241169
8052,0.5241169
8053,0.5241169
8054,0.5241169
8055,0.5241169
8056,0.5241169
8057,0.5241169
8058,0.5241169
8059,0.5241169
8060,0.5241169
8061,0.5241169
8062,0.5241169
8063,0.5241169
8064,0.5241169
8065,0.5241169
8066,0.5241169
8067,0.5241169
8068,0.5241169
8069,0.5241169
8070,0.5241169
8071,0.5241169
8072,0.5241169
8073,0.5241169
8074,0.5241169
8075,0.5241169
8076,0.5241169
8077,0.5241169
8078,0.5241169
8079,0.5241169
8080,0.5241169
8081,0.5241169
8082,0.5241169
8083,0.5241169
8084,0.5241169
8085,0.5241169
8086,0.5241169
8087,0.5241169
8088,0.5241169
8089,0.5241169
8090,0.5241169
8091,0.5241169
8092,0.5241169
8093,0.5241169
8094,0.5241169
8095,0.5241169
8096,0.5241169
8097,0.5241169
8098,0.5241169
8099,0.5241169
8100,0.5241169
8101,0.5241169
8102,0.5241169
8103,0.5241169
8104,0.5241169
8105,0.5241169
8106,0.5241169
8107,0.5241169
8108,0.5241169
8109,0.5241169
8110,0.5241169
8111,0.5241169
8112,0.5241169
8113,0.5241169
8114,0.5241169
8115,0.5241169
8116,0.5241169
8117,0.5241169
8118,0.5241169
8119,0.5241169
8120,0.5241169
8121,0.5241169
8122,0.5241169
8123,0.5241169
8124,0.5241169
8125,0.5241169
8126,0.5241169
8127,0.5241169
8128,0.5241169
8129,0.5241169
8130,0.5241169
8131,0.5241169
8132,0.5241169
8133,0.5241169
8134,0.5241169
8135,0.5241169
8136,0.5241169
8137,0.5241169
8138,0.5241169
8139,0.5241169
8140,0.5241169
8141,0.5241169
8142,0.5241169
8143,0.5241169
8144,0.5241169
8145,0.5241169
8146,0.5241169
8147,0.5241169
8148,0.5241169
8149,0.5241169
8150,0.5241169
8151,0.5241169
8152,0.5241169
8153,0.5241169
8154,0.5241169
8155,0.5241169
8156,0.5241169
8157,0.5241169
8158,0.5241169
8159,0.5241169
8160,0.5241169
8161,0.5241169
8162,0.5241169
8163,0.5241169
8164,0.5241169
8165,0.5241169
8166,0.5241169
8167,0.5241169
8168,0.5241169
8169,0.5241169
8170,0.5241169
8171,0.5241169
8172,0.5241169
8173,0.5241169
8174,0.5241169
8175,0.5241169
8176,0.5241169
8177,0.5241169
8178,0.5241169
8179,0.5241169
8180,0.5241169
8181,0.5241169
8182,0.5241169
8183,0.5241169
8184,0.5241169
8185,0.5241169
8186,0.5241169
8187,0.5241169
8188,0.5241169
8189,0.5241169
8190,0.5241169
8191,0.5241169
8192,0.5241169
8193,0.5241169
8194,0.5241169
8195,0.5241169
8196,0.5241169
8197,0.5241169
8198,0.5241169
8199,0.5241169
8200,0.5241169
8201,0.5241169
8202,0.5241169
8203,0.5241169
8204,0.5241169
8205,0.5241169
8206,0.5241169
8207,0.5241169
8208,0.5241169
8209,0.5241169
8210,0.5241169
8211,0.5241169
8212,0.5241169
8213,0.5241169
8214,0.5241169
8215,0.5241169
8216,0.5241169
8217,0.5241169
8218,0.5241169
8219,0.5241169
8220,0.5241169
8221,0.5241169
8222,0.5241169
8223,0.5241169
8224,0.5241169
8225,0.5241169
8226,0.5241169
8227,0.5241169
8228,0.5241169
8229,0.5241169
8230,0.5241169
8231,0.5241169
8232,0.5241169
8233,0.5241169
8234,0.5241169
8235,0.5241169
8236,0.5241169
8237,0.5241169
8238,0.5241169
8239,0.5241169
8240,0.5241169
8241,0.5241169
8242,0.5241169
8243,0.5241169
8244,0.5241169
8245,0.5241169
8246,0.5241169
8247,0.5241169
8248,0.5241169
8249,0.5241169
8250,0.5241169
8251,0.5241169
8252,0.5241169
8253,0.5241169
8254,0.5241169
8255,0.5241169
8256,0.5241169
8257,0.5241169
8258,0.5241169
8259,0.5241169
8260,0.5241169
8261,0.5241169
8262,0.5241169
8263,0.5241169
8264,0.5241169
8265,0.5241169
8266,0.5241169
8267,0.5241169
8268,0.5241169
8269,0.5241169
8270,0.5241169
8271,0.5241169
8272,0.5241169
8273,0.5241169
8274,0.5241169
8275,0.5241169
8276,0.5241169
8277,0.5241169
8278,0.5241169
8279,0.5241169
8280,0.5241169
8281,0.5241169
8282,0.5241169
8283,0.5241169
8284,0.5241169
8285,0.5241169
8286,0.5241169
8287,0.5241169
8288,0.5241169
8289,0.5241169
8290,0.5241169
8291,0.5241169
8292,0.5241169
8293,0.5241169
8294,0.5241169
8295,0.5241169
8296,0.5241169
8297,0.5241169
8298,0.5241169
8299,0.5241169
8300,0.5241169
8301,0.5241169
8302,0.5241169
8303,0.5241169
8304,0.5241169
8305,0.5241169
8306,0.5241169
8307,0.5241169
8308,0.5241169
8309,0.5241169
8310,0.5241169
8311,0.5241169
8312,0.5241169
8313,0.5241169
8314,0.5241169
8315,0.5241169
8316,0.5241169
8317,0.5241169
8318,0.5241169
8319,0.5241169
8320,0.5241169
8321,0.5241169
8322,0.5241169
8323,0.5241169
8324,0.5241169
8325,0.5241169
8326,0.5241169
8327,0.5241169
8328,0.5241169
8329,0.5241169
8330,0.5241169
8331,0.5241169
8332,0.5241169
8333,0.5241169
8334,0.5241169
8335,0.5241169
8336,0.5241169
8337,0.5241169
8338,0.5241169
8339,0.5241169
8340,0.5241169
8341,0.5241169
8342,0.5241169
8343,0.5241169
8344,0.5241169
8345,0.5241169
8346,0.5241169
8347,0.5241169
8348,0.5241169
8349,0.5241169
8350,0.5241169
8351,0.5241169
8352,0.5241169
8353,0.5241169
8354,0.5241169
8355,0.5241169
8356,0.5241169
8357,0.5241169
8358,0.5241169
8359,0.5241169
8360,0.5241169
8361,0.5241169
8362,0.5241169
8363,0.5241169
8364,0.5241169
8365,0.5241169
8366,0.5241169
8367,0.5241169
8368,0.5241169
8369,0.5241169
8370,0.5241169
8371,0.5241169
8372,0.5241169
8373,0.5241169
8374,0.5241169
8375,0.5241169
8376,0.5241169
8377,0.5241169
8378,0.5241169
8379,0.5241169
8380,0.5241169
8381,0.5241169
8382,0.5241169
8383,0.5241169
8384,0.5241169
8385,0.5241169
8386,0.5241169
8387,0.5241169
8388,0.5241169
8389,0.5241169
8390,0.5241169
8391,0.5241169
8392,0.5241169
8393,0.5241169
8394,0.5241169
8395,0.5241169
8396,0.5241169
8397,0.5241169
8398,0.5241169
8399,0.5241169
8400,0.5241169
8401,0.5241169
8402,0.5241169
8403,0.5241169
8404,0.5241169
8405,0.5241169
8406,0.5241169
8407,0.5241169
8408,0.5241169
8409,0.5241169
8410,0.5241169
8411,0.5241169
8412,0.5241169
8413,0.5241169
8414,0.5241169
8415,0.5241169
8416,0.5241169
8417,0.5241169
8418,0.5241169
8419,0.5241169
8420,0.5241169
8421,0.5241169
8422,0.5241169
8423,0.5241169
8424,0.5241169
8425,0.5241169
8426,0.5241169
8427,0.5241169
8428,0.5241169
8429,0.5241169
8430,0.5241169
8431,0.5241169
8432,0.5241169
8433,0.5241169
8434,0.5241169
8435,0.5241169
8436,0.5241169
8437,0.5241169
8438,0.5241169
8439,0.5241169
8440,0.5241169
8441,0.5241169
8442,0.5241169
8443,0.5241169
8444,0.5241169
8445,0.5241169
8446,0.5241169
8447,0.5241169
8448,0.5241169
8449,0.5241169
8450,0.5241169
8451,0.5241169
8452,0.5241169
8453,0.5241169
8454,0.5241169
8455,0.5241169
8456,0.5241169
8457,0.5241169
8458,0.5241169
8459,0.5241169
8460,0.5241169
8461,0.5241169
8462,0.5241169
8463,0.5241169
8464,0.5241169
8465,0.5241169
8466,0.5241169
8467,0.5241169
8468,0.5241169
8469,0.5241169
8470,0.5241169
8471,0.5241169
8472,0.5241169
8473,0.5241169
8474,0.5241169
8475,0.5241169
8476,0.5241169
8477,0.5241169
8478,0.5241169
8479,0.5241169
8480,0.5241169
8481,0.5241169
8482,0.5241169
8483,0.5241169
8484,0.5241169
8485,0.5241169
8486,0.5241169
8487,0.5241169
8488,0.5241169
8489,0.5241169
8490,0.5241169
8491,0.5241169
8492,0.5241169
8493,0.5241169
8494,0.5241169
8495,0.5241169
8496,0.5241169
8497,0.5241169
8498,0.5241169
8499,0.5241169
8500,0.5241169
8501,0.5241169
8502,0.5241169
8503,0.5241169
8504,0.5241169
8505,0.5241169
8506,0.5241169
8507,0.5241169
8508,0.5241169
8509,0.5241169
8510,0.5241169
8511,0.5241169
8512,0.5241169
8513,0.5241169
8514,0.5241169
8515,0.5241169
8516,0.5241169
8517,0.5241169
8518,0.5241169
8519,0.5241169
8520,0.5241169
8521,0.5241169
8522,0.5241169
8523,0.5241169
8524,0.5241169
8525,0.5241169
8526,0.5241169
8527,0.5241169
8528,0.5241169
8529,0.5241169
8530,0.5241169
8531,0.5241169
8532,0.5241169
8533,0.5241169
8534,0.5241169
8535,0.5241169
8536,0.5241169
8537,0.5241169
8538,0.5241169
8539,0.5241169
8540,0.5241169
8541,0.5241169
8542,0.5241169
8543,0.5241169
8544,0.5241169
8545,0.5241169
8546,0.5241169
8547,0.5241169
8548,0.5241169
8549,0.5241169
8550,0.5241169
8551,0.5241169
8552,0.5241169
8553,0.5241169
8554,0.5241169
8555,0.5241169
8556,0.5241169
8557,0.5241169
8558,0.5241169
8559,0.5241169
8560,0.5241169
8561,0.5241169
8562,0.5241169
8563,0.5241169
8564,0.5241169
8565,0.5241169
8566,0.5241169
8567,0.5241169
8568,0.5241169
8569,0.5241169
8570,0.5241169
8571,0.5241169
8572,0.5241169
8573,0.5241169
8574,0.5241169
8575,0.5241169
8576,0.5241169
8577,0.5241169
8578,0.5241169
8579,0.5241169
8580,0.5241169
8581,0.5241169
8582,0.5241169
8583,0.5241169
8584,0.5241169
8585,0.5241169
8586,0.5241169
8587,0.5241169
8588,0.5241169
8589,0.5241169
8590,0.5241169
8591,0.5241169
8592,0.5241169
8593,0.5241169
8594,0.5241169
8595,0.5241169
8596,0.5241169
8597,0.5241169
8598,0.5241169
8599,0.5241169
8600,0.5241169
8601,0.5241169
8602,0.5241169
8603,0.5241169
8604,0.5241169
8605,0.5241169
8606,0.5241169
8607,0.5241169
8608,0.5241169
8609,0.5241169
8610,0.5241169
8611,0.5241169
8612,0.5241169
8613,0.5241169
8614,0.5241169
8615,0.5241169
8616,0.5241169
8617,0.5241169
8618,0.5241169
8619,0.5241169
8620,0.5241169
8621,0.5241169
8622,0.5241169
8623,0.5241169
8624,0.5241169
8625,0.5241169
8626,0.5241169
8627,0.5241169
8628,0.5241169
8629,0.5241169
8630,0.5241169
8631,0.5241169
8632,0.5241169
8633,0.5241169
8634,0.5241169
8635,0.5241169
8636,0.5241169
8637,0.5241169
8638,0.5241169
8639,0.5241169
8640,0.5241169
8641,0.5241169
8642,0.5241169
8643,0.5241169
8644,0.5241169
8645,0.5241169
8646,0.5241169
8647,0.5241169
8648,0.5241169
8649,0.5241169
8650,0.5241169
8651,0.5241169
8652,0.5241169
8653,0.5241169
8654,0.5241169
8655,0.5241169
8656,0.5241169
8657,0.5241169
8658,0.5241169
8659,0.5241169
8660,0.5241169
8661,0.5241169
8662,0.5241169
8663,0.5241169
8664,0.5241169
8665,0.5241169
8666,0.5241169
8667,0.5241169
8668,0.5241169
8669,0.5241169
8670,0.5241169
8671,0.5241169
8672,0.5241169
8673,0.5241169
8674,0.5241169
8675,0.5241169
8676,0.5241169
8677,0.5241169
8678,0.5241169
8679,0.5241169
8680,0.5241169
8681,0.5241169
8682,0.5241169
8683,0.5241169
8684,0.5241169
8685,0.5241169
8686,0.5241169
8687,0.5241169
8688,0.5241169
8689,0.5241169
8690,0.5241169
8691,0.5241169
8692,0.5241169
8693,0.5241169
8694,0.5241169
8695,0.5241169
8696,0.5241169
8697,0.5241169
8698,0.5241169
8699,0.5241169
8700,0.5241169
8701,0.5241169
8702,0.5241169
8703,0.5241169
8704,0.5241169
8705,0.5241169
8706,0.5241169
8707,0.5241169
8708,0.5241169
8709,0.5241169
8710,0.5241169
8711,0.5241169
8712,0.5241169
8713,0.5241169
8714,0.5241169
8715,0.5241169
8716,0.5241169
8717,0.5241169
8718,0.5241169
8719,0.5241169
8720,0.5241169
8721,0.5241169
8722,0.5241169
8723,0.5241169
8724,0.5241169
8725,0.5241169
8726,0.5241169
8727,0.5241169
8728,0.5241169
8729,0.5241169
8730,0.5241169
8731,0.5241169
8732,0.5241169
8733,0.5241169
8734,0.5241169
8735,0.5241169
8736,0.5241169
8737,0.5241169
8738,0.5241169
8739,0.5241169
8740,0.5241169
8741,0.5241169
8742,0.5241169
8743,0.5241169
8744,0.5241169
8745,0.5241169
8746,0.5241169
8747,0.5241169
8748,0.5241169
8749,0.5241169
8750,0.5241169
8751,0.5241169
8752,0.5241169
8753,0.5241169
8754,0.5241169
8755,0.5241169
8756,0.5241169
8757,0.5241169
8758,0.5241169
8759,0.5241169
8760,0.5241169
8761,0.5241169
8762,0.5241169
8763,0.5241169
8764,0.5241169
8765,0.5241169
8766,0.5241169
8767,0.5241169
8768,0.5241169
8769,0.5241169
8770,0.5241169
8771,0.5241169
8772,0.5241169
8773,0.5241169
8774,0.5241169
8775,0.5241169
8776,0.5241169
8777,0.5241169
8778,0.5241169
8779,0.5241169
8780,0.5241169
8781,0.5241169
8782,0.5241169
8783,0.5241169
8784,0.5241169
8785,0.5241169
8786,0.5241169
8787,0.5241169
8788,0.5241169
8789,0.5241169
8790,0.5241169
8791,0.5241169
8792,0.5241169
8793,0.5241169
8794,0.5241169
8795,0.5241169
8796,0.5241169
8797,0.5241169
8798,0.5241169
8799,0.5241169
8800,0.5241169
8801,0.5241169
8802,0.5241169
8803,0.5241169
8804,0.5241169
8805,0.5241169
8806,0.5241169
8807,0.5241169
8808,0.5241169
8809,0.5241169
8810,0.5241169
8811,0.5241169
8812,0.5241169
8813,0.5241169
8814,0.5241169
8815,0.5241169
8816,0.5241169
8817,0.5241169
8818,0.5241169
8819,0.5241169
8820,0.5241169
8821,0.5241169
8822,0.5241169
8823,0.5241169
8824,0.5241169
8825,0.5241169
8826,0.5241169
8827,0.5241169
8828,0.5241169
8829,0.5241169
8830,0.5241169
8831,0.5241169
8832,0.5241169
8833,0.5241169
8834,0.5241169
8835,0.5241169
8836,0.5241169
8837,0.5241169
8838,0.5241169
8839,0.5241169
8840,0.5241169
8841,0.5241169
8842,0.5241169
8843,0.5241169
8844,0.5241169
8845,0.5241169
8846,0.5241169
8847,0.5241169
8848,0.5241169
8849,0.5241169
8850,0.5241169
8851,0.5241169
8852,0.5241169
8853,0.5241169
8854,0.5241169
8855,0.5241169
8856,0.5241169
8857,0.5241169
8858,0.5241169
8859,0.5241169
8860,0.5241169
8861,0.5241169
8862,0.5241169
8863,0.5241169
8864,0.5241169
8865,0.5241169
8866,0.5241169
8867,0.5241169
8868,0.5241169
8869,0.5241169
8870,0.5241169
8871,0.5241169
8872,0.5241169
8873,0.5241169
8874,0.5241169
8875,0.5241169
8876,0.5241169
8877,0.5241169
8878,0.5241169
8879,0.5241169
8880,0.5241169
8881,0.5241169
8882,0.5241169
8883,0.5241169
8884,0.5241169
8885,0.5241169
8886,0.5241169
8887,0.5241169
8888,0.5241169
8889,0.5241169
8890,0.5241169
8891,0.5241169
8892,0.5241169
8893,0.5241169
8894,0.5241169
8895,0.5241169
8896,0.5241169
8897,0.5241169
8898,0.5241169
8899,0.5241169
8900,0.5241169
8901,0.5241169
8902,0.5241169
8903,0.5241169
8904,0.5241169
8905,0.5241169
8906,0.5241169
8907,0.5241169
8908,0.5241169
8909,0.5241169
8910,0.5241169
8911,0.5241169
8912,0.5241169
8913,0.5241169
8914,0.5241169
8915,0.5241169
8916,0.5241169
8917,0.5241169
8918,0.5241169
8919,0.5241169
8920,0.5241169
8921,0.5241169
8922,0.5241169
8923,0.5241169
8924,0.5241169
8925,0.5241169
8926,0.5241169
8927,0.5241169
8928,0.5241169
8929,0.5241169
8930,0.5241169
8931,0.5241169
8932,0.5241169
8933,0.5241169
8934,0.5241169
8935,0.5241169
8936,0.5241169
8937,0.5241169
8938,0.5241169
8939,0.5241169
8940,0.5241169
8941,0.5241169
8942,0.5241169
8943,0.5241169
8944,0.5241169
8945,0.5241169
8946,0.5241169
8947,0.5241169
8948,0.5241169
8949,0.5241169
8950,0.5241169
8951,0.5241169
8952,0.5241169
8953,0.5241169
8954,0.5241169
8955,0.5241169
8956,0.5241169
8957,0.5241169
8958,0.5241169
8959,0.5241169
8960,0.5241169
8961,0.5241169
8962,0.5241169
8963,0.5241169
8964,0.5241169
8965,0.5241169
8966,0.5241169
8967,0.5241169
8968,0.5241169
8969,0.5241169
8970,0.5241169
8971,0.5241169
8972,0.5241169
8973,0.5241169
8974,0.5241169
8975,0.5241169
8976,0.5241169
8977,0.5241169
8978,0.5241169
8979,0.5241169
8980,0.5241169
8981,0.5241169
8982,0.5241169
8983,0.5241169
8984,0.5241169
8985,0.5241169
8986,0.5241169
8987,0.5241169
8988,0.5241169
8989,0.5241169
8990,0.5241169
8991,0.5241169
8992,0.5241169
8993,0.5241169
8994,0.5241169
8995,0.5241169
8996,0.5241169
8997,0.5241169
8998,0.5241169
8999,0.5241169
9000,0.5241169
9001,0.5241169
9002,0.5241169
9003,0.5241169
9004,0.5241169
9005,0.5241169
9006,0.5241169
9007,0.5241169
9008,0.5241169
9009,0.5241169
9010,0.5241169
9011,0.5241169
9012,0.5241169
9013,0.5241169
9014,0.5241169
9015,0.5241169
9016,0.5241169
9017,0.5241169
9018,0.5241169
9019,0.5241169
9020,0.5241169
9021,0.5241169
9022,0.5241169
9023,0.5241169
9024,0.5241169
9025,0.5241169
9026,0.5241169
9027,0.5241169
9028,0.5241169
9029,0.5241169
9030,0.5241169
9031,0.5241169
9032,0.5241169
9033,0.5241169
9034,0.5241169
9035,0.5241169
9036,0.5241169
9037,0.5241169
9038,0.5241169
9039,0.5241169
9040,0.5241169
9041,0.5241169
9042,0.5241169
9043,0.5241169
9044,0.5241169
9045,0.5241169
9046,0.5241169
9047,0.5241169
9048,0.5241169
9049,0.5241169
9050,0.5241169
9051,0.5241169
9052,0.5241169
9053,0.5241169
9054,0.5241169
9055,0.5241169
9056,0.5241169
9057,0.5241169
9058,0.5241169
9059,0.5241169
9060,0.5241169
9061,0.5241169
9062,0.5241169
9063,0.5241169
9064,0.5241169
9065,0.5241169
9066,0.5241169
9067,0.5241169
9068,0.5241169
9069,0.5241169
9070,0.5241169
9071,0.5241169
9072,0.5241169
9073,0.5241169
9074,0.5241169
9075,0.5241169
9076,0.5241169
9077,0.5241169
9078,0.5241169
9079,0.5241169
9080,0.5241169
9081,0.5241169
9082,0.5241169
9083,0.5241169
9084,0.5241169
9085,0.5241169
9086,0.5241169
9087,0.5241169
9088,0.5241169
9089,0.5241169
9090,0.5241169
9091,0.5241169
9092,0.5241169
9093,0.5241169
9094,0.5241169
9095,0.5241169
9096,0.5241169
9097,0.5241169
9098,0.5241169
9099,0.5241169
9100,0.5241169
9101,0.5241169
9102,0.5241169
9103,0.5241169
9104,0.5241169
9105,0.5241169
9106,0.5241169
9107,0.5241169
9108,0.5241169
9109,0.5241169
9110,0.5241169
9111,0.5241169
9112,0.5241169
9113,0.5241169
9114,0.5241169
9115,0.5241169
9116,0.5241169
9117,0.5241169
9118,0.5241169
9119,0.5241169
9120,0.5241169
9121,0.5241169
9122,0.5241169
9123,0.5241169
9124,0.5241169
9125,0.5241169
9126,0.5241169
9127,0.5241169
9128,0.5241169
9129,0.5241169
9130,0.5241169
9131,0.5241169
9132,0.5241169
9133,0.5241169
9134,0.5241169
9135,0.5241169
9136,0.5241169
9137,0.5241169
9138,0.5241169
9139,0.5241169
9140,0.5241169
9141,0.5241169
9142,0.5241169
9143,0.5241169
9144,0.5241169
9145,0.5241169
9146,0.5241169
9147,0.5241169
9148,0.5241169
9149,0.5241169
9150,0.5241169
9151,0.5241169
9152,0.5241169
9153,0.5241169
9154,0.5241169
9155,0.5241169
9156,0.5241169
9157,0.5241169
9158,0.5241169
9159,0.5241169
9160,0.5241169
9161,0.5241169
9162,0.5241169
9163,0.5241169
9164,0.5241169
9165,0.5241169
9166,0.5241169
9167,0.5241169
9168,0.5241169
9169,0.5241169
9170,0.5241169
9171,0.5241169
9172,0.5241169
9173,0.5241169
9174,0.5241169
9175,0.5241169
9176,0.5241169
9177,0.5241169
9178,0.5241169
9179,0.5241169
9180,0.5241169
9181,0.5241169
9182,0.5241169
9183,0.5241169
9184,0.5241169
9185,0.5241169
9186,0.5241169
9187,0.5241169
9188,0.5241169
9189,0.5241169
9190,0.5241169
9191,0.5241169
9192,0.5241169
9193,0.5241169
9194,0.5241169
9195,0.5241169
9196,0.5241169
9197,0.5241169
9198,0.5241169
9199,0.5241169
9200,0.5241169
9201,0.5241169
9202,0.5241169
9203,0.5241169
9204,0.5241169
9205,0.5241169
9206,0.5241169
9207,0.5241169
9208,0.5241169
9209,0.5241169
9210,0.5241169
9211,0.5241169
9212,0.5241169
9213,0.5241169
9214,0.5241169
9215,0.5241169
9216,0.5241169
9217,0.5241169
9218,0.5241169
9219,0.5241169
9220,0.5241169
9221,0.5241169
9222,0.5241169
9223,0.5241169
9224,0.5241169
9225,0.5241169
9226,0.5241169
9227,0.5241169
9228,0.5241169
9229,0.5241169
9230,0.5241169
9231,0.5241169
9232,0.5241169
9233,0.5241169
9234,0.5241169
9235,0.5241169
9236,0.5241169
9237,0.5241169
9238,0.5241169
9239,0.5241169
9240,0.5241169
9241,0.5241169
9242,0.5241169
9243,0.5241169
9244,0.5241169
9245,0.5241169
9246,0.5241169
9247,0.5241169
9248,0.5241169
9249,0.5241169
9250,0.5241169
9251,0.5241169
9252,0.5241169
9253,0.5241169
9254,0.5241169
9255,0.5241169
9256,0.5241169
9257,0.5241169
9258,0.5241169
9259,0.5241169
9260,0.5241169
9261,0.5241169
9262,0.5241169
9263,0.5241169
9264,0.5241169
9265,0.5241169
9266,0.5241169
9267,0.5241169
9268,0.5241169
9269,0.5241169
9270,0.5241169
9271,0.5241169
9272,0.5241169
9273,0.5241169
9274,0.5241169
9275,0.5241169
9276,0.5241169
9277,0.5241169
9278,0.5241169
9279,0.5241169
9280,0.5241169
9281,0.5241169
9282,0.5241169
9283,0.5241169
9284,0.5241169
9285,0.5241169
9286,0.5241169
9287,0.5241169
9288,0.5241169
9289,0.5241169
9290,0.5241169
9291,0.5241169
9292,0.5241169
9293,0.5241169
9294,0.5241169
9295,0.5241169
9296,0.5241169
9297,0.5241169
9298,0.5241169
9299,0.5241169
9300,0.5241169
9301,0.5241169
9302,0.5241169
9303,0.5241169
9304,0.5241169
9305,0.5241169
9306,0.5241169
9307,0.5241169
9308,0.5241169
9309,0.5241169
9310,0.5241169
9311,0.5241169
9312,0.5241169
9313,0.5241169
9314,0.5241169
9315,0.5241169
9316,0.5241169
9317,0.5241169
9318,0.5241169
9319,0.5241169
9320,0.5241169
9321,0.5241169
9322,0.5241169
9323,0.5241169
9324,0.5241169
9325,0.5241169
9326,0.5241169
9327,0.5241169
9328,0.5241169
9329,0.5241169
9330,0.5241169
9331,0.5241169
9332,0.5241169
9333,0.5241169
9334,0.5241169
9335,0.5241169
9336,0.5241169
9337,0.5241169
9338,0.5241169
9339,0.5241169
9340,0.5241169
9341,0.5241169
9342,0.5241169
9343,0.5241169
9344,0.5241169
9345,0.5241169
9346,0.5241169
9347,0.5241169
9348,0.5241169
9349,0.5241169
9350,0.5241169
9351,0.5241169
9352,0.5241169
9353,0.5241169
9354,0.5241169
9355,0.5241169
9356,0.5241169
9357,0.5241169
9358,0.5241169
9359,0.5241169
9360,0.5241169
9361,0.5241169
9362,0.5241169
9363,0.5241169
9364,0.5241169
9365,0.5241169
9366,0.5241169
9367,0.5241169
9368,0.5241169
9369,0.5241169
9370,0.5241169
9371,0.5241169
9372,0.5241169
9373,0.5241169
9374,0.5241169
9375,0.5241169
9376,0.5241169
9377,0.5241169
9378,0.5241169
9379,0.5241169
9380,0.5241169
9381,0.5241169
9382,0.5241169
9383,0.5241169
9384,0.5241169
9385,0.5241169
9386,0.5241169
9387,0.5241169
9388,0.5241169
9389,0.5241169
9390,0.5241169
9391,0.5241169
9392,0.5241169
9393,0.5241169
9394,0.5241169
9395,0.5241169
9396,0.5241169
9397,0.5241169
9398,0.5241169
9399,0.5241169
9400,0.5241169
9401,0.5241169
9402,0.5241169
9403,0.5241169
9404,0.5241169
9405,0.5241169
9406,0.5241169
9407,0.5241169
9408,0.5241169
9409,0.5241169
9410,0.5241169
9411,0.5241169
9412,0.5241169
9413,0.5241169
9414,0.5241169
9415,0.5241169
9416,0.5241169
9417,0.5241169
9418,0.5241169
9419,0.5241169
9420,0.5241169
9421,0.5241169
9422,0.5241169
9423,0.5241169
9424,0.5241169
9425,0.5241169
9426,0.5241169
9427,0.5241169
9428,0.5241169
9429,0.5241169
9430,0.5241169
9431,0.5241169
9432,0.5241169
9433,0.5241169
9434,0.5241169
9435,0.5241169
9436,0.5241169
9437,0.5241169
9438,0.5241169
9439,0.5241169
9440,0.5241169
9441,0.5241169
9442,0.5241169
9443,0.5241169
9444,0.5241169
9445,0.5241169
9446,0.5241169
9447,0.5241169
9448,0.5241169
9449,0.5241169
9450,0.5241169
9451,0.5241169
9452,0.5241169
9453,0.5241169
9454,0.5241169
9455,0.5241169
9456,0.5241169
9457,0.5241169
9458,0.5241169
9459,0.5241169
9460,0.5241169
9461,0.5241169
9462,0.5241169
9463,0.5241169
9464,0.5241169
9465,0.5241169
9466,0.5241169
9467,0.5241169
9468,0.5241169
9469,0.5241169
9470,0.5241169
9471,0.5241169
9472,0.5241169
9473,0.5241169
9474,0.5241169
9475,0.5241169
9476,0.5241169
9477,0.5241169
9478,0.5241169
9479,0.5241169
9480,0.5241169
9481,0.5241169
9482,0.5241169
9483,0.5241169
9484,0.5241169
9485,0.5241169
9486,0.5241169
9487,0.5241169
9488,0.5241169
9489,0.5241169
9490,0.5241169
9491,0.5241169
9492,0.5241169
9493,0.5241169
9494,0.5241169
9495,0.5241169
9496,0.5241169
9497,0.5241169
9498,0.5241169
9499,0.5241169
9500,0.5241169
9501,0.5241169
9502,0.5241169
9503,0.5241169
9504,0.5241169
9505,0.5241169
9506,0.5241169
9507,0.5241169
9508,0.5241169
9509,0.5241169
9510,0.5241169
9511,0.5241169
9512,0.5241169
9513,0.5241169
9514,0.5241169
9515,0.5241169
9516,0.5241169
9517,0.5241169
9518,0.5241169
9519,0.5241169
9520,0.5241169
9521,0.5241169
9522,0.5241169
9523,0.5241169
9524,0.5241169
9525,0.5241169
9526,0.5241169
9527,0.5241169
9528,0.5241169
9529,0.5241169
9530,0.5241169
9531,0.5241169
9532,0.5241169
9533,0.5241169
9534,0.5241169
9535,0.5241169
9536,0.5241169
9537,0.5241169
9538,0.5241169
9539,0.5241169
9540,0.5241169
9541,0.5241169
9542,0.5241169
9543,0.5241169
9544,0.5241169
9545,0.5241169
9546,0.5241169
9547,0.5241169
9548,0.5241169
9549,0.5241169
9550,0.5241169
9551,0.5241169
9552,0.5241169
9553,0.5241169
9554,0.5241169
9555,0.5241169
9556,0.5241169
9557,0.5241169
9558,0.5241169
9559,0.5241169
9560,0.5241169
9561,0.5241169
9562,0.5241169
9563,0.5241169
9564,0.5241169
9565,0.5241169
9566,0.5241169
9567,0.5241169
9568,0.5241169
9569,0.5241169
9570,0.5241169
9571,0.5241169
9572,0.5241169
9573,0.5241169
9574,0.5241169
9575,0.5241169
9576,0.5241169
9577,0.5241169
9578,0.5241169
9579,0.5241169
9580,0.5241169
9581,0.5241169
9582,0.5241169
9583,0.5241169
9584,0.5241169
9585,0.5241169
9586,0.5241169
9587,0.5241169
9588,0.5241169
9589,0.5241169
9590,0.5241169
9591,0.5241169
9592,0.5241169
9593,0.5241169
9594,0.5241169
9595,0.5241169
9596,0.5241169
9597,0.5241169
9598,0.5241169
9599,0.5241169
9600,0.5241169
9601,0.5241169
9602,0.5241169
9603,0.5241169
9604,0.5241169
9605,0.5241169
9606,0.5241169
9607,0.5241169
9608,0.5241169
9609,0.5241169
9610,0.5241169
9611,0.5241169
9612,0.5241169
9613,0.5241169
9614,0.5241169
9615,0.5241169
9616,0.5241169
9617,0.5241169
9618,0.5241169
9619,0.5241169
9620,0.5241169
9621,0.5241169
9622,0.5241169
9623,0.5241169
9624,0.5241169
9625,0.5241169
9626,0.5241169
9627,0.5241169
9628,0.5241169
9629,0.5241169
9630,0.5241169
9631,0.5241169
9632,0.5241169
9633,0.5241169
9634,0.5241169
9635,0.5241169
9636,0.5241169
9637,0.5241169
9638,0.5241169
9639,0.5241169
9640,0.5241169
9641,0.5241169
9642,0.5241169
9643,0.5241169
9644,0.5241169
9645,0.5241169
9646,0.5241169
9647,0.5241169
9648,0.5241169
9649,0.5241169
9650,0.5241169
9651,0.5241169
9652,0.5241169
9653,0.5241169
9654,0.5241169
9655,0.5241169
9656,0.5241169
9657,0.5241169
9658,0.5241169
9659,0.5241169
9660,0.5241169
9661,0.5241169
9662,0.5241169
9663,0.5241169
9664,0.5241169
9665,0.5241169
9666,0.5241169
9667,0.5241169
9668,0.5241169
9669,0.5241169
9670,0.5241169
9671,0.5241169
9672,0.5241169
9673,0.5241169
9674,0.5241169
9675,0.5241169
9676,0.5241169
9677,0.5241169
9678,0.5241169
9679,0.5241169
9680,0.5241169
9681,0.5241169
9682,0.5241169
9683,0.5241169
9684,0.5241169
9685,0.5241169
9686,0.5241169
9687,0.5241169
9688,0.5241169
9689,0.5241169
9690,0.5241169
9691,0.5241169
9692,0.5241169
9693,0.5241169
9694,0.5241169
9695,0.5241169
9696,0.5241169
9697,0.5241169
9698,0.5241169
9699,0.5241169
9700,0.5241169
9701,0.5241169
9702,0.5241169
9703,0.5241169
9704,0.5241169
9705,0.5241169
9706,0.5241169
9707,0.5241169
9708,0.5241169
9709,0.5241169
9710,0.5241169
9711,0.5241169
9712,0.5241169
9713,0.5241169
9714,0.5241169
9715,0.5241169
9716,0.5241169
9717,0.5241169
9718,0.5241169
9719,0.5241169
9720,0.5241169
9721,0.5241169
9722,0.5241169
9723,0.5241169
9724,0.5241169
9725,0.5241169
9726,0.5241169
9727,0.5241169
9728,0.5241169
9729,0.5241169
9730,0.5241169
9731,0.5241169
9732,0.5241169
9733,0.5241169
9734,0.5241169
9735,0.5241169
9736,0.5241169
9737,0.5241169
9738,0.5241169
9739,0.5241169
9740,0.5241169
9741,0.5241169
9742,0.5241169
9743,0.5241169
9744,0.5241169
9745,0.5241169
9746,0.5241169
9747,0.5241169
9748,0.5241169
9749,0.5241169
9750,0.5241169
9751,0.5241169
9752,0.5241169
9753,0.5241169
9754,0.5241169
9755,0.5241169
9756,0.5241169
9757,0.5241169
9758,0.5241169
9759,0.5241169
9760,0.5241169
9761,0.5241169
9762,0.5241169
9763,0.5241169
9764,0.5241169
9765,0.5241169
9766,0.5241169
9767,0.5241169
9768,0.5241169
9769,0.5241169
9770,0.5241169
9771,0.5241169
9772,0.5241169
9773,0.5241169
9774,0.5241169
9775,0.5241169
9776,0.5241169
9777,0.5241169
9778,0.5241169
9779,0.5241169
9780,0.5241169
9781,0.5241169
9782,0.5241169
9783,0.5241169
9784,0.5241169
9785,0.5241169
9786,0.5241169
9787,0.5241169
9788,0.5241169
9789,0.5241169
9790,0.5241169
9791,0.5241169
9792,0.5241169
9793,0.5241169
9794,0.5241169
9795,0.5241169
9796,0.5241169
9797,0.5241169
9798,0.5241169
9799,0.5241169
9800,0.5241169
9801,0.5241169
9802,0.5241169
9803,0.5241169
9804,0.5241169
9805,0.5241169
9806,0.5241169
9807,0.5241169
9808,0.5241169
9809,0.5241169
9810,0.5241169
9811,0.5241169
9812,0.5241169
9813,0.5241169
9814,0.5241169
9815,0.5241169
9816,0.5241169
9817,0.5241169
9818,0.5241169
9819,0.5241169
9820,0.5241169
9821,0.5241169
9822,0.5241169
9823,0.5241169
9824,0.5241169
9825,0.5241169
9826,0.5241169
9827,0.5241169
9828,0.5241169
9829,0.5241169
9830,0.5241169
9831,0.5241169
9832,0.5241169
9833,0.5241169
9834,0.5241169
9835,0.5241169
9836,0.5241169
9837,0.5241169
9838,0.5241169
9839,0.5241169
9840,0.5241169
9841,0.5241169
9842,0.5241169
9843,0.5241169
9844,0.5241169
9845,0.5241169
9846,0.5241169
9847,0.5241169
9848,0.5241169
9849,0.5241169
9850,0.5241169
9851,0.5241169
9852,0.5241169
9853,0.5241169
9854,0.5241169
9855,0.5241169
9856,0.5241169
9857,0.5241169
9858,0.5241169
9859,0.5241169
9860,0.5241169
9861,0.5241169
9862,0.5241169
9863,0.5241169
9864,0.5241169
9865,0.5241169
9866,0.5241169
9867,0.5241169
9868,0.5241169
9869,0.5241169
9870,0.5241169
9871,0.5241169
9872,0.5241169
9873,0.5241169
9874,0.5241169
9875,0.5241169
9876,0.5241169
9877,0.5241169
9878,0.5241169
9879,0.5241169
9880,0.5241169
9881,0.5241169
9882,0.5241169
9883,0.5241169
9884,0.5241169
9885,0.5241169
9886,0.5241169
9887,0.5241169
9888,0.5241169
9889,0.5241169
9890,0.5241169
9891,0.5241169
9892,0.5241169
9893,0.5241169
9894,0.5241169
9895,0.5241169
9896,0.5241169
9897,0.5241169
9898,0.5241169
9899,0.5241169
9900,0.5241169
9901,0.5241169
9902,0.5241169
9903,0.5241169
9904,0.5241169
9905,0.5241169
9906,0.5241169
9907,0.5241169
9908,0.5241169
9909,0.5241169
9910,0.5241169
9911,0.5241169
9912,0.5241169
9913,0.5241169
9914,0.5241169
9915,0.5241169
9916,0.5241169
9917,0.5241169
9918,0.5241169
9919,0.5241169
9920,0.5241169
9921,0.5241169
9922,0.5241169
9923,0.5241169
9924,0.5241169
9925,0.5241169
9926,0.5241169
9927,0.5241169
9928,0.5241169
9929,0.5241169
9930,0.5241169
9931,0.5241169
9932,0.5241169
9933,0.5241169
9934,0.5241169
9935,0.5241169
9936,0.5241169
9937,0.5241169
9938,0.5241169
9939,0.5241169
9940,0.5241169
9941,0.5241169
9942,0.5241169
9943,0.5241169
9944,0.5241169
9945,0.5241169
9946,0.5241169
9947,0.5241169
9948,0.5241169
9949,0.5241169
9950,0.5241169
9951,0.5241169
9952,0.5241169
9953,0.5241169
9954,0.5241169
9955,0.5241169
9956,0.5241169
9957,0.5241169
9958,0.5241169
9959,0.5241169
9960,0.5241169
9961,0.5241169
9962,0.5241169
9963,0.5241169
9964,0.5241169
9965,0.5241169
9966,0.5241169
9967,0.5241169
9968,0.5241169
9969,0.5241169
9970,0.5241169
9971,0.5241169
9972,0.5241169
9973,0.5241169
9974,0.5241169
9975,0.5241169
9976,0.5241169
9977,0.5241169
9978,0.5241169
9979,0.5241169
9980,0.5241169
9981,0.5241169
9982,0.5241169
9983,0.5241169
9984,0.5241169
9985,0.5241169
9986,0.5241169
9987,0.5241169
9988,0.5241169
9989,0.5241169
9990,0.5241169
9991,0.5241169
9992,0.5241169
9993,0.5241169
9994,0.5241169
9995,0.5241169
9996,0.5241169
9997,0.5241169
9998,0.5241169
9999,0.5241169
10000,0.5241169
10001,0.5241169
10002,0.5241169
10003,0.5241169
10004,0.5241169
10005,0.5241169
10006,0.5241169
10007,0.5241169
10008,0.5241169
10009,0.5241169
10010,0.5241169
10011,0.5241169
10012,0.5241169
10013,0.5241169
10014,0.5241169
10015,0.5241169
10016,0.5241169
10017,0.5241169
10018,0.5241169
10019,0.5241169
10020,0.5241169
10021,0.5241169
10022,0.5241169
10023,0.5241169
10024,0.5241169
10025,0.5241169
10026,0.5241169
10027,0.5241169
10028,0.5241169
10029,0.5241169
10030,0.5241169
10031,0.5241169
10032,0.5241169
10033,0.5241169
10034,0.5241169
10035,0.5241169
10036,0.5241169
10037,0.5241169
10038,0.5241169
10039,0.5241169
10040,0.5241169
10041,0.5241169
10042,0.5241169
10043,0.5241169
10044,0.5241169
10045,0.5241169
10046,0.5241169
10047,0.5241169
10048,0.5241169
10049,0.5241169
10050,0.5241169
10051,0.5241169
10052,0.5241169
10053,0.5241169
10054,0.5241169
10055,0.5241169
10056,0.5241169
10057,0.5241169
10058,0.5241169
10059,0.5241169
10060,0.5241169
10061,0.5241169
10062,0.5241169
10063,0.5241169
10064,0.5241169
10065,0.5241169
10066,0.5241169
10067,0.5241169
10068,0.5241169
10069,0.5241169
10070,0.5241169
10071,0.5241169
10072,0.5241169
10073,0.5241169
10074,0.5241169
10075,0.5241169
10076,0.5241169
10077,0.5241169
10078,0.5241169
10079,0.5241169
10080,0.5241169
10081,0.5241169
10082,0.5241169
10083,0.5241169
10084,0.5241169
10085,0.5241169
10086,0.5241169
10087,0.5241169
10088,0.5241169
10089,0.5241169
10090,0.5241169
10091,0.5241169
10092,0.5241169
10093,0.5241169
10094,0.5241169
10095,0.5241169
10096,0.5241169
10097,0.5241169
10098,0.5241169
10099,0.5241169
10100,0.5241169
10101,0.5241169
10102,0.5241169
10103,0.5241169
10104,0.5241169
10105,0.5241169
10106,0.5241169
10107,0.5241169
10108,0.5241169
10109,0.5241169
10110,0.5241169
10111,0.5241169
10112,0.5241169
10113,0.5241169
10114,0.5241169
10115,0.5241169
10116,0.5241169
10117,0.5241169
10118,0.5241169
10119,0.5241169
10120,0.5241169
10121,0.5241169
10122,0.5241169
10123,0.5241169
10124,0.5241169
10125,0.5241169
10126,0.5241169
10127,0.5241169
10128,0.5241169
10129,0.5241169
10130,0.5241169
10131,0.5241169
10132,0.5241169
10133,0.5241169
10134,0.5241169
10135,0.5241169
10136,0.5241169
10137,0.5241169
10138,0.5241169
10139,0.5241169
10140,0.5241169
10141,0.5241169
10142,0.5241169
10143,0.5241169
10144,0.5241169
10145,0.5241169
10146,0.5241169
10147,0.5241169
10148,0.5241169
10149,0.5241169
10150,0.5241169
10151,0.5241169
10152,0.5241169
10153,0.5241169
10154,0.5241169
10155,0.5241169
10156,0.5241169
10157,0.5241169
10158,0.5241169
10159,0.5241169
10160,0.5241169
10161,0.5241169
10162,0.5241169
10163,0.5241169
10164,0.5241169
10165,0.5241169
10166,0.5241169
10167,0.5241169
10168,0.5241169
10169,0.5241169
10170,0.5241169
10171,0.5241169
10172,0.5241169
10173,0.5241169
10174,0.5241169
10175,0.5241169
10176,0.5241169
10177,0.5241169
10178,0.5241169
10179,0.5241169
10180,0.5241169
10181,0.5241169
10182,0.5241169
10183,0.5241169
10184,0.5241169
10185,0.5241169
10186,0.5241169
10187,0.5241169
10188,0.5241169
10189,0.5241169
10190,0.5241169
10191,0.5241169
10192,0.5241169
10193,0.5241169
10194,0.5241169
10195,0.5241169
10196,0.5241169
10197,0.5241169
10198,0.5241169
10199,0.5241169
10200,0.5241169
10201,0.5241169
10202,0.5241169
10203,0.5241169
10204,0.5241169
10205,0.5241169
10206,0.5241169
10207,0.5241169
10208,0.5241169
10209,0.5241169
10210,0.5241169
10211,0.5241169
10212,0.5241169
10213,0.5241169
10214,0.5241169
10215,0.5241169
10216,0.5241169
10217,0.5241169
10218,0.5241169
10219,0.5241169
10220,0.5241169
10221,0.5241169
10222,0.5241169
10223,0.5241169
10224,0.5241169
10225,0.5241169
10226,0.5241169
10227,0.5241169
10228,0.5241169
10229,0.5241169
10230,0.5241169
10231,0.5241169
10232,0.5241169
10233,0.5241169
10234,0.5241169
10235,0.5241169
10236,0.5241169
10237,0.5241169
10238,0.5241169
10239,0.5241169
10240,0.5241169
10241,0.5241169
10242,0.5241169
10243,0.5241169
10244,0.5241169
10245,0.5241169
10246,0.5241169
10247,0.5241169
10248,0.5241169
10249,0.5241169
10250,0.5241169
10251,0.5241169
10252,0.5241169
10253,0.5241169
10254,0.5241169
10255,0.5241169
10256,0.5241169
10257,0.5241169
10258,0.5241169
10259,0.5241169
10260,0.5241169
10261,0.5241169
10262,0.5241169
10263,0.5241169
10264,0.5241169
10265,0.5241169
10266,0.5241169
10267,0.5241169
10268,0.5241169
10269,0.5241169
10270,0.5241169
10271,0.5241169
10272,0.5241169
10273,0.5241169
10274,0.5241169
10275,0.5241169
10276,0.5241169
10277,0.5241169
10278,0.5241169
10279,0.5241169
10280,0.5241169
10281,0.5241169
10282,0.5241169
10283,0.5241169
10284,0.5241169
10285,0.5241169
10286,0.5241169
10287,0.5241169
10288,0.5241169
10289,0.5241169
10290,0.5241169
10291,0.5241169
10292,0.5241169
10293,0.5241169
10294,0.5241169
10295,0.5241169
10296,0.5241169
10297,0.5241169
10298,0.5241169
10299,0.5241169
10300,0.5241169
10301,0.5241169
10302,0.5241169
10303,0.5241169
10304,0.5241169
10305,0.5241169
10306,0.5241169
10307,0.5241169
10308,0.5241169
10309,0.5241169
10310,0.5241169
10311,0.5241169
10312,0.5241169
10313,0.5241169
10314,0.5241169
10315,0.5241169
10316,0.5241169
10317,0.5241169
10318,0.5241169
10319,0.5241169
10320,0.5241169
10321,0.5241169
10322,0.5241169
10323,0.5241169
10324,0.5241169
10325,0.5241169
10326,0.5241169
10327,0.5241169
10328,0.5241169
10329,0.5241169
10330,0.5241169
10331,0.5241169
10332,0.5241169
10333,0.5241169
10334,0.5241169
10335,0.5241169
10336,0.5241169
10337,0.5241169
10338,0.5241169
10339,0.5241169
10340,0.5241169
10341,0.5241169
10342,0.5241169
10343,0.5241169
10344,0.5241169
10345,0.5241169
10346,0.5241169
10347,0.5241169
10348,0.5241169
10349,0.5241169
10350,0.5241169
10351,0.5241169
10352,0.5241169
10353,0.5241169
10354,0.5241169
10355,0.5241169
10356,0.5241169
10357,0.5241169
10358,0.5241169
10359,0.5241169
10360,0.5241169
10361,0.5241169
10362,0.5241169
10363,0.5241169
10364,0.5241169
10365,0.5241169
10366,0.5241169
10367,0.5241169
10368,0.5241169
10369,0.5241169
10370,0.5241169
10371,0.5241169
10372,0.5241169
10373,0.5241169
10374,0.5241169
10375,0.5241169
10376,0.5241169
10377,0.5241169
10378,0.5241169
10379,0.5241169
10380,0.5241169
10381,0.5241169
10382,0.5241169
10383,0.5241169
10384,0.5241169
10385,0.5241169
10386,0.5241169
10387,0.5241169
10388,0.5241169
10389,0.5241169
10390,0.5241169
10391,0.5241169
10392,0.5241169
10393,0.5241169
10394,0.5241169
10395,0.5241169
10396,0.5241169
10397,0.5241169
10398,0.5241169
10399,0.5241169
10400,0.5241169
10401,0.5241169
10402,0.5241169
10403,0.5241169
10404,0.5241169
10405,0.5241169
10406,0.5241169
10407,0.5241169
10408,0.5241169
10409,0.5241169
10410,0.5241169
10411,0.5241169
10412,0.5241169
10413,0.5241169
10414,0.5241169
10415,0.5241169
10416,0.5241169
10417,0.5241169
10418,0.5241169
10419,0.5241169
10420,0.5241169
10421,0.5241169
10422,0.5241169
10423,0.5241169
10424,0.5241169
10425,0.5241169
10426,0.5241169
10427,0.5241169
10428,0.5241169
10429,0.5241169
10430,0.5241169
10431,0.5241169
10432,0.5241169
10433,0.5241169
10434,0.5241169
10435,0.5241169
10436,0.5241169
10437,0.5241169
10438,0.5241169
10439,0.5241169
10440,0.5241169
10441,0.5241169
10442,0.5241169
10443,0.5241169
10444,0.5241169
10445,0.5241169
10446,0.5241169
10447,0.5241169
10448,0.5241169
10449,0.5241169
10450,0.5241169
10451,0.5241169
10452,0.5241169
10453,0.5241169
10454,0.5241169
10455,0.5241169
10456,0.5241169
10457,0.5241169
10458,0.5241169
10459,0.5241169
10460,0.5241169
10461,0.5241169
10462,0.5241169
10463,0.5241169
10464,0.5241169
10465,0.5241169
10466,0.5241169
10467,0.5241169
10468,0.5241169
10469,0.5241169
10470,0.5241169
10471,0.5241169
10472,0.5241169
10473,0.5241169
10474,0.5241169
10475,0.5241169
10476,0.5241169
10477,0.5241169
10478,0.5241169
10479,0.5241169
10480,0.5241169
10481,0.5241169
10482,0.5241169
10483,0.5241169
10484,0.5241169
10485,0.5241169
10486,0.5241169
10487,0.5241169
10488,0.5241169
10489,0.5241169
10490,0.5241169
10491,0.5241169
10492,0.5241169
10493,0.5241169
10494,0.5241169
10495,0.5241169
10496,0.5241169
10497,0.5241169
10498,0.5241169
10499,0.5241169
10500,0.5241169
10501,0.5241169
10502,0.5241169
10503,0.5241169
10504,0.5241169
10505,0.5241169
10506,0.5241169
10507,0.5241169
10508,0.5241169
10509,0.5241169
10510,0.5241169
10511,0.5241169
10512,0.5241169
10513,0.5241169
10514,0.5241169
10515,0.5241169
10516,0.5241169
10517,0.5241169
10518,0.5241169
10519,0.5241169
10520,0.5241169
10521,0.5241169
10522,0.5241169
10523,0.5241169
10524,0.5241169
10525,0.5241169
10526,0.5241169
10527,0.5241169
10528,0.5241169
10529,0.5241169
10530,0.5241169
10531,0.5241169
10532,0.5241169
10533,0.5241169
10534,0.5241169
10535,0.5241169
10536,0.5241169
10537,0.5241169
10538,0.5241169
10539,0.5241169
10540,0.5241169
10541,0.5241169
10542,0.5241169
10543,0.5241169
10544,0.5241169
10545,0.5241169
10546,0.5241169
10547,0.5241169
10548,0.5241169
10549,0.5241169
10550,0.5241169
10551,0.5241169
10552,0.5241169
10553,0.5241169
10554,0.5241169
10555,0.5241169
10556,0.5241169
10557,0.5241169
10558,0.5241169
10559,0.5241169
10560,0.5241169
10561,0.5241169
10562,0.5241169
10563,0.5241169
10564,0.5241169
10565,0.5241169
10566,0.5241169
10567,0.5241169
10568,0.5241169
10569,0.5241169
10570,0.5241169
10571,0.5241169
10572,0.5241169
10573,0.5241169
10574,0.5241169
10575,0.5241169
10576,0.5241169
10577,0.5241169
10578,0.5241169
10579,0.5241169
10580,0.5241169
10581,0.5241169
10582,0.5241169
10583,0.5241169
10584,0.5241169
10585,0.5241169
10586,0.5241169
10587,0.5241169
10588,0.5241169
10589,0.5241169
10590,0.5241169
10591,0.5241169
10592,0.5241169
10593,0.5241169
10594,0.5241169
10595,0.5241169
10596,0.5241169
10597,0.5241169
10598,0.5241169
10599,0.5241169
10600,0.5241169
10601,0.5241169
10602,0.5241169
10603,0.5241169
10604,0.5241169
10605,0.5241169
10606,0.5241169
10607,0.5241169
10608,0.5241169
10609,0.5241169
10610,0.5241169
10611,0.5241169
10612,0.5241169
10613,0.5241169
10614,0.5241169
10615,0.5241169
10616,0.5241169
10617,0.5241169
10618,0.5241169
10619,0.5241169
10620,0.5241169
10621,0.5241169
10622,0.5241169
10623,0.5241169
10624,0.5241169
10625,0.5241169
10626,0.5241169
10627,0.5241169
10628,0.5241169
10629,0.5241169
10630,0.5241169
10631,0.5241169
10632,0.5241169
10633,0.5241169
10634,0.5241169
10635,0.5241169
10636,0.5241169
10637,0.5241169
10638,0.5241169
10639,0.5241169
10640,0.5241169
10641,0.5241169
10642,0.5241169
10643,0.5241169
10644,0.5241169
10645,0.5241169
10646,0.5241169
10647,0.5241169
10648,0.5241169
10649,0.5241169
10650,0.5241169
10651,0.5241169
10652,0.5241169
10653,0.5241169
10654,0.5241169
10655,0.5241169
10656,0.5241169
10657,0.5241169
10658,0.5241169
10659,0.5241169
10660,0.5241169
10661,0.5241169
10662,0.5241169
10663,0.5241169
10664,0.5241169
10665,0.5241169
10666,0.5241169
10667,0.5241169
10668,0.5241169
10669,0.5241169
10670,0.5241169
10671,0.5241169
10672,0.5241169
10673,0.5241169
10674,0.5241169
10675,0.5241169
10676,0.5241169
10677,0.5241169
10678,0.5241169
10679,0.5241169
10680,0.5241169
10681,0.5241169
10682,0.5241169
10683,0.5241169
10684,0.5241169
10685,0.5241169
10686,0.5241169
10687,0.5241169
10688,0.5241169
10689,0.5241169
10690,0.5241169
10691,0.5241169
10692,0.5241169
10693,0.5241169
10694,0.5241169
10695,0.5241169
10696,0.5241169
10697,0.5241169
10698,0.5241169
10699,0.5241169
10700,0.5241169
10701,0.5241169
10702,0.5241169
10703,0.5241169
10704,0.5241169
10705,0.5241169
10706,0.5241169
10707,0.5241169
10708,0.5241169
10709,0.5241169
10710,0.5241169
10711,0.5241169
10712,0.5241169
10713,0.5241169
10714,0.5241169
10715,0.5241169
10716,0.5241169
10717,0.5241169
10718,0.5241169
10719,0.5241169
10720,0.5241169
10721,0.5241169
10722,0.5241169
10723,0.5241169
10724,0.5241169
10725,0.5241169
10726,0.5241169
10727,0.5241169
10728,0.5241169
10729,0.5241169
10730,0.5241169
10731,0.5241169
10732,0.5241169
10733,0.5241169
10734,0.5241169
10735,0.5241169
10736,0.5241169
10737,0.5241169
10738,0.5241169
10739,0.5241169
10740,0.5241169
10741,0.5241169
10742,0.5241169
10743,0.5241169
10744,0.5241169
10745,0.5241169
10746,0.5241169
10747,0.5241169
10748,0.5241169
10749,0.5241169
10750,0.5241169
10751,0.5241169
10752,0.5241169
10753,0.5241169
10754,0.5241169
10755,0.5241169
10756,0.5241169
10757,0.5241169
10758,0.5241169
10759,0.5241169
10760,0.5241169
10761,0.5241169
10762,0.5241169
10763,0.5241169
10764,0.5241169
10765,0.5241169
10766,0.5241169
10767,0.5241169
10768,0.5241169
10769,0.5241169
10770,0.5241169
10771,0.5241169
10772,0.5241169
10773,0.5241169
10774,0.5241169
10775,0.5241169
10776,0.5241169
10777,0.5241169
10778,0.5241169
10779,0.5241169
10780,0.5241169
10781,0.5241169
10782,0.5241169
10783,0.5241169
10784,0.5241169
10785,0.5241169
10786,0.5241169
10787,0.5241169
10788,0.5241169
10789,0.5241169
10790,0.5241169
10791,0.5241169
10792,0.5241169
10793,0.5241169
10794,0.5241169
10795,0.5241169
10796,0.5241169
10797,0.5241169
10798,0.5241169
10799,0.5241169
10800,0.5241169
10801,0.5241169
10802,0.5241169
10803,0.5241169
10804,0.5241169
10805,0.5241169
10806,0.5241169
10807,0.5241169
10808,0.5241169
10809,0.5241169
10810,0.5241169
10811,0.5241169
10812,0.5241169
10813,0.5241169
10814,0.5241169
10815,0.5241169
10816,0.5241169
10817,0.5241169
10818,0.5241169
10819,0.5241169
10820,0.5241169
10821,0.5241169
10822,0.5241169
10823,0.5241169
10824,0.5241169
10825,0.5241169
10826,0.5241169
10827,0.5241169
10828,0.5241169
10829,0.5241169
10830,0.5241169
10831,0.5241169
10832,0.5241169
10833,0.5241169
10834,0.5241169
10835,0.5241169
10836,0.5241169
10837,0.5241169
10838,0.5241169
10839,0.5241169
10840,0.5241169
10841,0.5241169
10842,0.5241169
10843,0.5241169
10844,0.5241169
10845,0.5241169
10846,0.5241169
10847,0.5241169
10848,0.5241169
10849,0.5241169
10850,0.5241169
10851,0.5241169
10852,0.5241169
10853,0.5241169
10854,0.5241169
10855,0.5241169
10856,0.5241169
10857,0.5241169
10858,0.5241169
10859,0.5241169
10860,0.5241169
10861,0.5241169
10862,0.5241169
10863,0.5241169
10864,0.5241169
10865,0.5241169
10866,0.5241169
10867,0.5241169
10868,0.5241169
10869,0.5241169
10870,0.5241169
10871,0.5241169
10872,0.5241169
10873,0.5241169
10874,0.5241169
10875,0.5241169
10876,0.5241169
10877,0.5241169
10878,0.5241169
10879,0.5241169
10880,0.5241169
10881,0.5241169
10882,0.5241169
10883,0.5241169
10884,0.5241169
10885,0.5241169
10886,0.5241169
10887,0.5241169
10888,0.5241169
10889,0.5241169
10890,0.5241169
10891,0.5241169
10892,0.5241169
10893,0.5241169
10894,0.5241169
10895,0.5241169
10896,0.5241169
10897,0.5241169
10898,0.5241169
10899,0.5241169
10900,0.5241169
10901,0.5241169
10902,0.5241169
10903,0.5241169
10904,0.5241169
10905,0.5241169
10906,0.5241169
10907,0.5241169
10908,0.5241169
10909,0.5241169
10910,0.5241169
10911,0.5241169
10912,0.5241169
10913,0.5241169
10914,0.5241169
10915,0.5241169
10916,0.5241169
10917,0.5241169
10918,0.5241169
10919,0.5241169
10920,0.5241169
10921,0.5241169
10922,0.5241169
10923,0.5241169
10924,0.5241169
10925,0.5241169
10926,0.5241169
10927,0.5241169
10928,0.5241169
10929,0.5241169
10930,0.5241169
10931,0.5241169
10932,0.5241169
10933,0.5241169
10934,0.5241169
10935,0.5241169
10936,0.5241169
10937,0.5241169
10938,0.5241169
10939,0.5241169
10940,0.5241169
10941,0.5241169
10942,0.5241169
10943,0.5241169
10944,0.5241169
10945,0.5241169
10946,0.5241169
10947,0.5241169
10948,0.5241169
10949,0.5241169
10950,0.5241169
10951,0.5241169
10952,0.5241169
10953,0.5241169
10954,0.5241169
10955,0.5241169
10956,0.5241169
10957,0.5241169
10958,0.5241169
10959,0.5241169
10960,0.5241169
10961,0.5241169
10962,0.5241169
10963,0.5241169
10964,0.5241169
10965,0.5241169
10966,0.5241169
10967,0.5241169
10968,0.5241169
10969,0.5241169
10970,0.5241169
10971,0.5241169
10972,0.5241169
10973,0.5241169
10974,0.5241169
10975,0.5241169
10976,0.5241169
10977,0.5241169
10978,0.5241169
10979,0.5241169
10980,0.5241169
10981,0.5241169
10982,0.5241169
10983,0.5241169
10984,0.5241169
10985,0.5241169
10986,0.5241169
10987,0.5241169
10988,0.5241169
10989,0.5241169
10990,0.5241169
10991,0.5241169
10992,0.5241169
10993,0.5241169
10994,0.5241169
10995,0.5241169
10996,0.5241169
10997,0.5241169
10998,0.5241169
10999,0.5241169
11000,0.5241169
11001,0.5241169
11002,0.5241169
11003,0.5241169
11004,0.5241169
11005,0.5241169
11006,0.5241169
11007,0.5241169
11008,0.5241169
11009,0.5241169
11010,0.5241169
11011,0.5241169
11012,0.5241169
11013,0.5241169
11014,0.5241169
11015,0.5241169
11016,0.5241169
11017,0.5241169
11018,0.5241169
11019,0.5241169
11020,0.5241169
11021,0.5241169
11022,0.5241169
11023,0.5241169
11024,0.5241169
11025,0.5241169
11026,0.5241169
11027,0.5241169
11028,0.5241169
11029,0.5241169
11030,0.5241169
11031,0.5241169
11032,0.5241169
11033,0.5241169
11034,0.5241169
11035,0.5241169
11036,0.5241169
11037,0.5241169
11038,0.5241169
11039,0.5241169
11040,0.5241169
11041,0.5241169
11042,0.5241169
11043,0.5241169
11044,0.5241169
11045,0.5241169
11046,0.5241169
11047,0.5241169
11048,0.5241169
11049,0.5241169
11050,0.5241169
11051,0.5241169
11052,0.5241169
11053,0.5241169
11054,0.5241169
11055,0.5241169
11056,0.5241169
11057,0.5241169
11058,0.5241169
11059,0.5241169
11060,0.5241169
11061,0.5241169
11062,0.5241169
11063,0.5241169
11064,0.5241169
11065,0.5241169
11066,0.5241169
11067,0.5241169
11068,0.5241169
11069,0.5241169
11070,0.5241169
11071,0.5241169
11072,0.5241169
11073,0.5241169
11074,0.5241169
11075,0.5241169
11076,0.5241169
11077,0.5241169
11078,0.5241169
11079,0.5241169
11080,0.5241169
11081,0.5241169
11082,0.5241169
11083,0.5241169
11084,0.5241169
11085,0.5241169
11086,0.5241169
11087,0.5241169
11088,0.5241169
11089,0.5241169
11090,0.5241169
11091,0.5241169
11092,0.5241169
11093,0.5241169
11094,0.5241169
11095,0.5241169
11096,0.5241169
11097,0.5241169
11098,0.5241169
11099,0.5241169
11100,0.5241169
11101,0.5241169
11102,0.5241169
11103,0.5241169
11104,0.5241169
11105,0.5241169
11106,0.5241169
11107,0.5241169
11108,0.5241169
11109,0.5241169
11110,0.5241169
11111,0.5241169
11112,0.5241169
11113,0.5241169
11114,0.5241169
11115,0.5241169
11116,0.5241169
11117,0.5241169
11118,0.5241169
11119,0.5241169
11120,0.5241169
11121,0.5241169
11122,0.5241169
11123,0.5241169
11124,0.5241169
11125,0.5241169
11126,0.5241169
11127,0.5241169
11128,0.5241169
11129,0.5241169
11130,0.5241169
11131,0.5241169
11132,0.5241169
11133,0.5241169
11134,0.5241169
11135,0.5241169
11136,0.5241169
11137,0.5241169
11138,0.5241169
11139,0.5241169
11140,0.5241169
11141,0.5241169
11142,0.5241169
11143,0.5241169
11144,0.5241169
11145,0.5241169
11146,0.5241169
11147,0.5241169
11148,0.5241169
11149,0.5241169
11150,0.5241169
11151,0.5241169
11152,0.5241169
11153,0.5241169
11154,0.5241169
11155,0.5241169
11156,0.5241169
11157,0.5241169
11158,0.5241169
11159,0.5241169
11160,0.5241169
11161,0.5241169
11162,0.5241169
11163,0.5241169
11164,0.5241169
11165,0.5241169
11166,0.5241169
11167,0.5241169
11168,0.5241169
11169,0.5241169
11170,0.5241169
11171,0.5241169
11172,0.5241169
11173,0.5241169
11174,0.5241169
11175,0.5241169
11176,0.5241169
11177,0.5241169
11178,0.5241169
11179,0.5241169
11180,0.5241169
11181,0.5241169
11182,0.5241169
11183,0.5241169
11184,0.5241169
11185,0.5241169
11186,0.5241169
11187,0.5241169
11188,0.5241169
11189,0.5241169
11190,0.5241169
11191,0.5241169
11192,0.5241169
11193,0.5241169
11194,0.5241169
11195,0.5241169
11196,0.5241169
11197,0.5241169
11198,0.5241169
11199,0.5241169
11200,0.5241169
11201,0.5241169
11202,0.5241169
11203,0.5241169
11204,0.5241169
11205,0.5241169
11206,0.5241169
11207,0.5241169
11208,0.5241169
11209,0.5241169
11210,0.5241169
11211,0.5241169
11212,0.5241169
11213,0.5241169
11214,0.5241169
11215,0.5241169
11216,0.5241169
11217,0.5241169
11218,0.5241169
11219,0.5241169
11220,0.5241169
11221,0.5241169
11222,0.5241169
11223,0.5241169
11224,0.5241169
11225,0.5241169
11226,0.5241169
11227,0.5241169
11228,0.5241169
11229,0.5241169
11230,0.5241169
11231,0.5241169
11232,0.5241169
11233,0.5241169
11234,0.5241169
11235,0.5241169
11236,0.5241169
11237,0.5241169
11238,0.5241169
11239,0.5241169
11240,0.5241169
11241,0.5241169
11242,0.5241169
11243,0.5241169
11244,0.5241169
11245,0.5241169
11246,0.5241169
11247,0.5241169
11248,0.5241169
11249,0.5241169
11250,0.5241169
11251,0.5241169
11252,0.5241169
11253,0.5241169
11254,0.5241169
11255,0.5241169
11256,0.5241169
11257,0.5241169
11258,0.5241169
11259,0.5241169
11260,0.5241169
11261,0.5241169
11262,0.5241169
11263,0.5241169
11264,0.5241169
11265,0.5241169
11266,0.5241169
11267,0.5241169
11268,0.5241169
11269,0.5241169
11270,0.5241169
11271,0.5241169
11272,0.5241169
11273,0.5241169
11274,0.5241169
11275,0.5241169
11276,0.5241169
11277,0.5241169
11278,0.5241169
11279,0.5241169
11280,0.5241169
11281,0.5241169
11282,0.5241169
11283,0.5241169
11284,0.5241169
11285,0.5241169
11286,0.5241169
11287,0.5241169
11288,0.5241169
11289,0.5241169
11290,0.5241169
11291,0.5241169
11292,0.5241169
11293,0.5241169
11294,0.5241169
11295,0.5241169
11296,0.5241169
11297,0.5241169
11298,0.5241169
11299,0.5241169
11300,0.5241169
11301,0.5241169
11302,0.5241169
11303,0.5241169
11304,0.5241169
11305,0.5241169
11306,0.5241169
11307,0.5241169
11308,0.5241169
11309,0.5241169
11310,0.5241169
11311,0.5241169
11312,0.5241169
11313,0.5241169
11314,0.5241169
11315,0.5241169
11316,0.5241169
11317,0.5241169
11318,0.5241169
11319,0.5241169
11320,0.5241169
11321,0.5241169
11322,0.5241169
11323,0.5241169
11324,0.5241169
11325,0.5241169
11326,0.5241169
11327,0.5241169
11328,0.5241169
11329,0.5241169
11330,0.5241169
11331,0.5241169
11332,0.5241169
11333,0.5241169
11334,0.5241169
11335,0.5241169
11336,0.5241169
11337,0.5241169
11338,0.5241169
11339,0.5241169
11340,0.5241169
11341,0.5241169
11342,0.5241169
11343,0.5241169
11344,0.5241169
11345,0.5241169
11346,0.5241169
11347,0.5241169
11348,0.5241169
11349,0.5241169
11350,0.5241169
11351,0.5241169
11352,0.5241169
11353,0.5241169
11354,0.5241169
11355,0.5241169
11356,0.5241169
11357,0.5241169
11358,0.5241169
11359,0.5241169
11360,0.5241169
11361,0.5241169
11362,0.5241169
11363,0.5241169
11364,0.5241169
11365,0.5241169
11366,0.5241169
11367,0.5241169
11368,0.5241169
11369,0.5241169
11370,0.5241169
11371,0.5241169
11372,0.5241169
11373,0.5241169
11374,0.5241169
11375,0.5241169
11376,0.5241169
11377,0.5241169
11378,0.5241169
11379,0.5241169
11380,0.5241169
11381,0.5241169
11382,0.5241169
11383,0.5241169
11384,0.5241169
11385,0.5241169
11386,0.5241169
11387,0.5241169
11388,0.5241169
11389,0.5241169
11390,0.5241169
11391,0.5241169
11392,0.5241169
11393,0.5241169
11394,0.5241169
11395,0.5241169
11396,0.5241169
11397,0.5241169
11398,0.5241169
11399,0.5241169
11400,0.5241169
11401,0.5241169
11402,0.5241169
11403,0.5241169
11404,0.5241169
11405,0.5241169
11406,0.5241169
11407,0.5241169
11408,0.5241169
11409,0.5241169
11410,0.5241169
11411,0.5241169
11412,0.5241169
11413,0.5241169
11414,0.5241169
11415,0.5241169
11416,0.5241169
11417,0.5241169
11418,0.5241169
11419,0.5241169
11420,0.5241169
11421,0.5241169
11422,0.5241169
11423,0.5241169
11424,0.5241169
11425,0.5241169
11426,0.5241169
11427,0.5241169
11428,0.5241169
11429,0.5241169
11430,0.5241169
11431,0.5241169
11432,0.5241169
11433,0.5241169
11434,0.5241169
11435,0.5241169
11436,0.5241169
11437,0.5241169
11438,0.5241169
11439,0.5241169
11440,0.5241169
11441,0.5241169
11442,0.5241169
11443,0.5241169
11444,0.5241169
11445,0.5241169
11446,0.5241169
11447,0.5241169
11448,0.5241169
11449,0.5241169
11450,0.5241169
11451,0.5241169
11452,0.5241169
11453,0.5241169
11454,0.5241169
11455,0.5241169
11456,0.5241169
11457,0.5241169
11458,0.5241169
11459,0.5241169
11460,0.5241169
11461,0.5241169
11462,0.5241169
11463,0.5241169
11464,0.5241169
11465,0.5241169
11466,0.5241169
11467,0.5241169
11468,0.5241169
11469,0.5241169
11470,0.5241169
11471,0.5241169
11472,0.5241169
11473,0.5241169
11474,0.5241169
11475,0.5241169
11476,0.5241169
11477,0.5241169
11478,0.5241169
11479,0.5241169
11480,0.5241169
11481,0.5241169
11482,0.5241169
11483,0.5241169
11484,0.5241169
11485,0.5241169
11486,0.5241169
11487,0.5241169
11488,0.5241169
11489,0.5241169
11490,0.5241169
11491,0.5241169
11492,0.5241169
11493,0.5241169
11494,0.5241169
11495,0.5241169
11496,0.5241169
11497,0.5241169
11498,0.5241169
11499,0.5241169
11500,0.5241169
11501,0.5241169
11502,0.5241169
11503,0.5241169
11504,0.5241169
11505,0.5241169
11506,0.5241169
11507,0.5241169
11508,0.5241169
11509,0.5241169
11510,0.5241169
11511,0.5241169
11512,0.5241169
11513,0.5241169
11514,0.5241169
11515,0.5241169
11516,0.5241169
11517,0.5241169
11518,0.5241169
11519,0.5241169
11520,0.5241169
11521,0.5241169
11522,0.5241169
11523,0.5241169
11524,0.5241169
11525,0.5241169
11526,0.5241169
11527,0.5241169
11528,0.5241169
11529,0.5241169
11530,0.5241169
11531,0.5241169
11532,0.5241169
11533,0.5241169
11534,0.5241169
11535,0.5241169
11536,0.5241169
11537,0.5241169
11538,0.5241169
11539,0.5241169
11540,0.5241169
11541,0.5241169
11542,0.5241169
11543,0.5241169
11544,0.5241169
11545,0.5241169
11546,0.5241169
11547,0.5241169
11548,0.5241169
11549,0.5241169
11550,0.5241169
11551,0.5241169
11552,0.5241169
11553,0.5241169
11554,0.5241169
11555,0.5241169
11556,0.5241169
11557,0.5241169
11558,0.5241169
11559,0.5241169
11560,0.5241169
11561,0.5241169
11562,0.5241169
11563,0.5241169
11564,0.5241169
11565,0.5241169
11566,0.5241169
11567,0.5241169
11568,0.5241169
11569,0.5241169
11570,0.5241169
11571,0.5241169
11572,0.5241169
11573,0.5241169
11574,0.5241169
11575,0.5241169
11576,0.5241169
11577,0.5241169
11578,0.5241169
11579,0.5241169
11580,0.5241169
11581,0.5241169
11582,0.5241169
11583,0.5241169
11584,0.5241169
11585,0.5241169
11586,0.5241169
11587,0.5241169
11588,0.5241169
11589,0.5241169
11590,0.5241169
11591,0.5241169
11592,0.5241169
11593,0.5241169
11594,0.5241169
11595,0.5241169
11596,0.5241169
11597,0.5241169
11598,0.5241169
11599,0.5241169
11600,0.5241169
11601,0.5241169
11602,0.5241169
11603,0.5241169
11604,0.5241169
11605,0.5241169
11606,0.5241169
11607,0.5241169
11608,0.5241169
11609,0.5241169
11610,0.5241169
11611,0.5241169
11612,0.5241169
11613,0.5241169
11614,0.5241169
11615,0.5241169
11616,0.5241169
11617,0.5241169
11618,0.5241169
11619,0.5241169
11620,0.5241169
11621,0.5241169
11622,0.5241169
11623,0.5241169
11624,0.5241169
11625,0.5241169
11626,0.5241169
11627,0.5241169
11628,0.5241169
11629,0.5241169
11630,0.5241169
11631,0.5241169
11632,0.5241169
11633,0.5241169
11634,0.5241169
11635,0.5241169
11636,0.5241169
11637,0.5241169
11638,0.5241169
11639,0.5241169
11640,0.5241169
11641,0.5241169
11642,0.5241169
11643,0.5241169
11644,0.5241169
11645,0.5241169
11646,0.5241169
11647,0.5241169
11648,0.5241169
11649,0.5241169
11650,0.5241169
11651,0.5241169
11652,0.5241169
11653,0.5241169
11654,0.5241169
11655,0.5241169
11656,0.5241169
11657,0.5241169
11658,0.5241169
11659,0.5241169
11660,0.5241169
11661,0.5241169
11662,0.5241169
11663,0.5241169
11664,0.5241169
11665,0.5241169
11666,0.5241169
11667,0.5241169
11668,0.5241169
11669,0.5241169
11670,0.5241169
11671,0.5241169
11672,0.5241169
11673,0.5241169
11674,0.5241169
11675,0.5241169
11676,0.5241169
11677,0.5241169
11678,0.5241169
11679,0.5241169
11680,0.5241169
11681,0.5241169
11682,0.5241169
11683,0.5241169
11684,0.5241169
11685,0.5241169
11686,0.5241169
11687,0.5241169
11688,0.5241169
11689,0.5241169
11690,0.5241169
11691,0.5241169
11692,0.5241169
11693,0.5241169
11694,0.5241169
11695,0.5241169
11696,0.5241169
11697,0.5241169
11698,0.5241169
11699,0.5241169
11700,0.5241169
11701,0.5241169
11702,0.5241169
11703,0.5241169
11704,0.5241169
11705,0.5241169
11706,0.5241169
11707,0.5241169
11708,0.5241169
11709,0.5241169
11710,0.5241169
11711,0.5241169
11712,0.5241169
11713,0.5241169
11714,0.5241169
11715,0.5241169
11716,0.5241169
11717,0.5241169
11718,0.5241169
11719,0.5241169
11720,0.5241169
11721,0.5241169
11722,0.5241169
11723,0.5241169
11724,0.5241169
11725,0.5241169
11726,0.5241169
11727,0.5241169
11728,0.5241169
11729,0.5241169
11730,0.5241169
11731,0.5241169
11732,0.5241169
11733,0.5241169
11734,0.5241169
11735,0.5241169
11736,0.5241169
11737,0.5241169
11738,0.5241169
11739,0.5241169
11740,0.5241169
11741,0.5241169
11742,0.5241169
11743,0.5241169
11744,0.5241169
11745,0.5241169
11746,0.5241169
11747,0.5241169
11748,0.5241169
11749,0.5241169
11750,0.5241169
11751,0.5241169
11752,0.5241169
11753,0.5241169
11754,0.5241169
11755,0.5241169
11756,0.5241169
11757,0.5241169
11758,0.5241169
11759,0.5241169
11760,0.5241169
11761,0.5241169
11762,0.5241169
11763,0.5241169
11764,0.5241169
11765,0.5241169
11766,0.5241169
11767,0.5241169
11768,0.5241169
11769,0.5241169
11770,0.5241169
11771,0.5241169
11772,0.5241169
11773,0.5241169
11774,0.5241169
11775,0.5241169
11776,0.5241169
11777,0.5241169
11778,0.5241169
11779,0.5241169
11780,0.5241169
11781,0.5241169
11782,0.5241169
11783,0.5241169
11784,0.5241169
11785,0.5241169
11786,0.5241169
11787,0.5241169
11788,0.5241169
11789,0.5241169
11790,0.5241169
11791,0.5241169
11792,0.5241169
11793,0.5241169
11794,0.5241169
11795,0.5241169
11796,0.5241169
11797,0.5241169
11798,0.5241169
11799,0.5241169
11800,0.5241169
11801,0.5241169
11802,0.5241169
11803,0.5241169
11804,0.5241169
11805,0.5241169
11806,0.5241169
11807,0.5241169
11808,0.5241169
11809,0.5241169
11810,0.5241169
11811,0.5241169
11812,0.5241169
11813,0.5241169
11814,0.5241169
11815,0.5241169
11816,0.5241169
11817,0.5241169
11818,0.5241169
11819,0.5241169
11820,0.5241169
11821,0.5241169
11822,0.5241169
11823,0.5241169
11824,0.5241169
11825,0.5241169
11826,0.5241169
11827,0.5241169
11828,0.5241169
11829,0.5241169
11830,0.5241169
11831,0.5241169
11832,0.5241169
11833,0.5241169
11834,0.5241169
11835,0.5241169
11836,0.5241169
11837,0.5241169
11838,0.5241169
11839,0.5241169
11840,0.5241169
11841,0.5241169
11842,0.5241169
11843,0.5241169
11844,0.5241169
11845,0.5241169
11846,0.5241169
11847,0.5241169
11848,0.5241169
11849,0.5241169
11850,0.5241169
11851,0.5241169
11852,0.5241169
11853,0.5241169
11854,0.5241169
11855,0.5241169
11856,0.5241169
11857,0.5241169
11858,0.5241169
11859,0.5241169
11860,0.5241169
11861,0.5241169
11862,0.5241169
11863,0.5241169
11864,0.5241169
11865,0.5241169
11866,0.5241169
11867,0.5241169
11868,0.5241169
11869,0.5241169
11870,0.5241169
11871,0.5241169
11872,0.5241169
11873,0.5241169
11874,0.5241169
11875,0.5241169
11876,0.5241169
11877,0.5241169
11878,0.5241169
11879,0.5241169
11880,0.5241169
11881,0.5241169
11882,0.5241169
11883,0.5241169
11884,0.5241169
11885,0.5241169
11886,0.5241169
11887,0.5241169
11888,0.5241169
11889,0.5241169
11890,0.5241169
11891,0.5241169
11892,0.5241169
11893,0.5241169
11894,0.5241169
11895,0.5241169
11896,0.5241169
11897,0.5241169
11898,0.5241169
11899,0.5241169
11900,0.5241169
11901,0.5241169
11902,0.5241169
11903,0.5241169
11904,0.5241169
11905,0.5241169
11906,0.5241169
11907,0.5241169
11908,0.5241169
11909,0.5241169
11910,0.5241169
11911,0.5241169
11912,0.5241169
11913,0.5241169
11914,0.5241169
11915,0.5241169
11916,0.5241169
11917,0.5241169
11918,0.5241169
11919,0.5241169
11920,0.5241169
11921,0.5241169
11922,0.5241169
11923,0.5241169
11924,0.5241169
11925,0.5241169
11926,0.5241169
11927,0.5241169
11928,0.5241169
11929,0.5241169
11930,0.5241169
11931,0.5241169
11932,0.5241169
11933,0.5241169
11934,0.5241169
11935,0.5241169
11936,0.5241169
11937,0.5241169
11938,0.5241169
11939,0.5241169
11940,0.5241169
11941,0.5241169
11942,0.5241169
11943,0.5241169
11944,0.5241169
11945,0.5241169
11946,0.5241169
11947,0.5241169
11948,0.5241169
11949,0.5241169
11950,0.5241169
11951,0.5241169
11952,0.5241169
11953,0.5241169
11954,0.5241169
11955,0.5241169
11956,0.5241169
11957,0.5241169
11958,0.5241169
11959,0.5241169
11960,0.5241169
11961,0.5241169
11962,0.5241169
11963,0.5241169
11964,0.5241169
11965,0.5241169
11966,0.5241169
11967,0.5241169
11968,0.5241169
11969,0.5241169
11970,0.5241169
11971,0.5241169
11972,0.5241169
11973,0.5241169
11974,0.5241169
11975,0.5241169
11976,0.5241169
11977,0.5241169
11978,0.5241169
11979,0.5241169
11980,0.5241169
11981,0.5241169
11982,0.5241169
11983,0.5241169
11984,0.5241169
11985,0.5241169
11986,0.5241169
11987,0.5241169
11988,0.5241169
11989,0.5241169
11990,0.5241169
11991,0.5241169
11992,0.5241169
11993,0.5241169
11994,0.5241169
11995,0.5241169
11996,0.5241169
11997,0.5241169
11998,0.5241169
11999,0.5241169
