id,efficiency
0,0.3992686100718644
1,0.5520091161839157
2,0.5249275612154602
3,0.44370222077765364
4,0.47475402521432014
5,0.6498568478195477
6,0.5958037482598565
7,0.4513212973631928
8,0.46724809534176936
9,0.4428333709002853
10,0.5584643959987634
11,0.37664455929611607
12,0.5806746452570337
13,0.7312075652391572
14,0.518384863909005
15,0.46073669769537795
16,0.361703152617281
17,0.3738977931520674
18,0.6606636962108687
19,0.5226591810740621
20,0.5892694510763614
21,0.49490464792639177
22,0.6069229337021824
23,0.45579544984976256
24,0.5573726655632474
25,0.40101071678471917
26,0.597538963960623
27,0.6448692332883632
28,0.46831816894011846
29,0.46190550620765175
30,0.6276194299867933
31,0.6349658631485511
32,0.4174605894239156
33,0.47473500400224616
34,0.6526996841652593
35,0.4668759524584231
36,0.49483042572058017
37,0.5388055657622832
38,0.3699851983115699
39,0.4427064652093313
40,0.4194701872797721
41,0.6117566943469626
42,0.731521722145354
43,0.6728790551497086
44,0.6217675143401671
45,0.6141099450170812
46,0.5895785638636453
47,0.6034578122810993
48,0.7002597302019536
49,0.6997729819984913
50,0.5193747118136162
51,0.4994996634697155
52,0.6035926873918992
53,0.5541592818162969
54,0.4680158134631901
55,0.4234201696599114
56,0.629434097532433
57,0.34120303553388687
58,0.38462411985326506
59,0.4861702132756813
60,0.4892540600147796
61,0.4423387143167988
62,0.5892214601241842
63,0.5596385606586077
64,0.5693966566129728
65,0.8162013610500087
66,0.46236064942582594
67,0.6640904255363638
68,0.3781170598326171
69,0.4128830436300984
70,0.6521818022472021
71,0.5685686843776254
72,0.43717084780820625
73,0.5572544982678909
74,0.43805090698608806
75,0.5187746114887245
76,0.4492836217836157
77,0.4208356227466209
78,0.43814206457897276
79,0.36602783366566777
80,0.3779105985100056
81,0.46477398058131714
82,0.6590543227577803
83,0.6534023015519221
84,0.3647358055568105
85,0.7130858137371581
86,0.6350602081053737
87,0.4999548823158074
88,0.5116100948322765
89,0.46322003946478046
90,0.6001413131434981
91,0.7172441382569633
92,0.5427857417388723
93,0.5727028370734384
94,0.5155263363554495
95,0.44163696987865353
96,0.6452493119117586
97,0.3498119251063473
98,0.5419599616902352
99,0.8467091417049036
100,0.4938015433763401
101,0.6628695177355799
102,0.48830271489435334
103,0.47915970326698953
104,0.4253505143991882
105,0.5115705048127647
106,0.5991457048566095
107,0.4185516842511243
108,0.5046999956965051
109,0.6193652914466772
110,0.48275458695981704
111,0.6073006495242117
112,0.5933637671954537
113,0.39068399705398454
114,0.5256908572899758
115,0.5731663542570622
116,0.4232636330835726
117,0.6478384987256371
118,0.3560330599259043
119,0.27136423033293783
120,0.5475538862558784
121,0.522044045242309
122,0.37885528557958087
123,0.4201162044545126
124,0.6270823845261434
125,0.4816595787602579
126,0.4988454389944514
127,0.6214631658758539
128,0.5878472703364251
129,0.6199436653466781
130,0.36849024437903954
131,0.44708670134260964
132,0.667374923286449
133,0.5581397568700074
134,0.5010476035147636
135,0.33671838457845193
136,0.5776170432454789
137,0.6576317195500649
138,0.6322194487122382
139,0.42337900532874073
140,0.4960293820650285
141,0.5050606723135082
142,0.46263030622409457
143,0.48701241905120984
144,0.5085534783994143
145,0.4407661411915371
146,0.507655609148777
147,0.42116565234101117
148,0.4837452896070179
149,0.5109730995231334
150,0.4595420213877037
151,0.5209536700886487
152,0.413531977305852
153,0.5744237559564719
154,0.5394551625809606
155,0.3799721301703226
156,0.546979140912967
157,0.5553547286546466
158,0.3311651163780811
159,0.4466890395432467
160,0.513292388719305
161,0.5028342228429614
162,0.862638335265298
163,0.5676232548901545
164,0.6853582907716316
165,0.7423704497427333
166,0.5415161468465713
167,0.4553180313418765
168,0.43372717916390474
169,0.44443225648737705
170,0.5749537991579605
171,0.5115997567268122
172,0.5803448229763174
173,0.654482930861562
174,0.5837363260978004
175,0.400250109706928
176,0.5120870927872689
177,0.5750733588217982
178,0.4991478752522161
179,0.5397067316966793
180,0.48528803885987687
181,0.5318173959888108
182,0.3830686983320726
183,0.47356356760869184
184,0.5933130295345584
185,0.3108380509713232
186,0.4949506859639325
187,0.3520903679253778
188,0.5096483145681118
189,0.42286888102341313
190,0.5332663620887501
191,0.6707556194093578
192,0.4658957991028025
193,0.394031091825247
194,0.5710289134602744
195,0.3542522728965941
196,0.47184443329385584
197,0.6334525654827979
198,0.7002590204580454
199,0.5474535409252825
200,0.5902877431235575
201,0.4739515264138846
202,0.5022154943013635
203,0.5382456072177116
204,0.5717882265977338
205,0.4960138674463394
206,0.49780454138908115
207,0.43698216856797356
208,0.33904547744105773
209,0.5452013453412723
210,0.39795744458413
211,0.532240421184745
212,0.4107260439180082
213,0.42499347659755865
214,0.4367661382915723
215,0.5268490138141341
216,0.39427670268519416
217,0.41705048052677635
218,0.5488241119376276
219,0.48576478691253117
220,0.5702552682126338
221,0.4716475905804564
222,0.479755079544783
223,0.672730680388822
224,0.44214495450427893
225,0.5477945366866215
226,0.34463779356442326
227,0.423820322418906
228,0.6272093945560717
229,0.48127869309121196
230,0.6481932730464929
231,0.5840219484174339
232,0.5843666226219792
233,0.5705681766585528
234,0.39301443275850806
235,0.40375850586474826
236,0.4518236002782825
237,0.5851649384815603
238,0.4490535157991461
239,0.5507814325972646
240,0.5924702795881924
241,0.5216455571150626
242,0.6776534194743493
243,0.4637263671489894
244,0.49982317256578906
245,0.6181670542425479
246,0.683757632969009
247,0.6396831720700329
248,0.46104270615032916
249,0.5083802678519869
250,0.4323670257385133
251,0.5115164567861025
252,0.42375583490210295
253,0.5461691848213898
254,0.4864560255875796
255,0.417865505861884
256,0.46227560920576377
257,0.5846622660381653
258,0.6706523731213343
259,0.681401529511428
260,0.5011205069374932
261,0.46687884141646324
262,0.337036059216293
263,0.6044427506981139
264,0.28691112010488284
265,0.4786151926488776
266,0.4203352654681712
267,0.5037060417294382
268,0.5692488601707072
269,0.7815918398185783
270,0.6560393760581498
271,0.44516051911840976
272,0.6786733946354642
273,0.5887094442566506
274,0.47462377426021973
275,0.5173313684582116
276,0.5421731409200631
277,0.4551211397163007
278,0.5683379677287633
279,0.505534828885175
280,0.3675920975416124
281,0.45799765756254
282,0.4785752487222875
283,0.7128876269714963
284,0.3874787836964544
285,0.5163782424026114
286,0.4344862685645214
287,0.3966477151043114
288,0.41199503685281813
289,0.5293728484863587
290,0.5526202224862365
291,0.5757633336692448
292,0.3319458723349311
293,0.4732796547154798
294,0.45470269797352186
295,0.5379423308387354
296,0.5572971236455743
297,0.539388759507427
298,0.3920472385921965
299,0.6232593564636765
300,0.44878772159066316
301,0.4637280554052203
302,0.5086805526332137
303,0.5787481408719382
304,0.5225571807090849
305,0.3636624968344756
306,0.4662207543790481
307,0.45863418705606496
308,0.6673742526732965
309,0.5312552475918992
310,0.535815634866894
311,0.41752890664323183
312,0.5246398387606585
313,0.4815882876423614
314,0.4505940462256659
315,0.4642582116983086
316,0.3965749875553619
317,0.505496682689615
318,0.33517750117780476
319,0.4803921100113104
320,0.5352693166388235
321,0.5734244628584478
322,0.5849328180490037
323,0.37064028671160026
324,0.5023095934475347
325,0.453884365253872
326,0.6569871412878111
327,0.5073373580653197
328,0.4612411979236907
329,0.3822051654324572
330,0.6828781670815662
331,0.479319428956022
332,0.5258879936276676
333,0.5727577403353799
334,0.4703694294610912
335,0.5588013507152337
336,0.4202962058834935
337,0.4764593378568176
338,0.5270141853230926
339,0.49217036631115796
340,0.5316750633269668
341,0.4072271213011091
342,0.6048519190928539
343,0.4570849320280451
344,0.33217564390695326
345,0.4431675162332256
346,0.48188797655255106
347,0.5213320401748068
348,0.5045082604201201
349,0.5542831618121201
350,0.511587340216755
351,0.4062117766521879
352,0.46775598286110726
353,0.5212204321923815
354,0.583119621634716
355,0.5028926377113867
356,0.5161888179712246
357,0.48062170833074025
358,0.5670678629842459
359,0.42975020571519507
360,0.6501192280744563
361,0.3300536906371905
362,0.6406411516811645
363,0.5387786232416553
364,0.6867189800991508
365,0.4522643606715163
366,0.638671568568137
367,0.5353147896288151
368,0.49732123368351777
369,0.44145651911770517
370,0.47142682667305025
371,0.41392289644428715
372,0.44541629118660264
373,0.43377299687046933
374,0.7739815968842393
375,0.32563113813000466
376,0.45486029827697544
377,0.5263710821826353
378,0.6103236445928036
379,0.5678470653356881
380,0.5166065024717168
381,0.4861109707104042
382,0.5704601363736712
383,0.5259969066281204
384,0.5524460645220468
385,0.5213397173551166
386,0.43470641045754865
387,0.29738153172525084
388,0.5938691848038573
389,0.6153639813164126
390,0.5428027708373653
391,0.5322401288377864
392,0.6738859771648389
393,0.574849141961917
394,0.5494558583221397
395,0.5222468086202725
396,0.3648100817837222
397,0.4873456010320276
398,0.5473129216088186
399,0.4769957047657704
400,0.49941249731465026
401,0.7009956283812345
402,0.4119370038897677
403,0.5517833459184598
404,0.5526472326050176
405,0.3930548336728946
406,0.4099994968689851
407,0.37870783113699624
408,0.5637287866851223
409,0.4986215058014512
410,0.4402948194328966
411,0.3822723253981396
412,0.5901684973374556
413,0.5028451542055574
414,0.5282627246106192
415,0.48381815624060776
416,0.4528023785067925
417,0.5926529496739603
418,0.45491838561817827
419,0.34004319645517017
420,0.5247902822955358
421,0.501970308547436
422,0.4214127584338023
423,0.4922003070929271
424,0.4906309214745676
425,0.4071014111815551
426,0.3844165483460823
427,0.32845480791273984
428,0.6868509815932503
429,0.599076612084338
430,0.515891304154661
431,0.5864249811862298
432,0.5786330715574588
433,0.48749179620202554
434,0.4965822023910297
435,0.5011145031258171
436,0.6208986804873331
437,0.49095852617974745
438,0.5934136812136315
439,0.5699003316615214
440,0.6330748958305605
441,0.42377689301373334
442,0.4005216863266175
443,0.5150653347955675
444,0.5339230501142915
445,0.43226961186415047
446,0.5101627091567262
447,0.41573670250608796
448,0.4951934350631236
449,0.405048228964444
450,0.47466408798907
451,0.32822976754467786
452,0.4200343569230227
453,0.6016485440024141
454,0.49995277250024406
455,0.424986549912597
456,0.5380147749422504
457,0.674897653329674
458,0.5010540239124375
459,0.4917530589476736
460,0.5709985964565352
461,0.4806635568571198
462,0.39644576045750735
463,0.7144338264915336
464,0.6739576011489766
465,0.39302361867093305
466,0.406383635959542
467,0.5095074687458014
468,0.5143026141317593
469,0.5869524271376787
470,0.4771904224465322
471,0.7068910097110372
472,0.5177593571795367
473,0.6760530016741266
474,0.5729710839843292
475,0.35077357386543123
476,0.5371750394129067
477,0.4820230118086522
478,0.6111053132520724
479,0.6335596899153082
480,0.4036306667631603
481,0.4006228702403315
482,0.5792800321468815
483,0.6293880386314534
484,0.5217446487739011
485,0.7898689090352329
486,0.6227652231487978
487,0.5362932272748674
488,0.5319804207209244
489,0.6377642556294751
490,0.5692331411688114
491,0.5165074076319801
492,0.4646979354865387
493,0.26042988698667885
494,0.5273668532295992
495,0.5278207569772444
496,0.5040785183739859
497,0.6163316982308774
498,0.5314719097044103
499,0.3282330754498629
500,0.7540256060274002
501,0.48977916671837046
502,0.4752390724267728
503,0.5340826804893335
504,0.5421988187334231
505,0.5114842413430446
506,0.49436518061003537
507,0.504317322197442
508,0.4403563855401184
509,0.640569773958301
510,0.4848695081918679
511,0.4829358915394096
512,0.48499181726561796
513,0.5305100114694766
514,0.5846984560964106
515,0.4092967811303825
516,0.2944008981043984
517,0.6880228497497544
518,0.3855302187096803
519,0.49497604560065606
520,0.2820357067043206
521,0.5825687337569155
522,0.5772077920431529
523,0.5655874132020721
524,0.4961097771350077
525,0.36875330833810716
526,0.4847579980914916
527,0.4757410948272049
528,0.42297309919178305
529,0.4359116975852112
530,0.4954090717365565
531,0.717622369091392
532,0.41298080114250235
533,0.5421982007310261
534,0.5220090440818801
535,0.44044820183843925
536,0.5670414724470135
537,0.4822691628141615
538,0.5280234518358885
539,0.5514060825612425
540,0.5205459373282263
541,0.4886639823081733
542,0.4323988571636503
543,0.5378715109463701
544,0.5788084811954074
545,0.4264075807074158
546,0.5015027848285485
547,0.6515725632024355
548,0.47315651667538594
549,0.5630615102187566
550,0.4130119810989464
551,0.3707122387160676
552,0.793774348139425
553,0.4447052060080994
554,0.4955356418294076
555,0.36023814458609865
556,0.4456519021422191
557,0.5215845960692238
558,0.7704903987778822
559,0.4012487064060883
560,0.3608357042440783
561,0.6048514096521548
562,0.4358834511054601
563,0.5474172435784993
564,0.5025306564061012
565,0.5074119619871891
566,0.52777119943234
567,0.4215960925050065
568,0.40236361928841513
569,0.45316404465959903
570,0.38234610394273094
571,0.4881829563211706
572,0.3608265250264142
573,0.48471158028727546
574,0.5475429582594913
575,0.5772427720788457
576,0.512832754755007
577,0.5372329864918213
578,0.48917570378412367
579,0.6940276619395385
580,0.45367863139727416
581,0.6467369141607091
582,0.47706506053539555
583,0.47592152638999363
584,0.5185375685545702
585,0.45010574415559673
586,0.4490267764083479
587,0.5171691969837421
588,0.6243544793680608
589,0.5386869864332782
590,0.6252248963737523
591,0.4262959569859309
592,0.4138578663644263
593,0.573761428877256
594,0.5929205372746829
595,0.44919159133132713
596,0.5134524161368058
597,0.7553667973838752
598,0.6181021809518606
599,0.4732345939784537
600,0.5192984697776413
601,0.4390666808244548
602,0.5505420337789877
603,0.46356122498485774
604,0.530544450698116
605,0.44028572120602555
606,0.4531252312573082
607,0.4962757229227439
608,0.3688301158240121
609,0.6171500971947242
610,0.4253479216409196
611,0.4799965462674064
612,0.4730626690930505
613,0.6194981198406988
614,0.4772460173575433
615,0.5420255709724111
616,0.40418410041305974
617,0.5934500232981894
618,0.5099204990004885
619,0.5406982107745165
620,0.41561558343402255
621,0.5186282248778308
622,0.4938181645060818
623,0.5811227126488061
624,0.47268161461890446
625,0.38199898413936023
626,0.6025353542492844
627,0.4943008704636342
628,0.47282332780524794
629,0.7306959363402714
630,0.2857804162955206
631,0.5758151953538623
632,0.6252244157871064
633,0.46744840448450375
634,0.5740777288306255
635,0.5505562250222227
636,0.5930146453497622
637,0.4785954251489267
638,0.3823623299604204
639,0.5795761944857263
640,0.48535859917107094
641,0.5893064874332761
642,0.48747632093981264
643,0.5612201527483878
644,0.5425167470462231
645,0.33575534184556666
646,0.4020234189968131
647,0.5642774884793115
648,0.42590146081611563
649,0.5274904932221696
650,0.365997494056442
651,0.43994488551992417
652,0.4510656453735505
653,0.5837860824504463
654,0.6603740588468
655,0.7159398133802126
656,0.4674366684402767
657,0.6222406998119854
658,0.48073134188056993
659,0.5914622723814142
660,0.45255829901972405
661,0.4788907312669291
662,0.43483699973348544
663,0.4418388545675993
664,0.5598446636001202
665,0.4490927130345289
666,0.4761417038525706
667,0.45096637884587704
668,0.47458690406365056
669,0.43367023142463795
670,0.5459897100188391
671,0.4967447337431852
672,0.3989732811481733
673,0.5582872051822695
674,0.588282835698448
675,0.44650772573376446
676,0.4355089886466086
677,0.43826004302237986
678,0.4929089160680949
679,0.428100657406419
680,0.4946788139042586
681,0.5801400392708732
682,0.4857720995802391
683,0.7126697360587745
684,0.395586746886168
685,0.4707242294660164
686,0.3520078243746701
687,0.6087417751022798
688,0.7493866352681731
689,0.4085447414199843
690,0.3755737671386812
691,0.5374109554655697
692,0.4874304588181819
693,0.4164570414511306
694,0.4686902373000374
695,0.49199850667619055
696,0.4006771163286302
697,0.45296546628132117
698,0.44078419752018755
699,0.5092138010840958
700,0.3866892621148234
701,0.5168706986169526
702,0.5061875096171499
703,0.6423626045388421
704,0.48769766866378017
705,0.5039348384353021
706,0.48100230005725675
707,0.3250359484254379
708,0.35971398984077707
709,0.5334007671828366
710,0.4757708327237794
711,0.47834223916216606
712,0.42958930288900365
713,0.5032272297593955
714,0.39158956474698026
715,0.5017776212396003
716,0.6745365569344719
717,0.432691748902454
718,0.49037436592221023
719,0.4997757785778089
720,0.45118308453088635
721,0.5828893552427098
722,0.43832770137906074
723,0.522508036638972
724,0.42982321358909437
725,0.46426135876788316
726,0.36756195974212147
727,0.5369275721323397
728,0.47465284239412486
729,0.27086474813974926
730,0.5167232186414609
731,0.5113949684292775
732,0.6414520584721879
733,0.36244396347523544
734,0.515304246879986
735,0.45232778720953665
736,0.6778914044694753
737,0.40639232839779343
738,0.6094107447425982
739,0.6688729079906002
740,0.5183276734888878
741,0.4969808993972449
742,0.5016016011593729
743,0.5119498068369501
744,0.45263984506198107
745,0.6056538509009992
746,0.5638830891213149
747,0.6976703531885433
748,0.5243858606209334
749,0.29133281023889535
750,0.42248319463578116
751,0.4894635892671669
752,0.5401563975360595
753,0.6983331840671237
754,0.43962668945667127
755,0.6161907338600499
756,0.508407487077766
757,0.46129224394689045
758,0.5522913728471074
759,0.6932112490450739
760,0.5691782151470828
761,0.492398257961746
762,0.5002598850050823
763,0.4188239109790787
764,0.4306284254842885
765,0.4911198226681476
766,0.39269745103270937
767,0.682533120248717
768,0.46112912369568876
769,0.4737907288350383
770,0.4418648755109501
771,0.6316951083403973
772,0.4900770433915739
773,0.5685054308655781
774,0.532079452640435
775,0.5316279532090883
776,0.4843556043990399
777,0.5093840343497352
778,0.5226720637576426
779,0.5049667465242694
780,0.5039236156789592
781,0.5045237751312863
782,0.40426649471414866
783,0.5282483900549607
784,0.5093749858327346
785,0.5931382474107767
786,0.595612974668248
787,0.47324594679877235
788,0.4739958267451859
789,0.4585685136174164
790,0.4554605102338883
791,0.6448130606918141
792,0.6313859237539389
793,0.458116897762578
794,0.36566517986531377
795,0.3980217116257571
796,0.45841248344318797
797,0.5784329537349224
798,0.45310042073748014
799,0.45721128274133116
800,0.36743830940315586
801,0.6482455823929106
802,0.5027093502046842
803,0.45849164384133834
804,0.4190920728749782
805,0.6885839554502845
806,0.6574166548414071
807,0.711412643333889
808,0.42423240133543394
809,0.529357636643371
810,0.4870456892052193
811,0.583930622666794
812,0.5220007413129968
813,0.5242882820203961
814,0.40799392946407953
815,0.46902991429604934
816,0.4543807608607033
817,0.4662679361759927
818,0.4949008487196873
819,0.4130032430815344
820,0.47159569294647175
821,0.5090776805458505
822,0.5458219782998074
823,0.6544060174281945
824,0.6227769761091707
825,0.5696532768966174
826,0.5374223065204335
827,0.3611825398617692
828,0.38061723925840374
829,0.5275124548418046
830,0.40412010963337136
831,0.5397477564057178
832,0.5263978274618926
833,0.5100843513727319
834,0.5525200319779645
835,0.6309914569507669
836,0.5132542516796968
837,0.5828395290624959
838,0.5127893064170388
839,0.40331783436357715
840,0.5975450319830237
841,0.6323925378074169
842,0.5825633303658648
843,0.5297480879919452
844,0.5603399445016906
845,0.5443771749871265
846,0.5554662190953189
847,0.6214290871216973
848,0.43660965909978366
849,0.4623181440306026
850,0.4590225480085906
851,0.5971654358512504
852,0.4076990070550609
853,0.4916671884060594
854,0.49966689174826645
855,0.4184439279518343
856,0.3397575672971319
857,0.451053686936905
858,0.5542559689824269
859,0.580699815139672
860,0.633724520412837
861,0.5285720864045266
862,0.4426993384329795
863,0.440511906858991
864,0.538520824602582
865,0.5314797604966552
866,0.5290176514987412
867,0.5564699009738026
868,0.639825648604597
869,0.46695394063527074
870,0.5077926183653737
871,0.6219800584702417
872,0.5070588574420222
873,0.5288612351582908
874,0.3901596293577267
875,0.6577493115957733
876,0.5214945287474967
877,0.5446244410522113
878,0.5710310374201172
879,0.4617514406561876
880,0.5364999236079122
881,0.6145894685340665
882,0.5128739946378262
883,0.4779141580401164
884,0.46897076711517666
885,0.5033733655234978
886,0.4736583424514789
887,0.5269814585919992
888,0.35512104527361277
889,0.5214344703888291
890,0.6970452564561433
891,0.5618603281823019
892,0.5338095730850447
893,0.4478368545094577
894,0.43201316989340827
895,0.46753891002106346
896,0.5322315398800562
897,0.4542056109643775
898,0.4856808872599129
899,0.5865076645551986
900,0.5137257328173638
901,0.4724122733782874
902,0.6052278774537151
903,0.5645425201665994
904,0.5077313692897427
905,0.55513573589393
906,0.5320876307537753
907,0.40906895744720007
908,0.4562717044022903
909,0.5816323056354242
910,0.5784792930905419
911,0.6479387815783728
912,0.5603917023296479
913,0.5983901772108426
914,0.5939659513371599
915,0.40323977945938017
916,0.5289614882851189
917,0.37241843031775523
918,0.459579785794884
919,0.4014042156992584
920,0.3329353699417914
921,0.4322831531197295
922,0.37167777379489014
923,0.564544981034608
924,0.36795600253405164
925,0.3781204349350521
926,0.5181777220007528
927,0.42822356526397504
928,0.37374260488463956
929,0.41562458136991964
930,0.5477303522512152
931,0.4219143721692257
932,0.4491164150854616
933,0.5146721581714611
934,0.8791636409376082
935,0.5312826344385762
936,0.43524352619004697
937,0.4387360133669389
938,0.5227384312343947
939,0.5598432500700945
940,0.5449793329577699
941,0.5216717807960746
942,0.3629341223099217
943,0.5498741496593594
944,0.536362554920158
945,0.4738114820797921
946,0.644789473285563
947,0.5155754570800067
948,0.544354271379219
949,0.7834914392919887
950,0.5171706791999748
951,0.3554530710478596
952,0.434986379928151
953,0.6977003279318894
954,0.42986498751515034
955,0.603675183508362
956,0.31570332783869115
957,0.43482615254003487
958,0.5587951018091232
959,0.4072073167969807
960,0.5101338883389119
961,0.4633532066889664
962,0.3075412897646944
963,0.5097208611521382
964,0.5008886017109482
965,0.37259956272071726
966,0.43024159868885703
967,0.6418497128723587
968,0.4463059100603426
969,0.5420325144597784
970,0.5330993888786475
971,0.47514756586717605
972,0.4838352464988634
973,0.5492693888003704
974,0.579653850357402
975,0.5914488887265513
976,0.4483937101245785
977,0.6616025686972554
978,0.5477323388461259
979,0.5042934578201388
980,0.3945948021836349
981,0.6524453019170819
982,0.5883729539660987
983,0.37013731745251455
984,0.7831613208492181
985,0.5886730178982379
986,0.5086229106428604
987,0.48220898667324746
988,0.5887189549807433
989,0.4992464715962912
990,0.45610355469281777
991,0.3466545842375154
992,0.3609646124128393
993,0.6729283160831971
994,0.6000278635234702
995,0.4983460985075738
996,0.5778188213431183
997,0.4422712107372335
998,0.45181500179627937
999,0.5961011922557424
1000,0.5094671628845103
1001,0.4736948116884908
1002,0.5671744768450372
1003,0.5056579658703134
1004,0.5193695848890911
1005,0.6552871273719568
1006,0.5486427677855465
1007,0.49223219126209916
1008,0.6106781371604818
1009,0.5123190731995393
1010,0.3380069420922913
1011,0.6174708397837096
1012,0.44585611873707487
1013,0.43847247708365755
1014,0.5366430032889618
1015,0.4654680798856331
1016,0.3858064962407298
1017,0.6300262407301639
1018,0.35035923947945985
1019,0.5715566084419768
1020,0.4037472924599892
1021,0.4655990084980911
1022,0.46409234240079406
1023,0.4565949770920961
1024,0.41222151569362675
1025,0.5759952143985824
1026,0.5557820061954283
1027,0.3755826586198754
1028,0.577096374559643
1029,0.5735346194454667
1030,0.3175509632958585
1031,0.4771117178455324
1032,0.43202862782113494
1033,0.6370206928759795
1034,0.5413870897064251
1035,0.38735584200528017
1036,0.5644677560193634
1037,0.2948866216439475
1038,0.39896681562961567
1039,0.4920571607193959
1040,0.5884436431097811
1041,0.4692518692664833
1042,0.48313802865263805
1043,0.4677799573359032
1044,0.5318796567556854
1045,0.6827150991960806
1046,0.5851226964964421
1047,0.5745332710272253
1048,0.5493225216178812
1049,0.6337290758678872
1050,0.5674927343090158
1051,0.4867639240391095
1052,0.4000479310712261
1053,0.5571112152414341
1054,0.4194147899722935
1055,0.6788547030789271
1056,0.39984607831431557
1057,0.5606424816052551
1058,0.5731201897470823
1059,0.5434109650988013
1060,0.4127376648598382
1061,0.5130461252313101
1062,0.4827722871606578
1063,0.5574951800736622
1064,0.44716020070915136
1065,0.4705321422003732
1066,0.6055431301231762
1067,0.3715101113259113
1068,0.5469890215713031
1069,0.6413189583891581
1070,0.5264371542170765
1071,0.4730063569646541
1072,0.30543023493552646
1073,0.42716158462754206
1074,0.5967579670826246
1075,0.4018646016777714
1076,0.4241707727681887
1077,0.5374426630729544
1078,0.46393147028476567
1079,0.4310805829780688
1080,0.48312917487590684
1081,0.4724394216621435
1082,0.4692832834583125
1083,0.5158332276081431
1084,0.5727982987029296
1085,0.5669495600692616
1086,0.573641978779904
1087,0.7017112388942159
1088,0.41047232034663056
1089,0.47931962851368565
1090,0.43578576242542744
1091,0.45563351842460087
1092,0.6179433573978924
1093,0.5061548899026251
1094,0.36155855941323073
1095,0.6566143448984126
1096,0.5762834711023291
1097,0.4997733414474639
1098,0.5206361642284835
1099,0.39716180824171643
1100,0.4999773107184177
1101,0.4993678632993776
1102,0.5034739015592041
1103,0.4706113522478859
1104,0.4141361369506772
1105,0.5542130925516652
1106,0.5883229259339855
1107,0.4393133860120306
1108,0.43418691389270897
1109,0.5808551564316108
1110,0.6247554028867462
1111,0.5494629595415333
1112,0.4158586176654375
1113,0.48761381661227854
1114,0.384681457795797
1115,0.4229851524857191
1116,0.489781580758055
1117,0.5733599074964144
1118,0.3682733619837951
1119,0.4259510704320494
1120,0.45149186590516766
1121,0.6256521309363503
1122,0.46263595365720867
1123,0.5175266094348021
1124,0.49862120487791106
1125,0.4471158398963434
1126,0.5193524659096456
1127,0.42629055734478594
1128,0.389078117200675
1129,0.5733174630130975
1130,0.5260352934924205
1131,0.5815021509882543
1132,0.5121854020646166
1133,0.36619912197568244
1134,0.4345761441320848
1135,0.523350257381628
1136,0.7062179880507332
1137,0.46165680541638815
1138,0.5890213265999611
1139,0.5971715905419746
1140,0.5856336917624865
1141,0.596668016419072
1142,0.4329636223204997
1143,0.2961938458073595
1144,0.5406024854803699
1145,0.5181539600967523
1146,0.35959988250491026
1147,0.5669213184220075
1148,0.5469722164151634
1149,0.4531136114478732
1150,0.4933011819348801
1151,0.48743579867752274
1152,0.3962704507488229
1153,0.5384791347272876
1154,0.5409299410957611
1155,0.3323214620500835
1156,0.4676178572342513
1157,0.5242934741778175
1158,0.626365834161257
1159,0.5006305886190218
1160,0.7126114451949755
1161,0.2594037368839966
1162,0.5437433240898344
1163,0.4935911007909431
1164,0.5487305675014987
1165,0.44805739270078415
1166,0.38133251907163035
1167,0.5217114808824467
1168,0.4201008835473353
1169,0.5318400461006402
1170,0.554945633833869
1171,0.5598125339178345
1172,0.6783987814315684
1173,0.5465997397635036
1174,0.3419655846965411
1175,0.46060399733528024
1176,0.5020880892622823
1177,0.37273843062693246
1178,0.5357129362206272
1179,0.273560267828749
1180,0.47691056334355175
1181,0.44839113460455915
1182,0.4899625519230124
1183,0.4893267190420314
1184,0.4310489941930734
1185,0.5677154183647268
1186,0.42812976689450183
1187,0.5890630177903637
1188,0.6384486578044338
1189,0.35610570226796523
1190,0.26271607402461206
1191,0.4313988896902211
1192,0.5140800447703517
1193,0.5207632035094968
1194,0.45073071304808787
1195,0.5908090644968179
1196,0.3895275354701815
1197,0.5445143859129219
1198,0.6012332642792506
1199,0.6267260259815968
1200,0.531433755964946
1201,0.5384399000863385
1202,0.5356399979071567
1203,0.48891521972586505
1204,0.5706776874560457
1205,0.44665969396025834
1206,0.710237042993399
1207,0.35057054696127776
1208,0.575530686366907
1209,0.4744858452921321
1210,0.5534549818125973
1211,0.6578281505657635
1212,0.5048961687485767
1213,0.44347007047150294
1214,0.47176835282082685
1215,0.40247142246748246
1216,0.4627839316455132
1217,0.6132822095992463
1218,0.6041788982107541
1219,0.5355858478092415
1220,0.6406754190930313
1221,0.5976081973257477
1222,0.4799884509623444
1223,0.43187124299723967
1224,0.5029774116738219
1225,0.5932165624504548
1226,0.5212665359118318
1227,0.4344405049959274
1228,0.40329984217347786
1229,0.5270190168970034
1230,0.6538324978094163
1231,0.5085938042533658
1232,0.5239280648239341
1233,0.4212384860566337
1234,0.4303377874268554
1235,0.4856173723321281
1236,0.5645279926529707
1237,0.5690325928086475
1238,0.4334577344261009
1239,0.5953663126779402
1240,0.6617389263404081
1241,0.650528587908822
1242,0.5184171061008087
1243,0.49023907847454407
1244,0.5167049203704844
1245,0.46950080884035633
1246,0.5024222072369401
1247,0.49698546887829614
1248,0.5055404208755865
1249,0.46623029614392425
1250,0.40993865786981704
1251,0.6344205050149443
1252,0.48733407621119706
1253,0.3881122119895685
1254,0.4120364572028748
1255,0.45884080209368355
1256,0.5691246805796177
1257,0.4633754965479826
1258,0.5639051559194959
1259,0.5953980484269594
1260,0.5340400511671003
1261,0.45518742592568645
1262,0.4522154977402086
1263,0.5887210620828572
1264,0.47885156232345905
1265,0.5025808192216896
1266,0.5793137567579265
1267,0.4879566474137014
1268,0.4094718970646095
1269,0.5348520599628719
1270,0.5140024792826869
1271,0.4716044836807916
1272,0.5080221934041999
1273,0.47888449955259166
1274,0.3533958579542678
1275,0.5064984423070537
1276,0.45641074867348397
1277,0.5537341208520791
1278,0.6216426713620563
1279,0.31244039963321313
1280,0.4731504442614919
1281,0.5861202198499731
1282,0.38198639405566204
1283,0.49296055080843354
1284,0.508950026278158
1285,0.51147662690043
1286,0.4230600921019588
1287,0.33077609741421243
1288,0.47661965357702163
1289,0.5943001419029473
1290,0.600928065957481
1291,0.534201286800884
1292,0.3599432376329783
1293,0.5618166819556452
1294,0.40921201650204614
1295,0.5671340201999501
1296,0.5514338864277004
1297,0.47446007234599963
1298,0.6292765610925553
1299,0.4819729157916373
1300,0.5039683845707241
1301,0.41334850613108287
1302,0.3538319158618912
1303,0.47777420464150133
1304,0.4051796435333902
1305,0.4592946494964541
1306,0.46955909305576526
1307,0.5015978194893994
1308,0.567792310783339
1309,0.4270614994017966
1310,0.5147699315531745
1311,0.578740309762272
1312,0.4833763571573542
1313,0.4792037180980262
1314,0.4609992412403777
1315,0.6031583449433586
1316,0.478763796834516
1317,0.39936221405537303
1318,0.5645898812859438
1319,0.6248170800272609
1320,0.5326419503802291
1321,0.6062710648034374
1322,0.5700957699055426
1323,0.6369969011738528
1324,0.4850858689759838
1325,0.48182424749939096
1326,0.33774058841077503
1327,0.5383561044145065
1328,0.6377723035737581
1329,0.5346678411310467
1330,0.3293780712657549
1331,0.4352347557165763
1332,0.49676138904714706
1333,0.4501102496383704
1334,0.4795127823405828
1335,0.46813930145488253
1336,0.6860255255921551
1337,0.5904383195088068
1338,0.5540687761452169
1339,0.5416759635464591
1340,0.6246984401867904
1341,0.48978896957657936
1342,0.4220508852697348
1343,0.612767726718503
1344,0.3390833202473433
1345,0.4765774319612388
1346,0.5657190879316679
1347,0.5062169933626274
1348,0.3684460876916311
1349,0.5010102236080769
1350,0.44322105646759197
1351,0.6240785725450976
1352,0.5551619642720331
1353,0.4610330644696743
1354,0.5757123342433308
1355,0.6255115290941088
1356,0.5651761662255685
1357,0.5357177455160373
1358,0.6665325415283179
1359,0.5331789890092126
1360,0.619700078801511
1361,0.6515566592416462
1362,0.38687189007274925
1363,0.5429271412191528
1364,0.7632776820468732
1365,0.5647805010465182
1366,0.35584101954039443
1367,0.41819006348015847
1368,0.6368072517405802
1369,0.434344630050211
1370,0.513110546711907
1371,0.4556279788168716
1372,0.5276016066839571
1373,0.48901304733618056
1374,0.6553222035858075
1375,0.5288983672290065
1376,0.41492375328750986
1377,0.5602031933257299
1378,0.616447879121518
1379,0.5380755371998343
1380,0.581563363464748
1381,0.48577700730088497
1382,0.5370423020120584
1383,0.41067355639877323
1384,0.43037827960612407
1385,0.4861631453633761
1386,0.5399414042170362
1387,0.6007219485061257
1388,0.4316839592473345
1389,0.3378552497260672
1390,0.4642852453339804
1391,0.6017407613842287
1392,0.5747361694058527
1393,0.5030908186137812
1394,0.6032375986007463
1395,0.5376595069897421
1396,0.5683709008472951
1397,0.43194956866261236
1398,0.4295753771779046
1399,0.6329431360244923
1400,0.4727889351784934
1401,0.3745023235149675
1402,0.4650851433738091
1403,0.447986964235238
1404,0.6271305490633332
1405,0.4149901705483524
1406,0.6032687152557045
1407,0.5373976503633628
1408,0.493528072562507
1409,0.47016403117176153
1410,0.5019586047357665
1411,0.5731850861459064
1412,0.5428796065404298
1413,0.49570468375924026
1414,0.5161225615235517
1415,0.4850671326979694
1416,0.5379290522510284
1417,0.4458558438933607
1418,0.6199867638948925
1419,0.5175776265557633
1420,0.5670941981186572
1421,0.4326944611315374
1422,0.446496310507977
1423,0.5732562698146605
1424,0.5074258052022336
1425,0.5835004985384593
1426,0.603094307650527
1427,0.5966506121726736
1428,0.37019440274024545
1429,0.4507399495097827
1430,0.41749938543684456
1431,0.5065533236143476
1432,0.4824362144615019
1433,0.6262320306858616
1434,0.5406443496513654
1435,0.4627680661507758
1436,0.4288660310750507
1437,0.46917247066554996
1438,0.5544931606634063
1439,0.3649202212767173
1440,0.45529175188315574
1441,0.318732106090958
1442,0.5047426334210506
1443,0.497638395912666
1444,0.8578963290367967
1445,0.4400603297591936
1446,0.4448225388434812
1447,0.4747590839509512
1448,0.5797687594801546
1449,0.39638758524236684
1450,0.44221380669582316
1451,0.49444763139894704
1452,0.46126745204291303
1453,0.5413506618488734
1454,0.3952892732013281
1455,0.4073795815811408
1456,0.519933781791094
1457,0.40794517138616254
1458,0.48472760101887613
1459,0.5563139715353854
1460,0.39854919699588826
1461,0.37207964259223136
1462,0.6036958046894798
1463,0.5161465743754821
1464,0.3864272558892624
1465,0.4767025066855295
1466,0.4282361458296524
1467,0.5457147415713437
1468,0.5764513373227979
1469,0.4989127136508224
1470,0.5541556131012222
1471,0.3604492861282411
1472,0.46311160944630136
1473,0.49668782200416767
1474,0.44872819708484035
1475,0.5174093760076317
1476,0.6754763821983245
1477,0.5664696946019085
1478,0.6118925595514976
1479,0.6341437779428267
1480,0.5057880718826129
1481,0.4415773599141909
1482,0.3431781398010103
1483,0.3107394631206766
1484,0.6272094315118906
1485,0.4723677885903861
1486,0.569096079853951
1487,0.6168680454514239
1488,0.38016297948940936
1489,0.40122546387000285
1490,0.648675332064206
1491,0.4307511532615333
1492,0.5022807926401308
1493,0.4900724459740131
1494,0.5449330929830011
1495,0.7127088090697067
1496,0.5478754431028071
1497,0.4845617028969365
1498,0.6864628811484513
1499,0.5206076870174455
1500,0.5275190209962829
1501,0.6737613568723654
1502,0.4317676256814157
1503,0.6045474405863749
1504,0.5533380075761115
1505,0.6607291170544194
1506,0.5325146883325785
1507,0.5407851456140472
1508,0.8598150252953148
1509,0.6600481923923688
1510,0.553298157111873
1511,0.47206512003377665
1512,0.587673153882223
1513,0.38333565224386984
1514,0.7206639033089545
1515,0.5118792065409467
1516,0.480138161949108
1517,0.7215548823699192
1518,0.5687327898854723
1519,0.5322926164029266
1520,0.6136119095619156
1521,0.44567877768351594
1522,0.5260595320000101
1523,0.4169318712575796
1524,0.5293999140486428
1525,0.5572679726517483
1526,0.38694001488884705
1527,0.46374089787633926
1528,0.6660923927478712
1529,0.5049226620127735
1530,0.3102939616908411
1531,0.5201298998866691
1532,0.35876434500488236
1533,0.4708434780442405
1534,0.5482398907238304
1535,0.33834696193092956
1536,0.48949605618080827
1537,0.6876690233740158
1538,0.4751347133561389
1539,0.4808999822738706
1540,0.7507659236206287
1541,0.6210964594420538
1542,0.6838536976531995
1543,0.6373398244235325
1544,0.6022707363132586
1545,0.5058439026658035
1546,0.576908419028915
1547,0.39166314059400553
1548,0.49540003851764697
1549,0.5713902679279224
1550,0.4163065244086457
1551,0.5537392558465359
1552,0.5238024585270832
1553,0.5645481481249355
1554,0.5347648061030785
1555,0.605885576282661
1556,0.38882768719466665
1557,0.45558983419001275
1558,0.4852192269515853
1559,0.5799594481524817
1560,0.42168450144981273
1561,0.4774476769771061
1562,0.4466437435093971
1563,0.7188971222134346
1564,0.48268415279516713
1565,0.4878048945445769
1566,0.3733858321982775
1567,0.503185997497574
1568,0.3588656259968174
1569,0.5323973834388782
1570,0.4452312152184571
1571,0.49767330129232146
1572,0.43382131845839633
1573,0.4838464001608618
1574,0.51524457935248
1575,0.3895958426578518
1576,0.5325335488702271
1577,0.4826968778342174
1578,0.48208686598407885
1579,0.5536414906694207
1580,0.2692321277167923
1581,0.5366631350556592
1582,0.48409296067538515
1583,0.4598116104271911
1584,0.634660596844611
1585,0.4561557481447562
1586,0.6754334422621221
1587,0.5141751032525209
1588,0.5388596618652446
1589,0.5186263240158213
1590,0.5489904588969848
1591,0.5358297037723687
1592,0.5791888390491118
1593,0.458411025548129
1594,0.497114005554796
1595,0.49947246984729016
1596,0.49842365461960697
1597,0.6278698569808769
1598,0.5281267659837594
1599,0.40078157695118233
1600,0.6274876242566158
1601,0.5085445873976262
1602,0.4637995111569068
1603,0.7374461950319702
1604,0.3792614946264645
1605,0.47250528514432466
1606,0.6090179960030666
1607,0.5718629502533656
1608,0.549519931843059
1609,0.5493866362374141
1610,0.4853992267458109
1611,0.5293676602741452
1612,0.4189709296079298
1613,0.447841078838174
1614,0.3908642669214834
1615,0.6450497972708662
1616,0.751171478937418
1617,0.3668285430113223
1618,0.47184238914178755
1619,0.5658008090469763
1620,0.38133950279823237
1621,0.5026019827012557
1622,0.5362173191522533
1623,0.5456111785254677
1624,0.5393840949391657
1625,0.4446873028346699
1626,0.5470957596652404
1627,0.38115493401283995
1628,0.5863664039682978
1629,0.47467855291373706
1630,0.5485010309823678
1631,0.5407651819933048
1632,0.6223761420366086
1633,0.4201922242017629
1634,0.38548811363759816
1635,0.6517709666451241
1636,0.5991171455656915
1637,0.4505387878081191
1638,0.3859412801912667
1639,0.5293707838376369
1640,0.5224623479948213
1641,0.5192626970743108
1642,0.3767219888585547
1643,0.5192460869312281
1644,0.4957732047685411
1645,0.5784742179823937
1646,0.446959059859639
1647,0.5129986595190316
1648,0.4502667191200661
1649,0.5551009652002902
1650,0.6378748588112991
1651,0.4934524563078586
1652,0.3840029189255345
1653,0.5656800879442877
1654,0.43942158597334363
1655,0.42674788066578007
1656,0.48345352946190123
1657,0.45540883492441275
1658,0.526367046505866
1659,0.5318191949213779
1660,0.6788562071499133
1661,0.554035948397628
1662,0.3427813540535794
1663,0.36339384862979385
1664,0.523457774507938
1665,0.49564567154121975
1666,0.5273104603810167
1667,0.5238208747077354
1668,0.3017707118902075
1669,0.4387303668048075
1670,0.41675933268368803
1671,0.4919449642704176
1672,0.4325632661219061
1673,0.5239930097764269
1674,0.38124925267420573
1675,0.5439449481939522
1676,0.5793711319640202
1677,0.548961645738155
1678,0.5452093293370924
1679,0.4167264969207222
1680,0.5810847088618082
1681,0.45400922929362936
1682,0.5776323181205963
1683,0.49020785554497254
1684,0.5765990351099011
1685,0.4003767158394608
1686,0.5229847356223212
1687,0.5387289070668252
1688,0.4430036775922811
1689,0.5280727391833981
1690,0.48381536680878195
1691,0.4266227753095069
1692,0.3898061950685971
1693,0.5683163299045452
1694,0.4976776905360677
1695,0.5210767056082334
1696,0.5219506111607399
1697,0.5844932730703981
1698,0.4836531793922945
1699,0.4266627724257505
1700,0.5507677120908966
1701,0.5244173034161185
1702,0.4978323398282538
1703,0.43972738802880207
1704,0.47226131268644755
1705,0.4943721956185232
1706,0.4403709037835529
1707,0.6646062831408355
1708,0.5733049618553356
1709,0.5423242612896358
1710,0.5447359027652341
1711,0.539361794301459
1712,0.4607728500080602
1713,0.37080954149388223
1714,0.5687661945000277
1715,0.5402455052758732
1716,0.5014146060280483
1717,0.4775564431534047
1718,0.507892530741656
1719,0.5934238181886002
1720,0.468860169075779
1721,0.553376036901742
1722,0.6551284330888418
1723,0.4864320653806365
1724,0.5015272976496028
1725,0.43721985068100067
1726,0.5337051521930996
1727,0.4091873746937959
1728,0.3358784192719564
1729,0.4314409635636042
1730,0.5793144078515096
1731,0.5802912438900514
1732,0.7167496315509694
1733,0.5419602794829166
1734,0.47039523730870303
1735,0.5059904803517083
1736,0.4079276300398059
1737,0.3762813081374259
1738,0.4723559988559743
1739,0.504947140351749
1740,0.8149982285911458
1741,0.44998161688345867
1742,0.356867257120398
1743,0.4830303906852493
1744,0.4966554188692569
1745,0.5190777998425169
1746,0.5799605385665607
1747,0.37481351530043494
1748,0.4864606737812772
1749,0.6191326730916009
1750,0.5599230941107879
1751,0.530276690306839
1752,0.6410026821950634
1753,0.49623992089810764
1754,0.5012513732834484
1755,0.513987178828057
1756,0.39515973889975364
1757,0.46505836374402526
1758,0.6648451599838106
1759,0.5771001639520674
1760,0.5503345187225771
1761,0.5346279278781668
1762,0.4660256451175925
1763,0.6705736022850639
1764,0.5753760644426276
1765,0.47340657013518167
1766,0.474696474053563
1767,0.6119836024078166
1768,0.6366733626462109
1769,0.4365239932441116
1770,0.5802972847816087
1771,0.5742906439464106
1772,0.28155788920939184
1773,0.49974088856631776
1774,0.4740176459095731
1775,0.5332759548139959
1776,0.5262877364288105
1777,0.5284356993962845
1778,0.39244210908867877
1779,0.4463791303492631
1780,0.561161424093208
1781,0.49076182304868954
1782,0.46315806914122726
1783,0.6011558239093728
1784,0.42745940559475115
1785,0.6242094288687321
1786,0.5367655838161093
1787,0.48912965888647886
1788,0.40437136609379504
1789,0.4320349621575621
1790,0.6271271510296128
1791,0.6280097171419898
1792,0.6510325885231862
1793,0.4980662040845713
1794,0.33688957550596466
1795,0.4050469044438697
1796,0.6232828317088019
1797,0.5242693516011423
1798,0.46327329407788415
1799,0.30570388295852713
1800,0.5729785846132619
1801,0.37161052139309597
1802,0.47804662891646177
1803,0.6642182520624138
1804,0.5024404728604267
1805,0.43872010373443654
1806,0.48397959050338635
1807,0.4706429808953787
1808,0.46309881445819734
1809,0.7225160915148282
1810,0.43177453303358043
1811,0.35641940490470025
1812,0.3391983353487222
1813,0.4141010720705679
1814,0.5677626103610585
1815,0.4407657762398913
1816,0.3800513421892837
1817,0.6176154707349493
1818,0.46715299860638554
1819,0.6604039910776414
1820,0.617342642807625
1821,0.42159861568127366
1822,0.5691415773777672
1823,0.5400631693032879
1824,0.5005351028418985
1825,0.48326458420999957
1826,0.3624575350269972
1827,0.48078756455043303
1828,0.5248233878170002
1829,0.6778197471466367
1830,0.6966201493767631
1831,0.5179878518034403
1832,0.512675040746631
1833,0.5395199912021805
1834,0.36889285526215465
1835,0.43657772222505253
1836,0.6066330778443257
1837,0.6048985554032767
1838,0.6491793227049313
1839,0.5877287395133667
1840,0.5931091704098111
1841,0.5944999333420048
1842,0.3470680775645817
1843,0.4927498715892239
1844,0.4224927116149261
1845,0.6677399402497028
1846,0.572997449755569
1847,0.4264261607046545
1848,0.5551642629027413
1849,0.41956615079343257
1850,0.5594972357512309
1851,0.4025486972336324
1852,0.5289823034784938
1853,0.5440548130947459
1854,0.6039181276642032
1855,0.4066555999307738
1856,0.3888783548631468
1857,0.6194945230016777
1858,0.409113103598399
1859,0.4345548198776127
1860,0.47714142068252213
1861,0.5843109692443667
1862,0.5406693762412605
1863,0.5462285280315251
1864,0.40515961048007865
1865,0.5565442764335267
1866,0.3904539830398691
1867,0.4252547287244343
1868,0.3851405838004863
1869,0.515463228987451
1870,0.5361678279810305
1871,0.5060419155113783
1872,0.45349418752393683
1873,0.5184095651335828
1874,0.46747108304304424
1875,0.5076563233030559
1876,0.49818555913780754
1877,0.4417208470022463
1878,0.5088674495022605
1879,0.3547013525325785
1880,0.5143689073495918
1881,0.4277739605666049
1882,0.6585256870950082
1883,0.29633743135149737
1884,0.6071710247279415
1885,0.4035735742175106
1886,0.4469307918489285
1887,0.5495884813757935
1888,0.5707197175787476
1889,0.5751397425204277
1890,0.5136740722278097
1891,0.439444606911141
1892,0.4084416886001278
1893,0.47563481603814706
1894,0.449534922591015
1895,0.37088251953770346
1896,0.520948114508877
1897,0.6050749718238837
1898,0.55904092423347
1899,0.3716532308170737
1900,0.41739632721265757
1901,0.5247836358639303
1902,0.5636745023560041
1903,0.48905375734211887
1904,0.6325968556750681
1905,0.5614655204067752
1906,0.8143715896863091
1907,0.6473029227120761
1908,0.4086595925201931
1909,0.43702782006261154
1910,0.49123430181558714
1911,0.48275253676485436
1912,0.5349950911605162
1913,0.4838360070482845
1914,0.43515172533617114
1915,0.5857623738525658
1916,0.49978826002734705
1917,0.5246799664121827
1918,0.35008102923796014
1919,0.46423066465176854
1920,0.7639217841546627
1921,0.39468478998358425
1922,0.5746519941931526
1923,0.6774158682438164
1924,0.47613442333440414
1925,0.6868515892605802
1926,0.5904791317120797
1927,0.5315925751801637
1928,0.4636200104072657
1929,0.3999048654756142
1930,0.48523041235793896
1931,0.5167229804525242
1932,0.5617327642895816
1933,0.6478170935941918
1934,0.5421160436607297
1935,0.6762186230422476
1936,0.5644233765058253
1937,0.49908443134717806
1938,0.4891095786205834
1939,0.5248017850226708
1940,0.4206131330303542
1941,0.646848138180004
1942,0.4556547503001313
1943,0.5903680742123827
1944,0.45344991853396244
1945,0.5196715944816915
1946,0.5424792083888667
1947,0.47245050028274044
1948,0.7073312296833099
1949,0.5919059844272527
1950,0.5186825812061949
1951,0.6517446705910868
1952,0.4765820080656612
1953,0.3200327330457983
1954,0.5436274923727389
1955,0.5957397819333291
1956,0.5332302058762763
1957,0.5372362707657166
1958,0.5462420127784928
1959,0.6356395627115006
1960,0.49004561186572854
1961,0.494779350389549
1962,0.43633574464843694
1963,0.5367660888896405
1964,0.5113682492961619
1965,0.568119476464552
1966,0.5498766578816009
1967,0.39499702783439167
1968,0.41727506186307417
1969,0.6430002275308406
1970,0.4550972057194511
1971,0.6489482002358482
1972,0.41413918635731983
1973,0.5240029087996819
1974,0.558003712169832
1975,0.5980846339071356
1976,0.3565006292369968
1977,0.3171307149150994
1978,0.5280267478403822
1979,0.6454995158672465
1980,0.5117527340760548
1981,0.5441564816080087
1982,0.6689307407307992
1983,0.5763954306200757
1984,0.5348245791486648
1985,0.5500362561833301
1986,0.37049740690807
1987,0.6242618096472075
1988,0.5563792753251073
1989,0.529274573974889
1990,0.3663035386488115
1991,0.48626040512529894
1992,0.6287878626791797
1993,0.55687643076982
1994,0.47072374208039247
1995,0.7031347861837426
1996,0.43984341526242443
1997,0.5251051413594997
1998,0.4994076900914928
1999,0.4294258084942212
2000,0.5411954073947413
2001,0.5806691764081795
2002,0.5802197029017729
2003,0.41754326855813545
2004,0.4459260532083339
2005,0.4265279830737348
2006,0.46608578250933946
2007,0.5523955962758819
2008,0.37224492631479594
2009,0.5235039791875502
2010,0.4526100324712502
2011,0.3617049953372091
2012,0.47347390127397204
2013,0.47229070020203257
2014,0.6258161029418406
2015,0.47292035447266073
2016,0.6063398498755946
2017,0.6661538771729316
2018,0.4422121267012803
2019,0.4478306727307738
2020,0.6544151295453451
2021,0.6008528367476429
2022,0.47133621376675905
2023,0.40356451068463295
2024,0.6209185438748891
2025,0.5438760766854777
2026,0.3663106662429347
2027,0.4121001057238514
2028,0.4653379408782974
2029,0.47726001294989645
2030,0.529935363264658
2031,0.6466035669001816
2032,0.5189104486230428
2033,0.3913404901443548
2034,0.5141055092983698
2035,0.5434027727891959
2036,0.6396441624445912
2037,0.3372974552148673
2038,0.42577717820578026
2039,0.7335517371875977
2040,0.45181304180544934
2041,0.5539725693966289
2042,0.4591577710349582
2043,0.5927219353678401
2044,0.5446033872321469
2045,0.5894945878026133
2046,0.6572248588139931
2047,0.4814684512751847
2048,0.46179046817600067
2049,0.4264930847850829
2050,0.43183903939671575
2051,0.5114986176780512
2052,0.544859633138907
2053,0.48362942736323783
2054,0.4126042305276428
2055,0.3603041204105809
2056,0.5078471198466983
2057,0.42368485037378917
2058,0.42565566021217205
2059,0.5494314368755709
2060,0.5123090393176114
2061,0.46496135868894084
2062,0.48293317232644545
2063,0.5528863242518982
2064,0.5249982480971527
2065,0.5191504771113749
2066,0.4022946928434528
2067,0.5154940578660402
2068,0.5541320707484757
2069,0.4512996824348771
2070,0.5580933732139831
2071,0.5171407541761035
2072,0.5045696102926969
2073,0.43782257203002056
2074,0.6047426912477712
2075,0.4891296704380257
2076,0.5373435183633212
2077,0.35674506816236107
2078,0.4763040434628219
2079,0.4414451676718033
2080,0.45067428114394714
2081,0.6060542977212962
2082,0.5651791782036765
2083,0.5416647682472532
2084,0.5335086396144522
2085,0.6490119386573904
2086,0.39751970091454386
2087,0.6129679515444286
2088,0.5008430205800951
2089,0.5133252686821713
2090,0.5031019900858915
2091,0.49629443549771934
2092,0.5587370987928407
2093,0.5873997128256908
2094,0.4992112089395312
2095,0.5119109634157959
2096,0.4752560508039601
2097,0.6473115954316571
2098,0.540193615444742
2099,0.6227598590311245
2100,0.4962129092425215
2101,0.47639508491389343
2102,0.47349830785260055
2103,0.33191154032136494
2104,0.7077777797395768
2105,0.3693058107473043
2106,0.5233166785352257
2107,0.39545988196438664
2108,0.42691824377667426
2109,0.5179964636066946
2110,0.4353142577003519
2111,0.4027741295181103
2112,0.47515714819987315
2113,0.3750975470451762
2114,0.5814740992710495
2115,0.58162956719587
2116,0.3258975944647588
2117,0.48399638657013055
2118,0.5803587568490767
2119,0.404726354684828
2120,0.5159993949479962
2121,0.5589602061233845
2122,0.46112176503835106
2123,0.5648912209445016
2124,0.616399766319077
2125,0.44992765172990645
2126,0.46940554198753
2127,0.6282402500094991
2128,0.4549752442521262
2129,0.4998609654713626
2130,0.4111818675079272
2131,0.4072567538577454
2132,0.6209760446564024
2133,0.31110939380807856
2134,0.4156383411456071
2135,0.5937229864343827
2136,0.638395975076721
2137,0.47783458379018456
2138,0.40914056428064627
2139,0.6411565535145963
2140,0.4221976974492251
2141,0.5860565924828702
2142,0.5417114208647386
2143,0.5571034933374264
2144,0.5563275243055237
2145,0.5469675074989585
2146,0.6621840211857661
2147,0.5702352643610542
2148,0.562580270647955
2149,0.49160184427235004
2150,0.6201941815811358
2151,0.535208629490625
2152,0.49757180101959675
2153,0.47106296051814256
2154,0.4241341477797938
2155,0.5923932234187952
2156,0.4205985201131106
2157,0.5443772477187295
2158,0.5454689660485323
2159,0.4991140159606312
2160,0.40724543679619707
2161,0.486337966620778
2162,0.26687895877673934
2163,0.5475321079535582
2164,0.5989556105229824
2165,0.5184585649401463
2166,0.4874621932820664
2167,0.444052861097057
2168,0.6263995337359263
2169,0.5386991818386342
2170,0.5722722940285627
2171,0.4966515861075981
2172,0.5248228365847931
2173,0.43231369790477636
2174,0.7769581258355374
2175,0.5483069958947656
2176,0.8307418082096987
2177,0.41579182063739045
2178,0.6274561160875977
2179,0.5080522684611611
2180,0.6104479357421898
2181,0.34805500984111626
2182,0.6048482861813036
2183,0.36819875815625824
2184,0.5799539352332254
2185,0.3867510502772591
2186,0.5291164052620688
2187,0.6558813550916412
2188,0.5288634359946064
2189,0.41703832742532265
2190,0.388420522317266
2191,0.6269796286520245
2192,0.6426446455584033
2193,0.41340034987182905
2194,0.4530903274073948
2195,0.47530310969823736
2196,0.37159248686705115
2197,0.35102679859514385
2198,0.5106528553914215
2199,0.46817664711999435
2200,0.6537244790945862
2201,0.3449110089068751
2202,0.5675572570653862
2203,0.5100030178127837
2204,0.5381218554080754
2205,0.5906084270070644
2206,0.5050820171995436
2207,0.5013228711969194
2208,0.4669060708964554
2209,0.5595805413874814
2210,0.5218823565627119
2211,0.42471031818601224
2212,0.37424907299721344
2213,0.7134109079166284
2214,0.44737439326319106
2215,0.5184829433703422
2216,0.5054805464834314
2217,0.4323259040306423
2218,0.3650058184189817
2219,0.42851687820920703
2220,0.45576000055071175
2221,0.5138308251885063
2222,0.5060240088870602
2223,0.5007486875898913
2224,0.6221953837245517
2225,0.5443151795309312
2226,0.36139275400773485
2227,0.47866253950978166
2228,0.6267611313423169
2229,0.5334463470491261
2230,0.6609920588290922
2231,0.388978024511961
2232,0.5334282409943147
2233,0.5620909217638316
2234,0.46265986920220004
2235,0.4469622875125044
2236,0.46550723316676706
2237,0.597049767214997
2238,0.48976318564821
2239,0.7604539850965821
2240,0.623213043106008
2241,0.4828228288433131
2242,0.5236938220589115
2243,0.5449066724907786
2244,0.30909767632454144
2245,0.4785104341787921
2246,0.47668412639356056
2247,0.5193421685703403
2248,0.5490877470206883
2249,0.5909062232700348
2250,0.34290370565373074
2251,0.4401191143644434
2252,0.493702304496433
2253,0.5500073725508328
2254,0.5098905311442066
2255,0.5515940257477594
2256,0.5681493705234201
2257,0.46264544528302926
2258,0.5084853991182875
2259,0.4251252868819274
2260,0.5138301786242528
2261,0.4497970047594105
2262,0.36874683953764464
2263,0.46832232943082186
2264,0.627556804999316
2265,0.4835588038652952
2266,0.609368403256868
2267,0.36557893651036166
2268,0.45101571508994126
2269,0.4933439000322189
2270,0.4391218930111699
2271,0.5439535552723802
2272,0.48425836820334944
2273,0.47407374952617953
2274,0.46334655266410735
2275,0.5662885956509924
2276,0.4177505348286644
2277,0.49648374125327244
2278,0.47313102744076474
2279,0.434411987872528
2280,0.5809453432287567
2281,0.6875350800138819
2282,0.5566611419852687
2283,0.5132372698039339
2284,0.38075406531867106
2285,0.4815424587283019
2286,0.6496805544159492
2287,0.35046145725712985
2288,0.41722139949623493
2289,0.6121776029168489
2290,0.38361689875862104
2291,0.5081305393295312
2292,0.494119183203994
2293,0.3528957351204104
2294,0.5842282623054039
2295,0.4070132653270316
2296,0.5071837634019799
2297,0.6161552860129428
2298,0.47761388750840716
2299,0.6159213588642443
2300,0.5811138808177184
2301,0.35107563741793646
2302,0.4903152235453262
2303,0.49734006634985256
2304,0.5088599238686844
2305,0.46851816444003674
2306,0.6322010796669013
2307,0.6478961422126466
2308,0.49200920070463044
2309,0.4773067698833254
2310,0.4529350104752263
2311,0.5505673538922761
2312,0.42220487163070125
2313,0.6195869068252159
2314,0.3658858835160681
2315,0.37950075846519316
2316,0.4910303830067033
2317,0.5274414737091258
2318,0.5005789606058162
2319,0.6033732991625516
2320,0.46231555292546495
2321,0.5263904519330119
2322,0.4545088830187389
2323,0.41139190678245413
2324,0.635007593332956
2325,0.48289999386117427
2326,0.45560438374350004
2327,0.6186166840819679
2328,0.42422590335216126
2329,0.4636814340551772
2330,0.5282400981371481
2331,0.5313985482850119
2332,0.5562932608971168
2333,0.4509791162832767
2334,0.6656416170816337
2335,0.40896588130943035
2336,0.6619842528049373
2337,0.4081529697377292
2338,0.43285701986273983
2339,0.42363415418518285
2340,0.5514462142915088
2341,0.6870043233517529
2342,0.5710319957431291
2343,0.6678017492373566
2344,0.3217970773797854
2345,0.4586150545019303
2346,0.5260313468607224
2347,0.4525086918901863
2348,0.4252009999837094
2349,0.46273238775163716
2350,0.44053137314356805
2351,0.7675474004894729
2352,0.4269580293665358
2353,0.4459014377398781
2354,0.48144711453128014
2355,0.500835952133519
2356,0.5552521946599196
2357,0.5825948256483747
2358,0.41577459494706837
2359,0.7142176954051018
2360,0.342289081603786
2361,0.5832763482692354
2362,0.5525525107757708
2363,0.6065169958913568
2364,0.5845552954684886
2365,0.39831400021411
2366,0.48847172555487395
2367,0.6875213239697932
2368,0.5193299008710428
2369,0.5291057678636444
2370,0.5543151185567142
2371,0.494053493769407
2372,0.6123684557746694
2373,0.5313047046697316
2374,0.4669921504935329
2375,0.3970423770489013
2376,0.6349549743097828
2377,0.6012403450818438
2378,0.39917595020541013
2379,0.6233498309353913
2380,0.5081438220785124
2381,0.5357075622343308
2382,0.5067117933091955
2383,0.6405421685518382
2384,0.4248429802397472
2385,0.572683383948332
2386,0.6095179351592491
2387,0.4243150132800257
2388,0.5979552006819753
2389,0.5256089636406949
2390,0.5748273969048152
2391,0.6529561173441161
2392,0.5835906597436838
2393,0.5578752564781377
2394,0.49212749452557936
2395,0.49861291274302993
2396,0.5478639932117417
2397,0.5318416702779927
2398,0.439505353539293
2399,0.5830952719272964
2400,0.3693694953434837
2401,0.5817439688313637
2402,0.37880075046645334
2403,0.4697561467668862
2404,0.5217586860257706
2405,0.5298041992842787
2406,0.4779359321371951
2407,0.4335620145257316
2408,0.6992396281125594
2409,0.40630956067385093
2410,0.40872993758267995
2411,0.5177724397064857
2412,0.2933561479607111
2413,0.5763577185467093
2414,0.5717987969927419
2415,0.3796026374615956
2416,0.4211790725615107
2417,0.35404339535834584
2418,0.602401700894137
2419,0.3746116282885171
2420,0.5950661613817066
2421,0.4775187385800007
2422,0.5288312042101407
2423,0.6078382820353062
2424,0.5299240878577103
2425,0.5404615959913698
2426,0.4580710215733805
2427,0.4634354327621132
2428,0.47125406447589135
2429,0.5488224788912284
2430,0.4410275358081208
2431,0.47649344529583587
2432,0.48766087721157636
2433,0.625602276817552
2434,0.4661393194054676
2435,0.5033075778491598
2436,0.5421910592179485
2437,0.4262996276092491
2438,0.47896149503418045
2439,0.370476170918716
2440,0.6179162342387152
2441,0.4438591070784249
2442,0.5366949586805618
2443,0.5405677599351801
2444,0.6626795731563752
2445,0.5457652500109982
2446,0.49138048803520534
2447,0.45278603076913937
2448,0.5574508001941019
2449,0.4833206509042624
2450,0.4072992799280105
2451,0.4613405721025083
2452,0.43943930843401807
2453,0.4665062629087152
2454,0.549191835568536
2455,0.49307443753921576
2456,0.5112797152280129
2457,0.5443440432010153
2458,0.36694540272820997
2459,0.5751335324292272
2460,0.4800000593253021
2461,0.5795487126239859
2462,0.5374557917372775
2463,0.3853790554437611
2464,0.4320621521142154
2465,0.47670531432397983
2466,0.7199268761808018
2467,0.3485081011715833
2468,0.48099368984356644
2469,0.5657365488474894
2470,0.4602965626459423
2471,0.555390749278319
2472,0.3966498346385666
2473,0.4223896806731023
2474,0.6343258746858227
2475,0.5549446070479128
2476,0.5153761238159226
2477,0.46138759686645753
2478,0.5124197030115336
2479,0.5115447324603397
2480,0.45925517815981726
2481,0.5311097473431075
2482,0.6336863723512706
2483,0.46312845782414713
2484,0.32861542045846415
2485,0.4506358298157314
2486,0.5233538974381856
2487,0.36010353392601113
2488,0.46456699630118425
2489,0.6002333937315247
2490,0.330447642317503
2491,0.5148732489308817
2492,0.527698347562255
2493,0.6410191007629682
2494,0.5183604072186099
2495,0.44638225192212466
2496,0.5858834527441257
2497,0.5157666986917744
2498,0.5524308856135783
2499,0.44449668240116313
2500,0.641741073177648
2501,0.42244688079320225
2502,0.825687882127087
2503,0.45539831207093817
2504,0.7147487648745214
2505,0.5151648573517478
2506,0.6040744966285297
2507,0.5666181813021288
2508,0.42369067241594166
2509,0.3237038795658018
2510,0.6304196309834361
2511,0.5627179381370726
2512,0.28674618577307004
2513,0.5489448765847921
2514,0.6908713151482171
2515,0.4128072746693554
2516,0.45750190598792295
2517,0.5595265569016147
2518,0.6474229787987306
2519,0.596149239791305
2520,0.6724729066913189
2521,0.6868123824648992
2522,0.52222796601798
2523,0.3454852009817273
2524,0.4164295448870162
2525,0.5488378209499822
2526,0.4990361358862421
2527,0.4990644418278367
2528,0.5870406732918523
2529,0.6251606537914621
2530,0.4564167870990804
2531,0.45083814951575624
2532,0.6544118898686196
2533,0.3565246407350196
2534,0.6017005096681187
2535,0.6100469441298126
2536,0.48460541326235157
2537,0.6157327781830019
2538,0.6408361841399997
2539,0.3023356215785077
2540,0.6062093597196736
2541,0.5005377756493243
2542,0.47316333872284905
2543,0.49033436539750885
2544,0.5529422135722074
2545,0.42813033527937805
2546,0.4924736379720431
2547,0.46793262779857475
2548,0.5421627161478736
2549,0.428316763849746
2550,0.5444564575598446
2551,0.4842867499643732
2552,0.6116763476122722
2553,0.6462236702248265
2554,0.5910062070482095
2555,0.4706717678729297
2556,0.43305898172270807
2557,0.544511757037306
2558,0.45125049742871026
2559,0.6148479099378042
2560,0.6014399624482034
2561,0.6068954255920979
2562,0.5486961280836319
2563,0.484903612508332
2564,0.4559765312945637
2565,0.39172669598936655
2566,0.5264554254161855
2567,0.475046787544134
2568,0.4005573669721092
2569,0.5485813455333608
2570,0.48189166601704014
2571,0.5169170930899998
2572,0.4754322830414802
2573,0.6079139939280228
2574,0.3183216965647484
2575,0.5374777027214519
2576,0.546893492633879
2577,0.6901413112991768
2578,0.4863832594762632
2579,0.6063327766857567
2580,0.40497937259029426
2581,0.45848042067687445
2582,0.6112040234046171
2583,0.4517633630589604
2584,0.5111319496494916
2585,0.4367392512282725
2586,0.5487911180981198
2587,0.46844683656954345
2588,0.34641300413448717
2589,0.6330975745149842
2590,0.5024444312965252
2591,0.5219205026855376
2592,0.5268595718246266
2593,0.7720972674312455
2594,0.44025889370865784
2595,0.4896167777520661
2596,0.5422502872488404
2597,0.5159827061467146
2598,0.637278434761279
2599,0.2676584503092692
2600,0.5631034691943124
2601,0.5175448236216138
2602,0.46452217018261166
2603,0.40068501030751086
2604,0.5384360218680585
2605,0.5038029268531136
2606,0.6016913231640113
2607,0.4635325453990118
2608,0.5981823555497356
2609,0.626124063728927
2610,0.5659840198759916
2611,0.6525173672446838
2612,0.5518618834174149
2613,0.5010835239075556
2614,0.5592507780306789
2615,0.5270542864114475
2616,0.6065829713729867
2617,0.5761730922994774
2618,0.39773651362259593
2619,0.4553170159494706
2620,0.39564265652898467
2621,0.5044641847185094
2622,0.4909472113325024
2623,0.7941768758897533
2624,0.5591531753126526
2625,0.4023833412553013
2626,0.5207640272695558
2627,0.5374873226873853
2628,0.4999977375109966
2629,0.41216695965511896
2630,0.49550859405421177
2631,0.6722391079145147
2632,0.45823550820942505
2633,0.578735136011014
2634,0.2868274898208414
2635,0.6526130656101511
2636,0.5179985175214136
2637,0.42911434756194344
2638,0.48637980909426287
2639,0.43367641052103734
2640,0.41643321143964124
2641,0.6657731306075714
2642,0.4499962932730013
2643,0.649869367616015
2644,0.45169867103256434
2645,0.6474548638110336
2646,0.5474418731015084
2647,0.69076686844349
2648,0.3924607822428704
2649,0.5595818910862786
2650,0.4843346643074836
2651,0.3323125962680037
2652,0.38890025025629626
2653,0.5369749399468796
2654,0.4988745054372101
2655,0.4774575444603433
2656,0.528099202581705
2657,0.4004225100945592
2658,0.5386202403770293
2659,0.45306465092484577
2660,0.49790670679394683
2661,0.33224657260872487
2662,0.4483544413689552
2663,0.32615971329941773
2664,0.5096989901736341
2665,0.608136699052929
2666,0.5907797738885079
2667,0.4880958891454986
2668,0.5338752186698148
2669,0.48278468581935735
2670,0.5610063752310902
2671,0.5265522180981843
2672,0.4890842782725452
2673,0.5772882434053653
2674,0.43036902695328016
2675,0.435417544999572
2676,0.4734678872690994
2677,0.44877385554822663
2678,0.5397972086757028
2679,0.5420167851920957
2680,0.45973262545561466
2681,0.42727589144285316
2682,0.5309513859903628
2683,0.3685028980905551
2684,0.516075034169406
2685,0.5368637915598703
2686,0.5323071775456569
2687,0.5891805041206408
2688,0.6204255594275688
2689,0.592955224322506
2690,0.5816051876364776
2691,0.5681733572936731
2692,0.5815620793651127
2693,0.5417164805524455
2694,0.36200636515902507
2695,0.6650901256417536
2696,0.46539866903642496
2697,0.5996343135293892
2698,0.4555943820514261
2699,0.39848712200867625
2700,0.3970503408711562
2701,0.4029807123199544
2702,0.6087975627754152
2703,0.5949207617664493
2704,0.5283050786508873
2705,0.39418187377750424
2706,0.46175138690029366
2707,0.6934929014233409
2708,0.45447107846356793
2709,0.6444468930616765
2710,0.7974208853494458
2711,0.7230960605153779
2712,0.47572192118704537
2713,0.39159985086527227
2714,0.47757330774361983
2715,0.5504371006018537
2716,0.4725341672686194
2717,0.4255319710187839
2718,0.5602190290291037
2719,0.43658430658175906
2720,0.7245947283803279
2721,0.49245227521821283
2722,0.4610656177644229
2723,0.6705950847392763
2724,0.5561585440962825
2725,0.4767608335180423
2726,0.5626616934340973
2727,0.4324941573657092
2728,0.5270345715150486
2729,0.7307760976077962
2730,0.3936771696153449
2731,0.6577990948113671
2732,0.45337041599048467
2733,0.5123315553508913
2734,0.5308807366139826
2735,0.5244071619591388
2736,0.45939485102192135
2737,0.4462461358542697
2738,0.4804276255362976
2739,0.49656742417250405
2740,0.4032614300324442
2741,0.37491402092927795
2742,0.42821572754709986
2743,0.3853660681110575
2744,0.5508135786767585
2745,0.5301496178851667
2746,0.6771957905624209
2747,0.5416811329582023
2748,0.4746908150208318
2749,0.4927923704350802
2750,0.4805658434633115
2751,0.39968911442889454
2752,0.6258620308122527
2753,0.7053640562795906
2754,0.5502602242963588
2755,0.5420489991701938
2756,0.5512238540459984
2757,0.6304274884313712
2758,0.47920002824897917
2759,0.440192460850873
2760,0.4849722727170431
2761,0.44368144131083276
2762,0.5229592165083515
2763,0.669896919571966
2764,0.479021327853857
2765,0.49931689549128633
2766,0.5408982406799989
2767,0.3931214902655118
2768,0.4787093269967513
2769,0.48759910591884414
2770,0.45272341474612654
2771,0.4930988798563924
2772,0.5180130101394651
2773,0.5346644331782486
2774,0.49166473424064955
2775,0.37549264237789404
2776,0.4787671721520703
2777,0.5046828544862727
2778,0.4591889340938364
2779,0.557194335960731
2780,0.4733952262961596
2781,0.5680951192137002
2782,0.5502352456664166
2783,0.5056650547730488
2784,0.4076381562245204
2785,0.43018876097361536
2786,0.5822789451006964
2787,0.5765470266382092
2788,0.2976048812801262
2789,0.5483689646003453
2790,0.4567143660444621
2791,0.4977248751641214
2792,0.4967849870697882
2793,0.42577182577254913
2794,0.7365532585367537
2795,0.492334931372233
2796,0.5208570569505876
2797,0.4422447577549218
2798,0.5826585493938888
2799,0.4123905232739306
2800,0.4741797747430224
2801,0.7208943022081171
2802,0.3859438001156942
2803,0.5708456758741064
2804,0.5322941984079479
2805,0.451070200211739
2806,0.6498954963290157
2807,0.43438050908957493
2808,0.5649803801220792
2809,0.4462815653667992
2810,0.48057222971248803
2811,0.5294220338844186
2812,0.5247495865074224
2813,0.5345383409381942
2814,0.45374962573266525
2815,0.4701520591342403
2816,0.7750857904880852
2817,0.617219874980225
2818,0.645852484594357
2819,0.6271389855970516
2820,0.5149692969462522
2821,0.4475833509649454
2822,0.659184831225148
2823,0.5409512766107964
2824,0.3975183915978037
2825,0.5826448757057346
2826,0.4737252723859762
2827,0.5174019381496919
2828,0.3523822107051712
2829,0.4013817851870264
2830,0.5789798699933135
2831,0.4069058904480262
2832,0.40360915745055054
2833,0.5185511656921978
2834,0.46687065311169923
2835,0.5303234654589735
2836,0.46221594862215254
2837,0.5608057803543032
2838,0.4763041228322629
2839,0.336955248136061
2840,0.4469327222416023
2841,0.41326507052138484
2842,0.485668074559523
2843,0.4643306253383206
2844,0.49935614810407397
2845,0.4496100316846486
2846,0.5158391853174076
2847,0.5176225112696321
2848,0.4922662215353295
2849,0.48633310387216194
2850,0.51156348274353
2851,0.49032525826542744
2852,0.8365453657526742
2853,0.4359243572948013
2854,0.5796001541492123
2855,0.5327282642749903
2856,0.6932887413469407
2857,0.4362957191286908
2858,0.704588089504325
2859,0.49934867060709515
2860,0.7747170480762969
2861,0.5716320262176078
2862,0.39829418577247383
2863,0.4532258293459687
2864,0.6554344467474233
2865,0.4479702511869228
2866,0.49518514082869897
2867,0.5103314157797066
2868,0.5196606334089753
2869,0.4582152822184773
2870,0.4863505419326008
2871,0.6747890731939024
2872,0.4583987648738798
2873,0.49542745734779486
2874,0.46366993364716763
2875,0.5637541683770265
2876,0.5370101421725341
2877,0.4908511564820926
2878,0.5437540452249003
2879,0.44437518470098153
2880,0.3949868819126526
2881,0.43084753907534296
2882,0.46827684879445475
2883,0.6904722118121259
2884,0.4532430174381152
2885,0.4493709833746721
2886,0.6069865526705873
2887,0.4202567347138608
2888,0.4686279237954602
2889,0.433861658200545
2890,0.36333138213607835
2891,0.5149597636293343
2892,0.47857915267973816
2893,0.38199013714307617
2894,0.5048252011944488
2895,0.49973995723942166
2896,0.4493811555199224
2897,0.5416693843035444
2898,0.4829595636203175
2899,0.6410528926424024
2900,0.5461329111860385
2901,0.3974689137462743
2902,0.4469659394293021
2903,0.5026630763481081
2904,0.5370546042235844
2905,0.3991615333848666
2906,0.48864484608661013
2907,0.4496428201211936
2908,0.441683015441132
2909,0.4713610953627719
2910,0.4918068494778795
2911,0.4295507633130915
2912,0.6894467932759076
2913,0.5804095376343821
2914,0.35978247210268244
2915,0.49972637946166176
2916,0.407357797092734
2917,0.6292052722683731
2918,0.7171205939647323
2919,0.46096604521608536
2920,0.41074850275945085
2921,0.48473735180412136
2922,0.5528012512024559
2923,0.4510425611568852
2924,0.734926142682603
2925,0.5410319567317884
2926,0.647398993839986
2927,0.452155324064414
2928,0.39944676589044714
2929,0.4391392297733079
2930,0.555129011457231
2931,0.3620519806631298
2932,0.6693726347586298
2933,0.5303466615495549
2934,0.6326287140993939
2935,0.49328230299503395
2936,0.38240267805880657
2937,0.6294171007775048
2938,0.4080789953922845
2939,0.42882147757849265
2940,0.6225980027646136
2941,0.6423996901906214
2942,0.5359097802896081
2943,0.38739042461958206
2944,0.4861157657990103
2945,0.6059258732512891
2946,0.4049176342890421
2947,0.5877562271240638
2948,0.41649887514785755
2949,0.4775971000145765
2950,0.43506963779985136
2951,0.4210916841195684
2952,0.4390687932978784
2953,0.5970616205543927
2954,0.5433537809292758
2955,0.42568786450778956
2956,0.4675964889582465
2957,0.6298373694256965
2958,0.6622137915602683
2959,0.4151349930640532
2960,0.3940197606844498
2961,0.46326461169876604
2962,0.5189665271677907
2963,0.47098401008615987
2964,0.4231920669903104
2965,0.6205125862165561
2966,0.545136641151679
2967,0.4463054449170174
2968,0.7825423439604143
2969,0.7504441346561881
2970,0.546888877440629
2971,0.5551795756477558
2972,0.40635477380595386
2973,0.6201015134797705
2974,0.5255647296469492
2975,0.43001430010476666
2976,0.6440892916831897
2977,0.4173484290507441
2978,0.6605704668142042
2979,0.4877183833370333
2980,0.501898861971143
2981,0.5349784421918677
2982,0.5442988895839918
2983,0.47102649421538
2984,0.45357971898355687
2985,0.4652249048058111
2986,0.5936975097448197
2987,0.4369704279695446
2988,0.8019298896634668
2989,0.45662173258449634
2990,0.46484125003549465
2991,0.511782725811944
2992,0.4854099313167008
2993,0.5352134669375317
2994,0.5534536326146143
2995,0.472272172672059
2996,0.4486855384493292
2997,0.5282660472800872
2998,0.5421137538421711
2999,0.44864416275796326
3000,0.6157041222657865
3001,0.5957521818128868
3002,0.4190461953431131
3003,0.5683620250024125
3004,0.5503211496166265
3005,0.4358612648586496
3006,0.4752305557544222
3007,0.5582514612192438
3008,0.4597391097429949
3009,0.5380167191513945
3010,0.5098404423794816
3011,0.3946993654790121
3012,0.6184733590343223
3013,0.45909397054298523
3014,0.5426003359585094
3015,0.7664634656788478
3016,0.6103487544215598
3017,0.49218281496276745
3018,0.5579387179185931
3019,0.5020592575401589
3020,0.4406938544087663
3021,0.5239043641549459
3022,0.5176618460748469
3023,0.3187334503604412
3024,0.567011568074291
3025,0.42267488870264835
3026,0.5980647718007116
3027,0.561855134319418
3028,0.5407081286619837
3029,0.5261368195795433
3030,0.5054999104685219
3031,0.6709945666303858
3032,0.41982063765909533
3033,0.4717256526769102
3034,0.6856136398170111
3035,0.43207459166350004
3036,0.3929282923450992
3037,0.5153837486810529
3038,0.602653386507272
3039,0.44873790057799284
3040,0.5861019936414612
3041,0.4625094731526691
3042,0.5491548722647953
3043,0.582642164770063
3044,0.5174118996860635
3045,0.5159139562656376
3046,0.4035469095270816
3047,0.5889941960966132
3048,0.398187018444825
3049,0.5970593730348066
3050,0.5836781051885861
3051,0.41175514392076673
3052,0.4685514541177611
3053,0.5585381945027583
3054,0.3627574790332212
3055,0.41446646248375296
3056,0.43386751042972627
3057,0.5135394282292237
3058,0.7138029272872876
3059,0.437899415828946
3060,0.46079608308262554
3061,0.5354153357784701
3062,0.31618500016102913
3063,0.5063997039957546
3064,0.5296904769283832
3065,0.5593570564503149
3066,0.5715116135425188
3067,0.4501483283283124
3068,0.44242892406201656
3069,0.4727859744296335
3070,0.5411284549185492
3071,0.5316912242876011
3072,0.4562993336309922
3073,0.5467785274367795
3074,0.6625245573991994
3075,0.7068545343678826
3076,0.4862878023450383
3077,0.5407073471616797
3078,0.40850480387367905
3079,0.5547130713064181
3080,0.500046465653601
3081,0.5510604925600112
3082,0.4277556058368248
3083,0.5032835440173135
3084,0.6464035716981272
3085,0.7179857530653782
3086,0.5317843752901041
3087,0.5817305075151528
3088,0.742067662096772
3089,0.586294275735719
3090,0.5749866762827143
3091,0.37160479702628535
3092,0.5332219950730521
3093,0.6728518549929488
3094,0.3879482643823034
3095,0.5504427296842376
3096,0.4850060949486491
3097,0.5315963562198823
3098,0.5610220908223568
3099,0.4272131713004886
3100,0.6258254795276504
3101,0.4640311548142859
3102,0.36224031076173524
3103,0.5978507472252678
3104,0.48939827303063077
3105,0.7433436616616078
3106,0.5067709528941525
3107,0.630763792349673
3108,0.6163550534465083
3109,0.46749242240899563
3110,0.5725619216732687
3111,0.5588533226518726
3112,0.40497318890251754
3113,0.46087859809052933
3114,0.5902049505140522
3115,0.3905637171412982
3116,0.3905504439489297
3117,0.5764472986488209
3118,0.42696383662597703
3119,0.5160238879128819
3120,0.7421212362216254
3121,0.5337153339041641
3122,0.561869546699543
3123,0.4946423289091162
3124,0.6452755006561062
3125,0.6178620304831673
3126,0.4183563170643094
3127,0.46566219670612413
3128,0.4824685855401576
3129,0.39095023632084425
3130,0.5165598427106994
3131,0.5320309378652275
3132,0.2948847924924528
3133,0.6697123499378967
3134,0.6240770446740349
3135,0.43001527561089603
3136,0.47627821218946
3137,0.5240600787421356
3138,0.7065348935750946
3139,0.6908526514811006
3140,0.4715682030486078
3141,0.4771430065475579
3142,0.6618812764237905
3143,0.4098758846081523
3144,0.5691102456743606
3145,0.5340459135188403
3146,0.5178062626149887
3147,0.7485765130262606
3148,0.43262566263429936
3149,0.39797209655114985
3150,0.5579178095309254
3151,0.504469582095433
3152,0.4840498761931333
3153,0.5535340575858038
3154,0.5997845054914106
3155,0.3762744330568992
3156,0.4776765015058514
3157,0.5599010505225723
3158,0.608437225880896
3159,0.4648171962220806
3160,0.586175048965029
3161,0.4681181547767591
3162,0.5631454194134936
3163,0.5656981651538437
3164,0.40778960085887095
3165,0.5307702024507073
3166,0.5097363518725733
3167,0.5553463768720592
3168,0.6561803509869704
3169,0.7842600840110074
3170,0.4381843804154023
3171,0.4505734059060084
3172,0.44337548825225315
3173,0.42528840265158185
3174,0.4381588044801078
3175,0.49432649479051155
3176,0.6144505343393686
3177,0.4560186684628312
3178,0.4605109276950093
3179,0.543467298142887
3180,0.4072481417282459
3181,0.4921977614608207
3182,0.4557908815856551
3183,0.5612410955797832
3184,0.5579680355795096
3185,0.3532886907941588
3186,0.5139315812409868
3187,0.4628928713513443
3188,0.5719886391883899
3189,0.4932020121929447
3190,0.6948093992704808
3191,0.5136739854072271
3192,0.6493661267697891
3193,0.5311731583965286
3194,0.4013895230278545
3195,0.6233579761519596
3196,0.4356213208270774
3197,0.6541115286098675
3198,0.2978816973259773
3199,0.544401919580561
3200,0.5048561230067312
3201,0.41287109269891553
3202,0.5780486893305188
3203,0.5128802847563936
3204,0.6119124132529246
3205,0.6025559022065752
3206,0.5209925507996421
3207,0.6653567334684991
3208,0.7437564934235378
3209,0.4462523596805053
3210,0.46873926615568745
3211,0.45650234443359344
3212,0.5546160396236357
3213,0.49109002570152593
3214,0.37863459306365
3215,0.3737786407492964
3216,0.4977041443590255
3217,0.6194010373756745
3218,0.49766635742851856
3219,0.49454928369481327
3220,0.6044474885516198
3221,0.3971823904760144
3222,0.5565386093044425
3223,0.4965626007353647
3224,0.4636596666807771
3225,0.5252013451096438
3226,0.6006108491822489
3227,0.5651552074297271
3228,0.4389385161196616
3229,0.4270500105908529
3230,0.755904613094288
3231,0.5147619693754749
3232,0.448790461272601
3233,0.47835607738706665
3234,0.5425108410156252
3235,0.6145590153684777
3236,0.5010417836449212
3237,0.5094112772251461
3238,0.4815610043776961
3239,0.7089628556849561
3240,0.47117906198585924
3241,0.6212730241457892
3242,0.5285053341353062
3243,0.367537101384002
3244,0.4101315258815383
3245,0.521467252626775
3246,0.49876481323488386
3247,0.6258715454457554
3248,0.5081697796418736
3249,0.5305832331083379
3250,0.4653813548990797
3251,0.6404756929153569
3252,0.35281627526744824
3253,0.5556398023015415
3254,0.6654805333429556
3255,0.5302403452497809
3256,0.7169005700029301
3257,0.45021571188441084
3258,0.4829834776961136
3259,0.3856829453605424
3260,0.5446965080540966
3261,0.5470180691228266
3262,0.5396226588090944
3263,0.37442046706757837
3264,0.6823322541690264
3265,0.37325720276493146
3266,0.5163986026380126
3267,0.4689231659252375
3268,0.497221262205997
3269,0.5710268546191409
3270,0.5677330243852092
3271,0.5915731358798194
3272,0.5016425780414772
3273,0.47079733674632734
3274,0.6046912781968689
3275,0.5389618139278731
3276,0.6917827258717262
3277,0.6930808872596401
3278,0.38288383218338845
3279,0.5737901418632924
3280,0.4237485478317999
3281,0.49590207376019196
3282,0.48445179205959554
3283,0.5567489290599664
3284,0.47211658971065734
3285,0.5789748480581896
3286,0.5729304349331646
3287,0.5932668211303408
3288,0.5660601423315507
3289,0.5445914793870683
3290,0.518602972233937
3291,0.5541423921596333
3292,0.4951556593852952
3293,0.35117344806841755
3294,0.4566263475942827
3295,0.4252789453157189
3296,0.39234090659693777
3297,0.47441119820790145
3298,0.6043444604452393
3299,0.6845487307106422
3300,0.4110364251203539
3301,0.4294013931508903
3302,0.4728200227260666
3303,0.47783251986796327
3304,0.398049165701626
3305,0.590248823981799
3306,0.6734061115046488
3307,0.46653217485415566
3308,0.4506434476618015
3309,0.43318470240250084
3310,0.4274571948228356
3311,0.5596903050968274
3312,0.5272664318179235
3313,0.5214135548810312
3314,0.7147625748899356
3315,0.4691579031750628
3316,0.39326380129361693
3317,0.5600904038612964
3318,0.6101058568489391
3319,0.6327506017089213
3320,0.5914535485832084
3321,0.49982840060635536
3322,0.380394348299452
3323,0.553917186026335
3324,0.4588394226228186
3325,0.536606486788494
3326,0.48810263644503105
3327,0.520756179807426
3328,0.6086837899967734
3329,0.547319154209668
3330,0.4864316444934134
3331,0.5218131594653056
3332,0.6209133489240088
3333,0.31534926980495187
3334,0.5687210858019451
3335,0.567805800290832
3336,0.5224686921142687
3337,0.5716268284237376
3338,0.48592131331685406
3339,0.468287964672436
3340,0.4972255136879136
3341,0.6397299480494996
3342,0.3992507844348681
3343,0.37545829482577353
3344,0.5392841619182913
3345,0.5354837962554848
3346,0.3760786296930747
3347,0.5723990519337072
3348,0.5763717826696437
3349,0.6155904546617288
3350,0.383656257338536
3351,0.5529480259764487
3352,0.5363227889562701
3353,0.5761005788287215
3354,0.757411917703352
3355,0.39524590715721764
3356,0.5264167218249042
3357,0.5261174015680203
3358,0.4711836977644117
3359,0.45889921835456654
3360,0.5521102391067986
3361,0.5733885176192187
3362,0.37032685716792096
3363,0.5303416251220303
3364,0.5208787575081643
3365,0.38034361373692666
3366,0.30754353248101646
3367,0.4863252106054226
3368,0.52409407382567
3369,0.33234495626362426
3370,0.6099451601282009
3371,0.4256680217926309
3372,0.4918956816675861
3373,0.48202021084083596
3374,0.5168788012055711
3375,0.5721019114752235
3376,0.3588839729400316
3377,0.37922912507182055
3378,0.4756787641443269
3379,0.4944025392565588
3380,0.5685279494990032
3381,0.6543010596431681
3382,0.41271065707942045
3383,0.4640958358004789
3384,0.5916179874053393
3385,0.48726428954273326
3386,0.5668263052214362
3387,0.6256131730636935
3388,0.6098180845417931
3389,0.44365953831059235
3390,0.5720628065943499
3391,0.528462368694587
3392,0.6334199680419553
3393,0.4733471700229453
3394,0.5596091190643597
3395,0.4072318767241171
3396,0.5206420345562508
3397,0.48724580123184974
3398,0.4344757981126893
3399,0.43939597125819246
3400,0.5432000307772507
3401,0.6935128551834119
3402,0.35625517631575043
3403,0.4800236930307012
3404,0.5036985587362075
3405,0.40716480660023774
3406,0.6833468068897831
3407,0.4487245117053377
3408,0.4135092942778859
3409,0.5198387402560677
3410,0.7301248058850766
3411,0.5714133224079567
3412,0.3944377995437986
3413,0.3804750316909521
3414,0.6377812190720717
3415,0.35931724916703256
3416,0.6866312207483454
3417,0.46636599824716046
3418,0.4577652356717876
3419,0.6083595800793957
3420,0.4272640619006892
3421,0.5329947341831963
3422,0.41109055404986383
3423,0.6496971208894414
3424,0.49231888451130934
3425,0.5041392506354807
3426,0.4656384126723719
3427,0.565191151908306
3428,0.4788893276592265
3429,0.7437588732471292
3430,0.45572859334158217
3431,0.4735204687963667
3432,0.4016649604906101
3433,0.3266826853531357
3434,0.578591216289491
3435,0.730283677261617
3436,0.4644454193535028
3437,0.5509915238336192
3438,0.39845027424457247
3439,0.4605256270367925
3440,0.5091198953523004
3441,0.3997198304349924
3442,0.4563118947021921
3443,0.516394617562086
3444,0.5725682448228889
3445,0.5104686573257501
3446,0.6355984346230318
3447,0.5406396515578739
3448,0.5461890647050325
3449,0.5712967458108321
3450,0.4125185733799626
3451,0.39021155377174077
3452,0.41940061899391323
3453,0.45556425059321226
3454,0.5039981039885163
3455,0.5011640243197446
3456,0.5909492714778267
3457,0.5074991521427891
3458,0.46968070813316004
3459,0.417505041046661
3460,0.661693374030595
3461,0.5137174483318381
3462,0.42709068910761566
3463,0.740199301041131
3464,0.49482611217466094
3465,0.5196819546317135
3466,0.7720346694226303
3467,0.6047453841476803
3468,0.6137519960540768
3469,0.4417683316531218
3470,0.6018849297302933
3471,0.5125196287142008
3472,0.5263848858283696
3473,0.5468284394464968
3474,0.42686926265704617
3475,0.5352224812175714
3476,0.5178225733956874
3477,0.5420275635167753
3478,0.5599722230554824
3479,0.7038117211451285
3480,0.6115408666751195
3481,0.5082198424355051
3482,0.49575936275015275
3483,0.7241019549641099
3484,0.4230357526983508
3485,0.722148201044422
3486,0.4749607333694199
3487,0.7415245171244065
3488,0.5790187002796374
3489,0.6286248743865764
3490,0.4008297376630044
3491,0.5851220327177613
3492,0.4008755798548404
3493,0.33896135591397564
3494,0.66086394745424
3495,0.756023123938346
3496,0.5052728582666333
3497,0.5388107351199012
3498,0.6200616892369055
3499,0.5101220030188884
3500,0.656570904926489
3501,0.5266326180490577
3502,0.577639841465392
3503,0.374839775294449
3504,0.4048099393341219
3505,0.5877168526340029
3506,0.6337307844915666
3507,0.4783268838852129
3508,0.6015208247886161
3509,0.6873732387367233
3510,0.5170822701236067
3511,0.33344096202445
3512,0.5042662957304244
3513,0.45553434048229585
3514,0.5882283390176777
3515,0.48239165206321377
3516,0.3613203460869866
3517,0.34920059892633104
3518,0.4821848292166197
3519,0.33146108616848524
3520,0.45382862892106923
3521,0.5146207953406994
3522,0.40728595439940496
3523,0.43102772349717133
3524,0.4599055700769905
3525,0.5078982552334974
3526,0.5490534508873334
3527,0.4363231565574886
3528,0.620733771410475
3529,0.5187485386354909
3530,0.5243385294112589
3531,0.6636068164351898
3532,0.5864105531894767
3533,0.4209484543619359
3534,0.4280485558440388
3535,0.4863891098373506
3536,0.4478364253073873
3537,0.4546394595223861
3538,0.6833599955062847
3539,0.5743227538972127
3540,0.4481909439397918
3541,0.48492958320205265
3542,0.4768113975870545
3543,0.6422129999830104
3544,0.4842119126742707
3545,0.6627171394455479
3546,0.8369189889562149
3547,0.4038053714776017
3548,0.5574623520218791
3549,0.643812516012329
3550,0.551249561256791
3551,0.4117366065005362
3552,0.7303046243893336
3553,0.48487729058849605
3554,0.5769855695203735
3555,0.6040578088339212
3556,0.48170524653971036
3557,0.43568772047567117
3558,0.4490526081668713
3559,0.4281583760816061
3560,0.7019548780410941
3561,0.4856803138899687
3562,0.46594969623177723
3563,0.6654575299698671
3564,0.5045673208510607
3565,0.49163263172354443
3566,0.6060687437136068
3567,0.7197125832409801
3568,0.6323328725558408
3569,0.5564050853824585
3570,0.4272349358840363
3571,0.4867590653457455
3572,0.41749788618388317
3573,0.38993309363608253
3574,0.43650798718901174
3575,0.5454939846734687
3576,0.5222757369370687
3577,0.5400451871791679
3578,0.5467798495709227
3579,0.5528565662059169
3580,0.5232850029509613
3581,0.5960866697050852
3582,0.6214197852916945
3583,0.5488732634770513
3584,0.5969306745955805
3585,0.5443295568352533
3586,0.49625253156556537
3587,0.7025313770463649
3588,0.4124217208797021
3589,0.3235566115716447
3590,0.46341077746730147
3591,0.35328674696251605
3592,0.45041768250105546
3593,0.44998475129376597
3594,0.5979876009430177
3595,0.3695572737425915
3596,0.6588478193397034
3597,0.3873718410628413
3598,0.45791858255299267
3599,0.4456520851324627
3600,0.5390997246255528
3601,0.5872338948914211
3602,0.5704644951110496
3603,0.526636310342142
3604,0.4629851045008223
3605,0.4946572973497582
3606,0.4923446703244723
3607,0.517657533827452
3608,0.5953187440860348
3609,0.629876645698005
3610,0.6156227593718959
3611,0.4715546839951624
3612,0.845097621695902
3613,0.4040976846654679
3614,0.4702899443640522
3615,0.45725050464737127
3616,0.4941377375727188
3617,0.3669862165978207
3618,0.5161568264560596
3619,0.5209272609533178
3620,0.5004598411665279
3621,0.5855429247117832
3622,0.6247520155338325
3623,0.599113582706218
3624,0.31206388669702473
3625,0.4466366607648212
3626,0.4710997293399829
3627,0.5148131304036719
3628,0.5124452152152196
3629,0.4421033668897765
3630,0.6866087899682701
3631,0.39971423380100063
3632,0.4786166010007922
3633,0.5533824261936099
3634,0.42619137343262026
3635,0.45783898469110895
3636,0.3099932770300947
3637,0.5807587127018349
3638,0.5772277683850953
3639,0.5670984278788703
3640,0.6391360081619631
3641,0.6051660189670848
3642,0.5990712795445063
3643,0.5020607239123634
3644,0.6122951855219211
3645,0.5576766269423467
3646,0.6254418533490089
3647,0.42229182346721383
3648,0.4356567285087965
3649,0.4929072765550302
3650,0.4665194925237583
3651,0.27250270158947093
3652,0.38749826652303804
3653,0.5122764906056138
3654,0.4581956781054989
3655,0.4415515211542607
3656,0.509830991429797
3657,0.4828671792707513
3658,0.608253811038328
3659,0.4801117442340261
3660,0.6157129375578781
3661,0.36918313908258094
3662,0.46464247250447605
3663,0.5096651270588778
3664,0.45778260875034754
3665,0.44491712765722136
3666,0.43696941703850556
3667,0.4492077937086978
3668,0.5621082872098253
3669,0.5639157433925321
3670,0.4772513702619846
3671,0.5419999465684375
3672,0.34366700063620426
3673,0.46530077630965483
3674,0.4270414607211543
3675,0.5594666587028179
3676,0.6029301445591393
3677,0.4937001086903001
3678,0.5378677276579322
3679,0.5912389509650364
3680,0.5350752044448063
3681,0.5684300368165585
3682,0.4099425440493838
3683,0.5190352477622043
3684,0.5084378635698443
3685,0.49283814302912154
3686,0.46456770783511325
3687,0.7062117123711936
3688,0.4756977546976522
3689,0.5813747297465381
3690,0.4332805955972012
3691,0.5042599886247981
3692,0.5799444536567224
3693,0.6123082374959548
3694,0.4620049022095629
3695,0.35813714801681507
3696,0.3956669795119158
3697,0.5300031282563129
3698,0.5440185609246431
3699,0.410068183617327
3700,0.4191223404118485
3701,0.5930371794308171
3702,0.6547056247312448
3703,0.6899711807271378
3704,0.5135016225053302
3705,0.685111087545857
3706,0.5875062887345898
3707,0.42508943376463176
3708,0.5408013646461118
3709,0.4566039208413261
3710,0.435531063513231
3711,0.5538378581401148
3712,0.4961544047226516
3713,0.7015441344706665
3714,0.5788373401196556
3715,0.5399506499638167
3716,0.29024284964864444
3717,0.676017021931472
3718,0.6010246342864743
3719,0.492990136799175
3720,0.5197678619978843
3721,0.6141862661662771
3722,0.606875802416475
3723,0.4031954152966498
3724,0.6755469815787645
3725,0.4263263875183163
3726,0.6492701708336752
3727,0.5187362949865787
3728,0.4194169764650313
3729,0.49892939779375794
3730,0.8222870441254331
3731,0.4794388144552896
3732,0.6124536884660577
3733,0.5094419437799373
3734,0.48406948780963105
3735,0.628156131764422
3736,0.5353094433166925
3737,0.37684657642937824
3738,0.5670376065747508
3739,0.4862118169519486
3740,0.6394880237071793
3741,0.46353849409581227
3742,0.37744428060933305
3743,0.5680896009454589
3744,0.3709021494440935
3745,0.5591996030148441
3746,0.4947351688485099
3747,0.42989247559841326
3748,0.4146023570217602
3749,0.7050409945082416
3750,0.607578408115581
3751,0.4859222992441503
3752,0.4709023644165832
3753,0.5065118344890578
3754,0.41538140848897676
3755,0.44949183735231474
3756,0.5365523111167781
3757,0.43374949707056987
3758,0.430126297637516
3759,0.4363647546643138
3760,0.5670447059966487
3761,0.49859075995909913
3762,0.45988742776669483
3763,0.4612339399212217
3764,0.5155686840966798
3765,0.530508036968277
3766,0.6701398651223787
3767,0.47952405406426996
3768,0.6707976065569702
3769,0.5645206422257768
3770,0.589238287441859
3771,0.5756386327086682
3772,0.549075196581068
3773,0.683459055252411
3774,0.5597892317514075
3775,0.37685822468692287
3776,0.4924489140184419
3777,0.5010678741105836
3778,0.5489789402118352
3779,0.5933815572757489
3780,0.483089610134084
3781,0.5577224994964035
3782,0.46839765981971143
3783,0.4190257099011624
3784,0.43824912726092274
3785,0.5338981798738189
3786,0.540149447514803
3787,0.6128460704940477
3788,0.7570612129386415
3789,0.515339985366368
3790,0.5855051841108883
3791,0.541922666017447
3792,0.43629660638170814
3793,0.47775981804692563
3794,0.602320661997429
3795,0.29281908035209403
3796,0.6182109180397208
3797,0.5394147303004069
3798,0.4661754032155726
3799,0.5430022867466675
3800,0.4311441964003976
3801,0.6192407504477555
3802,0.44984889893501606
3803,0.47294855045515005
3804,0.48978196748638625
3805,0.5612399687460999
3806,0.45465418469160984
3807,0.44118315245009243
3808,0.5929099047719938
3809,0.7472290942059054
3810,0.46875758338463835
3811,0.5199301716754033
3812,0.5493632600623151
3813,0.48595769539357875
3814,0.5507507176229762
3815,0.4711108136172662
3816,0.44789153080417743
3817,0.4191541936686306
3818,0.4126862316800233
3819,0.5422583955701007
3820,0.6818477372866867
3821,0.46232954210899224
3822,0.5102105614355774
3823,0.4592182739890769
3824,0.6382353995195086
3825,0.5429921302651135
3826,0.707181578037507
3827,0.4864979370671705
3828,0.5863543949483666
3829,0.5411763179506128
3830,0.4418921094789892
3831,0.48823575178492035
3832,0.48633734848195315
3833,0.5754938139872297
3834,0.516804491676122
3835,0.42026331932803596
3836,0.4420787447234912
3837,0.5076631383558837
3838,0.3648460212712946
3839,0.5223460064221861
3840,0.5299008728025294
3841,0.44796591766530447
3842,0.5081169542680919
3843,0.39988294911688127
3844,0.5373533196523511
3845,0.5593074710703069
3846,0.5149346241582062
3847,0.4879880993392412
3848,0.4955876720579762
3849,0.45620616362443295
3850,0.4949790764906302
3851,0.5810952702418853
3852,0.41470303498870664
3853,0.8367066346437865
3854,0.5232683855437823
3855,0.5780001243195101
3856,0.5108902652867783
3857,0.42002848036475926
3858,0.6624955816255561
3859,0.6026697012055481
3860,0.5389962122052637
3861,0.5325611136180489
3862,0.4514170523542458
3863,0.48744192282397475
3864,0.5238040372370903
3865,0.49786848370998676
3866,0.47429434066161036
3867,0.5635083730489746
3868,0.46464133113479816
3869,0.5720719743720217
3870,0.5513875909288772
3871,0.4634724652352244
3872,0.44299044945639604
3873,0.7202262035333263
3874,0.427216546643686
3875,0.5200378883661905
3876,0.5910296380229465
3877,0.5255853380749037
3878,0.39249867568278474
3879,0.431702607814066
3880,0.6683022992138312
3881,0.4538486234194746
3882,0.4627276882766505
3883,0.4675631148796562
3884,0.5555841577236263
3885,0.4497240632625557
3886,0.43187722598008976
3887,0.5213012973440675
3888,0.5492001638311592
3889,0.5412239436993811
3890,0.5610887321791053
3891,0.45597749536323445
3892,0.5470868964081327
3893,0.5286281761288676
3894,0.5811172930172507
3895,0.5257101098264747
3896,0.5315588787199318
3897,0.38885134209782685
3898,0.49432213472206854
3899,0.3695740501232929
3900,0.545214291963563
3901,0.47430023317255815
3902,0.5379386384001905
3903,0.5207449657123048
3904,0.5229536447035642
3905,0.5529974347552788
3906,0.6373144646483742
3907,0.559372268220745
3908,0.6380382465261769
3909,0.6017689441452096
3910,0.43962179753029623
3911,0.38396320387902244
3912,0.5413108284343563
3913,0.519890056651051
3914,0.5031691401654519
3915,0.4688488041563693
3916,0.5586631278591921
3917,0.5953945899571607
3918,0.4136418576774714
3919,0.44814429680519346
3920,0.6681971906067298
3921,0.38708947930149884
3922,0.3509513909467971
3923,0.8053044944176322
3924,0.6231550317972178
3925,0.4629140154343888
3926,0.35931495349307974
3927,0.4294804301974371
3928,0.5401698277513207
3929,0.5464275209933269
3930,0.5866890572872617
3931,0.36001859972595573
3932,0.4061910746093098
3933,0.5351763467733408
3934,0.8533032391022775
3935,0.6273062461483785
3936,0.43786008197210463
3937,0.3411014952332235
3938,0.3173257198530279
3939,0.4656822632042426
3940,0.48915117831994714
3941,0.4740030658600327
3942,0.5724762397174166
3943,0.4213303471718595
3944,0.36199178761972683
3945,0.581840458196878
3946,0.3962866838665288
3947,0.5340468724172683
3948,0.4899636607046241
3949,0.5318150651028936
3950,0.41433120561416037
3951,0.5956373186018745
3952,0.4388537603919891
3953,0.4428581438773887
3954,0.5708833811613818
3955,0.41054126680793324
3956,0.6069325624659434
3957,0.5598487051720573
3958,0.4647960142812055
3959,0.48728031776185937
3960,0.7467198485272923
3961,0.5862567121350638
3962,0.5087492796398271
3963,0.4320957693984544
3964,0.42771001476127585
3965,0.48925907986171496
3966,0.5678302237887877
3967,0.4005418744820033
3968,0.4825016381202851
3969,0.378457009520224
3970,0.5165665066913304
3971,0.470400512963941
3972,0.5435039044506034
3973,0.4633809998414541
3974,0.4523635508412519
3975,0.4681807359327317
3976,0.44146206034382585
3977,0.5725824892056373
3978,0.39809162178552016
3979,0.5839485109415593
3980,0.502566961032632
3981,0.5134640965182875
3982,0.5215735404376277
3983,0.4795580351221642
3984,0.4850633267777947
3985,0.4787775460372582
3986,0.53375220380864
3987,0.4370628272915914
3988,0.4873371084680211
3989,0.2542208656994087
3990,0.4037294531156459
3991,0.5608651492593807
3992,0.5279398552693494
3993,0.44262005810365446
3994,0.5523921701848207
3995,0.49974121487688955
3996,0.4360349933351154
3997,0.5390485104436558
3998,0.351221987039895
3999,0.4996139713355658
4000,0.4766783867493851
4001,0.5539282305636095
4002,0.42558625742922357
4003,0.6030322162602074
4004,0.4464414626364537
4005,0.5715943324337353
4006,0.5967507400922752
4007,0.49691950778233734
4008,0.42677394044344563
4009,0.5930001198081468
4010,0.5139155745432331
4011,0.5594682041313142
4012,0.5352243625441963
4013,0.46117700203560014
4014,0.37108719337756224
4015,0.4542375824044253
4016,0.5519393602118118
4017,0.46876572474119266
4018,0.3806150200209828
4019,0.5412558959627237
4020,0.2832637944432099
4021,0.45639858891934365
4022,0.43493398647595627
4023,0.4767150250265772
4024,0.4802914445815597
4025,0.4682302035873808
4026,0.4766813630491185
4027,0.5007326666264134
4028,0.49455202912565976
4029,0.6219135396463031
4030,0.3835428353111626
4031,0.6027563548210828
4032,0.4656937898305293
4033,0.5400275151448304
4034,0.3585703630784294
4035,0.47375066741398447
4036,0.5287859390293158
4037,0.6262818452016325
4038,0.46327099153930795
4039,0.4667609786648213
4040,0.5106549107472969
4041,0.635357120705698
4042,0.4890979475332295
4043,0.4781915646774778
4044,0.5253065948184219
4045,0.5589021792514676
4046,0.5608331524615623
4047,0.6195029475119042
4048,0.5274218181441519
4049,0.3353013924628724
4050,0.447747151713744
4051,0.4560657536105385
4052,0.6056161488590414
4053,0.5472125416931677
4054,0.5543938914500333
4055,0.2898507494661384
4056,0.4308424138673577
4057,0.8600038336327026
4058,0.4649346591526811
4059,0.40831936285686743
4060,0.4909001849326203
4061,0.414750974749412
4062,0.5160679140908722
4063,0.38573842712728773
4064,0.4611699324040599
4065,0.4496470903850369
4066,0.6989972314542626
4067,0.6012968987418431
4068,0.5202011331601312
4069,0.489896286885611
4070,0.632940625521831
4071,0.42245119625445127
4072,0.44473549133546514
4073,0.45364836726233204
4074,0.48313565440398065
4075,0.5166120228793554
4076,0.5046408449200558
4077,0.5544368758893357
4078,0.7088331548161234
4079,0.4367366982940346
4080,0.39454239960477877
4081,0.4939855191395764
4082,0.45512298637717363
4083,0.5472626173332514
4084,0.65999545124622
4085,0.4586703129389408
4086,0.4361867799060588
4087,0.3932702995424157
4088,0.5594261164426225
4089,0.4585914861128525
4090,0.6088667093688649
4091,0.5779821867342807
4092,0.5696150385771328
4093,0.45640021234258293
4094,0.39942259714360084
4095,0.6746560442741771
4096,0.46380039093300784
4097,0.43209852540224186
4098,0.5620466537732886
4099,0.4632996830571917
4100,0.4830970425499784
4101,0.5519406084264377
4102,0.5436601759802612
4103,0.5530914941926397
4104,0.3923834463171554
4105,0.5837497552922521
4106,0.45251695555386057
4107,0.6325673843007483
4108,0.5187223190424536
4109,0.46557161105756784
4110,0.4898949315970427
4111,0.4836308900824846
4112,0.4248125033871808
4113,0.8064011949477807
4114,0.4860461595202037
4115,0.5247748897093581
4116,0.677404695462298
4117,0.5617217846690048
4118,0.47096778679448054
4119,0.48959371544041924
4120,0.622587086786192
4121,0.4967827843658553
4122,0.40097843963683344
4123,0.3371610166990672
4124,0.7661041178638854
4125,0.27013678191843526
4126,0.4814452056182275
4127,0.46595203152137415
4128,0.5445589711648446
4129,0.41355734610865047
4130,0.5936490332626005
4131,0.5366259751838335
4132,0.758840847887063
4133,0.44610893513771205
4134,0.7291836411812339
4135,0.39651302793739474
4136,0.6202841229044914
4137,0.4586996753675259
4138,0.4773071487245412
4139,0.4499184863604946
4140,0.6359941271979876
4141,0.45458479405884017
4142,0.43634057255504655
4143,0.39872050335310294
4144,0.5044073598030897
4145,0.5417325569140227
4146,0.4127596256890393
4147,0.6376328843130046
4148,0.45060314140991636
4149,0.5124947898777972
4150,0.3825080971417879
4151,0.4562256206833282
4152,0.41411133733809297
4153,0.5611770125033219
4154,0.535998479486534
4155,0.4890726240590093
4156,0.5822076687431935
4157,0.5094111334849217
4158,0.8052711486262296
4159,0.5057294014996884
4160,0.7267600364444304
4161,0.363225131547256
4162,0.5678201865515122
4163,0.4911296176285728
4164,0.5601032847768699
4165,0.3969725060350266
4166,0.44909637864371377
4167,0.5507913482804092
4168,0.5425778066488299
4169,0.40686933587880025
4170,0.5490567361747831
4171,0.4828076731864098
4172,0.5070538850837926
4173,0.592333012685105
4174,0.5157677014494131
4175,0.4874841883012117
4176,0.5190044544829638
4177,0.5095913959183309
4178,0.4498644248243016
4179,0.6103618856975833
4180,0.3729650056971695
4181,0.5537400007663045
4182,0.5051363948242528
4183,0.32051691825626344
4184,0.440123298834619
4185,0.4659865436103668
4186,0.6174423229015529
4187,0.3654851758652947
4188,0.506864914980171
4189,0.6503830706407133
4190,0.5655308324037204
4191,0.49124056318798814
4192,0.5370652038300007
4193,0.5860310120589579
4194,0.5211033376157832
4195,0.3194658924657587
4196,0.5217561874153308
4197,0.4658846178366641
4198,0.4818485939866998
4199,0.36190164425832033
4200,0.509530443714345
4201,0.40595960251654933
4202,0.42615043395287217
4203,0.49748087381469036
4204,0.5044288399605625
4205,0.5457370774211576
4206,0.5282947746588774
4207,0.5941436895292929
4208,0.45406636783428417
4209,0.4831730780081281
4210,0.46288719046128257
4211,0.4780917973144832
4212,0.5144491247460521
4213,0.44993202064903226
4214,0.5632692491639832
4215,0.6715059240986101
4216,0.27187117674719286
4217,0.48369689153491496
4218,0.5988862507620031
4219,0.4857257429490627
4220,0.5204100867355581
4221,0.5309269677931288
4222,0.5675243356261571
4223,0.5523903761074721
4224,0.39687619942113206
4225,0.45596711433790316
4226,0.5917002588208451
4227,0.48399907392722447
4228,0.4201163556857332
4229,0.8385119093873705
4230,0.5571869705593278
4231,0.41063090203516817
4232,0.5303526104289887
4233,0.6993413438197864
4234,0.5599416020145154
4235,0.7750052328118011
4236,0.43208942679955353
4237,0.5954014794539534
4238,0.5090373774162091
4239,0.3273108478453175
4240,0.5240269233208843
4241,0.4090980026990201
4242,0.6041472272716588
4243,0.38952152307600124
4244,0.5207857662104833
4245,0.535695772445453
4246,0.5251957747949698
4247,0.4879115381170738
4248,0.6539985675102561
4249,0.4946979620387894
4250,0.4525473216359593
4251,0.702296760160706
4252,0.603539413492259
4253,0.4942560131044768
4254,0.5288273165453219
4255,0.4625502167544034
4256,0.4241517244247491
4257,0.457249979885185
4258,0.572622474135918
4259,0.49487760857270985
4260,0.47073059566833503
4261,0.3947550327283602
4262,0.43262209024888026
4263,0.5829636426472105
4264,0.7341398604987333
4265,0.4082921677969169
4266,0.5995515639291729
4267,0.5684117146884128
4268,0.579724925753611
4269,0.5508662659279226
4270,0.5544153593092548
4271,0.4029989759632192
4272,0.4593490654103545
4273,0.49268191682287277
4274,0.4687049280793855
4275,0.6576438350127183
4276,0.5223048336045937
4277,0.5253524857850326
4278,0.46050610918079193
4279,0.4944090606035988
4280,0.4568182738707343
4281,0.485039444713418
4282,0.5473437581641682
4283,0.34613620055113936
4284,0.38517005597294834
4285,0.6676594648333455
4286,0.39504144501614064
4287,0.6266020473289533
4288,0.594799579031241
4289,0.5367329629612605
4290,0.5147362263333004
4291,0.7287481508614803
4292,0.6268082719767807
4293,0.5990775644100023
4294,0.5665125716635313
4295,0.5647144641143287
4296,0.5354668991878674
4297,0.45560665101517356
4298,0.6823900915931544
4299,0.4135527394041751
4300,0.5572195334258098
4301,0.443613134681057
4302,0.6237205319401331
4303,0.4937413946601175
4304,0.5425970908082487
4305,0.6833858444560027
4306,0.48437359574919214
4307,0.5405148764806889
4308,0.6176465156770178
4309,0.3614320056407916
4310,0.6181257317550181
4311,0.6437653352130289
4312,0.5843692502522816
4313,0.47802191311654024
4314,0.4994711500388521
4315,0.42783612652920217
4316,0.5194769184237531
4317,0.475691821237034
4318,0.4610577183500292
4319,0.5135981406236285
4320,0.7038625420050904
4321,0.5451809475229163
4322,0.7240214864242889
4323,0.731236631967829
4324,0.4144497103881787
4325,0.5228771975224016
4326,0.5070652817914155
4327,0.40048480594088764
4328,0.5520442444126928
4329,0.5968971502578839
4330,0.49109920620629954
4331,0.4142496336833384
4332,0.5287988900868335
4333,0.34666442777380724
4334,0.4997997629902177
4335,0.5452074625002652
4336,0.5367749510651919
4337,0.5406555163829072
4338,0.5040264079953005
4339,0.481614133793607
4340,0.45813121666850753
4341,0.5224834173373298
4342,0.6509785430433165
4343,0.5580708146608025
4344,0.518882996127209
4345,0.6433552245391504
4346,0.38032733990497924
4347,0.4933332845125472
4348,0.4564893602549689
4349,0.6905917375179156
4350,0.3533578647257857
4351,0.5431959119867671
4352,0.4465404889452205
4353,0.4674409375233823
4354,0.5252712913161122
4355,0.41261839885729734
4356,0.5632569099683296
4357,0.5101229823962448
4358,0.5035019488953897
4359,0.6306674212244194
4360,0.5209437764376326
4361,0.6428118376648381
4362,0.34909998881539994
4363,0.5068806079814171
4364,0.48191118891294993
4365,0.6521879030613971
4366,0.5515491498988291
4367,0.5002765260008096
4368,0.6942836631544178
4369,0.5188977177105585
4370,0.3899442180320539
4371,0.565021502533716
4372,0.44653160135199527
4373,0.6032381751918883
4374,0.516982913916463
4375,0.483270693709252
4376,0.41626835917733485
4377,0.39837453628842673
4378,0.4538072522611207
4379,0.6451129394062436
4380,0.37799048200247404
4381,0.43201424899070834
4382,0.4524255486599769
4383,0.41984162252300583
4384,0.46720751999562266
4385,0.5610926435300189
4386,0.48863956786000295
4387,0.4143345115423166
4388,0.6000497896122765
4389,0.5162067525677156
4390,0.4347554469172331
4391,0.5625760872254895
4392,0.3525792774269893
4393,0.5630492604646186
4394,0.4830688570883675
4395,0.5213281010903478
4396,0.49353146642233003
4397,0.6289923952300543
4398,0.6369456533159892
4399,0.5144044233142482
4400,0.5637321841870567
4401,0.47826802775849475
4402,0.36419658611731154
4403,0.37976958506136993
4404,0.5190208452607235
4405,0.5885397063556578
4406,0.5979244381025205
4407,0.43358659039279046
4408,0.7648010028601642
4409,0.5032349769609773
4410,0.4936856488624866
4411,0.4186413570858836
4412,0.4458093874027341
4413,0.46691629636569987
4414,0.5043595967954263
4415,0.4909545180994015
4416,0.5593039513960307
4417,0.4954259142517094
4418,0.48498520256699157
4419,0.6787527326943987
4420,0.4907678583759849
4421,0.5068150959370531
4422,0.4307775072991198
4423,0.45404605878542875
4424,0.465995269313445
4425,0.3943211205957649
4426,0.4725482858858834
4427,0.444309065154254
4428,0.5400305944623403
4429,0.43537068988515387
4430,0.45330444007775483
4431,0.42675011893711284
4432,0.4311171009280813
4433,0.43325670438083413
4434,0.6054478034099724
4435,0.531015615274709
4436,0.5135424906084433
4437,0.4948926253831537
4438,0.43992483781216085
4439,0.48992268976035713
4440,0.5719918614111091
4441,0.5311294647005554
4442,0.4189657732843207
4443,0.5288442477843411
4444,0.504723814486447
4445,0.5772274746886051
4446,0.4483373542126342
4447,0.5440817329505356
4448,0.3403335778424843
4449,0.4724055757035018
4450,0.40899608610706084
4451,0.47642769760937953
4452,0.502590721164206
4453,0.739856001321626
4454,0.5382087455824736
4455,0.46630618738349416
4456,0.8277386285553521
4457,0.6085112957948497
4458,0.48592828218638684
4459,0.46705959503700983
4460,0.5850884389326166
4461,0.5345568427056522
4462,0.5249841992189215
4463,0.5206927136349722
4464,0.619814400188857
4465,0.4615688037055205
4466,0.6147673277375186
4467,0.666847678569515
4468,0.5761803959213796
4469,0.5381372025471111
4470,0.5472743581712415
4471,0.4302505834428739
4472,0.44926230646043197
4473,0.3280673309386945
4474,0.6893655138300216
4475,0.5642411186995848
4476,0.3542634222748184
4477,0.588214909057535
4478,0.5328015299221373
4479,0.509289623344608
4480,0.4773519185573799
4481,0.3685395447036382
4482,0.4947387265937918
4483,0.541086516251082
4484,0.520510650257605
4485,0.401503072425916
4486,0.5687831341237972
4487,0.5572610666146464
4488,0.5371694978388762
4489,0.4963964378464325
4490,0.616820097124135
4491,0.4550533747399846
4492,0.5852069048857815
4493,0.509020721402317
4494,0.7291940668411706
4495,0.48130647827849
4496,0.5875385175921292
4497,0.5741054125549031
4498,0.37850076782539716
4499,0.4456115192411815
4500,0.4907226213096964
4501,0.6468722789630358
4502,0.5096380134071898
4503,0.47950888986960094
4504,0.5480371970817697
4505,0.35887169100522215
4506,0.3805361558876049
4507,0.3071725047497733
4508,0.5777361038245024
4509,0.5029704466174483
4510,0.5435039961778741
4511,0.593611755672728
4512,0.5199809287673967
4513,0.47606518876649756
4514,0.5138573393515238
4515,0.5526426848065517
4516,0.5611635102927927
4517,0.5568412426894431
4518,0.3881619227774434
4519,0.5690363595135822
4520,0.5573498514530282
4521,0.4336452815974505
4522,0.5094976274959405
4523,0.4749255670789705
4524,0.4747564731028381
4525,0.45416759636654447
4526,0.5504911077040909
4527,0.5300991197271192
4528,0.44529723433151225
4529,0.6183133822333768
4530,0.5640211459643575
4531,0.5713689757787179
4532,0.3228078970473147
4533,0.36854259249376076
4534,0.47359419712444806
4535,0.5250415850768122
4536,0.5170012944979796
4537,0.514811400116623
4538,0.6139572619913729
4539,0.37325446375128424
4540,0.5475869136803645
4541,0.5399018816468586
4542,0.48188293564982143
4543,0.4637208746854947
4544,0.4939493780692101
4545,0.5999446944298585
4546,0.7838787795651232
4547,0.3588586744654879
4548,0.47255023187243317
4549,0.41252758471975703
4550,0.544469745581703
4551,0.5546032673931729
4552,0.5308498506589608
4553,0.5807484196281423
4554,0.5789541794080277
4555,0.5389575204599832
4556,0.40635288220454907
4557,0.7448795388676532
4558,0.6131578599904324
4559,0.5625155538127138
4560,0.5114823120818208
4561,0.5831797232067149
4562,0.6185067926945885
4563,0.49935470699289547
4564,0.5333012351557459
4565,0.36794349697289774
4566,0.3913556039906651
4567,0.38926313652919614
4568,0.5002934581521895
4569,0.47852105236711473
4570,0.5420640833253522
4571,0.40418356821142715
4572,0.5005641585487415
4573,0.37348961011117426
4574,0.4416928949156675
4575,0.4132753867603122
4576,0.6201148622303772
4577,0.5321968649325564
4578,0.48810755220824764
4579,0.4182435967838034
4580,0.6075598610893989
4581,0.5158700407192398
4582,0.5087421347944541
4583,0.3322197868081875
4584,0.403300888830427
4585,0.5577337832319246
4586,0.595860828674707
4587,0.4689367461438067
4588,0.43927471549083913
4589,0.45895270394793586
4590,0.3395218105883797
4591,0.498011353918891
4592,0.6234126729439478
4593,0.5635541559559051
4594,0.6581950047318782
4595,0.42426727544989307
4596,0.5506145881867204
4597,0.37599544797110335
4598,0.6099482528073713
4599,0.5285748727166405
4600,0.4155242659616054
4601,0.5756918629768668
4602,0.62411016240218
4603,0.4568829889417808
4604,0.5830630672652544
4605,0.5501893408237135
4606,0.5839396472744086
4607,0.5242300971106661
4608,0.3865165872517929
4609,0.47675716056708656
4610,0.5686526252021139
4611,0.3923215833181659
4612,0.48145636659162605
4613,0.5898140038377919
4614,0.43907310806218425
4615,0.5705231595301967
4616,0.48740138575630104
4617,0.5333363121825344
4618,0.518854886779855
4619,0.5313931827839065
4620,0.565080449245749
4621,0.5372854525117751
4622,0.5333626890017099
4623,0.6589375688796666
4624,0.5159177323906
4625,0.6299040396990631
4626,0.6016736305478378
4627,0.5527959749227848
4628,0.31416202006926885
4629,0.6172865071514773
4630,0.6607889483907674
4631,0.6450104575868977
4632,0.5496490358543096
4633,0.512760512236726
4634,0.5622740368041572
4635,0.4989094980377225
4636,0.5483521208531554
4637,0.4715771976695905
4638,0.5458297808013834
4639,0.48987488416141733
4640,0.5660564572348854
4641,0.5033873103025426
4642,0.49313454943003066
4643,0.31184668583784103
4644,0.5134762635117015
4645,0.4765427544491055
4646,0.5614619514886976
4647,0.4881102417458555
4648,0.5073912230577127
4649,0.7926989802830898
4650,0.7063360510104272
4651,0.5826792383147541
4652,0.5594683777028215
4653,0.49271659777044574
4654,0.8449590497872504
4655,0.4521411785509797
4656,0.451940226219956
4657,0.5437072621862165
4658,0.399004217746385
4659,0.37508639606405736
4660,0.3573150058664859
4661,0.44265417304189797
4662,0.37489862379834715
4663,0.4292850357749956
4664,0.5469659541118629
4665,0.3899243352014195
4666,0.680737617364172
4667,0.4056237706991105
4668,0.5658447285452963
4669,0.5829000297350172
4670,0.5159990826047388
4671,0.4670394543217841
4672,0.6400298206451721
4673,0.520844337837009
4674,0.3858380817265652
4675,0.5208873670548795
4676,0.421613482975174
4677,0.6787084720211753
4678,0.520126646253648
4679,0.38139922286235295
4680,0.4987635023669794
4681,0.5202302217457676
4682,0.523848773106307
4683,0.559186329589528
4684,0.4626971109838392
4685,0.5986484679311517
4686,0.46337453136571954
4687,0.37570152367120324
4688,0.49806486258178806
4689,0.6839778104067502
4690,0.5003574526262826
4691,0.48440117558697054
4692,0.3105217564973176
4693,0.600251346790186
4694,0.47769320508077673
4695,0.5052035775764032
4696,0.7128889161660557
4697,0.6183063596550812
4698,0.4886941970897308
4699,0.5517436466659837
4700,0.5379713167375587
4701,0.6812989718989384
4702,0.45610998955300397
4703,0.48321071076559713
4704,0.4576001373670413
4705,0.7419806715638443
4706,0.583480934558401
4707,0.5965666940058876
4708,0.6343845733226791
4709,0.5476960041880609
4710,0.5715213116852168
4711,0.5288960885404165
4712,0.6352381212061254
4713,0.4735486125566374
4714,0.5007058057835927
4715,0.49953451069484606
4716,0.7966737971729437
4717,0.500139611573538
4718,0.5403817861578462
4719,0.37220778761779505
4720,0.4152460721354705
4721,0.515473192393242
4722,0.5750994278566567
4723,0.5848004572420241
4724,0.6251071415709366
4725,0.5642572961294099
4726,0.611293281513946
4727,0.42055945200420664
4728,0.4995333736011637
4729,0.5210568142636617
4730,0.5434330757159915
4731,0.5236621787260246
4732,0.44822596480589005
4733,0.626192203914933
4734,0.38279470294306983
4735,0.465800622402637
4736,0.43456335504875054
4737,0.4609735938407597
4738,0.7224377861924526
4739,0.4544711974993521
4740,0.574996731072956
4741,0.4651200251448329
4742,0.4585176127248395
4743,0.5475010340210675
4744,0.5894408444484386
4745,0.35709499828138924
4746,0.49123574732015746
4747,0.5319339164655664
4748,0.5262102656960791
4749,0.5692391864559726
4750,0.5526937390078168
4751,0.43304791330989634
4752,0.5400976045877326
4753,0.4291855756810835
4754,0.5546346752581324
4755,0.4554084799258001
4756,0.5230598899443938
4757,0.5757028122818678
4758,0.34257190539480464
4759,0.6594138669008616
4760,0.3183804181905926
4761,0.487842249681691
4762,0.6771441256501822
4763,0.6679490497825998
4764,0.4589752849592645
4765,0.7584753187948334
4766,0.3803466572882931
4767,0.2836824087582951
4768,0.5643852652024627
4769,0.32265265897504075
4770,0.3484627864332447
4771,0.46744452317475566
4772,0.4403248620337872
4773,0.5221509186725302
4774,0.4715170689112675
4775,0.6543733780366698
4776,0.40258170663366044
4777,0.5496035092325898
4778,0.5304056113304332
4779,0.7563043212836915
4780,0.38219318235538524
4781,0.6813911190958489
4782,0.43571887233349277
4783,0.3757866750833759
4784,0.4907370512467011
4785,0.5699640938837967
4786,0.5394844908474745
4787,0.6500501425951577
4788,0.5901404546145184
4789,0.4655999810631003
4790,0.6386760812342853
4791,0.4472530395265949
4792,0.5098341449071109
4793,0.5608006132142292
4794,0.5385890972016214
4795,0.7101066348941694
4796,0.46487836549529354
4797,0.4942374112711788
4798,0.4147274925314989
4799,0.6399310357700467
4800,0.5191310725571118
4801,0.637547812381661
4802,0.41932027000843525
4803,0.5555838690796245
4804,0.5179616686016042
4805,0.7660174540784253
4806,0.5856990412521803
4807,0.49733682940664337
4808,0.46311981000078295
4809,0.4799549091860795
4810,0.5410280525321026
4811,0.3360294378504
4812,0.33988141744148026
4813,0.3950255073085601
4814,0.5575682334350703
4815,0.6805637376717528
4816,0.40451939868077885
4817,0.45534717096000693
4818,0.5621948177925356
4819,0.6406083699638643
4820,0.40544305442826367
4821,0.5222987140053693
4822,0.5340150447796239
4823,0.6808604831201852
4824,0.5584700620866289
4825,0.4784640132973667
4826,0.6047228004142114
4827,0.4955403263167214
4828,0.5104028282549699
4829,0.39460931972536817
4830,0.4475018718741223
4831,0.5017443660653195
4832,0.6331823560338465
4833,0.46644074311021927
4834,0.44286541414679564
4835,0.47793648799830507
4836,0.47146351896130306
4837,0.44791780753962235
4838,0.5019105098117855
4839,0.5213259442169099
4840,0.38191451285822525
4841,0.629044596750701
4842,0.5602726898934328
4843,0.5521548189449654
4844,0.5713647132744959
4845,0.44573192216264657
4846,0.5474401005667203
4847,0.6128461870373366
4848,0.46899170002249924
4849,0.6368290058045976
4850,0.4689615104278798
4851,0.49118481049930063
4852,0.4847610001689186
4853,0.7233331666258558
4854,0.5422567518467348
4855,0.5023022957087345
4856,0.4549879801918182
4857,0.44259765721070865
4858,0.5674973281113173
4859,0.6577621604792696
4860,0.5507895787298536
4861,0.2949973631564544
4862,0.5629191306114629
4863,0.5481510529676051
4864,0.5921218084548302
4865,0.3640649678677056
4866,0.550848832169382
4867,0.5457503052490208
4868,0.4242112037435226
4869,0.31644133872866353
4870,0.5922043084652083
4871,0.49081551447212723
4872,0.727906168304703
4873,0.5517572581494419
4874,0.4967744360974753
4875,0.5010535677672727
4876,0.6789374631693751
4877,0.4200785128559789
4878,0.5317980256614123
4879,0.4820158690979589
4880,0.5521873711534173
4881,0.5803003859213501
4882,0.7155884468268184
4883,0.5542683955843563
4884,0.34240585932011686
4885,0.31687186364734443
4886,0.5489779159909436
4887,0.4810386632479926
4888,0.5699998688136788
4889,0.5495780216164793
4890,0.46531256402939425
4891,0.5179050263062257
4892,0.41645107022996675
4893,0.5271736685306179
4894,0.565243596939222
4895,0.5215119486960599
4896,0.5185075836308476
4897,0.3723659354571107
4898,0.5030615770179073
4899,0.4876841278665473
4900,0.4868710542551506
4901,0.454499346284734
4902,0.6420525025866398
4903,0.5822376848998768
4904,0.39997470580505645
4905,0.5341299726940426
4906,0.5142345109789556
4907,0.5631962095233639
4908,0.5665396950255077
4909,0.4984240684108574
4910,0.4966974576704278
4911,0.45309988744705754
4912,0.41255180758081256
4913,0.5044155488844863
4914,0.4861308621926277
4915,0.5558705995611045
4916,0.44966799098332455
4917,0.5583033708787761
4918,0.7854337802912357
4919,0.4005140437828936
4920,0.6185892655244414
4921,0.628935295913182
4922,0.54452274499837
4923,0.44223939822166114
4924,0.441613546191424
4925,0.5516350004980153
4926,0.3501207312518307
4927,0.6113690246717173
4928,0.4583878633998888
4929,0.4968666439333514
4930,0.456263466329441
4931,0.7603155536068006
4932,0.5308162879483874
4933,0.4764691737684968
4934,0.4387022906260232
4935,0.49109033869156815
4936,0.5645803791534071
4937,0.4052558166745145
4938,0.5815869927440507
4939,0.5417002993980113
4940,0.5478995728681748
4941,0.47473307529161046
4942,0.5410346456581547
4943,0.5391337681828018
4944,0.5797596873505011
4945,0.6180150257197049
4946,0.5842342728868973
4947,0.4426536725385295
4948,0.40215860213636556
4949,0.4266292596565658
4950,0.5429160782401169
4951,0.40945011260603326
4952,0.4888675348269321
4953,0.36750219594387984
4954,0.5351075239540566
4955,0.4956815432807452
4956,0.39049290936084874
4957,0.3730376218600978
4958,0.3874096505985092
4959,0.46382656077284895
4960,0.44119573161202214
4961,0.47119263375594195
4962,0.5084124948040296
4963,0.5190181411359653
4964,0.5788455962902405
4965,0.3512229541784476
4966,0.3730541066423991
4967,0.6555746843717063
4968,0.4533134876202367
4969,0.6837912149772962
4970,0.32931880556310245
4971,0.49770612507941736
4972,0.476764497120696
4973,0.4946324353891951
4974,0.5470373020443041
4975,0.642883874546186
4976,0.41688938528936864
4977,0.7208001355380762
4978,0.5789830511502575
4979,0.4330532570921136
4980,0.5339241756998445
4981,0.6092421564400967
4982,0.45226384505737555
4983,0.4679948568628555
4984,0.44287438078763486
4985,0.4048968851446756
4986,0.5026048942379239
4987,0.4148936048555129
4988,0.6251529038724546
4989,0.3616885740306499
4990,0.5172445704044194
4991,0.5757904517166448
4992,0.5378279650788081
4993,0.475205312027953
4994,0.48986934121562775
4995,0.6332081755761976
4996,0.4840630518675049
4997,0.4402519749745609
4998,0.5035479170061958
4999,0.568283398701706
5000,0.48192130644471876
5001,0.4989088486795321
5002,0.45286223280818566
5003,0.4950287037623653
5004,0.5721117702869476
5005,0.4983194642824488
5006,0.3788135919268545
5007,0.4777979521171047
5008,0.6747641361729279
5009,0.6725306530867491
5010,0.41347939140009937
5011,0.44599999788303013
5012,0.5466803386827498
5013,0.482248862493797
5014,0.47053559296641434
5015,0.498514313074235
5016,0.49448070358558815
5017,0.6165683474702435
5018,0.42502823103121185
5019,0.489352113724458
5020,0.37134571327167165
5021,0.6397653476133777
5022,0.4197610227506585
5023,0.6023753773675455
5024,0.3786219234695932
5025,0.4030782811975318
5026,0.48669643452275607
5027,0.5496840663426398
5028,0.584215591617343
5029,0.3675079816998229
5030,0.5552877451403658
5031,0.41123095373592616
5032,0.46092824962031304
5033,0.5780308060266421
5034,0.5189350123258829
5035,0.5837271420166571
5036,0.4834399915661593
5037,0.43112424135514904
5038,0.3997653061310941
5039,0.6892948857020966
5040,0.7600935658033243
5041,0.5253903928673828
5042,0.6087299772379717
5043,0.43460429092369934
5044,0.3613442272798404
5045,0.5031588510300852
5046,0.5413693008867502
5047,0.5365373430728172
5048,0.4558785781657011
5049,0.43599950879175964
5050,0.5740261537533122
5051,0.566478288474165
5052,0.4290923152765618
5053,0.5667682989076629
5054,0.43246976115124636
5055,0.4294715653396213
5056,0.43902692437092977
5057,0.5257249910595037
5058,0.4402472407699498
5059,0.6859030786160023
5060,0.4926132856447044
5061,0.48515287585061156
5062,0.6865793430662577
5063,0.49427584735537683
5064,0.4475388559735025
5065,0.43324067962577456
5066,0.3604785817841082
5067,0.47090302858514244
5068,0.6006372969031591
5069,0.3363561436293594
5070,0.4205497139674362
5071,0.42136242677443964
5072,0.4255366613028531
5073,0.6061349373497611
5074,0.46762240941345573
5075,0.575160576766874
5076,0.5857175740754746
5077,0.4087816299132857
5078,0.449287182233099
5079,0.5080206421824776
5080,0.4946784712925505
5081,0.5133109659100246
5082,0.4406267953414009
5083,0.48847621288063103
5084,0.505519409833121
5085,0.6240221296281466
5086,0.5039475113783953
5087,0.44660588632462983
5088,0.5059469822023007
5089,0.6402936617670364
5090,0.4268094428499358
5091,0.3899866824074771
5092,0.5023026558090806
5093,0.40381568235944365
5094,0.49938445777596724
5095,0.5353739309687332
5096,0.6154892395851583
5097,0.4319949803509493
5098,0.5886556013187941
5099,0.4612700512041613
5100,0.3349168107379932
5101,0.5224560470991609
5102,0.4867325080480815
5103,0.6134503081855923
5104,0.44684985448761244
5105,0.5101197867587616
5106,0.5152419882868033
5107,0.3777644723463449
5108,0.4516945024337195
5109,0.6605229624313069
5110,0.46781165001477837
5111,0.5536863828810853
5112,0.6820431388151496
5113,0.4850984689959169
5114,0.32826527581423304
5115,0.41841481244246653
5116,0.6178028364406449
5117,0.5594598100749759
5118,0.3804306495456812
5119,0.4936095491665524
5120,0.3455743272862025
5121,0.4242734661695252
5122,0.5498275520284875
5123,0.7616842765033558
5124,0.5589525363540289
5125,0.4247941709492514
5126,0.5031888918614816
5127,0.6525913545719305
5128,0.7420551611650202
5129,0.5131407291181033
5130,0.5453595409450859
5131,0.42697836134171546
5132,0.4986150074826159
5133,0.5763228343577871
5134,0.36088954661316874
5135,0.43474856793050676
5136,0.44994589784538763
5137,0.4322317926588314
5138,0.35101496947169275
5139,0.3378314913618077
5140,0.6279379643572631
5141,0.47460952825807945
5142,0.49173630548275715
5143,0.49627239797608486
5144,0.6653536614447476
5145,0.4454531422277663
5146,0.42402019753063713
5147,0.43392441965733625
5148,0.6572747891102513
5149,0.4588481658737158
5150,0.5428213038428317
5151,0.48731879853523574
5152,0.6409927093847795
5153,0.6263084777532623
5154,0.5204963104306943
5155,0.4570789521569111
5156,0.7107850147031721
5157,0.6623991542625618
5158,0.4378877992730551
5159,0.47351213388760055
5160,0.29897790508343214
5161,0.5828089763208071
5162,0.5928105843320214
5163,0.38134765213690724
5164,0.7048959235211003
5165,0.4350146613376913
5166,0.534776971408498
5167,0.3482123854535268
5168,0.485579808526196
5169,0.49582621309834807
5170,0.4630073907094668
5171,0.5291380015595305
5172,0.6369614005937857
5173,0.43816338628274853
5174,0.45625553468254115
5175,0.5041339690110466
5176,0.3895602376008797
5177,0.3618666858891663
5178,0.6524498134496948
5179,0.5117815752609683
5180,0.5374748163349641
5181,0.5427060674217575
5182,0.5092895115750745
5183,0.5386029856448777
5184,0.4714210017812097
5185,0.5599410999982084
5186,0.508830262213685
5187,0.41810911027584363
5188,0.5562579516216812
5189,0.3691417971258663
5190,0.4758525805647222
5191,0.3544662172405725
5192,0.45697332996818923
5193,0.5243305223411786
5194,0.42176365569434715
5195,0.4940656738051495
5196,0.5026014125840093
5197,0.4879601548542741
5198,0.6290759143372585
5199,0.7567782444351497
5200,0.5175269913565271
5201,0.5348516436676062
5202,0.5813893325982259
5203,0.5918227155134883
5204,0.6332744435586352
5205,0.5897229652768703
5206,0.5277843224971902
5207,0.5176629645861244
5208,0.5444089203813841
5209,0.38120872195663025
5210,0.4843691736167812
5211,0.501749291473875
5212,0.3695536672727907
5213,0.45788452661211065
5214,0.47146155350359653
5215,0.5261238598273639
5216,0.4750388224300415
5217,0.8876780200319574
5218,0.3396204472237546
5219,0.6531767049836372
5220,0.4902929352643136
5221,0.5434208820799517
5222,0.563055813058096
5223,0.4949003492158989
5224,0.48884879447640156
5225,0.576881880735824
5226,0.6477908566683478
5227,0.5666756417457084
5228,0.48934048195679547
5229,0.5047955743412832
5230,0.6682553949561045
5231,0.5012054397135187
5232,0.5662991481748633
5233,0.47207313235415327
5234,0.482762270210579
5235,0.5320971268565395
5236,0.3676852760790491
5237,0.5142191173864772
5238,0.49378046797558944
5239,0.4520107336274321
5240,0.45182275280164846
5241,0.6265755679930366
5242,0.7027167338517295
5243,0.5392433168465544
5244,0.405463164497351
5245,0.5047427953935684
5246,0.49158328499272624
5247,0.41547024558775014
5248,0.5399164698205616
5249,0.5685784464079888
5250,0.48840954694442407
5251,0.5452840503247837
5252,0.46160553812601335
5253,0.42676901902077136
5254,0.5955697370753656
5255,0.45010781210425765
5256,0.46620627623529426
5257,0.39736976347605635
5258,0.4398394699822279
5259,0.5522239649878957
5260,0.4711794787659634
5261,0.7064118149394502
5262,0.4838102561354325
5263,0.6793398468053297
5264,0.3743893520549102
5265,0.5685511008770704
5266,0.625999136301609
5267,0.6020759218379854
5268,0.7578697861596673
5269,0.4129847848993113
5270,0.5938955260978145
5271,0.5071718277476975
5272,0.4981105825298748
5273,0.4572593205397498
5274,0.3886100240293654
5275,0.43005195757252157
5276,0.4621310646935572
5277,0.5084153987411438
5278,0.5829438008972617
5279,0.4096489881985502
5280,0.3630363735084614
5281,0.5747232315095593
5282,0.3806890837932009
5283,0.41188251358131156
5284,0.5139530585089965
5285,0.5188639004724906
5286,0.5342734635728001
5287,0.6077256517967706
5288,0.44382937017073154
5289,0.69986269422484
5290,0.48694953666931207
5291,0.4353571655559391
5292,0.5384914738167604
5293,0.4546007590517217
5294,0.42566616476342956
5295,0.6592675577614658
5296,0.36089366121248034
5297,0.4364489276247065
5298,0.6015614826797584
5299,0.5921560370484229
5300,0.5309432666997499
5301,0.852903398717044
5302,0.5793421143347751
5303,0.31408658207251305
5304,0.4231325562886953
5305,0.5343606424562962
5306,0.3691219117999943
5307,0.5043878793019797
5308,0.49781667913827304
5309,0.4335310673941436
5310,0.460685004645449
5311,0.6709215053885587
5312,0.35568911029098604
5313,0.5446266317989668
5314,0.4653740665425613
5315,0.4984251609632147
5316,0.4330326175055908
5317,0.5104785608688709
5318,0.457392217206512
5319,0.4417002844967838
5320,0.729796140893658
5321,0.37241798994694864
5322,0.43474353365700197
5323,0.492691190627044
5324,0.5194550964892182
5325,0.6233220607822652
5326,0.43108477700480385
5327,0.47710585931928884
5328,0.49186244435700016
5329,0.52188054004539
5330,0.5967225597965707
5331,0.5055071897348772
5332,0.5142265074897755
5333,0.4850159293251547
5334,0.566112197504233
5335,0.4617790644671552
5336,0.5038702204893657
5337,0.6916182747005726
5338,0.42679534629401616
5339,0.7908934304415987
5340,0.431186871695763
5341,0.44307653451463236
5342,0.5076409569815226
5343,0.49684365123976143
5344,0.56743174496753
5345,0.5670011032668665
5346,0.47742290491098377
5347,0.5531605523846154
5348,0.48919613423778624
5349,0.4150983947107201
5350,0.4742802821931476
5351,0.5275718924995292
5352,0.4992143918549418
5353,0.5418111958838152
5354,0.4727215885796733
5355,0.6595257914532647
5356,0.708895857085598
5357,0.49741299710643533
5358,0.734943072152223
5359,0.6433740195335563
5360,0.6881466945647503
5361,0.6141825036239271
5362,0.49851958908155536
5363,0.5779070203299791
5364,0.5390779209151138
5365,0.5257230183930474
5366,0.6887828889520197
5367,0.5924135450413591
5368,0.5246138075780155
5369,0.48595080346394104
5370,0.5138563659700333
5371,0.47756943245193595
5372,0.6020087572234849
5373,0.5865574398329496
5374,0.46277859370609065
5375,0.5233098446171031
5376,0.6145420652244103
5377,0.5035317282208478
5378,0.562511833524895
5379,0.5077749513114609
5380,0.5361634188300612
5381,0.4062806492388283
5382,0.4827406999531478
5383,0.43002642668842694
5384,0.6909555072129889
5385,0.5254167486870039
5386,0.7889517937965216
5387,0.4329571434137537
5388,0.47131985940476545
5389,0.4936552584540148
5390,0.5829303034086015
5391,0.3690009565001722
5392,0.5032926144808662
5393,0.46575325203395573
5394,0.4649766786837202
5395,0.4256149307139705
5396,0.4752149397270627
5397,0.47502874298485864
5398,0.3655920884227083
5399,0.5720428230366831
5400,0.4821896282652254
5401,0.6216708916716989
5402,0.47769199089773146
5403,0.5176392062269608
5404,0.43563587513074464
5405,0.6026123614325577
5406,0.6164506605364769
5407,0.5638567773939795
5408,0.49022953323044294
5409,0.5169773491575189
5410,0.5061357593456717
5411,0.5388278334814234
5412,0.46462563031699655
5413,0.40863711172888734
5414,0.6397624899013408
5415,0.3507185008703029
5416,0.5269567773319851
5417,0.566300972870734
5418,0.3493049909868243
5419,0.4406497714556281
5420,0.4758304123199006
5421,0.4347502808524101
5422,0.6470313515858336
5423,0.5228537734197792
5424,0.3321041150210009
5425,0.5551422283616265
5426,0.5498450719634779
5427,0.5105245928253805
5428,0.66197992372908
5429,0.3804773838414359
5430,0.48805975797617973
5431,0.6735745505994015
5432,0.49748810390726494
5433,0.5363191648844591
5434,0.4229205276130638
5435,0.6571245476760724
5436,0.418175979394011
5437,0.5702915324388685
5438,0.46406643822565596
5439,0.4706638711464802
5440,0.5496154109814688
5441,0.46772643048167234
5442,0.6934565841708
5443,0.550371334129971
5444,0.5518826384047228
5445,0.2730430340357916
5446,0.48469088358994833
5447,0.5672895349358013
5448,0.6455999060551432
5449,0.6935972099162668
5450,0.5886900749919569
5451,0.5100287422967072
5452,0.5012661114125113
5453,0.44924975245691645
5454,0.5052386389877117
5455,0.6662204843847721
5456,0.6269638493525068
5457,0.41340387691758507
5458,0.62747679619589
5459,0.5434715109188776
5460,0.5556132038452789
5461,0.4186168713952982
5462,0.4511785221507563
5463,0.4952560243812211
5464,0.43925424998085894
5465,0.3612321454413324
5466,0.5851329742708781
5467,0.4188642991222302
5468,0.41879427432946964
5469,0.37804962696757216
5470,0.6778677640517856
5471,0.5537330884451457
5472,0.47123300315659733
5473,0.5446246554797891
5474,0.47487592569891246
5475,0.441538433523481
5476,0.3181833381697164
5477,0.43002648532150867
5478,0.3596053132543608
5479,0.6017587438986526
5480,0.5496471163899939
5481,0.6853342441752394
5482,0.3239894780936146
5483,0.4715269310266804
5484,0.507365204918704
5485,0.5765700509701711
5486,0.5285690814968134
5487,0.7465237632856936
5488,0.6087320652866656
5489,0.47027734754159634
5490,0.4610744091018215
5491,0.48851205465521713
5492,0.46911837620475433
5493,0.6101040714969926
5494,0.7047048495574677
5495,0.5492332597894792
5496,0.4662375395477148
5497,0.39306398498012507
5498,0.6088898836039327
5499,0.549955393810922
5500,0.641494228918398
5501,0.6168061079175426
5502,0.48567195693778764
5503,0.5281674099371013
5504,0.3975733555532155
5505,0.3931205085178838
5506,0.46308553269239217
5507,0.7375832808660693
5508,0.4308563765591374
5509,0.5547923444661971
5510,0.5125410284051913
5511,0.6325116580806152
5512,0.6755880038673471
5513,0.7400829812313887
5514,0.5815768727671842
5515,0.5908458039573199
5516,0.5144495743512425
5517,0.4260830811575063
5518,0.6879327867193495
5519,0.5597973401392201
5520,0.3957980287065424
5521,0.4944037979983115
5522,0.5687641260812157
5523,0.4470730144509941
5524,0.477548666307868
5525,0.6360022045118162
5526,0.6272067804347784
5527,0.6474927269290148
5528,0.6387379403207726
5529,0.480564744725764
5530,0.31893827850451895
5531,0.6080975963780194
5532,0.5297280452334818
5533,0.4689782731767871
5534,0.4437368634234399
5535,0.6227557856574497
5536,0.5605915754665793
5537,0.3919715361158148
5538,0.3263174248786983
5539,0.6822836646760453
5540,0.6010911061283586
5541,0.5668246215455889
5542,0.59845120401913
5543,0.5759770373055744
5544,0.5331748331078573
5545,0.4510943319926858
5546,0.5037885052624803
5547,0.5423008754002544
5548,0.531621602655101
5549,0.43197015298663305
5550,0.3831605602250653
5551,0.5457505484715792
5552,0.6836643229386699
5553,0.673720956753229
5554,0.5089239404374081
5555,0.4435884978017806
5556,0.34621889354730484
5557,0.5929094297311744
5558,0.4568617220555538
5559,0.5702505853968214
5560,0.42021784038505444
5561,0.4730732181529933
5562,0.6760632623013957
5563,0.6883303585105673
5564,0.4797640133519429
5565,0.6399776672333453
5566,0.41544264145937476
5567,0.48552425755052925
5568,0.47717230526810517
5569,0.41856515188366006
5570,0.506592015227638
5571,0.5156514528847145
5572,0.5769860545560499
5573,0.5336969160965053
5574,0.4817059102295838
5575,0.43329197665516805
5576,0.4151070874056726
5577,0.5562270572518563
5578,0.4964264196098458
5579,0.45955409552238297
5580,0.4971828341349425
5581,0.44225596850580096
5582,0.5285132403362869
5583,0.5565105874846473
5584,0.5425093364361715
5585,0.28103751550491196
5586,0.5013408817907883
5587,0.5280112055334532
5588,0.4422240034021096
5589,0.6485318646134992
5590,0.6742165367123815
5591,0.38742457788883056
5592,0.5008967307103263
5593,0.8089255196761934
5594,0.39551731956727243
5595,0.4737717318546567
5596,0.4796097329447704
5597,0.6491297368624686
5598,0.6246795098355763
5599,0.5339170920605751
5600,0.5280969405845002
5601,0.38797093839549907
5602,0.6294256393984743
5603,0.55414445319719
5604,0.4938156306096355
5605,0.5112159624748578
5606,0.5591182736449701
5607,0.5067318569239777
5608,0.5273202414433216
5609,0.5642668577753848
5610,0.5988414195302987
5611,0.3796670168037693
5612,0.5352585816217609
5613,0.5990636560442785
5614,0.41325509811743827
5615,0.3848934526039816
5616,0.5070278827414806
5617,0.5861963716083307
5618,0.5736573615534831
5619,0.5390472309485993
5620,0.3613400463969275
5621,0.589510895408514
5622,0.4469663778280652
5623,0.4336576345635237
5624,0.4264601980043834
5625,0.44435530315111954
5626,0.5744407982390913
5627,0.4237466503608634
5628,0.5224951417987886
5629,0.47756653745637667
5630,0.4388648923106587
5631,0.5115813239086
5632,0.6276184632995487
5633,0.5985659740199266
5634,0.48854244991556156
5635,0.4648592979255095
5636,0.4780832519561412
5637,0.56815438673727
5638,0.3857417056125275
5639,0.5566297358845147
5640,0.5824220837451212
5641,0.4888353329467846
5642,0.48784349180475567
5643,0.6228281804919117
5644,0.416423222860552
5645,0.5408973479825563
5646,0.415690589040942
5647,0.49336735371659435
5648,0.6617534699788951
5649,0.504288037606137
5650,0.4416714764553278
5651,0.7274723147695602
5652,0.4814912440161363
5653,0.4456367009346037
5654,0.4730205926843308
5655,0.40626215888524614
5656,0.3945439414329461
5657,0.6519659086663199
5658,0.44717883822456894
5659,0.36306882746693436
5660,0.5056736502388341
5661,0.41954857392260564
5662,0.5924730148416806
5663,0.6480002066794106
5664,0.4924638661364348
5665,0.566872134596
5666,0.5539472556060401
5667,0.6840485091064432
5668,0.5398919086113553
5669,0.5833024799209169
5670,0.4168836200577719
5671,0.46413703720093874
5672,0.6061590041754028
5673,0.35798175668589866
5674,0.600693627041424
5675,0.5129068115336048
5676,0.4726068539166901
5677,0.45249368108466254
5678,0.5287692259864553
5679,0.522075439943049
5680,0.6313635249825313
5681,0.7301833522399871
5682,0.5119944524776041
5683,0.43582173968189375
5684,0.5333415009077513
5685,0.5032331814729878
5686,0.35612517044911685
5687,0.6389777633259548
5688,0.47853179847752747
5689,0.36964219886423977
5690,0.433588010037939
5691,0.5057072561292479
5692,0.6024219215634764
5693,0.5195920490197369
5694,0.6185833915691076
5695,0.432347700850512
5696,0.5238776395963914
5697,0.4844504153511592
5698,0.7750754187804649
5699,0.43189720322602637
5700,0.4886632751092332
5701,0.610789164355063
5702,0.5767384205114447
5703,0.5882355005903606
5704,0.3297547937338863
5705,0.6008422565903283
5706,0.480659645725783
5707,0.5083057426328337
5708,0.5082364188677826
5709,0.7163070482815721
5710,0.5252948735472439
5711,0.6339693713463225
5712,0.5946454400447952
5713,0.6069540846945254
5714,0.3931273850142522
5715,0.5741018033067034
5716,0.5521815861881635
5717,0.4763436117544126
5718,0.6109987946193862
5719,0.4453113786872147
5720,0.5719960759615692
5721,0.35591355172717365
5722,0.6648501815592237
5723,0.482399673467426
5724,0.4706682039774101
5725,0.6405433299882521
5726,0.6985800374246605
5727,0.3626251010500848
5728,0.5714094065419416
5729,0.6479545325664698
5730,0.6688279634825363
5731,0.5869843186693705
5732,0.38080659258325444
5733,0.588399172583716
5734,0.5235484817209771
5735,0.4912305202568059
5736,0.5218612000047128
5737,0.5505498617856265
5738,0.4402661848239853
5739,0.4419473015779643
5740,0.5873512436980954
5741,0.3834049476589839
5742,0.8453470549817692
5743,0.4250230194799436
5744,0.4149650941348021
5745,0.60826954190082
5746,0.6339657091283065
5747,0.5031023601828559
5748,0.450273689860992
5749,0.4155358211968042
5750,0.41528613108306134
5751,0.43851783646160986
5752,0.47320729485081986
5753,0.4761520550206841
5754,0.5281073285488793
5755,0.6150106508570665
5756,0.49965571617391225
5757,0.4007142650781591
5758,0.591545072231267
5759,0.4377288562295804
5760,0.5671860655835567
5761,0.4495089867216826
5762,0.6102960679756854
5763,0.5226072410375993
5764,0.48890031939224937
5765,0.6222816499754094
5766,0.3968335517050378
5767,0.5176674653604616
5768,0.3385452783831695
5769,0.38725313253559696
5770,0.388771356110278
5771,0.5028189406694079
5772,0.5358426336172855
5773,0.470602648973913
5774,0.5745191658996973
5775,0.6661452455421706
5776,0.5016075244386355
5777,0.44617641272465425
5778,0.6390705715344334
5779,0.6315801893114605
5780,0.36390884972314386
5781,0.5521806354748704
5782,0.37335456825937907
5783,0.4691533275969121
5784,0.4750404326319784
5785,0.43730108994340056
5786,0.41463845438045244
5787,0.46946420640470804
5788,0.511832514722724
5789,0.5334007100257832
5790,0.7165261218685701
5791,0.588628010801264
5792,0.46679659939075807
5793,0.47407748771811226
5794,0.35728830377034526
5795,0.654373430486324
5796,0.5276799698939868
5797,0.5627235174476546
5798,0.46264923498207944
5799,0.6590256476967169
5800,0.5127008722359244
5801,0.46482693916406054
5802,0.587146711103758
5803,0.36942805050598476
5804,0.4940372655755816
5805,0.7863058728052454
5806,0.7074202015424153
5807,0.4731045013883459
5808,0.25036766704846247
5809,0.4716662339654008
5810,0.4878965944343022
5811,0.5188170701682122
5812,0.5288581357888182
5813,0.5164234808440752
5814,0.47198151199872895
5815,0.5423878310323889
5816,0.5207087961623593
5817,0.4646466019650997
5818,0.5523235121042257
5819,0.4478297959752596
5820,0.37932429705256954
5821,0.737319279012916
5822,0.38697257712969757
5823,0.5401192185277983
5824,0.5160885865126209
5825,0.49222979328875555
5826,0.4691590192519064
5827,0.6037405601290451
5828,0.46299749372783305
5829,0.4912050092267179
5830,0.5305411305558635
5831,0.4690527423318428
5832,0.2995871251832095
5833,0.5054974744149566
5834,0.7431783768259327
5835,0.31450282473661834
5836,0.44916929588498766
5837,0.49821140299913913
5838,0.5736036411866315
5839,0.3874899336651442
5840,0.43225090472310884
5841,0.5024350766330141
5842,0.5483823408719313
5843,0.4427870523401958
5844,0.563430929859898
5845,0.46227034538528333
5846,0.43266426658664725
5847,0.5579064512234938
5848,0.5445475138029902
5849,0.4994521534696552
5850,0.5142820065026299
5851,0.5926498656326104
5852,0.5346869925817564
5853,0.4385545734815734
5854,0.6187878523018125
5855,0.4047746237942508
5856,0.35350924716533655
5857,0.6619857825482934
5858,0.5000740275575228
5859,0.5147130230971624
5860,0.37108747497045547
5861,0.3441703633373171
5862,0.4070724260052885
5863,0.5082395863249766
5864,0.42364923458079073
5865,0.5230534303956451
5866,0.4798331239273162
5867,0.7188817284002273
5868,0.6192611998546398
5869,0.4519428166193974
5870,0.5453591632183766
5871,0.5055623114218301
5872,0.46318949008846744
5873,0.4938928958448092
5874,0.47784629792943395
5875,0.43252338114064265
5876,0.5418858854746765
5877,0.6537144086484915
5878,0.4446946937323652
5879,0.5174262808683712
5880,0.5570308744873964
5881,0.5263371958361075
5882,0.39603351853931584
5883,0.5904412159149744
5884,0.619742141620581
5885,0.4627768764184609
5886,0.4410534024921802
5887,0.4466913474737323
5888,0.551417252028008
5889,0.49400184130723246
5890,0.6195664117092692
5891,0.4634945218627308
5892,0.478223101273392
5893,0.5184323631154852
5894,0.4444219578575482
5895,0.279813574680256
5896,0.5781449570591022
5897,0.5680769648550776
5898,0.44762529783815974
5899,0.4037863769529485
5900,0.5438075583765891
5901,0.5375291759474004
5902,0.3766941404961347
5903,0.42433195462676637
5904,0.6571701696604997
5905,0.5729595419655257
5906,0.5161182885242299
5907,0.5688855909680548
5908,0.48379189565736824
5909,0.3040722018440603
5910,0.5407558760219929
5911,0.6694943424709675
5912,0.5213379457880609
5913,0.5212807053094051
5914,0.5964519040011005
5915,0.4795739289906426
5916,0.41855170629156324
5917,0.44590791234244653
5918,0.4993766457063926
5919,0.30898337212425603
5920,0.39262946811115557
5921,0.5076334678763093
5922,0.3212481663083889
5923,0.311578308173115
5924,0.5229743363221765
5925,0.5211946908364571
5926,0.45312038718330194
5927,0.2730360830641022
5928,0.5530753770477848
5929,0.43829526833446486
5930,0.41024965040928557
5931,0.3783285327689165
5932,0.6533823039566836
5933,0.49148121664689126
5934,0.515414096023316
5935,0.42028191496102907
5936,0.5275716965508926
5937,0.42869852567394007
5938,0.5492278175978178
5939,0.47464348115492105
5940,0.5268806671911589
5941,0.4596347198489531
5942,0.39749704775891914
5943,0.36670503881646205
5944,0.5255372009879083
5945,0.43129004798527104
5946,0.5298545405573416
5947,0.5483313160165827
5948,0.46920817495446904
5949,0.4213044735901727
5950,0.6663899614219948
5951,0.5362963117792963
5952,0.7655109919430136
5953,0.5223944102445266
5954,0.5408963338946094
5955,0.5512393781723413
5956,0.4274846485940397
5957,0.5469107288963642
5958,0.6882996221959261
5959,0.3562244502195438
5960,0.548622497556825
5961,0.5247164198862181
5962,0.5474506594029958
5963,0.6309538672975901
5964,0.69870507664355
5965,0.5800454328856236
5966,0.4317322388729291
5967,0.38733493097552346
5968,0.5949369527879077
5969,0.467954684792871
5970,0.3350265657791416
5971,0.5629448204696087
5972,0.5889106143734153
5973,0.3555811691372605
5974,0.5521528193083958
5975,0.6161219491132367
5976,0.5050439687685169
5977,0.4105798587127896
5978,0.5625810735141321
5979,0.4612996659159591
5980,0.5218856367986765
5981,0.3339128615740742
5982,0.5207201689178059
5983,0.6168219479983095
5984,0.6396702079603884
5985,0.6262576117308087
5986,0.43189598031819676
5987,0.59453544526961
5988,0.47473163569420035
5989,0.3459873659902955
5990,0.4883921456100494
5991,0.5440850324767657
5992,0.7009414343931215
5993,0.6462984227799897
5994,0.4999302601710305
5995,0.5266904924157245
5996,0.5933455937118666
5997,0.5550902769966148
5998,0.5082728591205432
5999,0.4375249553689688
6000,0.42860573948174713
6001,0.5729250146676738
6002,0.5176333951976669
6003,0.5084256818085535
6004,0.44312938061682067
6005,0.3991890563185465
6006,0.47649474380634105
6007,0.57588051019767
6008,0.619199230433397
6009,0.5739110945490641
6010,0.4965997964525402
6011,0.45337211825245916
6012,0.5750932766632714
6013,0.5173690312312927
6014,0.506917455601642
6015,0.400373745184687
6016,0.39549654436639037
6017,0.5480384367329593
6018,0.5451515854893337
6019,0.39908013083670485
6020,0.5931518940635884
6021,0.5809014077480561
6022,0.572323479731068
6023,0.42570174190676013
6024,0.4377641911661868
6025,0.47538013963888676
6026,0.6312816179579391
6027,0.6188399284146009
6028,0.36423820224193193
6029,0.5546812971904791
6030,0.37392612591640506
6031,0.4874177992571637
6032,0.5518566846709788
6033,0.5228508027253704
6034,0.37392176716957565
6035,0.41674161457575476
6036,0.5049107531967542
6037,0.437707518662244
6038,0.5468009832765243
6039,0.5101229929190323
6040,0.3850155942593509
6041,0.497966713366866
6042,0.418610962456627
6043,0.5069064452034947
6044,0.5338331618041967
6045,0.5167875733863883
6046,0.3635760211357845
6047,0.5250823288802896
6048,0.7105304932124565
6049,0.5072038928863332
6050,0.4744502115122437
6051,0.49506313439885824
6052,0.6873255838659653
6053,0.5909057465766406
6054,0.5845535470292386
6055,0.4934803203369753
6056,0.40524931203770276
6057,0.4438038076414403
6058,0.5775525037498964
6059,0.41364560236764547
6060,0.5796393466172987
6061,0.6200232718193067
6062,0.427454439768081
6063,0.5792931100484963
6064,0.44644012135494937
6065,0.4974844642542333
6066,0.7420576381784558
6067,0.4342452975802227
6068,0.6571560758442374
6069,0.5090144364545546
6070,0.44990803872342894
6071,0.5098452492891321
6072,0.4386585568731004
6073,0.3764535408508859
6074,0.5096157646556819
6075,0.4316937740568071
6076,0.5423714125524309
6077,0.5655593016005563
6078,0.4705522648820804
6079,0.424513100955232
6080,0.48423829631076726
6081,0.48441884666138735
6082,0.5503494009381171
6083,0.4685918896924564
6084,0.38348489831814814
6085,0.4861039473604655
6086,0.6045895665836797
6087,0.5021207090178191
6088,0.4040114312712276
6089,0.5972766011729622
6090,0.4785658642640139
6091,0.5841291203791608
6092,0.4708266175287325
6093,0.7151689381824705
6094,0.5015001221094121
6095,0.5369143658872437
6096,0.42366830043082454
6097,0.5843569310335858
6098,0.6057375811182758
6099,0.5908140707690462
6100,0.5925880376328754
6101,0.5709121173769421
6102,0.49922728156841534
6103,0.5898725492125726
6104,0.44293171209266785
6105,0.34151591846661933
6106,0.4642989432582487
6107,0.46793583024261765
6108,0.6018211953980352
6109,0.37221322679161245
6110,0.5078697117873459
6111,0.4735415923660291
6112,0.5963942302444563
6113,0.5275972575816349
6114,0.7546630324732256
6115,0.5007860956265385
6116,0.5237793438622028
6117,0.5193760819799436
6118,0.41741130933557974
6119,0.33559742256540726
6120,0.47630854978958526
6121,0.46313102384183824
6122,0.5023127745960706
6123,0.46305928112438655
6124,0.5346412304996504
6125,0.5174159198890761
6126,0.5887906888144265
6127,0.5927468379271865
6128,0.6059041319412835
6129,0.4578200958980743
6130,0.5061033374955967
6131,0.5329453787692701
6132,0.5538573278347584
6133,0.342762698707741
6134,0.6216995823587952
6135,0.6966840534187632
6136,0.5283956519583932
6137,0.46332835200381955
6138,0.5080967725129578
6139,0.5858216365336364
6140,0.6004581056185594
6141,0.3101895964012873
6142,0.6681900687819305
6143,0.4410498309667163
6144,0.37553877105923295
6145,0.3392471032070704
6146,0.6478430450903435
6147,0.5729723033978578
6148,0.44776472242647813
6149,0.47031270250127605
6150,0.4402562210427409
6151,0.6365365386350941
6152,0.5834169428079711
6153,0.4925932430030959
6154,0.4802433738609382
6155,0.41934568543531214
6156,0.6149040311611982
6157,0.4861890688148361
6158,0.4316328574400984
6159,0.49521860250177857
6160,0.540280984294848
6161,0.49315153296578873
6162,0.6870580146696388
6163,0.4832760601492072
6164,0.5790745106140495
6165,0.5296242262214002
6166,0.5289470309502757
6167,0.37358212944389946
6168,0.5219760121012907
6169,0.475666156356673
6170,0.49990979116576584
6171,0.32002250033070273
6172,0.5640181103128872
6173,0.4221686969598541
6174,0.6632167436698659
6175,0.5473434537216341
6176,0.5046609603508855
6177,0.6285359014318634
6178,0.4791994200359482
6179,0.5605166870860335
6180,0.5754906451496915
6181,0.5549350672434238
6182,0.5198847355633492
6183,0.5733114386236732
6184,0.5588552285694446
6185,0.5837821351114219
6186,0.4718884349530271
6187,0.5611930365934654
6188,0.43797504204445886
6189,0.4069637781349522
6190,0.5018419655516703
6191,0.5517371917217475
6192,0.6270097061818787
6193,0.5249017450004194
6194,0.3773386592501081
6195,0.4412874574293911
6196,0.4288967363203028
6197,0.47403339123473964
6198,0.27168707239552636
6199,0.4147747986354876
6200,0.5393806662413605
6201,0.5229234055102653
6202,0.4463489494699552
6203,0.38226890163417726
6204,0.5905217721697094
6205,0.5717287577153413
6206,0.5896491060303537
6207,0.3419004690217887
6208,0.48079187621813835
6209,0.5581801088421792
6210,0.5715078030033136
6211,0.49956088920683006
6212,0.4814357895435021
6213,0.45359973958129757
6214,0.5046925233757786
6215,0.4546819669139889
6216,0.4320262952679334
6217,0.44197657230585274
6218,0.5405787368048655
6219,0.5891887408954828
6220,0.4857483184106519
6221,0.4659119644800034
6222,0.5667753695030142
6223,0.5798530961820303
6224,0.5048300202122774
6225,0.6220119080701288
6226,0.4146951126104224
6227,0.8578202310433873
6228,0.38712235188725463
6229,0.5345473355055674
6230,0.42714471036971124
6231,0.5218997131528705
6232,0.7231126776572776
6233,0.5867907897957082
6234,0.7031427365646916
6235,0.4555280512710521
6236,0.3426585208593572
6237,0.5819572167433472
6238,0.5559749176029419
6239,0.4623428821171103
6240,0.4282598923733401
6241,0.5273183713394646
6242,0.4599069120702901
6243,0.5230166891505336
6244,0.70232432708742
6245,0.6062010938189321
6246,0.6559273117371224
6247,0.4372937341070278
6248,0.5258734180007357
6249,0.4160889712380229
6250,0.5203273286373254
6251,0.5316610283126685
6252,0.4204531250650323
6253,0.519613485862146
6254,0.46537761123495003
6255,0.5807672485435096
6256,0.5574894853451106
6257,0.6662538098965997
6258,0.42443830773726005
6259,0.4822708952756166
6260,0.5713946112724886
6261,0.4533134604977662
6262,0.3347883027296178
6263,0.4044645841526742
6264,0.6363090893513683
6265,0.5986704929964163
6266,0.4165318372617973
6267,0.5111304680939696
6268,0.7288177030063866
6269,0.692939365071203
6270,0.5852020248223126
6271,0.5247817745235778
6272,0.6687593716248345
6273,0.6771427307143074
6274,0.3860184470796757
6275,0.41416769203859466
6276,0.4357316329412382
6277,0.6594632405164618
6278,0.5090818076697305
6279,0.5353946997344654
6280,0.49888495391507404
6281,0.4968092109106239
6282,0.5483297650551717
6283,0.6885250238369099
6284,0.3554941204619968
6285,0.5146271532586661
6286,0.4443880611361164
6287,0.5832779974796228
6288,0.46575527667098826
6289,0.568461498970292
6290,0.5589154107842066
6291,0.4273673070265021
6292,0.4361842893689436
6293,0.7531660825515638
6294,0.38877252059136524
6295,0.432740923367567
6296,0.6095978317874966
6297,0.4646046114000334
6298,0.4614479875294204
6299,0.500902222011225
6300,0.42668346653015066
6301,0.553991885972895
6302,0.49271624378331136
6303,0.4419500969718825
6304,0.4596661534934625
6305,0.3224081689431162
6306,0.44854680733987556
6307,0.5114914965767818
6308,0.6471136915395852
6309,0.7791300187973258
6310,0.45636703340751283
6311,0.4170539530956745
6312,0.530824809446168
6313,0.5208019552268414
6314,0.7375256197569626
6315,0.34884789013160417
6316,0.4797781227696153
6317,0.4965529810791556
6318,0.6947130991555851
6319,0.6044196902971618
6320,0.45779394691682934
6321,0.5341977293793913
6322,0.5115792172407241
6323,0.3935119910505494
6324,0.5179164778370546
6325,0.5991886896742242
6326,0.44602614779464045
6327,0.6239877446059152
6328,0.6152071836596411
6329,0.4820858973887443
6330,0.5641597294216713
6331,0.48822636322205337
6332,0.4480196258169
6333,0.3505144934631196
6334,0.6683845714248355
6335,0.5834991054998078
6336,0.4531918742205978
6337,0.4478241929292141
6338,0.5303538864202268
6339,0.5655513137621264
6340,0.41191831855543065
6341,0.5645719420319976
6342,0.6533406386610199
6343,0.36531061862950676
6344,0.49607123594462027
6345,0.44159002222812443
6346,0.37008009568470435
6347,0.5168510233227347
6348,0.5493750364239413
6349,0.744924638882787
6350,0.5136803460580347
6351,0.5342643449939657
6352,0.5009072174943746
6353,0.5726451235980632
6354,0.408366998373645
6355,0.5463974502262156
6356,0.48806689601626646
6357,0.6070021981785699
6358,0.5172914169290151
6359,0.4073067704546535
6360,0.5123688502010104
6361,0.6666134796498522
6362,0.35895775932429064
6363,0.5619521330435415
6364,0.6513881650846531
6365,0.6438015139869654
6366,0.6928210201838771
6367,0.6581226089898113
6368,0.5922076031267332
6369,0.48829041952914015
6370,0.5338316559834204
6371,0.5518026729430561
6372,0.42978721042545737
6373,0.4312011190726236
6374,0.40856934822726093
6375,0.47918644017585293
6376,0.36804807298413433
6377,0.510812981279231
6378,0.3346414339586856
6379,0.5446072138874535
6380,0.5475474355767417
6381,0.5291009673734003
6382,0.6413185086586984
6383,0.5346646442121138
6384,0.5119687292879166
6385,0.4336411402886974
6386,0.5778901237601373
6387,0.46208725650485205
6388,0.4728296762436834
6389,0.560158929484314
6390,0.45082756905804144
6391,0.5447511391035377
6392,0.5445486231292651
6393,0.4580012280995773
6394,0.5031170588220288
6395,0.4220407809900709
6396,0.530893244246498
6397,0.6689275165400198
6398,0.48279650072583014
6399,0.5399077167820481
6400,0.44457676121690887
6401,0.30123614720888703
6402,0.4475848829262478
6403,0.4430311422514352
6404,0.5670206004947298
6405,0.44824857575761057
6406,0.4909958498900059
6407,0.5497964753021882
6408,0.43756050890044884
6409,0.53721028303012
6410,0.45519102741949724
6411,0.34859897513034044
6412,0.5892180374419576
6413,0.49246210369713134
6414,0.6069744769657507
6415,0.7098754724929206
6416,0.5484956001543766
6417,0.6302244658214762
6418,0.5764614961269348
6419,0.46661247011782336
6420,0.3539871307729131
6421,0.4690450385492217
6422,0.5515376517375249
6423,0.4126065198947655
6424,0.6040182165079869
6425,0.5589184389102764
6426,0.5389072960100261
6427,0.37987770654743247
6428,0.5534211906940779
6429,0.4102425888641402
6430,0.6903830126337831
6431,0.5594485462047674
6432,0.4588216024870625
6433,0.6097819973405096
6434,0.512907723930998
6435,0.410717325351212
6436,0.48549080779614556
6437,0.5371493184408309
6438,0.35423108113085333
6439,0.5574949704197799
6440,0.4143533011119239
6441,0.37870592930691077
6442,0.45343703581062017
6443,0.44990959110925943
6444,0.4118668273725189
6445,0.5847655186569171
6446,0.4944086274140381
6447,0.5588182404862132
6448,0.5737625385228421
6449,0.4111761162925471
6450,0.4511359370705069
6451,0.652904581772571
6452,0.5020974530415468
6453,0.613043663870662
6454,0.7786050699998515
6455,0.36771367006262956
6456,0.4861187261118838
6457,0.5817932331313147
6458,0.43705004913933143
6459,0.5013198430228414
6460,0.44997288210639397
6461,0.4193537858506232
6462,0.4492383035054246
6463,0.611232971584772
6464,0.5461376215079138
6465,0.5726980463468061
6466,0.45687429834416854
6467,0.49184436053475267
6468,0.5268904948487144
6469,0.5182375541377802
6470,0.6539874183255321
6471,0.5735384860587045
6472,0.4925817369411277
6473,0.6558152268755217
6474,0.5944573065487582
6475,0.42689340722198327
6476,0.4980624972381964
6477,0.8472596052672968
6478,0.6597483468195944
6479,0.5513485011963514
6480,0.5876458132277301
6481,0.42444480766253984
6482,0.4707449052907752
6483,0.4339199803186301
6484,0.58629453706718
6485,0.47798911277525724
6486,0.46179158679240034
6487,0.4851137202999591
6488,0.345364650179738
6489,0.6507104567128582
6490,0.35285155936341694
6491,0.4468185403990766
6492,0.42268080744817516
6493,0.41019958462334105
6494,0.45294194494812096
6495,0.5470446277972183
6496,0.3626908136455491
6497,0.49160183093533316
6498,0.3351729354075901
6499,0.45084787552886557
6500,0.5294306868096856
6501,0.547457829435499
6502,0.3558421392753108
6503,0.6414001868775636
6504,0.46196596179858457
6505,0.44828773523706017
6506,0.47008783251464326
6507,0.6086008095148575
6508,0.4330530964203585
6509,0.4203059403617876
6510,0.535737232791033
6511,0.5224742079921251
6512,0.503017314930661
6513,0.48819410126115337
6514,0.5223945745948319
6515,0.492648166271883
6516,0.7239020349593238
6517,0.42861388157256464
6518,0.5742894939311686
6519,0.4332225821718157
6520,0.3455822324358682
6521,0.48965167714597074
6522,0.35317233836829
6523,0.5388821714873645
6524,0.3779434980762837
6525,0.7206012625058056
6526,0.6638520823277465
6527,0.6307258122772847
6528,0.5697806334079007
6529,0.5663220935667864
6530,0.45276573897980854
6531,0.6228846298729664
6532,0.4820541554786197
6533,0.5545465013268172
6534,0.512293419332427
6535,0.45408438150322417
6536,0.4629688488988004
6537,0.5000869926799746
6538,0.4665974323640739
6539,0.5337260377872826
6540,0.5139811359449273
6541,0.6002922758520962
6542,0.5707637381268499
6543,0.515299218008586
6544,0.6887290819112929
6545,0.5627633710342355
6546,0.7983846915937707
6547,0.5300231690751152
6548,0.36016894511537045
6549,0.5374185462594685
6550,0.4071425244417666
6551,0.4807358769878253
6552,0.3897541451919316
6553,0.6152317333981684
6554,0.40148939950538515
6555,0.5712104780405313
6556,0.4453310586335074
6557,0.49283316148074
6558,0.5915772212469316
6559,0.5117663331496252
6560,0.6933226803636409
6561,0.4018653633465703
6562,0.5169772189925452
6563,0.598574391423215
6564,0.4721013728801281
6565,0.39810805667190896
6566,0.5929747261721748
6567,0.41855821558907447
6568,0.535908719762659
6569,0.5563992741100896
6570,0.5229855925188892
6571,0.759919583943751
6572,0.6459768781577733
6573,0.5790285339771681
6574,0.4853896280434293
6575,0.5437020102286831
6576,0.548917454277028
6577,0.5288717233308706
6578,0.4950971612503779
6579,0.5477297950184704
6580,0.4674667401550045
6581,0.40113684488613494
6582,0.6407446451765986
6583,0.41970067565652386
6584,0.551318060190161
6585,0.4711400693584331
6586,0.4738359726161773
6587,0.34778969520539793
6588,0.6788192734381414
6589,0.6488203284273422
6590,0.529349845179488
6591,0.4988588425527067
6592,0.33774816565649357
6593,0.562028203255986
6594,0.46025973205925236
6595,0.4452227906037002
6596,0.49747837857977756
6597,0.5248708324865009
6598,0.2959842730752549
6599,0.43792488079507047
6600,0.577658563955847
6601,0.5255835700047453
6602,0.6204884678086746
6603,0.4341824179880769
6604,0.5572499825081595
6605,0.43173766402384417
6606,0.4602450370125364
6607,0.4674594210253187
6608,0.41764413339395234
6609,0.5497200294959786
6610,0.3664984087875305
6611,0.48660826753058556
6612,0.3392996374281532
6613,0.45402899841714284
6614,0.523495348861513
6615,0.5626887257615667
6616,0.41477202004614294
6617,0.44040250143209075
6618,0.38086925195206844
6619,0.39442283739966655
6620,0.5332954726760752
6621,0.5478484810673164
6622,0.3949407431953513
6623,0.6271451176049994
6624,0.4259465717988089
6625,0.513915193530063
6626,0.5355754179408643
6627,0.5940779218820385
6628,0.41134804341960435
6629,0.3605849511834309
6630,0.5483111190370886
6631,0.5790565597511496
6632,0.46564814502984525
6633,0.5193198002127869
6634,0.7041262986182478
6635,0.6970026600659386
6636,0.5487909258728461
6637,0.37967314329753765
6638,0.47126485179639577
6639,0.5269421719377728
6640,0.467834700285201
6641,0.6475871947721542
6642,0.5097467560135741
6643,0.6566623179411253
6644,0.3910119834870972
6645,0.5492382147552501
6646,0.40521627704389607
6647,0.558159117118058
6648,0.5650749367572283
6649,0.46042813415947337
6650,0.424960904008835
6651,0.6205366388791216
6652,0.6180261664601223
6653,0.49510018995076566
6654,0.445731082425868
6655,0.5097168043100142
6656,0.5531157285576187
6657,0.41784432934412497
6658,0.3376145756533507
6659,0.7224528321532322
6660,0.5586555330161985
6661,0.3796678508498804
6662,0.5426936242959128
6663,0.5961082447195682
6664,0.5380455592504448
6665,0.5192691454983207
6666,0.48442777450878177
6667,0.3490079752173488
6668,0.5312039481253388
6669,0.3761736059624974
6670,0.5855034631889179
6671,0.48133007895578245
6672,0.6238491679074978
6673,0.5378312603128956
6674,0.43077975095925947
6675,0.45515218687358433
6676,0.5726389827406204
6677,0.436209765583228
6678,0.5284191570585055
6679,0.40872127525562063
6680,0.43750037488826127
6681,0.4918294243954032
6682,0.536429580908638
6683,0.4353273820870447
6684,0.5319800299132058
6685,0.4794470514695411
6686,0.5084535440090093
6687,0.4601874186083366
6688,0.5503406443301901
6689,0.48425626091037643
6690,0.40157181792772273
6691,0.525707179774171
6692,0.5657843234998482
6693,0.7353903316885478
6694,0.47100888094523896
6695,0.40725243950639545
6696,0.4999175432427005
6697,0.46158162782909024
6698,0.6337797027966019
6699,0.6113142618555202
6700,0.5676071492287431
6701,0.5484738984254487
6702,0.49252593211951723
6703,0.46249685965742937
6704,0.48805137658443143
6705,0.528606433468677
6706,0.49875210734416875
6707,0.5127581355147875
6708,0.48779344180717144
6709,0.7188013090812763
6710,0.753260109749797
6711,0.7607235372739859
6712,0.541299918410238
6713,0.49557176143900056
6714,0.5086847140619678
6715,0.6428435912209237
6716,0.3523186996549085
6717,0.5993298667408881
6718,0.4050191004962589
6719,0.6641374061369162
6720,0.48939398574022824
6721,0.6382747511738226
6722,0.7912621233300987
6723,0.509575580383521
6724,0.4851549985729534
6725,0.5642213824620876
6726,0.42476035781719157
6727,0.42395573932199604
6728,0.42129113388149503
6729,0.43387270594005034
6730,0.47136037259890246
6731,0.490215595656233
6732,0.3673947285809792
6733,0.4687660664157576
6734,0.6213942592578328
6735,0.3895308775650577
6736,0.7465665666053505
6737,0.4305642222831987
6738,0.42095420732137934
6739,0.6483399482464944
6740,0.46809386622472415
6741,0.47599744321242715
6742,0.48300506301526186
6743,0.46006801805630915
6744,0.44272317738511624
6745,0.7743874858187987
6746,0.44720082318038185
6747,0.6405595825568094
6748,0.4005236776229892
6749,0.4433988485903783
6750,0.5809940087447892
6751,0.48059140391524463
6752,0.48673650772212546
6753,0.37595802207937995
6754,0.4869487129438494
6755,0.6270561167959818
6756,0.4490998100150229
6757,0.6597069492980637
6758,0.2727690772821384
6759,0.45791454437980617
6760,0.32088689464853404
6761,0.5153190211080545
6762,0.6565908816024909
6763,0.3832615050859681
6764,0.5519478800144711
6765,0.5541752255601206
6766,0.5507249702306541
6767,0.48629687646240416
6768,0.34109881874575165
6769,0.38102691847877357
6770,0.4981109107435241
6771,0.6909082838908259
6772,0.47815485010657355
6773,0.4426906497316574
6774,0.7157545088551264
6775,0.5395344100279766
6776,0.36729228020202465
6777,0.4962438550433239
6778,0.5487742187434321
6779,0.4317578768399293
6780,0.6678704356153676
6781,0.4323450506946025
6782,0.4031466657719105
6783,0.5072454268229063
6784,0.5626596977824486
6785,0.5308366149231832
6786,0.6012455901533178
6787,0.8664851836799352
6788,0.48352075124547483
6789,0.478554103814346
6790,0.4369983395440551
6791,0.6653857329773231
6792,0.6162624716051938
6793,0.5533712876335684
6794,0.6890501691619338
6795,0.40177120757296336
6796,0.683984534598377
6797,0.5454584051757531
6798,0.36648114045338354
6799,0.6152890577602117
6800,0.30411852475307755
6801,0.6189580761108968
6802,0.37509815900824167
6803,0.5258946634046645
6804,0.6035704242460193
6805,0.5467957114996685
6806,0.6168161055489267
6807,0.563773677074562
6808,0.5205640176965761
6809,0.583927278144801
6810,0.3629489546695669
6811,0.5224407616380038
6812,0.43669361737651785
6813,0.40917257905567084
6814,0.4035484331173067
6815,0.44100417313476714
6816,0.29473063598547056
6817,0.49842309524147993
6818,0.5331252733661853
6819,0.3008335513745304
6820,0.5776662522338665
6821,0.5046013041899955
6822,0.3926145851668588
6823,0.44606404500729524
6824,0.5878576774587077
6825,0.4305949205705111
6826,0.5179649563922478
6827,0.5744752530598692
6828,0.4092539194973479
6829,0.667517056702195
6830,0.4851654809769719
6831,0.5432044126580627
6832,0.6614049188155298
6833,0.6432700502693051
6834,0.32331550555739325
6835,0.48813609512929573
6836,0.6182071110963381
6837,0.4058837157149717
6838,0.4888067437078704
6839,0.6362021062029548
6840,0.5421702095054123
6841,0.498756673614566
6842,0.598733323883455
6843,0.5352023282093546
6844,0.37684647922315123
6845,0.4817628187545487
6846,0.518019663476235
6847,0.47083445295898635
6848,0.7187713913910989
6849,0.45282598921034856
6850,0.7595861358525018
6851,0.45852692084037056
6852,0.5148978786821952
6853,0.3627134625999281
6854,0.6995637884029223
6855,0.46196208773831954
6856,0.33060423951864737
6857,0.49444260392782224
6858,0.6170217256444965
6859,0.42650872172405413
6860,0.5921007198446994
6861,0.3067124879386117
6862,0.4480904577684503
6863,0.5043282392025865
6864,0.6133446826982936
6865,0.7980799985575936
6866,0.49312119850239866
6867,0.4963739269430587
6868,0.7328197816610909
6869,0.6159896190173103
6870,0.5369235333921203
6871,0.4123780211584548
6872,0.5716901656483919
6873,0.5145018961915842
6874,0.6248881731804579
6875,0.4785948015405691
6876,0.5252916853036921
6877,0.45057544442898095
6878,0.45758743374957256
6879,0.6223604863535096
6880,0.6719838921271705
6881,0.4752509052581456
6882,0.5131283832399176
6883,0.503757451774803
6884,0.8445300103105899
6885,0.5012464118652646
6886,0.6551513163279881
6887,0.5969640011609249
6888,0.7269357803557286
6889,0.5373909698614769
6890,0.45680790510703695
6891,0.5947990073372538
6892,0.5744304734459615
6893,0.5002966163955838
6894,0.5954248988858913
6895,0.6078782258667451
6896,0.5737313788320478
6897,0.4860999255748279
6898,0.6171594006375287
6899,0.5397451014523097
6900,0.4722854763837128
6901,0.43097181415227503
6902,0.49530854753690867
6903,0.45576352635832706
6904,0.4733624160476259
6905,0.48380968259283313
6906,0.5237523015127489
6907,0.5107010686809133
6908,0.5065366891753063
6909,0.44179506141128694
6910,0.5327837087521448
6911,0.3993632710918078
6912,0.4266849843165277
6913,0.4321615128782457
6914,0.46367516440075474
6915,0.3858673103185354
6916,0.3567987360885453
6917,0.6263813602420676
6918,0.48361020943202065
6919,0.7497682810993991
6920,0.45797402242623747
6921,0.7019763873380037
6922,0.5686125501997246
6923,0.4914582949899173
6924,0.3884455544690275
6925,0.6965935015722825
6926,0.5319924768032857
6927,0.682033854266763
6928,0.49491047319556963
6929,0.5818802620141518
6930,0.5439944746403226
6931,0.5793385229202641
6932,0.590511084955886
6933,0.5066116414544205
6934,0.5849663227407559
6935,0.8311767696559272
6936,0.501089670554343
6937,0.3722602325297142
6938,0.4159005586143687
6939,0.3930005360987406
6940,0.43245598845505495
6941,0.5205077850715885
6942,0.5533106839525403
6943,0.4844076451588583
6944,0.629972977585669
6945,0.4927482449395989
6946,0.651620123004254
6947,0.6725562333362923
6948,0.6569796620075719
6949,0.5722152853498915
6950,0.5183472347816276
6951,0.5764325987041321
6952,0.4860732067001721
6953,0.661936123901429
6954,0.6135352657450905
6955,0.4630128650799745
6956,0.6023452308146077
6957,0.42882687120151913
6958,0.4432407076673621
6959,0.3782001053013928
6960,0.5182864420633521
6961,0.4904426179948301
6962,0.4739184946101256
6963,0.5999704884590684
6964,0.45789074573701266
6965,0.4407678656267016
6966,0.4487191396295519
6967,0.42944423915721075
6968,0.37920123220695534
6969,0.35935212700286023
6970,0.5229702709891038
6971,0.654678662859425
6972,0.5488452429085615
6973,0.4953181851974894
6974,0.42223519988849884
6975,0.5731097230734645
6976,0.5479589268306474
6977,0.573769396525293
6978,0.6389249162642971
6979,0.4680207345830702
6980,0.5601509493949177
6981,0.5183411167510261
6982,0.9179561152451428
6983,0.36965146808216875
6984,0.42612639794887125
6985,0.41275044602066957
6986,0.5151230308326168
6987,0.5826742196119009
6988,0.5019696593899886
6989,0.5909520690063642
6990,0.46547248474474323
6991,0.38365115441795683
6992,0.7764374422110749
6993,0.6888899720246962
6994,0.5943287900863294
6995,0.4041214921390802
6996,0.43177818667157863
6997,0.5108319249673879
6998,0.40610792051833766
6999,0.4597408026241776
7000,0.5010224092091897
7001,0.5731122677272629
7002,0.5707361194280062
7003,0.5139598034984327
7004,0.45084395802755894
7005,0.5599199860813271
7006,0.4881513190489756
7007,0.43198193917549776
7008,0.5851531916795549
7009,0.6184516348508173
7010,0.5873140644380515
7011,0.43104275166412753
7012,0.4779234146175737
7013,0.48525138814407676
7014,0.42822497165378154
7015,0.3885808480422567
7016,0.6235587032384879
7017,0.5343906016539871
7018,0.604062753357883
7019,0.6601317774042572
7020,0.4110445392113864
7021,0.6015238224270459
7022,0.5506862171553676
7023,0.30258566387414165
7024,0.49614802720589835
7025,0.4910806465061854
7026,0.5693178698738913
7027,0.28537772513076815
7028,0.5954204147712355
7029,0.5541808681367587
7030,0.33226643537508754
7031,0.5714481687202019
7032,0.5781691303725995
7033,0.48192755179781116
7034,0.43888775596754315
7035,0.4149657053681868
7036,0.251983279413167
7037,0.4706567979223184
7038,0.5536367705364322
7039,0.3542887604315753
7040,0.4589661989550883
7041,0.5120810004768128
7042,0.4802901833176342
7043,0.46006595587943433
7044,0.6556635010975446
7045,0.6095634893152698
7046,0.4341972675145806
7047,0.5493298784976367
7048,0.6673281431764031
7049,0.5197772340936717
7050,0.7373635772059655
7051,0.47468896135422173
7052,0.49735317560018205
7053,0.428473858420058
7054,0.5755532987007653
7055,0.4555621576031312
7056,0.4630552668177427
7057,0.589222524995837
7058,0.5922312497439794
7059,0.45318675547176257
7060,0.42166838173715554
7061,0.6962832231676431
7062,0.5498434338893755
7063,0.6073129632762251
7064,0.6329067595258313
7065,0.3589642808751572
7066,0.4895398862325611
7067,0.620054851442699
7068,0.49205178024281054
7069,0.48062762673258985
7070,0.5950512836178489
7071,0.4275256346847322
7072,0.5520102384564418
7073,0.5887714809731706
7074,0.5925905975759169
7075,0.531172336618215
7076,0.3567368642377091
7077,0.5583834692332456
7078,0.4521674926120052
7079,0.5791064477977083
7080,0.5498517241903113
7081,0.6355458503315669
7082,0.601047882750302
7083,0.43520705692466677
7084,0.4815208026817301
7085,0.45344361269683264
7086,0.5743499994929885
7087,0.4126146537659101
7088,0.7039238107893745
7089,0.4954114627455992
7090,0.5544384078670024
7091,0.34949249130182336
7092,0.5560944152564771
7093,0.6119278887869394
7094,0.435307461816459
7095,0.6059193416422708
7096,0.46395528357255517
7097,0.6161064506781115
7098,0.5561872399884206
7099,0.5250709665035725
7100,0.6173271343416467
7101,0.6400790275710644
7102,0.5052485753090439
7103,0.5246804882972602
7104,0.5426135898409185
7105,0.4001931396810003
7106,0.3011161009624878
7107,0.42442747513726053
7108,0.5742654341820004
7109,0.4849946267234514
7110,0.543119625842877
7111,0.535750045062555
7112,0.6089191183373847
7113,0.40669433967123136
7114,0.38679619013903743
7115,0.4415230925946947
7116,0.6085358745189199
7117,0.5313168924157936
7118,0.4868285065120344
7119,0.4431803939199365
7120,0.7229305183063277
7121,0.3333929433964523
7122,0.5342206132352734
7123,0.4676325343873142
7124,0.56548247304962
7125,0.5813468034080715
7126,0.5356048452643151
7127,0.5021572004288727
7128,0.6832974680886763
7129,0.44818362105397463
7130,0.6945412262536494
7131,0.4109471038044468
7132,0.3593672461795131
7133,0.6193190504910518
7134,0.47367401354256133
7135,0.513591431388692
7136,0.4643148303522138
7137,0.4982758612056554
7138,0.627099873732437
7139,0.43523525508653577
7140,0.5894946089631297
7141,0.3634522199269893
7142,0.49052512243138474
7143,0.7224675523827463
7144,0.3905751305279473
7145,0.4070184163925138
7146,0.46960278468485483
7147,0.38641302239938297
7148,0.5137854538667366
7149,0.53480353296208
7150,0.39684785241100695
7151,0.6555985193695704
7152,0.6138437079914628
7153,0.5641721374698186
7154,0.4035031950713208
7155,0.5735334402652502
7156,0.4465981168336162
7157,0.3943780884314535
7158,0.46528229938866733
7159,0.7517726698651358
7160,0.48265971529425505
7161,0.3786365304072137
7162,0.5926370060503567
7163,0.5202226485050498
7164,0.47823534683752716
7165,0.6106521033324119
7166,0.6627831803726594
7167,0.3791966801819699
7168,0.4297183156124619
7169,0.5505580570298614
7170,0.4927705351716927
7171,0.40917425601199536
7172,0.3963763527839077
7173,0.528599249032607
7174,0.5852033559416251
7175,0.4830134019744486
7176,0.39496446794499024
7177,0.5778845185945932
7178,0.500242731041196
7179,0.6514158910563251
7180,0.35634107706378276
7181,0.4392203550824402
7182,0.3799411493486867
7183,0.5170917179212324
7184,0.6036838702675227
7185,0.4464836190139589
7186,0.43380405157123386
7187,0.5030563136997306
7188,0.5126411826246289
7189,0.45531502100260834
7190,0.5255861402263239
7191,0.4510380178434182
7192,0.598477208783279
7193,0.6523897023831584
7194,0.5890020051037581
7195,0.5223978840672068
7196,0.5449325617414414
7197,0.4767934853283351
7198,0.4751061254986604
7199,0.3446300696376341
7200,0.48078107769084244
7201,0.4457399736421741
7202,0.46327406760875367
7203,0.49328723263323127
7204,0.5262397886587394
7205,0.37004318638420464
7206,0.5333105283609338
7207,0.577711479419489
7208,0.3672514429086211
7209,0.4431632839051301
7210,0.5488522396067466
7211,0.5829715720222172
7212,0.47105987733644306
7213,0.4423753268077818
7214,0.4900120007619821
7215,0.43733757316824506
7216,0.5166499928847098
7217,0.3782045510079789
7218,0.40020361618258404
7219,0.4191699681269654
7220,0.5788089209995007
7221,0.4216125764031685
7222,0.5038058332276848
7223,0.5399704668433557
7224,0.41059320039479064
7225,0.5250795528791047
7226,0.5490761407963277
7227,0.5088415408028224
7228,0.5162414780465149
7229,0.5996071063056245
7230,0.5039549297123521
7231,0.24843548461058518
7232,0.5223715438835398
7233,0.5986772413732957
7234,0.4657669042691493
7235,0.36246643793358346
7236,0.5847371596747732
7237,0.50230912912015
7238,0.4891594869742137
7239,0.45215781937108546
7240,0.4612057845014466
7241,0.6585453678812823
7242,0.5469775687480666
7243,0.4085264336224684
7244,0.5703505753098095
7245,0.4555562672099528
7246,0.6386017338406016
7247,0.4983351857737445
7248,0.4418100426071617
7249,0.579489755475788
7250,0.5794144024466317
7251,0.48675586651098823
7252,0.5322955957539177
7253,0.5975527758844973
7254,0.4857405774074339
7255,0.5554899661518277
7256,0.5354803093472076
7257,0.484468846534953
7258,0.4710917751396315
7259,0.4043665588076083
7260,0.40891398529309175
7261,0.49686355984535535
7262,0.5582961873182857
7263,0.44652917371987527
7264,0.496982960275977
7265,0.5291190491607859
7266,0.42823722874444914
7267,0.5317355082333176
7268,0.5595797317285609
7269,0.5775997838808105
7270,0.45273523442299274
7271,0.4611554033582029
7272,0.44730226098790393
7273,0.5897124850441756
7274,0.5337132025795541
7275,0.6071271740941282
7276,0.5439133450220843
7277,0.5870978636022164
7278,0.6037070873977488
7279,0.47372028441966046
7280,0.4118846236828787
7281,0.446928137790719
7282,0.4372223287726137
7283,0.49345221675901485
7284,0.6770640874887244
7285,0.6506910352733491
7286,0.37445332380954444
7287,0.5145094007043933
7288,0.5379421175895333
7289,0.44229783229221636
7290,0.46525479000507025
7291,0.6058243854289891
7292,0.4727729720258507
7293,0.5854856434635695
7294,0.523073154669324
7295,0.648068460327043
7296,0.5164439857399473
7297,0.6122823115718989
7298,0.46632179620550906
7299,0.46683282398749637
7300,0.4566827109586303
7301,0.4726362905223106
7302,0.5536164601028671
7303,0.5134213590148223
7304,0.4868007294490925
7305,0.5044181492549323
7306,0.5594538153334639
7307,0.5763833124352624
7308,0.5445217461929336
7309,0.7593020506934729
7310,0.876920789840661
7311,0.47037732113894776
7312,0.5521607030799032
7313,0.5126239371521311
7314,0.44507797810155947
7315,0.6725423726469401
7316,0.5239508792284553
7317,0.49945352969968193
7318,0.4141518633207579
7319,0.45236677533735986
7320,0.3303806709886509
7321,0.5308088070076086
7322,0.5732929928915976
7323,0.5746412152291996
7324,0.49144597886795083
7325,0.36608791240985455
7326,0.5995664171618325
7327,0.3906640533001709
7328,0.3675624915307621
7329,0.30565079666590844
7330,0.36577582928628916
7331,0.6100485039064623
7332,0.6057332844565908
7333,0.5751307737503752
7334,0.7770281376891018
7335,0.5306481827106326
7336,0.4714603642594471
7337,0.7191615582386673
7338,0.3975037092522594
7339,0.3547307279123597
7340,0.451589883182901
7341,0.5389390364003137
7342,0.523002258050707
7343,0.38615682835743587
7344,0.39503549456956344
7345,0.40834363569280385
7346,0.4029121337360853
7347,0.689794815584669
7348,0.5338690624393714
7349,0.7258098585176522
7350,0.44848727627339846
7351,0.6386462233055087
7352,0.5043352107004339
7353,0.4923301261317636
7354,0.4855709545271654
7355,0.6217989739888519
7356,0.6067013186824317
7357,0.37617754654219937
7358,0.6277208379544078
7359,0.5069757028853394
7360,0.4250058584457682
7361,0.5378014160567985
7362,0.6458536997246198
7363,0.45654421375466614
7364,0.4723834757147368
7365,0.496120440529316
7366,0.3490978105193942
7367,0.5025531992392426
7368,0.44814969893143086
7369,0.438143399409651
7370,0.6048765132053877
7371,0.5408179710977612
7372,0.5209556862579816
7373,0.44097509784272826
7374,0.7254449306995372
7375,0.37237904507939323
7376,0.49406096706259045
7377,0.3882277563926997
7378,0.4595918475097054
7379,0.5764616737614061
7380,0.449874439574827
7381,0.606547137560511
7382,0.5574901105537535
7383,0.46649249784680313
7384,0.5868748358499423
7385,0.7341745961666905
7386,0.48446912717172963
7387,0.5506788642218607
7388,0.5927722077860322
7389,0.4686028178163846
7390,0.5911772605694313
7391,0.6312198343041473
7392,0.4645916917517715
7393,0.5716916274372158
7394,0.4770077690562323
7395,0.6833449907201399
7396,0.6580643219725487
7397,0.5822641209688822
7398,0.4775955766250944
7399,0.5378148939045343
7400,0.4998535563811229
7401,0.45374698541106584
7402,0.5219143539752202
7403,0.5757004822111252
7404,0.3940084337528457
7405,0.5085073984015223
7406,0.5627165939143993
7407,0.5599326651433851
7408,0.5751720237633989
7409,0.6530448873167508
7410,0.3845420183339985
7411,0.4794165330659917
7412,0.3859421359265685
7413,0.4625792648870041
7414,0.5939344291320633
7415,0.511741169048524
7416,0.4211846201011836
7417,0.613635445190263
7418,0.5781185323563405
7419,0.5100326796802638
7420,0.42905339303430556
7421,0.33563292154709534
7422,0.5133487107436371
7423,0.4496779841611323
7424,0.5431363706950587
7425,0.45466580783869076
7426,0.482490004194853
7427,0.49270066464090845
7428,0.58986360226409
7429,0.4690760625610692
7430,0.565546037937754
7431,0.47959774086006396
7432,0.632040635788326
7433,0.4906569662879474
7434,0.47909468730596416
7435,0.3422568465159068
7436,0.4390626874902824
7437,0.4603164086592096
7438,0.40318562760765764
7439,0.40343425766780705
7440,0.521100550601393
7441,0.6707415402762463
7442,0.42272038079291374
7443,0.6650443463910188
7444,0.6013137737835479
7445,0.4936313955020279
7446,0.5415199792105422
7447,0.47600501836331455
7448,0.6101464482180445
7449,0.392847608246263
7450,0.41200858712023297
7451,0.4613797216472478
7452,0.45210321247280993
7453,0.4743070003427745
7454,0.4485167489281351
7455,0.5006414321738849
7456,0.5617867863231313
7457,0.6782812275556565
7458,0.3994451230835946
7459,0.45178794400498246
7460,0.48976231097584966
7461,0.43989938464787154
7462,0.5757432877628507
7463,0.5688013108439645
7464,0.6008398775593632
7465,0.5112735683687715
7466,0.5234151598991709
7467,0.6226499352746349
7468,0.34457895583002934
7469,0.5012001663831703
7470,0.5288558008666571
7471,0.5771817506599973
7472,0.3574885311879438
7473,0.5685136523551445
7474,0.3940813101232255
7475,0.4212983602131974
7476,0.5143444563409397
7477,0.5985373690296037
7478,0.6986379708261794
7479,0.4691912509834576
7480,0.6264875688193752
7481,0.4570724871704458
7482,0.49771962330061925
7483,0.6503045412380877
7484,0.5028729985426998
7485,0.6547354710914933
7486,0.34362658326820494
7487,0.5733403743573908
7488,0.6256801338438492
7489,0.600249120044282
7490,0.4544741987436241
7491,0.5140542974942877
7492,0.6477230537047479
7493,0.5239546140483778
7494,0.442676162584996
7495,0.6914671545056484
7496,0.411489329726917
7497,0.5076078273973287
7498,0.40824161147237886
7499,0.5152838767205149
7500,0.6424220177712263
7501,0.6293552637567164
7502,0.5836960159291262
7503,0.5581024181857608
7504,0.5345932932005091
7505,0.5363303841211426
7506,0.4620125907681235
7507,0.5513057424405894
7508,0.3079910237220191
7509,0.5397402470174242
7510,0.5024721554394533
7511,0.49236482272141524
7512,0.5469068540408847
7513,0.3744849341870107
7514,0.49205605467829566
7515,0.548274007104082
7516,0.5452786120630451
7517,0.43349849410985014
7518,0.5155305787159853
7519,0.4760093345579637
7520,0.5559453644656852
7521,0.6868194175138749
7522,0.5270665333301905
7523,0.42960987267514683
7524,0.6382818624477136
7525,0.5142372382692636
7526,0.5687968070696465
7527,0.47092703463210905
7528,0.45410239597869023
7529,0.42073995443080153
7530,0.40022982007039704
7531,0.5522774524278986
7532,0.4634154038321717
7533,0.4531911123615354
7534,0.49128539031828644
7535,0.5301463438816879
7536,0.4142446640362688
7537,0.4763761755106001
7538,0.3677267373969991
7539,0.5044560452471393
7540,0.4290084225133375
7541,0.5954936041190805
7542,0.37910133685956027
7543,0.6163179033334351
7544,0.374550133383024
7545,0.6152398460404614
7546,0.49184060377713223
7547,0.5107306782781158
7548,0.48271359707282213
7549,0.647141562234774
7550,0.5881045236895386
7551,0.5248577206917928
7552,0.5390943675367948
7553,0.5137494731795341
7554,0.3823328322505426
7555,0.5221314324818493
7556,0.6319714404774893
7557,0.3146539308955424
7558,0.5742439739728931
7559,0.5282725825926501
7560,0.4528988893903551
7561,0.37983084589451055
7562,0.5222052756504804
7563,0.6710047677144161
7564,0.5852280050664636
7565,0.6481930481980901
7566,0.4157587946067163
7567,0.46004974021134004
7568,0.6329994117570379
7569,0.369004121445926
7570,0.625065271337131
7571,0.5256318010881299
7572,0.5318106067860587
7573,0.5383729278721702
7574,0.4619748731787882
7575,0.4559828077307981
7576,0.38125121875635903
7577,0.5242863518305297
7578,0.6201372194002142
7579,0.5212762720890382
7580,0.45905348256440676
7581,0.4906601334608388
7582,0.4146590763918723
7583,0.5013047388034093
7584,0.5193129191537353
7585,0.5296970470293345
7586,0.8066181345782936
7587,0.47810969622963057
7588,0.6453648769226628
7589,0.5354367567437531
7590,0.5637902606567013
7591,0.4341260011354229
7592,0.506888724919259
7593,0.5847760746104256
7594,0.5527730907017595
7595,0.4265431616831953
7596,0.5864760362029735
7597,0.44499106247698406
7598,0.5941068486358836
7599,0.5506569082629084
7600,0.509882071386448
7601,0.3212043033120895
7602,0.6200603203621808
7603,0.4177650857681668
7604,0.42323303672732615
7605,0.42324099378791863
7606,0.565055439137402
7607,0.4815430061382613
7608,0.5469466972524639
7609,0.6321180969071926
7610,0.4839067250614743
7611,0.41883744642312554
7612,0.45054180387525156
7613,0.4771003391043994
7614,0.37004888765325866
7615,0.6155454118006914
7616,0.49995337904232096
7617,0.5162372103142654
7618,0.3855742939602087
7619,0.5007083907261833
7620,0.4714809776674338
7621,0.5012686601953524
7622,0.36124308010113954
7623,0.3922211448113243
7624,0.4477896511575909
7625,0.5406419309194372
7626,0.4689528619339557
7627,0.4122653764676095
7628,0.6444806015459057
7629,0.47934533760193904
7630,0.4188045004980462
7631,0.3965896588773026
7632,0.4173575230436447
7633,0.3901478918060533
7634,0.7363629442141235
7635,0.5917539320218503
7636,0.6523562573501063
7637,0.626394615279083
7638,0.4425829033869237
7639,0.4425203472012449
7640,0.5099067821751084
7641,0.5316106424299213
7642,0.512376461887889
7643,0.6121048370454001
7644,0.5853587870672249
7645,0.634938803420647
7646,0.6130856517617285
7647,0.45192502217440667
7648,0.5829945602528112
7649,0.4730398029595735
7650,0.6314844292966052
7651,0.47098683366139177
7652,0.3420195539523766
7653,0.6141032789010987
7654,0.4262482777222596
7655,0.4122616337326074
7656,0.5274376417700211
7657,0.5405914963974545
7658,0.5110186362539807
7659,0.2861539891471362
7660,0.47821616389867594
7661,0.5697188589921214
7662,0.5388316283319013
7663,0.5878969334684551
7664,0.495359996756924
7665,0.47052058157927884
7666,0.45181418185817995
7667,0.5288987494282306
7668,0.5321454178517275
7669,0.5355070850849404
7670,0.5551081359388318
7671,0.37279067515236486
7672,0.41860776066414646
7673,0.5085774764013116
7674,0.40756338545952536
7675,0.5720168698656017
7676,0.34360666802331497
7677,0.5825695527411932
7678,0.4274690569500122
7679,0.6440556272472523
7680,0.4630484289846486
7681,0.42446405554652034
7682,0.6997938405077356
7683,0.5209993955541352
7684,0.4650614977043515
7685,0.45864972827352246
7686,0.5470127367546931
7687,0.5059928054422627
7688,0.4261725301859765
7689,0.5098178184769803
7690,0.4651296242488059
7691,0.578615982731027
7692,0.5614700118043411
7693,0.4425341619158578
7694,0.47364811357620523
7695,0.4549756531603191
7696,0.4113742639140896
7697,0.6090685647414744
7698,0.4092714597013219
7699,0.5025403994591013
7700,0.5108672181433308
7701,0.42777268307734184
7702,0.5191301382477325
7703,0.4098502267287715
7704,0.6105816810682944
7705,0.5006165005981367
7706,0.5118373147709254
7707,0.483161760612458
7708,0.6058739317740452
7709,0.4106823476344391
7710,0.46079641247867326
7711,0.6658129526394914
7712,0.44968998932088705
7713,0.4594123708984177
7714,0.6183716340098413
7715,0.5930261854038523
7716,0.43307939808480334
7717,0.4624719472252951
7718,0.5009043986194178
7719,0.6206706155404759
7720,0.5102688347975569
7721,0.3962607168896062
7722,0.6487752881686418
7723,0.4251749634637345
7724,0.5356743496747676
7725,0.46809753194061193
7726,0.4174657255872154
7727,0.39198199968195135
7728,0.41172467840505417
7729,0.518835330619565
7730,0.4166918897025939
7731,0.40051015886256364
7732,0.672648132413372
7733,0.5767095603249468
7734,0.4747569196454164
7735,0.7341365559291075
7736,0.5077213967117126
7737,0.45050584713028785
7738,0.5895873354606446
7739,0.6058936491607615
7740,0.5022438671721899
7741,0.6426578425211305
7742,0.6659670006862969
7743,0.5220124484236308
7744,0.5147736700676023
7745,0.5183863157420993
7746,0.5266059843053468
7747,0.4791043736778694
7748,0.5937393996484617
7749,0.5019224795606286
7750,0.5619644385669715
7751,0.5817089794976669
7752,0.46775394673141624
7753,0.4242640021164857
7754,0.3225510838267569
7755,0.370517221228039
7756,0.5027849604089693
7757,0.3974907681722517
7758,0.5751858642610335
7759,0.6731768591571052
7760,0.5365971337249564
7761,0.42861644562544104
7762,0.7087622585483302
7763,0.7195462554895888
7764,0.4479367082103601
7765,0.40491204883118037
7766,0.5051384121378764
7767,0.6075973289338381
7768,0.5457823653167652
7769,0.5805979598385512
7770,0.7889193179216625
7771,0.4214349410588955
7772,0.48913277432795466
7773,0.3565502394763991
7774,0.4484127151851929
7775,0.5041399491814517
7776,0.42647832855685364
7777,0.6118102762381387
7778,0.5301660972139496
7779,0.5409246531640783
7780,0.5169547369002316
7781,0.4739697233021068
7782,0.5615125403634074
7783,0.440261488563083
7784,0.6136277890607822
7785,0.3348012973696111
7786,0.6054925588007785
7787,0.45644376205603143
7788,0.46079744262878314
7789,0.36678344058524504
7790,0.39398510271636467
7791,0.49549691620078384
7792,0.46868654319408165
7793,0.4303289213390854
7794,0.5448553464616275
7795,0.5187832904393783
7796,0.4196528177697816
7797,0.5282361975850263
7798,0.368574212288166
7799,0.4398737225851752
7800,0.510358990713869
7801,0.7136592111572009
7802,0.4046075351431199
7803,0.5809172100810148
7804,0.6260272355084137
7805,0.351546323439644
7806,0.7231766434074356
7807,0.4207725155290476
7808,0.5587984382763983
7809,0.36422013153226473
7810,0.4532912657239124
7811,0.557171431766964
7812,0.46784236464872814
7813,0.5206650820255775
7814,0.48224601150422314
7815,0.3707214988321605
7816,0.4941137075891516
7817,0.650680631710665
7818,0.5899209090230992
7819,0.5569430495009391
7820,0.5268577971392392
7821,0.5234263349853404
7822,0.8005350343990368
7823,0.5396154085694379
7824,0.5871902818183553
7825,0.4637210907788523
7826,0.43352026493883006
7827,0.39036566648626353
7828,0.3900847391091572
7829,0.5624416591990463
7830,0.33261496609427543
7831,0.4821397190399081
7832,0.5106802685786427
7833,0.3345121619600718
7834,0.5309702503050139
7835,0.44988921218509265
7836,0.426079590300346
7837,0.6342168988537655
7838,0.6258264696849243
7839,0.5649178565830553
7840,0.52169196365862
7841,0.4068253156410914
7842,0.4334712086158758
7843,0.4903584376477339
7844,0.4508324410923046
7845,0.5421574579862393
7846,0.41385869947512405
7847,0.47237551218295637
7848,0.5841919013798071
7849,0.38419992498594896
7850,0.5852981615979356
7851,0.3552545136786282
7852,0.3437558461294212
7853,0.43262674498460746
7854,0.6785312962421305
7855,0.6400292881536658
7856,0.5661424736599248
7857,0.5162955841998412
7858,0.571091207370808
7859,0.5318888093827783
7860,0.3968746369578371
7861,0.6031750014458843
7862,0.6199215402359429
7863,0.5219143423665225
7864,0.6855427743686767
7865,0.4920882330001153
7866,0.5750850297714477
7867,0.41704301907011443
7868,0.7190362815865765
7869,0.6100540326216176
7870,0.6030574467194256
7871,0.36893609401579186
7872,0.4217609998779387
7873,0.4003920105571705
7874,0.5024597327508372
7875,0.4015496603458291
7876,0.5097752941453982
7877,0.4450516792846223
7878,0.5458665811142729
7879,0.4127457746381678
7880,0.4929978625211995
7881,0.47436687922364634
7882,0.7526661209979614
7883,0.423214931645175
7884,0.46470257331912257
7885,0.6071129668745198
7886,0.5168177791924056
7887,0.4814326906964053
7888,0.5997636419055488
7889,0.5445427003594352
7890,0.5033635509935369
7891,0.3769639509647338
7892,0.6584158494028283
7893,0.5464173405454489
7894,0.6697720310606963
7895,0.40903551698671536
7896,0.3787322652037207
7897,0.5145365819024607
7898,0.48908824797187833
7899,0.3065089285732413
7900,0.5505684064672802
7901,0.603182755629055
7902,0.47056162156185505
7903,0.6048270435088707
7904,0.5616433028517022
7905,0.47329426932698687
7906,0.41682663446365464
7907,0.6887192985157629
7908,0.47633726606839194
7909,0.6664292317147827
7910,0.46424724719033617
7911,0.4324112013211468
7912,0.6800576863262504
7913,0.4247189625867964
7914,0.44442925993376986
7915,0.6493121333445805
7916,0.6425087957526963
7917,0.46676490542801685
7918,0.37879172335831923
7919,0.5632566995466206
7920,0.6803942955707459
7921,0.4072434408778212
7922,0.44345849170894963
7923,0.5764062903432239
7924,0.40458995630419803
7925,0.48540593761476153
7926,0.49095120133433917
7927,0.47059736267610713
7928,0.36601707473799217
7929,0.4891721609554716
7930,0.63595994664463
7931,0.4775020968939031
7932,0.7132572038427507
7933,0.5217301148651581
7934,0.41652233689402535
7935,0.6057463609585368
7936,0.4185948792025544
7937,0.5272721568530424
7938,0.5472037957882564
7939,0.5006073953455722
7940,0.4204500618733037
7941,0.410813628828012
7942,0.4740448835907281
7943,0.5531657539909319
7944,0.7262229991856187
7945,0.37578266050926123
7946,0.5754771216047481
7947,0.508951619486725
7948,0.5045995694769022
7949,0.6545885021343792
7950,0.39742487892967815
7951,0.5733808878428928
7952,0.40098843210040047
7953,0.3942098347572794
7954,0.39192329214281924
7955,0.47732354787711273
7956,0.45147078882554514
7957,0.5703533874073645
7958,0.6166285296198799
7959,0.48089122840083376
7960,0.40445476435976735
7961,0.6122834192621813
7962,0.5972331848712119
7963,0.45710858558167017
7964,0.3477600577676272
7965,0.5563800958714886
7966,0.5113945168401115
7967,0.46138003483812573
7968,0.613203072665466
7969,0.4958250547767166
7970,0.47873847507045986
7971,0.4730983177239839
7972,0.5367477894498061
7973,0.5129389062518706
7974,0.5377787358369863
7975,0.5596296904141818
7976,0.3969138541140124
7977,0.5380584853107371
7978,0.5014565364131751
7979,0.5124732732129404
7980,0.3343500468218994
7981,0.43587410994754283
7982,0.510307456092299
7983,0.5485693260596585
7984,0.5892902309645947
7985,0.4627405278018118
7986,0.620313280758778
7987,0.6130991072756634
7988,0.4330709264718266
7989,0.6760090550301607
7990,0.7273989996147081
7991,0.4197584542630928
7992,0.4471182571527044
7993,0.34683916062513576
7994,0.558855890416466
7995,0.4436822516326675
7996,0.5935461071780976
7997,0.496730970752181
7998,0.4579579209408649
7999,0.4161792105019423
8000,0.3850740021633458
8001,0.4429000255474417
8002,0.44424725937157317
8003,0.5306507885190178
8004,0.4592562324493866
8005,0.44905178515868266
8006,0.70447437630933
8007,0.4363374977788008
8008,0.5226680460535649
8009,0.6062507734603024
8010,0.5175835336108551
8011,0.5037587870388469
8012,0.46571603057952715
8013,0.5082239549544568
8014,0.7265443032105658
8015,0.6048918170650843
8016,0.42200837182364603
8017,0.6476225307713808
8018,0.5040806384174255
8019,0.49807198298513256
8020,0.4476683328362393
8021,0.471548002893434
8022,0.3914159562697489
8023,0.4725553725930991
8024,0.4734583999491668
8025,0.44034426358637063
8026,0.41273580989724595
8027,0.6500482838431849
8028,0.45962578322105285
8029,0.6080063572464907
8030,0.39576125977204574
8031,0.4595956436398184
8032,0.4722634578891373
8033,0.4779225232485126
8034,0.47343224414378465
8035,0.5015137829443002
8036,0.4520479691483358
8037,0.5176560295361837
8038,0.4919672102662406
8039,0.44150823722716237
8040,0.5194600826063012
8041,0.4996853763828312
8042,0.5503556023417127
8043,0.5198104326780364
8044,0.5085365915758733
8045,0.328851629523148
8046,0.4524678960887347
8047,0.4438366983790933
8048,0.45260580773333187
8049,0.47822383093541815
8050,0.46102487735816483
8051,0.4915136139004662
8052,0.5365029143134015
8053,0.4889991246042278
8054,0.42615272009380645
8055,0.34824481117446304
8056,0.6963346447613695
8057,0.4161952636406508
8058,0.7056099100369535
8059,0.48533280559883707
8060,0.5969544378450641
8061,0.47371323924033504
8062,0.43103896154412363
8063,0.48055732915447114
8064,0.5417423654568003
8065,0.4661384741156208
8066,0.5763069920843015
8067,0.5447723730314771
8068,0.3777435926802333
8069,0.4860418903352177
8070,0.48263407572913525
8071,0.49310348953967453
8072,0.41832613745362845
8073,0.5798181059410532
8074,0.532964746590512
8075,0.5150346674213335
8076,0.5131365359165051
8077,0.4925957682233925
8078,0.41226880103399305
8079,0.42136630845539513
8080,0.3316873817824265
8081,0.6207413225324391
8082,0.5072724919114473
8083,0.5208586441903463
8084,0.6630581618243571
8085,0.4671321387825471
8086,0.5867034001885789
8087,0.5161286027388211
8088,0.6353074747802635
8089,0.5430717849423984
8090,0.365418208785976
8091,0.5181375935391663
8092,0.4167150058641843
8093,0.3179109773729405
8094,0.635618004672271
8095,0.5719078256825462
8096,0.38730865933740355
8097,0.45818584112656324
8098,0.6176521166355236
8099,0.41397279192653796
8100,0.4952728957167158
8101,0.404335365481661
8102,0.4777575070881286
8103,0.3983355776706867
8104,0.5682239386930016
8105,0.5297886308922184
8106,0.5408741786420865
8107,0.5586494441174767
8108,0.48108082947703246
8109,0.5435919906864581
8110,0.6987637425268911
8111,0.40795142311666327
8112,0.5644025069653732
8113,0.5529071991973104
8114,0.40936509875504845
8115,0.7049079714984812
8116,0.5781539331044685
8117,0.4250196166588502
8118,0.5101003490584148
8119,0.5278543345857735
8120,0.44797162291787784
8121,0.41842442055491613
8122,0.34207342967315996
8123,0.7700451224891308
8124,0.5666820484159321
8125,0.470146841764585
8126,0.4339109469058666
8127,0.5147785878984327
8128,0.3875556065652188
8129,0.4694376644254821
8130,0.4155586648594033
8131,0.7421700242961201
8132,0.37372860669551566
8133,0.413170147394092
8134,0.3057309043116544
8135,0.4319606872089057
8136,0.397552270430112
8137,0.6137554122197095
8138,0.4546440505538819
8139,0.38222402016330687
8140,0.5779674458710932
8141,0.4556762393803354
8142,0.7564023366929229
8143,0.42737803157701504
8144,0.44933200466272605
8145,0.6431047523162992
8146,0.45059137705323055
8147,0.47968716402123257
8148,0.3908238510316296
8149,0.5384837917983685
8150,0.5750160810811252
8151,0.48788007993718013
8152,0.3842016922117053
8153,0.758948018096542
8154,0.5441518628162922
8155,0.4147737758554421
8156,0.4378179254668839
8157,0.420762390221772
8158,0.6207674794717185
8159,0.5212321423346858
8160,0.5275812811518472
8161,0.4984084600033269
8162,0.4807447292040652
8163,0.45914061341798224
8164,0.5895239698871511
8165,0.6894165425125067
8166,0.4339241874240136
8167,0.5557948274112606
8168,0.49434702570868116
8169,0.4052964059040621
8170,0.3612296199630702
8171,0.41532239597864196
8172,0.6406821917584201
8173,0.39425551237088874
8174,0.47496714511644217
8175,0.5117471041184295
8176,0.4427242366740759
8177,0.5742195563345545
8178,0.6190734368290028
8179,0.5717644265437921
8180,0.49919127475738995
8181,0.5177540940332035
8182,0.38693292370318266
8183,0.6142755677213041
8184,0.5381825060127464
8185,0.3581196467836165
8186,0.6170877862124142
8187,0.4500540944824207
8188,0.4915952757781467
8189,0.6887655476668321
8190,0.41374819788692785
8191,0.4629646506205721
8192,0.6172028723764665
8193,0.6434701967406945
8194,0.616807151695925
8195,0.4123328569350263
8196,0.37760337042426895
8197,0.560398701924507
8198,0.5525890760595118
8199,0.4473389703931221
8200,0.49995513134517056
8201,0.8101276612342428
8202,0.4981261647658991
8203,0.47201766220856667
8204,0.630279736764011
8205,0.8532894428208824
8206,0.4843032921115525
8207,0.5318437579754786
8208,0.5013246117034553
8209,0.4835901433035451
8210,0.46628478943809726
8211,0.34047771407777294
8212,0.42054232739907027
8213,0.505705195917268
8214,0.49489501395942564
8215,0.3663576188602846
8216,0.6386490431214448
8217,0.42785030294517407
8218,0.5334174721705184
8219,0.5300578019422669
8220,0.4933511245524563
8221,0.5409309603353125
8222,0.5195758401388726
8223,0.6161429842576764
8224,0.6414618085969879
8225,0.4492984841652659
8226,0.5362889807947934
8227,0.45156989469577186
8228,0.46716663588533786
8229,0.4281653966963823
8230,0.5422488125338977
8231,0.47729379584680226
8232,0.4372832152060203
8233,0.5064260127703992
8234,0.40606596758737756
8235,0.434784394445953
8236,0.4401789477250174
8237,0.5529960765454962
8238,0.49925354504266173
8239,0.5329896498405534
8240,0.39475676397494547
8241,0.7365337478444419
8242,0.5373200561917769
8243,0.5172554506140539
8244,0.6141613439472678
8245,0.37104089724446015
8246,0.41234498122995294
8247,0.4814099107375506
8248,0.34753487883774803
8249,0.3830811203161433
8250,0.4834483413520393
8251,0.3941174806028707
8252,0.45450559771208504
8253,0.43435806008040695
8254,0.5998403730564862
8255,0.6074296753407146
8256,0.5472174933900579
8257,0.565761289673137
8258,0.5129547670364578
8259,0.577260434336252
8260,0.5084451611561871
8261,0.59539001594134
8262,0.5499163159594423
8263,0.5046151852661371
8264,0.5409976376843578
8265,0.5334701284890139
8266,0.3978965274374289
8267,0.42331846507386894
8268,0.4251032850930485
8269,0.36636262994452873
8270,0.4872246267681673
8271,0.40660583017299134
8272,0.5282559707537258
8273,0.4582514114756929
8274,0.32662657258751104
8275,0.43667561020847157
8276,0.6305691032299189
8277,0.5484703462710357
8278,0.4696956743560741
8279,0.5136428039554229
8280,0.532649255179082
8281,0.5578860539332956
8282,0.4046612248518696
8283,0.40139077341552254
8284,0.4406864795227913
8285,0.39966881379578406
8286,0.33997938211724305
8287,0.45112775686031986
8288,0.405920418602077
8289,0.5079988561309504
8290,0.41975098912372727
8291,0.5348937445040972
8292,0.6086235127196845
8293,0.6911851318848871
8294,0.4874437024952983
8295,0.49396439635179457
8296,0.5413100793828849
8297,0.5538481033068603
8298,0.37921948412071815
8299,0.5833040883259983
8300,0.6104251959419552
8301,0.45988465422977276
8302,0.5271921712101495
8303,0.4990925580262829
8304,0.46614299603900117
8305,0.46469088925258123
8306,0.6036687361165514
8307,0.5308546951362114
8308,0.48528797513447275
8309,0.5745475103809765
8310,0.29333988094559704
8311,0.3833667478954305
8312,0.4134825906984849
8313,0.4978135744574335
8314,0.6695230164631178
8315,0.5264165128729299
8316,0.4044810981830136
8317,0.4870802873958172
8318,0.4524426701543922
8319,0.6569578187725552
8320,0.49121314270797045
8321,0.5174635569808114
8322,0.3107128808645996
8323,0.5227539946409661
8324,0.5471877985374137
8325,0.5069031612682722
8326,0.5956639408591333
8327,0.6019165544314358
8328,0.46649129831188846
8329,0.3546656839173904
8330,0.37206931069323435
8331,0.4170483291973166
8332,0.48083918073185766
8333,0.4785228122423391
8334,0.5745625925526794
8335,0.4601972744806915
8336,0.5333756017125506
8337,0.5580917357196251
8338,0.6131629960948711
8339,0.6385576400282178
8340,0.2851874743465299
8341,0.41627442165536044
8342,0.6377505001685788
8343,0.41799627171111914
8344,0.4386118505327705
8345,0.49331066010921515
8346,0.5179039088524143
8347,0.4807285288609271
8348,0.7278858587273285
8349,0.4639149610543012
8350,0.4338683555090903
8351,0.3813256260032487
8352,0.447518633234557
8353,0.44236709613401437
8354,0.7523683900110322
8355,0.5550729580955628
8356,0.587180420248628
8357,0.572859544234427
8358,0.5860589181242339
8359,0.29187362792418514
8360,0.4511896424091462
8361,0.6597541035581354
8362,0.5981272835498858
8363,0.45664873381913784
8364,0.3282933553578282
8365,0.5007249479421766
8366,0.6538960718455327
8367,0.5768518518256902
8368,0.5513036002215645
8369,0.30293594660752654
8370,0.5183540031824762
8371,0.5028242873685046
8372,0.4775893613020547
8373,0.37855305406307493
8374,0.5761078981047697
8375,0.7000723117152245
8376,0.44626743128220564
8377,0.5710987410454914
8378,0.46573550862558877
8379,0.4657189398677676
8380,0.6407916421464035
8381,0.5648068920091788
8382,0.6215105367662149
8383,0.5463481324218021
8384,0.5316485024942031
8385,0.6641384183142524
8386,0.674227543439951
8387,0.426876735868911
8388,0.48692085529224327
8389,0.31328646081883893
8390,0.5448362781817357
8391,0.799308449087414
8392,0.6555080284597414
8393,0.5121389705468675
8394,0.5356840737620128
8395,0.5933938832351372
8396,0.7034069257030614
8397,0.4694093967701786
8398,0.5247498088997237
8399,0.4303583868011289
8400,0.4569479204426472
8401,0.44584902033369495
8402,0.4713509722769943
8403,0.5120046404208934
8404,0.35714703403275716
8405,0.5022148798510075
8406,0.647187927239741
8407,0.6551529830917899
8408,0.503561100939252
8409,0.6218926361033273
8410,0.48243702220042406
8411,0.5566304356407659
8412,0.32352684504410295
8413,0.5296903661681557
8414,0.513421066845182
8415,0.6002076323810868
8416,0.3857743127471867
8417,0.4730695203552971
8418,0.44446684296350525
8419,0.4626471353669977
8420,0.5420901044658416
8421,0.49720934508121073
8422,0.5117967960194388
8423,0.47765867129559686
8424,0.5559502907888759
8425,0.5997936165656975
8426,0.4627574659565549
8427,0.692614224832623
8428,0.48471047050084615
8429,0.6304386568259632
8430,0.4180642102858607
8431,0.508364235235833
8432,0.5460364015648093
8433,0.3888891692227941
8434,0.5057161998529499
8435,0.767322746350594
8436,0.4145800402410379
8437,0.5733921268817604
8438,0.5191856665024654
8439,0.4806621926214851
8440,0.3397649570386606
8441,0.6020148419240653
8442,0.5045814988493107
8443,0.5307505359001726
8444,0.4415281562153464
8445,0.5751613232230249
8446,0.4571943737344893
8447,0.4137038724136637
8448,0.5444947255368089
8449,0.5009233259574638
8450,0.45005107560747515
8451,0.5453833419264256
8452,0.48093549081478565
8453,0.4938053952553379
8454,0.6118622649568685
8455,0.5899432849508965
8456,0.5201705980469788
8457,0.5043215694209461
8458,0.43729622117537037
8459,0.5244834155027226
8460,0.6730450246376157
8461,0.5367734071451395
8462,0.5175191142600171
8463,0.4594000528942802
8464,0.42282646492828896
8465,0.5692457085578229
8466,0.5812282593031681
8467,0.47278034823256665
8468,0.36833344436125054
8469,0.496591163483515
8470,0.48981737203792497
8471,0.7615230008053285
8472,0.6058594282543837
8473,0.6930408543066219
8474,0.6043873625260276
8475,0.47485479560329413
8476,0.5243522025980292
8477,0.4977030653231207
8478,0.5208511099235538
8479,0.29367602209035204
8480,0.5314459795126776
8481,0.5274038220790526
8482,0.4137028884496587
8483,0.3782079286997892
8484,0.5156182063998302
8485,0.3759812265144108
8486,0.7833478527429907
8487,0.5388632781183549
8488,0.3419717688954815
8489,0.5351133860919903
8490,0.6863899395440081
8491,0.4730951149146837
8492,0.36326199010018323
8493,0.46641234656065295
8494,0.40615080191132263
8495,0.5111480734533156
8496,0.3930132935332834
8497,0.4933882253968779
8498,0.38270868770690825
8499,0.6186540683903443
8500,0.5615090991432099
8501,0.4360707960268513
8502,0.47656093608155203
8503,0.4625492823094812
8504,0.5121438728550622
8505,0.4394389407929105
8506,0.5080350654997455
8507,0.5074155614094024
8508,0.6478155511074082
8509,0.5103657177983535
8510,0.3818496832748169
8511,0.5115153315202584
8512,0.7073065253809776
8513,0.568062719908294
8514,0.48873289474723547
8515,0.4697495613827345
8516,0.5296474780695751
8517,0.586636610105758
8518,0.4238820370547599
8519,0.6165415883521561
8520,0.5161595801169497
8521,0.4067796184675784
8522,0.3979355414490916
8523,0.4619630030093746
8524,0.5386672863519447
8525,0.4230975044380634
8526,0.3703003193372013
8527,0.5949283941981457
8528,0.5161858720451264
8529,0.6238488108065466
8530,0.5361897889474727
8531,0.4408705070952779
8532,0.5709931341825008
8533,0.48466244074237025
8534,0.5714137620933977
8535,0.5319893070597561
8536,0.542930779809753
8537,0.5649019060203042
8538,0.5358965646529936
8539,0.3664589710897609
8540,0.5265193975161351
8541,0.651270803047782
8542,0.5759782518263047
8543,0.5758932639288763
8544,0.4714972788097698
8545,0.512837690269639
8546,0.37039660940194985
8547,0.39155743540934357
8548,0.6015551847432694
8549,0.4250673637478527
8550,0.375658992382896
8551,0.3622437233405756
8552,0.6621346744624015
8553,0.522740161095333
8554,0.5351788524103783
8555,0.5840741794447408
8556,0.660952355683808
8557,0.5294632646846648
8558,0.4274125333452936
8559,0.5485977370922474
8560,0.5839176105899913
8561,0.4735903656277455
8562,0.534915444301703
8563,0.5659013766080814
8564,0.5573339550593069
8565,0.48034520061624686
8566,0.5662664076916925
8567,0.6012284136184632
8568,0.49427359955206485
8569,0.644601001883635
8570,0.5245963626629956
8571,0.48173089480762626
8572,0.49655544364287485
8573,0.635951223683872
8574,0.567683892350484
8575,0.4909002371280343
8576,0.4138172858261676
8577,0.4524967222439008
8578,0.48101645398041615
8579,0.38957233249522677
8580,0.5203587464653908
8581,0.3935914155337653
8582,0.5496100310970464
8583,0.5618225200582962
8584,0.3569754906095138
8585,0.5565572663611102
8586,0.389813778680026
8587,0.38915760146979445
8588,0.38593946437084187
8589,0.5655195838623498
8590,0.5447552194418657
8591,0.6015680823025193
8592,0.6873949044312744
8593,0.42944079474052976
8594,0.5114357401415476
8595,0.4590716751730115
8596,0.5490946991938968
8597,0.5781290436818912
8598,0.349928538708539
8599,0.7953800536539384
8600,0.4948972533501449
8601,0.3475725343718915
8602,0.46053825566310613
8603,0.5026199406019842
8604,0.42539846830901695
8605,0.3615328550008047
8606,0.5095867192222411
8607,0.508743972927741
8608,0.6055052119707065
8609,0.5608958254980938
8610,0.5856195240681552
8611,0.470704689081792
8612,0.5263856331912443
8613,0.4991673216321777
8614,0.3174072100179298
8615,0.47592500433481955
8616,0.5697353736038684
8617,0.4356723390031999
8618,0.5418312972282118
8619,0.40535229460411815
8620,0.5741042047643493
8621,0.43730591348814113
8622,0.4106550305814384
8623,0.663149969736668
8624,0.33165502657993806
8625,0.4616924482833761
8626,0.4214869805284932
8627,0.39521968359810444
8628,0.4189196474509396
8629,0.4018290764869742
8630,0.5808639472475696
8631,0.3816565550135419
8632,0.6124693828017134
8633,0.7317951930738628
8634,0.5809750041482342
8635,0.5052519356851926
8636,0.5235799721995829
8637,0.6166042684227311
8638,0.38741274398354997
8639,0.5898091197574029
8640,0.42675788412777416
8641,0.49370414829408515
8642,0.45208479818225
8643,0.5401037749969513
8644,0.39908287202081255
8645,0.37806671259824737
8646,0.4998750367901848
8647,0.5132515135906677
8648,0.5132462406549674
8649,0.5622706959383446
8650,0.5595425881306622
8651,0.45933369517301414
8652,0.6214786396444344
8653,0.5140360496213383
8654,0.434500784072168
8655,0.4388545751538546
8656,0.47890263202873384
8657,0.48388464980235596
8658,0.5263562783143879
8659,0.4369609131682344
8660,0.5146479955578928
8661,0.49047142776701297
8662,0.3857405361106547
8663,0.5762413634630428
8664,0.49625409313021085
8665,0.6747892993925775
8666,0.40925561301889696
8667,0.5651203603059965
8668,0.6114726072841943
8669,0.40293852049467255
8670,0.6451045024562095
8671,0.5548817076378755
8672,0.43921307295313816
8673,0.380708751243922
8674,0.6584214010776286
8675,0.4526161540682241
8676,0.37171855077961174
8677,0.41775565148340366
8678,0.5998314129071276
8679,0.45701053559342103
8680,0.45880243713507485
8681,0.40205914714685276
8682,0.44714207058509187
8683,0.4785231494020515
8684,0.5132212595702906
8685,0.3353491934248116
8686,0.6971094308794838
8687,0.5123903983667911
8688,0.6813100021072006
8689,0.4225637868984586
8690,0.5718092536862327
8691,0.5507856596321072
8692,0.44206528712649307
8693,0.5466720256623325
8694,0.5249311966317347
8695,0.6490119282426559
8696,0.5327743364993207
8697,0.3992303459069023
8698,0.47499257464625294
8699,0.46897103337916657
8700,0.46105202893252095
8701,0.37778209105691674
8702,0.6391248468273248
8703,0.513303303939339
8704,0.4142215834617538
8705,0.4429919370315706
8706,0.4806753390103312
8707,0.5859034199089679
8708,0.4517093037565481
8709,0.7379659550715192
8710,0.49089519236180995
8711,0.5249052827473331
8712,0.40782545191674785
8713,0.5045242888283635
8714,0.45452187604178057
8715,0.3811777783819545
8716,0.5935455223722622
8717,0.4507108556721072
8718,0.6986700683656066
8719,0.33823078912387416
8720,0.5055927287255509
8721,0.6223419333848638
8722,0.6216915840152151
8723,0.5302213731491591
8724,0.4331533230677125
8725,0.5385252437433917
8726,0.47529701560746473
8727,0.5219501213737616
8728,0.6308052047570266
8729,0.5568150705625392
8730,0.5488006526810075
8731,0.5182437081337348
8732,0.453497352087748
8733,0.4434296647329043
8734,0.37488689716349877
8735,0.4578337484148658
8736,0.458551580688938
8737,0.4616814221864889
8738,0.395479192248853
8739,0.5852067054896515
8740,0.46976077723363896
8741,0.38362564378343195
8742,0.757324964740342
8743,0.4055845140763671
8744,0.4934825789170709
8745,0.36253011452358397
8746,0.4528578621248129
8747,0.4167961860032929
8748,0.39673626010843954
8749,0.5794206090432389
8750,0.4315704921882116
8751,0.4258787357206288
8752,0.5467633639028211
8753,0.45033730427504504
8754,0.5663562039396198
8755,0.39901450876145617
8756,0.39350751759946684
8757,0.4720370991228074
8758,0.6266294535938582
8759,0.4599792313807559
8760,0.4605281437066548
8761,0.576426337922574
8762,0.48570394329750893
8763,0.5140423942255646
8764,0.48336847218687334
8765,0.48994140307248163
8766,0.4753909582205494
8767,0.5054295731520158
8768,0.6911297619394251
8769,0.5124870110395016
8770,0.4390238599329832
8771,0.44297978997162074
8772,0.5224189990008288
8773,0.4688673886958251
8774,0.5493737904501651
8775,0.5467129011092376
8776,0.6004939515417085
8777,0.44950050265773844
8778,0.48868390944486334
8779,0.5197698753668001
8780,0.4825518238299664
8781,0.5171621962099983
8782,0.5024044225643539
8783,0.5099211493170384
8784,0.5726238039759076
8785,0.3930551638927628
8786,0.4513518214096497
8787,0.4109849165275762
8788,0.3998807018196433
8789,0.4898325825649368
8790,0.36172374243775735
8791,0.44226870422991377
8792,0.5644261014601437
8793,0.4710408479886667
8794,0.5895235645842389
8795,0.39908942764249367
8796,0.5311222808972664
8797,0.4589567723638779
8798,0.5076940219430601
8799,0.3373328175854089
8800,0.5347585438662139
8801,0.4595150157807497
8802,0.48967363216468696
8803,0.5427774045296757
8804,0.5013043883570021
8805,0.6446324892254356
8806,0.7011965104551808
8807,0.5498918432002864
8808,0.35918090945364256
8809,0.3309341605320306
8810,0.5212645747814325
8811,0.4367555273271306
8812,0.5489301402106214
8813,0.46987172490484314
8814,0.5321165406459094
8815,0.5537660488623404
8816,0.6420146580143298
8817,0.4165310096025353
8818,0.35739922423070614
8819,0.4046544181240372
8820,0.4280921335414489
8821,0.36393054281843584
8822,0.691188105216073
8823,0.3501806031447077
8824,0.544602648566395
8825,0.5518585307998048
8826,0.6250915746162816
8827,0.5779026562048384
8828,0.5950897409515375
8829,0.6005330193233455
8830,0.533882737556998
8831,0.5268650853746245
8832,0.6673316809562198
8833,0.4210593734160053
8834,0.5404508395100671
8835,0.5071000214342662
8836,0.535939072691021
8837,0.3729114945308562
8838,0.7245763453398052
8839,0.5649222142124704
8840,0.5086018003998004
8841,0.32164581745566884
8842,0.5758230369587721
8843,0.7203806480929382
8844,0.5337341363430188
8845,0.3444127930589785
8846,0.6610586296790013
8847,0.543823171338047
8848,0.6581421592852896
8849,0.460781942313751
8850,0.6934381605126114
8851,0.5001126197423682
8852,0.49787259250124943
8853,0.5344174212043835
8854,0.5075473534913674
8855,0.4338302828622236
8856,0.4801000709421058
8857,0.5693434410767552
8858,0.4570405423403442
8859,0.5145621013306447
8860,0.5658980044642865
8861,0.7334143940299616
8862,0.4411806936007123
8863,0.5271246830593485
8864,0.6260920301688453
8865,0.40678635704680055
8866,0.4982896076259875
8867,0.45882089974916257
8868,0.43457159798855793
8869,0.5000269515410932
8870,0.4744728452534409
8871,0.5419934741780816
8872,0.442607690080977
8873,0.4711750618704039
8874,0.3529990486346346
8875,0.5449754011541639
8876,0.6532315187715728
8877,0.619511868848934
8878,0.591893043538447
8879,0.673724102292507
8880,0.6414547031621093
8881,0.5025018734865498
8882,0.588429816645759
8883,0.35379908708628366
8884,0.4211695233294072
8885,0.43291782660403416
8886,0.548025776469414
8887,0.46012313691733975
8888,0.47671852529433567
8889,0.4461357294613558
8890,0.41359281725131564
8891,0.5288769719645745
8892,0.3620189941387621
8893,0.43689454816861456
8894,0.4960487575002405
8895,0.3780215264289217
8896,0.5512369591979828
8897,0.5360636273691702
8898,0.5242474206891671
8899,0.5362583192273933
8900,0.5363856521724958
8901,0.4084700915213937
8902,0.732089630651775
8903,0.48424277321334974
8904,0.7154415507625009
8905,0.5277603257938195
8906,0.4847840709099334
8907,0.46840001769775885
8908,0.627280200434227
8909,0.5552015716533792
8910,0.5688704765540112
8911,0.49028608343016133
8912,0.4260408689190861
8913,0.3741042307447223
8914,0.41070675235686477
8915,0.46376471903409494
8916,0.5103128368836932
8917,0.5669455196179565
8918,0.48285242475304824
8919,0.645971855360065
8920,0.4393006050349874
8921,0.3327037452206514
8922,0.44053106880691195
8923,0.3578095449249774
8924,0.41338739900198873
8925,0.47944437785549415
8926,0.5254054847347035
8927,0.5901039609662854
8928,0.4822535634394773
8929,0.4466819947017832
8930,0.401561456186466
8931,0.4555100172198461
8932,0.43610512703243126
8933,0.6599528141184738
8934,0.5530897787029174
8935,0.528312422806648
8936,0.3605242794895468
8937,0.5045785927940536
8938,0.605919967601006
8939,0.33690202772599176
8940,0.5646664514694305
8941,0.37379812277483027
8942,0.6110900901758507
8943,0.5074447611032293
8944,0.5816399091987563
8945,0.4073369886589362
8946,0.4873987224913847
8947,0.5353694155223601
8948,0.4228434463741187
8949,0.4581771992647513
8950,0.4870349689266586
8951,0.5625092744159192
8952,0.3485755674228148
8953,0.619957028593955
8954,0.4449492252677461
8955,0.5058063757249054
8956,0.5359358456788914
8957,0.5456274626828058
8958,0.6241166701243627
8959,0.509355229826383
8960,0.6481870655502343
8961,0.449458447524254
8962,0.5410873611639382
8963,0.5905268568704573
8964,0.5850096161867014
8965,0.551589702368376
8966,0.339024548493076
8967,0.33915781168403225
8968,0.49226929655725365
8969,0.5053880093279827
8970,0.7819142591460715
8971,0.5158217922468559
8972,0.5160671604154461
8973,0.4946738151514431
8974,0.6479292886873006
8975,0.40626802331583256
8976,0.3898173192482792
8977,0.4152214453343515
8978,0.490367021538915
8979,0.5170186676430695
8980,0.6057140827707765
8981,0.5676238087181638
8982,0.49260054526615965
8983,0.4250660118750763
8984,0.39929840368518404
8985,0.41840766988031886
8986,0.6406509311738077
8987,0.41549199255072344
8988,0.34697265876752326
8989,0.5239901973032427
8990,0.5198188944853431
8991,0.50020741253548
8992,0.3617983613888892
8993,0.6835325947178046
8994,0.44351870528710846
8995,0.6874090096030021
8996,0.5137147272414965
8997,0.5680286902177331
8998,0.5825366300615833
8999,0.38988913495728156
9000,0.43592101709350156
9001,0.5257569749778928
9002,0.41333457673140617
9003,0.8503931669543234
9004,0.41359600949998954
9005,0.38749972123595616
9006,0.3799818586329434
9007,0.5603548699278801
9008,0.5077133513415002
9009,0.4826619115464891
9010,0.4308472543746653
9011,0.5200149728494102
9012,0.479536924226603
9013,0.5213791720183082
9014,0.8259592146736017
9015,0.4143910902771013
9016,0.4619786140800844
9017,0.5236362186691369
9018,0.4726409084708387
9019,0.3780628204792821
9020,0.5311362265378184
9021,0.5948388848774678
9022,0.5199453050547278
9023,0.6002211684473898
9024,0.4936548139595327
9025,0.3462243688737687
9026,0.4780579044078746
9027,0.5125697470116125
9028,0.3985786102187384
9029,0.5391943035773598
9030,0.389361500023117
9031,0.43073471224208715
9032,0.455998067689936
9033,0.5892088090484136
9034,0.5754268515424111
9035,0.5144537051206249
9036,0.4907337977539621
9037,0.5293018463502661
9038,0.5837113240582849
9039,0.5642787344102185
9040,0.5654693432807036
9041,0.41529137884141415
9042,0.4714153795389603
9043,0.32718726839926404
9044,0.5612116108128787
9045,0.47094470953899586
9046,0.3516691944494127
9047,0.5880561376688327
9048,0.5261464585956702
9049,0.42531078069151673
9050,0.4419647169506951
9051,0.42919458646982056
9052,0.45991300137140906
9053,0.5261894586731234
9054,0.5736595052571575
9055,0.5482702315286261
9056,0.7699573196631435
9057,0.545240068185648
9058,0.5140903310193703
9059,0.43164417626550566
9060,0.5560880977341303
9061,0.46978457585460903
9062,0.6630477593153439
9063,0.4581183629942964
9064,0.6374625791480264
9065,0.5681424213767692
9066,0.4353562337824958
9067,0.5051666505944561
9068,0.44471261103369264
9069,0.697616826909088
9070,0.4428198224090942
9071,0.6586842336292548
9072,0.49484281753408843
9073,0.5949819826492715
9074,0.37584390046417504
9075,0.6375912635096572
9076,0.4259633648749452
9077,0.4824102469674928
9078,0.49982672969732206
9079,0.38734823418501907
9080,0.5544285088122777
9081,0.5941589312119577
9082,0.4428064151140772
9083,0.5620702787104288
9084,0.44772038019374144
9085,0.735348871270766
9086,0.5209946946172141
9087,0.7070855248406345
9088,0.5178394926371939
9089,0.600764658633661
9090,0.6043449898903585
9091,0.46619992077434935
9092,0.4125291970032169
9093,0.5905787381918743
9094,0.40524990433324615
9095,0.6020105535909448
9096,0.45275059580225574
9097,0.4854102587817706
9098,0.6399888573691914
9099,0.695623277022953
9100,0.6580836781060133
9101,0.5663749046369624
9102,0.4275631958898595
9103,0.44230824500327964
9104,0.7638051352131232
9105,0.6811501723905348
9106,0.6064452441936725
9107,0.6970805759861782
9108,0.5800144958900055
9109,0.5614665733653187
9110,0.4802244790157952
9111,0.5085156786725602
9112,0.6430183567713401
9113,0.5804067094301145
9114,0.5662827227734814
9115,0.49841646745887175
9116,0.49455552346610615
9117,0.535970469274271
9118,0.6542392048903644
9119,0.5995502615723771
9120,0.6719133864431508
9121,0.5409341726261102
9122,0.48306887043739216
9123,0.5790041821646985
9124,0.6907755516929968
9125,0.5565506118558752
9126,0.3719073636836716
9127,0.4578034604112311
9128,0.45094480980678325
9129,0.5250587579054209
9130,0.39998911627209033
9131,0.5600941989559827
9132,0.5769322755343356
9133,0.7541669315605218
9134,0.4203500224703819
9135,0.45680701160169207
9136,0.5226602732592133
9137,0.5291802930095176
9138,0.6684766740978868
9139,0.4746035199230606
9140,0.5731108931951086
9141,0.3304389515042538
9142,0.661725260071593
9143,0.38440784149801976
9144,0.557820918282022
9145,0.5244322292756405
9146,0.5569396955912664
9147,0.40467836408108404
9148,0.495943739940355
9149,0.5548859875612582
9150,0.5252531270631774
9151,0.5006141421720519
9152,0.36723401021394003
9153,0.5462305734395826
9154,0.6041964302942264
9155,0.46285004897543686
9156,0.5941504499504405
9157,0.5804303763054786
9158,0.5868222514076139
9159,0.5017825613566109
9160,0.518412362272834
9161,0.4658126350649983
9162,0.5861472290433355
9163,0.5020000711822857
9164,0.3577982977261984
9165,0.5789616965026849
9166,0.6518092668110065
9167,0.5697443762486047
9168,0.5365001995909316
9169,0.4455935259454087
9170,0.5283490390922925
9171,0.5666737433445266
9172,0.6353200015440561
9173,0.7227541498652519
9174,0.46542639843622524
9175,0.48833636152139664
9176,0.5121391127624156
9177,0.40757315626417484
9178,0.385851883131733
9179,0.4914277888420135
9180,0.5428899601139552
9181,0.4526726247395244
9182,0.5289371108144671
9183,0.4472397409251145
9184,0.5264188342694923
9185,0.5501900525427823
9186,0.4989693228334796
9187,0.4040111497994164
9188,0.41002421024875246
9189,0.40363941197009306
9190,0.6268170630958366
9191,0.5472272719524613
9192,0.5325524977694596
9193,0.510154410158835
9194,0.5171769617801053
9195,0.6000785433048199
9196,0.5926057477727839
9197,0.4765572717169393
9198,0.38530237031134673
9199,0.4404888682909101
9200,0.5962858742097045
9201,0.6952926695582046
9202,0.485846186314814
9203,0.5537731482800836
9204,0.6852091743951649
9205,0.558956630673534
9206,0.47423003892673726
9207,0.49727056875732106
9208,0.42973623425451224
9209,0.4616648966280099
9210,0.5493284983879804
9211,0.5398933429486001
9212,0.4827631663711507
9213,0.493497174542288
9214,0.6454805513034582
9215,0.6240025828286435
9216,0.538255226307802
9217,0.49439435735464393
9218,0.5640316855122345
9219,0.6099857773109778
9220,0.3937811633012231
9221,0.5276703854288134
9222,0.46140043560252764
9223,0.5146481702000595
9224,0.6628839403663738
9225,0.4916024811843594
9226,0.5745892832989472
9227,0.5047381310571755
9228,0.5112238314670993
9229,0.34099032901898063
9230,0.5654596598865101
9231,0.5548510852410491
9232,0.344998254102751
9233,0.35887322877724637
9234,0.7445522619677891
9235,0.4819187548067621
9236,0.5688119889872129
9237,0.49920680855262944
9238,0.5652073736118949
9239,0.3984207867876233
9240,0.5814884639970768
9241,0.6005747971522533
9242,0.48409259840727376
9243,0.416740099790212
9244,0.5584318944040358
9245,0.3584678235911628
9246,0.48463293915233446
9247,0.48710996195065565
9248,0.5047802453331852
9249,0.3260867371504965
9250,0.48925118672713824
9251,0.4699613081176475
9252,0.5415318437624208
9253,0.5036403884270367
9254,0.5661222690079151
9255,0.4063396243289249
9256,0.3850636099210044
9257,0.574698621806682
9258,0.37612894377880357
9259,0.4326926887669267
9260,0.6553938689809267
9261,0.614922262105564
9262,0.6442049845125104
9263,0.5118276603587505
9264,0.6494187857163786
9265,0.42581687938160384
9266,0.48183281887984325
9267,0.39615770421897645
9268,0.5094281752147652
9269,0.45565208474117447
9270,0.5703030293071125
9271,0.5600944100548847
9272,0.4755503588508977
9273,0.4603651109561194
9274,0.5229275900292778
9275,0.7292896694248352
9276,0.5007839149861124
9277,0.43864805188861217
9278,0.48220425574588593
9279,0.662120745606497
9280,0.41663985217365795
9281,0.5092072856086126
9282,0.5214047196012553
9283,0.504106049486339
9284,0.6922169017924913
9285,0.46547171897513323
9286,0.4755734449102378
9287,0.4945767524024227
9288,0.4553393770034547
9289,0.5821078655583584
9290,0.3556300219617961
9291,0.5012647629748608
9292,0.5871769623619999
9293,0.43182296803463305
9294,0.4745568146442425
9295,0.5747726492436263
9296,0.504671392837234
9297,0.5424518671486097
9298,0.4226967188661362
9299,0.45413020501775314
9300,0.42826637668082335
9301,0.5049565357028025
9302,0.502391914522538
9303,0.41654654200073626
9304,0.5516918184394295
9305,0.5255426621954453
9306,0.5915545445723532
9307,0.6314142661821731
9308,0.40433229010267097
9309,0.44860864324112704
9310,0.6026902040857168
9311,0.5169857413182348
9312,0.5754262014670927
9313,0.595573908944252
9314,0.4291529440768632
9315,0.3855756376724549
9316,0.38474740466039126
9317,0.5545674945259886
9318,0.40846043284485056
9319,0.59897552703849
9320,0.35475464447025
9321,0.49005806878562874
9322,0.4294641637763683
9323,0.6044193287230228
9324,0.4369750157490994
9325,0.6731374050456889
9326,0.7020113977928565
9327,0.5413249676552241
9328,0.6623479635652709
9329,0.6379272259446589
9330,0.6822460199803765
9331,0.5454521463452964
9332,0.5978258517041091
9333,0.43650950298065105
9334,0.47773366312224463
9335,0.7438080335285479
9336,0.4521761790653349
9337,0.46319968431907
9338,0.33348031066431094
9339,0.4343716560150116
9340,0.4292737036291082
9341,0.5040497494384413
9342,0.5081779573580543
9343,0.469694662925627
9344,0.40680830008433655
9345,0.4064697983331213
9346,0.4902648882166499
9347,0.7158225939617409
9348,0.7094685866211414
9349,0.3253547850845454
9350,0.5237643501038851
9351,0.6245703863084779
9352,0.35260158628781835
9353,0.4618285956273005
9354,0.531602432898475
9355,0.4731334309998929
9356,0.5338356393142936
9357,0.5638523611430352
9358,0.6272400578306296
9359,0.54195888042955
9360,0.36402716840731664
9361,0.479071798393722
9362,0.4844369018307835
9363,0.6096923346183378
9364,0.2857838470830384
9365,0.5391680810252013
9366,0.3386643229804323
9367,0.3920904299944996
9368,0.5542907623434923
9369,0.47751103625907565
9370,0.3568135670594953
9371,0.4504493163920679
9372,0.6693663049997937
9373,0.34743522277011035
9374,0.5301606021541236
9375,0.7358796262646355
9376,0.49796040922178014
9377,0.6615639466832084
9378,0.3965107619701188
9379,0.7049139529642738
9380,0.6318752523288634
9381,0.5362778964968156
9382,0.34413721838769296
9383,0.43612301326297914
9384,0.4614616693229871
9385,0.5447041792042628
9386,0.5308761312348469
9387,0.45954996597597425
9388,0.5178011014993813
9389,0.7564289077554076
9390,0.4951570730567323
9391,0.5350955360460359
9392,0.5529334114238548
9393,0.6515283600821413
9394,0.49922469890115173
9395,0.45787972608433314
9396,0.5014614206574338
9397,0.5091698239604832
9398,0.4416378429187679
9399,0.4882663828569539
9400,0.5168577469307264
9401,0.5457509410131364
9402,0.6257090789660522
9403,0.4920834531191792
9404,0.6720486365908525
9405,0.5535138538248295
9406,0.445132701869328
9407,0.5250270903851156
9408,0.3614649852740638
9409,0.3051653324367303
9410,0.5543049643643138
9411,0.4225000509986079
9412,0.3112478978402964
9413,0.4412692537790313
9414,0.5760850938749128
9415,0.4962426039919595
9416,0.7066197318072255
9417,0.6050963369415918
9418,0.43199058758220216
9419,0.5592516505097391
9420,0.537287446140298
9421,0.4030969149127336
9422,0.4629740121535776
9423,0.5176146032248493
9424,0.4636152486276458
9425,0.5326066318942778
9426,0.46373457511157784
9427,0.4652962948284885
9428,0.5232696876590974
9429,0.43912601016127006
9430,0.44933772952743417
9431,0.38394741516921393
9432,0.5684867465826681
9433,0.6595819883682028
9434,0.4085472962392398
9435,0.7383247951498236
9436,0.4552395117652432
9437,0.5615833470227988
9438,0.506233833455944
9439,0.48833634363718414
9440,0.46422759846253103
9441,0.5449520654429832
9442,0.48479857449028385
9443,0.36271237708149184
9444,0.42725840782026836
9445,0.6750907480095849
9446,0.4900956939288668
9447,0.5534463586757408
9448,0.574597107871868
9449,0.31356909460965754
9450,0.5342292382852663
9451,0.4258981310480958
9452,0.558841887922239
9453,0.5620470824403075
9454,0.6693100955136067
9455,0.43352535506208156
9456,0.5747740699802275
9457,0.40510651012756865
9458,0.39570642546741513
9459,0.5484065326505329
9460,0.5506370223306616
9461,0.5630685519653484
9462,0.7140099835819005
9463,0.43690790645790045
9464,0.5606899387743522
9465,0.41900157776215163
9466,0.5886940050855602
9467,0.5426808053061705
9468,0.6108784480127317
9469,0.4817652332994134
9470,0.8521927111272811
9471,0.7064644696653151
9472,0.4254519395013113
9473,0.7064055857491447
9474,0.4894002786630879
9475,0.44567538565120823
9476,0.5280036180958385
9477,0.4214846868643826
9478,0.7209515587507058
9479,0.5220720100797954
9480,0.4914017628231403
9481,0.5635530451015769
9482,0.7189267342327312
9483,0.5436093871537274
9484,0.4361514786401358
9485,0.3806379262993949
9486,0.590278498387598
9487,0.5613524420024194
9488,0.6824580594608081
9489,0.5902878787180628
9490,0.4665064840958294
9491,0.6248367107338959
9492,0.670554802389837
9493,0.4645843843687775
9494,0.5515417468869587
9495,0.6472008931802148
9496,0.4952922231269722
9497,0.5558681455384131
9498,0.5436600906127036
9499,0.5106160044921915
9500,0.6794212516707937
9501,0.4296223437726242
9502,0.4100197009077425
9503,0.5297579716188264
9504,0.4474733029227464
9505,0.3882695385109183
9506,0.40481142997716024
9507,0.5495000765716135
9508,0.5340463893667604
9509,0.4485230942283446
9510,0.5223380684907053
9511,0.6565641435479097
9512,0.38741483455089293
9513,0.6294930303604991
9514,0.5090664670645139
9515,0.3255921040949429
9516,0.45465592672076804
9517,0.6068851433273474
9518,0.48385625025212214
9519,0.5701560233704832
9520,0.6077541135730747
9521,0.6189527815056973
9522,0.5851870657013836
9523,0.7414307302259212
9524,0.6539362465319168
9525,0.3902521637537958
9526,0.5072526021914995
9527,0.5994308371950154
9528,0.6608056727781707
9529,0.4796666760155221
9530,0.6865618028499232
9531,0.44952085914428985
9532,0.5050928322170452
9533,0.6077353287509549
9534,0.40938876415840314
9535,0.4169420975943581
9536,0.7072313377974361
9537,0.3920378038258156
9538,0.50457143414105
9539,0.3466571489498366
9540,0.38753720229619626
9541,0.4721769625364973
9542,0.5763069644279999
9543,0.44442848497599985
9544,0.6261250086629726
9545,0.4351517028998972
9546,0.4581542389513995
9547,0.4969081375618188
9548,0.37862767660035324
9549,0.45744180364051845
9550,0.5433514093793229
9551,0.533718925984494
9552,0.47794755595416516
9553,0.4455520233240906
9554,0.5395327521847976
9555,0.7209729951687849
9556,0.4297784530260511
9557,0.3929822430058419
9558,0.43067993061633497
9559,0.43400892260899804
9560,0.53091526432656
9561,0.4297480485730147
9562,0.5237415291645452
9563,0.5060334800446723
9564,0.5626547060064679
9565,0.3336203905479541
9566,0.5428701732910376
9567,0.7061305356543702
9568,0.473940350938548
9569,0.49473214799582826
9570,0.45504659766252187
9571,0.5351286511177245
9572,0.46722857660196826
9573,0.6518851506324801
9574,0.5509508058748199
9575,0.4524382844512239
9576,0.6085365281621566
9577,0.5004344794363144
9578,0.5351442512806069
9579,0.4992345380862396
9580,0.5356389452299778
9581,0.4768690014626714
9582,0.487599811619302
9583,0.6240281852421017
9584,0.4188948353131598
9585,0.4657124053800702
9586,0.4247282383313994
9587,0.32932274999396055
9588,0.46353559068796435
9589,0.47926128612299757
9590,0.45921305040359506
9591,0.5217672821611683
9592,0.35767163355082426
9593,0.5444318805896182
9594,0.5050462974858079
9595,0.7064453060690503
9596,0.6155580963752404
9597,0.39376122549257225
9598,0.617753426264202
9599,0.6384313089123639
9600,0.4171188796758383
9601,0.5580149796247565
9602,0.6636430595645558
9603,0.559921622243351
9604,0.2728621327364318
9605,0.5200763050233559
9606,0.5100407674609513
9607,0.6613203517765042
9608,0.48820201520885803
9609,0.43781927251247116
9610,0.3973922408518514
9611,0.4747908828079128
9612,0.6146748332083016
9613,0.4783567731500908
9614,0.5853470830998239
9615,0.4556589178448265
9616,0.3219752776085555
9617,0.5202819180448056
9618,0.6438442373013724
9619,0.581358475515428
9620,0.522579926059962
9621,0.5781758285169819
9622,0.6206199688403238
9623,0.3858688678048236
9624,0.5620668306286549
9625,0.36974621102404337
9626,0.49519373566677216
9627,0.4893642377787574
9628,0.6212737892390429
9629,0.41715589278014664
9630,0.5177883113072074
9631,0.4024079520131822
9632,0.4033541131074832
9633,0.4612785138794853
9634,0.3195215910824226
9635,0.43938417070462543
9636,0.5635328318784328
9637,0.5557820784178856
9638,0.5841514324930666
9639,0.37938520751328847
9640,0.44979085668813257
9641,0.4427828604634222
9642,0.3918829167032337
9643,0.60498577277166
9644,0.5169837734535527
9645,0.3940263123385811
9646,0.3817069316727989
9647,0.5893298627244001
9648,0.3618196111359595
9649,0.524083628519536
9650,0.6992505150732982
9651,0.6153508026946012
9652,0.50334183367917
9653,0.4965019299233947
9654,0.494730698769068
9655,0.4164766319984732
9656,0.5476497881829268
9657,0.6111613083234566
9658,0.47031889659945586
9659,0.662895430000164
9660,0.47749682110417246
9661,0.5151714388267928
9662,0.445489312532515
9663,0.35842081243177004
9664,0.5993488091514486
9665,0.5045872869615609
9666,0.555192656614181
9667,0.45279621335480286
9668,0.47344542329183614
9669,0.5284785794161642
9670,0.37318840005409915
9671,0.3100762764023297
9672,0.529141712806188
9673,0.5193580149877196
9674,0.4539966164350308
9675,0.5438271921448715
9676,0.6635918275614204
9677,0.527854567658405
9678,0.6099497583894766
9679,0.6616945416940033
9680,0.407585696743754
9681,0.5199694508758949
9682,0.5358988061195301
9683,0.7349427492104361
9684,0.5409700063317961
9685,0.4358870549620893
9686,0.5103797363096703
9687,0.7566204953034044
9688,0.4967034359586969
9689,0.6332535739156346
9690,0.5633657886402443
9691,0.6494252921269955
9692,0.5987160024631265
9693,0.5245081525495268
9694,0.45568451973457347
9695,0.3968536063029656
9696,0.3906066123427706
9697,0.559599089580763
9698,0.4754280355891266
9699,0.5140782685425622
9700,0.3974033446551173
9701,0.45805235536692734
9702,0.4870261043958754
9703,0.5285343187267721
9704,0.3839436221754038
9705,0.46587416431350753
9706,0.5333847332324638
9707,0.49463994685341894
9708,0.40697222349307793
9709,0.5755095441890374
9710,0.5124219293104546
9711,0.5228850018498273
9712,0.4974685619574668
9713,0.5413574570142261
9714,0.43340800721191575
9715,0.39557679838428067
9716,0.6141997183033496
9717,0.7710752079566361
9718,0.3825912964782835
9719,0.6277331226778785
9720,0.5133619092816116
9721,0.4527041630044141
9722,0.510559578137956
9723,0.7188831230100908
9724,0.46712876756853594
9725,0.5753929636368069
9726,0.44036576128920735
9727,0.5021049388699574
9728,0.4330835765040313
9729,0.46447808100424975
9730,0.5061092597470749
9731,0.6060293290315046
9732,0.6355907937689017
9733,0.6282928479644403
9734,0.5428218174379051
9735,0.42084581765142676
9736,0.5797203351396367
9737,0.5702025977027932
9738,0.633012779689428
9739,0.46862536373702324
9740,0.5162865199960951
9741,0.4346355553201814
9742,0.35365043336251806
9743,0.45312980400039155
9744,0.4661477592787862
9745,0.4827843958038028
9746,0.49508885403422553
9747,0.42699721107910454
9748,0.3920546102074043
9749,0.568489815406549
9750,0.4630000101496023
9751,0.4604349330640209
9752,0.4445989788823117
9753,0.46721700270842326
9754,0.4523452593699227
9755,0.6282959812030489
9756,0.474651671718058
9757,0.4623851471165492
9758,0.5532514197486162
9759,0.4777406525173514
9760,0.6654025547582685
9761,0.5705305367251887
9762,0.5628426113982535
9763,0.5101539658853583
9764,0.6671946927297696
9765,0.4773581092571603
9766,0.4956324174751494
9767,0.33297406633277604
9768,0.5554519799648834
9769,0.41129818807836716
9770,0.5435063693536816
9771,0.34726884071834085
9772,0.4689746920788169
9773,0.49210511064477513
9774,0.6082601974080035
9775,0.5366442645943218
9776,0.48531905098930644
9777,0.3498607689869776
9778,0.33436442378311004
9779,0.4686638922554729
9780,0.3996570128432485
9781,0.6102598319994683
9782,0.44026299908895045
9783,0.5537995200003496
9784,0.468477882651283
9785,0.5591317118087459
9786,0.4173922446257651
9787,0.5203175850468054
9788,0.6761760675808877
9789,0.5066113668615778
9790,0.5311186813087942
9791,0.33108654688382777
9792,0.3160927451401232
9793,0.47373516257460696
9794,0.5787393215566216
9795,0.5345894567410456
9796,0.7876134537953353
9797,0.42437724784515607
9798,0.4614809246556519
9799,0.4587811661523121
9800,0.4793787457919549
9801,0.3981382844457123
9802,0.41958133423034033
9803,0.5979889827396382
9804,0.48930649331274295
9805,0.48149410485082245
9806,0.4478744344027138
9807,0.4053069895119047
9808,0.4732620571608259
9809,0.4207230852351375
9810,0.41918837479341853
9811,0.4471650030500464
9812,0.5006627565526248
9813,0.5014581554143904
9814,0.41535959503185194
9815,0.4821551593216373
9816,0.5395113932343953
9817,0.4420015152672964
9818,0.5771285945867781
9819,0.49152563340266486
9820,0.4236111806924768
9821,0.5764268022065244
9822,0.5388418813104028
9823,0.3895018996161155
9824,0.3996152359675878
9825,0.4785964855207342
9826,0.34674605290070604
9827,0.5992695683110454
9828,0.5655725396644333
9829,0.5699345017345951
9830,0.5770583613776576
9831,0.68379031041074
9832,0.4328933567426311
9833,0.6582957932458218
9834,0.49822855524618864
9835,0.4546661699671569
9836,0.5176032290948847
9837,0.4149843205961869
9838,0.5042764387013599
9839,0.4023788065307485
9840,0.4256588294316275
9841,0.450441539872738
9842,0.5152601964555766
9843,0.39764585558591836
9844,0.5171795273616143
9845,0.515147925474524
9846,0.5269169332198848
9847,0.5049369540642527
9848,0.4876756729414279
9849,0.4885160487854483
9850,0.5227870750344599
9851,0.5227218908046076
9852,0.6650988988651679
9853,0.41902378058122636
9854,0.5170181483136354
9855,0.45309522965882204
9856,0.30059446711799664
9857,0.49260520690379955
9858,0.38741367003439686
9859,0.4345423249601099
9860,0.40253390915472326
9861,0.7306361685954148
9862,0.49649181501553324
9863,0.6982431224551491
9864,0.4988319636253803
9865,0.45018477147619557
9866,0.4624011821377535
9867,0.634689142870924
9868,0.4784438881929164
9869,0.5052350130419961
9870,0.5391809005701235
9871,0.5060087287480061
9872,0.47502270895133536
9873,0.5180478785279229
9874,0.5204984200965538
9875,0.320420056445024
9876,0.5395321973030222
9877,0.5687536181284716
9878,0.5633008718513122
9879,0.43507543702455326
9880,0.2894933633816956
9881,0.6513816456538569
9882,0.48363773324797604
9883,0.7887149545141259
9884,0.544521700390406
9885,0.4157374122741096
9886,0.2913238983000696
9887,0.449811887645514
9888,0.47588188402379505
9889,0.5666139648363412
9890,0.4367146831495916
9891,0.5241901216064809
9892,0.5514276225143232
9893,0.5887652818994634
9894,0.49301897996299326
9895,0.5119330556764008
9896,0.540574922706525
9897,0.5581904038547998
9898,0.4817056146224106
9899,0.3055685244756384
9900,0.48103930432878755
9901,0.5137472506350395
9902,0.4278540422259059
9903,0.4139245363945835
9904,0.5086424858718807
9905,0.452369278966583
9906,0.484021232525138
9907,0.36126879019530456
9908,0.3515082534929129
9909,0.496529320617489
9910,0.4916357375277333
9911,0.5303013922564477
9912,0.41557468820766585
9913,0.5117374597800699
9914,0.4997615781703194
9915,0.43462996881497934
9916,0.4263714071678397
9917,0.4216175743948076
9918,0.6419702298272579
9919,0.491613380565014
9920,0.6687756907335006
9921,0.479578346949978
9922,0.451024277138358
9923,0.4389640884071231
9924,0.5852733654677963
9925,0.6341336388532424
9926,0.4996567876793686
9927,0.49460088192238855
9928,0.5427765540656915
9929,0.31886487908985034
9930,0.6276319001667294
9931,0.5763127091498802
9932,0.41504101772327573
9933,0.49203922821646373
9934,0.5377453625288913
9935,0.43197848871216676
9936,0.538811219787147
9937,0.5453874838207214
9938,0.4692536539637236
9939,0.4279699824801055
9940,0.6106300642076447
9941,0.7877929572076063
9942,0.5468866235237163
9943,0.5549360219197975
9944,0.5117016325154681
9945,0.639952055977864
9946,0.3974134382257397
9947,0.3416744020471652
9948,0.47073030070531396
9949,0.5757077134012392
9950,0.26680153163774084
9951,0.5382564904810307
9952,0.5768650940679831
9953,0.5682979878470609
9954,0.4464756200499008
9955,0.362278522978393
9956,0.4666403298728812
9957,0.38628844888727853
9958,0.694422854133967
9959,0.5809196574594783
9960,0.5144150029014922
9961,0.49401006434153105
9962,0.3837534869218684
9963,0.7301131994323641
9964,0.6230125962893165
9965,0.6607815394288145
9966,0.674657546963036
9967,0.5953843439240658
9968,0.5744540612372644
9969,0.5970924151345889
9970,0.698557962636438
9971,0.511468518735304
9972,0.45718038435964126
9973,0.7621191923576767
9974,0.4121966043349272
9975,0.3303511180294423
9976,0.619347045371642
9977,0.47665369812267955
9978,0.6128360637672671
9979,0.5791473632464073
9980,0.4125656374504272
9981,0.49088403405915043
9982,0.5477034163766306
9983,0.5809460811979253
9984,0.5427841468246343
9985,0.8176570753398908
9986,0.4518173882951274
9987,0.616847755209172
9988,0.6913655238934017
9989,0.4991361063591762
9990,0.5319297324292649
9991,0.47049057672952516
9992,0.6528378606891959
9993,0.43950497357396373
9994,0.39152356405526473
9995,0.441741491735706
9996,0.5239771458263394
9997,0.7364149773723148
9998,0.49587000900804895
9999,0.46384534766054286
10000,0.42054866092508136
10001,0.47184023883773357
10002,0.3905304511260175
10003,0.4480145917761168
10004,0.4309481162566159
10005,0.5199039713131364
10006,0.6723092959529647
10007,0.4259700119783258
10008,0.2895337062081514
10009,0.3833758312475565
10010,0.48689321697479376
10011,0.43917226709780344
10012,0.43542644567399946
10013,0.5676693828199245
10014,0.6472388332648301
10015,0.4946901293799687
10016,0.6026075377233655
10017,0.4488560783836392
10018,0.4818282346347446
10019,0.5497947469348463
10020,0.6464913946223596
10021,0.39760636329176813
10022,0.4768191815329232
10023,0.5161241639014436
10024,0.41813154317474177
10025,0.7878575054618694
10026,0.8003332229939011
10027,0.44347700457891565
10028,0.43508093368268236
10029,0.4624510997857621
10030,0.45849882644448986
10031,0.44656831831859867
10032,0.5830432219308781
10033,0.5296592929657239
10034,0.6141926400966352
10035,0.45169228680288553
10036,0.34008125212653423
10037,0.3198411720261426
10038,0.6385798285265731
10039,0.7283692790752603
10040,0.5199519407239374
10041,0.5921960091266434
10042,0.5809004543331062
10043,0.6027103344052676
10044,0.6226202669701055
10045,0.3802859890673207
10046,0.44707146080818516
10047,0.6272996259611016
10048,0.4916378754672892
10049,0.5095636855638382
10050,0.5776193259862401
10051,0.5823641945034234
10052,0.6373273374595558
10053,0.5106821341845709
10054,0.44790887666473844
10055,0.4529153714416367
10056,0.5846226571730841
10057,0.36018161338111454
10058,0.49040846603631505
10059,0.49301617184413
10060,0.6210877936424908
10061,0.3634732401300764
10062,0.47786219146356235
10063,0.5303955370398771
10064,0.5961386722273224
10065,0.5126247492055447
10066,0.6970182635037045
10067,0.6919468446009308
10068,0.5009980551216429
10069,0.5691111888452971
10070,0.501276460024757
10071,0.5724235857778387
10072,0.48701240419594805
10073,0.6461376297292603
10074,0.5142917356091076
10075,0.47072343762475605
10076,0.5679917346349445
10077,0.5603154748652189
10078,0.5829315881163246
10079,0.4337563973729242
10080,0.6676688298898652
10081,0.48856255364660356
10082,0.600772686767754
10083,0.48770331414956275
10084,0.4736722738814047
10085,0.6268559330952701
10086,0.48368552418511235
10087,0.47633168524508296
10088,0.4233823746213084
10089,0.502975544635646
10090,0.698436430734572
10091,0.508805055049248
10092,0.3791798288579583
10093,0.5056655757835608
10094,0.5822158033261674
10095,0.36840507626857943
10096,0.42887979834946577
10097,0.5516998015351466
10098,0.4916620720766171
10099,0.47782595514376197
10100,0.30965953646735117
10101,0.661444452585209
10102,0.41242190171343074
10103,0.6450125653767032
10104,0.5198974656276191
10105,0.4669992010000259
10106,0.46111780328582175
10107,0.4517990489024932
10108,0.49972034425610445
10109,0.45976812202226625
10110,0.556476245986239
10111,0.5633904628558203
10112,0.42854259575805986
10113,0.47630235689723277
10114,0.5860560666318939
10115,0.4267516286228889
10116,0.5058741831897341
10117,0.5369433199648396
10118,0.4249824795724148
10119,0.4699185666998916
10120,0.5715081975360868
10121,0.5245786851749022
10122,0.6683281944141364
10123,0.7040880473543665
10124,0.36361877522390673
10125,0.5831708850083048
10126,0.4374069665660284
10127,0.42904722502736914
10128,0.4377838623322312
10129,0.511122021892359
10130,0.46756861547778406
10131,0.4371236615723158
10132,0.4957200276833712
10133,0.8325489841085454
10134,0.32799717386267047
10135,0.47280121068507697
10136,0.4791067360478017
10137,0.5281558033623366
10138,0.332601309316763
10139,0.52534120865199
10140,0.4103249790483353
10141,0.5946422796478802
10142,0.654089820872985
10143,0.4015768447051283
10144,0.5503725351543903
10145,0.47250994607032915
10146,0.32188276046744974
10147,0.41053909244523396
10148,0.5072535202896646
10149,0.46929234408077425
10150,0.42181924097897294
10151,0.567458160241645
10152,0.660719787881233
10153,0.6551366114531041
10154,0.4978711921329185
10155,0.48732524551604245
10156,0.601545137057733
10157,0.5518546553117393
10158,0.5188582710238249
10159,0.5687646080399504
10160,0.45523430098494566
10161,0.5374865328147065
10162,0.4642711586480184
10163,0.6270669058369434
10164,0.557310415268053
10165,0.38947875413197874
10166,0.566986349271299
10167,0.6250126995280724
10168,0.6186494894499095
10169,0.6529541736626863
10170,0.5262288103575126
10171,0.45709621961592534
10172,0.4900556139160114
10173,0.5308346484856845
10174,0.563769375444535
10175,0.39726949786211335
10176,0.5064979733342841
10177,0.5518014494876938
10178,0.5170708146095315
10179,0.45890168382126834
10180,0.4718110461806151
10181,0.36755023909801277
10182,0.5565807128582678
10183,0.540225040565938
10184,0.429869324857277
10185,0.3655967133403255
10186,0.4428676549368873
10187,0.554753148353593
10188,0.5756802359531451
10189,0.4571281445900849
10190,0.42644800547791517
10191,0.5246074569586203
10192,0.582097867243688
10193,0.4715026498551842
10194,0.5267707026711322
10195,0.5154759134479429
10196,0.3850850316189292
10197,0.6268383174188217
10198,0.5867536317812784
10199,0.3897515614480904
10200,0.39365189420494584
10201,0.4205915978739318
10202,0.5129104626922024
10203,0.4445511830107629
10204,0.5882837572472495
10205,0.5914283208461207
10206,0.5576071879885233
10207,0.5326464742330452
10208,0.5525703819024247
10209,0.5815961152512192
10210,0.6194944651697647
10211,0.5180841904459429
10212,0.5143636821121388
10213,0.47785786070051545
10214,0.7725761986602349
10215,0.4484748829705703
10216,0.6465402160618536
10217,0.5252011930693301
10218,0.5315443055872637
10219,0.6516248829266634
10220,0.5016357737188507
10221,0.5307555930473182
10222,0.46502793860039515
10223,0.48115863583937835
10224,0.5890359911583107
10225,0.5381731131817008
10226,0.46566359073411284
10227,0.672936564828467
10228,0.4053977967933128
10229,0.4984036931726227
10230,0.5480620526110773
10231,0.4337315080752189
10232,0.688270292609386
10233,0.6950605938416804
10234,0.5499509954456343
10235,0.4858249065190857
10236,0.3839467755556404
10237,0.4606409619393178
10238,0.5881771597946103
10239,0.4471801980481481
10240,0.3887200115572397
10241,0.5280991883999617
10242,0.5579286595946196
10243,0.4281617736719854
10244,0.6263524284260354
10245,0.4987914826832073
10246,0.5523072585188231
10247,0.7368133577515653
10248,0.5664618828255871
10249,0.5746010944062894
10250,0.4929201234825952
10251,0.5682085770303218
10252,0.5531408359289355
10253,0.4317695673615376
10254,0.5097309392028666
10255,0.4321264991086953
10256,0.5886775324368588
10257,0.38836439802030204
10258,0.3887822289117401
10259,0.4915100592516255
10260,0.5401556382106891
10261,0.47202290061923546
10262,0.6047013205679325
10263,0.5074313909696185
10264,0.41719407604388736
10265,0.5781338097453956
10266,0.6190662681013374
10267,0.4978267699425524
10268,0.5356586947007318
10269,0.5661223108693904
10270,0.48333630573916925
10271,0.46703447210783156
10272,0.3921701119275249
10273,0.6588507314111185
10274,0.48606074933118903
10275,0.574157756244918
10276,0.6454689792479598
10277,0.489017933470328
10278,0.5747618140060168
10279,0.5186294119953224
10280,0.5693881479333456
10281,0.5358137336769248
10282,0.4963192760661409
10283,0.4550864263933101
10284,0.5986180406029173
10285,0.4895458449411754
10286,0.5303163847661397
10287,0.5074030989810449
10288,0.408410754554673
10289,0.558814489183615
10290,0.5162762954543088
10291,0.4908886194714661
10292,0.5076820297804645
10293,0.6972454057939104
10294,0.5022277202799585
10295,0.5464962817719254
10296,0.46614537713320703
10297,0.4660778147883662
10298,0.5038309700295073
10299,0.5499039283552819
10300,0.639076074062316
10301,0.47223380114665053
10302,0.5244608375478562
10303,0.6096379283692992
10304,0.7076029806238043
10305,0.4891785203793592
10306,0.5669149482414659
10307,0.5742335039255902
10308,0.5036298831344241
10309,0.3908832670644175
10310,0.46581807528790925
10311,0.5758686674775202
10312,0.36190807976133926
10313,0.3575425868324206
10314,0.38646485067337033
10315,0.47474057673201386
10316,0.3762949483827545
10317,0.6189411377778034
10318,0.49283587131970763
10319,0.4207487911854238
10320,0.40224306826731027
10321,0.5268764936919909
10322,0.47499297093377685
10323,0.5765856068219634
10324,0.5232442557729509
10325,0.5190168399541023
10326,0.5282281966876963
10327,0.6052741777847441
10328,0.4217262176624482
10329,0.6469127660717781
10330,0.6290108521806921
10331,0.5000054749291912
10332,0.5061317360534875
10333,0.5835696744610802
10334,0.3470341256987107
10335,0.4877834912964564
10336,0.615944577068856
10337,0.5021514566990927
10338,0.4753807712061586
10339,0.47388001075607744
10340,0.5947923161866684
10341,0.6666077791184383
10342,0.5425410787679251
10343,0.7518215660454967
10344,0.4767868888946734
10345,0.7289202368953138
10346,0.5732020699939723
10347,0.5461225287463325
10348,0.5740801002361231
10349,0.3920958439139978
10350,0.5255742554757681
10351,0.4509902774701733
10352,0.44947604910442207
10353,0.42325452751729475
10354,0.5083435073844115
10355,0.36328562682897164
10356,0.4963742018502548
10357,0.6124719064013571
10358,0.5501255701107335
10359,0.6210320156353853
10360,0.566176971028448
10361,0.48029496901375474
10362,0.5950475628987775
10363,0.6271852764229653
10364,0.7697682640482757
10365,0.48269408698765914
10366,0.514666337599176
10367,0.3798676452687856
10368,0.5379471986437361
10369,0.5229451744430597
10370,0.7269864404078876
10371,0.440898938904486
10372,0.566399816375556
10373,0.36862248428926125
10374,0.4963741784474106
10375,0.36268400620037844
10376,0.6647436643875868
10377,0.3362174822862693
10378,0.4799006059550441
10379,0.47099183911114506
10380,0.5091791142678791
10381,0.48297282750418624
10382,0.46869890879506415
10383,0.5174257918513082
10384,0.450703066504688
10385,0.788096023311781
10386,0.46985029222291264
10387,0.44595449915825597
10388,0.5047215915517195
10389,0.4661542637498314
10390,0.6436632651104988
10391,0.48431428367853185
10392,0.36061673633696856
10393,0.5117544550838691
10394,0.6256462479768212
10395,0.6663490311651643
10396,0.4373019634598625
10397,0.508210621182975
10398,0.3700258399399832
10399,0.4747917466184751
10400,0.41590998406410185
10401,0.47395931463905855
10402,0.5893917693015093
10403,0.4817231292763255
10404,0.47734216206980284
10405,0.5053547906197967
10406,0.46907899945562953
10407,0.550010178752677
10408,0.417049688398988
10409,0.516141840026914
10410,0.441934417027132
10411,0.6316564795631653
10412,0.3830178458814978
10413,0.5551101314666655
10414,0.31498000303477525
10415,0.6089919214942463
10416,0.5719350943538909
10417,0.46730121186384704
10418,0.47083704075288346
10419,0.4572171039130245
10420,0.4579563413486214
10421,0.4279510818677391
10422,0.4893119133189223
10423,0.5936984971672911
10424,0.3678145428060791
10425,0.7332802892018532
10426,0.4556687139990682
10427,0.46723281336136246
10428,0.5988731736491977
10429,0.5298198398845638
10430,0.5831022893059896
10431,0.47988348094500516
10432,0.6066147049705524
10433,0.5758044751242327
10434,0.3861529684477258
10435,0.5198696107332514
10436,0.5302169815532976
10437,0.5283158525249275
10438,0.5917659016932967
10439,0.2741036095592585
10440,0.4874466466342611
10441,0.7152228953744911
10442,0.4612230306166944
10443,0.3743443942959501
10444,0.548091994387957
10445,0.3843783490886339
10446,0.5282736475779006
10447,0.7118873579604924
10448,0.571343087313576
10449,0.550278023526881
10450,0.4572477624622583
10451,0.5060668990766998
10452,0.4776024289169138
10453,0.4458042996568081
10454,0.46745076049846757
10455,0.4127852627944814
10456,0.6371197502758762
10457,0.2916418286218231
10458,0.6345181472549033
10459,0.5119304563991197
10460,0.46413995462320995
10461,0.38427501720803064
10462,0.470736266306872
10463,0.7016522708692088
10464,0.5081062799902287
10465,0.477874769751246
10466,0.47397312769733924
10467,0.5369888792271276
10468,0.5024634149655665
10469,0.40478096491017945
10470,0.5822307242127889
10471,0.5316765789186687
10472,0.5877454995724365
10473,0.5839449083085755
10474,0.6397915255706792
10475,0.472700496189116
10476,0.4754883397594548
10477,0.48654931391070727
10478,0.5510545606772917
10479,0.38751784612488993
10480,0.5615010437720747
10481,0.5397930854234431
10482,0.677665650260447
10483,0.3335814048387405
10484,0.6124498639968128
10485,0.5509493237087365
10486,0.549773726378933
10487,0.6102379861643695
10488,0.46927486644372174
10489,0.6117005396740759
10490,0.5077952118795822
10491,0.6083596926596326
10492,0.4849363079893723
10493,0.47035874612710793
10494,0.46567835416066844
10495,0.4591214739690853
10496,0.5166611908706236
10497,0.5417789063333222
10498,0.6589548512382988
10499,0.4365248527792994
10500,0.5021477007259836
10501,0.5659900678570492
10502,0.45578442610807096
10503,0.5388572476464022
10504,0.6494558837636673
10505,0.375147819378989
10506,0.46247761068392956
10507,0.4572149323612074
10508,0.47252950364735374
10509,0.440363242058272
10510,0.7343564182794647
10511,0.43733240675176943
10512,0.638844407277871
10513,0.5374701554644233
10514,0.4774838223440972
10515,0.48527999536235394
10516,0.4901692004428331
10517,0.3559187101580371
10518,0.6034137642425865
10519,0.710641214820172
10520,0.5877992486689363
10521,0.6260094982035492
10522,0.5262089738528097
10523,0.4737607531242918
10524,0.5596951560671094
10525,0.4155342261612672
10526,0.43072078486975873
10527,0.5405533284280041
10528,0.5516094360957565
10529,0.5433973264352657
10530,0.6481376596382387
10531,0.4335581155001486
10532,0.4280341206830777
10533,0.5273415724323859
10534,0.3027495409630255
10535,0.5357915755001952
10536,0.5506459179064639
10537,0.5051759693488188
10538,0.6029344089859494
10539,0.49675363903315534
10540,0.545306857385981
10541,0.3883035014937406
10542,0.3718047365767551
10543,0.5431674680930115
10544,0.4330668255281684
10545,0.47239313542938943
10546,0.6236553193167663
10547,0.7949336068713353
10548,0.6468202065147803
10549,0.5441771871157169
10550,0.4554000466844422
10551,0.541001907285906
10552,0.5837749760210877
10553,0.5166399468811744
10554,0.3893650983902343
10555,0.6309603003955393
10556,0.4225729940695371
10557,0.5149732344013274
10558,0.36625668733495287
10559,0.35369863921802536
10560,0.36658589404138553
10561,0.5574305205045127
10562,0.640751744625845
10563,0.6239874760782143
10564,0.5173870155284271
10565,0.5043622641210527
10566,0.5512403725579995
10567,0.6222808069897586
10568,0.5590060177181223
10569,0.485979975227275
10570,0.43766877002634386
10571,0.2601451989166606
10572,0.6125253750237363
10573,0.40693841247817497
10574,0.5340891359807003
10575,0.42340408091258336
10576,0.4596285926357469
10577,0.6491857102791109
10578,0.5286209259600257
10579,0.5036635781770465
10580,0.6439546045106259
10581,0.6727482822768494
10582,0.6224800715679479
10583,0.3816025495526997
10584,0.4757185571521996
10585,0.49832116339903215
10586,0.46072052200323754
10587,0.611840772741515
10588,0.3861694388397486
10589,0.5257018441164044
10590,0.4933769389126964
10591,0.5193266482825619
10592,0.4194891461130285
10593,0.47923778412575063
10594,0.5264348042491696
10595,0.48727722301935394
10596,0.4511523826662679
10597,0.5184465791801164
10598,0.4208178620363031
10599,0.4789784010177951
10600,0.43951935576747925
10601,0.3997865109113622
10602,0.5105127317394267
10603,0.636948443231546
10604,0.4692403465710167
10605,0.4067427593977079
10606,0.5228754108458714
10607,0.5077659571257858
10608,0.5644252760922062
10609,0.5338008334604486
10610,0.39152187711251585
10611,0.5399676076966871
10612,0.6479010968725047
10613,0.5818477111906835
10614,0.3426392750780508
10615,0.43905947904236153
10616,0.5496024233381979
10617,0.6470370265520757
10618,0.5041166652787167
10619,0.5891119389419862
10620,0.5346469930865944
10621,0.6659026645592367
10622,0.535572447138577
10623,0.5853444360078983
10624,0.5004814760900624
10625,0.5416240110223103
10626,0.43556839707779355
10627,0.5219320525397665
10628,0.5698329079990628
10629,0.6402834228063059
10630,0.6397482179521742
10631,0.5363368574304586
10632,0.5231145454225482
10633,0.4261951822904228
10634,0.4732838608574185
10635,0.4111082937777465
10636,0.48268212368601027
10637,0.6240923499079916
10638,0.3783160696170351
10639,0.5093172121510905
10640,0.4624690202613988
10641,0.5039311351402882
10642,0.4660186286454508
10643,0.5629586956986319
10644,0.40683689037335624
10645,0.3899503229168786
10646,0.540673961400495
10647,0.512810333611221
10648,0.43724532398775956
10649,0.5225815537683356
10650,0.5597417242997206
10651,0.41036321802684306
10652,0.49879346374723527
10653,0.5544795120131769
10654,0.4974388470993339
10655,0.5358094567765521
10656,0.5738224743372553
10657,0.5936843193055399
10658,0.45675541140381004
10659,0.5191601685448191
10660,0.3994146286820429
10661,0.48135347629056435
10662,0.39697474069344924
10663,0.38590981364435073
10664,0.42891656629409275
10665,0.5329924696148967
10666,0.45313936625728846
10667,0.4932133615459154
10668,0.5760332243239444
10669,0.5525661841980472
10670,0.5883136411281736
10671,0.5625688954424248
10672,0.4180188831710039
10673,0.38782211391166543
10674,0.4134821719340861
10675,0.5800871283124528
10676,0.6431436359983573
10677,0.4302861036834391
10678,0.6047711066785041
10679,0.5551911453762924
10680,0.6760239110300456
10681,0.5487589509245396
10682,0.32330519712581585
10683,0.5561080854969092
10684,0.5301498445705641
10685,0.41953495111329775
10686,0.4472182730985894
10687,0.4900938937618103
10688,0.4374421754012473
10689,0.445705978490229
10690,0.4377200402809427
10691,0.3802312766605612
10692,0.5162092081073962
10693,0.527674085329663
10694,0.7200601858031874
10695,0.5474665553959464
10696,0.5827174938782217
10697,0.41437643225801823
10698,0.5169403465318126
10699,0.5445913959482794
10700,0.49314537408539433
10701,0.4885513005410054
10702,0.5385566523723958
10703,0.602802899272462
10704,0.3372753087676795
10705,0.49629180619579916
10706,0.6087494303227764
10707,0.40266811993199514
10708,0.4365712712871084
10709,0.5728483203710449
10710,0.278371948479523
10711,0.5964870771470618
10712,0.6393772557469589
10713,0.30692533535717403
10714,0.6378142721531246
10715,0.5201180051196793
10716,0.34606381136143605
10717,0.4999628602419668
10718,0.6915352187079248
10719,0.35053473292715687
10720,0.41406539738170867
10721,0.5298538316276894
10722,0.5343573709853843
10723,0.5031977075447004
10724,0.5356535150120448
10725,0.41485986366340305
10726,0.4571806918544197
10727,0.6246141067658837
10728,0.4974068766332264
10729,0.5123464071634166
10730,0.4720674736568389
10731,0.4375982920309467
10732,0.4007702528324534
10733,0.5859919462287774
10734,0.6667246639576262
10735,0.35163579359986274
10736,0.5850393082106836
10737,0.5773600086126546
10738,0.4305411125245091
10739,0.4216416757471849
10740,0.48224814156488577
10741,0.6686829583332772
10742,0.5753474438978041
10743,0.43050322331073976
10744,0.38684919503026083
10745,0.5386147189594613
10746,0.6083950748367681
10747,0.6436986747926452
10748,0.5746951426988532
10749,0.4811808405045499
10750,0.42622090436603316
10751,0.5126502701025156
10752,0.5173045853833523
10753,0.7304602941113715
10754,0.5044254625366505
10755,0.49749113435144404
10756,0.5522704848517211
10757,0.5794704714611342
10758,0.5284430639407875
10759,0.8294917469352796
10760,0.5503240093289383
10761,0.47789216002789053
10762,0.5554283390609035
10763,0.7086751399362385
10764,0.5766771774939488
10765,0.4706765920212843
10766,0.5242424361630945
10767,0.3732327870591553
10768,0.5874277779149594
10769,0.6948437365830377
10770,0.5942110701771699
10771,0.5214176940671137
10772,0.48715602825646087
10773,0.4274407582774604
10774,0.5233663737831541
10775,0.39982800472466695
10776,0.520877672634158
10777,0.40172665370257793
10778,0.6254475905540349
10779,0.7255549730709514
10780,0.5593773093461408
10781,0.5628957392170741
10782,0.5546737762716176
10783,0.5937812995904137
10784,0.4241674199161595
10785,0.5379980782815903
10786,0.5835278275274001
10787,0.5337152923117127
10788,0.37329349345205265
10789,0.4937924056749129
10790,0.6415647239171574
10791,0.5048336186611285
10792,0.5230416619676702
10793,0.8206699122213068
10794,0.5072898811118111
10795,0.4253597130772152
10796,0.41043037251285663
10797,0.4807572283050928
10798,0.699040356407345
10799,0.46803634929352633
10800,0.5430475476438577
10801,0.632592075349124
10802,0.4958617766209753
10803,0.5128884896547892
10804,0.47147173404247283
10805,0.7931677879949119
10806,0.48721521781135096
10807,0.5283463942163469
10808,0.4346835991973348
10809,0.36676304026046924
10810,0.5022881222548791
10811,0.43558270246637126
10812,0.4005053670175577
10813,0.38945761724008277
10814,0.5853529571788979
10815,0.6073711396797258
10816,0.45090844505041333
10817,0.41766120532706935
10818,0.4509517567042403
10819,0.5560774879209412
10820,0.57427153466573
10821,0.5674350261379004
10822,0.5119362568401605
10823,0.6098444612192035
10824,0.45307954990271193
10825,0.44095928363301806
10826,0.3560696160702641
10827,0.494655361999737
10828,0.447168287474642
10829,0.509265874584451
10830,0.4283549248463978
10831,0.48373866580564717
10832,0.5284993497880903
10833,0.4494799629645258
10834,0.6260658374442611
10835,0.6756670984991315
10836,0.79714858133337
10837,0.467472239774912
10838,0.5296843819907683
10839,0.47860230110251706
10840,0.547671420498751
10841,0.4907692675736812
10842,0.5153307032118152
10843,0.6092962176182358
10844,0.4797944552356634
10845,0.849661754766639
10846,0.41557020288297064
10847,0.5391168039546649
10848,0.6046199250612023
10849,0.47788751406113716
10850,0.6447614273026236
10851,0.7212053107546894
10852,0.7574607233720787
10853,0.5090328276474073
10854,0.37635878909980613
10855,0.5574738464395195
10856,0.5711968215149039
10857,0.48570154305060176
10858,0.491122626925805
10859,0.4783628866051494
10860,0.437626318907079
10861,0.6610640390659027
10862,0.5076536344208779
10863,0.43165453586125924
10864,0.5841071644431122
10865,0.46556307511199524
10866,0.5597150379779302
10867,0.5760413932203707
10868,0.3601649760014907
10869,0.4686281037350751
10870,0.4780020451280973
10871,0.45964042549080325
10872,0.5344588111493104
10873,0.6353628734893814
10874,0.6151013306466732
10875,0.5235324736165591
10876,0.43442794167205
10877,0.5763070290007605
10878,0.4981761799378694
10879,0.41944732338592594
10880,0.5385036789100043
10881,0.41061847204987156
10882,0.4151231215046809
10883,0.4990296599528296
10884,0.6612218811666217
10885,0.537585447001643
10886,0.4679045263142377
10887,0.48855944843766486
10888,0.4646155785014067
10889,0.5330611450490927
10890,0.6106919267300509
10891,0.45928194615412643
10892,0.46397964469375724
10893,0.36789392028182033
10894,0.48756576687541775
10895,0.48207003959445777
10896,0.760893393697338
10897,0.365415843707512
10898,0.504799525045941
10899,0.5361073384845945
10900,0.5726895149655455
10901,0.5664671760359253
10902,0.5322264125976297
10903,0.32198513149177044
10904,0.5401619489077426
10905,0.5727597804817419
10906,0.6175630004562106
10907,0.36362831640777876
10908,0.44528067285812867
10909,0.43589810155652886
10910,0.6027596273641462
10911,0.4108020616999356
10912,0.5116827150759214
10913,0.526885552408105
10914,0.7750013110169197
10915,0.6540499930952626
10916,0.6580736966662564
10917,0.5490230677668972
10918,0.6189414051105496
10919,0.474072481942906
10920,0.5597105795603822
10921,0.3995959644404028
10922,0.6380800307986783
10923,0.4060226213123065
10924,0.590416543555757
10925,0.4599057245784232
10926,0.5846724823114233
10927,0.40507469882756225
10928,0.4972296526876411
10929,0.5593980934807815
10930,0.526314531687127
10931,0.6740418340110262
10932,0.38547192757337956
10933,0.3977950391646421
10934,0.3971248027009001
10935,0.4422620648142104
10936,0.6679500063767517
10937,0.6150293441069241
10938,0.4230257693639714
10939,0.7529462619308456
10940,0.5890510166325521
10941,0.38766211713218884
10942,0.41826109836431646
10943,0.41174440950942603
10944,0.47073713135945566
10945,0.5195103015806767
10946,0.47004445723040084
10947,0.38685511925898364
10948,0.4215549813681804
10949,0.5155588498883945
10950,0.5334082736915178
10951,0.38148643087159817
10952,0.3621128066795567
10953,0.6876523093851429
10954,0.4307877442218954
10955,0.5421973784945692
10956,0.3696552462642745
10957,0.6581110102074189
10958,0.35090741527901426
10959,0.5712251062706469
10960,0.6550861168075398
10961,0.6402098803494405
10962,0.46934642768965423
10963,0.4538143493198813
10964,0.5195383264721279
10965,0.37938870728083596
10966,0.5334198613812916
10967,0.5297236694540133
10968,0.5544145580977371
10969,0.5406445899375365
10970,0.3976021829696189
10971,0.547598657578634
10972,0.5051989023636201
10973,0.5525578398365258
10974,0.5119417593346508
10975,0.3844565959222359
10976,0.4186576922425861
10977,0.39908755124319634
10978,0.4422558187944162
10979,0.45473260580880953
10980,0.6157964462938712
10981,0.49811020670823836
10982,0.48298595249415743
10983,0.4998586947961621
10984,0.5025704221150029
10985,0.40544831093588296
10986,0.30755699798853625
10987,0.3961252214360784
10988,0.5093340407659379
10989,0.6253400111033962
10990,0.3710725517826403
10991,0.5280113248646299
10992,0.6673826766693678
10993,0.6915975044936912
10994,0.6084585873399968
10995,0.5379122200544968
10996,0.4787746657871844
10997,0.6153251409614371
10998,0.4492048119427973
10999,0.6890779525740603
11000,0.4063021287827696
11001,0.461425940740823
11002,0.4490565429085017
11003,0.6864267421931156
11004,0.489607624416005
11005,0.4866624355156281
11006,0.47549112009311073
11007,0.6901054946180576
11008,0.37783424425729467
11009,0.5432281212911455
11010,0.5084460786254191
11011,0.34008447798764496
11012,0.49349861942288326
11013,0.5166923365484928
11014,0.4301297032771606
11015,0.36656274600861144
11016,0.5946850381592615
11017,0.3602194580105599
11018,0.7081931564108308
11019,0.7513155429393277
11020,0.644951861253735
11021,0.5298520527834726
11022,0.7495354051345339
11023,0.7379402380492575
11024,0.5148269894361097
11025,0.6618798999770554
11026,0.4603491558715168
11027,0.47742392481399376
11028,0.34727880899822233
11029,0.4908399589030895
11030,0.48697532983030967
11031,0.5125649609414892
11032,0.40273341847219113
11033,0.5271730786119273
11034,0.42546919085508994
11035,0.49767182001344035
11036,0.39912626186529654
11037,0.6217530346238438
11038,0.5039925395898289
11039,0.44244125794345956
11040,0.6029260337552096
11041,0.4662084307391738
11042,0.49971166427224867
11043,0.5638871477689928
11044,0.41661651565435265
11045,0.3910308950276916
11046,0.5611491418701304
11047,0.529823964267635
11048,0.5724479909035267
11049,0.5871757650666244
11050,0.5047469668040097
11051,0.5388529082450705
11052,0.5656009010424619
11053,0.3858502409237933
11054,0.47471641432403194
11055,0.5726115162703821
11056,0.3995467038207187
11057,0.4982565418481119
11058,0.35985955488971344
11059,0.4035666026259224
11060,0.5142162087741716
11061,0.434657849232247
11062,0.481689119620085
11063,0.5715568909518945
11064,0.43509566935128297
11065,0.6541368449506199
11066,0.4753450722807311
11067,0.471809474647637
11068,0.46271631031782223
11069,0.5003461711104383
11070,0.49469430402081527
11071,0.5201271618931086
11072,0.5563495131243366
11073,0.4523635588991092
11074,0.41381900179566095
11075,0.49563627152250794
11076,0.5584370554448078
11077,0.5614248061794004
11078,0.669361414905572
11079,0.45114912416091413
11080,0.6280052391893258
11081,0.5414207114417968
11082,0.49915877486372523
11083,0.4124188592676266
11084,0.3380374387153088
11085,0.5639938113894546
11086,0.7626693346642324
11087,0.7271960835077215
11088,0.3927056360099045
11089,0.5595504850546696
11090,0.43667473217490665
11091,0.41758864503124415
11092,0.49302860828099043
11093,0.4406015097312894
11094,0.49356431564471737
11095,0.5312398177582301
11096,0.6347633543585904
11097,0.557123141469089
11098,0.6295289749196361
11099,0.5234305925411457
11100,0.4516794999347352
11101,0.5243128569580149
11102,0.5901129570548933
11103,0.40395042368821477
11104,0.5467102569894625
11105,0.5284010339687086
11106,0.5113866399399459
11107,0.40975275423520563
11108,0.5459596724136806
11109,0.4545728985916471
11110,0.41422582479642106
11111,0.4999908136122303
11112,0.29035122363921595
11113,0.3885727456195251
11114,0.6012725947475408
11115,0.4453366776828127
11116,0.47829157084562723
11117,0.623319690549521
11118,0.5178310670930638
11119,0.4312216208413037
11120,0.4503503725294859
11121,0.7253876659102385
11122,0.5126694203747254
11123,0.6000522422627683
11124,0.6504810809807743
11125,0.38669409764414675
11126,0.5285086704733909
11127,0.575761281313343
11128,0.47646721424605554
11129,0.6125487459249778
11130,0.44535882377224395
11131,0.5207628899335236
11132,0.5651901874420042
11133,0.601328396790834
11134,0.5277473544306787
11135,0.5007997393675592
11136,0.39299554650473945
11137,0.4897038874377633
11138,0.5208973274235532
11139,0.5154358901886338
11140,0.5419685772067419
11141,0.5635364189055689
11142,0.43597891822014406
11143,0.721397086131345
11144,0.36379638636669664
11145,0.491619715509574
11146,0.6864146307939825
11147,0.48186011148160307
11148,0.6174806702427589
11149,0.48169159998681144
11150,0.545194940700443
11151,0.5017184416634572
11152,0.5083050148043782
11153,0.6269386820106367
11154,0.4506298220480548
11155,0.3775392665895355
11156,0.5105877168923308
11157,0.48670598168804446
11158,0.4991394206393531
11159,0.6028433685467542
11160,0.6998584981100179
11161,0.4220531764300424
11162,0.38762895394545094
11163,0.4029662995167559
11164,0.4521290267087372
11165,0.38714526584960995
11166,0.48362787464395357
11167,0.5542635775312863
11168,0.5341880495602008
11169,0.582277063480984
11170,0.4466385134485808
11171,0.536429005328731
11172,0.5113452225737639
11173,0.49184201496372465
11174,0.6174309306551087
11175,0.49029634795157745
11176,0.4548342264971342
11177,0.636361229774696
11178,0.4681211436210231
11179,0.6050541547049673
11180,0.4044809898114523
11181,0.4754716055192766
11182,0.5769302161743415
11183,0.4604373461318366
11184,0.3481794226120345
11185,0.5740589313989175
11186,0.5206523594111664
11187,0.36356794747044696
11188,0.5625247198896608
11189,0.4584273006435937
11190,0.4528451241242137
11191,0.4259403388866536
11192,0.5971006036294468
11193,0.45017879941252287
11194,0.4917130833104271
11195,0.608562525194856
11196,0.5183511968818216
11197,0.5461886006874761
11198,0.6164731199622673
11199,0.5461729580967551
11200,0.4261137015727472
11201,0.5724950806737994
11202,0.5460871143043307
11203,0.5788171739013508
11204,0.4655870510604705
11205,0.40712445171229494
11206,0.643572429915003
11207,0.5498509965927239
11208,0.660278105503014
11209,0.5650415645418064
11210,0.4269666009647288
11211,0.5360112775972518
11212,0.3720180881740702
11213,0.5171472454124163
11214,0.4675951527153222
11215,0.7000147790848279
11216,0.7186554249535694
11217,0.39998179492196756
11218,0.4059833208095918
11219,0.3977908518074739
11220,0.5797075171647932
11221,0.4976548731007306
11222,0.3963048802820563
11223,0.6268471562935487
11224,0.5038034528585282
11225,0.5744479070946233
11226,0.4438656390906059
11227,0.541907030226769
11228,0.453389197782353
11229,0.4544621243205413
11230,0.4415396321196458
11231,0.4707536761243484
11232,0.6044410347003193
11233,0.5401740611901731
11234,0.46125844249480985
11235,0.5522722704445866
11236,0.6167002763052163
11237,0.7488869731126576
11238,0.4686870654457353
11239,0.6055237303139299
11240,0.45192305219767864
11241,0.42081757659971
11242,0.3780537794266732
11243,0.4717816461424005
11244,0.7578656598970969
11245,0.3844733249553257
11246,0.46890914287348073
11247,0.30835143924269326
11248,0.4694521679727733
11249,0.5164628058655532
11250,0.3972372036863953
11251,0.5208401999333098
11252,0.39756875784715207
11253,0.543062486020887
11254,0.4096290577588483
11255,0.4901701139851218
11256,0.3908855910651401
11257,0.26084091075836685
11258,0.5447828727920245
11259,0.5126537960570416
11260,0.5154727640827808
11261,0.5260243488500014
11262,0.4827755800957177
11263,0.5155907765559655
11264,0.5613522310677671
11265,0.5002205440953983
11266,0.5206624059999517
11267,0.47219605766853995
11268,0.416765824446624
11269,0.40920485331431733
11270,0.4617380213278507
11271,0.622321019725331
11272,0.3681561668646504
11273,0.48443238665332244
11274,0.45977311195972426
11275,0.41821096826424775
11276,0.5032702432936061
11277,0.6671707397207209
11278,0.5273897190316345
11279,0.48465359417561976
11280,0.5809543676982655
11281,0.36433442968974095
11282,0.5675288952283984
11283,0.6883756918793726
11284,0.5681903384080036
11285,0.6654770400907137
11286,0.46525375930990637
11287,0.6690132882747704
11288,0.5753248571700617
11289,0.45650979353954785
11290,0.5462509191344219
11291,0.49591461735357767
11292,0.5640549281728869
11293,0.586090086190918
11294,0.3304912036425408
11295,0.3921042415983049
11296,0.5191941383719159
11297,0.47788684516575375
11298,0.5209824972660052
11299,0.42814470415972344
11300,0.5392724028421264
11301,0.5223274830273764
11302,0.427112581256084
11303,0.4420065152984247
11304,0.513737781276867
11305,0.5822628310074681
11306,0.3144193670711663
11307,0.42812382135774346
11308,0.5612267542551299
11309,0.659877277468601
11310,0.44940030416107923
11311,0.5028555772901758
11312,0.6085679090716434
11313,0.5191865572241596
11314,0.45041940550040793
11315,0.5018406008866407
11316,0.42792922387079496
11317,0.6506105627342424
11318,0.536985224091636
11319,0.4858573004405985
11320,0.545137491881769
11321,0.5297506220519053
11322,0.5081833754645543
11323,0.4347272324106305
11324,0.6301514103230919
11325,0.556998081761438
11326,0.367783309804847
11327,0.6406784644568332
11328,0.593447513831723
11329,0.4257131099565036
11330,0.5279306508964992
11331,0.5476759640212279
11332,0.4582532358151159
11333,0.3530953391761239
11334,0.47746465320001835
11335,0.5722917134012977
11336,0.5564284556436686
11337,0.4237725242403287
11338,0.35066182878294594
11339,0.48304892073365
11340,0.49910931743713816
11341,0.6285046034020081
11342,0.5405263348734152
11343,0.6887031006627564
11344,0.4160321417240809
11345,0.40807098582526685
11346,0.49407745805392217
11347,0.4937119632812799
11348,0.40827990085037597
11349,0.47791265998521043
11350,0.5779678967886925
11351,0.5006327182888962
11352,0.6785658707245712
11353,0.5501994547802197
11354,0.47902905067367096
11355,0.5092130867268528
11356,0.359952772711403
11357,0.44156768357948406
11358,0.5472519453754597
11359,0.5031725090976564
11360,0.48129992988320247
11361,0.3742840636890789
11362,0.4224546024019953
11363,0.5822565000954909
11364,0.5436083346565895
11365,0.5391821900264184
11366,0.5285405844778791
11367,0.4983772345321346
11368,0.4024198143104101
11369,0.4997439438319091
11370,0.5641317503283078
11371,0.476212124067393
11372,0.7899299348681548
11373,0.48375830261825575
11374,0.2521242822532035
11375,0.4191515157207809
11376,0.5167039572242687
11377,0.44506024157817364
11378,0.36826118706730565
11379,0.5596819439320395
11380,0.4709722846740509
11381,0.46651431847328173
11382,0.46299838534364773
11383,0.46401050418521217
11384,0.39089451023311017
11385,0.4971739544464591
11386,0.46708643789889664
11387,0.571837701357893
11388,0.5889243509213967
11389,0.48806867942661103
11390,0.46959220262746926
11391,0.5245208098397164
11392,0.48350225641506916
11393,0.5430602363173009
11394,0.427124621669624
11395,0.4778533782041161
11396,0.550645263749174
11397,0.5156064956593521
11398,0.5022506381263092
11399,0.6032842197388394
11400,0.6133138340722839
11401,0.5621551055843348
11402,0.4714758820219031
11403,0.6035187418472425
11404,0.4506199486189832
11405,0.5604743146604146
11406,0.4719464640104138
11407,0.3862212595955838
11408,0.3955470863936323
11409,0.4979855316907955
11410,0.6124104477362753
11411,0.5363002515897123
11412,0.602340556878454
11413,0.3979186473241684
11414,0.5063753050027469
11415,0.5400861308599266
11416,0.47525750985121934
11417,0.5299499195760016
11418,0.6796937498188229
11419,0.41969483585001105
11420,0.4898311397456982
11421,0.4660916840649714
11422,0.5609861286360582
11423,0.30828493230477677
11424,0.47466828068226624
11425,0.6639527225089469
11426,0.5081702297097529
11427,0.5097447840593453
11428,0.588749953632974
11429,0.4914171626061711
11430,0.447476767210527
11431,0.4896826099996911
11432,0.3837352188987262
11433,0.5849103961559791
11434,0.41228076210183323
11435,0.616028834777707
11436,0.6249197738157795
11437,0.5580703857151
11438,0.545031955891421
11439,0.63571988127091
11440,0.5922599858372527
11441,0.6362478459950728
11442,0.49626494097759016
11443,0.536543990433506
11444,0.545810367045852
11445,0.36304394865417444
11446,0.602790939954466
11447,0.5208863456173566
11448,0.6482999365849845
11449,0.7345774929609109
11450,0.6579438210325894
11451,0.45168164406466954
11452,0.40305026034008284
11453,0.44703225650587597
11454,0.5687279530638023
11455,0.5136012386232714
11456,0.40342179102121245
11457,0.5695956547222534
11458,0.41653085028947234
11459,0.5802507740752614
11460,0.5654387895713859
11461,0.3390275185043477
11462,0.4657488012824269
11463,0.7438675102904981
11464,0.46125962510330426
11465,0.5207054275496096
11466,0.4954374314303324
11467,0.5644537610766155
11468,0.5350593421659755
11469,0.4447916057627116
11470,0.4692975361484488
11471,0.48358589994289186
11472,0.47821357559779953
11473,0.3891551294680048
11474,0.6776159673519074
11475,0.5812109553922795
11476,0.4607041120175659
11477,0.5650897557432912
11478,0.47175342397370873
11479,0.5458622148359682
11480,0.5003449639271734
11481,0.5209433960597839
11482,0.46357057508188587
11483,0.7557790237184964
11484,0.6062115765250788
11485,0.5405051105023849
11486,0.6110121192303103
11487,0.3705735324240757
11488,0.4638354870829061
11489,0.501851498312688
11490,0.5531049382813933
11491,0.48384608137510104
11492,0.4091557096007628
11493,0.39784341617081753
11494,0.4729343868982692
11495,0.4907826143774056
11496,0.5466093915149973
11497,0.697243939388153
11498,0.4907289982200349
11499,0.47573811992124726
11500,0.5365476455422235
11501,0.4606883073170621
11502,0.38935167776773383
11503,0.492527046289282
11504,0.6633879020690538
11505,0.4317869391710947
11506,0.557949113360677
11507,0.6756920939865144
11508,0.45973407551161766
11509,0.6795752956018456
11510,0.3581145422613731
11511,0.4624552007791192
11512,0.5441322789662285
11513,0.5304888813620918
11514,0.6769207769896713
11515,0.4458103393699113
11516,0.5165727873531568
11517,0.5533852893034058
11518,0.47592009568143046
11519,0.4263052504792865
11520,0.49148460633387336
11521,0.5334179082016622
11522,0.6842205731052038
11523,0.3695681547844914
11524,0.5163162719097835
11525,0.7463019770114883
11526,0.40068889869863433
11527,0.5804548565333791
11528,0.59381942909304
11529,0.5674970085673955
11530,0.530860971458619
11531,0.47004293129647046
11532,0.5293363802560644
11533,0.4703617891849813
11534,0.6015455002130189
11535,0.5097057704878525
11536,0.5190597264497363
11537,0.5145335185862765
11538,0.41348296561930076
11539,0.43009665658044594
11540,0.38490956421357847
11541,0.5669102524075125
11542,0.4652685069934423
11543,0.4429696713804431
11544,0.45023192594589995
11545,0.5494918796166292
11546,0.41128029938187294
11547,0.5851172643516918
11548,0.5389906947389805
11549,0.4691761877028428
11550,0.5008777677748468
11551,0.48405980674895027
11552,0.5782258271094616
11553,0.5917782334968372
11554,0.4695363335110291
11555,0.4585813531092313
11556,0.5742192374691997
11557,0.4142953379854797
11558,0.40778032969319894
11559,0.5866627065986328
11560,0.4389721472085614
11561,0.45936373806177383
11562,0.7049490890845542
11563,0.64216378622076
11564,0.6138613411923478
11565,0.5926663209518832
11566,0.5288440038072149
11567,0.5148536639581217
11568,0.5417766361927159
11569,0.6917196923089052
11570,0.5285329206374078
11571,0.5714772090998052
11572,0.4446684937213911
11573,0.5797247216005261
11574,0.4607818716996154
11575,0.42634227090622157
11576,0.7650561477873092
11577,0.46140957017726786
11578,0.6447154092049667
11579,0.5128914379079411
11580,0.42081745306045926
11581,0.4567408606651632
11582,0.4518637104007935
11583,0.5270028445196406
11584,0.5654231392571297
11585,0.46228357556271943
11586,0.34856135775271074
11587,0.4720713370172828
11588,0.40682088889407214
11589,0.3580918015999754
11590,0.38642246441470096
11591,0.505865776011939
11592,0.47852369937781125
11593,0.4940363529878632
11594,0.47611347001245435
11595,0.5686404269860906
11596,0.56289414524753
11597,0.49223184372802004
11598,0.5980393710300798
11599,0.48745609430503395
11600,0.4714069180797493
11601,0.6446656165049658
11602,0.39827086346906115
11603,0.5869639056616509
11604,0.3691108566784382
11605,0.45338019133568785
11606,0.3832418207310907
11607,0.5144612468279235
11608,0.49368638105151785
11609,0.5937843280411312
11610,0.5906534975764289
11611,0.7473807208366754
11612,0.4675078062238168
11613,0.3636603078345327
11614,0.5372695876814776
11615,0.6191400600063892
11616,0.5508737616979343
11617,0.36833418893561176
11618,0.5895058242040587
11619,0.5332048424038207
11620,0.434931326088083
11621,0.5635320059525073
11622,0.5775368136608913
11623,0.6005221835095161
11624,0.4159928293336956
11625,0.4799709199144153
11626,0.40138289359165424
11627,0.4704639288210458
11628,0.6318096017949286
11629,0.4812507797337162
11630,0.48109138407533625
11631,0.5643094588707538
11632,0.3791229718482714
11633,0.45967330785216043
11634,0.3954640724157084
11635,0.4284172329348724
11636,0.5463955489414178
11637,0.6325932557964572
11638,0.4397040985543489
11639,0.5635976268835162
11640,0.4793544554163518
11641,0.3562282332636869
11642,0.5610269053014314
11643,0.7291772390429243
11644,0.3171203068413443
11645,0.7291226417206663
11646,0.4459010824802279
11647,0.390166357213707
11648,0.5004893919216976
11649,0.6485679250510534
11650,0.5111618245134204
11651,0.5039217826541673
11652,0.7928692498575239
11653,0.45972578034915046
11654,0.624610292537793
11655,0.6554340705632924
11656,0.5688204958219497
11657,0.5198004242654318
11658,0.446723133473706
11659,0.5674309141904337
11660,0.6257768942611772
11661,0.48755774923831063
11662,0.527908575233929
11663,0.5370599315006601
11664,0.5446413092622973
11665,0.38687626803414255
11666,0.4744398395773993
11667,0.537609982063719
11668,0.5227312627211653
11669,0.46808643326161775
11670,0.6110551298447155
11671,0.4077763475150311
11672,0.581242407291406
11673,0.4511310177439439
11674,0.2664096192311446
11675,0.4627614324830195
11676,0.5802734843566058
11677,0.553867521927576
11678,0.5081322147275062
11679,0.5784827209667529
11680,0.557881503118442
11681,0.5373793925774587
11682,0.3565583530609068
11683,0.548115049886677
11684,0.47558764109323437
11685,0.4959191403463793
11686,0.5453447186326574
11687,0.42799146905502744
11688,0.44439207570137224
11689,0.5456644219398817
11690,0.6171194282458097
11691,0.5056479365461728
11692,0.6728409575522996
11693,0.35102035558889966
11694,0.5606456539957396
11695,0.4516032744837381
11696,0.46488255832379205
11697,0.593171212585449
11698,0.531392857008098
11699,0.5370858718990899
11700,0.36884607109015444
11701,0.4693573224515531
11702,0.40082143903463496
11703,0.583923710908862
11704,0.5791436001677103
11705,0.5744062826385484
11706,0.4511142338991491
11707,0.42345677684169497
11708,0.40173825237809535
11709,0.4915756477208168
11710,0.4592129696768652
11711,0.34148195559227346
11712,0.4481982374592333
11713,0.4665803678093797
11714,0.5001420119948499
11715,0.6081312987819785
11716,0.6342606730389778
11717,0.40867429726119137
11718,0.4133633346733491
11719,0.5340774118421421
11720,0.4851109441599045
11721,0.5342920542726652
11722,0.5375734429639701
11723,0.5153102390383497
11724,0.5034258171501245
11725,0.5330634555651014
11726,0.561551508532873
11727,0.49452920412572915
11728,0.3965428447863509
11729,0.49315341092732073
11730,0.3561953952412412
11731,0.5935212865593851
11732,0.48644441732710547
11733,0.5308468170541452
11734,0.4381002718784629
11735,0.6321134290328639
11736,0.631747587953603
11737,0.5192670973355222
11738,0.5053557890048768
11739,0.6405663523368513
11740,0.39585597104450665
11741,0.40243013636159225
11742,0.6536823961815863
11743,0.6087236181706299
11744,0.46587795071458227
11745,0.7044485360160819
11746,0.42813629869168607
11747,0.3258774779217282
11748,0.47367793054837953
11749,0.5204056255747842
11750,0.38359633074406085
11751,0.3626182276103984
11752,0.5259108616822951
11753,0.4522573324740829
11754,0.39890151253156025
11755,0.5713408333554424
11756,0.40181253372120573
11757,0.6964736492957284
11758,0.5756784048845673
11759,0.5216147467778892
11760,0.4619529768749348
11761,0.43890069853275404
11762,0.512050067813174
11763,0.48327814218665144
11764,0.502333417942472
11765,0.3353588577384346
11766,0.38584680047163095
11767,0.3723980584280304
11768,0.6563438309377355
11769,0.3604368969169142
11770,0.6333378234173106
11771,0.5379399869977314
11772,0.4789941306097188
11773,0.44824683709784374
11774,0.7028256414046428
11775,0.5360555790308951
11776,0.3904565765070991
11777,0.4210103402144923
11778,0.3710690984746188
11779,0.5341270091096488
11780,0.7103445625961026
11781,0.4939447053361417
11782,0.4501196619525205
11783,0.3920749885707116
11784,0.4061164497435047
11785,0.4585560101113305
11786,0.5345558068590078
11787,0.5211700418685727
11788,0.5013006296853026
11789,0.507037583103205
11790,0.3160828106543414
11791,0.41307470829493476
11792,0.5100875448622134
11793,0.6209889239391657
11794,0.5040429630333474
11795,0.4383106853967436
11796,0.4785182613767874
11797,0.48458580046202104
11798,0.8286659692699345
11799,0.7357738001011443
11800,0.3914838082608297
11801,0.36678535292322667
11802,0.5605731000474121
11803,0.5000413268387846
11804,0.4717143878415699
11805,0.6154626830668276
11806,0.45013566204799627
11807,0.6187415564811278
11808,0.5316168961013
11809,0.4976520469048716
11810,0.516476429517666
11811,0.61458120272072
11812,0.3255110405803018
11813,0.5331588374418844
11814,0.4063560722015668
11815,0.45366290557742994
11816,0.5273591382438773
11817,0.4620189215567596
11818,0.45334920881099283
11819,0.5431476541722451
11820,0.4846474757398329
11821,0.4031138475200229
11822,0.5982489894528717
11823,0.5730506912891808
11824,0.4888237011232738
11825,0.5089710682226897
11826,0.4003467509132589
11827,0.43416503821522173
11828,0.5468072245230206
11829,0.48314724178525287
11830,0.47527347689066224
11831,0.6148196752850839
11832,0.44187822387075654
11833,0.5627778514067253
11834,0.4692410771142389
11835,0.49675724028762996
11836,0.753325717400177
11837,0.3471144270033092
11838,0.3296534254129051
11839,0.5057192494868518
11840,0.3735134109575868
11841,0.299883563391213
11842,0.5984997247603012
11843,0.5012105376898541
11844,0.5339974358231765
11845,0.45182342384742
11846,0.5498834911722483
11847,0.45186847770723204
11848,0.5888340155435334
11849,0.45329190515271667
11850,0.6088766409435797
11851,0.6162074276628569
11852,0.5497121345090191
11853,0.54016128007063
11854,0.4622432696374765
11855,0.5206465234552985
11856,0.5204347894362382
11857,0.48865758503434614
11858,0.4979059177970474
11859,0.4815875012391284
11860,0.44645144090464606
11861,0.43993947477848305
11862,0.5797755714547675
11863,0.3918074292006367
11864,0.5727934918133941
11865,0.6165189468042872
11866,0.41650106562779987
11867,0.45621722031324263
11868,0.5268857283895272
11869,0.517679024040813
11870,0.5258820768900594
11871,0.48962023578728
11872,0.5499478486572068
11873,0.4488391616694383
11874,0.6759789792958463
11875,0.45509777220309244
11876,0.4895865327890965
11877,0.6218908745859567
11878,0.5485326485464496
11879,0.5440418205771712
11880,0.5471550058802275
11881,0.3320519846642077
11882,0.4677190873079319
11883,0.5515794579185216
11884,0.5155188238989238
11885,0.33174527948367677
11886,0.5737151873039371
11887,0.49208048127434856
11888,0.6554488901428223
11889,0.6227724135986404
11890,0.5583808398576618
11891,0.7003940163734148
11892,0.4172855273676007
11893,0.47513256278439236
11894,0.6449802842092627
11895,0.5232718128170095
11896,0.6875518506033176
11897,0.49175007229360823
11898,0.6412600514636817
11899,0.4818550871392183
11900,0.4655592256215997
11901,0.5802696762687397
11902,0.4307052654277932
11903,0.39078702941330634
11904,0.6789093144211188
11905,0.6050552979889925
11906,0.5634379312835069
11907,0.5350399478967444
11908,0.30477695185486137
11909,0.536323377638725
11910,0.45996838179084204
11911,0.53451821589165
11912,0.5573436692833387
11913,0.24295495169809372
11914,0.5557644330418882
11915,0.47742333598887354
11916,0.45738658489008327
11917,0.49287294529051623
11918,0.4546358927386238
11919,0.43429359477126867
11920,0.5142870106988761
11921,0.479852440640198
11922,0.5175326625190572
11923,0.7555191478012172
11924,0.4282687984973961
11925,0.4884588598535777
11926,0.6458827140359479
11927,0.4563166062839552
11928,0.5010515791656489
11929,0.5546091998375878
11930,0.4389032038081448
11931,0.6543220495969596
11932,0.5685434281304651
11933,0.3590730757401112
11934,0.46419039235274134
11935,0.45656082358703176
11936,0.7306178402600871
11937,0.5786148683430692
11938,0.6779690626252202
11939,0.5147611427161219
11940,0.48255229200593996
11941,0.5997923843141898
11942,0.43934492254473984
11943,0.8043957633112999
11944,0.6148673758659097
11945,0.5428298197130118
11946,0.49530437548465434
11947,0.4236300534461284
11948,0.45046094823714256
11949,0.3063410880933509
11950,0.5157550841808582
11951,0.4622995902583795
11952,0.5984423417874275
11953,0.5850351364115236
11954,0.5215268573950518
11955,0.5051650114909907
11956,0.3929778370849337
11957,0.6508847847333874
11958,0.4596681512365929
11959,0.6336266761229221
11960,0.5475363378156527
11961,0.6358668137786178
11962,0.5626307194341182
11963,0.5220193293688336
11964,0.56316520399171
11965,0.412263472925083
11966,0.419966053317566
11967,0.49143105365974943
11968,0.406597514563567
11969,0.4563271105006468
11970,0.5036079816644476
11971,0.4854685773325589
11972,0.5355209870913741
11973,0.6699032528194027
11974,0.5192745669607083
11975,0.4968236083811848
11976,0.5309113225112208
11977,0.5497136857403047
11978,0.4324343187241163
11979,0.6763480164236447
11980,0.42111552204417024
11981,0.4267498245305966
11982,0.4449964704140088
11983,0.6012361295330397
11984,0.605499189404135
11985,0.45108013617237896
11986,0.6922526404320123
11987,0.5045535689681349
11988,0.5607626938080618
11989,0.5362054360513108
11990,0.33187363658281477
11991,0.46447189161922575
11992,0.44427428153033405
11993,0.5339306817565366
11994,0.511731219228671
11995,0.5522236429202211
11996,0.481437274235691
11997,0.6209070451731276
11998,0.4514908443979819
11999,0.5470992868232585
