id,efficiency
0,0.419962838562756
1,0.5631917357609444
2,0.5269007301510893
3,0.4705206739733844
4,0.47977965879522105
5,0.6633976926359544
6,0.6020882083127314
7,0.49357222004863066
8,0.4652538600486903
9,0.4489627968477683
10,0.6160177918745866
11,0.4045689102921153
12,0.6117110599046558
13,0.7630268123036333
14,0.5604669723424127
15,0.5038293263038247
16,0.3751895625311704
17,0.37218143334393794
18,0.6766414280976931
19,0.5484711116729316
20,0.6091457933055557
21,0.5110637323799385
22,0.6517726269045812
23,0.4711002471430287
24,0.5798924857850744
25,0.4052188549494772
26,0.6230975584880187
27,0.6502278944128759
28,0.4925688213658374
29,0.5071144279494624
30,0.6464757681631207
31,0.6498252287404859
32,0.4259763239790223
33,0.5015526045323021
34,0.6654259975525288
35,0.4701064568742177
36,0.514751690065169
37,0.5204867286171282
38,0.4112117695723698
39,0.4637047845288264
40,0.4610355960399012
41,0.6360162977864529
42,0.7793761927334117
43,0.6971672609543839
44,0.6021063246893164
45,0.6513666948566822
46,0.5793401364629573
47,0.630294385424746
48,0.7404262530142673
49,0.6900979893583531
50,0.5655605054044808
51,0.49563512985727776
52,0.6196809394494464
53,0.5942073044095353
54,0.49204454702145484
55,0.4668849980400764
56,0.6618220370755445
57,0.35193035581934307
58,0.4095481076725357
59,0.5052228696819836
60,0.4905341387961428
61,0.4570884558671989
62,0.5773066255190764
63,0.5802976815970616
64,0.5211518884324134
65,0.8134253225971637
66,0.4784327289215612
67,0.7067469408003143
68,0.3939225573104651
69,0.4423097851426463
70,0.6636157147469021
71,0.5765323009160751
72,0.43630297098767057
73,0.5670070900055639
74,0.46337102398516383
75,0.5289128144277934
76,0.4703970212465235
77,0.4303295210036319
78,0.4449591336568172
79,0.4035907250761357
80,0.4039984829905033
81,0.4456134714199086
82,0.6740991349169194
83,0.6628022646411513
84,0.41269467696039785
85,0.7366692443069258
86,0.6539509026777044
87,0.535670814717125
88,0.5595546118248351
89,0.4626799477511595
90,0.6150632752112803
91,0.7156204206493688
92,0.5547320204304876
93,0.5792957270265946
94,0.5373866449273436
95,0.45362616083075596
96,0.6648976018763519
97,0.3730748023483422
98,0.5663882734021639
99,0.8486024415521038
100,0.5108336137558964
101,0.6806819810988389
102,0.5210686408417413
103,0.49488730102733997
104,0.45744231512590156
105,0.5827248199875822
106,0.6242006832689952
107,0.4330726560208434
108,0.5029071124613568
109,0.6431499525148799
110,0.48343623480134656
111,0.6661854519640948
112,0.6028224817625262
113,0.41576836421219066
114,0.541594847786554
115,0.6120417404269424
116,0.4258884459763952
117,0.677643321911608
118,0.40260177622792337
119,0.3250453111628975
120,0.5788260638634999
121,0.5491189236596161
122,0.38351818991380043
123,0.43349681699922304
124,0.6405190260558097
125,0.49132964122852263
126,0.5273549643446387
127,0.6102228137393045
128,0.5989885668137773
129,0.6352742272341174
130,0.38917034558180214
131,0.47414421789758454
132,0.6592000277912311
133,0.5701600800404015
134,0.47631986648288976
135,0.3402642438444884
136,0.5909941237374673
137,0.658922023670652
138,0.6527810770480091
139,0.4497013991192951
140,0.48124602662191424
141,0.5269397612330325
142,0.4735554928448104
143,0.47518639425468395
144,0.5178392942713804
145,0.4511301407080379
146,0.5269137647583836
147,0.4714519170200385
148,0.47110841747404
149,0.5527198483219334
150,0.49695804317833314
151,0.5388970531777724
152,0.4046241562930999
153,0.6225709609813548
154,0.5507849413196189
155,0.37418892174038015
156,0.5361954857552609
157,0.5561543675725873
158,0.30994150678657256
159,0.4742802478822611
160,0.5474087775896453
161,0.5166338333411372
162,0.8776675772735858
163,0.5967471039601735
164,0.7106607967561671
165,0.747792474751061
166,0.5668025613197252
167,0.4499840857108182
168,0.44004216654380446
169,0.47454176766155465
170,0.6077887270137877
171,0.5263063920610787
172,0.6075674642735496
173,0.6716308153576576
174,0.5899015215297414
175,0.41533634655553625
176,0.5017774108228202
177,0.6233821130251608
178,0.5219514476107796
179,0.5635357015409452
180,0.4724575277204322
181,0.5851120948946559
182,0.39660939865746625
183,0.47593819750386684
184,0.6128163798332193
185,0.3576727452875962
186,0.5015608880527525
187,0.3876708573220339
188,0.531234099893397
189,0.4213944982638452
190,0.5478621543833576
191,0.6712428504440021
192,0.4773741844719302
193,0.43494272819051694
194,0.6074910229444732
195,0.4025332311783209
196,0.4984830681581195
197,0.6598863760335401
198,0.7050449545090894
199,0.5964732165781496
200,0.6286819154798711
201,0.5075822433657549
202,0.5105722659809834
203,0.5590739396821092
204,0.5602885265692551
205,0.5117122861420383
206,0.5466415384551058
207,0.44442950663950587
208,0.32472604694435625
209,0.5878497742905544
210,0.3934638528604939
211,0.5511026839665892
212,0.40633266208508756
213,0.44162116696103204
214,0.45246665168856914
215,0.5296998956688284
216,0.42826840845950026
217,0.4295945506649952
218,0.5506360462763065
219,0.532048282647658
220,0.6008158240339957
221,0.45153477362947825
222,0.5034416999073553
223,0.6987077085818744
224,0.45814482516199684
225,0.5730318261854407
226,0.36878446049117475
227,0.4516016943057569
228,0.6405756877715316
229,0.4964885911921524
230,0.6753114092036426
231,0.5789453334128334
232,0.5525791918538766
233,0.6106801977462554
234,0.41158864841366005
235,0.4280417423143513
236,0.4390548394088617
237,0.63917205218176
238,0.4584711841143295
239,0.570390535595281
240,0.6117773615376951
241,0.5242553068864629
242,0.6795376594826837
243,0.49791604335365325
244,0.5035419367369098
245,0.6569128895611529
246,0.689198826907159
247,0.6583373482414396
248,0.46959110706311596
249,0.5408188459230836
250,0.4310878641255619
251,0.5458871302424267
252,0.4340225341324543
253,0.5433024313569035
254,0.5060313795418082
255,0.450526279332705
256,0.46106922532125855
257,0.6047638400823127
258,0.6612800360357519
259,0.6684968803067113
260,0.5044083324021341
261,0.48427272695629653
262,0.3537641165298965
263,0.6507843262466209
264,0.2635007572400745
265,0.4929988446101415
266,0.44838423862992083
267,0.5105764243760516
268,0.5579586756928537
269,0.8041176174771415
270,0.6462353241709995
271,0.4802171297608438
272,0.6904774925080275
273,0.531802837314802
274,0.5002448003456783
275,0.3671879904229629
276,0.5687590571855148
277,0.5009219541545297
278,0.5616629286847251
279,0.524940421297264
280,0.40898394581694447
281,0.4854946646957979
282,0.47853187225257954
283,0.7024465347281295
284,0.4170361736386293
285,0.5186413302873483
286,0.44695000952726194
287,0.42369469700986184
288,0.3991637006779503
289,0.5459525681748931
290,0.5855635381343037
291,0.6143475002682222
292,0.34895154875540624
293,0.49906294061688633
294,0.47062090835656034
295,0.5923604135474619
296,0.5576880226894315
297,0.5622399333465826
298,0.40297704605617823
299,0.6700634205635668
300,0.4391891264426997
301,0.48680914757728166
302,0.5086385303167826
303,0.5553023255038374
304,0.5643270676204329
305,0.3711071306032663
306,0.4817214053885043
307,0.453174207336885
308,0.7034566118482997
309,0.4803442997454798
310,0.5299814523327403
311,0.411463669590871
312,0.564752601223254
313,0.49722689408428644
314,0.45733769112514777
315,0.4697210969967539
316,0.43855517316257175
317,0.5126985483780925
318,0.3618863323591794
319,0.47844418068166383
320,0.5573412118505096
321,0.5673089186313468
322,0.5984824436046191
323,0.3856911956865653
324,0.5301976167671384
325,0.4559538852171138
326,0.6841320624632495
327,0.5285703317094017
328,0.479884426164892
329,0.4097574470225789
330,0.6580384853029316
331,0.48650711857086637
332,0.5144624749795862
333,0.5768736653998443
334,0.48749898267711056
335,0.6037679343663589
336,0.4518006411930904
337,0.4821496147669428
338,0.5430304493063902
339,0.5056947561746232
340,0.5395606201176626
341,0.43328861009518604
342,0.6143632055652424
343,0.5388597469635026
344,0.33776087341826766
345,0.4612916872943971
346,0.5112801102247042
347,0.5339032359025078
348,0.4998187568924142
349,0.5722782414939268
350,0.5300454016698412
351,0.41488056276192486
352,0.48120153009788674
353,0.5441197946956416
354,0.593547536473799
355,0.5275622303720531
356,0.5140588138588
357,0.4949245343968984
358,0.5640787848774328
359,0.44990464125317325
360,0.6629998908916253
361,0.34277303852330665
362,0.6828848802288527
363,0.5554507676960811
364,0.6946905246744396
365,0.48351623855867637
366,0.6586793816053856
367,0.5516186313736681
368,0.5029070861267418
369,0.4703417090665796
370,0.4834456521693011
371,0.43844269067548935
372,0.48181526474635833
373,0.4314940991610453
374,0.8068409339759475
375,0.3459506790236869
376,0.4828600122651979
377,0.5484651913855276
378,0.6324956796070509
379,0.6245556632059747
380,0.5248329988672173
381,0.4907572726420957
382,0.5753086102379987
383,0.5327597454978462
384,0.5905932653186786
385,0.5572777964519409
386,0.4653065703392298
387,0.2901520005519823
388,0.5842782364495375
389,0.6631228234718287
390,0.5448949210365372
391,0.5229595676418395
392,0.721278027331149
393,0.5977752742211665
394,0.5429172378978349
395,0.5237973005734357
396,0.3782995674773189
397,0.5178141038940385
398,0.5703289637163236
399,0.490836968941312
400,0.482881733509388
401,0.7143830878036944
402,0.4552404556017955
403,0.5676932139057841
404,0.5711129394408618
405,0.40109490429130124
406,0.4138822802955814
407,0.3922201376835145
408,0.5936930735189496
409,0.5388635563411074
410,0.46947830212934993
411,0.3725847039265805
412,0.6166590884796742
413,0.5105535892603363
414,0.5333223341479392
415,0.4857485389579683
416,0.47681778180778234
417,0.6078749621810514
418,0.4825914094723486
419,0.37833443432962655
420,0.5438285624839313
421,0.5321349916842253
422,0.4325048622600942
423,0.5181564118659492
424,0.5092088664414152
425,0.41702378970390486
426,0.41870607238961377
427,0.3607775688734205
428,0.6934499023601841
429,0.609126996251516
430,0.5292477287129371
431,0.5790336873135824
432,0.5912322945665027
433,0.5248256198195997
434,0.5061992016925225
435,0.5463349546291664
436,0.6353099990879769
437,0.5118572901037504
438,0.6215680991944406
439,0.6168361476463704
440,0.6637661984424289
441,0.43784932437042035
442,0.40348018156266263
443,0.5370005932566186
444,0.5349153999474175
445,0.4420441841907887
446,0.515133325306516
447,0.41668784791532054
448,0.46385369583073743
449,0.43286724926406084
450,0.47082113821237104
451,0.3639410737082989
452,0.4154978511356186
453,0.6073760634336591
454,0.5116149775422586
455,0.4402098020663624
456,0.5659595030435213
457,0.6983677800879236
458,0.5124620671318211
459,0.5027712775896691
460,0.5941685869326483
461,0.49871358991033865
462,0.38054916798881677
463,0.7443393446769505
464,0.7219227009804501
465,0.37484701016721433
466,0.4393021199227635
467,0.5177186669374649
468,0.5365055144102463
469,0.599958992850482
470,0.49793555891359587
471,0.7070999137594028
472,0.542757370893886
473,0.7066332273862012
474,0.5989856553187682
475,0.3576535296551858
476,0.5124817614195757
477,0.49705363559283466
478,0.6435158718731135
479,0.6451663821403457
480,0.4002405389644742
481,0.4013897111724548
482,0.5870136564787461
483,0.6527669444572829
484,0.5455596258541718
485,0.808400032764653
486,0.6543137980573817
487,0.5282123594937301
488,0.5592431231455669
489,0.6703093150037156
490,0.5927818821178119
491,0.5232223287018107
492,0.48454733859057175
493,0.2663861294187059
494,0.5289530795364097
495,0.5566232044153201
496,0.5499960617869656
497,0.6428934110649397
498,0.5478175617817687
499,0.3310955947307924
500,0.7698952677990903
501,0.5253290570973586
502,0.4920935859866536
503,0.5442571439473948
504,0.5616409687760354
505,0.5217625405448435
506,0.520938544310547
507,0.4919972087515965
508,0.4396098413598943
509,0.6640508730618194
510,0.5120574064580106
511,0.5032307638793424
512,0.47762449131305074
513,0.5365736219926731
514,0.5909213788305896
515,0.43890470582789487
516,0.27585267856489765
517,0.6904615743273809
518,0.43003913634526086
519,0.535684025498379
520,0.3145812322933048
521,0.5897158101273916
522,0.612416108340492
523,0.5924009818079934
524,0.50488231226746
525,0.38653284846613695
526,0.49036295795786383
527,0.48668403303204844
528,0.4667168226133581
529,0.4311207050909053
530,0.4988881365458725
531,0.7036362181648572
532,0.4582345102537507
533,0.547525586609622
534,0.5286100638013104
535,0.4540385765501868
536,0.5763055842596819
537,0.4864872398024763
538,0.5142039500946031
539,0.5851374423010988
540,0.5446575724066425
541,0.506335809282343
542,0.4266617746732392
543,0.568118689884898
544,0.5955420198913205
545,0.45577811063061846
546,0.5407676534029452
547,0.64339187300956
548,0.483186281283818
549,0.5676335557561493
550,0.45954354449089535
551,0.39557723927652316
552,0.767886750159787
553,0.4751845842866188
554,0.5024001301317682
555,0.3973878035250981
556,0.45965617712696216
557,0.5409755860398221
558,0.7936008039495479
559,0.42410265616361686
560,0.3735767348791009
561,0.6118072669921366
562,0.4477783706263827
563,0.5798276316171342
564,0.5425169183355945
565,0.5091054128200265
566,0.561036626666085
567,0.4648945246865286
568,0.418260670333958
569,0.46111215054966354
570,0.41384957634086483
571,0.5226844061181546
572,0.3523934176574357
573,0.5050489801389052
574,0.5666792341957438
575,0.6107117377039837
576,0.5454032241755923
577,0.5191533883972873
578,0.5113678239909673
579,0.7098318209102927
580,0.4870660929159512
581,0.6677479046840504
582,0.48919730011468776
583,0.5170749921140279
584,0.4770941108679156
585,0.4600397133716832
586,0.48145769185227383
587,0.5148820559546026
588,0.6571257209199772
589,0.5407049591966455
590,0.666139162153367
591,0.4174938391608738
592,0.41644775939534473
593,0.5715267716615349
594,0.6415277807180705
595,0.48121125141698035
596,0.49513618024474876
597,0.7891059572040289
598,0.6386145308954148
599,0.47370767030174693
600,0.5127142549021441
601,0.46961186371491376
602,0.5721715626141971
603,0.4971163670742538
604,0.5355213106579867
605,0.4767818589277339
606,0.47418045680188475
607,0.4948618429741996
608,0.3878482501635043
609,0.6425838622786703
610,0.44234124402687136
611,0.5217745155405207
612,0.47377188585673397
613,0.5648367257135345
614,0.5223756272268754
615,0.5580379407130599
616,0.41147459871490827
617,0.6220140614816182
618,0.574053700562085
619,0.5708653526310842
620,0.41464643170304016
621,0.49743566426264163
622,0.5101282255335545
623,0.6020191993541022
624,0.5117689853203826
625,0.34829318264514764
626,0.6168177158466126
627,0.507736142914612
628,0.4920341006966897
629,0.7464138541714184
630,0.2909347269607921
631,0.6081775047876884
632,0.6575838474193466
633,0.4785224450758237
634,0.5660053156281776
635,0.5485327322495908
636,0.6138940020403278
637,0.5156232795938046
638,0.4074891133257504
639,0.5890194322689328
640,0.5294723772954956
641,0.624608704541553
642,0.5295626298102962
643,0.5770893661078491
644,0.5771783945789438
645,0.3175467981454767
646,0.43060231651162933
647,0.5650364184464454
648,0.46377435407593504
649,0.5189818800671372
650,0.37658325837975737
651,0.4265837412890532
652,0.4862820756360225
653,0.6037600969977688
654,0.6775871945352384
655,0.7249177830801732
656,0.48230831416375314
657,0.6356420976677504
658,0.5074140098742201
659,0.6071757196668496
660,0.44893839020490556
661,0.5089538040156864
662,0.4446916538386552
663,0.4669586233896288
664,0.6014933180157298
665,0.48198445524183847
666,0.5036003589317025
667,0.4993507392266514
668,0.4668247737204125
669,0.47390517308789515
670,0.5704337473846974
671,0.5145068422797721
672,0.388736290112299
673,0.5609297656920125
674,0.5780233812133452
675,0.4688559392583614
676,0.45073413674160073
677,0.44411729579824827
678,0.5058519818233692
679,0.4402608179855227
680,0.5016584255661003
681,0.5816533606027452
682,0.5055231593737433
683,0.761457035710025
684,0.3923888520401209
685,0.5061817612994509
686,0.3913404240263402
687,0.6326849755553443
688,0.767993300295856
689,0.42232758949857646
690,0.4071243853677443
691,0.5471622159927445
692,0.5234686266893017
693,0.4382780946284561
694,0.46373806297976344
695,0.49277933383451156
696,0.4388947740145048
697,0.4740604107124016
698,0.47530715951752633
699,0.5436525257259017
700,0.4182711766913213
701,0.5393595685826099
702,0.535052888786249
703,0.6593318119415656
704,0.5214346288649145
705,0.5544620221923239
706,0.5273245682172998
707,0.3419801473366576
708,0.3607336548321331
709,0.5353589358115357
710,0.5226648250832994
711,0.494824152473428
712,0.48751396877606623
713,0.5002839423251105
714,0.40984378511472364
715,0.5270557387840082
716,0.717203227075169
717,0.46221964398477244
718,0.5092282339709612
719,0.5420046952094508
720,0.4444902276598033
721,0.6144494408240998
722,0.4741165365647757
723,0.5550465884444246
724,0.45685129212672915
725,0.493179132458515
726,0.3864159576892189
727,0.5456306732365217
728,0.4808675245444683
729,0.2728635394757707
730,0.5788557307257005
731,0.49559482484263423
732,0.666970058159511
733,0.401383928894149
734,0.5203623960109337
735,0.4684976139294167
736,0.6772583040115538
737,0.4328548955542114
738,0.6033219980133432
739,0.6585919573580343
740,0.5475445739429264
741,0.49673507710833353
742,0.5122401120717356
743,0.5226235185481752
744,0.519973353522575
745,0.6073905399356686
746,0.5762373607325608
747,0.734473909851976
748,0.5360354245409239
749,0.276448327381475
750,0.4497978821121428
751,0.4995764792701036
752,0.5557248525009516
753,0.7162568755308755
754,0.44536249424619057
755,0.6472346875703321
756,0.5165004934052666
757,0.46222664520804885
758,0.5182757879513804
759,0.6941504317921982
760,0.5611061183900966
761,0.536063901329862
762,0.5074938781598418
763,0.4461007205536928
764,0.43660213479631155
765,0.5238770898346838
766,0.3889786436368061
767,0.7099707126679922
768,0.4586788493463274
769,0.5039700715194156
770,0.48080695518823646
771,0.6634171444307967
772,0.5293806325010347
773,0.5929827408945187
774,0.5326209613717003
775,0.5700716942342924
776,0.49109902662828747
777,0.5450520949652808
778,0.5711533922179819
779,0.5186746636146511
780,0.5341332728517955
781,0.5255912049954723
782,0.40717294291374084
783,0.5153158878210992
784,0.5208573759357449
785,0.6165624521457007
786,0.6337039388925172
787,0.49476052781365754
788,0.5046826894173783
789,0.4999004411618708
790,0.4996988779796008
791,0.6849361966053372
792,0.6703212189452533
793,0.4611700219169526
794,0.3862886371188093
795,0.39717281891861433
796,0.48407221875894824
797,0.5881393041046422
798,0.4498900767522467
799,0.47870887431998926
800,0.387034613317393
801,0.6738012809919162
802,0.529877471712245
803,0.5016263142915963
804,0.44753091420056
805,0.7004501485975185
806,0.6752962513096634
807,0.7522390931025743
808,0.40453712789795737
809,0.5332253335123469
810,0.5274766083989397
811,0.5923958859301726
812,0.5196559736204686
813,0.5429649919656139
814,0.41925850628613975
815,0.4798434075566038
816,0.4559511438185445
817,0.5011585791420132
818,0.4742607320480515
819,0.43174037798378556
820,0.48060326415843097
821,0.4945661032574808
822,0.5933788149101357
823,0.6719324304104516
824,0.6568482038686485
825,0.5636197286338482
826,0.527374194448917
827,0.38601956076098154
828,0.40341978659192235
829,0.5225632543480712
830,0.409045759949884
831,0.544920903058026
832,0.5403853782209034
833,0.5403550472238661
834,0.5747586282324926
835,0.6224976323450884
836,0.5262683387181237
837,0.5981974782984265
838,0.5149098476012819
839,0.41460462311049395
840,0.6487307240756353
841,0.6341171605641502
842,0.6039935645687585
843,0.5522505193910433
844,0.6253921714805898
845,0.5395784813795638
846,0.5497782691496637
847,0.6148813355141203
848,0.447309101409727
849,0.4784008586486224
850,0.4911154980878156
851,0.6204646590086279
852,0.44340610393905777
853,0.50382247902039
854,0.525889524388116
855,0.4476800057185083
856,0.2833609369174418
857,0.47928497810782933
858,0.5783668970055984
859,0.5952449164310746
860,0.6531267814193495
861,0.5491343084372171
862,0.47131383329484444
863,0.44265868944025877
864,0.5819124324449096
865,0.5375912979653187
866,0.5705084371261745
867,0.5767987971905718
868,0.6518176350800665
869,0.5011362165631625
870,0.5281467431741146
871,0.6704357971261193
872,0.556718081548951
873,0.5484257492261889
874,0.405554140540725
875,0.650589803594664
876,0.5578181345560547
877,0.5491732394961509
878,0.5744281060472533
879,0.48786681641320767
880,0.5529557854157046
881,0.6252033507652778
882,0.5051397450656361
883,0.5257424308105337
884,0.4684088890130865
885,0.4829897074366804
886,0.4650506703714653
887,0.5464625063068131
888,0.3795075758485539
889,0.5511505564198205
890,0.7497753299912107
891,0.5525347963248016
892,0.5698854140591336
893,0.45880993872648984
894,0.43409575413021484
895,0.4880475460377228
896,0.551356396456878
897,0.4842167673999866
898,0.5378022707353374
899,0.6036066494583849
900,0.5371360568222853
901,0.48004875214915715
902,0.6018487339976123
903,0.5689105206644471
904,0.5079457063170382
905,0.5645342988154961
906,0.5228986197979928
907,0.4142984478923586
908,0.5031245277526093
909,0.60955354898756
910,0.5967641027040467
911,0.6708605767189159
912,0.5827725212280777
913,0.6209314687786531
914,0.6282943474059113
915,0.4297270795100153
916,0.5404151520099966
917,0.4243214911638047
918,0.4510873605227126
919,0.38587968644305704
920,0.3270958890888843
921,0.37854137659062104
922,0.3712574889507188
923,0.5984409005833095
924,0.3927187607492159
925,0.41327497846903205
926,0.5496648978871166
927,0.43788136349991086
928,0.4147100944183322
929,0.45371631635682697
930,0.542134150778582
931,0.4388216989525696
932,0.47986809069120956
933,0.5097496208504917
934,0.8599881486601324
935,0.5273287087155637
936,0.4604184898040523
937,0.45597604159087357
938,0.5620241274559885
939,0.5810181819954768
940,0.5491767157858257
941,0.5570161909944493
942,0.38048969450227105
943,0.5888604858991408
944,0.5510275485472822
945,0.4699756670662552
946,0.6683143989682401
947,0.5020911033486332
948,0.5841358665864951
949,0.8167608758106137
950,0.5456923675447738
951,0.3581973498638452
952,0.4470395309808708
953,0.7025820452266943
954,0.43962723469364784
955,0.6400216172675729
956,0.2845805692225034
957,0.4753722408099974
958,0.5624994353893386
959,0.4264091968123076
960,0.5387662736844416
961,0.46912910770244254
962,0.35535589834898973
963,0.5204338304386913
964,0.5016388771698814
965,0.3743341299331759
966,0.42485286402217337
967,0.6818356868448435
968,0.47742909077841666
969,0.5514421106219021
970,0.5403703568355028
971,0.493959533194346
972,0.5109436781381854
973,0.5767389897047183
974,0.6102214126822538
975,0.5860534566427689
976,0.49721983045256263
977,0.6835242335686873
978,0.5869481712218393
979,0.5077674709104127
980,0.41781988276996807
981,0.658646878688959
982,0.6278141854100272
983,0.3948923731381925
984,0.7978737884940815
985,0.6341764511621469
986,0.5715678579255117
987,0.5169455403019257
988,0.6297617507760261
989,0.5307490540074666
990,0.4640081357728528
991,0.3622287033293221
992,0.341710808555971
993,0.6830804762458446
994,0.5976058271136174
995,0.5004865733790264
996,0.5819036090677354
997,0.4538450353069463
998,0.4544106662671134
999,0.6170350582571031
1000,0.5226039580389394
1001,0.5151739581763135
1002,0.5557512691626152
1003,0.5282192600312337
1004,0.5235305140029124
1005,0.676819722617305
1006,0.5608817104850625
1007,0.48478392667850767
1008,0.6335024455126003
1009,0.5699825012613189
1010,0.3631316242295084
1011,0.6316157463147577
1012,0.44655572646647207
1013,0.4553301739371825
1014,0.5668481496095359
1015,0.48557860800867286
1016,0.39971519914485626
1017,0.6766366702883262
1018,0.36667804159487494
1019,0.5913811125780516
1020,0.4017134777787744
1021,0.4946780138435461
1022,0.5035686482411078
1023,0.45646649386431337
1024,0.44960749581077897
1025,0.6084218274238742
1026,0.594735680254956
1027,0.3764930210609444
1028,0.6055935623456874
1029,0.5630763565840058
1030,0.34758353325534
1031,0.4794686021188597
1032,0.4428899231322512
1033,0.6740735498625574
1034,0.5474867491005161
1035,0.4215417235124014
1036,0.620366107744666
1037,0.32677448818617877
1038,0.41325386136898196
1039,0.4711254508592804
1040,0.6268140734337382
1041,0.5091832681772297
1042,0.5276607676392967
1043,0.4930367581005177
1044,0.5441743544351102
1045,0.6915766916832524
1046,0.5955620623966139
1047,0.5732093995497058
1048,0.5264706527909897
1049,0.6206376652367332
1050,0.5860633770780133
1051,0.48756131037631456
1052,0.42118296792694504
1053,0.5775975588494454
1054,0.42651124424445847
1055,0.6826809539619345
1056,0.41678084905588625
1057,0.5628605919381097
1058,0.5841217124254163
1059,0.5256513609936003
1060,0.44545661771871525
1061,0.5399963317917069
1062,0.4937036403019568
1063,0.5740235843552516
1064,0.4715945603995801
1065,0.4565981640462981
1066,0.6363391294255211
1067,0.415426277574181
1068,0.5604560957470944
1069,0.6648764899976508
1070,0.5713591221726787
1071,0.48867913569385296
1072,0.3129068928461827
1073,0.4394245733004551
1074,0.6111213282278314
1075,0.4342264394528965
1076,0.4507415804524494
1077,0.5782970660421264
1078,0.4903815166683543
1079,0.42861965042580796
1080,0.5084640776196688
1081,0.47849684789991775
1082,0.48692856981410576
1083,0.5345557025460443
1084,0.6064962653402795
1085,0.5965479861297283
1086,0.6067735251662725
1087,0.7291092629482467
1088,0.4222086140195485
1089,0.5076680818613643
1090,0.4732188683736972
1091,0.5018625202216407
1092,0.6489185372905814
1093,0.5717867149673159
1094,0.37474830448965923
1095,0.6872348469590659
1096,0.6325508074107251
1097,0.5118839458069139
1098,0.5530799334121943
1099,0.4218819847219647
1100,0.5216488179277399
1101,0.48861076025493033
1102,0.5318653765166742
1103,0.4797680603212162
1104,0.44654009069363604
1105,0.5539015934835815
1106,0.5836856605802612
1107,0.4407726453031426
1108,0.41742235838297004
1109,0.5998870518162375
1110,0.6491885929788401
1111,0.5710778405336084
1112,0.3987910459542587
1113,0.5364769636715905
1114,0.37801081878280857
1115,0.43894981677830264
1116,0.49747025794906435
1117,0.5911401155378061
1118,0.3668213334518412
1119,0.4339752160210647
1120,0.4638911874974117
1121,0.6235284514279594
1122,0.47547481613463116
1123,0.5456125521849897
1124,0.4929366391552757
1125,0.4582456874738422
1126,0.5227705477497882
1127,0.4558268280311014
1128,0.39478741784499216
1129,0.5943279324750591
1130,0.5321474902863834
1131,0.594296706542392
1132,0.5605100696387508
1133,0.4071747422236395
1134,0.45327989828765863
1135,0.5475910493726124
1136,0.7016460347872872
1137,0.4845176901029415
1138,0.6177761507101664
1139,0.5959893932402819
1140,0.5856082896583077
1141,0.5990952453027241
1142,0.43244490583158385
1143,0.30582246310591693
1144,0.5509724589505338
1145,0.5373609442416137
1146,0.36659390498528666
1147,0.5751674545035176
1148,0.5771038672274247
1149,0.4639797771028027
1150,0.5107453048727109
1151,0.48880617337451415
1152,0.4351897840484853
1153,0.5465867385155135
1154,0.5711360079007122
1155,0.29058640485829473
1156,0.47412490348700553
1157,0.5325905834499888
1158,0.6163229915297753
1159,0.523502797325449
1160,0.7231816800408697
1161,0.25612954999342424
1162,0.5738894233151316
1163,0.516303149824596
1164,0.5738123934373416
1165,0.43378577256412915
1166,0.3695118633975572
1167,0.5382374337962879
1168,0.4448986552514374
1169,0.5270454925351328
1170,0.5873486663325596
1171,0.5598435295333084
1172,0.6887284748877831
1173,0.5748283594250753
1174,0.41142929252627236
1175,0.4600089072260745
1176,0.5147124866988149
1177,0.405175876411753
1178,0.555007275813013
1179,0.30180993873274764
1180,0.5072361079173363
1181,0.47615628602207094
1182,0.4968253009705623
1183,0.5262700317540918
1184,0.4271878222958375
1185,0.6102840227209279
1186,0.44359126573112184
1187,0.6039268110444365
1188,0.6613016648550561
1189,0.38491685360155414
1190,0.26200283521740425
1191,0.43830130459088423
1192,0.5423997589396732
1193,0.5290976728269451
1194,0.43836796760191443
1195,0.6138421653007018
1196,0.3905939979587817
1197,0.5761711181349747
1198,0.6535699167592015
1199,0.6157222417676073
1200,0.5363773801155963
1201,0.4847832712687481
1202,0.5431307503582694
1203,0.502851049660196
1204,0.5983079970554513
1205,0.40760306746572167
1206,0.6957504308215247
1207,0.3511460182542163
1208,0.5874145527027023
1209,0.4798929687818964
1210,0.5623638555937237
1211,0.6792545246601767
1212,0.5048199168050096
1213,0.4744623736775712
1214,0.4926180002206943
1215,0.4028237749058523
1216,0.48676816154986485
1217,0.6453789596707344
1218,0.6320880047108219
1219,0.5710333414180612
1220,0.7193020344364947
1221,0.6028784250851075
1222,0.5256077727133069
1223,0.47583791605537984
1224,0.5034197617847609
1225,0.5998966568244594
1226,0.5509436482879706
1227,0.4658229126321579
1228,0.41475651645008127
1229,0.5136010977338687
1230,0.6394478390980335
1231,0.524890105028338
1232,0.5714574444946866
1233,0.43541578141729353
1234,0.4647077657741852
1235,0.5205436667783737
1236,0.6248508880715592
1237,0.5500004855714392
1238,0.4272584440092756
1239,0.5313722490074873
1240,0.6587252187922035
1241,0.6759706553428185
1242,0.5637331851385147
1243,0.5143784681363582
1244,0.5271528225421044
1245,0.46893125689287257
1246,0.48852064082761365
1247,0.4650644727541168
1248,0.5351030715119751
1249,0.4990782987901427
1250,0.4298997803478599
1251,0.655486172036922
1252,0.519773592221702
1253,0.4008250431804854
1254,0.42700815695842703
1255,0.4658450786526144
1256,0.5868674711126564
1257,0.49254595680348734
1258,0.5934976090682376
1259,0.6183234571041715
1260,0.540412598987958
1261,0.47856416752565284
1262,0.4847783921212606
1263,0.6163804943550029
1264,0.5250406173346696
1265,0.5216100944260567
1266,0.611803428567674
1267,0.5051305947764013
1268,0.4446503746767687
1269,0.5282887328072744
1270,0.530646244825066
1271,0.4573949123318464
1272,0.523002117423751
1273,0.5143734483444136
1274,0.353474689883424
1275,0.5097369698436902
1276,0.4767694613135104
1277,0.5861530030364425
1278,0.6086157849567262
1279,0.3393772698472616
1280,0.494536043210946
1281,0.5628131168964229
1282,0.3859823057835546
1283,0.49307283724930123
1284,0.5255105923870215
1285,0.5317520170086905
1286,0.4570776955964265
1287,0.3271662627425533
1288,0.4848030393753931
1289,0.596230857348613
1290,0.6262856858983811
1291,0.5275822413069258
1292,0.39542313732202605
1293,0.5828936173011784
1294,0.4397552823593003
1295,0.5889767637353307
1296,0.5481069774968135
1297,0.4845968371220968
1298,0.6649148265899532
1299,0.5105882649060127
1300,0.5373566196244033
1301,0.434591615448338
1302,0.3150461122923248
1303,0.471082969381621
1304,0.4264563376665154
1305,0.48750978188955013
1306,0.5230739041262273
1307,0.5322525562594168
1308,0.6001855778824932
1309,0.45362761249051814
1310,0.5349410157203244
1311,0.5954209190270238
1312,0.5101790986799691
1313,0.5091977758250229
1314,0.4828085474060484
1315,0.6096023158372611
1316,0.47455151983457944
1317,0.4261464125775262
1318,0.5317304670097915
1319,0.6542685603003271
1320,0.5375882577052284
1321,0.6348372578565381
1322,0.5415507835747618
1323,0.6744353776647045
1324,0.4900425522067908
1325,0.4932989429587622
1326,0.3493178482375908
1327,0.4727618018508867
1328,0.6658390063184368
1329,0.5609589502708913
1330,0.34201616042767374
1331,0.4752998410411361
1332,0.5251662479378749
1333,0.4795852116632421
1334,0.4886195291778175
1335,0.4986914724451073
1336,0.7016411727100186
1337,0.5879103420976405
1338,0.5600378372769
1339,0.5481205354988424
1340,0.6281156485783448
1341,0.4934298517183387
1342,0.4532446344458667
1343,0.5881223623657209
1344,0.3429071362475623
1345,0.4946495772860271
1346,0.604085892672068
1347,0.5214651404697248
1348,0.35397994832085417
1349,0.5435774772892585
1350,0.45399474756931807
1351,0.6792632543978862
1352,0.5944476110618507
1353,0.4906058986062219
1354,0.5826238768470494
1355,0.6323078847029322
1356,0.5615689053440902
1357,0.5511480266810418
1358,0.662688798025041
1359,0.5595685992271863
1360,0.6306548205491586
1361,0.6374494137724281
1362,0.39415414473695576
1363,0.5743797344005473
1364,0.7241529576707013
1365,0.5658625550978453
1366,0.36089867026130634
1367,0.41323623730393083
1368,0.6328613223651057
1369,0.4605637418226355
1370,0.5338645036742224
1371,0.466056877006347
1372,0.5595396661124746
1373,0.48320768224883703
1374,0.6920699036230422
1375,0.5583594812170379
1376,0.43737852607036043
1377,0.5971040700810027
1378,0.6271135058913674
1379,0.5272163681297137
1380,0.5887328420374064
1381,0.4955435451310495
1382,0.5680757576384284
1383,0.4216912555864275
1384,0.4555997244837933
1385,0.5472686023432178
1386,0.5339991300607394
1387,0.6425799645921956
1388,0.45296247346376006
1389,0.319270420449421
1390,0.4839963140508763
1391,0.6332671986605843
1392,0.5737450944671946
1393,0.510522438742504
1394,0.6156708806681602
1395,0.52800872659502
1396,0.550968147510119
1397,0.41694147754168254
1398,0.4414709193053203
1399,0.6254894339761357
1400,0.4841095685641769
1401,0.4061824502096625
1402,0.47059378702224264
1403,0.46741350682898547
1404,0.6225636247854833
1405,0.4183836568578241
1406,0.6443177481321863
1407,0.5441725521679668
1408,0.508332881863317
1409,0.5006479525682388
1410,0.5460305101786336
1411,0.5713363385989559
1412,0.5623533588634948
1413,0.5317228189716507
1414,0.5389343821786344
1415,0.5020536536747421
1416,0.5456876860781734
1417,0.4766675523769282
1418,0.6397979730889668
1419,0.5119307095034974
1420,0.5786824966503462
1421,0.43530892252619846
1422,0.4461631353451292
1423,0.5705617721261762
1424,0.5073335410877411
1425,0.6128737453463211
1426,0.6477084110594615
1427,0.5615322643293315
1428,0.36844929577293184
1429,0.4438597265337886
1430,0.415903100967913
1431,0.5161758851201065
1432,0.5206461551148807
1433,0.6126386915029245
1434,0.5463205092848479
1435,0.48985431055415896
1436,0.4539063504830941
1437,0.46503492137519853
1438,0.5593451516153638
1439,0.39575899094934164
1440,0.46032524183418233
1441,0.3244816975372894
1442,0.5201698279334795
1443,0.5233641021731334
1444,0.9125891580047782
1445,0.45252245709657374
1446,0.4543281641784195
1447,0.4904012385508903
1448,0.5772902514805537
1449,0.42094893997697647
1450,0.434446065345483
1451,0.4941234812058926
1452,0.49231803497589777
1453,0.5275943552297184
1454,0.4348363301670739
1455,0.438780949369989
1456,0.5507621339352892
1457,0.42745610382671456
1458,0.4658432283548108
1459,0.5662561252299315
1460,0.4281672857223871
1461,0.4008343046778494
1462,0.6598102451535364
1463,0.5542108156028207
1464,0.4379305861110556
1465,0.4683887407009124
1466,0.45821936038534256
1467,0.5636330773757905
1468,0.6052086074831395
1469,0.49027893204304446
1470,0.5682553244247541
1471,0.3755814617180342
1472,0.41007315104535186
1473,0.510159878110869
1474,0.4890447785045496
1475,0.4928961432325226
1476,0.6795505293377658
1477,0.5735354026529129
1478,0.6371610285663861
1479,0.6602808643082898
1480,0.5568967643441088
1481,0.4782494601211276
1482,0.3750348307499115
1483,0.3351698049551354
1484,0.6472792866655219
1485,0.4634192910837215
1486,0.6055886555828448
1487,0.6572825680823824
1488,0.4361622314076655
1489,0.41115272294187744
1490,0.7072084874482942
1491,0.4318137627382303
1492,0.5101008085093309
1493,0.5008342062236484
1494,0.5892122319659019
1495,0.7314225934864204
1496,0.5515855848016928
1497,0.4948611595027091
1498,0.7080892743629307
1499,0.48805336124014814
1500,0.5103042622690741
1501,0.7147929995953533
1502,0.450104536828253
1503,0.6345359700162329
1504,0.5770990215263859
1505,0.6416017184396354
1506,0.5440927763448995
1507,0.5610150139509478
1508,0.8600211467447412
1509,0.6868091512731556
1510,0.5663963051961539
1511,0.4984243056154533
1512,0.5917620461839073
1513,0.4055019036175967
1514,0.7063960970173782
1515,0.511698863207868
1516,0.4927704269338069
1517,0.7513887500150561
1518,0.5974328996692203
1519,0.5491815880494217
1520,0.6467267441965344
1521,0.4557422535345368
1522,0.5144619269189231
1523,0.4121468963660907
1524,0.5544418927598791
1525,0.5794909269501979
1526,0.40417842730978953
1527,0.4854116671100368
1528,0.6940889864729957
1529,0.5158691149784848
1530,0.301760642981761
1531,0.5084872465871477
1532,0.37382609876490824
1533,0.49621577567604785
1534,0.5701630694559524
1535,0.33460754657554587
1536,0.500527516177184
1537,0.6584900112581877
1538,0.5052108317124642
1539,0.4159826812005293
1540,0.7500468821932191
1541,0.6141812643451727
1542,0.7045244937660297
1543,0.6459370879550622
1544,0.6160002777830499
1545,0.5114143606827286
1546,0.6110032550662942
1547,0.4306096816703206
1548,0.4946301197034827
1549,0.558235015494235
1550,0.44683040142448915
1551,0.5593487984315452
1552,0.5426657044655758
1553,0.56505131588615
1554,0.5817909461081425
1555,0.6052918621175915
1556,0.4068016608181105
1557,0.4925550785163572
1558,0.47371909586895516
1559,0.6338353759089268
1560,0.4333714704536249
1561,0.4876683242349921
1562,0.4559960565982425
1563,0.7912798851406643
1564,0.5038211012120531
1565,0.5250004732014167
1566,0.4045816702158419
1567,0.540395678618128
1568,0.3610260308550988
1569,0.49171820581363995
1570,0.4763715597912909
1571,0.5031791758727205
1572,0.4193528981813545
1573,0.46867829461349847
1574,0.5531416739387877
1575,0.4266640800631494
1576,0.571541333878314
1577,0.49212715484500535
1578,0.5150316151117438
1579,0.5853573881071211
1580,0.2493331618914001
1581,0.5420408236395824
1582,0.514982506410033
1583,0.5002272808864311
1584,0.6715803028675531
1585,0.4651571901960393
1586,0.693759770362456
1587,0.5318535891971277
1588,0.5590479347118347
1589,0.5234514116292257
1590,0.5613247848893289
1591,0.5447078181575665
1592,0.6061923229358213
1593,0.4831614326702844
1594,0.5030265344621709
1595,0.532043087068029
1596,0.5157472156551092
1597,0.6527570017155852
1598,0.5496918011892251
1599,0.46432302987169416
1600,0.6424597297182728
1601,0.5323954822525747
1602,0.5022751424949887
1603,0.7573353413799967
1604,0.4084672079726897
1605,0.44529679623040463
1606,0.5766519237322137
1607,0.6162434099191691
1608,0.5570778367821683
1609,0.550331376809118
1610,0.5161638665889532
1611,0.5588006155263034
1612,0.4034023979197209
1613,0.458446644482553
1614,0.44623346444619294
1615,0.6989888004280946
1616,0.7627187176863347
1617,0.4011211632886399
1618,0.5142488344400284
1619,0.5893005614620483
1620,0.41744929331617137
1621,0.4986137848754324
1622,0.5570046515470147
1623,0.5326537254916346
1624,0.573130077074549
1625,0.47504615514594006
1626,0.550119394609658
1627,0.4180949524795336
1628,0.5916382663251298
1629,0.4892373149373328
1630,0.5929495075675819
1631,0.5492532078951308
1632,0.6262417592310259
1633,0.428014548452842
1634,0.38516101549368875
1635,0.6639522804932338
1636,0.6440872881958971
1637,0.4733598033800271
1638,0.36795224962172807
1639,0.546076567417505
1640,0.5528090619840225
1641,0.5726414423799864
1642,0.4086368786747063
1643,0.5646385096440814
1644,0.49579276106892894
1645,0.5943495073524757
1646,0.4015543617934113
1647,0.5325861127818328
1648,0.4605034700266264
1649,0.5809749728981959
1650,0.6339391586539855
1651,0.5314992555753597
1652,0.41963739360729047
1653,0.5955763544051528
1654,0.45916719350108504
1655,0.4660128096989881
1656,0.49774413769247366
1657,0.45276954744870246
1658,0.5464022948283472
1659,0.5283774699267662
1660,0.7418644389293823
1661,0.5750457035761747
1662,0.39432715365277726
1663,0.37526099170448424
1664,0.5615772437043589
1665,0.5150457142747841
1666,0.5216634081099145
1667,0.5662588081315734
1668,0.3099821361721575
1669,0.42672268813326286
1670,0.42297793310243414
1671,0.4971861848851988
1672,0.45404011707730185
1673,0.53228801876899
1674,0.3862054117118441
1675,0.5602573970113969
1676,0.5912341015927324
1677,0.568325103010073
1678,0.552956797784942
1679,0.43819328301242755
1680,0.599112459649702
1681,0.49428517811622136
1682,0.5807205456572774
1683,0.5123529567057737
1684,0.5851872636577947
1685,0.43000824634062906
1686,0.5623089246259961
1687,0.5482024668326292
1688,0.4757916584410293
1689,0.5407387926081124
1690,0.5223025939056108
1691,0.4242222347426102
1692,0.37908542125843214
1693,0.5872094688247508
1694,0.5028954356162174
1695,0.5471992821028275
1696,0.5401131510445065
1697,0.6081919710477864
1698,0.46275939320036624
1699,0.4519216825080882
1700,0.5430986590385639
1701,0.5235912461825059
1702,0.5001028185721668
1703,0.4597589904067766
1704,0.4977136795828117
1705,0.5271601730771797
1706,0.46919401105712233
1707,0.7006281851809403
1708,0.6035078907076606
1709,0.5620125483037436
1710,0.5774367518172622
1711,0.5337942365977774
1712,0.48052482637183763
1713,0.3629188351998587
1714,0.6031727024732481
1715,0.6053836043399183
1716,0.4964186333340908
1717,0.5766393942981072
1718,0.5423388981786794
1719,0.6052220638924759
1720,0.47808859035723694
1721,0.5734428226090666
1722,0.6789990254967343
1723,0.5053909981888226
1724,0.5177719470096435
1725,0.44875477682203047
1726,0.5515801390082585
1727,0.40876271292745303
1728,0.37191344553472067
1729,0.43894676962957585
1730,0.5946815750772853
1731,0.6024309628638067
1732,0.7245321087571679
1733,0.5395230500976842
1734,0.45358098801407765
1735,0.5363196925100584
1736,0.45131608458736405
1737,0.3530817125451332
1738,0.4806862042030546
1739,0.5257707815233943
1740,0.8447877175690405
1741,0.4683302296877322
1742,0.37806051589683887
1743,0.4971593772294689
1744,0.5241994565295001
1745,0.49341283080920323
1746,0.5803986409265003
1747,0.40491827972337274
1748,0.522812317745654
1749,0.6451573616916929
1750,0.5897700849989714
1751,0.523124827416171
1752,0.6807353244879943
1753,0.5248862528052176
1754,0.519607765670166
1755,0.5405984692260487
1756,0.37053877345182895
1757,0.4826697333144147
1758,0.6877188224912795
1759,0.5664756526924437
1760,0.5551611604204189
1761,0.5557004255983649
1762,0.4985014487100052
1763,0.6762748464011921
1764,0.6030319453993959
1765,0.47670149704398823
1766,0.4761033772454762
1767,0.6305470300962104
1768,0.6478091056964579
1769,0.43319952067986106
1770,0.6126495423620284
1771,0.5933926172332681
1772,0.3077395666417835
1773,0.5209084366455694
1774,0.5201210487825151
1775,0.5435089129910756
1776,0.5500327166896793
1777,0.5431426121643526
1778,0.40197064530128324
1779,0.4526652893346748
1780,0.578978538243291
1781,0.49764089000197026
1782,0.4761731579262918
1783,0.5874060922029414
1784,0.421094186668732
1785,0.6416852108371951
1786,0.5738201363464551
1787,0.52929130016289
1788,0.4078098649714884
1789,0.45456020967436883
1790,0.6439239239768403
1791,0.6651315319254198
1792,0.6759789150755668
1793,0.5171811337447022
1794,0.34115341378977143
1795,0.4018711593347473
1796,0.6566967948435917
1797,0.530693213870517
1798,0.4907339504177938
1799,0.2736240727705214
1800,0.5656896090265764
1801,0.3861404388203495
1802,0.4919216207822639
1803,0.6795859484314429
1804,0.480063231694938
1805,0.45805379050473
1806,0.5074915387860387
1807,0.4679498104081272
1808,0.48197653280511416
1809,0.7241356181785181
1810,0.46417788181127434
1811,0.3872801100064662
1812,0.348271806226378
1813,0.41134207789189403
1814,0.5929777171810112
1815,0.42462875020313096
1816,0.4002554565313722
1817,0.6297350928209727
1818,0.47866692406155265
1819,0.6678792988395268
1820,0.6242598849872384
1821,0.40772482161142987
1822,0.5694621203278256
1823,0.5217190037508876
1824,0.4992484804115028
1825,0.5074278472049867
1826,0.37727763510818674
1827,0.5046335652802847
1828,0.5272555751625445
1829,0.7145538390027337
1830,0.7332698236261668
1831,0.543233103301384
1832,0.5348978611284391
1833,0.5664797910011099
1834,0.36905739769266865
1835,0.4530034683367956
1836,0.55234699287453
1837,0.6210363522582003
1838,0.6385608834147541
1839,0.6275126247355067
1840,0.6216621895387884
1841,0.5887009527550032
1842,0.36918931516683934
1843,0.49295825739132065
1844,0.44096329921574035
1845,0.6851063045924629
1846,0.5848916098352593
1847,0.43108587222310796
1848,0.5799449405821478
1849,0.4557459537547612
1850,0.5705463050058431
1851,0.41240692858863665
1852,0.5212159669218657
1853,0.5521634116671378
1854,0.6279292775995938
1855,0.4362038723810312
1856,0.38192130722477036
1857,0.6326316454059342
1858,0.4260980691832731
1859,0.4516007620328877
1860,0.5168039704583242
1861,0.5872699685211793
1862,0.5674485738575404
1863,0.5936162132005159
1864,0.4116541618411929
1865,0.565458800260986
1866,0.39206733547405936
1867,0.4318112638266778
1868,0.38926371643271335
1869,0.5326775337959866
1870,0.5467626501972265
1871,0.5008405924630677
1872,0.4925520419542039
1873,0.5468356617711911
1874,0.4690625890184857
1875,0.5435236291557529
1876,0.5132853118551043
1877,0.44320820582469256
1878,0.4953987290619819
1879,0.396715283121178
1880,0.5112905856040999
1881,0.44937422481945605
1882,0.692547401912047
1883,0.2908208795354855
1884,0.6663673707764664
1885,0.4041038013507991
1886,0.44978963071102046
1887,0.5386642116668675
1888,0.5730234556098648
1889,0.5806970557119595
1890,0.500135244754775
1891,0.44570854961185064
1892,0.4498804290875158
1893,0.48916555191359284
1894,0.46907217885529284
1895,0.41168169494955753
1896,0.5385539333170328
1897,0.592457747102596
1898,0.5625541155793167
1899,0.42175114842193107
1900,0.42650485362660673
1901,0.5415789632146482
1902,0.5872447064180499
1903,0.5420240522563425
1904,0.6180581688222737
1905,0.58014404927767
1906,0.8398564771374915
1907,0.6384362641770109
1908,0.4004119663283004
1909,0.49747725706793766
1910,0.4940635458166577
1911,0.48992098973762144
1912,0.5586009756426409
1913,0.5201296440004047
1914,0.507563909107484
1915,0.6030903674531627
1916,0.49167089078408777
1917,0.5321320352480838
1918,0.3667278214083267
1919,0.4833463582063882
1920,0.7921788906555419
1921,0.41461232678534365
1922,0.5713070068639393
1923,0.7047306805716977
1924,0.4737061245024568
1925,0.7152888266810564
1926,0.6167735113509909
1927,0.5298768260519503
1928,0.48707155068594077
1929,0.3993991541036742
1930,0.5059902218498489
1931,0.5475694680009606
1932,0.5813475510192969
1933,0.6941003370646003
1934,0.5626112607161481
1935,0.7006016109887431
1936,0.5696542350387132
1937,0.4785380455717646
1938,0.5031227029591191
1939,0.5590584888107338
1940,0.4574702345927178
1941,0.6598791527318527
1942,0.4797866675416007
1943,0.6098435461342114
1944,0.4757474490240075
1945,0.5514237814600604
1946,0.5626055710951656
1947,0.49961033690420203
1948,0.689761382707242
1949,0.5691900646765569
1950,0.5105288629888967
1951,0.6492685176497974
1952,0.4699758539665589
1953,0.33114316673590305
1954,0.5474356608584028
1955,0.6100909679550249
1956,0.574129674564783
1957,0.5697393356898096
1958,0.535735029397997
1959,0.6524029067982928
1960,0.5032179884016591
1961,0.5309418514250482
1962,0.41347718523683824
1963,0.5649866987543584
1964,0.5293811849663967
1965,0.6155197224261315
1966,0.567758066201491
1967,0.4049387613487381
1968,0.4226455102531319
1969,0.6522121413993832
1970,0.48799476033003913
1971,0.671453713215117
1972,0.404526747788229
1973,0.542633776858894
1974,0.5868896823539128
1975,0.5931637460524789
1976,0.36396902212127535
1977,0.3116190913266181
1978,0.5431278132962526
1979,0.6799707116059892
1980,0.5340119272051627
1981,0.5589739156686585
1982,0.6766478518994443
1983,0.5873268837647342
1984,0.5792310453989029
1985,0.5477884283592092
1986,0.3614924251054622
1987,0.63005393945162
1988,0.5645854413915807
1989,0.6068395560250553
1990,0.37498806943190965
1991,0.5161191123508487
1992,0.6326625841934219
1993,0.5779316288235959
1994,0.5004013844243855
1995,0.7134622519453766
1996,0.45490816527546696
1997,0.5571520957210635
1998,0.5323678367775762
1999,0.43412591716654314
2000,0.5342270811313483
2001,0.5893071039503206
2002,0.6020381565506572
2003,0.45306483299329803
2004,0.4451904069673842
2005,0.44055047740211256
2006,0.49446876606128515
2007,0.5553960499945302
2008,0.3942881607334693
2009,0.5048930515518788
2010,0.492173808910244
2011,0.3769030948738664
2012,0.5054352955917056
2013,0.48176553558917046
2014,0.6615145657539737
2015,0.48353648980991387
2016,0.6037154722285947
2017,0.6709660239961857
2018,0.42585551568776214
2019,0.4651892172367763
2020,0.671728959286213
2021,0.6233285130181481
2022,0.47738007775305785
2023,0.4157310181993399
2024,0.6226118204052792
2025,0.5718472497561902
2026,0.3925107120370669
2027,0.4485819533082227
2028,0.43469279740819783
2029,0.48783384666459995
2030,0.5543097057056955
2031,0.6869394906370341
2032,0.5397663289026733
2033,0.4027852730838566
2034,0.5475149305876145
2035,0.5591859133842585
2036,0.7106348532475109
2037,0.40625814638111013
2038,0.42648025096195596
2039,0.7119832075024397
2040,0.45078645261692896
2041,0.5709633288847829
2042,0.47794497465011937
2043,0.616622838218196
2044,0.5306640722841869
2045,0.5726505296497715
2046,0.694813847805583
2047,0.5145131236305724
2048,0.5145937813781039
2049,0.44907269293990104
2050,0.44677469788254176
2051,0.5092352612115103
2052,0.5699348926508823
2053,0.4848575398630125
2054,0.4326355562844296
2055,0.37377541300446493
2056,0.5322224857484393
2057,0.45437486857925974
2058,0.43240898073466943
2059,0.5428900230382867
2060,0.5361061364941507
2061,0.4861817352129512
2062,0.49239727156134905
2063,0.5533140408662502
2064,0.5332913286640047
2065,0.5314869844544583
2066,0.4238620217316676
2067,0.4407369900180072
2068,0.5804030134058642
2069,0.47419806506981066
2070,0.5551616631850831
2071,0.5275276602521259
2072,0.5355114757742251
2073,0.4500325301589782
2074,0.650461848144205
2075,0.43839801921316457
2076,0.5647538792067996
2077,0.38269216747733853
2078,0.4785193766355505
2079,0.469889600724009
2080,0.48537432882155856
2081,0.619209071444327
2082,0.5993268404512238
2083,0.5586175799664291
2084,0.5791973056936606
2085,0.651031813115201
2086,0.43687765868069406
2087,0.6653123814720059
2088,0.5037965188549579
2089,0.5453253972933865
2090,0.5058751762425775
2091,0.5521218071827287
2092,0.6060257847018327
2093,0.6051084932193133
2094,0.5069422599870816
2095,0.5382340077594221
2096,0.48404641839686113
2097,0.6707725816884813
2098,0.582369500625626
2099,0.6198086159179379
2100,0.5197937763232761
2101,0.5039636564339343
2102,0.4846877813757788
2103,0.35052385991784973
2104,0.6921751319076997
2105,0.4097964268866437
2106,0.53708746088667
2107,0.4359105891315906
2108,0.4652544942446591
2109,0.5523157216731515
2110,0.45809437855945034
2111,0.38521224483025135
2112,0.49287957863878923
2113,0.39236346236737396
2114,0.5981004459823552
2115,0.5990935665579024
2116,0.31012871128382336
2117,0.49629034748680495
2118,0.5986565608084771
2119,0.40709097006437894
2120,0.5884551344560547
2121,0.6094800435838434
2122,0.4588585312310711
2123,0.5514552290100677
2124,0.617277318494631
2125,0.46697759416401813
2126,0.42259110816182627
2127,0.6636633617232167
2128,0.46428169545905335
2129,0.5413322184255956
2130,0.43108947471561576
2131,0.44174940207817204
2132,0.6272186246726574
2133,0.33236841687168545
2134,0.45328560757652503
2135,0.6044560348656834
2136,0.6502840427928663
2137,0.5014926197349202
2138,0.4311394892057263
2139,0.666505624486257
2140,0.472277886768896
2141,0.5878772860179906
2142,0.48691424538773037
2143,0.5791719574537946
2144,0.5672407656261219
2145,0.5550128811544078
2146,0.6556460116715326
2147,0.6149079531485808
2148,0.5844799940094276
2149,0.51830745938854
2150,0.6389875166216549
2151,0.5426839204690742
2152,0.49475635513452954
2153,0.4702733964181293
2154,0.4366210116989048
2155,0.6317174359362571
2156,0.4705296809963346
2157,0.5619544304130126
2158,0.5539921900121121
2159,0.5054032815186096
2160,0.41978053352814176
2161,0.4805727619501376
2162,0.26903975835228955
2163,0.5891019061224958
2164,0.5920451803704507
2165,0.5423115711234904
2166,0.5100125642824088
2167,0.43949960882421213
2168,0.6444178774027032
2169,0.5636602290241732
2170,0.5902441766637043
2171,0.522646700268135
2172,0.5312852010770872
2173,0.469049232794257
2174,0.7943611842959956
2175,0.5647264332110636
2176,0.8235921232241965
2177,0.4580027062423989
2178,0.6650323496570674
2179,0.5245742735490047
2180,0.6173045759668485
2181,0.35286811981835553
2182,0.6017104310320198
2183,0.40017390225516436
2184,0.6129548324116426
2185,0.4174362519538027
2186,0.5161754036672249
2187,0.694480107723382
2188,0.574064276204656
2189,0.42713554327745906
2190,0.43605096782940733
2191,0.6251435334371914
2192,0.6645622780779532
2193,0.41977000610740717
2194,0.435826210123159
2195,0.5215117479702789
2196,0.35501154414444636
2197,0.3478593037690537
2198,0.535437623826774
2199,0.49419292479522375
2200,0.6837997275736345
2201,0.35684736555283336
2202,0.5994739919455987
2203,0.5236770002824451
2204,0.5594936889440679
2205,0.5839229464072286
2206,0.5473496164130018
2207,0.5273558495396758
2208,0.4718911370771385
2209,0.5617900641919489
2210,0.5540295745793162
2211,0.41893642041311296
2212,0.4109171692825289
2213,0.7215173826912918
2214,0.47327417826291274
2215,0.536552051359273
2216,0.5372355573210518
2217,0.45072849563590806
2218,0.3897051000459468
2219,0.4696572244448805
2220,0.48063491516581835
2221,0.5225585224677654
2222,0.5302674747834052
2223,0.5170846913821268
2224,0.6460475585363994
2225,0.5529660851907117
2226,0.3461139523313709
2227,0.48431349273073404
2228,0.6662869222477513
2229,0.5229568554771725
2230,0.6796073345077758
2231,0.4035019573124674
2232,0.5365999810114099
2233,0.5685291922068398
2234,0.480367897422852
2235,0.47827210569209083
2236,0.5027605355067443
2237,0.6262943089396092
2238,0.4783250602040529
2239,0.7356591773822776
2240,0.6463432909922884
2241,0.472344704925334
2242,0.5417540176514549
2243,0.5742917205165882
2244,0.32812335616933125
2245,0.4665085542391736
2246,0.48504654568924066
2247,0.5733241084408153
2248,0.5673059044200252
2249,0.6016762895417019
2250,0.36537339708114097
2251,0.45001220267490005
2252,0.523737079558936
2253,0.5466278309009726
2254,0.5274861521876829
2255,0.5681179014352122
2256,0.6177705136649305
2257,0.48779807968550437
2258,0.5084091281311361
2259,0.44084725785926016
2260,0.5059746758394458
2261,0.48166608610673933
2262,0.3713777714302938
2263,0.48121284941461023
2264,0.6904362793729082
2265,0.4859224887368059
2266,0.6447715998362983
2267,0.3937734548065257
2268,0.45654170981998354
2269,0.5193528083876319
2270,0.4860544612506582
2271,0.5465871885937634
2272,0.4615384589357266
2273,0.5066332861639565
2274,0.4995838416818437
2275,0.6007585081477291
2276,0.4568512830275502
2277,0.5273998143913116
2278,0.4891658382662297
2279,0.44022255266963334
2280,0.5976879293015148
2281,0.6983450090143493
2282,0.5785438980272731
2283,0.5195888329226184
2284,0.4112831669589252
2285,0.49197793812524204
2286,0.6591476684550842
2287,0.35274200621181345
2288,0.4603590773167981
2289,0.6439152746255979
2290,0.4289394254199731
2291,0.48332840851835257
2292,0.5115583319438025
2293,0.36855167313875903
2294,0.5954071477387584
2295,0.40070393347953426
2296,0.5600234896161028
2297,0.6858929871004282
2298,0.4884084536308623
2299,0.6472797344737389
2300,0.5957381169331176
2301,0.3776291952819166
2302,0.4987622443641023
2303,0.5148856125759438
2304,0.5470941381096692
2305,0.456838943849468
2306,0.6439531847132504
2307,0.6947517696077418
2308,0.4960592474757041
2309,0.5009377111210859
2310,0.48071380246543793
2311,0.47705174312151266
2312,0.4289663486335379
2313,0.6098299949100611
2314,0.412061558150005
2315,0.4253429577192185
2316,0.5002920548229133
2317,0.533191871593656
2318,0.49599043689713745
2319,0.6455718603663326
2320,0.47441569282377694
2321,0.4917580511043104
2322,0.4869716183867465
2323,0.4649794687480545
2324,0.639684272011413
2325,0.4586261331544018
2326,0.4784088666595617
2327,0.6371311186057455
2328,0.4282866792072455
2329,0.46036498859974434
2330,0.5466042645284371
2331,0.521992007160336
2332,0.5484772385707026
2333,0.4909108855669911
2334,0.6520890159502603
2335,0.4161925855341387
2336,0.6491065644410333
2337,0.43648933382252625
2338,0.4624051236718945
2339,0.45578875038830086
2340,0.6024652529220876
2341,0.7071626127799069
2342,0.5989832201299464
2343,0.6883696475819123
2344,0.34498656073920775
2345,0.4433947333543123
2346,0.569926151234421
2347,0.49291682922510177
2348,0.4436277498209485
2349,0.4910436761206215
2350,0.45305298146358175
2351,0.8330055786696902
2352,0.4302368569507647
2353,0.46335877241701806
2354,0.5110843703189121
2355,0.5104026788615117
2356,0.5519950426417262
2357,0.5920936001429322
2358,0.4084715977950709
2359,0.6947707706976577
2360,0.34513260524932965
2361,0.6110633634124272
2362,0.5556839779042
2363,0.6223333243466245
2364,0.6400341384706637
2365,0.4212164726175305
2366,0.5015128395005295
2367,0.7498522827241795
2368,0.5803751385099004
2369,0.5283212475922938
2370,0.5506357185390568
2371,0.5154380072807189
2372,0.5987408797897207
2373,0.5441201918175982
2374,0.4905362656337282
2375,0.3795169017959643
2376,0.6429285379403569
2377,0.6081313693008299
2378,0.4166205863565919
2379,0.6398714801577603
2380,0.4956514617991586
2381,0.5554200693109955
2382,0.5284427403214639
2383,0.6720086493066888
2384,0.4603611041144113
2385,0.5558578400948967
2386,0.64104336107193
2387,0.4530596922710693
2388,0.617459869452999
2389,0.5165210969385633
2390,0.5928986055634727
2391,0.6826135897059419
2392,0.5908620303067282
2393,0.5840243687996891
2394,0.492321112546871
2395,0.5254159262059717
2396,0.5720966855876989
2397,0.5651203182948349
2398,0.42883611617554773
2399,0.5863464018538482
2400,0.3620465799556599
2401,0.5883970160855259
2402,0.4318287696711186
2403,0.4916788941989282
2404,0.5583761810074898
2405,0.5554509591760536
2406,0.5125322957743615
2407,0.4580281144806036
2408,0.7333743897591483
2409,0.4327717851491001
2410,0.45100021349096514
2411,0.5421334932829514
2412,0.30560894677672545
2413,0.5697803307365562
2414,0.5850306403818005
2415,0.3992914853773004
2416,0.4347321562689488
2417,0.37825006248385784
2418,0.583303903196506
2419,0.40538397792738157
2420,0.6320112041618787
2421,0.49027789885581824
2422,0.5506056414499936
2423,0.6126592560765062
2424,0.5256481739135968
2425,0.5481715292690937
2426,0.4895194771550931
2427,0.48452138998310335
2428,0.4825138678216918
2429,0.5519445302630615
2430,0.47779556552238667
2431,0.4636534109325533
2432,0.5053524620045208
2433,0.6543746152826653
2434,0.48390273572418147
2435,0.490965453089743
2436,0.5722234995941875
2437,0.4636516730090615
2438,0.4489614036734977
2439,0.38659144874424356
2440,0.6218661190461585
2441,0.48288892394426236
2442,0.5538148943465355
2443,0.5438858778111043
2444,0.6388964548779568
2445,0.5316666899579804
2446,0.5344727377028405
2447,0.4413388509388651
2448,0.5704614704114634
2449,0.4988310292332119
2450,0.4456998011478954
2451,0.5081932473527945
2452,0.4535973775420435
2453,0.48295668532717106
2454,0.581617130692859
2455,0.5420325931276566
2456,0.505904840608771
2457,0.5713494477996912
2458,0.3905781440943332
2459,0.5932363042684814
2460,0.5150148900443439
2461,0.6018650785394876
2462,0.5500796769108457
2463,0.3941294286907491
2464,0.44805638201649867
2465,0.47644076155749865
2466,0.7355044137788914
2467,0.35512498081567473
2468,0.5188633163998722
2469,0.5780907414640069
2470,0.46463622630170376
2471,0.5711328382037707
2472,0.42549445681267006
2473,0.43733883009009267
2474,0.6657957769413729
2475,0.5723894283022222
2476,0.5323836064389118
2477,0.47136592681834466
2478,0.5248534370227139
2479,0.522531192000246
2480,0.4517835506064299
2481,0.54468726267876
2482,0.6485229492483997
2483,0.5012613277129011
2484,0.3579529377561639
2485,0.45919111284711456
2486,0.5632326237583006
2487,0.3786100676029318
2488,0.49420410990366687
2489,0.5722333566710066
2490,0.3677298991686021
2491,0.5161366078908539
2492,0.5161485802405821
2493,0.6403549268095192
2494,0.5628776062144345
2495,0.474311825978436
2496,0.5695752867627984
2497,0.5082397603094985
2498,0.5900057109799213
2499,0.4614473877511031
2500,0.6699532042036336
2501,0.4452745158934097
2502,0.8529055505359564
2503,0.5030142410893915
2504,0.7206010036825841
2505,0.5294637067131405
2506,0.6370954972007374
2507,0.5880762116069134
2508,0.4750171832509594
2509,0.3437864596021235
2510,0.6673997406807296
2511,0.5975028545649169
2512,0.2853633352871211
2513,0.5688382155140661
2514,0.7171237580112411
2515,0.43816580322654897
2516,0.4819013376091005
2517,0.5860409018733856
2518,0.6243711964092578
2519,0.6213168881042493
2520,0.6777262587183045
2521,0.7039130182880101
2522,0.5611239049812146
2523,0.38794704017485754
2524,0.4199709619498597
2525,0.5951273346450819
2526,0.5073361334653607
2527,0.5079022923669338
2528,0.5834247749666038
2529,0.6196121089942733
2530,0.4700433087093524
2531,0.4555585584571496
2532,0.67851452797441
2533,0.3719695551988277
2534,0.6248000213130251
2535,0.6533857016919346
2536,0.4792724441389599
2537,0.6041013488220721
2538,0.6462437750428631
2539,0.3419341541614147
2540,0.6311948311997196
2541,0.5423427295766243
2542,0.492778710645452
2543,0.5110835795676076
2544,0.5713717340967623
2545,0.4474918571779053
2546,0.5395007102373898
2547,0.48945490972666067
2548,0.5704093371567336
2549,0.48784450800979423
2550,0.5518333849317615
2551,0.4731780091211708
2552,0.6174660036790215
2553,0.6094231728370809
2554,0.5893995715427296
2555,0.4716077037999332
2556,0.4334577405941609
2557,0.5740602873033536
2558,0.4922131429944604
2559,0.6202319071521016
2560,0.5952407516216284
2561,0.6239722311850469
2562,0.5791043341287827
2563,0.4985647254389639
2564,0.4825501834836875
2565,0.4460228718571869
2566,0.541020130168196
2567,0.5143098855434057
2568,0.4030784379117164
2569,0.573142294884059
2570,0.4848598855762901
2571,0.5473356100972279
2572,0.49483960388565323
2573,0.622676796895855
2574,0.3044780317751297
2575,0.5669151263696537
2576,0.5787268322308529
2577,0.7227167325273145
2578,0.5274472158269357
2579,0.6258052614552893
2580,0.422913769581145
2581,0.44747755917581766
2582,0.6032112452798095
2583,0.4420348252575967
2584,0.5049304609717968
2585,0.4611602290169472
2586,0.5885632788520742
2587,0.4907553164644003
2588,0.38894527888929836
2589,0.6611391989587693
2590,0.511525324122407
2591,0.5452490948377147
2592,0.5322448829894532
2593,0.772960996684262
2594,0.4655470980446957
2595,0.4895164828851428
2596,0.5609536122676072
2597,0.5353573190896886
2598,0.6520967502286116
2599,0.27577321322985715
2600,0.5691771462448255
2601,0.5042489781093523
2602,0.5130695088042181
2603,0.4353795869489541
2604,0.5416896892667585
2605,0.49535178388343615
2606,0.5903065007266124
2607,0.4736077652246893
2608,0.5756137135653849
2609,0.6641521104644132
2610,0.5649159176345936
2611,0.6790333897632996
2612,0.5942309214469694
2613,0.5359284975222278
2614,0.5729671094231401
2615,0.5254780765107974
2616,0.6345621718050976
2617,0.5650099058237434
2618,0.4196731335938936
2619,0.4747371283817664
2620,0.40215908549246426
2621,0.5367344047274365
2622,0.5236912351236749
2623,0.8153149143205541
2624,0.5865985874263396
2625,0.4353754626922339
2626,0.5697772582336481
2627,0.5556392053567649
2628,0.4963351509685512
2629,0.4394384540918706
2630,0.5150931003264299
2631,0.7241750182826169
2632,0.4750243458189938
2633,0.6188200935322747
2634,0.2651978997730519
2635,0.7150345939010831
2636,0.5024897210234329
2637,0.43673256676133115
2638,0.519378812225015
2639,0.4395200417518975
2640,0.4284152506086275
2641,0.6785823764601788
2642,0.5173499407157821
2643,0.6500673854529101
2644,0.4972912184299727
2645,0.6796812027283217
2646,0.5817823694406087
2647,0.6866145064255988
2648,0.4417541232486989
2649,0.5641106502318702
2650,0.4948963992817886
2651,0.30817657086137307
2652,0.383753326217863
2653,0.5528623813642046
2654,0.512774600419204
2655,0.5039625128688063
2656,0.5423491734022555
2657,0.42636025237275527
2658,0.596510790360465
2659,0.478924254578059
2660,0.5468455644348243
2661,0.34544468089398767
2662,0.4622106766756878
2663,0.33266217243184437
2664,0.5134118460028153
2665,0.6248137992144117
2666,0.6166610166213349
2667,0.4908911508446995
2668,0.5320988057129488
2669,0.4841895173521469
2670,0.6280644699084879
2671,0.5677378420242924
2672,0.5017788622458037
2673,0.5704658532454115
2674,0.4220651010341526
2675,0.4506826910201602
2676,0.485482830219994
2677,0.4561802033981789
2678,0.5286101496260868
2679,0.5299635501359434
2680,0.45224123053278087
2681,0.42695851717674277
2682,0.5244999587885695
2683,0.37223697178202486
2684,0.541763304485985
2685,0.54375733464976
2686,0.5500640426872496
2687,0.5896415210304208
2688,0.6522059774834155
2689,0.6194976960244459
2690,0.617497535428571
2691,0.5622846835305666
2692,0.613805350109315
2693,0.5727475052169237
2694,0.33975259564354643
2695,0.6740438770339566
2696,0.4546560104113345
2697,0.6187624757770649
2698,0.4489284962018173
2699,0.4144301452892256
2700,0.40597987363301047
2701,0.4246454156248004
2702,0.6281829882308444
2703,0.6619770738733352
2704,0.5215158817258106
2705,0.4291730513950563
2706,0.48699646722692685
2707,0.7229638262911889
2708,0.4497176587276927
2709,0.6492028056154157
2710,0.8201814449477541
2711,0.7327467126064493
2712,0.5083576851640887
2713,0.4148784962429425
2714,0.5000555973910307
2715,0.6165882857087382
2716,0.4920615234929529
2717,0.4527544069083004
2718,0.43853821631568657
2719,0.4600054005488347
2720,0.7163041219183917
2721,0.5321352632642385
2722,0.4728732898889597
2723,0.6474417848217224
2724,0.5924592763455098
2725,0.48060112676366046
2726,0.5866841048154203
2727,0.4594917824680624
2728,0.524463157946122
2729,0.7329354184524293
2730,0.4240191182757021
2731,0.691287982485413
2732,0.494857064260122
2733,0.5577787762138083
2734,0.5355458695386066
2735,0.524886723079661
2736,0.4754726450656023
2737,0.4787150328932158
2738,0.4963483175648336
2739,0.5220271589790613
2740,0.43452256045936166
2741,0.43037250461602033
2742,0.43475891439747333
2743,0.40819263265644545
2744,0.5695089612621161
2745,0.4883605869423847
2746,0.6846368891099986
2747,0.5702526579025631
2748,0.5193699200114374
2749,0.48625587474106874
2750,0.494183151796615
2751,0.4166986337235383
2752,0.6523632168927909
2753,0.7120639243848539
2754,0.5718851478675606
2755,0.546596903299818
2756,0.5724063618411384
2757,0.6574645120256457
2758,0.5144457877766301
2759,0.4637668992186818
2760,0.4916962912921375
2761,0.46862270941959533
2762,0.5371037313740594
2763,0.6950362518129647
2764,0.5041010044645522
2765,0.5571669754585646
2766,0.5129427603854426
2767,0.3883399081736726
2768,0.4877849187660734
2769,0.48879785040069773
2770,0.45476822870135775
2771,0.5017071152211178
2772,0.5514669052467074
2773,0.5691185994640172
2774,0.49377675389339704
2775,0.37784879852266207
2776,0.493571640360813
2777,0.5240764365069589
2778,0.4602556893673001
2779,0.4815217089867252
2780,0.5057097226649209
2781,0.5572262099724721
2782,0.5696625557522009
2783,0.5296912709449186
2784,0.44275492310180287
2785,0.44302414971225323
2786,0.6051140138773178
2787,0.5890495577445216
2788,0.29251088699989614
2789,0.5589004055868435
2790,0.49879952967261454
2791,0.5058679336634856
2792,0.5400890976675801
2793,0.43674300070224065
2794,0.7063348276776134
2795,0.4828331253752612
2796,0.5223584243246181
2797,0.42876828464110817
2798,0.594143158145334
2799,0.43098537402756765
2800,0.48164023651133625
2801,0.727900177385561
2802,0.40792147731423034
2803,0.6171883991370779
2804,0.5331496559835772
2805,0.46757477170645617
2806,0.6760189415296052
2807,0.4780658193610007
2808,0.5967128309295665
2809,0.45797003860819024
2810,0.47358772600170485
2811,0.5615544177114354
2812,0.5639094390726309
2813,0.5693933239635789
2814,0.46571916921856304
2815,0.4874151137350954
2816,0.7746730202120207
2817,0.6660072517119454
2818,0.6597496526306652
2819,0.6331655340658844
2820,0.5577278019496598
2821,0.476019536076007
2822,0.6731478899857206
2823,0.5555273244777759
2824,0.41032632180274964
2825,0.6135435516206916
2826,0.4872680241117159
2827,0.5134859940268266
2828,0.37147252233172157
2829,0.43327935941893064
2830,0.5524164435240775
2831,0.43965950649389207
2832,0.4192271513248634
2833,0.5534645007506142
2834,0.4670259179647486
2835,0.5642433879708293
2836,0.5029049324559959
2837,0.5444223011604593
2838,0.47739326398953047
2839,0.3631570291234557
2840,0.4583715456428604
2841,0.41500917695625433
2842,0.5545866254795149
2843,0.4793877340503489
2844,0.47909835755349783
2845,0.4685494481446732
2846,0.5241672032540953
2847,0.5441130495031391
2848,0.5336493893658213
2849,0.49424418867012027
2850,0.5398073317830816
2851,0.5304326747258649
2852,0.8303126724461122
2853,0.46908021539855566
2854,0.591128985969483
2855,0.5691152337944515
2856,0.6972749336254798
2857,0.47150326662326253
2858,0.7090210751729698
2859,0.5138734873907875
2860,0.7849537927770386
2861,0.6097403791559469
2862,0.4141995001237587
2863,0.49063342759510997
2864,0.6521828554946856
2865,0.4770357945724055
2866,0.471129118101743
2867,0.5447128612360006
2868,0.5500397182715153
2869,0.45198776010357233
2870,0.4945023772101524
2871,0.7234901168177312
2872,0.47539820161485824
2873,0.5142056500642223
2874,0.448655345160753
2875,0.5433471603563259
2876,0.5351020500759213
2877,0.5312769432465296
2878,0.560838543167443
2879,0.4828727147045415
2880,0.42670208411693994
2881,0.449064268317149
2882,0.48041484445678445
2883,0.668000105041031
2884,0.4550947450686085
2885,0.47445141799015744
2886,0.5895956056455386
2887,0.44507096866116713
2888,0.4803664893559799
2889,0.44061441527834116
2890,0.3841823840086362
2891,0.5124119936157926
2892,0.4897904562025125
2893,0.40420126596642747
2894,0.5001510461016535
2895,0.5100602436741035
2896,0.49380978055158214
2897,0.5685652004426505
2898,0.5026421289614137
2899,0.671606874719885
2900,0.5388548980140486
2901,0.3988876676366131
2902,0.45979657925797024
2903,0.5127960029198908
2904,0.5452986147407101
2905,0.43225679156665753
2906,0.49052410329775903
2907,0.44972126919420713
2908,0.44407152841681746
2909,0.4565473739682999
2910,0.49563663714725814
2911,0.44140723011930233
2912,0.7219188661166789
2913,0.6074248140166277
2914,0.36470528077751774
2915,0.5170479372813818
2916,0.39682821085211245
2917,0.6753948554495531
2918,0.7533006390873648
2919,0.4664515954054155
2920,0.4484289219942236
2921,0.5257512908156362
2922,0.5395196349367382
2923,0.46110921646115194
2924,0.7620439700588213
2925,0.47694031700455025
2926,0.6626872964282566
2927,0.4410606801978183
2928,0.44031439435321856
2929,0.45238200676098145
2930,0.5722710865909139
2931,0.37865410590004367
2932,0.6840902576004546
2933,0.5672868835694348
2934,0.6815246417882265
2935,0.49804451405981615
2936,0.3984261118167334
2937,0.6795852966973045
2938,0.40473299440084476
2939,0.4341972669458425
2940,0.6440376598253452
2941,0.6574791385435212
2942,0.5582464151279012
2943,0.4201014950855342
2944,0.48910007544423084
2945,0.626331047361916
2946,0.4581721724181179
2947,0.5568062232797738
2948,0.4131104085720672
2949,0.47733569779147456
2950,0.45458912391053125
2951,0.4199901841162479
2952,0.4585932096206319
2953,0.6073093003589795
2954,0.5450995240969919
2955,0.4586068263939152
2956,0.4584409324028314
2957,0.6274336189748179
2958,0.6595658028781634
2959,0.41449341978544185
2960,0.44285575325149285
2961,0.48801617105383105
2962,0.5138794659956445
2963,0.4752547748478625
2964,0.42827695698823615
2965,0.6740312523162802
2966,0.5606777934747086
2967,0.44353787884566764
2968,0.7774826785532989
2969,0.7530820458427165
2970,0.5788486040923276
2971,0.5697745974780103
2972,0.4038164448969602
2973,0.6324377657136424
2974,0.5500607865871037
2975,0.4166400286568502
2976,0.6769238554823392
2977,0.4318298112952738
2978,0.6790060489150898
2979,0.48796703237621747
2980,0.5372572794386213
2981,0.5289715537825324
2982,0.5370120133981198
2983,0.4614672255235024
2984,0.4686692367308536
2985,0.4478369206844926
2986,0.5967871690136077
2987,0.41232079674365185
2988,0.8131822537052781
2989,0.4845706234600233
2990,0.4916593987109735
2991,0.5140001253590281
2992,0.49421413022852273
2993,0.5356589143196508
2994,0.5708589034988037
2995,0.48423378756836394
2996,0.4728967228030806
2997,0.5535643472918502
2998,0.5762011693489383
2999,0.4492997007412765
3000,0.6165370830517845
3001,0.6214456483666031
3002,0.44431956764411046
3003,0.5985852471124733
3004,0.575572833207766
3005,0.4124564716173985
3006,0.49009881888414275
3007,0.5745668179232486
3008,0.48561596716223016
3009,0.579219983098077
3010,0.506665232097311
3011,0.4309877571408361
3012,0.6088799111603924
3013,0.4980951574164047
3014,0.5867106331243747
3015,0.7729622070895519
3016,0.5948509115220909
3017,0.5363421283281493
3018,0.5735027760365237
3019,0.5150973314560708
3020,0.4621641020745166
3021,0.5237992662964749
3022,0.5484953949942463
3023,0.32959720081318705
3024,0.5848205202013091
3025,0.4566754731726541
3026,0.6317859957254687
3027,0.5709815551522298
3028,0.5419638375550206
3029,0.5333810511971145
3030,0.5257165523591404
3031,0.6769508261062385
3032,0.43931849362194364
3033,0.484087892415825
3034,0.7063434745274191
3035,0.4521086139935203
3036,0.3873014864214771
3037,0.5191137436920601
3038,0.6410435068361522
3039,0.45703785647196415
3040,0.6193743089031384
3041,0.4741827668451123
3042,0.5657004495007554
3043,0.6104738385578571
3044,0.5243306965532779
3045,0.5019847500819851
3046,0.43310273209133504
3047,0.5817730538696319
3048,0.45353917504805813
3049,0.6303423536643759
3050,0.5838522745012074
3051,0.4578545571794439
3052,0.4797961116101729
3053,0.5323394443803084
3054,0.4263685348921562
3055,0.4488115808547136
3056,0.4538962321080658
3057,0.5264692286748208
3058,0.7336745186642861
3059,0.4616243206568916
3060,0.4494739202034209
3061,0.5547940533316662
3062,0.34768934201054247
3063,0.49615745853663673
3064,0.5468693462545622
3065,0.6209017887863578
3066,0.5903142754651055
3067,0.47823703037181764
3068,0.438955895387652
3069,0.4659720116540172
3070,0.5489520927574258
3071,0.5663920861777845
3072,0.4388330933209221
3073,0.5617768213081992
3074,0.6840053326399586
3075,0.7555983212719113
3076,0.4835864933398018
3077,0.5549182706231358
3078,0.428914876671879
3079,0.5657578735566542
3080,0.5231396905672615
3081,0.5512898780979449
3082,0.4594530345171443
3083,0.5560951401874409
3084,0.690938572568569
3085,0.7002244831540437
3086,0.5418438490238654
3087,0.5964237896347969
3088,0.7410592399719892
3089,0.5949732446013751
3090,0.5907935037880246
3091,0.39147772096685474
3092,0.5165803016273982
3093,0.7018410796840269
3094,0.4294695426070908
3095,0.586168267347552
3096,0.48669107126673705
3097,0.5434810316919626
3098,0.6125243773074258
3099,0.4522328917156655
3100,0.6330866843118447
3101,0.495779716761858
3102,0.3870914579561701
3103,0.6255123957106544
3104,0.4906339605666411
3105,0.7634619550928775
3106,0.5254554641669487
3107,0.6518790529660136
3108,0.6018084710022492
3109,0.5037282296918331
3110,0.5906888348828777
3111,0.5805456077858385
3112,0.44025392691027376
3113,0.4683892496869463
3114,0.6393797672738517
3115,0.3879387819113317
3116,0.41071936767014783
3117,0.5850458689017363
3118,0.46953043560071045
3119,0.5692160417287087
3120,0.744192546099469
3121,0.5344642507405606
3122,0.5603153480021515
3123,0.5119273728127733
3124,0.6526260138342657
3125,0.6432629235562735
3126,0.4410550223854106
3127,0.46781750255612664
3128,0.512616058861517
3129,0.3675773973137312
3130,0.5426678116527002
3131,0.5876569685277965
3132,0.31848943761117376
3133,0.669173723601381
3134,0.673267226498809
3135,0.44587194940281133
3136,0.46404467589945275
3137,0.5611289301646855
3138,0.7365160282416593
3139,0.7172143567033062
3140,0.49613198471174763
3141,0.4825579764179308
3142,0.7085058126426264
3143,0.4262603526813271
3144,0.6194369653743604
3145,0.5676279415802868
3146,0.5238020921236591
3147,0.7516551536101285
3148,0.42215814008276387
3149,0.4118405981419106
3150,0.5717258273252982
3151,0.48490640492205794
3152,0.5076789860649007
3153,0.5483467953958555
3154,0.6253845551074192
3155,0.37186355963428475
3156,0.5172105309837406
3157,0.558553400906083
3158,0.6310516012380838
3159,0.47579204547568266
3160,0.6168451475775915
3161,0.484058978891619
3162,0.6039078933690801
3163,0.5754346746514808
3164,0.4437717952118375
3165,0.5540748227163693
3166,0.5346270042406033
3167,0.5821697819430577
3168,0.6736689844403153
3169,0.7868665829518162
3170,0.43550198740113844
3171,0.46880533336318064
3172,0.46289032674050445
3173,0.4339527130003071
3174,0.45112286598740503
3175,0.4615397599360392
3176,0.6228230888112132
3177,0.47106798899209945
3178,0.48476984102731746
3179,0.573911399502665
3180,0.43614132079079043
3181,0.49768950912409476
3182,0.4704518524296794
3183,0.6254853907513187
3184,0.5877848752687407
3185,0.4141867690285109
3186,0.48538922677288326
3187,0.4443352076938246
3188,0.5740183813677845
3189,0.5084897826457284
3190,0.7230282530914596
3191,0.5287793970905719
3192,0.6655623864647725
3193,0.5365114507767433
3194,0.40219514479632534
3195,0.6120399406833743
3196,0.4439626422603139
3197,0.6600231493402953
3198,0.3449227461068743
3199,0.5745068887160616
3200,0.5187249013327475
3201,0.4123663338921147
3202,0.5641219553965585
3203,0.5140928603484828
3204,0.6340674752248506
3205,0.5821270068326149
3206,0.5378923351129624
3207,0.6671713535865738
3208,0.7966633121667062
3209,0.45395772753817554
3210,0.5050115043072488
3211,0.4857030860253342
3212,0.5723552442355071
3213,0.5039040395611435
3214,0.39859259661245894
3215,0.3709869414949759
3216,0.5324988720017911
3217,0.6452952698546143
3218,0.530768803020267
3219,0.4945324737626312
3220,0.6403771813675008
3221,0.4261431280755976
3222,0.5645179489714494
3223,0.5141131957399097
3224,0.49135962602049355
3225,0.5302462641851682
3226,0.62709339355455
3227,0.6013960689896422
3228,0.45746915205897537
3229,0.44978682122394287
3230,0.7480728275288081
3231,0.5466176376794556
3232,0.4800470037311428
3233,0.5069444320747056
3234,0.5566244523592977
3235,0.6121769472894903
3236,0.5277831840611137
3237,0.5329113919216149
3238,0.513387291239829
3239,0.739953019253388
3240,0.4963352963355772
3241,0.6606969829615188
3242,0.5616834573007523
3243,0.4086075177504648
3244,0.41091930710613356
3245,0.553861689292127
3246,0.526180813335633
3247,0.6649830411255363
3248,0.4646260923883739
3249,0.5680611966659822
3250,0.48397600301279825
3251,0.6467740338066723
3252,0.3631285870406097
3253,0.5744445527255129
3254,0.675910272127481
3255,0.570289239883651
3256,0.7313584747767393
3257,0.4521420599744108
3258,0.49837281817123336
3259,0.40155590797104435
3260,0.5773360332715405
3261,0.5517734665839507
3262,0.5843890347146022
3263,0.41399303107958974
3264,0.7106646200994297
3265,0.40637229958754967
3266,0.55841786436007
3267,0.4998021941937597
3268,0.507640486604087
3269,0.5883620752519716
3270,0.5543569355750917
3271,0.6373868472389849
3272,0.5227590666762327
3273,0.4939756874793952
3274,0.6201021485659538
3275,0.5841217812555402
3276,0.6916001597945037
3277,0.7094450702137897
3278,0.41185811283425955
3279,0.5772151730582654
3280,0.44399515981803483
3281,0.5169340874398949
3282,0.49884956463858193
3283,0.6056709088693036
3284,0.463982587589706
3285,0.5834073088112842
3286,0.5852660866677535
3287,0.6195213615522016
3288,0.5651248885904951
3289,0.5796606706347074
3290,0.5256916995119125
3291,0.4921391185614535
3292,0.49163791516735833
3293,0.34505691834188157
3294,0.48515952125157047
3295,0.46374094535285143
3296,0.41895724897835285
3297,0.5401207094514529
3298,0.644463601020391
3299,0.6978993390853743
3300,0.43505246986015
3301,0.4264941241399967
3302,0.5065539287098911
3303,0.49131545563136636
3304,0.403709024267559
3305,0.5921363349254666
3306,0.6937704870927023
3307,0.49778105846126003
3308,0.4759202370210326
3309,0.46938410606924313
3310,0.4514847458618596
3311,0.5884484092341948
3312,0.5277870925498085
3313,0.5351671153509681
3314,0.7251136671644453
3315,0.4937369635883595
3316,0.40802996056373125
3317,0.5427322156340534
3318,0.6235140780097043
3319,0.6370890503153517
3320,0.6194223751351965
3321,0.5222467714712936
3322,0.3947426168368051
3323,0.576102842605508
3324,0.4796086014126355
3325,0.5818174899886137
3326,0.50657466414733
3327,0.547976101679378
3328,0.6310031069510348
3329,0.5875668936764239
3330,0.46608127852901315
3331,0.5450962206702166
3332,0.6598795074917065
3333,0.3252293793717119
3334,0.5661129538228465
3335,0.609402480671799
3336,0.4997301487632806
3337,0.5664453814460959
3338,0.5017270130220067
3339,0.5093802341049519
3340,0.5282256871536195
3341,0.6840293163507518
3342,0.4204214213884381
3343,0.38861973515188863
3344,0.558561102627047
3345,0.49824978781294144
3346,0.3927014466768505
3347,0.5952064719415713
3348,0.5920242303839331
3349,0.6435943305846874
3350,0.3864431247372849
3351,0.5513636288164833
3352,0.5665092221707583
3353,0.5569871868590508
3354,0.7558746598519333
3355,0.40030375837079124
3356,0.4979798390809739
3357,0.537835306872349
3358,0.4533006726456876
3359,0.4676036466227353
3360,0.5723407727090966
3361,0.6088025781753124
3362,0.41517106526973974
3363,0.5580006803785048
3364,0.5524093339570816
3365,0.38720420809154993
3366,0.33010051225832604
3367,0.48400614821073457
3368,0.560085781033012
3369,0.3742530099912603
3370,0.6417437978288154
3371,0.46491654211456723
3372,0.5009984642547233
3373,0.5136678330974511
3374,0.5257570566026224
3375,0.6021053078098899
3376,0.33778598382348085
3377,0.40427976253047065
3378,0.4805749133179969
3379,0.5199839928960952
3380,0.5753886182633253
3381,0.6992691697532682
3382,0.4206129924305048
3383,0.483924070324927
3384,0.6235089525823492
3385,0.49056059368414595
3386,0.5560460520508308
3387,0.6912500740040806
3388,0.6430044047207253
3389,0.46537752636210505
3390,0.5924896685817527
3391,0.5498444880291057
3392,0.6213022835757109
3393,0.4849963954000809
3394,0.5927254601221588
3395,0.45544404818231154
3396,0.5397448100086831
3397,0.5007191832027984
3398,0.467348431836793
3399,0.48770947899786876
3400,0.5414465547175729
3401,0.7046915973945371
3402,0.37046490538995014
3403,0.501295506490356
3404,0.5342101489540844
3405,0.39865113416236464
3406,0.6991448635130793
3407,0.447509993965848
3408,0.4434424428011962
3409,0.5374669065504529
3410,0.7534738103063812
3411,0.5348255955506019
3412,0.40016273515168077
3413,0.4319892072704514
3414,0.6340191942111033
3415,0.3763131500458866
3416,0.7114109969989716
3417,0.49620394220141223
3418,0.47762130796231517
3419,0.6196455342182136
3420,0.4620611056982238
3421,0.5611868604158081
3422,0.40575050030357923
3423,0.6976205945036832
3424,0.49733988009477753
3425,0.5332507818529381
3426,0.4769551378040891
3427,0.5701357121834916
3428,0.47742161340167644
3429,0.7876009044971719
3430,0.4957581602920172
3431,0.4946691955589033
3432,0.4248305556645201
3433,0.34429678791356905
3434,0.5788180667154412
3435,0.7634144651662068
3436,0.4823014706415226
3437,0.5537301498341577
3438,0.41313796184904994
3439,0.46749728239861765
3440,0.49908665625452536
3441,0.4345835905907074
3442,0.48993131789943806
3443,0.5114827835602259
3444,0.6003332335529801
3445,0.5575717084324582
3446,0.6603650655881543
3447,0.5445904264995974
3448,0.562794776747189
3449,0.5647901096649888
3450,0.44128771554901525
3451,0.3776851745849438
3452,0.4670226653054723
3453,0.4654489924587756
3454,0.5187944427643876
3455,0.49968840674399784
3456,0.5939841840058473
3457,0.5307349140853809
3458,0.4927443126535876
3459,0.43455453841728786
3460,0.6930579859925974
3461,0.5135308671924489
3462,0.4500634220397003
3463,0.7835276770777988
3464,0.5323130510057636
3465,0.5503304739204488
3466,0.7902997079407872
3467,0.6139313040099141
3468,0.6164049781291412
3469,0.44251716042101963
3470,0.6176697333328606
3471,0.49897819993619413
3472,0.5278751274350517
3473,0.6018960495816975
3474,0.48868988570294974
3475,0.561228107029048
3476,0.5549294244614376
3477,0.5657169019226465
3478,0.586731391639214
3479,0.7126335151953131
3480,0.6276855729985944
3481,0.5349302332368121
3482,0.49173108871687854
3483,0.7343843610971245
3484,0.4568620000411191
3485,0.7324178874225408
3486,0.51337394908031
3487,0.7317441754130846
3488,0.5997499261255287
3489,0.6031775223540042
3490,0.41681739737786794
3491,0.5938063402253166
3492,0.4082995543640825
3493,0.3676757210879418
3494,0.6503315248504118
3495,0.7748563032765212
3496,0.5254789264377296
3497,0.5454917869266799
3498,0.6516370089233918
3499,0.5236471585123907
3500,0.6862533410742265
3501,0.5282782333620174
3502,0.5942746463924743
3503,0.40145227211372525
3504,0.42174804044326203
3505,0.5943659794923365
3506,0.6663153966785984
3507,0.4779157354565877
3508,0.6436996390314207
3509,0.6693672301790436
3510,0.5554550002918406
3511,0.3556092049216544
3512,0.5077793911563042
3513,0.4665309247217925
3514,0.6155596213454627
3515,0.5114836145968936
3516,0.37160753094975935
3517,0.33800201616408937
3518,0.48950292119294475
3519,0.32905752473545835
3520,0.4399595560583382
3521,0.5366161588438111
3522,0.4307962332286437
3523,0.4454305294580528
3524,0.41947341848060704
3525,0.49334175521920326
3526,0.5843054335620489
3527,0.4429650486372791
3528,0.6251497721380928
3529,0.5354980961425313
3530,0.5449391657183144
3531,0.7111655339123147
3532,0.6157212205094096
3533,0.4262879207714032
3534,0.4575200712149485
3535,0.49296755699673767
3536,0.446632570170337
3537,0.48995252915321236
3538,0.677311775426112
3539,0.5661144626363338
3540,0.47641084681455337
3541,0.5157067179613611
3542,0.5223967587882741
3543,0.6399755666361943
3544,0.49111430667085454
3545,0.707813673832693
3546,0.8711981512258078
3547,0.43057341401849986
3548,0.6415104006191564
3549,0.6736109483109781
3550,0.5778370387983031
3551,0.41607999668055895
3552,0.715172472246286
3553,0.4797883313836781
3554,0.5996143460296945
3555,0.6041951777129297
3556,0.49221609666283767
3557,0.44549706994929217
3558,0.4811963265069445
3559,0.4542497101749751
3560,0.7118889504380613
3561,0.5050483760541715
3562,0.47492846414041184
3563,0.7339314229742725
3564,0.5300749812824208
3565,0.5353025284789013
3566,0.6010264127352856
3567,0.7390657767676851
3568,0.621804382653979
3569,0.5587163944867584
3570,0.462561778069202
3571,0.5694651593814306
3572,0.43505775967667853
3573,0.4201434379026492
3574,0.5136029011361561
3575,0.5529624931622036
3576,0.5358439764183087
3577,0.5838371296082205
3578,0.5627741589577274
3579,0.5462843422261602
3580,0.5327276400600041
3581,0.598490184151933
3582,0.6525598803684954
3583,0.5445207836654402
3584,0.583179837986065
3585,0.5595890967951501
3586,0.4994052980654961
3587,0.6998124692430355
3588,0.44720949882962857
3589,0.31995241487420656
3590,0.4647773175284435
3591,0.39300729145935276
3592,0.4743749447642946
3593,0.47498123693255
3594,0.6141141111826391
3595,0.3921919135600196
3596,0.6667317812848943
3597,0.40281802051327986
3598,0.4691958710309605
3599,0.44999190817806745
3600,0.5416823001844242
3601,0.5798327758521993
3602,0.5922990369471874
3603,0.553684527036123
3604,0.4880809840452136
3605,0.5026346272204348
3606,0.5100885536711224
3607,0.5181610914735382
3608,0.6014606752988999
3609,0.620958938608229
3610,0.6314631515863197
3611,0.4672641989731225
3612,0.858419726450111
3613,0.41722442991600384
3614,0.5204716939368551
3615,0.4835773605989542
3616,0.509984569162552
3617,0.3437619331303775
3618,0.5288014443403223
3619,0.5434523308102255
3620,0.5243352634392822
3621,0.6215061343587194
3622,0.6460546393763159
3623,0.6124427872039369
3624,0.3275174927268726
3625,0.43947619813403715
3626,0.47961513929986244
3627,0.5093942132451266
3628,0.5262192137193704
3629,0.441725221357802
3630,0.710890037950707
3631,0.4134054937469117
3632,0.4708663217933541
3633,0.5538403469400801
3634,0.44725348138717314
3635,0.45465451726757855
3636,0.32440927299563516
3637,0.5765566201756198
3638,0.517272544240044
3639,0.5626067490360016
3640,0.6440067493023796
3641,0.6312626327102059
3642,0.5962614077395004
3643,0.5279437578779984
3644,0.6068449785529552
3645,0.5554914438704627
3646,0.6423461066340226
3647,0.4412713613011556
3648,0.453212044467623
3649,0.5204633722606499
3650,0.4833652979884366
3651,0.2831216286367313
3652,0.42459523181591413
3653,0.53856050542723
3654,0.47946594674086473
3655,0.4398442027581134
3656,0.5103721894744732
3657,0.4857222984465804
3658,0.6372553603899684
3659,0.4849911399229945
3660,0.6235285448664689
3661,0.4043037844097041
3662,0.4875117691434268
3663,0.508469951781272
3664,0.44946123930942056
3665,0.4638183922829853
3666,0.46180166143925583
3667,0.49327727243618913
3668,0.5521151275701327
3669,0.5808958997114126
3670,0.5046109658847687
3671,0.5436522966523432
3672,0.36977715989220517
3673,0.517162749296132
3674,0.414639539111422
3675,0.5780594040687241
3676,0.5914946240811364
3677,0.5212186506293442
3678,0.5539849203922586
3679,0.606861275310043
3680,0.5627344590847893
3681,0.6103811742533559
3682,0.4354018337229694
3683,0.48319876342900925
3684,0.5291674961765162
3685,0.5130711935508614
3686,0.4385353948299952
3687,0.7121130975001418
3688,0.4873629099055525
3689,0.6064574813803939
3690,0.4521807509178005
3691,0.4969210362370731
3692,0.5717640572415169
3693,0.6419207759397417
3694,0.4784039668864112
3695,0.38467881202838694
3696,0.43214186286171485
3697,0.5452912984259509
3698,0.533345598380976
3699,0.40621652099628097
3700,0.43662682428302535
3701,0.6115358832996449
3702,0.6821040314027274
3703,0.6966114429089931
3704,0.5222769227410878
3705,0.683230754179745
3706,0.5616764298153862
3707,0.42896164693868444
3708,0.535196543883804
3709,0.4700779205835204
3710,0.4680200275821169
3711,0.6231670485388268
3712,0.5285516106446914
3713,0.7467839754770418
3714,0.6131654466652315
3715,0.5078101915723261
3716,0.2896675260320256
3717,0.7188630855975715
3718,0.602730285309814
3719,0.509447478441578
3720,0.5217032640567587
3721,0.6403081190528133
3722,0.6288209015358996
3723,0.41081838352824773
3724,0.686500303780057
3725,0.44003373167625587
3726,0.6738283823681379
3727,0.5380052644568578
3728,0.4680165683949424
3729,0.5057696893044781
3730,0.8034336131625028
3731,0.5060299349283798
3732,0.6529597084501662
3733,0.5133849043835436
3734,0.4869507866293209
3735,0.6202019743523435
3736,0.55027340209943
3737,0.4237723559217677
3738,0.5962554955040585
3739,0.51819723098328
3740,0.7003836501565978
3741,0.47067047928582995
3742,0.3995582272614514
3743,0.5807226034869021
3744,0.3955518466180818
3745,0.5585514357844995
3746,0.49264498482673746
3747,0.4198539195252148
3748,0.43212815471201593
3749,0.7367553058111086
3750,0.6314137816913931
3751,0.5031808656567418
3752,0.5058547552674966
3753,0.541729095523826
3754,0.42717482059097944
3755,0.4583299910006152
3756,0.5565223824682054
3757,0.43838125802690303
3758,0.44170223812170684
3759,0.46792443781620485
3760,0.5560385788130989
3761,0.5032973430469518
3762,0.47601975601744834
3763,0.46700259983840026
3764,0.5452164125671817
3765,0.5328901397383555
3766,0.6466707861783091
3767,0.49095419333826595
3768,0.687476996192063
3769,0.5736539975272748
3770,0.5815026603730351
3771,0.5813370880251346
3772,0.574032775487187
3773,0.6977093687694711
3774,0.5816247314184305
3775,0.41949584817777474
3776,0.5188742269098063
3777,0.5037604187421738
3778,0.5480140417092593
3779,0.6348022365607535
3780,0.5005937694789899
3781,0.5699090305611021
3782,0.4812254506409343
3783,0.42732178726133524
3784,0.4705306335653487
3785,0.5989085321690393
3786,0.5682177039914655
3787,0.6246354334511106
3788,0.7199361441811386
3789,0.5332642134620071
3790,0.6019948868390921
3791,0.5453941698263789
3792,0.4701222835859682
3793,0.4749227220678759
3794,0.5846399388339015
3795,0.31635947353004623
3796,0.6254049647158777
3797,0.5548511095771658
3798,0.4686283975233579
3799,0.5489040702884139
3800,0.40247202496652673
3801,0.6363851865317373
3802,0.4659513914531003
3803,0.5064850784693595
3804,0.500359244613737
3805,0.5430067323904957
3806,0.4783228346734046
3807,0.4762730640434195
3808,0.5932153404955288
3809,0.75278932836223
3810,0.5065410562947109
3811,0.5351838577514112
3812,0.5595952156998345
3813,0.5167887898166338
3814,0.5658049787187197
3815,0.49980439019628786
3816,0.43364835925342643
3817,0.4483657192627445
3818,0.40345832339808313
3819,0.5486207657756031
3820,0.7257477250097774
3821,0.4871266564176574
3822,0.5321479192922242
3823,0.4823913086101236
3824,0.6930264429111624
3825,0.5750538677332255
3826,0.7399846961327474
3827,0.520682567895316
3828,0.5981530984311723
3829,0.5441302154739156
3830,0.40922284295548844
3831,0.5063308960696886
3832,0.48528404441361883
3833,0.5894402420339641
3834,0.5397936550363074
3835,0.4511609970658844
3836,0.4669892124285411
3837,0.5210497565207006
3838,0.3881901429023531
3839,0.5142075600808902
3840,0.5548594235813595
3841,0.47174934142219593
3842,0.5285514990518712
3843,0.40212491074296913
3844,0.5626611729295529
3845,0.5882409106543313
3846,0.5203670604436559
3847,0.501898008999107
3848,0.5033188023659223
3849,0.48262924746712954
3850,0.5508430481644238
3851,0.6170250277654763
3852,0.4408706311809645
3853,0.8446925585529035
3854,0.5206627970722667
3855,0.6020266241280068
3856,0.5282206782171674
3857,0.4269347980634769
3858,0.69727583821088
3859,0.6454437161228794
3860,0.5728032946043778
3861,0.4865025730209769
3862,0.4595442817920191
3863,0.4854039277946469
3864,0.5506161828125514
3865,0.512284821426079
3866,0.4836378682455875
3867,0.5909429199994047
3868,0.47306129429812555
3869,0.5776969193870611
3870,0.5681086697757045
3871,0.5138097682437458
3872,0.4682174010152401
3873,0.7182989132508538
3874,0.4544413213634416
3875,0.5518172541666709
3876,0.6242350824162418
3877,0.5640559474518815
3878,0.42851020248132127
3879,0.4663335793614326
3880,0.668539745578733
3881,0.482538991434262
3882,0.4921598773221958
3883,0.48852176713564516
3884,0.5577870411057505
3885,0.4449368988557987
3886,0.4433073825467836
3887,0.532736853611428
3888,0.5665072731172038
3889,0.5784324602172158
3890,0.5626812218775991
3891,0.44900751830397706
3892,0.541608449375345
3893,0.5278975188358361
3894,0.6131816828883951
3895,0.5660438026096324
3896,0.5449535002264069
3897,0.4025516119448095
3898,0.5001633900831282
3899,0.4201110771943552
3900,0.5762682243310119
3901,0.500196139060534
3902,0.529171267321878
3903,0.5308293234031065
3904,0.5363582990589297
3905,0.5541451672965763
3906,0.6468009781081375
3907,0.5756689529884831
3908,0.630174480007937
3909,0.583189810031714
3910,0.4715582233406681
3911,0.40648931340029815
3912,0.561983533970875
3913,0.5144106670700686
3914,0.48916627012576064
3915,0.5043512062602461
3916,0.5578873556723366
3917,0.6077568880243316
3918,0.4703170486853831
3919,0.4723340253153504
3920,0.6662202917421316
3921,0.40172307932728935
3922,0.37503231508112556
3923,0.8348515041258417
3924,0.6332063263413017
3925,0.46440784712060956
3926,0.4027882987117263
3927,0.4202896794250025
3928,0.5649671495583576
3929,0.5621232588162747
3930,0.519558477517388
3931,0.3669616337050077
3932,0.42125014289871
3933,0.5771340239805225
3934,0.9167162382132549
3935,0.6077885362798598
3936,0.44924436070386176
3937,0.36716606412083597
3938,0.3341970096451376
3939,0.48387827728094107
3940,0.5078542276592387
3941,0.5031004383597653
3942,0.4744396134348969
3943,0.4243583372311305
3944,0.37246010529031826
3945,0.6353352113044042
3946,0.41397747028352494
3947,0.5431806227760091
3948,0.5066254246324333
3949,0.5639443016369289
3950,0.43688898203875903
3951,0.5974163117322593
3952,0.45454319358455464
3953,0.4608620355490858
3954,0.6058173873742299
3955,0.40814891722726065
3956,0.604036813897168
3957,0.5857680792769846
3958,0.4721257954197059
3959,0.46071824151081353
3960,0.7175609976484232
3961,0.5984528438493995
3962,0.5087746254824542
3963,0.47369931901394835
3964,0.4525844236351184
3965,0.5094338694817375
3966,0.5817101711364295
3967,0.4205997180361009
3968,0.5089894675984554
3969,0.4131382446381045
3970,0.5231198737236996
3971,0.47257531948936937
3972,0.5549284009688136
3973,0.4851004733531913
3974,0.4521734147871444
3975,0.4676885377399288
3976,0.42633146822301726
3977,0.6129555071585943
3978,0.3956079450164881
3979,0.6458659885429237
3980,0.49896786341306737
3981,0.5377609353596986
3982,0.539674357154131
3983,0.4826572690684735
3984,0.5551559607693394
3985,0.49638232469706234
3986,0.5503820903959481
3987,0.43276483662100396
3988,0.5116429224194691
3989,0.2657296902575462
3990,0.38720177564340336
3991,0.5673431974003041
3992,0.5843171555964677
3993,0.4808200591350799
3994,0.5538710127074534
3995,0.524387598710584
3996,0.46626629873233355
3997,0.52270335434748
3998,0.35276849247562886
3999,0.49230500985281545
4000,0.514478405438718
4001,0.5810997868941453
4002,0.44723612801045676
4003,0.6410276608361636
4004,0.4599093059566947
4005,0.575971051594618
4006,0.596983115142191
4007,0.5453235230532084
4008,0.4352159956020276
4009,0.6119832260814662
4010,0.5438383997931755
4011,0.5926861012162155
4012,0.4506396356076034
4013,0.47421501819859013
4014,0.3813230939379645
4015,0.4766203805256459
4016,0.5747254242846472
4017,0.4808947197115694
4018,0.3570055271395455
4019,0.5381743480890084
4020,0.3002848596808434
4021,0.4559809265625207
4022,0.46620329230140634
4023,0.4812332205403505
4024,0.5108584374957642
4025,0.46915523769313394
4026,0.473258353357414
4027,0.528908209597095
4028,0.4924701372925341
4029,0.6209108015646834
4030,0.4010986807922237
4031,0.5713799471936428
4032,0.4754614214928738
4033,0.5729715462532078
4034,0.3799223579882304
4035,0.4913882501203182
4036,0.4913057591064133
4037,0.6650496965378618
4038,0.5106091796352233
4039,0.49676753932479134
4040,0.533425213177349
4041,0.6119968074331649
4042,0.4964615011614017
4043,0.4914952389670041
4044,0.5442562844288475
4045,0.5734263446756387
4046,0.5673751134230093
4047,0.635684404785193
4048,0.49503189760704824
4049,0.3404647309640285
4050,0.4456170823594416
4051,0.4911401250422297
4052,0.6206459981132315
4053,0.5732855768739283
4054,0.596714282390374
4055,0.30799620490528845
4056,0.42563820998098334
4057,0.8454479643038404
4058,0.5022826407952078
4059,0.42392380887369946
4060,0.5344139781131522
4061,0.42917483138418894
4062,0.5315373611666647
4063,0.4158282366502928
4064,0.4676089148193087
4065,0.4596651746057183
4066,0.6839482943240524
4067,0.6161614305520893
4068,0.5274556223740168
4069,0.5116401210944818
4070,0.644950625306865
4071,0.4621623919163709
4072,0.47253022988066434
4073,0.46621448303004753
4074,0.5171270968987954
4075,0.49964751833559673
4076,0.5358314274126567
4077,0.5917680552847544
4078,0.7197492031961629
4079,0.45130393768318133
4080,0.40177353664729964
4081,0.4953989192000769
4082,0.4672346438913709
4083,0.5855054931045541
4084,0.6669861085051776
4085,0.4878539612169929
4086,0.44285152567690345
4087,0.40755048401743654
4088,0.590461012231595
4089,0.4510704194020216
4090,0.6282512223843961
4091,0.6058913664550598
4092,0.5275397028286378
4093,0.44316893382047706
4094,0.43193820092785606
4095,0.6943602708668211
4096,0.4302834561292254
4097,0.42808497372769966
4098,0.5733546496104763
4099,0.4511522315504298
4100,0.48393716308421764
4101,0.5513746550348075
4102,0.5545816594641632
4103,0.5948995365924287
4104,0.41235378936993755
4105,0.6055703925816349
4106,0.4760214561251574
4107,0.627841771815321
4108,0.5291839019666892
4109,0.5139255451934348
4110,0.5119765507571263
4111,0.5144165423664223
4112,0.4440480649736489
4113,0.796006771497737
4114,0.5153732865168343
4115,0.5459318313791565
4116,0.6808183176506417
4117,0.5900511500933058
4118,0.5114994232123681
4119,0.5086273214439374
4120,0.6616884023163838
4121,0.5042189665983114
4122,0.39768069921495286
4123,0.3581722380620008
4124,0.7658530160794133
4125,0.28773096133431886
4126,0.49251352560562806
4127,0.4859205708337701
4128,0.5450193985916724
4129,0.4418146206357277
4130,0.6019956888132872
4131,0.5455841006692895
4132,0.793344262863912
4133,0.4607605748453638
4134,0.767611525750107
4135,0.4177589731365347
4136,0.6082428478518815
4137,0.4778404162542367
4138,0.5013545108299163
4139,0.4561182263009308
4140,0.6767274408869977
4141,0.45602016151289654
4142,0.4759469531728207
4143,0.3979390272644613
4144,0.5176327896646477
4145,0.5724800876259061
4146,0.4238980186931822
4147,0.6556278739902981
4148,0.4806651360618262
4149,0.5389439395487025
4150,0.4026598752396585
4151,0.4808041135064557
4152,0.434327620564524
4153,0.6070239052749548
4154,0.5530848464169144
4155,0.46539974328130546
4156,0.6809738012575204
4157,0.5249689210492339
4158,0.7936704937901765
4159,0.5249106674434558
4160,0.744270414908331
4161,0.3690912174129429
4162,0.5801505054883231
4163,0.5058401581598271
4164,0.5795840194185529
4165,0.4269532835422607
4166,0.46677000737227226
4167,0.565978608649538
4168,0.5573882903706375
4169,0.40250503663802994
4170,0.561812733160131
4171,0.5089006933667962
4172,0.5525618166726782
4173,0.6296494962837438
4174,0.5354124426028942
4175,0.510055200154705
4176,0.5256006118323852
4177,0.5355216402428027
4178,0.4676714880936085
4179,0.627029395431856
4180,0.3600172102833181
4181,0.574381549943472
4182,0.49987617014880736
4183,0.3415741648922592
4184,0.44448380092588136
4185,0.4898719889647655
4186,0.6494940076170079
4187,0.39022772061247457
4188,0.5106927633163864
4189,0.6779288313603224
4190,0.6182673859225383
4191,0.5196234612575238
4192,0.5454172778369165
4193,0.6091763883559529
4194,0.5375677082010079
4195,0.34806776637435655
4196,0.5427588228103246
4197,0.4770936452475963
4198,0.50670086987336
4199,0.40605797311429226
4200,0.4920157299616312
4201,0.4424410845382185
4202,0.4287057704841569
4203,0.5391203110318541
4204,0.5221101700334196
4205,0.5738973232648614
4206,0.567585936364794
4207,0.5965887787889494
4208,0.49406516761579433
4209,0.49271310061453416
4210,0.4780634320792235
4211,0.49378680074660486
4212,0.520180200888657
4213,0.49638172991162405
4214,0.618694342801849
4215,0.6860266463903172
4216,0.25911444908258296
4217,0.5052953342594031
4218,0.5609466153737945
4219,0.49382298934597507
4220,0.5193536761525073
4221,0.5341395767364012
4222,0.5756864494009688
4223,0.5740629431263337
4224,0.404216066028494
4225,0.47728877933467145
4226,0.592921522331962
4227,0.5038662696397567
4228,0.41019039960489745
4229,0.8685288430906954
4230,0.5155223139794196
4231,0.4293525637710567
4232,0.5525919288369884
4233,0.7083582745679295
4234,0.5767776655424639
4235,0.7979989435722252
4236,0.43036924716840375
4237,0.639731516388184
4238,0.5229976052366819
4239,0.3305728289424202
4240,0.5281157372047167
4241,0.4199635900020713
4242,0.629421580223819
4243,0.41689014545871395
4244,0.539029824618493
4245,0.5420755581661532
4246,0.5242459894988988
4247,0.4699323462888578
4248,0.6851327194199343
4249,0.5195993030191486
4250,0.4880339739641497
4251,0.724579827403444
4252,0.6546185928354945
4253,0.5172987054091129
4254,0.5381982033682935
4255,0.4831699392093246
4256,0.4474023248192341
4257,0.48993399531560455
4258,0.6113949234565802
4259,0.5260126464500587
4260,0.47834091573725374
4261,0.4129834625698725
4262,0.4786395290289486
4263,0.5937145982000732
4264,0.7248637814613885
4265,0.4796617921069074
4266,0.6651875327672803
4267,0.5688653044938974
4268,0.5851021935488687
4269,0.5608580837047741
4270,0.5720105292113495
4271,0.3886165524966851
4272,0.4602294358368585
4273,0.5345796512881715
4274,0.489127667646042
4275,0.6893527454606216
4276,0.5420081872541134
4277,0.5672802336680844
4278,0.4699719685899331
4279,0.5145968934497341
4280,0.4672536134952339
4281,0.5088802996792151
4282,0.5680986872637299
4283,0.3443350243752653
4284,0.43382823096748024
4285,0.6535321293140759
4286,0.4375167535356067
4287,0.6544662891888042
4288,0.590073865909866
4289,0.49016404474466413
4290,0.5676512204322368
4291,0.7366300208246764
4292,0.6563971492464005
4293,0.620798960439367
4294,0.613244981226167
4295,0.5999725224533263
4296,0.5416656820137823
4297,0.46114326665778016
4298,0.6976636566467497
4299,0.4228687028495335
4300,0.5665681417076643
4301,0.46346376118485194
4302,0.6468376574404755
4303,0.5348788213939375
4304,0.45808294503311514
4305,0.6593831654917961
4306,0.504007743278068
4307,0.5524394008874823
4308,0.6324669031273369
4309,0.3691595371957469
4310,0.6311154601277843
4311,0.6617233512589155
4312,0.6039066734950733
4313,0.521260838639774
4314,0.4754654673235575
4315,0.43044291987885586
4316,0.5256700568197179
4317,0.4700799251845554
4318,0.4548741466260087
4319,0.5589000042477075
4320,0.717854052521493
4321,0.5825860821477868
4322,0.732151233007388
4323,0.7839122085122063
4324,0.4199270729379957
4325,0.5368663789373622
4326,0.5179203653589044
4327,0.3997703812043697
4328,0.5735529548806806
4329,0.5715208104827791
4330,0.49720699257709344
4331,0.4491013375434415
4332,0.5622574121253167
4333,0.37802211677147857
4334,0.4926697510840076
4335,0.5578269300073511
4336,0.5495146659266552
4337,0.5654111507791783
4338,0.5132724202582376
4339,0.5249973150527333
4340,0.46153756240673544
4341,0.5456217966802446
4342,0.6728976105498526
4343,0.5738199601975611
4344,0.5343062232155942
4345,0.6666990816718583
4346,0.4077313685895762
4347,0.5021130384814212
4348,0.49918180686820385
4349,0.7036258359998564
4350,0.3620391217759727
4351,0.5476255057581254
4352,0.46586971216507517
4353,0.507000945871551
4354,0.5439882972489176
4355,0.4619645863363168
4356,0.5544837592179485
4357,0.5465711594987278
4358,0.5350083211408599
4359,0.6634747058922604
4360,0.554426735278949
4361,0.6808498302525146
4362,0.33959009284867564
4363,0.5186055034678005
4364,0.5073961467048055
4365,0.6927273881715358
4366,0.5922836291767248
4367,0.5194561465260631
4368,0.6879860209103938
4369,0.4768273252407669
4370,0.4029116565223149
4371,0.5891072279000948
4372,0.4770518671666503
4373,0.6389630676324628
4374,0.5270703128591193
4375,0.5066787341309638
4376,0.45787502828075916
4377,0.4127215001083089
4378,0.44277866803666455
4379,0.6269170424755415
4380,0.4151519917199079
4381,0.4498953253773129
4382,0.4381781201268106
4383,0.4368626375460675
4384,0.5044744150460421
4385,0.6061556869938993
4386,0.5168649894332336
4387,0.4264191386766714
4388,0.5982381904694891
4389,0.5523219304415156
4390,0.433365764704743
4391,0.5874337296454447
4392,0.40304858967004686
4393,0.60300359881729
4394,0.4999291403314793
4395,0.5611467598635426
4396,0.5066097773293334
4397,0.6298561195730925
4398,0.6489107400435831
4399,0.5584528352838019
4400,0.5527208680501932
4401,0.5121100340717344
4402,0.3513089420466047
4403,0.38873461328887227
4404,0.5484838030106423
4405,0.5857019755693047
4406,0.6475558167914767
4407,0.4546315759715714
4408,0.7682731060772167
4409,0.49931261397907156
4410,0.5118828889544284
4411,0.42400315085103973
4412,0.455359149079847
4413,0.5052004965827693
4414,0.5161111610230108
4415,0.49575538189073554
4416,0.6020374331773277
4417,0.49991240804157067
4418,0.49471142003208507
4419,0.6695125798251076
4420,0.5191204042273492
4421,0.511242367214932
4422,0.46611066575755555
4423,0.4500787028536074
4424,0.4971672038598974
4425,0.4114521404444803
4426,0.4777866333257853
4427,0.45348731684106985
4428,0.5463283043096243
4429,0.4373204874966405
4430,0.4543610277455459
4431,0.43136362882573803
4432,0.45186572551132687
4433,0.46675874755849944
4434,0.6085097283532934
4435,0.5422734211428444
4436,0.5625209290538503
4437,0.5353581097691523
4438,0.4382993635327755
4439,0.5051882332657652
4440,0.5675104096052903
4441,0.5801441677346412
4442,0.3877355526337244
4443,0.5291912909861146
4444,0.5182322732212943
4445,0.586580642795469
4446,0.4637296698357866
4447,0.5631709088440657
4448,0.3824187888934653
4449,0.5027791445232297
4450,0.4499163551528481
4451,0.4832643032030044
4452,0.5260688536050755
4453,0.732723060574993
4454,0.534515260902206
4455,0.4668862725966169
4456,0.8847847050574945
4457,0.6036770098394756
4458,0.48672603101461986
4459,0.45545523502826
4460,0.6121054539164594
4461,0.5321044938792467
4462,0.5563972347610379
4463,0.5175439606589526
4464,0.6161346385547037
4465,0.4504007873727865
4466,0.6349799124605883
4467,0.7705185964740509
4468,0.5537489917608902
4469,0.5961935454104327
4470,0.571118247196784
4471,0.4272678228272553
4472,0.4550799954821746
4473,0.3172460549509816
4474,0.7201525406676254
4475,0.5918828864102017
4476,0.35792963435763103
4477,0.5852200522349382
4478,0.5579552963610606
4479,0.5291119778809567
4480,0.48484455958447364
4481,0.352825546381155
4482,0.5066706989715384
4483,0.5511295113509153
4484,0.5468435892286158
4485,0.4552070953558418
4486,0.6100729855303384
4487,0.5829557458849866
4488,0.5585093399429492
4489,0.5085488218907965
4490,0.6626194223220718
4491,0.45716658728097587
4492,0.5915731227645864
4493,0.5049607239473713
4494,0.7116632379467253
4495,0.49515216779604254
4496,0.6107479238765013
4497,0.5927392356695973
4498,0.43392194941073936
4499,0.443805488492713
4500,0.5221184002652026
4501,0.6796273437755891
4502,0.5082545173692555
4503,0.4857401346869835
4504,0.5075865806344799
4505,0.3604933670104726
4506,0.4193002824391451
4507,0.2717648182176928
4508,0.6292124102701745
4509,0.5126540747393553
4510,0.5498584886958823
4511,0.6031544062523002
4512,0.5412968149225442
4513,0.5092154778612694
4514,0.5122447383398195
4515,0.5742607205330104
4516,0.5846036200498324
4517,0.5829028504351359
4518,0.3791428895576063
4519,0.556301436323424
4520,0.6019691992481706
4521,0.4415495943045459
4522,0.5136240249850227
4523,0.48539343308364524
4524,0.45907166139711375
4525,0.4660423444613892
4526,0.570255928438005
4527,0.5256774065978471
4528,0.4977807962477805
4529,0.614916160548177
4530,0.5630753262102182
4531,0.5904827140435829
4532,0.3833288617083044
4533,0.38301852052807234
4534,0.4967458994974277
4535,0.5410965714732565
4536,0.5715784729015077
4537,0.5264030011342256
4538,0.6105403535836766
4539,0.4128030077013992
4540,0.5703605277707858
4541,0.560245301517116
4542,0.487715466802823
4543,0.47024545698117903
4544,0.5228384927041491
4545,0.640590126982123
4546,0.7620321891370148
4547,0.3575498724449655
4548,0.4863011828556096
4549,0.44757589378107765
4550,0.5737630366771426
4551,0.556263060092298
4552,0.5267552316541695
4553,0.5925659900271272
4554,0.5996844807752219
4555,0.5348604814036878
4556,0.4252272644665874
4557,0.7464975454115381
4558,0.5900291463191657
4559,0.5515450298910626
4560,0.4941998837587615
4561,0.6049336147244494
4562,0.6461639202756992
4563,0.5240806224864732
4564,0.5609923816949871
4565,0.3981102983827839
4566,0.4238383260561613
4567,0.4088929542195076
4568,0.5278220751436346
4569,0.4889395111193106
4570,0.5466065324599931
4571,0.4163220046879615
4572,0.513218205289636
4573,0.3903704649413033
4574,0.46816837551897544
4575,0.4053234422893672
4576,0.6359070941508216
4577,0.5944068266830296
4578,0.503869573150372
4579,0.4070204197646073
4580,0.6180738648725979
4581,0.5299049453658075
4582,0.5157130223401519
4583,0.3292181502699424
4584,0.3904956706098961
4585,0.5695667907027351
4586,0.6257919825637255
4587,0.49550414377915697
4588,0.44653929681344473
4589,0.4930966852213531
4590,0.36792566136424987
4591,0.5369015116427931
4592,0.6328504786925996
4593,0.5478864409819642
4594,0.6907818193963972
4595,0.4484626679518567
4596,0.5511897405654703
4597,0.3875037037129169
4598,0.6481615008141492
4599,0.5541515689454232
4600,0.455249757400501
4601,0.6001637478394364
4602,0.6695059743846284
4603,0.4720379168629674
4604,0.6074449281323008
4605,0.5745626980928962
4606,0.6307785396765547
4607,0.5189968377847798
4608,0.4025208785557705
4609,0.4840521533292639
4610,0.5946275286295335
4611,0.406501844710644
4612,0.499482575404112
4613,0.5724762757063309
4614,0.4486722397444012
4615,0.5887223459873029
4616,0.5165187123111487
4617,0.5168501719905633
4618,0.5336214063321514
4619,0.5564527518557929
4620,0.5775188474320849
4621,0.5735249269761045
4622,0.5382963901240699
4623,0.6904038786007163
4624,0.5567428511501201
4625,0.6433581953410634
4626,0.6165669464533591
4627,0.5640518969475085
4628,0.3361762940287811
4629,0.6258926282204136
4630,0.6616743889403123
4631,0.6247773597393949
4632,0.5535826015181087
4633,0.5077593862157579
4634,0.568066020645796
4635,0.49967767031932286
4636,0.57859881051666
4637,0.4956901321656677
4638,0.5357158649134435
4639,0.535255198648485
4640,0.5495439700640227
4641,0.5068445283824086
4642,0.5131328888629477
4643,0.31529073023030907
4644,0.5345187110830718
4645,0.48860166930365195
4646,0.5812031373696157
4647,0.5105801875253789
4648,0.5300134237620351
4649,0.8037153178439771
4650,0.7576060808522529
4651,0.6101866703230935
4652,0.5920450405500491
4653,0.5010288989892199
4654,0.8277911984615914
4655,0.451934117505467
4656,0.4597531262301401
4657,0.555715094372442
4658,0.4099644549364976
4659,0.3887870203941986
4660,0.3778876916150805
4661,0.46425602424056533
4662,0.363112855682587
4663,0.43919879244340043
4664,0.5700623227080526
4665,0.4090284212328987
4666,0.7045045938352464
4667,0.43722901861340374
4668,0.5881702365829816
4669,0.6095071524256508
4670,0.5224927744281939
4671,0.44579656562494985
4672,0.6371871169027464
4673,0.5308277587647499
4674,0.38793623576168046
4675,0.5755306369398676
4676,0.4080053255048786
4677,0.6730209302387529
4678,0.5652071828076654
4679,0.39671566271629666
4680,0.5364019316207345
4681,0.5212599299058621
4682,0.5345646493762012
4683,0.5939531771923092
4684,0.45404017020146636
4685,0.5948766090687189
4686,0.4657472281161979
4687,0.39262909410345137
4688,0.49403141900719444
4689,0.6808276724836964
4690,0.5022680872505046
4691,0.5009879070612125
4692,0.33905264450449213
4693,0.6074182539905462
4694,0.49658128787771433
4695,0.5485169420475542
4696,0.7152231626865025
4697,0.6267962619097504
4698,0.5021738043476147
4699,0.49729475537175916
4700,0.5476446086671191
4701,0.6923566348644038
4702,0.5024663864342164
4703,0.46293784391186327
4704,0.4786376776104816
4705,0.8003229231824432
4706,0.5580014650102937
4707,0.6051336925193105
4708,0.6681493731338949
4709,0.5916749328135199
4710,0.5969329260287051
4711,0.5476107933017723
4712,0.6162121252861754
4713,0.48052111311926116
4714,0.52583360442011
4715,0.5138573571160854
4716,0.8442509348412117
4717,0.5224811831186951
4718,0.5588020237465087
4719,0.4179895052745985
4720,0.4086236711280353
4721,0.5273339577985952
4722,0.6188875912796326
4723,0.6111903898065081
4724,0.7301383691780277
4725,0.6055983340882493
4726,0.6178066398234018
4727,0.4402453365435455
4728,0.4382594247966801
4729,0.5167948283885325
4730,0.5784934313215552
4731,0.5255428458690439
4732,0.4884666842305476
4733,0.6373153110723973
4734,0.39065378125213396
4735,0.4817606468547052
4736,0.43705316358941293
4737,0.48197324410660336
4738,0.7480781378321286
4739,0.4509007492041144
4740,0.5909910711758583
4741,0.49092165132735877
4742,0.4610086773816482
4743,0.568463400626102
4744,0.5944873986979077
4745,0.392413416170176
4746,0.49851684327493145
4747,0.5522918383805601
4748,0.5396541624191686
4749,0.6023337041258322
4750,0.5220551579749909
4751,0.4483771117471599
4752,0.5501932825369966
4753,0.45936986243444655
4754,0.5823142877993679
4755,0.4951286864388142
4756,0.5412653582576736
4757,0.58935659643772
4758,0.3729104841920051
4759,0.6669195910909724
4760,0.34610090551815
4761,0.48742724581077573
4762,0.7102652083495286
4763,0.6847530913156801
4764,0.4686316422029082
4765,0.8100379200457237
4766,0.4065384890358759
4767,0.2954432026074306
4768,0.5764443493259943
4769,0.31590415704164754
4770,0.3802659652428081
4771,0.5165144611678488
4772,0.46551784349609326
4773,0.5588977174357875
4774,0.47396117284490696
4775,0.6401970497353775
4776,0.4171532802002986
4777,0.5567328361837105
4778,0.5684646638455386
4779,0.7697903329677771
4780,0.4098067476173569
4781,0.6991639056955159
4782,0.45694485705601606
4783,0.3915381450269353
4784,0.5044255963800015
4785,0.5996156794278603
4786,0.5621572861758118
4787,0.6870087152184847
4788,0.6734221485847728
4789,0.4999082891801823
4790,0.6641235026010318
4791,0.4715458842641315
4792,0.5236109700082985
4793,0.5557513030841417
4794,0.5364965162345618
4795,0.7146264763374583
4796,0.4751378600104581
4797,0.5079389114934131
4798,0.45213566774109887
4799,0.6201037033930332
4800,0.5538862234178663
4801,0.635720754552346
4802,0.4262562625340633
4803,0.5916393577849173
4804,0.5195360185248464
4805,0.7473554224779599
4806,0.6280570895260006
4807,0.5330107212649701
4808,0.4696372234046541
4809,0.5119546793307648
4810,0.5255408700326637
4811,0.33101875881562753
4812,0.35399874702432377
4813,0.4018847780555543
4814,0.5631885296373723
4815,0.617820659759305
4816,0.41993406246049875
4817,0.45345314235287776
4818,0.5634658924939953
4819,0.652765602367782
4820,0.4347829893844469
4821,0.5388623693468217
4822,0.5283132074189646
4823,0.6766410770441609
4824,0.5651997407542776
4825,0.4905063286731505
4826,0.5952472102826245
4827,0.5360429064038935
4828,0.5061047478817656
4829,0.4090223556052469
4830,0.463158587672146
4831,0.5386424435241518
4832,0.6758069594949014
4833,0.47180185937163005
4834,0.46906525783646646
4835,0.47430125519674216
4836,0.4703320892730386
4837,0.449164061826712
4838,0.5547672536026825
4839,0.5284705310913976
4840,0.3909621025535079
4841,0.5705264323972609
4842,0.578031035196834
4843,0.578423335628139
4844,0.5709231580339589
4845,0.4485955778428085
4846,0.5584366832765766
4847,0.65010379738376
4848,0.5016420300557737
4849,0.6186998392400824
4850,0.45553131388957185
4851,0.5130845623324027
4852,0.5088421870026854
4853,0.7377411925699675
4854,0.5457962337481441
4855,0.5101300996866541
4856,0.46205082403183434
4857,0.4499499232560992
4858,0.5689240785757204
4859,0.6711786585064294
4860,0.5500196958526826
4861,0.26628693315078233
4862,0.5516031071239949
4863,0.5498001922633234
4864,0.5946929163910727
4865,0.33994514342433246
4866,0.5509261479003837
4867,0.5458148239191215
4868,0.4268672166681765
4869,0.32923873137072784
4870,0.5848596852836541
4871,0.5361487562577715
4872,0.7429046114809065
4873,0.5859822021978048
4874,0.5293537582589253
4875,0.49069174264342386
4876,0.6866583651255949
4877,0.3999830091514135
4878,0.5378142508178567
4879,0.5095633171086579
4880,0.5554345426349143
4881,0.6026127289541041
4882,0.7017354384613578
4883,0.5839766975190623
4884,0.3849957119681491
4885,0.34641331899801064
4886,0.5595707204448602
4887,0.5169662198954093
4888,0.5972715968179388
4889,0.5780280310167785
4890,0.49323216299198114
4891,0.5355758629012748
4892,0.42296831661553547
4893,0.5610793759037273
4894,0.5610016313203924
4895,0.5500966461153742
4896,0.554253095684566
4897,0.3795779303064102
4898,0.5170584022411455
4899,0.4999581665411948
4900,0.5025994256807386
4901,0.489509329551391
4902,0.6912408468696334
4903,0.604992324923421
4904,0.37987289279043673
4905,0.5395520894024739
4906,0.4964544246973558
4907,0.59683354464374
4908,0.593380783638749
4909,0.5112047144372608
4910,0.4899071235767552
4911,0.46287801867219025
4912,0.40649489664354943
4913,0.4931579261349596
4914,0.5064528501098867
4915,0.6474660310068238
4916,0.4779014402787756
4917,0.5614040077580813
4918,0.7906635402260764
4919,0.4465001572670025
4920,0.6178531419654173
4921,0.656389535399823
4922,0.5684864709336035
4923,0.470129631075079
4924,0.4447674591101067
4925,0.5914658405812024
4926,0.3617206212926408
4927,0.6085878524818732
4928,0.46785759654066317
4929,0.5306419882497297
4930,0.4727450845706714
4931,0.766469624377778
4932,0.5559555043299367
4933,0.4984170032082023
4934,0.4625015389709468
4935,0.5059768218302054
4936,0.547482715333868
4937,0.40608589661782324
4938,0.6106195604502059
4939,0.5558063688264175
4940,0.581143947970873
4941,0.48085561871449944
4942,0.5411038916098697
4943,0.5838832020648923
4944,0.5711819406181099
4945,0.640427019174546
4946,0.617745573304629
4947,0.45399504459539314
4948,0.4461071193911253
4949,0.43592461156630213
4950,0.5577073075731586
4951,0.44748701069432173
4952,0.5051073120471894
4953,0.4078497948839167
4954,0.5610168174229381
4955,0.49127605399576196
4956,0.402860938537023
4957,0.42639089764080224
4958,0.3965346863283319
4959,0.46433302321029335
4960,0.43948186233348885
4961,0.4838244627161932
4962,0.5090419815740013
4963,0.5534626749624947
4964,0.6079899495549518
4965,0.4028896519661869
4966,0.4117257351349236
4967,0.6820325972435218
4968,0.4582755529371225
4969,0.6800688642254571
4970,0.38369811531532566
4971,0.4986521041738019
4972,0.49573862450627754
4973,0.5016468603637633
4974,0.5793897888452098
4975,0.6476635831993633
4976,0.43737077334675395
4977,0.7592572257946524
4978,0.5823862603256905
4979,0.43394827912423206
4980,0.5657702779288489
4981,0.583876443792764
4982,0.4716132439041767
4983,0.493554372578994
4984,0.45866468414776224
4985,0.4048148663539045
4986,0.5214231304982414
4987,0.44208547445065144
4988,0.6378809839236284
4989,0.3999572245928919
4990,0.5336012621323327
4991,0.5980280195863037
4992,0.533351484955436
4993,0.48597881153740397
4994,0.4909428693763441
4995,0.6442671255598824
4996,0.5007461943192726
4997,0.4415415531791056
4998,0.5116358037723256
4999,0.5658585162515735
5000,0.5014592774011231
5001,0.5062846017423558
5002,0.4630365359649818
5003,0.5041564662889735
5004,0.614992165211546
5005,0.5158632177817344
5006,0.4037341936706398
5007,0.5036269593058864
5008,0.6890839386310507
5009,0.7069234832117093
5010,0.45625292728519895
5011,0.4699709272682061
5012,0.5754188496231059
5013,0.5083207232631719
5014,0.5099228104141323
5015,0.5064976630071202
5016,0.4772780405537297
5017,0.6291310889126388
5018,0.47642774565115703
5019,0.5022170990215915
5020,0.4124367894213885
5021,0.6521789225722529
5022,0.4375523310133344
5023,0.6365258697770931
5024,0.41342366351897925
5025,0.4389644066249223
5026,0.5055916436093929
5027,0.5912048862178757
5028,0.5953735707497421
5029,0.38666133724862845
5030,0.5808846909425429
5031,0.4441196477450564
5032,0.49313513486367194
5033,0.6058632330290193
5034,0.532695948681837
5035,0.5954854285726209
5036,0.5081131665380387
5037,0.4553556123829742
5038,0.4327434807059578
5039,0.6586384521376831
5040,0.7649822882190758
5041,0.5374399339878714
5042,0.6232433132698567
5043,0.4454504339715045
5044,0.3690107724546874
5045,0.5201137167224679
5046,0.5713684639447745
5047,0.5264783425990651
5048,0.4730549713870319
5049,0.4600414838122442
5050,0.595468990066249
5051,0.563836359436471
5052,0.43546374395538223
5053,0.5726616990416561
5054,0.44114991783259716
5055,0.45930925243791304
5056,0.4544902927308153
5057,0.5493338352634693
5058,0.4712074769800965
5059,0.6956109366648456
5060,0.5172660512432717
5061,0.49687796159326775
5062,0.6988182214049489
5063,0.510112803700978
5064,0.46637675023525804
5065,0.4657841864560218
5066,0.36725530550132934
5067,0.4890517721687061
5068,0.6193484855857118
5069,0.33976839610147
5070,0.42563941418919643
5071,0.460199032361289
5072,0.46470152078338245
5073,0.6121072892535473
5074,0.48441598760844456
5075,0.5737751101811914
5076,0.596702003957563
5077,0.44513155833193485
5078,0.4496488441493618
5079,0.5250110724874472
5080,0.5441032119758367
5081,0.5367563393048888
5082,0.4656109157366194
5083,0.5400292434124089
5084,0.5097997333589805
5085,0.6449955141091468
5086,0.5392819196648516
5087,0.4652494092261263
5088,0.5178500595549052
5089,0.6415082976962807
5090,0.43971678791210866
5091,0.4296709584355892
5092,0.5030454318361799
5093,0.4052009560370514
5094,0.5349164220425151
5095,0.5478837660786473
5096,0.6618067425185831
5097,0.4599358339359213
5098,0.6026829084823332
5099,0.4779652763136317
5100,0.3560886104071175
5101,0.5380832117658063
5102,0.4938697185472884
5103,0.6709594522883616
5104,0.48094261159607204
5105,0.5284031872058483
5106,0.5404246423275204
5107,0.3952021915489192
5108,0.47380903665460816
5109,0.7127546912964225
5110,0.47956463296230867
5111,0.573887912083037
5112,0.6766249113540226
5113,0.5095114024893087
5114,0.3516453318383696
5115,0.444032908974397
5116,0.6175112911394063
5117,0.595414724826512
5118,0.42052621783645316
5119,0.45484502998023413
5120,0.3671278792774427
5121,0.44767315218610315
5122,0.5499878688672585
5123,0.7761031154921302
5124,0.5956914278706983
5125,0.4672216561666153
5126,0.4926396339988216
5127,0.657568821270839
5128,0.7650762313236479
5129,0.530631251970032
5130,0.5857736666824666
5131,0.43299907490049877
5132,0.5129678676882841
5133,0.5976582829228758
5134,0.37217446000405113
5135,0.4624149756882099
5136,0.4582799317559452
5137,0.42608720107029613
5138,0.37159845360894045
5139,0.37290417663772213
5140,0.6466932307982731
5141,0.5278661111604438
5142,0.5292752174250461
5143,0.5278533613038112
5144,0.6962506612954501
5145,0.49020171262109186
5146,0.45336170268253534
5147,0.4616336760009017
5148,0.6996777937501765
5149,0.461351524919349
5150,0.5584810975025712
5151,0.46417824423836196
5152,0.6818009473484827
5153,0.6318444865247085
5154,0.5038211662079626
5155,0.45509531078875076
5156,0.7281909609344063
5157,0.675322661155771
5158,0.4640146137108381
5159,0.49550556651978983
5160,0.3378294822375237
5161,0.5857845611345437
5162,0.5931522332957205
5163,0.3717612644062057
5164,0.6881464178703782
5165,0.4533197815080444
5166,0.545422091431559
5167,0.3847586771313908
5168,0.5046482223075116
5169,0.5144946760102549
5170,0.48268807970332794
5171,0.5262891798672514
5172,0.6415712809674626
5173,0.44307623673591
5174,0.4691588513829398
5175,0.5445535964474711
5176,0.4517130041724078
5177,0.3796385709668627
5178,0.6776950683314702
5179,0.5060933365125988
5180,0.5410372555309427
5181,0.5874302405326989
5182,0.5453845552480431
5183,0.5635202274464296
5184,0.5024698401862491
5185,0.5823894686929839
5186,0.5639145532847565
5187,0.43073498816377254
5188,0.5857986479959335
5189,0.37411630589265477
5190,0.5020854891427834
5191,0.3938584104473927
5192,0.4906724972516359
5193,0.4711396042255919
5194,0.45489986050823455
5195,0.4890719605578462
5196,0.5168778069223323
5197,0.5132393775637234
5198,0.643279482967673
5199,0.8009370644681388
5200,0.5253953814623347
5201,0.5513426370174784
5202,0.6121775173936383
5203,0.6230795165646204
5204,0.6546005461099913
5205,0.5842821938208539
5206,0.5548648537989667
5207,0.5475116110169559
5208,0.5644798421989619
5209,0.3934243555247811
5210,0.5019838826612465
5211,0.5454649456734417
5212,0.34075438181874707
5213,0.44588260949159325
5214,0.4682171457936731
5215,0.536606857713163
5216,0.41794220569226315
5217,0.9427451125878956
5218,0.30862092282196385
5219,0.6643228453278899
5220,0.4916951428586232
5221,0.5515720061007758
5222,0.5733501955558066
5223,0.5320092926784397
5224,0.5071354847648963
5225,0.583833092848947
5226,0.6546240172771156
5227,0.636183543016934
5228,0.54974158535158
5229,0.500516555074673
5230,0.7164916518857976
5231,0.5173967966355402
5232,0.5797521479778236
5233,0.48255108912050954
5234,0.4924106782591159
5235,0.5558517446555313
5236,0.40010994282844276
5237,0.5204186720816258
5238,0.520933590815713
5239,0.47093377174244383
5240,0.45838455173013914
5241,0.6386668175535721
5242,0.7270154402956215
5243,0.5810048995008527
5244,0.4176523743264803
5245,0.5312946436547654
5246,0.5166090249097753
5247,0.4481857993991267
5248,0.5513940892846547
5249,0.5930917215633178
5250,0.4951880878554568
5251,0.5757965698080523
5252,0.4807613943781631
5253,0.4672234328460607
5254,0.6384821071166411
5255,0.45358717974089585
5256,0.4864340282643872
5257,0.3977438466567529
5258,0.43876045745102293
5259,0.5943014088441917
5260,0.4696719743058768
5261,0.744194953776866
5262,0.4948563995470267
5263,0.6891556486017255
5264,0.4028256700493237
5265,0.6059180879325506
5266,0.6719667943099716
5267,0.607027834439044
5268,0.7746079550201687
5269,0.4413058383786831
5270,0.6064234018605354
5271,0.5232054325148103
5272,0.4884431078113374
5273,0.49571624345025206
5274,0.4324482436226046
5275,0.44865846223299843
5276,0.48530601323200245
5277,0.522518316856351
5278,0.6099131740889253
5279,0.4460191036287608
5280,0.3913124552943955
5281,0.5819636661969861
5282,0.4215845033069939
5283,0.4094678012261017
5284,0.532308517425463
5285,0.5330126661472312
5286,0.5325334208051618
5287,0.5982223627859827
5288,0.43060484366799145
5289,0.7037575213945375
5290,0.4793513930754957
5291,0.46436287793741965
5292,0.552069509516805
5293,0.4885761800470638
5294,0.4871901808213434
5295,0.6768199783327857
5296,0.3822066513429876
5297,0.4430009026171052
5298,0.6157080527678458
5299,0.6385547153534444
5300,0.5409913681671447
5301,0.8707233730805868
5302,0.5817699647846676
5303,0.3065928913316963
5304,0.4283184799099786
5305,0.5268396887624216
5306,0.41209487953944274
5307,0.5125949866525592
5308,0.5160229631463469
5309,0.44065638370647564
5310,0.45575261778857123
5311,0.6956167741585157
5312,0.3802108622870234
5313,0.543937472766785
5314,0.47901028907929993
5315,0.4939876341859983
5316,0.4675535741307971
5317,0.5017981197836866
5318,0.4751662760387292
5319,0.4189344939231658
5320,0.7518939229197388
5321,0.3929289903708624
5322,0.43077601219672923
5323,0.48745707815888845
5324,0.4998514145596632
5325,0.647048437744003
5326,0.44948566327927975
5327,0.4990947439993262
5328,0.516279361376428
5329,0.5388461761917863
5330,0.6061136230767646
5331,0.5200202637206364
5332,0.5558532062894611
5333,0.4994796029149169
5334,0.5794714481693248
5335,0.4989254979433666
5336,0.5036142916567988
5337,0.7129488280921968
5338,0.4596355974662685
5339,0.7642607756544547
5340,0.4299858428551271
5341,0.43442993039150435
5342,0.5405985334428666
5343,0.4992982314026457
5344,0.5933921876532178
5345,0.5775912374880225
5346,0.4844675277935554
5347,0.5267771608271081
5348,0.4840657447621754
5349,0.43049030714812303
5350,0.48777946224632746
5351,0.575981403557229
5352,0.536663822417198
5353,0.5268747351984147
5354,0.46918065756962546
5355,0.6480631861084069
5356,0.7513499939019066
5357,0.5179415340973599
5358,0.739002974466274
5359,0.6240295839241329
5360,0.7198135651919493
5361,0.6514266437239283
5362,0.49934865277040447
5363,0.5733187195205474
5364,0.5247395162334304
5365,0.5419128151518758
5366,0.7039802992701494
5367,0.599068893454333
5368,0.55999199426645
5369,0.49133936586490284
5370,0.5097305293842066
5371,0.4975115876136024
5372,0.6077144151915667
5373,0.5866876116933812
5374,0.46728544962739543
5375,0.6123998440062877
5376,0.6289820139802514
5377,0.5266645872622213
5378,0.5589434715786388
5379,0.5220217884918689
5380,0.5522809763938475
5381,0.4352615104053138
5382,0.5173808549642438
5383,0.4371459891726611
5384,0.6989748592920064
5385,0.5478659018122828
5386,0.8087025201007023
5387,0.4670074167450444
5388,0.500482672994033
5389,0.4850076146717044
5390,0.5603104083086613
5391,0.37295776185994073
5392,0.5667280249688395
5393,0.4638947475751971
5394,0.4714271735328341
5395,0.4385573721193116
5396,0.4830575341328631
5397,0.4802940125201311
5398,0.400463603865402
5399,0.5439294312543539
5400,0.47674235669827836
5401,0.598164105104426
5402,0.49649378120055027
5403,0.5471384974164445
5404,0.46064093043265036
5405,0.6085857116443669
5406,0.6505471846036912
5407,0.5925951537114482
5408,0.5144860836767471
5409,0.5606659078107051
5410,0.5342679763509705
5411,0.5785492062047097
5412,0.49873840784927503
5413,0.44140727560871373
5414,0.6586919230364044
5415,0.3868394761223563
5416,0.5552904158176122
5417,0.5664797064837179
5418,0.36557678233204105
5419,0.4662008728592676
5420,0.4932862567086573
5421,0.46223303128161713
5422,0.6703537185409705
5423,0.530087803063184
5424,0.3477973452758927
5425,0.5606896336120414
5426,0.5768892335957809
5427,0.5215506313017697
5428,0.6921920242905778
5429,0.3784986406114067
5430,0.5152015443480612
5431,0.7030368912484982
5432,0.526550772396669
5433,0.5502782438567589
5434,0.4405330588068869
5435,0.698429059457442
5436,0.44225907237786805
5437,0.6047769722237816
5438,0.4861693097270921
5439,0.5114970220254049
5440,0.5544727773890928
5441,0.4734407843216745
5442,0.7137920281510648
5443,0.5491136144818467
5444,0.5747698127234953
5445,0.2750231076568436
5446,0.4966606503280213
5447,0.574548310770362
5448,0.6588547186413177
5449,0.6896790781208151
5450,0.6128204506251508
5451,0.5225904644196758
5452,0.48458234957505025
5453,0.4761247488167796
5454,0.5346706538500112
5455,0.6623327943912287
5456,0.6310097664458223
5457,0.4462210215465456
5458,0.6466064468837917
5459,0.5954269243509069
5460,0.5464868010303693
5461,0.463627934186264
5462,0.4802734176618164
5463,0.5312086518770781
5464,0.46810854166406046
5465,0.34387745958022065
5466,0.6377722335586586
5467,0.4498656933411439
5468,0.4341962994393565
5469,0.3910300229122521
5470,0.6846030814036491
5471,0.5920408124074991
5472,0.48008517898571795
5473,0.561560519908354
5474,0.49050705800933586
5475,0.46923749598080594
5476,0.31294208781739136
5477,0.44069402738759833
5478,0.3997400205603073
5479,0.6453230490423704
5480,0.5722695610252942
5481,0.7287054520597303
5482,0.3340997738818086
5483,0.4832809422490647
5484,0.5154830284334393
5485,0.5992550570931535
5486,0.5690450352238715
5487,0.7983145570129975
5488,0.5954989780238115
5489,0.4852505035899642
5490,0.4918064920810187
5491,0.5202720670715545
5492,0.4904692754297628
5493,0.6083854449204795
5494,0.719601046475688
5495,0.5605476861698182
5496,0.4750489600196401
5497,0.40977883088679357
5498,0.6080764135567416
5499,0.56878039808161
5500,0.6253926895644994
5501,0.6467554454389806
5502,0.49270371520246736
5503,0.5516864303786994
5504,0.36821964165445376
5505,0.42436969205563324
5506,0.48821765202846273
5507,0.7361271490961823
5508,0.45437391591399906
5509,0.5772498551733609
5510,0.5046727145567923
5511,0.6504941051478685
5512,0.6924222736715875
5513,0.7753794913609586
5514,0.6009411759445707
5515,0.6614998813402413
5516,0.5337653771138445
5517,0.4468544237551101
5518,0.702167216001401
5519,0.5607053945322757
5520,0.423735466805999
5521,0.5183114292758773
5522,0.5826054735215097
5523,0.4614475869762397
5524,0.5122865528859746
5525,0.6262196408112991
5526,0.6543120441953029
5527,0.714817753301729
5528,0.6466337789197232
5529,0.46315896085273384
5530,0.34114673304592513
5531,0.6077180439189278
5532,0.538604260442631
5533,0.48063755521989143
5534,0.4810901065822784
5535,0.6534506295569231
5536,0.5594815679955792
5537,0.41421576991497494
5538,0.3431490465804739
5539,0.6788506911890925
5540,0.6075507651964718
5541,0.5642685985796859
5542,0.6012914421040865
5543,0.5745515483934971
5544,0.5412623506629676
5545,0.45402404953179726
5546,0.49136871547102334
5547,0.548434960122526
5548,0.5624663266111617
5549,0.43730524227717155
5550,0.3906913337328249
5551,0.5501185356019189
5552,0.6895663761079517
5553,0.6939870415791632
5554,0.5432474537761556
5555,0.4393823937960649
5556,0.3696796285662124
5557,0.5948962017216097
5558,0.4893181097516222
5559,0.5826042568808011
5560,0.42864947502690237
5561,0.5057744597635757
5562,0.6855211653041975
5563,0.6785735788170121
5564,0.46036036388857954
5565,0.6439853703589771
5566,0.4308482834637146
5567,0.5083266445921322
5568,0.48772002157285366
5569,0.4358468877247725
5570,0.5112724440054971
5571,0.5428517431029475
5572,0.5626183263158301
5573,0.5470642329352489
5574,0.47888108425797693
5575,0.43846206926744596
5576,0.45655681252773606
5577,0.5914042694145377
5578,0.5000705795747552
5579,0.4904394217985799
5580,0.5227359036414779
5581,0.4810652236928673
5582,0.5785231008334069
5583,0.6008665033172943
5584,0.5419584286963731
5585,0.2758346040772962
5586,0.5461085260734545
5587,0.550475579353271
5588,0.44464501159174546
5589,0.6453806163122804
5590,0.6866624169734398
5591,0.40314143114184386
5592,0.5392798768615487
5593,0.7974584167203429
5594,0.4049145243864826
5595,0.49752347755345827
5596,0.4983275915769678
5597,0.6941273606288144
5598,0.5899302828319049
5599,0.5414272908841415
5600,0.5423919710357769
5601,0.41822320962946097
5602,0.6747937622310238
5603,0.5613167386113606
5604,0.5078388223236886
5605,0.5238785000917194
5606,0.5417812686514927
5607,0.5019778102917305
5608,0.5359681226077647
5609,0.5959386602950024
5610,0.5980967201796347
5611,0.3911019848851943
5612,0.5551385297215523
5613,0.6270555719531733
5614,0.438251647182418
5615,0.42380610197857277
5616,0.5499109491414194
5617,0.5957986270220517
5618,0.592259616057086
5619,0.5745735619132999
5620,0.3635118306264831
5621,0.609915318737556
5622,0.47647351279647804
5623,0.49022873013913276
5624,0.39959856003666044
5625,0.4722838079416461
5626,0.5745836842173085
5627,0.463774585064812
5628,0.5511605655013264
5629,0.4847749409233731
5630,0.4696086628422924
5631,0.5319108919815562
5632,0.6367494826417742
5633,0.6134315437237489
5634,0.5132762186905214
5635,0.4759452598566821
5636,0.5077381540522568
5637,0.6090701200585333
5638,0.40196778934105526
5639,0.5721462513844121
5640,0.6360774042886186
5641,0.5052915736663736
5642,0.5128099427681341
5643,0.6505289096644467
5644,0.4270998418955613
5645,0.5714383678474341
5646,0.3538970460672516
5647,0.5048413843158306
5648,0.7168307977277122
5649,0.5477556431439973
5650,0.4489270513486654
5651,0.7404998548861635
5652,0.48837437071455847
5653,0.4719107121154994
5654,0.48948768708579093
5655,0.45008134525101623
5656,0.4009508112680313
5657,0.6739051311630662
5658,0.48433909031683753
5659,0.37495994256396004
5660,0.5152067975184439
5661,0.43745114179303785
5662,0.5998448542675707
5663,0.6728332211326847
5664,0.5202905749794513
5665,0.5841053105354439
5666,0.5525474718144111
5667,0.7086760438192697
5668,0.5428458225812642
5669,0.6377173113920722
5670,0.41020127290568165
5671,0.49690750776670933
5672,0.6337505167514302
5673,0.3839903647603399
5674,0.6199322387351704
5675,0.5233213454971201
5676,0.4845092312773199
5677,0.44529198090418337
5678,0.5271872263057495
5679,0.5293543635260162
5680,0.6497814079936444
5681,0.7483194734948009
5682,0.5280544866442033
5683,0.47961891226758735
5684,0.5765638261125774
5685,0.5198605645782923
5686,0.35236126666825435
5687,0.6545265510331645
5688,0.5087628293607792
5689,0.37983149220568757
5690,0.4580429485792694
5691,0.5212623552782838
5692,0.5761667588769565
5693,0.5243090764971403
5694,0.6669295736666832
5695,0.4384531663064359
5696,0.5622939612937995
5697,0.5342293441364351
5698,0.7690105722587288
5699,0.4461037431508702
5700,0.5087712424607742
5701,0.613160687693579
5702,0.6159367356790785
5703,0.5982713954586392
5704,0.35090335273294404
5705,0.6234823835216297
5706,0.4787105814298697
5707,0.529752945158335
5708,0.5181528604651637
5709,0.7399920623621914
5710,0.5333235082358543
5711,0.6390776204167796
5712,0.5907640412385415
5713,0.617813285721509
5714,0.44324901274916106
5715,0.6103354481587329
5716,0.5538604284130253
5717,0.5025601686386882
5718,0.6376316513659617
5719,0.44686866860722413
5720,0.5900645177116972
5721,0.3853062768474447
5722,0.6732003166958478
5723,0.5056305540621805
5724,0.45809133654959805
5725,0.6658224648329886
5726,0.698172226951961
5727,0.3961025379516394
5728,0.5976891833279027
5729,0.6825595969415028
5730,0.6971572497253226
5731,0.5961174622045067
5732,0.41388420634562273
5733,0.6197230618724444
5734,0.5434277367957832
5735,0.5250592444294013
5736,0.5339409292166586
5737,0.5656361374374497
5738,0.4549936365727546
5739,0.43882255225513156
5740,0.5895674328013156
5741,0.400802935692954
5742,0.8655148730108552
5743,0.45120290794801654
5744,0.4338138036711401
5745,0.6125517266049516
5746,0.6573181402080976
5747,0.4829776425904453
5748,0.45921168523783984
5749,0.43550752533043713
5750,0.4302695532382575
5751,0.4624567377736962
5752,0.48827065517031715
5753,0.4951680127162271
5754,0.5655081182339348
5755,0.620035981834819
5756,0.5164541219112135
5757,0.41496970291466717
5758,0.6281866077172877
5759,0.4514770818941616
5760,0.5836186967319366
5761,0.4612338334095905
5762,0.6295804462171466
5763,0.5392689550064174
5764,0.503209402079131
5765,0.6616761374947718
5766,0.4254240980880272
5767,0.5474664700895054
5768,0.3605000041549892
5769,0.4033301132589625
5770,0.3735416845995817
5771,0.5085406099969892
5772,0.5698261875042631
5773,0.4880452858767174
5774,0.6105788104587829
5775,0.6675569526554015
5776,0.4940740197004667
5777,0.4703722855650885
5778,0.6620606379439017
5779,0.6304669975555734
5780,0.412748857821767
5781,0.5568998451683158
5782,0.39770188211116997
5783,0.48277497568250416
5784,0.5115475182141316
5785,0.4770934593448921
5786,0.4433877997709857
5787,0.48147625879985806
5788,0.5091802536507041
5789,0.5592963982063881
5790,0.7197924713939954
5791,0.5971132155476032
5792,0.4753637729504187
5793,0.4908094547902546
5794,0.3948692202518568
5795,0.662719094454209
5796,0.5324280500021543
5797,0.5812917065143807
5798,0.4797264247943805
5799,0.6408207052226179
5800,0.515870637105976
5801,0.48253146594093677
5802,0.622733377498373
5803,0.3860441174955247
5804,0.5100515696485071
5805,0.77968708941087
5806,0.7361947784927955
5807,0.4826355892529077
5808,0.26367172416403206
5809,0.49012997066572456
5810,0.49595817909100404
5811,0.474769196910871
5812,0.5748608822462321
5813,0.549521161580176
5814,0.5190158599883175
5815,0.5337867050808318
5816,0.5239066660490977
5817,0.48483913701659986
5818,0.553362218472499
5819,0.4713852167617868
5820,0.3832697764918972
5821,0.7576787463612684
5822,0.4007204757349321
5823,0.5468086803299047
5824,0.5728227826651042
5825,0.5141133070959054
5826,0.5110043220488649
5827,0.6215263971953136
5828,0.4927597159134363
5829,0.48633000247609826
5830,0.5240079663673899
5831,0.482303478115379
5832,0.32416426158961675
5833,0.5933867873372491
5834,0.762035792472075
5835,0.32355626761476247
5836,0.4771481667357248
5837,0.5049662267813231
5838,0.6015643702065303
5839,0.41124997251800166
5840,0.481683471283266
5841,0.5052578453296597
5842,0.5584731547490381
5843,0.46808508429662316
5844,0.5915058461592549
5845,0.46193577102438926
5846,0.48849172643960165
5847,0.5828358582517568
5848,0.4519189522438508
5849,0.5382190840952946
5850,0.5119323643341244
5851,0.5981596300013815
5852,0.5507526666823517
5853,0.4534635344926102
5854,0.6581595012625059
5855,0.42272124983469084
5856,0.34972672141649697
5857,0.6898997338002251
5858,0.510342877517195
5859,0.5566285226615436
5860,0.37426209134668464
5861,0.37133178582777304
5862,0.41653023234009506
5863,0.4933118422172807
5864,0.43655897701243357
5865,0.539585751496369
5866,0.4913699420563169
5867,0.7507045086881311
5868,0.6379675836555366
5869,0.4511164088021494
5870,0.5428091341713022
5871,0.503739475621624
5872,0.4680990256540948
5873,0.5108414569405312
5874,0.488055406001161
5875,0.44968379891530547
5876,0.5723556318999359
5877,0.7197918958332555
5878,0.4608493952056247
5879,0.5420737692253246
5880,0.5419700390759425
5881,0.5633816256578748
5882,0.42328724856754935
5883,0.6053625858179021
5884,0.6530585889553254
5885,0.4897706142447661
5886,0.45415907314083287
5887,0.46093037301931206
5888,0.4849789409846905
5889,0.46732353080368644
5890,0.6162681485035464
5891,0.4759283876033191
5892,0.46578437934099004
5893,0.5638121524417355
5894,0.475853762205127
5895,0.2683877539663152
5896,0.6226511907655679
5897,0.5823667321718893
5898,0.43857020136286945
5899,0.42232678207627694
5900,0.555611007637329
5901,0.5190357741028655
5902,0.37737891036583043
5903,0.46183330837905334
5904,0.6666185383341093
5905,0.6032161230812594
5906,0.41953156571882655
5907,0.5919132700080063
5908,0.51902306255625
5909,0.33206438584733927
5910,0.5916527448041956
5911,0.6925163984036131
5912,0.5471298501347635
5913,0.526294718070352
5914,0.640804551758075
5915,0.48576395444970016
5916,0.42948485599469843
5917,0.4773535612874296
5918,0.5094297732784554
5919,0.342642499005854
5920,0.3993805269075996
5921,0.5065032951697006
5922,0.3134020932280248
5923,0.3154415046338497
5924,0.5288356076051903
5925,0.5435916614117398
5926,0.4602930555218253
5927,0.3030793577823086
5928,0.5727601818418318
5929,0.4362202749302201
5930,0.4666913765488091
5931,0.3758335572688774
5932,0.654460970026409
5933,0.4953879223825391
5934,0.5458738467355208
5935,0.4587820548566909
5936,0.5401780136648853
5937,0.44514129572150474
5938,0.5579048653523447
5939,0.4485824820616498
5940,0.5545879490549325
5941,0.4970485420173223
5942,0.4269518905989961
5943,0.37387921782609485
5944,0.5155697036482745
5945,0.4532103266872296
5946,0.5233576025726918
5947,0.542786433599781
5948,0.5218644324786085
5949,0.42129613221651663
5950,0.6508112170920776
5951,0.5638102285326175
5952,0.7867908032135422
5953,0.5228618026191183
5954,0.5556341678407765
5955,0.542018160487914
5956,0.44566201417699813
5957,0.5949113051505042
5958,0.7111996423425787
5959,0.39218013772507854
5960,0.5459168845889241
5961,0.5342148953607164
5962,0.5796835234067349
5963,0.6533064654236675
5964,0.7187498850630797
5965,0.5906781556964943
5966,0.43485529832587405
5967,0.3835972478187998
5968,0.618123902478834
5969,0.5286955330697961
5970,0.35845838312749634
5971,0.5492666628803369
5972,0.5987618971386016
5973,0.39143461455193973
5974,0.5815687716472753
5975,0.6251105280475808
5976,0.5111886060769985
5977,0.4438702591558262
5978,0.58932978554749
5979,0.48700654540854127
5980,0.533681867796945
5981,0.3401741618583236
5982,0.5532147432087866
5983,0.6095015447383156
5984,0.6560974680206173
5985,0.6968605272156317
5986,0.4656912503879848
5987,0.6388922063856037
5988,0.45812773030413145
5989,0.3662620636912263
5990,0.5229999334841106
5991,0.546921460683349
5992,0.6987034352564002
5993,0.665924313836955
5994,0.5218594119180672
5995,0.5416657162721764
5996,0.5947842026348862
5997,0.579845943606958
5998,0.5326222982650288
5999,0.447950026030459
6000,0.44995037518072123
6001,0.6291629322792547
6002,0.5469463948877666
6003,0.5284110671520679
6004,0.4336848029102594
6005,0.43253711492786695
6006,0.5044747502042665
6007,0.5996177645816861
6008,0.6437090888362952
6009,0.5861960276622071
6010,0.5009239635232442
6011,0.4956321572691554
6012,0.5582943409051258
6013,0.52160169881896
6014,0.5136117661366216
6015,0.4096903689104868
6016,0.40943265078882973
6017,0.5730107706001824
6018,0.5527202904283277
6019,0.38621539856379006
6020,0.6160569635147959
6021,0.5934195840468658
6022,0.583842186085694
6023,0.4523624817710136
6024,0.4618868107408719
6025,0.4907152001977843
6026,0.6302646922141328
6027,0.6221109667074414
6028,0.4058251571351754
6029,0.5933196899788896
6030,0.3831475479320404
6031,0.5163012811805097
6032,0.572525346524452
6033,0.5589141520186398
6034,0.40097097144593175
6035,0.43823678831965346
6036,0.5323345800022365
6037,0.4381622221199617
6038,0.5436646500668788
6039,0.5022425639816276
6040,0.4219203599671148
6041,0.517992667924336
6042,0.440160825619679
6043,0.5457046860279846
6044,0.5216282206700695
6045,0.5633607113290946
6046,0.3890032709342415
6047,0.5337331031529406
6048,0.744201336659899
6049,0.5164835729241944
6050,0.5032568058872845
6051,0.6058774047299814
6052,0.6896099389643462
6053,0.6727102565038937
6054,0.602936575643312
6055,0.5201297840372058
6056,0.41969869469813287
6057,0.48515068519185395
6058,0.5991508243807088
6059,0.41906532743381775
6060,0.6060845980901414
6061,0.6567802630466566
6062,0.44125037093062414
6063,0.5982740560582394
6064,0.4674242084359307
6065,0.5157568322649367
6066,0.7711342143655099
6067,0.45411204681229456
6068,0.6584575988432408
6069,0.4996616572525542
6070,0.46852763932771385
6071,0.5343998278479107
6072,0.43779136295707577
6073,0.3926299670817492
6074,0.5442108043810033
6075,0.46812192013922876
6076,0.562506031738518
6077,0.5924092451315276
6078,0.49323381146000495
6079,0.4529606946298685
6080,0.46579022126589265
6081,0.5063437285805155
6082,0.5367599696992307
6083,0.4751174782592311
6084,0.41510617142503553
6085,0.5224988390923629
6086,0.617217893999549
6087,0.4918569489928977
6088,0.43157339035770104
6089,0.6391369635457237
6090,0.4724448371981683
6091,0.6063437397818254
6092,0.4794496754978434
6093,0.7223380769400352
6094,0.5437688968897182
6095,0.5427954209953813
6096,0.44542485336171406
6097,0.5935655034380872
6098,0.6242943632952875
6099,0.6141699232767469
6100,0.6131645009660243
6101,0.5823725891590723
6102,0.5435754951472309
6103,0.6059437713682163
6104,0.4639019283589343
6105,0.36453365499674295
6106,0.47609392655674776
6107,0.49706787346117715
6108,0.6307974876404477
6109,0.3620863032347508
6110,0.5053791259413601
6111,0.47184868094945026
6112,0.6229503516733897
6113,0.5357628243909441
6114,0.7875449460290349
6115,0.5341180064829371
6116,0.5254687907783153
6117,0.5128387819126999
6118,0.43329643342726676
6119,0.3633487555749616
6120,0.4772865611079816
6121,0.4715036491992723
6122,0.49485692478244686
6123,0.49460463942282595
6124,0.5448642428489253
6125,0.5036735731063854
6126,0.590364407290998
6127,0.622726433261189
6128,0.6251966537558243
6129,0.4611604210520954
6130,0.5241691225889301
6131,0.551583046157471
6132,0.6129444939052833
6133,0.37654168332666915
6134,0.6376395239168368
6135,0.6889570513821679
6136,0.5725100827561853
6137,0.4850537672147807
6138,0.48150732203194085
6139,0.576350664898148
6140,0.6033899970308448
6141,0.3275264161919691
6142,0.7061093050980611
6143,0.46980060259108625
6144,0.369363045204187
6145,0.34945303974454467
6146,0.675677372920934
6147,0.6001204544700386
6148,0.4563622827118581
6149,0.502812913250835
6150,0.4733409081122246
6151,0.6503785963515342
6152,0.6023881763507204
6153,0.4967676127035821
6154,0.42723765688032694
6155,0.46147180807104415
6156,0.6219351112688408
6157,0.5282017624514261
6158,0.46354285740482193
6159,0.5137740963127747
6160,0.5642285347968509
6161,0.5203142072517355
6162,0.6811122631380232
6163,0.47508730413262407
6164,0.6052139047623243
6165,0.537080689613008
6166,0.5400004129385461
6167,0.38779600890032007
6168,0.553829784316698
6169,0.47849434268124114
6170,0.5266982078210461
6171,0.3187206086370381
6172,0.557378358504355
6173,0.4275241817947453
6174,0.6809584153972574
6175,0.6082425346053097
6176,0.49611300081120413
6177,0.6741344219613626
6178,0.4901216423814711
6179,0.6155772156550363
6180,0.5802656907649035
6181,0.5659939367358557
6182,0.5206054439367725
6183,0.6151190008125438
6184,0.5570021528461774
6185,0.5801425505149741
6186,0.48808535331466024
6187,0.5070829464445192
6188,0.457758237952281
6189,0.41121208904714257
6190,0.4920745493112232
6191,0.5827799430693558
6192,0.6153399160738637
6193,0.5288439238480795
6194,0.417005930140052
6195,0.443964471755484
6196,0.4369287772865549
6197,0.49622721423371857
6198,0.2990974815745617
6199,0.4272019612141228
6200,0.5667151821895257
6201,0.5245471003917906
6202,0.47763595855801877
6203,0.37237994246663564
6204,0.6242879581420505
6205,0.5629576491894969
6206,0.5692921915045988
6207,0.3674715144078944
6208,0.5142373882098161
6209,0.5281552616130284
6210,0.5637082119352337
6211,0.5273828087856569
6212,0.5013792319551756
6213,0.4649090305805055
6214,0.524135789437521
6215,0.45750454665692725
6216,0.4461146821984493
6217,0.45806736521256675
6218,0.5576461271854386
6219,0.6135307421406594
6220,0.4894037890491898
6221,0.49673062725748657
6222,0.5846082072478492
6223,0.6058140435943952
6224,0.5514570458660278
6225,0.6007429684656685
6226,0.4336586793971075
6227,0.8871303218170774
6228,0.3928144041354944
6229,0.5508304543011413
6230,0.4208134003604105
6231,0.5668287561930694
6232,0.709191872913484
6233,0.6025874531174952
6234,0.710555340011126
6235,0.45395248083281153
6236,0.3086918239523445
6237,0.5920121193646731
6238,0.5510731571766322
6239,0.5196357237702572
6240,0.45352512910126674
6241,0.5633795275232016
6242,0.49579203433937624
6243,0.5287183719614618
6244,0.7281641454607221
6245,0.6127626068437034
6246,0.6634543747115976
6247,0.4783017011867736
6248,0.5530950474638334
6249,0.4400929766822251
6250,0.5061010980617757
6251,0.5318178387336185
6252,0.40826401949056906
6253,0.5471635028587046
6254,0.48914868926909577
6255,0.6181063347042636
6256,0.5592762651721686
6257,0.7137462927728508
6258,0.42321969367459583
6259,0.49082662769178387
6260,0.5999029142542549
6261,0.47891009515715477
6262,0.3533477723335879
6263,0.42629196462215163
6264,0.6380148088194028
6265,0.6033709944227522
6266,0.4365889318715164
6267,0.508082394103528
6268,0.7384379274125099
6269,0.7368434845343365
6270,0.5982370775221243
6271,0.5536876078575458
6272,0.6747928718309625
6273,0.6702257977173398
6274,0.4034157496846831
6275,0.4283347772030888
6276,0.47598568122335344
6277,0.6787911400392633
6278,0.5432163718129348
6279,0.5528158656837797
6280,0.5039460353928766
6281,0.5204408322083425
6282,0.5720223596170836
6283,0.6956627711219674
6284,0.38567138522861383
6285,0.5672687878328531
6286,0.4494710135342673
6287,0.5931157821448869
6288,0.5050129676984966
6289,0.5699282615393849
6290,0.5849877019813373
6291,0.4437370028870307
6292,0.4548281528512627
6293,0.814651940044323
6294,0.4104442543594712
6295,0.46450559838517996
6296,0.6081825859103462
6297,0.514580038508313
6298,0.4640315851510153
6299,0.526883134319608
6300,0.44552729635849336
6301,0.5850566661809549
6302,0.5090046435198794
6303,0.4465020982118735
6304,0.4795123341754658
6305,0.33327833518183236
6306,0.46785625612871556
6307,0.5144056051507954
6308,0.6820112428388698
6309,0.7691864228013364
6310,0.47319207439968214
6311,0.4508566523870447
6312,0.5527970122551734
6313,0.5155356004609635
6314,0.7378465162825779
6315,0.379217389002247
6316,0.5188349120592994
6317,0.5044570054074881
6318,0.7345768177007439
6319,0.6078865663271931
6320,0.4791899240405905
6321,0.5617178742089953
6322,0.5245208403286385
6323,0.42244988516701104
6324,0.530390298929645
6325,0.600682004468445
6326,0.44057912365636137
6327,0.6475203728264907
6328,0.6240429785898871
6329,0.4824769469889627
6330,0.6048323878628502
6331,0.4945002138828469
6332,0.4334798318802
6333,0.359906789295425
6334,0.6897215194013854
6335,0.6030008899705368
6336,0.46722090544741923
6337,0.46415983402310784
6338,0.5232525005235021
6339,0.58075476693203
6340,0.46029297171181194
6341,0.5908050425023778
6342,0.6769081813860797
6343,0.3621296083220895
6344,0.5325131296444041
6345,0.47727642778079704
6346,0.41496428834989296
6347,0.5378632982951322
6348,0.5590768301732839
6349,0.7321287433182562
6350,0.5239132693431963
6351,0.5312793120582912
6352,0.511892215823854
6353,0.5909265220243298
6354,0.42217155987271077
6355,0.5512010417302329
6356,0.5028053870613662
6357,0.6386695767058591
6358,0.5426157138881689
6359,0.41284383119821083
6360,0.5362652845521387
6361,0.6978985706295767
6362,0.36256721946746107
6363,0.578636809389506
6364,0.6707360662133789
6365,0.6753680330024178
6366,0.7174635788785297
6367,0.6769823225577116
6368,0.6354619922170688
6369,0.504365115829615
6370,0.5625578426469483
6371,0.6000169158642079
6372,0.4387283312807468
6373,0.45103289378219213
6374,0.4176462759185565
6375,0.49805421268767774
6376,0.4001368448121687
6377,0.5131437425206382
6378,0.36804534785567183
6379,0.5672513958031603
6380,0.587594816148856
6381,0.5312448251234905
6382,0.6360347312905337
6383,0.5863730491162745
6384,0.5362753250501907
6385,0.4245241729012253
6386,0.6496022531820582
6387,0.4970832009670411
6388,0.488600134431095
6389,0.5486855905755007
6390,0.4958489415995606
6391,0.5638411802803872
6392,0.567125720402346
6393,0.4631425943580584
6394,0.5005528372643019
6395,0.4447823886673674
6396,0.5413071182574971
6397,0.6561526391034834
6398,0.524227844508566
6399,0.5558392807549537
6400,0.4508068084538923
6401,0.3232277025775271
6402,0.41131004322225917
6403,0.4420123069505131
6404,0.5834413854979605
6405,0.4716526290559029
6406,0.5070993251738377
6407,0.5777779215241455
6408,0.45563293113332304
6409,0.5835653276501489
6410,0.46177728867160267
6411,0.3800285088808255
6412,0.6104866052870198
6413,0.5164787567008565
6414,0.620336565821787
6415,0.6897828550898207
6416,0.5939066452732992
6417,0.6507590304132338
6418,0.5978030351176652
6419,0.505527552193799
6420,0.3776378720535609
6421,0.4783001476446713
6422,0.5861714203376539
6423,0.42882201566244227
6424,0.6573661457739262
6425,0.5908534530225021
6426,0.5232095796244064
6427,0.42283399231779023
6428,0.5844565911831694
6429,0.4333868850093929
6430,0.7263713666306969
6431,0.550733631959883
6432,0.45465984578033986
6433,0.6309343745723618
6434,0.5249326361936432
6435,0.4020392080431299
6436,0.5358790782754962
6437,0.557777602715923
6438,0.3842702538979357
6439,0.5355988612650143
6440,0.417660687324813
6441,0.3348458628860409
6442,0.4504076612529341
6443,0.47505989775926877
6444,0.41109341048444076
6445,0.6280119821025193
6446,0.5049925392771373
6447,0.5543396719230678
6448,0.6193535792913837
6449,0.4225041898187255
6450,0.46178247680493156
6451,0.6878479885155864
6452,0.5143828964940184
6453,0.5979136131164633
6454,0.8238740360450374
6455,0.3898139393683562
6456,0.5087727571387973
6457,0.6736836708823954
6458,0.4641441326921755
6459,0.5505375637641621
6460,0.4557430990886173
6461,0.43917332043330953
6462,0.4381317843667919
6463,0.6233658577805539
6464,0.5558066530091941
6465,0.6039747959320538
6466,0.5009870713846456
6467,0.4886172072909393
6468,0.5362358043065555
6469,0.5499352126501688
6470,0.6371312022669909
6471,0.6000207887151073
6472,0.5144067515159126
6473,0.6817340592977252
6474,0.6367217451038951
6475,0.44711886998979294
6476,0.4990293334054465
6477,0.8616800097154609
6478,0.6623597937617494
6479,0.55353021297988
6480,0.5840427574242198
6481,0.43088081465031747
6482,0.4597597862581469
6483,0.4710667217466937
6484,0.6269665338589593
6485,0.4900828890571249
6486,0.5022797053460197
6487,0.49898793198563607
6488,0.3391643319568627
6489,0.6435576803687387
6490,0.36134613957381856
6491,0.4541779943949434
6492,0.4521231922038874
6493,0.4414259039987543
6494,0.46242308379458985
6495,0.5806145917639098
6496,0.375788420046993
6497,0.520459174321766
6498,0.33703368500735886
6499,0.46112757479195726
6500,0.5331914013039022
6501,0.5738688786558992
6502,0.385734573401725
6503,0.6821079732387815
6504,0.5156319319406917
6505,0.45917820698041567
6506,0.5120690492773768
6507,0.6382981674729813
6508,0.4610798618265395
6509,0.42504373266753304
6510,0.5315470216614138
6511,0.5231562130425309
6512,0.49603702377185444
6513,0.5047121637106797
6514,0.5358828084977456
6515,0.539329646621784
6516,0.7249929519634857
6517,0.45799194443851876
6518,0.6253258156476618
6519,0.46184543841395587
6520,0.3535408330456449
6521,0.49809649133181577
6522,0.3866912109964178
6523,0.5402555882901506
6524,0.4034422001898032
6525,0.7007906989356918
6526,0.6397874468580733
6527,0.6738235695001848
6528,0.586543045218461
6529,0.5702498123065486
6530,0.46086365009037533
6531,0.6516506240945792
6532,0.5250861414928726
6533,0.5800092422959036
6534,0.5395507800255506
6535,0.46709860547600657
6536,0.4619071497124295
6537,0.48635358363807263
6538,0.5011522427735327
6539,0.5596856192274835
6540,0.5090830715778055
6541,0.6464157266839707
6542,0.5859684330899482
6543,0.5513400450851745
6544,0.697648090138967
6545,0.5804055250931139
6546,0.7660176259804337
6547,0.5464740816030101
6548,0.35036033815646445
6549,0.5421849244688063
6550,0.45440358898822003
6551,0.5219410786118831
6552,0.40417763197638956
6553,0.5928474214324764
6554,0.3868071583566266
6555,0.5998856474856533
6556,0.45420935429067055
6557,0.4968987688833074
6558,0.6076874520364688
6559,0.5368442581406336
6560,0.6755002985262977
6561,0.420148385363265
6562,0.5355914625152375
6563,0.6125335565153391
6564,0.46839059820481377
6565,0.40850089530969064
6566,0.6200840454093681
6567,0.4434058065434746
6568,0.6162489127333612
6569,0.565281700172528
6570,0.5309572146038551
6571,0.7949867309844971
6572,0.6882857555916904
6573,0.6118527741322142
6574,0.510134037693489
6575,0.5574739921522978
6576,0.5599680481978998
6577,0.5326651974284928
6578,0.5104589358856201
6579,0.5640427338873254
6580,0.477843083770362
6581,0.41518820495496317
6582,0.6609537477771525
6583,0.4554738918547608
6584,0.574434384036453
6585,0.5052983650697525
6586,0.5109705287276542
6587,0.36986911328537425
6588,0.691012205859785
6589,0.6640870779607425
6590,0.5612719841002075
6591,0.5059330309566603
6592,0.34173652135108
6593,0.5689599683130692
6594,0.4684677493259349
6595,0.4622523558336711
6596,0.5245821956271345
6597,0.5290065869027814
6598,0.32991127195806513
6599,0.42931232722325063
6600,0.5807493118146548
6601,0.5589903026287567
6602,0.6522036858795539
6603,0.45634932882571655
6604,0.5277195235302803
6605,0.44046972410661894
6606,0.39803695252108795
6607,0.4999283860278944
6608,0.4258571018155869
6609,0.5699285028361867
6610,0.38395094759980797
6611,0.5124918766915679
6612,0.374731381656195
6613,0.4585934803659131
6614,0.5783149790944905
6615,0.5756727398220506
6616,0.42716403138090475
6617,0.48667912569834537
6618,0.38996648752006013
6619,0.4359984808178317
6620,0.544015965868573
6621,0.5545761420680367
6622,0.43001415574436486
6623,0.6538175442374388
6624,0.4496616942736117
6625,0.5429659513573125
6626,0.5327652110312117
6627,0.6274281407503196
6628,0.4272527249006043
6629,0.396151719574398
6630,0.5662560271163074
6631,0.6130761116112236
6632,0.4890051693615869
6633,0.5547097961745844
6634,0.6824826089126912
6635,0.6993847920230469
6636,0.5725700640702225
6637,0.388422241088481
6638,0.5124765108376067
6639,0.5361790941662544
6640,0.47539473627528805
6641,0.6569960605239217
6642,0.5535049737570438
6643,0.6537947470113358
6644,0.40225454362642454
6645,0.5620520540356484
6646,0.4506338976970211
6647,0.5840514320582106
6648,0.5919089148297104
6649,0.4732800053156528
6650,0.4770574913002083
6651,0.6373333356018184
6652,0.6294358824270828
6653,0.5178885663947403
6654,0.4682861642643935
6655,0.5251512323807802
6656,0.5536487180380034
6657,0.44926303020112435
6658,0.36775686732116053
6659,0.7664766644527731
6660,0.5180124116041362
6661,0.3901170328850685
6662,0.5458981454795301
6663,0.6429062493823026
6664,0.5042495325600269
6665,0.5381425120615424
6666,0.5032143766251234
6667,0.36762941232579066
6668,0.5638238550938873
6669,0.3799555388570154
6670,0.6173422026953121
6671,0.476810048199046
6672,0.6242904309123076
6673,0.5525308907520533
6674,0.4558627019890279
6675,0.5086298870220635
6676,0.6057292806093557
6677,0.4613856485030032
6678,0.5316564568130826
6679,0.42507857959044854
6680,0.45523214523061495
6681,0.4900392698368289
6682,0.5554665095519241
6683,0.43821998201379486
6684,0.5378776770420266
6685,0.49412240121134676
6686,0.5449098255462156
6687,0.46341309715760803
6688,0.5626039128933668
6689,0.5324456293645223
6690,0.41549420810912785
6691,0.5798630120941645
6692,0.5284863763492241
6693,0.7763706871183726
6694,0.4976302715915867
6695,0.42849854532119497
6696,0.575098111917411
6697,0.47442693349463616
6698,0.6589599543451463
6699,0.6284175596817064
6700,0.5816992532423276
6701,0.6094271718615185
6702,0.49325773368179004
6703,0.4776191353342807
6704,0.48516643611363863
6705,0.540414386187141
6706,0.5374831858058781
6707,0.5210370426465617
6708,0.5086311184277521
6709,0.7355295243285401
6710,0.7885347279208198
6711,0.7820306260514107
6712,0.5639479327596091
6713,0.5058787944334595
6714,0.5196087790402962
6715,0.6508319836463707
6716,0.36726597671537187
6717,0.6439152733714846
6718,0.4187933346534968
6719,0.7170605765819841
6720,0.5111616753681116
6721,0.6815121603435481
6722,0.832278606312426
6723,0.49912531889710654
6724,0.49435331094725166
6725,0.572981035655574
6726,0.4365832232883706
6727,0.4656609868195187
6728,0.4377505675012906
6729,0.4216034185939897
6730,0.5121005498646151
6731,0.5098560054952238
6732,0.40397933587275414
6733,0.4777033940606839
6734,0.6382399560647972
6735,0.37867682348926274
6736,0.7974604363041047
6737,0.447350643768321
6738,0.4514958059766746
6739,0.6687230986453074
6740,0.4760212561509939
6741,0.5130216196117277
6742,0.5019155533026608
6743,0.46812068153099734
6744,0.5043365001745869
6745,0.7817368818389621
6746,0.47485705456405475
6747,0.632947284746831
6748,0.4297306032101863
6749,0.46872600121215596
6750,0.5822954392925104
6751,0.49025668948775436
6752,0.5012206956409719
6753,0.3815684509863513
6754,0.5111211074211003
6755,0.6584304088370734
6756,0.4783020753681741
6757,0.6651884599011377
6758,0.281379178994871
6759,0.47797988352506104
6760,0.3317571018734323
6761,0.524769675060004
6762,0.6642774843294476
6763,0.38736515646788106
6764,0.5948855007380258
6765,0.5618649768914402
6766,0.5614436438152957
6767,0.509884869909248
6768,0.3276951098143148
6769,0.38636363763688764
6770,0.47812093460141447
6771,0.7103733660872691
6772,0.5037157643135974
6773,0.4707137908177885
6774,0.7201664538424826
6775,0.5242154512863528
6776,0.3691088345653003
6777,0.5093386902888267
6778,0.5503000287406402
6779,0.4394317892768141
6780,0.6786417705247055
6781,0.432358242513918
6782,0.407415554893319
6783,0.5356228907591207
6784,0.581482330568657
6785,0.5474807592629972
6786,0.5937665546870001
6787,0.881218057004594
6788,0.47617085003192494
6789,0.4908357001946487
6790,0.4422235659177054
6791,0.6814824920842003
6792,0.6545647574961613
6793,0.5655212929206156
6794,0.7817134408791184
6795,0.4040546547444649
6796,0.697336745557626
6797,0.592032862428905
6798,0.3996944675238092
6799,0.6567525147938224
6800,0.31108494421892974
6801,0.64430394926271
6802,0.3830023905258032
6803,0.5310238889953393
6804,0.6058849334667189
6805,0.5454183079217508
6806,0.6121623253066413
6807,0.5784002547974755
6808,0.5207258189814046
6809,0.5861296517731944
6810,0.36337770111365514
6811,0.5575939495148249
6812,0.43596403188481897
6813,0.4370109961208326
6814,0.39853052201128236
6815,0.45728732989080906
6816,0.3409947343430865
6817,0.5169142639375465
6818,0.5543613866731473
6819,0.30532559399678405
6820,0.5716195730141664
6821,0.5606599423215157
6822,0.38776461191486244
6823,0.4745748544452425
6824,0.6058556884211476
6825,0.4713347968807259
6826,0.5220087882410823
6827,0.6098982062490823
6828,0.42357972792906395
6829,0.6911085101475356
6830,0.5034198567389827
6831,0.5321617711347463
6832,0.679030698851664
6833,0.659181899751212
6834,0.3413829106642554
6835,0.5058909719934349
6836,0.6689072730804936
6837,0.40244095370896704
6838,0.5023832004876216
6839,0.6542792094648786
6840,0.5594892192110364
6841,0.5008809885997627
6842,0.6136640021513035
6843,0.5854082063699985
6844,0.3916033537049022
6845,0.4930648702022603
6846,0.5496154458951718
6847,0.48118398888949054
6848,0.7517536447284517
6849,0.4553034822340122
6850,0.7728389337875179
6851,0.44822958989153106
6852,0.5166420029184488
6853,0.39522799437237216
6854,0.6956608395702402
6855,0.48219798055932894
6856,0.32955729426916414
6857,0.48728799202114303
6858,0.6179929260161793
6859,0.4440390163730087
6860,0.6115473825520201
6861,0.26131914717577154
6862,0.46458172748594556
6863,0.5307125393428999
6864,0.6237434249180303
6865,0.8101285716410476
6866,0.49025311514627673
6867,0.5025459341400539
6868,0.7929556572020302
6869,0.6021719138676518
6870,0.5483788672322366
6871,0.4074667741308213
6872,0.6418520873340566
6873,0.5130017068867432
6874,0.6318751887857903
6875,0.4931433996624301
6876,0.5433692413332952
6877,0.45551662037671214
6878,0.4290281185157111
6879,0.6199882151166952
6880,0.706905014004284
6881,0.5476197584251858
6882,0.5073089509393967
6883,0.5312725260586463
6884,0.86029778796794
6885,0.5247345657629237
6886,0.6642165721276747
6887,0.61321825194039
6888,0.707212247206193
6889,0.5299665212428039
6890,0.47578090997210537
6891,0.6288664416766022
6892,0.5614480754929111
6893,0.521297015698129
6894,0.6376738017925527
6895,0.6569578931766236
6896,0.5895878641407049
6897,0.5118961286896921
6898,0.6156051953015145
6899,0.5583118531822905
6900,0.4733316846132687
6901,0.4453095124839087
6902,0.5101203918315339
6903,0.4618596509499206
6904,0.4991927131202598
6905,0.5320262576728273
6906,0.507482131635229
6907,0.5100386792068302
6908,0.5063417507784805
6909,0.452457198250297
6910,0.5531502392754658
6911,0.42420784546946655
6912,0.4721403237512483
6913,0.44144498296336476
6914,0.4682730350137893
6915,0.4024317542492091
6916,0.3625514941789583
6917,0.6612368713915464
6918,0.5127771229538097
6919,0.7918561646443629
6920,0.4828137031177287
6921,0.7130285083948212
6922,0.5699158985699241
6923,0.5188604810626289
6924,0.43791057582388165
6925,0.7675332479132928
6926,0.5594046339876385
6927,0.670873254103505
6928,0.5266236043784381
6929,0.5987407318531349
6930,0.5533169360548754
6931,0.5217078795462863
6932,0.5875174064751937
6933,0.5167037198134117
6934,0.6063724935647934
6935,0.8298596854255353
6936,0.5103795667985543
6937,0.39143543657674007
6938,0.4274874308573127
6939,0.41030859104155715
6940,0.42597360791429706
6941,0.5231546337094517
6942,0.5696686783778993
6943,0.4996603721898109
6944,0.6387072136430034
6945,0.5381899723287379
6946,0.6332361835033331
6947,0.680237428621444
6948,0.694908230142192
6949,0.5726163648209529
6950,0.48052580438537185
6951,0.58492665156712
6952,0.5247533357626026
6953,0.6647985814323438
6954,0.612218612074001
6955,0.5107532364088571
6956,0.6045381496027254
6957,0.4786600652132674
6958,0.4514491158424478
6959,0.4188645887510217
6960,0.5398112437935435
6961,0.4893278279345495
6962,0.49529786426941863
6963,0.6300823973063824
6964,0.4567960712243656
6965,0.46150511418971363
6966,0.4771923925567995
6967,0.42245564779120215
6968,0.3575710246441174
6969,0.3940815715063429
6970,0.5362451945507917
6971,0.6869256006236091
6972,0.5612905898057845
6973,0.5012019167265036
6974,0.4094892652553307
6975,0.5986645843162071
6976,0.5430919247974351
6977,0.6072008655794475
6978,0.6813028292539645
6979,0.43319003599139927
6980,0.5562782380378163
6981,0.5322840623652323
6982,0.926721226415178
6983,0.38402173486381436
6984,0.4285365956589641
6985,0.41843062759271255
6986,0.46672649731701893
6987,0.5868961687283506
6988,0.511380541670181
6989,0.5810198449162002
6990,0.4901923955774852
6991,0.38473127879715335
6992,0.7659705611431358
6993,0.6789884666920901
6994,0.6229850129296644
6995,0.42519451763964033
6996,0.4462231886412704
6997,0.5149676215200838
6998,0.43964188539490245
6999,0.4703907138115949
7000,0.5195946858095679
7001,0.6059890737195343
7002,0.5890540213710513
7003,0.5164545273572999
7004,0.48088043003990916
7005,0.6112515851600884
7006,0.5477775068180075
7007,0.44659302928291345
7008,0.6332886477651775
7009,0.6328848742432989
7010,0.5887929377726323
7011,0.4399422921011688
7012,0.5198880665009681
7013,0.4854033146034812
7014,0.43382470682314145
7015,0.41846027921612766
7016,0.6319768537700549
7017,0.541822509939799
7018,0.6172716105619663
7019,0.6599901059082653
7020,0.4286978721494059
7021,0.6325036008054501
7022,0.5404637670236349
7023,0.31694506568890984
7024,0.500635096293961
7025,0.5067562655430429
7026,0.6057127211706457
7027,0.3025060139972642
7028,0.6010477029703063
7029,0.5882764820136105
7030,0.34198815976649677
7031,0.5710432748306626
7032,0.5420474223275499
7033,0.4700852299033844
7034,0.45107539104664174
7035,0.4414452250845853
7036,0.2562241279459807
7037,0.49539397240314015
7038,0.563116471365943
7039,0.37084866383188375
7040,0.471736275125731
7041,0.5172180225973381
7042,0.48461476781952634
7043,0.4902629347517504
7044,0.6488495814676476
7045,0.64257349497931
7046,0.4497823373197432
7047,0.5900898412549944
7048,0.7070806414260081
7049,0.5494157926903102
7050,0.7790887735412761
7051,0.49509095458968694
7052,0.5340917327797285
7053,0.4441724965306842
7054,0.6145115720703338
7055,0.48213117634955227
7056,0.48260440139198707
7057,0.5990430055744772
7058,0.6278771874412429
7059,0.48938742923428463
7060,0.41030116394412597
7061,0.6896922665966003
7062,0.5724032248908291
7063,0.6472676374211516
7064,0.6569482931752695
7065,0.37230708325611556
7066,0.5117568348629118
7067,0.6293915002716934
7068,0.5155773968543762
7069,0.4732485589291754
7070,0.5426703151280877
7071,0.46234900442098625
7072,0.5337804750633285
7073,0.5944950037041989
7074,0.5863366755250802
7075,0.5453047130809322
7076,0.42172597094067665
7077,0.5843585174272652
7078,0.46467516830607836
7079,0.5902923908910066
7080,0.573191917654889
7081,0.6414505663180343
7082,0.6111911085153279
7083,0.4459044221151762
7084,0.49714574690855884
7085,0.4805523204546706
7086,0.5537543553768489
7087,0.42775578535689884
7088,0.7262712323514854
7089,0.5250795409260448
7090,0.5840870391038945
7091,0.35989637694333004
7092,0.5734240057186865
7093,0.6347954607658303
7094,0.4447824036934007
7095,0.6577550657258576
7096,0.49586769488356786
7097,0.6219785198137632
7098,0.5671812132771233
7099,0.5352220064817004
7100,0.6360217663082783
7101,0.6365171632462844
7102,0.5010319628987034
7103,0.5325768204448074
7104,0.5462934298366237
7105,0.44184065582390486
7106,0.2704466187606046
7107,0.4455973539759232
7108,0.5868936479230114
7109,0.4929373144190728
7110,0.5251044763422325
7111,0.5580954262727743
7112,0.6603091006681464
7113,0.4381446323358929
7114,0.42177953726882633
7115,0.43012837186945757
7116,0.6330743150346856
7117,0.560149999829274
7118,0.5294254523373043
7119,0.45550200531379725
7120,0.7543180248716506
7121,0.339398415193246
7122,0.5463178947588399
7123,0.4631326445410247
7124,0.5736425213606453
7125,0.6200911962752511
7126,0.5550974157928613
7127,0.5273944912733665
7128,0.6968123511101499
7129,0.456502265730536
7130,0.7510290500054062
7131,0.431000051748854
7132,0.3473179629598887
7133,0.6253671266857033
7134,0.5173222637679419
7135,0.5230478706150512
7136,0.5140735587372542
7137,0.5194368703574151
7138,0.610456731497604
7139,0.4579741686299751
7140,0.6128644911381379
7141,0.38481735446259635
7142,0.4927926215787982
7143,0.7308656924956523
7144,0.388901807916719
7145,0.38751204965913166
7146,0.4877800573004481
7147,0.3586821073761872
7148,0.5202842460505208
7149,0.5539637494744671
7150,0.41352589764011255
7151,0.6597375653051465
7152,0.6577889965901252
7153,0.581712493671906
7154,0.3967612568956057
7155,0.5737830114489731
7156,0.4786471656177363
7157,0.42938667048293333
7158,0.4907661366465994
7159,0.7541265160619587
7160,0.464642629010741
7161,0.39192801898126317
7162,0.5630902545953653
7163,0.5465234288177396
7164,0.4927861868578744
7165,0.6354343310637331
7166,0.6922560194172244
7167,0.41996443034747954
7168,0.4667637452255342
7169,0.5975120512642094
7170,0.47748659127669135
7171,0.425197274683794
7172,0.4243705357511958
7173,0.5569579104089369
7174,0.6279275122046123
7175,0.521387178334355
7176,0.41950057074733826
7177,0.6326199965076459
7178,0.512259474239073
7179,0.6792194656142213
7180,0.356657636723777
7181,0.4769203997750967
7182,0.41697910592713233
7183,0.5450931131672644
7184,0.6229981618235585
7185,0.459606974456884
7186,0.46157065445951395
7187,0.5153571429420721
7188,0.5167631912045204
7189,0.44616967470801144
7190,0.5438964720168413
7191,0.45146934071385586
7192,0.6487451130544539
7193,0.6730256811977222
7194,0.5927272184645707
7195,0.5182742252828699
7196,0.5593809146018346
7197,0.5208130130293255
7198,0.479246639951368
7199,0.3590291323048856
7200,0.49472202210336236
7201,0.46439943454738636
7202,0.4675326702489041
7203,0.5185474273635978
7204,0.5350632256144879
7205,0.3887641714872835
7206,0.5467409655749883
7207,0.6173403306573783
7208,0.3900878644497916
7209,0.45802858238578215
7210,0.5698893195447373
7211,0.5962391929848861
7212,0.4860721817483025
7213,0.4755056218749739
7214,0.5156187169506886
7215,0.4192867252589437
7216,0.5542285933897467
7217,0.3770661257468287
7218,0.42963112088069283
7219,0.4459800027879416
7220,0.6109721276004527
7221,0.43420746590373266
7222,0.5688517668664098
7223,0.5454244028484522
7224,0.4285677831261289
7225,0.5621115180296562
7226,0.5788787568787396
7227,0.5174976339101389
7228,0.5218003974863139
7229,0.6496269583275844
7230,0.518799799181017
7231,0.29400731646405986
7232,0.5587228180830369
7233,0.6594681775930007
7234,0.48542776659065623
7235,0.40119820585312865
7236,0.5967640478127539
7237,0.5056437402434225
7238,0.4747591935075421
7239,0.47745914389510336
7240,0.46615540016097834
7241,0.7015437922716996
7242,0.574562288249596
7243,0.4332436381467206
7244,0.5896653451746157
7245,0.4851317264876495
7246,0.6591497452269975
7247,0.5077077084069245
7248,0.44598068876523894
7249,0.5812910695207989
7250,0.5847264054725582
7251,0.5097646540365366
7252,0.5321625703989549
7253,0.6283420348964197
7254,0.4990454591526054
7255,0.5929059701635016
7256,0.5539608674071848
7257,0.47724116898578894
7258,0.5087204400941592
7259,0.4543574871613341
7260,0.4118004230149846
7261,0.48316405115378835
7262,0.5842724103563989
7263,0.43407219803568076
7264,0.5205075131480127
7265,0.5037348517017091
7266,0.4280874639345682
7267,0.5201578425240843
7268,0.5660318710398632
7269,0.5765612257734083
7270,0.46982650955286753
7271,0.5048169200266486
7272,0.477669569338616
7273,0.5899253706825126
7274,0.5526076529322448
7275,0.6182049747987486
7276,0.5454840489565962
7277,0.6031205358411121
7278,0.6180255853118132
7279,0.4962430793911832
7280,0.44513440359219386
7281,0.45214249757069813
7282,0.4608827031253546
7283,0.5134318682425548
7284,0.6707237912378339
7285,0.6677715205126542
7286,0.40336563234853473
7287,0.5323776486894229
7288,0.5326427891989601
7289,0.46323827816239926
7290,0.464914653086571
7291,0.6395599182410356
7292,0.4909860402176136
7293,0.593790988687279
7294,0.529738022499899
7295,0.6572725448229436
7296,0.5297939436693457
7297,0.6401226413372543
7298,0.4924490882868933
7299,0.497599158756036
7300,0.4409947520528873
7301,0.49104727373585433
7302,0.5728973675650989
7303,0.5025849767037561
7304,0.5224209476083387
7305,0.5370874652150345
7306,0.5604884119773365
7307,0.5966849150404687
7308,0.567583737609918
7309,0.793301210702506
7310,0.8877627088040312
7311,0.4982373272113844
7312,0.537769763527609
7313,0.5244725131886706
7314,0.4871216235343919
7315,0.7065253776916784
7316,0.5561946361292393
7317,0.541223927179087
7318,0.416794149499215
7319,0.46745228589989096
7320,0.331826567280624
7321,0.5419258385380943
7322,0.6175017838884614
7323,0.6076362614701273
7324,0.5036617061651232
7325,0.371049621417405
7326,0.5953538634984453
7327,0.3892348436962392
7328,0.42367958469488276
7329,0.3119420677147666
7330,0.3936119822895273
7331,0.6176968385778245
7332,0.6105236622766962
7333,0.5985662189733466
7334,0.778418556428423
7335,0.5627649759241768
7336,0.5111564239665266
7337,0.7233657416864983
7338,0.4146214829953954
7339,0.3619547505249686
7340,0.4804749731954065
7341,0.5628180118388058
7342,0.5500470650689187
7343,0.38246387536117943
7344,0.42641687725874816
7345,0.43598469151109903
7346,0.3870749946212695
7347,0.7030396140669335
7348,0.5525545633730111
7349,0.7579937564190519
7350,0.4985037084714311
7351,0.6602201596699107
7352,0.5408382931532845
7353,0.49930393019375824
7354,0.508691868429417
7355,0.5976994802408627
7356,0.5932553151967741
7357,0.39651701031177
7358,0.6636841697811442
7359,0.5396228832636639
7360,0.4391464453252617
7361,0.5647427766295108
7362,0.6498450529698908
7363,0.46101625987736455
7364,0.4833646354102693
7365,0.47662827032995914
7366,0.36939204390456887
7367,0.5057785637284333
7368,0.4759583308858913
7369,0.47476234543851736
7370,0.6408163054463564
7371,0.5339795301193049
7372,0.5517644790191837
7373,0.46587528015620605
7374,0.7309179223910311
7375,0.38686445082467924
7376,0.5313482719756827
7377,0.39104777014993286
7378,0.47347519506045066
7379,0.5991401473256371
7380,0.4647766993142762
7381,0.6181761794206664
7382,0.5529784214113529
7383,0.5013624808639544
7384,0.6101241637507802
7385,0.7680716536067065
7386,0.4846420536203319
7387,0.549572420977946
7388,0.5883848589504572
7389,0.49461233881788547
7390,0.5983462397616126
7391,0.6554496736025452
7392,0.48055514160726703
7393,0.6423367566265321
7394,0.4886554249318222
7395,0.7431350922290036
7396,0.6497152356707356
7397,0.6160553543458449
7398,0.5040532500784506
7399,0.5549105346895739
7400,0.5489147327891328
7401,0.48993568248588126
7402,0.5298124237842365
7403,0.6526407209166936
7404,0.3782351830901671
7405,0.5174512215906751
7406,0.5787837432798597
7407,0.5890213684443378
7408,0.5782437667887502
7409,0.7038431953991933
7410,0.38944471602405567
7411,0.5051166696126728
7412,0.3859338734858978
7413,0.48006361397352115
7414,0.6062196544697679
7415,0.5150490325104622
7416,0.42324406973495254
7417,0.622076917979587
7418,0.5968059996519227
7419,0.5299037308519252
7420,0.45831215877133535
7421,0.354987056294943
7422,0.5235769723339884
7423,0.4415954670104474
7424,0.5492072719032246
7425,0.4579270416061907
7426,0.4880633652261006
7427,0.517948682429212
7428,0.614159143691234
7429,0.48964044972087334
7430,0.5759888073406509
7431,0.48785805456873266
7432,0.6494030608819715
7433,0.5021637239751171
7434,0.50180346252316
7435,0.3479701656832134
7436,0.44855857060882387
7437,0.45395048865293824
7438,0.4353043503725502
7439,0.4240671807782195
7440,0.5404266726751753
7441,0.6910395110586707
7442,0.4338434879583808
7443,0.6468190989692855
7444,0.6190075595040149
7445,0.5085248686574296
7446,0.5530397922707265
7447,0.46932337450451084
7448,0.6183338122137629
7449,0.4219196603853032
7450,0.44519801935293446
7451,0.4653350141008781
7452,0.4338160272265664
7453,0.5031085399231416
7454,0.44899138351988677
7455,0.4926883373957154
7456,0.5846240427000331
7457,0.6885454983063561
7458,0.40761003668467966
7459,0.43761323947082587
7460,0.4882032117277763
7461,0.4406899403907653
7462,0.6066846634921479
7463,0.5885156027955749
7464,0.5938330411968628
7465,0.540553140246009
7466,0.5526150576038471
7467,0.6541335825903528
7468,0.3266823677218651
7469,0.5004481932637318
7470,0.5388119576854231
7471,0.6059733477665405
7472,0.37149453422616885
7473,0.565643003076383
7474,0.41128067073772523
7475,0.430998367006711
7476,0.5457626765423471
7477,0.6118561639514116
7478,0.7408240957809997
7479,0.501237298427357
7480,0.6564921040307928
7481,0.4962391478438274
7482,0.5176416033978473
7483,0.6758329441217182
7484,0.4992424741322457
7485,0.6775114370901353
7486,0.3521181995668622
7487,0.5958105441910669
7488,0.640823742765851
7489,0.6061365565350152
7490,0.4673956704705611
7491,0.5241429611898116
7492,0.6733868998569168
7493,0.5296908779081275
7494,0.44059309703857674
7495,0.7213127838809579
7496,0.45902064421822175
7497,0.5109787982475071
7498,0.40615780905770116
7499,0.5211052197549689
7500,0.6558188211676947
7501,0.6202001146216909
7502,0.5923775962984864
7503,0.6077009633832315
7504,0.5488424838456045
7505,0.5234074691006564
7506,0.49469935859374575
7507,0.5744383765229736
7508,0.3141074960067759
7509,0.5580085130749413
7510,0.5419683833756432
7511,0.5132568594507784
7512,0.5651618428553093
7513,0.4094129559754818
7514,0.49284689836058315
7515,0.564164392940682
7516,0.5928110371624488
7517,0.4433973872792612
7518,0.5180285222935391
7519,0.5019287058186619
7520,0.5636412806534022
7521,0.7152360071142099
7522,0.5629749219117754
7523,0.47414042333570566
7524,0.6723590438080542
7525,0.510022709437937
7526,0.5964975450699189
7527,0.4869989349243692
7528,0.4810101061244388
7529,0.4502742927705162
7530,0.44070110694619263
7531,0.5757434240416022
7532,0.5168046849204049
7533,0.46581229635444504
7534,0.5014461311556586
7535,0.5517726183397328
7536,0.4506416413028422
7537,0.48885437721141134
7538,0.40352363333458835
7539,0.5254913802340128
7540,0.4272387718809878
7541,0.6022440900557698
7542,0.4299392532983563
7543,0.6268917586258046
7544,0.39864977282942865
7545,0.6184658634186536
7546,0.4857690559699599
7547,0.5432292644947699
7548,0.47615268741074457
7549,0.6914401521455897
7550,0.5850864187720209
7551,0.5359741416556508
7552,0.5690117449950332
7553,0.5380249430471246
7554,0.3907973996578296
7555,0.5338628072184978
7556,0.6577935374735671
7557,0.330248481984158
7558,0.5967542533441131
7559,0.5472354411835451
7560,0.4983116127783893
7561,0.41951724786839995
7562,0.5452348597256991
7563,0.7018245210503642
7564,0.6279518215713353
7565,0.6513294676876673
7566,0.43395627084784083
7567,0.49238408769193615
7568,0.6707916564375735
7569,0.3845004626183748
7570,0.6334959165452532
7571,0.5664764091666342
7572,0.5746875439035615
7573,0.5995245021318637
7574,0.4646150041635842
7575,0.4704523162942783
7576,0.39126643530926297
7577,0.5289044986136707
7578,0.65989543925525
7579,0.5264942858158603
7580,0.45431433908502206
7581,0.507771299658537
7582,0.44471032130198496
7583,0.5090835599570669
7584,0.5205140686219367
7585,0.5118719407449244
7586,0.8196904800621572
7587,0.4834268215221718
7588,0.6387855988520913
7589,0.5636187624803887
7590,0.5561876451374917
7591,0.4699286933124978
7592,0.5506085700684781
7593,0.581885860438503
7594,0.5663497352318654
7595,0.4185479413969678
7596,0.6204686015864224
7597,0.45480282156877655
7598,0.5989703158513603
7599,0.5839604630123465
7600,0.5501004338583572
7601,0.3337072443482606
7602,0.6223580763003184
7603,0.44159951699088357
7604,0.4369121219967472
7605,0.4288910563943931
7606,0.5835097940564764
7607,0.5017160967340187
7608,0.5342103978165682
7609,0.5675920816931381
7610,0.5129253691792339
7611,0.4377900830618386
7612,0.4749335707359211
7613,0.4789521069699571
7614,0.35024779577415943
7615,0.6367644048429311
7616,0.5309197805237067
7617,0.5372711030701804
7618,0.4084212454362651
7619,0.5344667714605484
7620,0.4682353707187611
7621,0.5114139515774628
7622,0.31945805371745406
7623,0.4129419095674554
7624,0.46981554923471525
7625,0.5461276039341401
7626,0.48222161348944836
7627,0.43253753626600294
7628,0.6378045121912671
7629,0.4962954932539323
7630,0.4247172930859695
7631,0.4076540799400587
7632,0.43875025921228616
7633,0.4335403033262302
7634,0.741312297950937
7635,0.5759408915087355
7636,0.6768330245125324
7637,0.6654603344314769
7638,0.49118469944731236
7639,0.47053846314100767
7640,0.54552811465095
7641,0.5658548819540417
7642,0.5336515791112469
7643,0.6311502909417099
7644,0.5755455124088574
7645,0.6804835216919219
7646,0.6686541464449123
7647,0.46833349563433
7648,0.6120513467448262
7649,0.4770957913254285
7650,0.6307315429106639
7651,0.47172148579013107
7652,0.3846389889749223
7653,0.6213283280094797
7654,0.4587253075548041
7655,0.44780847021602754
7656,0.5371896253344244
7657,0.5572743599810762
7658,0.5313211608609737
7659,0.2989363603622164
7660,0.4940056750310967
7661,0.580713419261025
7662,0.5728868343103772
7663,0.6165377762366805
7664,0.5175536265696992
7665,0.47070568954674485
7666,0.4691339200207033
7667,0.5311137486677977
7668,0.574386928271968
7669,0.5482197782844737
7670,0.5549371004201026
7671,0.3917694962700805
7672,0.42374334457226503
7673,0.5357713433358083
7674,0.4114050313501624
7675,0.6356495828992713
7676,0.36354032878770665
7677,0.6108283845201905
7678,0.44614221440468216
7679,0.6552774193690271
7680,0.46487331266315224
7681,0.46307401971353307
7682,0.7102434804923923
7683,0.5188552160791066
7684,0.5125141215241332
7685,0.4518122054732568
7686,0.5674931680635535
7687,0.5534336124940281
7688,0.4666149031691575
7689,0.5097801177565738
7690,0.48361274812888977
7691,0.6120419340543112
7692,0.575429294667385
7693,0.4581246771913705
7694,0.5023753086304611
7695,0.4673623824080277
7696,0.4271070979417102
7697,0.6319514076802791
7698,0.4354315854823648
7699,0.5199942542061088
7700,0.5369993262160923
7701,0.4492594000864236
7702,0.5564414112818918
7703,0.4527430889975388
7704,0.6371090081857932
7705,0.4951544054516034
7706,0.5322802120040044
7707,0.5150055350500893
7708,0.6162907654661751
7709,0.43099185636890036
7710,0.48060292738799404
7711,0.7068374600663601
7712,0.47254114812715553
7713,0.4570387812881886
7714,0.6373038998372869
7715,0.6239325860489086
7716,0.42851378673091656
7717,0.48291568857759015
7718,0.5545115172132405
7719,0.6363507125060016
7720,0.5496771294640946
7721,0.4016116172913297
7722,0.6996475824539056
7723,0.45903771818232303
7724,0.5296053791979434
7725,0.4705354914910651
7726,0.4213454596737861
7727,0.43096241178649997
7728,0.4507710092451429
7729,0.5306699271755805
7730,0.44471682248910105
7731,0.41937297842252025
7732,0.7110611258751519
7733,0.5947049007809763
7734,0.494196549138396
7735,0.7609172631945984
7736,0.5201845097446093
7737,0.42667489503782524
7738,0.6157531496198141
7739,0.6321359572073794
7740,0.54209266517897
7741,0.6521229454553601
7742,0.6900074938430337
7743,0.5693727867018767
7744,0.5124677741051138
7745,0.5859352140201733
7746,0.5314305684162108
7747,0.491031183441688
7748,0.585779671889822
7749,0.5174750096016413
7750,0.5309574340316368
7751,0.5783979146513168
7752,0.5063366682699538
7753,0.4518754000948492
7754,0.34599708427246756
7755,0.32497909452298196
7756,0.5240877525493626
7757,0.42501572931095327
7758,0.5936716536102807
7759,0.6878589329454139
7760,0.5495062995765215
7761,0.44232424605714027
7762,0.6935953745142845
7763,0.7292436430113768
7764,0.4580719234420704
7765,0.40992371778880765
7766,0.5211113065390649
7767,0.640859177659279
7768,0.5439232362512155
7769,0.5999785699328372
7770,0.8130852489543955
7771,0.42766538117793884
7772,0.5024934033493236
7773,0.34277972522786715
7774,0.4728556064628715
7775,0.5086755284087391
7776,0.4334094184515762
7777,0.608003149949699
7778,0.5272035966734322
7779,0.5558947069549739
7780,0.5528232109360126
7781,0.45865190493064867
7782,0.5792180759130291
7783,0.48132970412027654
7784,0.638624827692548
7785,0.3214347048022238
7786,0.620243313929655
7787,0.4819483936049948
7788,0.45574173846881855
7789,0.36237414790434536
7790,0.41046618261450496
7791,0.49633914622894254
7792,0.4857978880822593
7793,0.44035479753090834
7794,0.5352237860313547
7795,0.5240431158490426
7796,0.4641685544739012
7797,0.5709884661973117
7798,0.3449568340141371
7799,0.47667671779244103
7800,0.4982789348954102
7801,0.7023146162361869
7802,0.4045660257433831
7803,0.5537053728837649
7804,0.631327320028545
7805,0.3909179353418697
7806,0.7281246726695875
7807,0.43445550933117527
7808,0.5630197139258863
7809,0.39395387790518077
7810,0.4551072859971096
7811,0.4700513180705801
7812,0.47937831430319083
7813,0.5485134484298559
7814,0.49442170377863687
7815,0.37595999494057186
7816,0.5025809906904446
7817,0.717001271064301
7818,0.5847186767329645
7819,0.6143850626845506
7820,0.5389725502496459
7821,0.528213014313533
7822,0.8560747016711472
7823,0.5686771194062533
7824,0.5876464159292359
7825,0.4852380568134507
7826,0.4085472911358043
7827,0.4309121821085989
7828,0.4022094839246976
7829,0.5577553889909573
7830,0.36000810216720114
7831,0.5164263565648224
7832,0.5204139283091166
7833,0.3317535785682726
7834,0.5399761478006504
7835,0.466007209398144
7836,0.4362673463330319
7837,0.6716510900328829
7838,0.6388739193528026
7839,0.6103646795911121
7840,0.5540605691278278
7841,0.4454121843510777
7842,0.4723356171546188
7843,0.49882390825782597
7844,0.4761963653074255
7845,0.5689899936094955
7846,0.4368532632500444
7847,0.5053918036066078
7848,0.6072960897819022
7849,0.3748128276367082
7850,0.5796866857081502
7851,0.3747102627168205
7852,0.3472450721167275
7853,0.44215403527365077
7854,0.7267737260180265
7855,0.6318631847300438
7856,0.5786966553438034
7857,0.5224375273363282
7858,0.5972753066318564
7859,0.5578260804120698
7860,0.413808423885259
7861,0.6076222769538119
7862,0.6108106562606237
7863,0.5399999497571973
7864,0.7097527441644707
7865,0.5089025972384861
7866,0.5900825235037859
7867,0.4366041497872084
7868,0.7471674095294316
7869,0.6267470763023515
7870,0.5651263932044776
7871,0.39581135239237575
7872,0.43718490186859593
7873,0.4116080872574859
7874,0.5269524702043772
7875,0.4117780218174225
7876,0.4840206208993043
7877,0.4574627956386246
7878,0.5421080414667356
7879,0.41246203157784456
7880,0.49527399242288755
7881,0.4667467028482606
7882,0.7638957820517387
7883,0.44616827975884565
7884,0.48302647752448624
7885,0.6137384800138256
7886,0.5402681664320966
7887,0.5156553611063871
7888,0.5973715604431081
7889,0.5476500724476187
7890,0.5343893882752165
7891,0.38042617522546246
7892,0.6539669238417488
7893,0.569307016888777
7894,0.7176966709278312
7895,0.42321653683169885
7896,0.4187723787050708
7897,0.5299529537140851
7898,0.49041339439672743
7899,0.31382171878787746
7900,0.5697865618507447
7901,0.5769808385319132
7902,0.5145742478182519
7903,0.643732040289136
7904,0.5818075741048936
7905,0.48939183077007364
7906,0.4437247192057428
7907,0.7341581753241662
7908,0.47978814339968995
7909,0.675138912165286
7910,0.4733012446797414
7911,0.450689758720593
7912,0.7031365375023046
7913,0.4325142081878295
7914,0.49406626907051127
7915,0.6817812106454337
7916,0.6471214745132259
7917,0.48452711824993205
7918,0.4242678794655863
7919,0.5733255886927564
7920,0.7328377664735383
7921,0.4190415921203798
7922,0.45672426269854594
7923,0.5924967957875705
7924,0.4189093907775376
7925,0.486004729977881
7926,0.5095951132402942
7927,0.47641799614869973
7928,0.3820735416395448
7929,0.5062139034884815
7930,0.636183155007439
7931,0.4896920986928259
7932,0.7424666019961004
7933,0.5337402264726319
7934,0.4374137401501431
7935,0.4935437592303902
7936,0.4589378559678293
7937,0.5745533886011203
7938,0.5641152592409823
7939,0.4988995601590064
7940,0.439973134433799
7941,0.457428869017191
7942,0.5132597993063511
7943,0.5611296096028437
7944,0.7294005932000613
7945,0.38578565980831314
7946,0.5921035746922813
7947,0.5289648601020933
7948,0.5346066157556668
7949,0.668059215988602
7950,0.4213787085655653
7951,0.5835841030866358
7952,0.4100877788647178
7953,0.42375625849089393
7954,0.40330757663291045
7955,0.5019996287323286
7956,0.46863968871358636
7957,0.6079056188105295
7958,0.6180797167696974
7959,0.49686290758044144
7960,0.4428159405563882
7961,0.6092416966596854
7962,0.6227631506281703
7963,0.4519759302688562
7964,0.37739097189008025
7965,0.5652279024138148
7966,0.5026474332905142
7967,0.48442591482903397
7968,0.6566246731015898
7969,0.5025915024138466
7970,0.49110253174492713
7971,0.5181445818790601
7972,0.553324479590205
7973,0.5436069168945699
7974,0.558548198193603
7975,0.591627665255698
7976,0.4332481118227213
7977,0.54754052582538
7978,0.5372171454996374
7979,0.5264079256007277
7980,0.36964919388771167
7981,0.4690657089842713
7982,0.5551558566683497
7983,0.45964143483473185
7984,0.5546743286932975
7985,0.48425777290064415
7986,0.6553075761784237
7987,0.6530208582659957
7988,0.4507738322249394
7989,0.6816260443213317
7990,0.7513469565729916
7991,0.4470334230939975
7992,0.4787723222759136
7993,0.35321221187698176
7994,0.608888568279599
7995,0.4557253692215347
7996,0.590136397437737
7997,0.5215964304618144
7998,0.49401510109399777
7999,0.4416786780533935
8000,0.39271047482957855
8001,0.45750382318944577
8002,0.47009447951932515
8003,0.5330448337273848
8004,0.47190043039588125
8005,0.4760179109296962
8006,0.6980999713806113
8007,0.46039037847253006
8008,0.5023477438879453
8009,0.6098234324715425
8010,0.5569536958788338
8011,0.5201384334564861
8012,0.4656747946817421
8013,0.5573342777198689
8014,0.7316642354035383
8015,0.6324993386054806
8016,0.4420272848011932
8017,0.6724448256133329
8018,0.518715344069587
8019,0.5376998574421004
8020,0.4478419771742358
8021,0.4828901849968452
8022,0.41730025123546977
8023,0.4990432124040909
8024,0.49454393441619254
8025,0.47629905362014896
8026,0.4458431713517693
8027,0.6516786111526007
8028,0.5013166060767652
8029,0.6237231734116933
8030,0.3987819442897057
8031,0.4913348159899651
8032,0.4846101200595954
8033,0.507768029764236
8034,0.5016096355034942
8035,0.5170750970002609
8036,0.45693039681799685
8037,0.5514476896031396
8038,0.5068246345784727
8039,0.48586802841189636
8040,0.49536866779121463
8041,0.5009618196447208
8042,0.5370271287899294
8043,0.5316705967479021
8044,0.5494740394444432
8045,0.3198622234613881
8046,0.4757782799542889
8047,0.45461338164982956
8048,0.4738636553552742
8049,0.4985436529098058
8050,0.4819652784206186
8051,0.5007780912722632
8052,0.582010466308111
8053,0.501331966060624
8054,0.4793739461989104
8055,0.3297667889931249
8056,0.7493371851127837
8057,0.42530911988868786
8058,0.7346228776543211
8059,0.5175098874458335
8060,0.5849980369565542
8061,0.5124447932678617
8062,0.4365859863707522
8063,0.4962385812942487
8064,0.5728766666967209
8065,0.49442920800878287
8066,0.5919027982132632
8067,0.6338370471764477
8068,0.31274000534287943
8069,0.49059947708437707
8070,0.4896355328794694
8071,0.47152449964102583
8072,0.4091164221869953
8073,0.6022910951644791
8074,0.5293206395109432
8075,0.5204959292700586
8076,0.5264613514437833
8077,0.48515803389145906
8078,0.43653355488680656
8079,0.4551288594824138
8080,0.3080583410810774
8081,0.6160263049084046
8082,0.5061068866573519
8083,0.5133650080217309
8084,0.7031240858529013
8085,0.4837956821639164
8086,0.6065591585178547
8087,0.5328767540640523
8088,0.6651174210324093
8089,0.5480833655695241
8090,0.3481055700252288
8091,0.5404130809644864
8092,0.4481981325016503
8093,0.3334365727895388
8094,0.6570895118689553
8095,0.4457635508521722
8096,0.42503284572066957
8097,0.48084391790599174
8098,0.6468034237239737
8099,0.4700574780312625
8100,0.5112508157257152
8101,0.41628290042063454
8102,0.48821268947723573
8103,0.42595838638426586
8104,0.5739136841219921
8105,0.567043032667408
8106,0.5386526265405099
8107,0.5697154042986893
8108,0.47574108421649575
8109,0.556608394435074
8110,0.704519393273872
8111,0.4280919218524907
8112,0.5971478230307824
8113,0.5854780844949538
8114,0.4380488088705424
8115,0.7027119221351427
8116,0.5804199915051933
8117,0.4223960402478822
8118,0.5266662650557411
8119,0.5581162341524046
8120,0.46435083416886314
8121,0.44731086329542213
8122,0.39037947113242344
8123,0.772137143028853
8124,0.6175332288028719
8125,0.502115840993155
8126,0.49409830318774467
8127,0.5056122467948306
8128,0.42581913625619777
8129,0.4590163494508863
8130,0.41573287732684683
8131,0.7560462330619602
8132,0.3683393055580101
8133,0.42941217448576374
8134,0.2972076384764538
8135,0.46403419766804993
8136,0.4288814468292269
8137,0.6316219515840701
8138,0.4561960977133459
8139,0.41836961851299176
8140,0.6010209514271475
8141,0.4552514106760938
8142,0.7561087180997698
8143,0.4567505717471256
8144,0.4576804957532319
8145,0.6387322936491378
8146,0.48387686741996433
8147,0.49085545973921696
8148,0.4295760343854098
8149,0.5517672391350253
8150,0.5931410613664332
8151,0.5126343229085745
8152,0.40872051862965875
8153,0.7765306771548116
8154,0.5676173070493884
8155,0.40168323914732307
8156,0.4683109413778703
8157,0.4095593867536392
8158,0.651196061441086
8159,0.5391024515585829
8160,0.5706778909150184
8161,0.5189209550956185
8162,0.49000763234431466
8163,0.47219811137357875
8164,0.6158883775965578
8165,0.6663941505160458
8166,0.41470273883722586
8167,0.5831397071171743
8168,0.5632716422579181
8169,0.42090309293233025
8170,0.3894431596287462
8171,0.44298090791385114
8172,0.6533063351508483
8173,0.3853252019529438
8174,0.5102760948947436
8175,0.5516763206221663
8176,0.49303527841838324
8177,0.5689041195981892
8178,0.6536885485708124
8179,0.5892164515913025
8180,0.5262675369326445
8181,0.5368663645869677
8182,0.38006501950607025
8183,0.6255579277583787
8184,0.5993905751483782
8185,0.39279808621901957
8186,0.6304551549551521
8187,0.4721236276788091
8188,0.5095922362287106
8189,0.6951131644636406
8190,0.44131815060383706
8191,0.4941706708512011
8192,0.645059344534286
8193,0.6657941372577274
8194,0.6259706754197859
8195,0.44419015726801714
8196,0.4044575516887492
8197,0.5792341911274317
8198,0.6431400278439677
8199,0.48887411368287725
8200,0.519550266798258
8201,0.8578558410335221
8202,0.5097255715443436
8203,0.47492106053643296
8204,0.6432326775460006
8205,0.8735549541222195
8206,0.4877200384048726
8207,0.5703463562271356
8208,0.4983823214868646
8209,0.4845716708326233
8210,0.4953515730376668
8211,0.34613571050358016
8212,0.4236370747014693
8213,0.5056571741952859
8214,0.4871253706551946
8215,0.40579330122628504
8216,0.7271052458999047
8217,0.4434687829619272
8218,0.5198655662524762
8219,0.5430697361301695
8220,0.5141813587856107
8221,0.5778103833166618
8222,0.5316061716811317
8223,0.6397981384741167
8224,0.6449209504016972
8225,0.4402339318994753
8226,0.5525285500963161
8227,0.48934894485685143
8228,0.5085607053974287
8229,0.4367733915476198
8230,0.5656993304092848
8231,0.46204657523357606
8232,0.46563344315171806
8233,0.49851014737487465
8234,0.41811352980975147
8235,0.4435006298697972
8236,0.4680807619476206
8237,0.5890948578865357
8238,0.49904491863438
8239,0.5383774445783063
8240,0.4112755711663333
8241,0.7327743817027222
8242,0.5409623272073629
8243,0.5047964905206722
8244,0.6360668877241198
8245,0.41239798698800095
8246,0.4263767432273493
8247,0.4986898004568602
8248,0.3915582924459814
8249,0.38673236944185874
8250,0.5026855998699848
8251,0.40739122931921584
8252,0.47265863176227857
8253,0.466220071456657
8254,0.5734307951454926
8255,0.6314437535572748
8256,0.5617514267723624
8257,0.5700226735743833
8258,0.5220812122375343
8259,0.6154739936999828
8260,0.552690306867945
8261,0.6064901832269155
8262,0.5883678188738175
8263,0.516638720602413
8264,0.566894921260342
8265,0.5407085135716826
8266,0.42654048756005225
8267,0.4365119768917016
8268,0.4287020457659124
8269,0.41084948892118295
8270,0.5293095351563232
8271,0.44584701945149263
8272,0.5526087603380541
8273,0.45240376525909043
8274,0.3684249135934746
8275,0.43644465636349994
8276,0.6851320012599316
8277,0.5604658403673628
8278,0.4986828062786438
8279,0.552023047557357
8280,0.4855673908351402
8281,0.5613542030898154
8282,0.42057862324419787
8283,0.4384617801755052
8284,0.4632729745854073
8285,0.4066768414261089
8286,0.3445697357756099
8287,0.45314781196320036
8288,0.4175633221230623
8289,0.5176627658658913
8290,0.4372376632855348
8291,0.5468609944768912
8292,0.6329895619585849
8293,0.6998701607574349
8294,0.47904047346368706
8295,0.5069083768639444
8296,0.5324206137459593
8297,0.5794420080685075
8298,0.42727554240188387
8299,0.5987742236077668
8300,0.6330959891239046
8301,0.45612320691142805
8302,0.5638670195046545
8303,0.5040598216283707
8304,0.5077235764389724
8305,0.4725655380364635
8306,0.6208207068311876
8307,0.5473572705829136
8308,0.4991966076799076
8309,0.5828921916699866
8310,0.33466856366678444
8311,0.443206223221001
8312,0.4241857500510599
8313,0.4752485773844972
8314,0.6806132851753158
8315,0.5274109071621779
8316,0.4311017891352837
8317,0.5158338706527194
8318,0.4531840547250641
8319,0.6694971860857819
8320,0.521397896681221
8321,0.5329289552372832
8322,0.2976798088429444
8323,0.4940485025585569
8324,0.5868876470239229
8325,0.5030783969367586
8326,0.6104039083361256
8327,0.6058030851283441
8328,0.45967921865084554
8329,0.3908613018751293
8330,0.41851555711023314
8331,0.43959056277115416
8332,0.49503059848287345
8333,0.48692274242083067
8334,0.5945896583887711
8335,0.44085095106916616
8336,0.531900291585229
8337,0.5551193898916
8338,0.6018143060568417
8339,0.6808061426696843
8340,0.3078105205241982
8341,0.4185136033309506
8342,0.6204314573548182
8343,0.4335396074164529
8344,0.4807717563761594
8345,0.5305575568436445
8346,0.5782644584902471
8347,0.497253815315788
8348,0.739029448114668
8349,0.46069078566542004
8350,0.43238419345492873
8351,0.3663112258073923
8352,0.45451466613924124
8353,0.4492934698727714
8354,0.7398958067155488
8355,0.5752752295189277
8356,0.6408393813109182
8357,0.5912622869034443
8358,0.6094036918291468
8359,0.2837955581321676
8360,0.47043459279030997
8361,0.6879500264918715
8362,0.6353418229243168
8363,0.46053441555730756
8364,0.33689116804149444
8365,0.5406527657834569
8366,0.6561530246009843
8367,0.5929854890850457
8368,0.5628966620840046
8369,0.3256711954232866
8370,0.526266972950307
8371,0.5311272420635006
8372,0.5140753327813928
8373,0.3732981099269523
8374,0.594841731788663
8375,0.6931400433475473
8376,0.4831652145335003
8377,0.5862332331274702
8378,0.4698806499876029
8379,0.49088374539177404
8380,0.6489476043465543
8381,0.5858483303887754
8382,0.6659026536041768
8383,0.5841329899573602
8384,0.5647789735581699
8385,0.7087760836384664
8386,0.6820735463448375
8387,0.463224994538949
8388,0.5321486061911298
8389,0.3331567810078242
8390,0.5562626105197157
8391,0.8400854486243419
8392,0.692333465192747
8393,0.5437831893228738
8394,0.5451875493163123
8395,0.5983747826434971
8396,0.7129429262446634
8397,0.48742224513196053
8398,0.5228272470745475
8399,0.45934648136204226
8400,0.4872873635965184
8401,0.4550899651792356
8402,0.5151448161303407
8403,0.5117357976888663
8404,0.36941854219717896
8405,0.46873761250882306
8406,0.6654788708831143
8407,0.7022285901186515
8408,0.5280420368920671
8409,0.6501853953906905
8410,0.5099129270734709
8411,0.5672109430540031
8412,0.3437281234198679
8413,0.5404483855618175
8414,0.5247504099050276
8415,0.6307978179942231
8416,0.36378983489668093
8417,0.5128724823073689
8418,0.43740021679962227
8419,0.4912254490914536
8420,0.560476503187239
8421,0.5247279554568849
8422,0.5013494132137963
8423,0.4739440443570611
8424,0.5487222968148567
8425,0.6876244642545484
8426,0.4716515045499672
8427,0.7384193857698833
8428,0.49494498681667715
8429,0.643782258590452
8430,0.4263677857753072
8431,0.4838221169055907
8432,0.5609585272211944
8433,0.3876441447178305
8434,0.5302800492214592
8435,0.8085873013656889
8436,0.42673383901456474
8437,0.5653047878573177
8438,0.5440171503345914
8439,0.4991615750366151
8440,0.3572530752184874
8441,0.6090502164337265
8442,0.5340667728577613
8443,0.5749020870865869
8444,0.4587823263376203
8445,0.571956059054985
8446,0.478032758014095
8447,0.4354227574652041
8448,0.5732483305985037
8449,0.5082003454925443
8450,0.44607131305445286
8451,0.5420342519342877
8452,0.46788668090300384
8453,0.5085121405360158
8454,0.6300353428592206
8455,0.62860088859823
8456,0.519051919504745
8457,0.5137592233084471
8458,0.4412388544580711
8459,0.4990554304016789
8460,0.6649814541703318
8461,0.5332792008472239
8462,0.5329438011412992
8463,0.48939010861405124
8464,0.4482295890719205
8465,0.6102099480895158
8466,0.5910396693485463
8467,0.48664798339476767
8468,0.391308258212143
8469,0.5263116561935597
8470,0.49022815188804414
8471,0.7859757317894822
8472,0.6154661719271917
8473,0.6989424118656121
8474,0.6181752353055446
8475,0.4895143423745585
8476,0.5517300994213838
8477,0.5232715672941134
8478,0.5795391726808777
8479,0.30581553053046173
8480,0.5295396683088051
8481,0.5523314791583662
8482,0.4463085745915286
8483,0.3901134007236884
8484,0.5491860001661475
8485,0.34990443170737534
8486,0.8175527964647089
8487,0.5537380646232276
8488,0.336692349120177
8489,0.5253355494915993
8490,0.6765403964608777
8491,0.4821431962156819
8492,0.37774726281350407
8493,0.5142367074719557
8494,0.4065608610833738
8495,0.5279794240863429
8496,0.3971396441591465
8497,0.4999391549387705
8498,0.4271403367346384
8499,0.6403542331275953
8500,0.5517342232324188
8501,0.4505575501138658
8502,0.48226241875261333
8503,0.5039092443400159
8504,0.5005080163557458
8505,0.47420263258321754
8506,0.48655109383470274
8507,0.5323196977091496
8508,0.6703305533738283
8509,0.4929980133023688
8510,0.42237995000179857
8511,0.5315261164594646
8512,0.7375256357198066
8513,0.544432413468138
8514,0.4953248224118596
8515,0.4613776306012489
8516,0.5478875021037972
8517,0.5910961899518508
8518,0.4537549560132862
8519,0.6231151094477363
8520,0.5250558008844387
8521,0.4335856009248098
8522,0.40719463939690503
8523,0.49803611251507646
8524,0.5622909319282919
8525,0.4244025078891758
8526,0.38293280897801274
8527,0.5859312542613844
8528,0.5277747593992151
8529,0.5987756157810065
8530,0.5536658227198986
8531,0.4578453827733511
8532,0.5984545145124885
8533,0.5100013303975368
8534,0.5025791057545873
8535,0.5317863832921067
8536,0.540940975315406
8537,0.5702198738310675
8538,0.5610310997878166
8539,0.3934900335548084
8540,0.5397743488962913
8541,0.6788408724266558
8542,0.5883275130404169
8543,0.5825328601984953
8544,0.47669632261111006
8545,0.5316029015365195
8546,0.3852383865214093
8547,0.40140019511126496
8548,0.6105499891109311
8549,0.4509194370675112
8550,0.38094431415811736
8551,0.3443111572505775
8552,0.6992881092225105
8553,0.534594429035279
8554,0.5070188774613701
8555,0.6201473671963464
8556,0.6734058782121959
8557,0.5308432145807476
8558,0.44124918982714323
8559,0.5696722420807024
8560,0.5609304184225731
8561,0.5368962914735881
8562,0.5174941708990765
8563,0.6141423291219557
8564,0.5925939857084136
8565,0.47497570993632215
8566,0.5816547878054549
8567,0.592594405694003
8568,0.5160662836788714
8569,0.6611286725347418
8570,0.5425758423937916
8571,0.48858679957662166
8572,0.5083906487953804
8573,0.6778634595384428
8574,0.5794350646385704
8575,0.5048177791063952
8576,0.4456901596531919
8577,0.4810381494701334
8578,0.5047495125332482
8579,0.4157361359257078
8580,0.5455871924294097
8581,0.4356489290060321
8582,0.5049519745277935
8583,0.5855983826127993
8584,0.40041318904356943
8585,0.5258611970714769
8586,0.42375617262433124
8587,0.38834549389639994
8588,0.3832104358659987
8589,0.5912806252654113
8590,0.550014161160343
8591,0.6272855400863219
8592,0.6992959955668515
8593,0.4212885978958843
8594,0.5376397836151066
8595,0.4622224036234164
8596,0.5351807587761659
8597,0.6037654698930675
8598,0.3420482516029223
8599,0.7824876722799521
8600,0.5113489603226842
8601,0.34760975632940144
8602,0.46368462632473373
8603,0.523839550218781
8604,0.46128274746718706
8605,0.34520060983926837
8606,0.5249320189165617
8607,0.4871764020619078
8608,0.6264933060772413
8609,0.642127289300438
8610,0.589050476837899
8611,0.48019194006143034
8612,0.5427427108264231
8613,0.5108142182222567
8614,0.33215026947072857
8615,0.48715203778475996
8616,0.6139264883346672
8617,0.47302733873580877
8618,0.5396159334723842
8619,0.43693150192441865
8620,0.564255673173403
8621,0.4392602806673231
8622,0.44308562259557216
8623,0.7333167197746052
8624,0.34167808252815046
8625,0.47878131098707616
8626,0.41103941705130387
8627,0.4223673046566999
8628,0.4361138516869927
8629,0.4411740251413085
8630,0.5760160804570919
8631,0.37992497357842403
8632,0.681377456366975
8633,0.7730615711892438
8634,0.6216183532413062
8635,0.5377082136675116
8636,0.5341095789151616
8637,0.6481051469536027
8638,0.405692189284826
8639,0.5814783334883917
8640,0.4434600188385679
8641,0.4974876802664179
8642,0.4538371954172173
8643,0.553754158140733
8644,0.40552500560484334
8645,0.3908956726383971
8646,0.5458287795472408
8647,0.519113475383514
8648,0.5292512388736206
8649,0.5817667567447807
8650,0.5403694569780169
8651,0.48682969355159955
8652,0.6480493200025026
8653,0.5386556365569305
8654,0.4352885092500852
8655,0.45922595672108063
8656,0.49259839579590403
8657,0.4879118493202941
8658,0.5373738393058634
8659,0.4464098338116523
8660,0.5498421918900971
8661,0.5196716301292936
8662,0.41207720924430147
8663,0.5891250917960085
8664,0.515134645170646
8665,0.6724767802229137
8666,0.43162292897684124
8667,0.5606726768032936
8668,0.6123456089785478
8669,0.404504329730911
8670,0.6453258247346136
8671,0.5778066391270759
8672,0.4700698363536928
8673,0.4240966625071047
8674,0.6954257018439761
8675,0.4399778861551152
8676,0.4099444398468817
8677,0.461525213348577
8678,0.6294592699169991
8679,0.46769120730315755
8680,0.47526174125038767
8681,0.4056476699874534
8682,0.4429836169775317
8683,0.5060045437954886
8684,0.38706008807929165
8685,0.35322296823375404
8686,0.6993287467942639
8687,0.5399052200724851
8688,0.6817199291903271
8689,0.4588829257391452
8690,0.5569241812782885
8691,0.5565977064397704
8692,0.4573572431770576
8693,0.5726894869922531
8694,0.5460620360273776
8695,0.6721850044218158
8696,0.533514066842176
8697,0.41213622782008813
8698,0.4919326694935309
8699,0.47088194459659327
8700,0.47026883455876717
8701,0.41281371460217925
8702,0.668464757665084
8703,0.5391474924480879
8704,0.40605220640865713
8705,0.47494878346850244
8706,0.5317854436520892
8707,0.6067735906934763
8708,0.486167774669978
8709,0.7673403496012341
8710,0.4670804995630556
8711,0.5504829905732043
8712,0.449823889181866
8713,0.5280106956631592
8714,0.4617211081724838
8715,0.4083753988527825
8716,0.6316189933401758
8717,0.47946313359941156
8718,0.6570917925514261
8719,0.3312504319576287
8720,0.5182340060998433
8721,0.6379608059815064
8722,0.6244377404877592
8723,0.5279555494006793
8724,0.44524299971800996
8725,0.5526242487890556
8726,0.46964256851266595
8727,0.5073431819554844
8728,0.6393016425289104
8729,0.555195716422808
8730,0.5636107857661673
8731,0.5331398724939719
8732,0.4672915810070302
8733,0.467824745060556
8734,0.404877468818861
8735,0.4810094162536015
8736,0.47434916432035007
8737,0.4476534004594144
8738,0.39472762630441327
8739,0.5898463937710177
8740,0.47940125526966276
8741,0.4028684434077182
8742,0.7725866404132766
8743,0.41522767398260324
8744,0.5097668046343008
8745,0.34335642330712324
8746,0.49170182633703957
8747,0.40946081955938773
8748,0.42114190439525717
8749,0.6013476672038758
8750,0.44661554000600434
8751,0.43193437486495656
8752,0.5541036280789322
8753,0.4790441491226005
8754,0.5654547146818666
8755,0.41917165482228386
8756,0.43891325110383084
8757,0.5018392047367894
8758,0.6346378378895979
8759,0.4905670055407669
8760,0.47063316673025646
8761,0.6091160661878862
8762,0.49475972618568004
8763,0.5342378262285327
8764,0.5197382678103023
8765,0.4965069375259717
8766,0.501244711876389
8767,0.5031686781851085
8768,0.6851370352542286
8769,0.5247501936107161
8770,0.44939675350158786
8771,0.44069618269539934
8772,0.544485387728408
8773,0.4756158617819778
8774,0.601470766683525
8775,0.5640719052847546
8776,0.5880969934738653
8777,0.4725414697862371
8778,0.4780797504943552
8779,0.5449880136418064
8780,0.4832004967922788
8781,0.5334788487983738
8782,0.5177314919709788
8783,0.5217653746486364
8784,0.5784493000575615
8785,0.43600255673342686
8786,0.46183650498103207
8787,0.41199235655827404
8788,0.413899234286108
8789,0.5064309369024161
8790,0.38104481929936396
8791,0.44341561671161556
8792,0.5868956156041865
8793,0.46546451122475335
8794,0.5983791378601422
8795,0.42905785876696
8796,0.5603762336464266
8797,0.4920438875307649
8798,0.5227716313541309
8799,0.3532839377580399
8800,0.5331439384833684
8801,0.48730581221414415
8802,0.5073322080271091
8803,0.5632622925328458
8804,0.5049133198738651
8805,0.6276946747124303
8806,0.7557066521314606
8807,0.5531643278906961
8808,0.36858883571372814
8809,0.35272842776369284
8810,0.5587676609813008
8811,0.4438924760825953
8812,0.585565621313177
8813,0.4785725390240176
8814,0.5391642960226232
8815,0.5906599691142492
8816,0.657864490255621
8817,0.4243591011789156
8818,0.36786010466939856
8819,0.44340350940720336
8820,0.43882409011919443
8821,0.4035248675475202
8822,0.7253479363784195
8823,0.3165866943465565
8824,0.529678870710403
8825,0.5214312737583428
8826,0.6425697285644939
8827,0.6088146194306499
8828,0.6397320052125616
8829,0.6239107672748454
8830,0.5418820473219325
8831,0.5414267076757676
8832,0.6971315619509795
8833,0.4459650034950217
8834,0.5629974220071056
8835,0.5312867397812874
8836,0.5630480679881353
8837,0.39377372817835266
8838,0.7656117607087305
8839,0.5705011240273998
8840,0.517309791603337
8841,0.33163405438439486
8842,0.5798094158172538
8843,0.7230251561567929
8844,0.5583988297587502
8845,0.34230288132766984
8846,0.6444691371388834
8847,0.5582883240870604
8848,0.6571525383655314
8849,0.47942329083933
8850,0.7145632324245051
8851,0.5267132181232561
8852,0.5155660137260571
8853,0.5382228673969761
8854,0.5580540487085591
8855,0.45867003618803115
8856,0.514440169654491
8857,0.5893501748082316
8858,0.46153017670731467
8859,0.5558103481851127
8860,0.5830488608483018
8861,0.7283109934651467
8862,0.4663880907120208
8863,0.5399813756981103
8864,0.6144726682807299
8865,0.4144961086830289
8866,0.5034136078227613
8867,0.4785674651327344
8868,0.451493548786671
8869,0.5174527039445899
8870,0.49577036277759423
8871,0.5131329727723607
8872,0.4639019712458845
8873,0.48948485227129274
8874,0.3538306080324221
8875,0.5637260758486772
8876,0.6743770425840971
8877,0.6269317456375099
8878,0.5810382025043875
8879,0.6879025441602433
8880,0.630049276524401
8881,0.5236286744912152
8882,0.5984768273185264
8883,0.3778127179314571
8884,0.4214474725228079
8885,0.4555891373807111
8886,0.5924885360412507
8887,0.49539033066842525
8888,0.49066492037701515
8889,0.4679326971600254
8890,0.42455778533913585
8891,0.568975776701862
8892,0.3543802875829778
8893,0.4590791216666043
8894,0.5239614653362737
8895,0.38540221990112655
8896,0.5775484442507849
8897,0.558795476311141
8898,0.5593641150896069
8899,0.5396547896697453
8900,0.5547254095815136
8901,0.45738069056418085
8902,0.7286810208165272
8903,0.5223461434140562
8904,0.7606944159571994
8905,0.5291981104229344
8906,0.5083681075939691
8907,0.4306383002328169
8908,0.647191953313431
8909,0.5775432707785002
8910,0.6111052212704898
8911,0.5082931178767498
8912,0.4040318441126548
8913,0.3691334651942608
8914,0.45816853008812375
8915,0.4763571630823197
8916,0.5319265171137443
8917,0.573900258581121
8918,0.5356989742111598
8919,0.6283109083303007
8920,0.45965462818166003
8921,0.37150222637217284
8922,0.4797839915882107
8923,0.33494222076858104
8924,0.43128485735488553
8925,0.5343268332381229
8926,0.5396077561870569
8927,0.6239425436183242
8928,0.4768795206454469
8929,0.45458321239739136
8930,0.44402344430226093
8931,0.4705474595070891
8932,0.47975850123806907
8933,0.7026057897517552
8934,0.5622712374392916
8935,0.5274921806074078
8936,0.37585952349192875
8937,0.534795550098895
8938,0.6232325495127018
8939,0.35515669138775185
8940,0.5886569309312872
8941,0.3999472849982474
8942,0.6090035368599892
8943,0.5741740971304385
8944,0.6229938359475997
8945,0.43160642733012594
8946,0.5016927903238915
8947,0.5596433809217705
8948,0.44706317650849325
8949,0.48533364942762447
8950,0.494846371539544
8951,0.5782572963914479
8952,0.3782541419198938
8953,0.6377216687654715
8954,0.5140933636257771
8955,0.5429114315330912
8956,0.556500422649478
8957,0.5522714667641825
8958,0.6256203299830301
8959,0.5212622428816729
8960,0.6953760881668556
8961,0.4967575331998383
8962,0.5816904138378075
8963,0.6159299884722841
8964,0.6026557775202434
8965,0.6119813906606446
8966,0.3761075165538199
8967,0.3631895991702726
8968,0.5103923172721808
8969,0.5365092845351671
8970,0.7788602905060085
8971,0.5168211846921579
8972,0.5296039430871862
8973,0.5173648614410689
8974,0.6712233219031415
8975,0.4074962960598618
8976,0.39528338778199235
8977,0.39026619417965425
8978,0.540088407424417
8979,0.5238509798979564
8980,0.6023151455865621
8981,0.5846660018596643
8982,0.5050166089036374
8983,0.4524250221152836
8984,0.4074816477556935
8985,0.4226415594515094
8986,0.6271044107245158
8987,0.4040434700983248
8988,0.36234758319928273
8989,0.5619012337066115
8990,0.5574779591091036
8991,0.4928494657030754
8992,0.397275563408211
8993,0.6777065844852884
8994,0.47467281000141304
8995,0.705338976776622
8996,0.5586583144072182
8997,0.6180816463718163
8998,0.6110449918678083
8999,0.394204352762046
9000,0.4359200741510476
9001,0.5353784676344332
9002,0.462005107169869
9003,0.866560921810513
9004,0.43302076736061834
9005,0.3980631598376053
9006,0.4020560803089881
9007,0.5610436622625387
9008,0.5259354882539223
9009,0.4744619932318365
9010,0.41184969491228446
9011,0.5205106346562888
9012,0.5040970538232196
9013,0.5533214123840706
9014,0.8353599066751591
9015,0.43204342027911813
9016,0.45278202287877023
9017,0.5432730351998253
9018,0.48916982877124315
9019,0.3771690672133437
9020,0.5413291298422289
9021,0.6059924867082274
9022,0.5449854323988805
9023,0.6167268430906979
9024,0.5109599831797412
9025,0.3979743595203632
9026,0.5136439050819738
9027,0.528950230058978
9028,0.41778385178853295
9029,0.5790920700398776
9030,0.40404827037420044
9031,0.42536422883230096
9032,0.4621936017085228
9033,0.602771064541539
9034,0.6111124721594382
9035,0.5468222927495111
9036,0.5412703572862565
9037,0.5660226361693705
9038,0.6020204550858735
9039,0.5877351968111872
9040,0.5761873086967773
9041,0.4247006503324334
9042,0.49479479112131086
9043,0.32968631003273813
9044,0.6087534099778092
9045,0.477425835261283
9046,0.35033951686597253
9047,0.6046555425587147
9048,0.5630335799864413
9049,0.4363461527434959
9050,0.4602970010925192
9051,0.41340002295430656
9052,0.47966661422546747
9053,0.5474968104440993
9054,0.5936957826717025
9055,0.5505321956387685
9056,0.7468065157630135
9057,0.5917976828076918
9058,0.5066866359173888
9059,0.4437964485075664
9060,0.5645325656817768
9061,0.5102861696618004
9062,0.6553779162725697
9063,0.4660772937631937
9064,0.6643937438740326
9065,0.5813178109509318
9066,0.4855909396176108
9067,0.5037562520464663
9068,0.4710495246246847
9069,0.6912861002284063
9070,0.45232324522479894
9071,0.6665017532238853
9072,0.5219628781572956
9073,0.6201427583027669
9074,0.39263476103882144
9075,0.6849125168584493
9076,0.4049036595532441
9077,0.4890588872858658
9078,0.4952464920526305
9079,0.385735679019544
9080,0.5584446066735389
9081,0.5709893237442564
9082,0.47043725408479153
9083,0.568805790362533
9084,0.44030809692201395
9085,0.7070447920800835
9086,0.4949498055177947
9087,0.7191271297283159
9088,0.5128420471335504
9089,0.6220158265525026
9090,0.6059175476377326
9091,0.4916488087859493
9092,0.46038927228649973
9093,0.5879455240463147
9094,0.45596950668811076
9095,0.6316825192288282
9096,0.4813811832400339
9097,0.4839381519209618
9098,0.6467934938923456
9099,0.6871277176233267
9100,0.6612868436950429
9101,0.5943551205553842
9102,0.4233518602787827
9103,0.4578907000433987
9104,0.749562600270613
9105,0.6911546184097379
9106,0.6015242350730208
9107,0.735435075782743
9108,0.5703776259048169
9109,0.49589664107149733
9110,0.5007516609243886
9111,0.5503967763668052
9112,0.6776344616454346
9113,0.574192537963356
9114,0.6106061980800062
9115,0.528872813833776
9116,0.45936799181846955
9117,0.5701688990005808
9118,0.6622939404133106
9119,0.6078223309472066
9120,0.6720664705979531
9121,0.5555276572542669
9122,0.5008536616033724
9123,0.6154807969543151
9124,0.6928383119713009
9125,0.5705445681903657
9126,0.3762736727866808
9127,0.4706115022452074
9128,0.4436889310591536
9129,0.5205170711277923
9130,0.4306548809657938
9131,0.5819365957138307
9132,0.5711579371588253
9133,0.7472794927043467
9134,0.4657400954826052
9135,0.46202703634717884
9136,0.5328375562601454
9137,0.5426198731860321
9138,0.6589093684192538
9139,0.5024405661602863
9140,0.6017912690825875
9141,0.3540212030384411
9142,0.6516483535499374
9143,0.4125556488349948
9144,0.6527491714315248
9145,0.5499615592685947
9146,0.6024732917384183
9147,0.40553296421418955
9148,0.5316180917084536
9149,0.5807273343045113
9150,0.5501148534013696
9151,0.5230917835783795
9152,0.3356509089770138
9153,0.5524409558466392
9154,0.6456494896313709
9155,0.49874488271151596
9156,0.6041839507225855
9157,0.6188558985588476
9158,0.6449757466510163
9159,0.5109001823490901
9160,0.5230804185197645
9161,0.4857554852829775
9162,0.6074269901645923
9163,0.5229989551597547
9164,0.3502485195860072
9165,0.6059085426900243
9166,0.6526330301798701
9167,0.6163472547415236
9168,0.607332072579438
9169,0.44298454828584366
9170,0.5516492522635382
9171,0.6326168728533521
9172,0.6660610667984693
9173,0.725680198421491
9174,0.4911683454513817
9175,0.4760140116065389
9176,0.5313577662688234
9177,0.43025150070384
9178,0.4314968438111922
9179,0.544054096790292
9180,0.5675468696598998
9181,0.4944117597725892
9182,0.5614652204211673
9183,0.4451394146869916
9184,0.5221851494169886
9185,0.5544543997621367
9186,0.49949672098396564
9187,0.3843370836182377
9188,0.4184336695409187
9189,0.4334951064850369
9190,0.6577463559851517
9191,0.5513272638599832
9192,0.5529165398161288
9193,0.5382241593726488
9194,0.5146003756406382
9195,0.6278415984922052
9196,0.5991053210215631
9197,0.5019596736495641
9198,0.41482574314495374
9199,0.433573393419066
9200,0.6037834245294798
9201,0.716289702736459
9202,0.4810957050539386
9203,0.5761294998637898
9204,0.673999850163063
9205,0.5734267303403028
9206,0.4696018585257176
9207,0.5514229872501115
9208,0.4436346781807164
9209,0.45435316817159976
9210,0.5251319221169045
9211,0.5637742244402129
9212,0.5053684747531019
9213,0.5036023397414268
9214,0.6493928156249007
9215,0.6221553313638761
9216,0.536700559914799
9217,0.5172940895101548
9218,0.5682002990382347
9219,0.626108136198794
9220,0.4277448629394253
9221,0.5301485259685442
9222,0.47415841845124496
9223,0.5077256991570841
9224,0.6496015609958905
9225,0.49924146140656867
9226,0.5921458507740328
9227,0.5102221195027807
9228,0.5353029503925694
9229,0.3638629879048557
9230,0.6120618789335542
9231,0.5750780354147016
9232,0.3359646449069197
9233,0.36090785382218316
9234,0.7567025591565689
9235,0.48005948524154757
9236,0.621419561444874
9237,0.4925939905027763
9238,0.5845243578787357
9239,0.41688005664562366
9240,0.6103898529855029
9241,0.6262327171847508
9242,0.49378254894316714
9243,0.447545623870367
9244,0.5780404157368768
9245,0.40524211575734603
9246,0.4791348000904786
9247,0.5217599189616637
9248,0.5150707707773607
9249,0.31288040422460495
9250,0.5417355569395121
9251,0.49433718079550015
9252,0.5442604061977526
9253,0.5063251114622437
9254,0.5724387071283501
9255,0.4324924204774033
9256,0.3921722101166838
9257,0.5924601413275079
9258,0.41237466059513156
9259,0.43958579546946347
9260,0.682301547806051
9261,0.5953642765460132
9262,0.683306245402455
9263,0.5390522438212082
9264,0.67787825330869
9265,0.4478801403458268
9266,0.4934717384707252
9267,0.41623290058599743
9268,0.5220250175411912
9269,0.47381967001205266
9270,0.5642433579203442
9271,0.5423700214314617
9272,0.48578420038626735
9273,0.4595016913120734
9274,0.542182979846235
9275,0.7188656734973067
9276,0.5387431251256358
9277,0.4668590874262739
9278,0.4903006994865307
9279,0.6584947709982847
9280,0.4515938871818194
9281,0.5375104387880395
9282,0.5410113207852214
9283,0.5295458834098723
9284,0.7193969449562087
9285,0.5140202516662334
9286,0.4956985118723952
9287,0.5321204099253044
9288,0.4643298699725873
9289,0.5938185304750648
9290,0.38696883312536806
9291,0.5243318160773877
9292,0.6045144777508399
9293,0.45922286214668306
9294,0.4897792904998087
9295,0.5815518448726761
9296,0.53036388875179
9297,0.5702741720647458
9298,0.4207917302730009
9299,0.46580263614834444
9300,0.4322141032408521
9301,0.5039238511832701
9302,0.5090147323562737
9303,0.43164645969338067
9304,0.5644887749133836
9305,0.5062817807996501
9306,0.6000542535627387
9307,0.6803762409019842
9308,0.43018102275221665
9309,0.44905740750264134
9310,0.6173079109791965
9311,0.5463189730198323
9312,0.6131561924526403
9313,0.5275416310465132
9314,0.4493244241236921
9315,0.3958569667417044
9316,0.39963651496544605
9317,0.5566908707075289
9318,0.4511645753846596
9319,0.6118691499113105
9320,0.3484184405307262
9321,0.5273034507220442
9322,0.44687357285434637
9323,0.6275468469524071
9324,0.4562839561112611
9325,0.6805646226345412
9326,0.7083687820799163
9327,0.5186576582761955
9328,0.6808664575352601
9329,0.6502377646579391
9330,0.7257461393899609
9331,0.5527566032240055
9332,0.6191362658906622
9333,0.4278347050698643
9334,0.48703967853899705
9335,0.7912356947700643
9336,0.4793994752676073
9337,0.4858289513536617
9338,0.33536002185072583
9339,0.46269419334940975
9340,0.46561742160077413
9341,0.5186060231694407
9342,0.515321377566231
9343,0.48796992448880266
9344,0.42418754353495997
9345,0.42719235983567844
9346,0.4453625945675539
9347,0.7330212939634937
9348,0.7278706717144452
9349,0.3643609107299476
9350,0.5160621149777291
9351,0.6433469682424731
9352,0.3697887258132285
9353,0.497945669499922
9354,0.5469533765686065
9355,0.4742607560116791
9356,0.5238118883357796
9357,0.5740910931152907
9358,0.6533108121790665
9359,0.5435501396471776
9360,0.382970725838206
9361,0.4876326648605052
9362,0.48381167726101354
9363,0.644386091479827
9364,0.279629081887405
9365,0.6048045783507734
9366,0.3552836671025479
9367,0.4108901213618853
9368,0.5583335344987932
9369,0.4937513676457763
9370,0.3610603142206613
9371,0.503847848444017
9372,0.7258515756968336
9373,0.36139057869399727
9374,0.5230968345016097
9375,0.7543642055992894
9376,0.5380977210025931
9377,0.6872630036914433
9378,0.4233255088789078
9379,0.7230790449283075
9380,0.6774096165625324
9381,0.5522460786925146
9382,0.3678535390493431
9383,0.4637763112419262
9384,0.5413953858924048
9385,0.5566891721473683
9386,0.5680215371123264
9387,0.4590050949119765
9388,0.556365712152616
9389,0.799769760385604
9390,0.5167324659310776
9391,0.5479356185429873
9392,0.6269909313250085
9393,0.6775344348588546
9394,0.5110751780840661
9395,0.4757788683953818
9396,0.5310840306607068
9397,0.5310507483496145
9398,0.45233677895478996
9399,0.4802962152854076
9400,0.5089363517280961
9401,0.559714681584492
9402,0.6536771358967328
9403,0.5199062797481266
9404,0.6758941385290383
9405,0.5927698855701029
9406,0.4681341044514907
9407,0.5483524538147817
9408,0.3813831465486678
9409,0.32672210463369994
9410,0.5580009364812953
9411,0.43734828198669135
9412,0.35051007983817845
9413,0.48885732044370456
9414,0.5922925265754392
9415,0.5105442310622503
9416,0.7172392819530317
9417,0.6110227558068114
9418,0.4332952300257609
9419,0.5708615916957188
9420,0.5325688148569844
9421,0.4130717031279968
9422,0.48153491972535856
9423,0.5362690016117376
9424,0.46260729703490183
9425,0.5623361535309186
9426,0.5101020604265188
9427,0.4876296749432858
9428,0.551653670482863
9429,0.42391002468462774
9430,0.48642095894236953
9431,0.4129541711652317
9432,0.5528226721357489
9433,0.682202238413667
9434,0.44286250802116206
9435,0.7732518952757187
9436,0.4965704683959717
9437,0.5808304841355338
9438,0.5290317338452906
9439,0.509411817142688
9440,0.4365298772434808
9441,0.5560036190330367
9442,0.5030097465303623
9443,0.3710583374401557
9444,0.4491165687038721
9445,0.6746841519900982
9446,0.4866839459570563
9447,0.6092053202767963
9448,0.6256435924476107
9449,0.3440601396647437
9450,0.5534719425236759
9451,0.4295200335269273
9452,0.5977238179705838
9453,0.5553350011927707
9454,0.6786735135403008
9455,0.4337861527048955
9456,0.60833717450306
9457,0.4030632256313924
9458,0.404200088232331
9459,0.5787751563108591
9460,0.545817879228988
9461,0.6121266810037459
9462,0.7223070928514452
9463,0.4493479150660195
9464,0.6020315727091572
9465,0.45875186213297703
9466,0.6619777650326766
9467,0.5669291641827544
9468,0.6270796076691614
9469,0.5015842756965414
9470,0.8314077453430728
9471,0.7276723512508468
9472,0.44191944984789683
9473,0.7351838142072178
9474,0.4894262022076061
9475,0.44297041462713127
9476,0.5378309545467059
9477,0.45862259044162246
9478,0.7740264337903839
9479,0.5288470163757587
9480,0.5127050918075539
9481,0.5547736553055646
9482,0.726494206911685
9483,0.5640957155646998
9484,0.44570536074249323
9485,0.389006723498711
9486,0.5972104211233048
9487,0.5828724207143278
9488,0.7165670691547266
9489,0.6263094648184687
9490,0.48987265354625015
9491,0.6278661185494411
9492,0.6756530884904997
9493,0.5103431796325426
9494,0.5575504829541277
9495,0.6327535798328715
9496,0.5380780529864936
9497,0.562167147059421
9498,0.5738953781841131
9499,0.4901600007833036
9500,0.7284087034419738
9501,0.4485156588345851
9502,0.43422517182789044
9503,0.5410229928670588
9504,0.4493735883087655
9505,0.37202176061346
9506,0.41019676167556796
9507,0.564669612117338
9508,0.5412075682180745
9509,0.48709501094631197
9510,0.5485546479986131
9511,0.6653300935947484
9512,0.41400762962493864
9513,0.6552740753779609
9514,0.5215673395322568
9515,0.3706841474553869
9516,0.47365537525439505
9517,0.6197224546887129
9518,0.5017718260489195
9519,0.6132286526295292
9520,0.613915181229021
9521,0.6850228727903724
9522,0.5713597345285854
9523,0.7533224304557145
9524,0.670953909215132
9525,0.4001171767142495
9526,0.5122711401335336
9527,0.6115167158065112
9528,0.6744765552063389
9529,0.5089638565731479
9530,0.6584964487217075
9531,0.47938282690097417
9532,0.5044246569389209
9533,0.6473663308636725
9534,0.40821737954096027
9535,0.45073566191362663
9536,0.7428929241472946
9537,0.4248018912306233
9538,0.5061299541001079
9539,0.36770642834771716
9540,0.427357652109225
9541,0.474333310870207
9542,0.5707191145599295
9543,0.4983782561322772
9544,0.6526720729075672
9545,0.4234127850644036
9546,0.48630585419620115
9547,0.5222761244596752
9548,0.38474520666951173
9549,0.4581254902217536
9550,0.5662345407795935
9551,0.558204720731112
9552,0.4652929689045121
9553,0.46987771536783385
9554,0.5715752718476508
9555,0.7503399192545065
9556,0.4321673067743441
9557,0.403200438014908
9558,0.4437277649574296
9559,0.43655185320096035
9560,0.5498030688527628
9561,0.43780197580977476
9562,0.5599127720010265
9563,0.5293381573551368
9564,0.5825925423630189
9565,0.2944376329465839
9566,0.5519300540012111
9567,0.7516224988656854
9568,0.4996177517817243
9569,0.5297526231034808
9570,0.49669569490158844
9571,0.5460579037564127
9572,0.48245273084061047
9573,0.6624309782036973
9574,0.5493354324011754
9575,0.4657091717290607
9576,0.6588655549421907
9577,0.5137435643954584
9578,0.5560661654968426
9579,0.557142832022854
9580,0.5785010030546942
9581,0.5073484704076087
9582,0.49002388384833095
9583,0.6591660583530782
9584,0.42623175989958517
9585,0.480704589826098
9586,0.43653567771522017
9587,0.34014915468680973
9588,0.46364648332373404
9589,0.5049829903939205
9590,0.4914937443094033
9591,0.5391230482053154
9592,0.38856729370874854
9593,0.5306366443342503
9594,0.49741037057003334
9595,0.7281142256134292
9596,0.5919158155947977
9597,0.4537169795560685
9598,0.618976895621445
9599,0.6963379064466755
9600,0.4318862396388118
9601,0.5922490248693244
9602,0.6445961473347708
9603,0.5399392587672674
9604,0.2602005555172989
9605,0.5378907570944109
9606,0.5064434445160813
9607,0.7375453964216085
9608,0.48528018072906814
9609,0.4673598562887442
9610,0.41488444996333274
9611,0.5009622715843017
9612,0.5913251160929577
9613,0.503189411128876
9614,0.5611253559566983
9615,0.4894761183101807
9616,0.3000094045494374
9617,0.4982661940858124
9618,0.6701616630004255
9619,0.5875671617946905
9620,0.5426973384804716
9621,0.6101753697218686
9622,0.6301282777167307
9623,0.40434024743113994
9624,0.5124566255293822
9625,0.35759116831392607
9626,0.49754418857307675
9627,0.5068645243388219
9628,0.59813132417136
9629,0.4124727252893349
9630,0.5541103685675768
9631,0.4151426682043634
9632,0.41674003716083047
9633,0.45847381295785344
9634,0.32430887718518275
9635,0.46655985854718174
9636,0.5789271211507466
9637,0.566632917682428
9638,0.5828527331351004
9639,0.3922984224890598
9640,0.47169428931235924
9641,0.44845553998088455
9642,0.41797158184027416
9643,0.6462710699881823
9644,0.5092219896782385
9645,0.4002188773700256
9646,0.4020073167649973
9647,0.6098566877158232
9648,0.367491106433092
9649,0.5420805169967444
9650,0.7079623255563657
9651,0.6443114299500429
9652,0.5255308391449605
9653,0.5101712893888104
9654,0.5278431776135616
9655,0.44491968258252057
9656,0.558750251021655
9657,0.6277089256212299
9658,0.5043003985742129
9659,0.6728265595060319
9660,0.49510746933271976
9661,0.551532289435489
9662,0.4862163275645001
9663,0.3517506824284029
9664,0.5984462149228079
9665,0.5175955497687894
9666,0.5761333477908741
9667,0.4598938739693642
9668,0.5080892805832538
9669,0.5862321880131626
9670,0.40030144415404734
9671,0.3159075956389241
9672,0.5580567506552512
9673,0.5690128359014923
9674,0.4799726234255761
9675,0.5768048325030528
9676,0.6791290819775812
9677,0.5336695833354632
9678,0.6689470816919709
9679,0.686360359034758
9680,0.45806953500603725
9681,0.5494934187688647
9682,0.5563494107281778
9683,0.7548430737800813
9684,0.5490260967892618
9685,0.4715866133114843
9686,0.5266607773185594
9687,0.7750182585628962
9688,0.528301227905366
9689,0.6474150385929311
9690,0.5927126952870947
9691,0.6532075381212006
9692,0.611906642609511
9693,0.5448821439476409
9694,0.47952298771547125
9695,0.40203529578864905
9696,0.3928203266951287
9697,0.5663490812325455
9698,0.5038179141260639
9699,0.5251065328523253
9700,0.3941025764368447
9701,0.46941141851513213
9702,0.5097228042997773
9703,0.5177958003366645
9704,0.4030818062161813
9705,0.5018246705696512
9706,0.5486398578667663
9707,0.47908100389796415
9708,0.4479735002716163
9709,0.6001108967689378
9710,0.5463322977857714
9711,0.5247719879189293
9712,0.5209188620296976
9713,0.5470176765879834
9714,0.44267072267321506
9715,0.41915128752022524
9716,0.6344861881045863
9717,0.77709575766517
9718,0.4185642325150798
9719,0.6437600013040936
9720,0.5386860380882331
9721,0.5145497344427137
9722,0.5379065030883337
9723,0.7117635103594993
9724,0.45868812898815403
9725,0.6317614050626968
9726,0.48024583685776895
9727,0.50410374521337
9728,0.4580020468072221
9729,0.4674803519569433
9730,0.5290758591384254
9731,0.6077729408618905
9732,0.6522789787232067
9733,0.6385125237867779
9734,0.5601323158958605
9735,0.4325116764535731
9736,0.6085179483283679
9737,0.6111722989317541
9738,0.6626659595606776
9739,0.49620154130012356
9740,0.5555241980263128
9741,0.4527224570876661
9742,0.3839721899336346
9743,0.46386580773298297
9744,0.46444993037399884
9745,0.4996180070961207
9746,0.5248610907585799
9747,0.42895751692246353
9748,0.3962264150005936
9749,0.5840067929555721
9750,0.4653450693867337
9751,0.4723024407030305
9752,0.466407419505742
9753,0.47822390645389434
9754,0.4656459336623668
9755,0.6318607017650538
9756,0.4800818113145392
9757,0.46412701920895044
9758,0.5508924151706429
9759,0.47954267025384295
9760,0.7066812975843376
9761,0.6169988531881501
9762,0.5933718642625445
9763,0.5733456306699377
9764,0.665668594130963
9765,0.48486850948969196
9766,0.535078874315916
9767,0.3533426349858076
9768,0.5665647323027136
9769,0.44683065286730717
9770,0.5268176927862849
9771,0.3769704622378607
9772,0.49753977280043865
9773,0.49624928165948134
9774,0.6078703909626381
9775,0.5539932431907179
9776,0.5110221432845843
9777,0.38268158443407474
9778,0.31209412863584796
9779,0.5014840797554329
9780,0.40510219972039774
9781,0.595390103320321
9782,0.47098469750517635
9783,0.5839496919670845
9784,0.5034595184012634
9785,0.5543011093724968
9786,0.4339074536854811
9787,0.5053346588695036
9788,0.6855355431083414
9789,0.5175693363285715
9790,0.5768549565077137
9791,0.35513188702164356
9792,0.3309135407911239
9793,0.4873695792521315
9794,0.5896618506873156
9795,0.5667101124792964
9796,0.7602082680891277
9797,0.4009231608399606
9798,0.45685729181668444
9799,0.4807728703616548
9800,0.49937214329484736
9801,0.42787571940909597
9802,0.419939132871912
9803,0.5926516315496351
9804,0.501055900328492
9805,0.498002244105208
9806,0.456004560104246
9807,0.4194678087400146
9808,0.45155270558999944
9809,0.43182984388245305
9810,0.4843232571373418
9811,0.4657395464844024
9812,0.5359226810509052
9813,0.5304341999379673
9814,0.40230698095817863
9815,0.4950090638470509
9816,0.570054011338981
9817,0.4694289866760626
9818,0.5911367719919
9819,0.4876746029829508
9820,0.4468315540058497
9821,0.6009947592828623
9822,0.5710913353544501
9823,0.3860230792799032
9824,0.4008138449953528
9825,0.46673141972905235
9826,0.38852029967020846
9827,0.6038664809108871
9828,0.5669291442580477
9829,0.6307850074229981
9830,0.5722080419266453
9831,0.7151094890538275
9832,0.45175398549191265
9833,0.6868218185968472
9834,0.5022933925298674
9835,0.48470241845013784
9836,0.5158633772361498
9837,0.4446551712397916
9838,0.5551624998614835
9839,0.42609038873682065
9840,0.46733629108723057
9841,0.4676681487552613
9842,0.5253362509261646
9843,0.4136998710275792
9844,0.5510791772454765
9845,0.5056637679272413
9846,0.5662011685130476
9847,0.5303528765832832
9848,0.5072350746730281
9849,0.482834157298933
9850,0.5146081135371504
9851,0.5415555105511496
9852,0.7120998025595182
9853,0.4540393204887136
9854,0.548041531819901
9855,0.45868750818689985
9856,0.3302082482788068
9857,0.5105542703118727
9858,0.4109556847406179
9859,0.4583501867168558
9860,0.40304254858559146
9861,0.7424540841985209
9862,0.497196855482871
9863,0.7096634177986134
9864,0.5209818112589258
9865,0.45275612874162485
9866,0.4979594581965646
9867,0.710526374422212
9868,0.4439535646616161
9869,0.5251222507632045
9870,0.5475349944355069
9871,0.517034496544476
9872,0.4862864673150404
9873,0.5438562280407182
9874,0.5402868269178938
9875,0.3139908366789017
9876,0.5211106979044922
9877,0.5700706209381173
9878,0.5823921602566068
9879,0.4426646001776617
9880,0.31473434964702607
9881,0.7082489486816912
9882,0.49190948102804516
9883,0.822771530924407
9884,0.5885043143321871
9885,0.4354169866056611
9886,0.2922958865142633
9887,0.4561531484663825
9888,0.4985757929741332
9889,0.5713378504150215
9890,0.49057311389516006
9891,0.5377281423065382
9892,0.5821796099164639
9893,0.6080250693296727
9894,0.49289702864592
9895,0.5146999225260664
9896,0.5539838072332341
9897,0.5803469056515838
9898,0.48197092481225334
9899,0.30270977265241705
9900,0.5109491288135445
9901,0.5270371329576522
9902,0.4476271852885523
9903,0.41085217869846286
9904,0.5132223094540287
9905,0.49070675535793257
9906,0.5116372174375656
9907,0.3751415722964274
9908,0.3262306124027111
9909,0.5159574349318042
9910,0.5224576330301619
9911,0.5690322499397164
9912,0.4465606501901724
9913,0.531426667093554
9914,0.523307199548953
9915,0.4601182176469549
9916,0.4438557659098721
9917,0.4583349185823942
9918,0.6424373753804625
9919,0.497782764876012
9920,0.6798304582584974
9921,0.5214908668606388
9922,0.49208513541984744
9923,0.45485805467406093
9924,0.6302934543197545
9925,0.6556487933616317
9926,0.4886756075517269
9927,0.522456586374326
9928,0.5611734199887278
9929,0.32350614066356176
9930,0.6315428334790545
9931,0.5558669564508574
9932,0.44130390308288286
9933,0.5138163725343731
9934,0.5449925720311747
9935,0.43533922864405245
9936,0.5496097658409911
9937,0.5565629135450807
9938,0.5034343381654708
9939,0.4295482422161549
9940,0.6145808711470934
9941,0.8052024536979232
9942,0.5815269233278917
9943,0.5712518491417187
9944,0.5330975701367325
9945,0.6681308888567339
9946,0.412766022885917
9947,0.3782498815567028
9948,0.47648991631838267
9949,0.5917079016347692
9950,0.27378704347184446
9951,0.5461490992887783
9952,0.577432137332906
9953,0.5898825346025879
9954,0.4712547234062208
9955,0.3496045257586704
9956,0.48039586882985313
9957,0.4191408448652718
9958,0.7000365687981868
9959,0.5809927981004411
9960,0.5185692554559377
9961,0.51192625384483
9962,0.40585254836737705
9963,0.7216426198735169
9964,0.6391813753576284
9965,0.655020185667889
9966,0.7253637689290515
9967,0.5841117793692031
9968,0.5277689364150786
9969,0.6088761153500513
9970,0.7543122425906502
9971,0.506851147041324
9972,0.4882171632359488
9973,0.7641854288682683
9974,0.43369268273034434
9975,0.3451995793074828
9976,0.6262285036500094
9977,0.5007369225081765
9978,0.619213837451557
9979,0.6298297084708965
9980,0.45288760323881827
9981,0.5186562412014567
9982,0.5781257877749688
9983,0.5750274954571467
9984,0.5552271174611338
9985,0.8569454327502135
9986,0.4566524447805294
9987,0.6470617246023397
9988,0.7016548421540935
9989,0.49891699896634517
9990,0.5477585811741293
9991,0.49147949437199273
9992,0.6949928778299018
9993,0.4666656866835567
9994,0.4199917052423164
9995,0.4784184618725655
9996,0.48485127721396737
9997,0.7273976503487345
9998,0.5473147596231156
9999,0.48207130402386067
10000,0.43951168175215666
10001,0.47758052694349207
10002,0.3934580671627218
10003,0.45832098357219536
10004,0.4282001146210491
10005,0.5203647375174136
10006,0.7023264132814444
10007,0.4751309537783816
10008,0.2679246114596528
10009,0.3972813380347343
10010,0.4874470189050862
10011,0.44669353178813587
10012,0.4548482450203363
10013,0.5786743641015626
10014,0.643845979094986
10015,0.4928714081556517
10016,0.5924825354919955
10017,0.44138228904747434
10018,0.47197452761987974
10019,0.5685475478211415
10020,0.6706909414476281
10021,0.4049606500338138
10022,0.48005761849434714
10023,0.505362765718441
10024,0.4268562673800862
10025,0.7636080330104421
10026,0.8068459066750986
10027,0.44679209884947513
10028,0.4497984309230054
10029,0.4970619205331774
10030,0.4703346843658273
10031,0.44418474939026154
10032,0.5895584808700045
10033,0.5512322959311885
10034,0.6448517732311053
10035,0.4804462051010491
10036,0.381652355634419
10037,0.32104537158643454
10038,0.6622271759203013
10039,0.7688032815262176
10040,0.5218164440248002
10041,0.6639368949085418
10042,0.6357726436941861
10043,0.6220077449897436
10044,0.6451514895793758
10045,0.41124293773635673
10046,0.47222824575362343
10047,0.6902946771058865
10048,0.5023203347646688
10049,0.5302981831099932
10050,0.5877249945579553
10051,0.6104389538525387
10052,0.6360746151813189
10053,0.5278519789939341
10054,0.491177616043283
10055,0.48829191816614737
10056,0.5831927713889635
10057,0.3570346207055143
10058,0.5195814328389146
10059,0.5643952989665021
10060,0.6447843159361628
10061,0.36498821955402844
10062,0.5086058202335269
10063,0.5559917152705193
10064,0.6240397716206252
10065,0.5367199813908041
10066,0.6846918508428411
10067,0.7162470757041881
10068,0.524196080057255
10069,0.5866483248258452
10070,0.4821542369898522
10071,0.5610957646195247
10072,0.4882823054573783
10073,0.7233480710388301
10074,0.5164876654287026
10075,0.4728491647000848
10076,0.5451764325154861
10077,0.5422531464033945
10078,0.6271225660063623
10079,0.45777425661142446
10080,0.7133246832427834
10081,0.5033345347334335
10082,0.6402807100425734
10083,0.5022912634021885
10084,0.4965318464467351
10085,0.6383956307808362
10086,0.4870437643097462
10087,0.49900079487436
10088,0.4301034051711176
10089,0.5262188793634902
10090,0.7018307874091407
10091,0.5192792967291984
10092,0.41548920750034063
10093,0.5274302136665934
10094,0.5894056393864744
10095,0.3914808889799778
10096,0.46712255189457963
10097,0.5689096985731126
10098,0.5288988305202773
10099,0.48850253955935397
10100,0.3286038124089691
10101,0.6845954270861558
10102,0.4524046514406668
10103,0.689148574651195
10104,0.5273190409780735
10105,0.48042780391239387
10106,0.45201431095841255
10107,0.4724685078618298
10108,0.5137471280536315
10109,0.47347238557917587
10110,0.5608408468252012
10111,0.5628164789751807
10112,0.46968952074471954
10113,0.4913368493018075
10114,0.6190704853327134
10115,0.4564403799735003
10116,0.5456663745111409
10117,0.5638270556497187
10118,0.44293505732526606
10119,0.4631587402769769
10120,0.5798531718504724
10121,0.5377005906448021
10122,0.667917332195871
10123,0.7410103258360938
10124,0.37833482361798276
10125,0.6235270565348742
10126,0.47084007370655623
10127,0.4446982955042603
10128,0.46683179201161407
10129,0.5368781626898476
10130,0.4674354815442938
10131,0.49210206320897
10132,0.521677463368673
10133,0.8514763599405222
10134,0.35346867069656096
10135,0.4880283972559662
10136,0.4814179840897535
10137,0.5330878206938028
10138,0.3559580098837649
10139,0.5299412379246451
10140,0.4207727579882142
10141,0.6143931333863151
10142,0.7116149510300599
10143,0.4183783664099371
10144,0.5756217838302579
10145,0.4916737552250129
10146,0.367151365579781
10147,0.41147076367178975
10148,0.5450524384517015
10149,0.4631051475094885
10150,0.44625664661419295
10151,0.5793540654391705
10152,0.6935697565540879
10153,0.6843348934988155
10154,0.49408507224223513
10155,0.49225977262355874
10156,0.616148623340956
10157,0.5350747067879729
10158,0.4668870669632978
10159,0.5617021479237104
10160,0.4857809803201962
10161,0.5727798901868132
10162,0.47297434741446526
10163,0.6122792237312122
10164,0.5355202184586645
10165,0.40962871792417294
10166,0.5882755367776238
10167,0.678584659907097
10168,0.5981317317730043
10169,0.6803031895552863
10170,0.5271291682080036
10171,0.5066995271868185
10172,0.5208053898876622
10173,0.5204247734411274
10174,0.5688381078416397
10175,0.4205916003632
10176,0.5530221520652208
10177,0.5568734269305073
10178,0.5710714020515304
10179,0.456355104447239
10180,0.5294544852462291
10181,0.3496884924118575
10182,0.581404142753361
10183,0.5383881335849015
10184,0.42320566146873395
10185,0.4038612217020261
10186,0.4641965566851629
10187,0.578193131571683
10188,0.5875633264478393
10189,0.44046570645810545
10190,0.4120596481698887
10191,0.5628669284120926
10192,0.5757693306300369
10193,0.4867965401516737
10194,0.5306870379483042
10195,0.5461709256696665
10196,0.38713991234505385
10197,0.6069542446519129
10198,0.6044789648541969
10199,0.38845255888304187
10200,0.4028067236952244
10201,0.4641772732411691
10202,0.5304349126636986
10203,0.46179374058692624
10204,0.5983432455258679
10205,0.6098656889080568
10206,0.5748794898509277
10207,0.528860102667994
10208,0.6051323606927935
10209,0.6259185974092283
10210,0.6599194890174633
10211,0.5464325588782054
10212,0.5297382557661993
10213,0.5066390407863386
10214,0.7914195180655541
10215,0.4637688683631598
10216,0.6756396135847855
10217,0.5208811778721821
10218,0.5239138228821103
10219,0.7003990145739042
10220,0.522240493165454
10221,0.5481507453621327
10222,0.47252200107034403
10223,0.4816796990072171
10224,0.5744829130509739
10225,0.5397781282305082
10226,0.47245766111728926
10227,0.7031962270496366
10228,0.4332808490459823
10229,0.5225752394598789
10230,0.5642244476383907
10231,0.43468162083702266
10232,0.6798473177730084
10233,0.7258779182015769
10234,0.5401639107226736
10235,0.48500875914654074
10236,0.4018361192175762
10237,0.4585649641931728
10238,0.5871956929175584
10239,0.4410302581704457
10240,0.3992116277724115
10241,0.5278504621568533
10242,0.5909967834976995
10243,0.4268474303917675
10244,0.6144212016131336
10245,0.5092457894603968
10246,0.5770230384770693
10247,0.7684220138019409
10248,0.6063894252940113
10249,0.6008504585206658
10250,0.4915935126067633
10251,0.5879808190131282
10252,0.6056038775596556
10253,0.45941552026425275
10254,0.5367913569289193
10255,0.4522943260856913
10256,0.5921669854210209
10257,0.4005107119679135
10258,0.39477290600231446
10259,0.4698864047039671
10260,0.6319893097889776
10261,0.48307058538950076
10262,0.6071136251951343
10263,0.5270933380768139
10264,0.45470126515417875
10265,0.6102794650145338
10266,0.6113548415562235
10267,0.5165718794874937
10268,0.5338267301542902
10269,0.5870639551050095
10270,0.5020993661477304
10271,0.51286397284123
10272,0.44110429524652317
10273,0.6774992865694678
10274,0.4914561242032815
10275,0.5717207481166884
10276,0.6698631854008289
10277,0.5768963905544198
10278,0.5985170051870204
10279,0.5462513354064392
10280,0.6134557087750494
10281,0.5566924834479346
10282,0.5216376101735131
10283,0.4598658905925012
10284,0.6005300534898931
10285,0.5164284815056699
10286,0.590648460460859
10287,0.5402613448292387
10288,0.4353570122449815
10289,0.65828852025875
10290,0.522859506343036
10291,0.5211948936694493
10292,0.4979364773588862
10293,0.6895496223753161
10294,0.5871297307242185
10295,0.5567002224215392
10296,0.46363536749694484
10297,0.4816995651858758
10298,0.5308200559904197
10299,0.5588584553135029
10300,0.6495499689248457
10301,0.4926887473243749
10302,0.5513445430899055
10303,0.6496316273975845
10304,0.7341414373081705
10305,0.4978921578735752
10306,0.554862446950362
10307,0.6033858918631816
10308,0.5122545471281451
10309,0.39975964963677874
10310,0.48748615330800643
10311,0.616801583955936
10312,0.38776389269145833
10313,0.3587259585984194
10314,0.42445438768715893
10315,0.47900946992039606
10316,0.38843196943923286
10317,0.6342171012215342
10318,0.5153787881334929
10319,0.45904218918682005
10320,0.43850022534129296
10321,0.5484425011962033
10322,0.5263898784561523
10323,0.5977187979440102
10324,0.5419595942772794
10325,0.5659424154981607
10326,0.5448844440054518
10327,0.6459881400098045
10328,0.43187387712988967
10329,0.6624302841744907
10330,0.6250202063010423
10331,0.5281762547166855
10332,0.5603688645282886
10333,0.5973039995802054
10334,0.37289823088819896
10335,0.5114964236700282
10336,0.6393552612218293
10337,0.5317642565337886
10338,0.5208841310228933
10339,0.5040301694248466
10340,0.6092791218938851
10341,0.6615007892970737
10342,0.5337913368925222
10343,0.7884246955831393
10344,0.502346844541022
10345,0.7630347560693831
10346,0.597065198706222
10347,0.5346954714739983
10348,0.6011528201405134
10349,0.41165161567446
10350,0.5211346020412995
10351,0.4424118333418545
10352,0.4649713950529442
10353,0.4232052681560795
10354,0.5219361882888113
10355,0.40909456088670104
10356,0.5249599350250042
10357,0.5932609637883675
10358,0.5692340322272864
10359,0.6012059947584425
10360,0.5685588136918682
10361,0.49867834982933773
10362,0.6482244251214131
10363,0.6426722028202195
10364,0.7811851953113257
10365,0.5017280122448073
10366,0.5187537127100168
10367,0.41205821725307207
10368,0.5546090090665733
10369,0.5216277364849037
10370,0.7848356713261251
10371,0.450126111749394
10372,0.5777521403626692
10373,0.37578666269004246
10374,0.5158465659597149
10375,0.400242528360107
10376,0.6877401225657853
10377,0.3694963192857674
10378,0.5097002932769714
10379,0.4857549167648712
10380,0.5364813296461767
10381,0.4991974938458175
10382,0.48250148677849436
10383,0.5414310471313692
10384,0.46711080214953227
10385,0.74451387085841
10386,0.4879943971633888
10387,0.4813805577941843
10388,0.5435487206808429
10389,0.48763639612789944
10390,0.6263752319302548
10391,0.4782786943588925
10392,0.38618654663008517
10393,0.533800421204452
10394,0.6574716741207418
10395,0.6779589859005917
10396,0.4863067967325253
10397,0.5585441148024901
10398,0.3879919646193803
10399,0.5024109831624479
10400,0.424952372828132
10401,0.4872665955001043
10402,0.614658848285989
10403,0.5051429306050517
10404,0.4789544965692891
10405,0.521632255992177
10406,0.4728888885598608
10407,0.5598466659678303
10408,0.4288241989487133
10409,0.5053862013766814
10410,0.45493394650480945
10411,0.6385076793568794
10412,0.3829076610646467
10413,0.5770691810887503
10414,0.26421420807352036
10415,0.5972864163533615
10416,0.577943560647913
10417,0.507275830470758
10418,0.48122759194212944
10419,0.484409919674048
10420,0.4841582427707816
10421,0.4527994756840386
10422,0.5052197169942981
10423,0.6240208782817214
10424,0.38135747238427786
10425,0.7549071719452092
10426,0.44744094012189956
10427,0.487421498220724
10428,0.6232935802796794
10429,0.5284674210910421
10430,0.6089405397463905
10431,0.4699854150052228
10432,0.6279116285274772
10433,0.5933875926967003
10434,0.38385640458491177
10435,0.5535779470507047
10436,0.5515864488421612
10437,0.5195348435910071
10438,0.6312957389225731
10439,0.31070900093313836
10440,0.5202928965071598
10441,0.7118480570818532
10442,0.4854283776913939
10443,0.4007996208030614
10444,0.5594397794521796
10445,0.38380989783937464
10446,0.5347826186657825
10447,0.7325181245212713
10448,0.591515623994545
10449,0.5657957312695483
10450,0.47941335397588036
10451,0.5030990431182836
10452,0.4901430065404751
10453,0.4845285169177198
10454,0.4989846065697746
10455,0.43032261823293305
10456,0.6609141340798825
10457,0.2568058849305525
10458,0.6798977489893999
10459,0.527937812071351
10460,0.4547989440179413
10461,0.3868818248647905
10462,0.5297690120478736
10463,0.7100135234711195
10464,0.5166732732101101
10465,0.481066849523317
10466,0.5049794456563486
10467,0.565407487791005
10468,0.4974002170555749
10469,0.4067827435737055
10470,0.5998995063096878
10471,0.5435097472668965
10472,0.6221750148873239
10473,0.6013196929888317
10474,0.6529570404947558
10475,0.5134493919369248
10476,0.4937013482375189
10477,0.4981527329547091
10478,0.5692807422646085
10479,0.4168969981797201
10480,0.5724640149334949
10481,0.551248965021376
10482,0.7147360339689294
10483,0.354005543954626
10484,0.6208974973120267
10485,0.5611461027691209
10486,0.5618708870562991
10487,0.5958193031001757
10488,0.4981995486860124
10489,0.633234326991201
10490,0.5116777192932933
10491,0.6199337463167306
10492,0.5141521528391466
10493,0.5171374777426642
10494,0.4820030820778325
10495,0.4818100339528721
10496,0.5432282175584827
10497,0.5495685717462816
10498,0.6789019758603339
10499,0.4598822154059764
10500,0.53036676692091
10501,0.6566582695740308
10502,0.45361661680744536
10503,0.5293813600807524
10504,0.6684168466076296
10505,0.3938826097010336
10506,0.4633730066434186
10507,0.4645522629383378
10508,0.49371395420312897
10509,0.46817620213710515
10510,0.7238106780693415
10511,0.4601817792579605
10512,0.6620117964419803
10513,0.5759551753682273
10514,0.5121344738324839
10515,0.5006191926616019
10516,0.49393757872592825
10517,0.36507335995265877
10518,0.6008463635639093
10519,0.7384980089674636
10520,0.6259660602897876
10521,0.6582542276374485
10522,0.5171402241618291
10523,0.46910390851491207
10524,0.5591390312613316
10525,0.4430979659397707
10526,0.4670170382152476
10527,0.5667483722867352
10528,0.584544478218644
10529,0.5331056821749888
10530,0.6502075130340577
10531,0.4369253565370612
10532,0.4711847385713702
10533,0.5460832186450254
10534,0.30333461053327054
10535,0.5479695432849727
10536,0.5420917546221671
10537,0.5240360472908137
10538,0.6193626755026997
10539,0.5080767699162791
10540,0.5493112487260371
10541,0.4181663140736352
10542,0.36918906382055383
10543,0.5686483482250733
10544,0.4799955682590275
10545,0.47386220892028175
10546,0.634435609290307
10547,0.819512077031367
10548,0.643385153367998
10549,0.5663651632117184
10550,0.47452183024531286
10551,0.5588088021124701
10552,0.595434753324703
10553,0.57974794198173
10554,0.4100584701364535
10555,0.6351271270596338
10556,0.42319600568516574
10557,0.5517392627738495
10558,0.405689667643941
10559,0.37028853373340515
10560,0.3704078854807893
10561,0.5592582944388904
10562,0.6453735165530222
10563,0.6358672055294791
10564,0.5292868129104057
10565,0.5194437415172609
10566,0.5805631974227115
10567,0.6547684679138837
10568,0.5777842210081422
10569,0.5055196796562389
10570,0.4802110453899562
10571,0.27544571323766104
10572,0.6215589955770566
10573,0.40324020891376466
10574,0.5536109527521629
10575,0.4297847577868885
10576,0.47830264710717335
10577,0.7100832913567116
10578,0.5570818957335844
10579,0.5138160023940792
10580,0.6493308473628925
10581,0.6812442214039139
10582,0.6164700795478345
10583,0.40382892766356515
10584,0.4855105791960332
10585,0.5337431288470244
10586,0.47145301444539744
10587,0.6475739182679872
10588,0.3936564333568562
10589,0.5451917068033415
10590,0.5367269456792667
10591,0.5247826075131321
10592,0.4618969205380752
10593,0.5115358046134395
10594,0.5504213731415081
10595,0.5042317447806375
10596,0.47764735883977133
10597,0.54183148961495
10598,0.41788548582206964
10599,0.4317276191242101
10600,0.4431672486693002
10601,0.4154173683451683
10602,0.5269270503223805
10603,0.6473444714337291
10604,0.49598870053436833
10605,0.40299392602016415
10606,0.5350801735784446
10607,0.5333189415398126
10608,0.5769612065321988
10609,0.5400012577085238
10610,0.4052043681922774
10611,0.5427835007101097
10612,0.6550668724898081
10613,0.5954095451696052
10614,0.3354324296164911
10615,0.4734645395138378
10616,0.5732977782830088
10617,0.6723105505603434
10618,0.5360804302639677
10619,0.6171918272306873
10620,0.5495117744301015
10621,0.687288231203012
10622,0.5825423492059596
10623,0.5907144972308523
10624,0.5055637099051864
10625,0.5818788314816046
10626,0.4617162788830229
10627,0.5310477230249826
10628,0.6024154449025608
10629,0.6269622640441964
10630,0.6277409444643288
10631,0.5285346121622293
10632,0.5739301036099661
10633,0.4327015668806927
10634,0.4943898675785722
10635,0.4419187152040346
10636,0.5045020947696388
10637,0.6762350869765351
10638,0.3789862140492618
10639,0.5251995711280566
10640,0.4983714454375176
10641,0.5185610467450394
10642,0.4618425060490506
10643,0.6228786218123545
10644,0.4363289990765434
10645,0.4090031508396269
10646,0.5661314392635528
10647,0.5459028821134628
10648,0.48229651775054627
10649,0.541475413740977
10650,0.5824387324971533
10651,0.40846323307635224
10652,0.5234197601463009
10653,0.5943553289905755
10654,0.5333263961818598
10655,0.5742071975111549
10656,0.5765666388780828
10657,0.5783015008534421
10658,0.4553936662777284
10659,0.5345575390901449
10660,0.4265959365252565
10661,0.5011970110251138
10662,0.45579394015521657
10663,0.390424957175868
10664,0.4402651239005557
10665,0.5343940582822612
10666,0.4533421919115507
10667,0.5260648708780418
10668,0.5616230098602967
10669,0.5149578784110023
10670,0.5876962556231212
10671,0.6037678747311752
10672,0.42341974240838337
10673,0.3845358388846257
10674,0.4177590134827073
10675,0.5956062566775233
10676,0.6215408290339185
10677,0.43702456032971937
10678,0.6192737166276167
10679,0.5681089396741222
10680,0.6857469908726622
10681,0.5576477024501798
10682,0.28943362922737187
10683,0.5925022380122741
10684,0.5457374383325408
10685,0.4363545985100799
10686,0.4605078800933132
10687,0.5180325654624715
10688,0.45772220368540206
10689,0.47544141405529805
10690,0.45248620513116145
10691,0.41281393512329295
10692,0.531339791183795
10693,0.5826941419003897
10694,0.7530937301895936
10695,0.5248309068494896
10696,0.6067232544815806
10697,0.4307540972975514
10698,0.5418083129826764
10699,0.5485724057339346
10700,0.4822787762835508
10701,0.5283394779817605
10702,0.5651582804147768
10703,0.6263486175401578
10704,0.36122784904247396
10705,0.4942171968233253
10706,0.636371097691078
10707,0.42394713102078474
10708,0.4523528197985194
10709,0.5763255995592743
10710,0.2569982178175809
10711,0.6063798772430944
10712,0.6242324060793987
10713,0.33019611519315994
10714,0.6979670863757784
10715,0.5329755727139163
10716,0.38271876526140314
10717,0.4742117893202482
10718,0.6937222309772847
10719,0.36745318452741527
10720,0.4448774294305613
10721,0.5201395157560457
10722,0.5243971941909094
10723,0.5131162560824278
10724,0.5385864537897692
10725,0.43498099405863966
10726,0.4644144873830064
10727,0.6363187492942777
10728,0.5383519280177822
10729,0.5034221324066281
10730,0.5041399657813119
10731,0.4705085388790804
10732,0.42322334757180785
10733,0.6156352867325552
10734,0.6914470073241733
10735,0.33726832772790527
10736,0.5811988019024407
10737,0.5976610382457492
10738,0.42277941440666067
10739,0.42187230082488236
10740,0.5094583730321551
10741,0.6941554451929351
10742,0.593962392378425
10743,0.45920675272537725
10744,0.40078476749495306
10745,0.5885152032238221
10746,0.6529150000963679
10747,0.674721307630016
10748,0.6163332096840055
10749,0.48148060422426553
10750,0.4341967104425211
10751,0.5206114610091495
10752,0.5225917070301809
10753,0.7433395653572913
10754,0.5206443163087161
10755,0.5179357609219574
10756,0.5467978037179455
10757,0.5887893423206104
10758,0.5006349039439654
10759,0.8411374947443034
10760,0.5695904506722262
10761,0.4668510538186352
10762,0.54692130867757
10763,0.6810694792270657
10764,0.5899906846824239
10765,0.5017385466802129
10766,0.5300290864022864
10767,0.3992507297829113
10768,0.6203896883998996
10769,0.7373367037490187
10770,0.6219393144581578
10771,0.5264105819079488
10772,0.5000585890857537
10773,0.42509047544090495
10774,0.5478163533883718
10775,0.4299932683008894
10776,0.5994401021549949
10777,0.40373837786660544
10778,0.6398047156074907
10779,0.7288463119381957
10780,0.5884159619515181
10781,0.5817992704287479
10782,0.584950366613457
10783,0.6248316558024999
10784,0.4649017720253904
10785,0.560681622424929
10786,0.5891541544055586
10787,0.5351488408880445
10788,0.3793669856194403
10789,0.5044571562645799
10790,0.6589784182339322
10791,0.5041612868101155
10792,0.5380672456285888
10793,0.8168293419868363
10794,0.5246914200842288
10795,0.45508623259011005
10796,0.4274420681933632
10797,0.5119212198078875
10798,0.7037734158624869
10799,0.4587650350233644
10800,0.5560853654002743
10801,0.6487008748129428
10802,0.5049201422626803
10803,0.5339333609713419
10804,0.45912199189676506
10805,0.7557828635104702
10806,0.5147319283294232
10807,0.5225490985684375
10808,0.48126687753752606
10809,0.4157307410689399
10810,0.5118329969537482
10811,0.4462856995419076
10812,0.4533884631017733
10813,0.41589437286350606
10814,0.5713794170048544
10815,0.6495128296329612
10816,0.4578043283182052
10817,0.4551164925943965
10818,0.489768526633456
10819,0.608044694352148
10820,0.6184581015489434
10821,0.5176132883839129
10822,0.5403018270697172
10823,0.6419054189346085
10824,0.4590763705186804
10825,0.4335207450181831
10826,0.37627249002204743
10827,0.5098738275432223
10828,0.4828572028250693
10829,0.5182748379716088
10830,0.4772184220926684
10831,0.4771492583137052
10832,0.572264104814379
10833,0.4834317213049011
10834,0.6587770825402389
10835,0.7182537745157093
10836,0.7961425143007301
10837,0.47338056774986575
10838,0.5362471545692079
10839,0.48679640285639075
10840,0.5571437188019355
10841,0.5171195943162444
10842,0.5485991698805412
10843,0.6453370343235068
10844,0.4846949435902809
10845,0.8267194402591848
10846,0.443745406338358
10847,0.5557405615208334
10848,0.6205784182641042
10849,0.4902976985762725
10850,0.6667994002338842
10851,0.730978831984445
10852,0.7350305848763523
10853,0.5512531068745656
10854,0.3676050740922723
10855,0.58932456371021
10856,0.633934170162862
10857,0.5239933117085537
10858,0.5048844325510355
10859,0.49439905095488546
10860,0.47937205863262006
10861,0.6730529349975312
10862,0.5223777628951315
10863,0.4299418938820261
10864,0.6607376150799673
10865,0.4402456734064439
10866,0.5859544798830832
10867,0.5837327916386219
10868,0.3822129912718837
10869,0.4768686766008928
10870,0.521194457213373
10871,0.49225213119606964
10872,0.5263010513967898
10873,0.622594564136392
10874,0.6372627019394309
10875,0.5567291110227245
10876,0.4521640976373055
10877,0.572900445740724
10878,0.5086118700589025
10879,0.44466465684876866
10880,0.5764317757981147
10881,0.42742055258652045
10882,0.4104080097859694
10883,0.49495451965370474
10884,0.7094904815339678
10885,0.5255778784499728
10886,0.5153249102303397
10887,0.5074407395242689
10888,0.4497005133557246
10889,0.5509627972541284
10890,0.6489610119937619
10891,0.5090883989661396
10892,0.4844538020838847
10893,0.3958569711757687
10894,0.5037562028061693
10895,0.4895574340805845
10896,0.7556509090658039
10897,0.389958995505682
10898,0.5147540840966175
10899,0.5508122578854315
10900,0.58274850961311
10901,0.5969677318859783
10902,0.5150046665596119
10903,0.3447194945365163
10904,0.5455590019715922
10905,0.5958167900967419
10906,0.6345173241439553
10907,0.3885214707604825
10908,0.4648749541422253
10909,0.4466919518804834
10910,0.6349939823164685
10911,0.43282680804240226
10912,0.5168317665589819
10913,0.5431077035986733
10914,0.7931661228713871
10915,0.6562005546580318
10916,0.691649752397645
10917,0.502385703647832
10918,0.645923997685556
10919,0.48791533962016626
10920,0.5891504879961713
10921,0.4247763025516445
10922,0.6624026421024051
10923,0.4201830919943086
10924,0.626546135858206
10925,0.4671923790950664
10926,0.5875118064189632
10927,0.4077432229827406
10928,0.5059064590810428
10929,0.5780474879964945
10930,0.5281247570790361
10931,0.7263674658654743
10932,0.3860142525008756
10933,0.43262306688966146
10934,0.41140570400282994
10935,0.44930221329966225
10936,0.7034273742708734
10937,0.6444538367795579
10938,0.4736852891124361
10939,0.780700253782085
10940,0.6053107135856015
10941,0.39525841046940546
10942,0.43902817908666586
10943,0.3987520837394719
10944,0.4896507274826487
10945,0.5370915972779837
10946,0.47381433761522407
10947,0.36474685582629685
10948,0.42328819354205205
10949,0.5281698509176037
10950,0.5570316025681047
10951,0.3701877608149576
10952,0.3718504707446942
10953,0.7200076368930283
10954,0.4509091152254169
10955,0.5745478420754708
10956,0.3644175429364074
10957,0.6446966833011053
10958,0.3844296687104892
10959,0.5986915510647711
10960,0.6383941867733337
10961,0.635150477351813
10962,0.49442797145450507
10963,0.4469267032602419
10964,0.5280352829452091
10965,0.36694157972707453
10966,0.5691025480721118
10967,0.5505797728474445
10968,0.5950124476128986
10969,0.5598503917194759
10970,0.41115752589080506
10971,0.5140117307695534
10972,0.5268521154068114
10973,0.5653394843462114
10974,0.5206776235226108
10975,0.4308227123584844
10976,0.4611162232037537
10977,0.41583438138468876
10978,0.49976667534173497
10979,0.47740454633605167
10980,0.598933464303426
10981,0.5198478615290943
10982,0.517732903556504
10983,0.5098267488013128
10984,0.5289932995049701
10985,0.4277522893599622
10986,0.34015796552413974
10987,0.3955627296722746
10988,0.5442869482485952
10989,0.618698109441103
10990,0.3705517977965065
10991,0.5532311561223714
10992,0.6726629897050358
10993,0.7308999642832873
10994,0.61382535694657
10995,0.5819000479831994
10996,0.49479827680317334
10997,0.6219113690052246
10998,0.46730657778131984
10999,0.7064421819218685
11000,0.40875066638541047
11001,0.49379923230074757
11002,0.4572708092631004
11003,0.6868930287520865
11004,0.5461298318758641
11005,0.4953339409519902
11006,0.515196824596349
11007,0.702812103752071
11008,0.37808869948921164
11009,0.58398236313012
11010,0.5212856105644499
11011,0.3613052757004067
11012,0.5176132693892513
11013,0.5546792276140629
11014,0.4566119903608021
11015,0.4039165050791372
11016,0.6190748841261192
11017,0.35132885733517183
11018,0.730426448380244
11019,0.7483671488375857
11020,0.6842136155038056
11021,0.5528595143789357
11022,0.7580255403086286
11023,0.7620478873471495
11024,0.528566384846823
11025,0.681163465360239
11026,0.4824889916262767
11027,0.468428696126669
11028,0.3512510507553987
11029,0.4660597695642791
11030,0.4685392318620565
11031,0.5249081082745453
11032,0.425669117511988
11033,0.5323573889131756
11034,0.4546750405624843
11035,0.5371285334343772
11036,0.43847371720879447
11037,0.6133808045307785
11038,0.5153510136379702
11039,0.4473475545966584
11040,0.5985708064695179
11041,0.4822661198128312
11042,0.5133000844512061
11043,0.5770514092881404
11044,0.424585754798254
11045,0.4268040149512456
11046,0.5734502938213167
11047,0.5715143819992103
11048,0.5911965756584456
11049,0.6135286686670128
11050,0.5923576589835968
11051,0.5140905309561072
11052,0.5847495137544875
11053,0.3973222041536836
11054,0.4546774017846909
11055,0.5722198396497181
11056,0.4163812844730422
11057,0.491283269762377
11058,0.3993772802061006
11059,0.4498888217020789
11060,0.46272170485960407
11061,0.4449752330566126
11062,0.49154798455806087
11063,0.5851466126470738
11064,0.46031261610262647
11065,0.6806686707943284
11066,0.4754036181132284
11067,0.4999480153836273
11068,0.47048501194378306
11069,0.4816312398382857
11070,0.5084138008150813
11071,0.5534287165421223
11072,0.5807583215640613
11073,0.461409500473111
11074,0.4494211059043892
11075,0.507146320240155
11076,0.5757039616655428
11077,0.5727965213880608
11078,0.6855064276677061
11079,0.519828586266369
11080,0.6130960855945194
11081,0.5390883095059303
11082,0.49443660006542894
11083,0.40825442513902716
11084,0.3391607243862338
11085,0.6092432863405979
11086,0.7612585971996779
11087,0.7647681179946365
11088,0.4117877868604379
11089,0.5684820396009729
11090,0.4486854209344427
11091,0.4124329071266547
11092,0.47402703306882404
11093,0.4728555539885383
11094,0.4983111816369865
11095,0.5565794402318842
11096,0.6141401722330728
11097,0.5324237715040897
11098,0.6115757171535801
11099,0.5453455900396355
11100,0.42683438845082733
11101,0.5398955210894297
11102,0.6220673893958688
11103,0.42733114932758526
11104,0.548073366851978
11105,0.5056415544964916
11106,0.5440961547894587
11107,0.44097154459195986
11108,0.5629291995118658
11109,0.4698031981992773
11110,0.41026539521998895
11111,0.53783296239867
11112,0.2860301145404063
11113,0.41147010838677184
11114,0.6361730835428772
11115,0.4694109888881049
11116,0.4748255037879659
11117,0.6692974359016091
11118,0.5420801391342299
11119,0.46930250845590815
11120,0.47116675611878023
11121,0.7315235376082446
11122,0.5035052134789945
11123,0.6268852062913898
11124,0.6615934629402087
11125,0.39695332708643527
11126,0.5092757489555619
11127,0.5944914714675511
11128,0.492993594727686
11129,0.6149530975880215
11130,0.4793907536821751
11131,0.524965666154426
11132,0.5797554547211915
11133,0.6237615273098818
11134,0.533029392430535
11135,0.5206832013139884
11136,0.3995603320260047
11137,0.5066979231267907
11138,0.5389404868047467
11139,0.5167189708556285
11140,0.574192074904702
11141,0.5972770978995064
11142,0.4713930832560648
11143,0.728246716811261
11144,0.38411144722248036
11145,0.5269716087607711
11146,0.6863848926062124
11147,0.5088022727852863
11148,0.6511702683844691
11149,0.5028680205122159
11150,0.548621074999975
11151,0.5626247602105341
11152,0.5136575903067887
11153,0.6232318538239893
11154,0.4414874655190978
11155,0.3715740357298165
11156,0.5414883022096376
11157,0.49124718573769954
11158,0.5017147080751645
11159,0.6545563609074974
11160,0.706795522792357
11161,0.42062809582776595
11162,0.409406263111702
11163,0.41048451041418244
11164,0.42983085788628317
11165,0.4152664114647444
11166,0.5014138604184025
11167,0.5870357566331701
11168,0.525747515024167
11169,0.6324683722785613
11170,0.46946965439132904
11171,0.5878231437218031
11172,0.5265849635641529
11173,0.4831166139226164
11174,0.6521248187223143
11175,0.46879643970529256
11176,0.4792205590836063
11177,0.6709802636460449
11178,0.5075485186916155
11179,0.6310637719230121
11180,0.42096421353194635
11181,0.48647977458719505
11182,0.6161048384961926
11183,0.495220706775925
11184,0.3672946145229924
11185,0.5803637004045309
11186,0.5405868798354829
11187,0.36215320162393466
11188,0.5512774377474798
11189,0.46645788018457895
11190,0.4638790970418796
11191,0.4622441930125728
11192,0.5909726385618829
11193,0.45861431771265404
11194,0.5208010402728068
11195,0.6404595658565833
11196,0.5325851897739042
11197,0.5491279429774844
11198,0.6171586978116589
11199,0.5710751398756159
11200,0.4287947031995806
11201,0.5804853776329897
11202,0.5555123964867316
11203,0.5852740788118516
11204,0.4683323635227055
11205,0.3987082240305042
11206,0.6487824234829195
11207,0.572699844367259
11208,0.695298562092659
11209,0.5730330744200924
11210,0.47922668032204135
11211,0.5559062696942828
11212,0.3667321418724685
11213,0.5390430187008918
11214,0.4808963939702528
11215,0.7171402681053662
11216,0.703597103518228
11217,0.3949814173318612
11218,0.4507198543467124
11219,0.40836335996062145
11220,0.6142046991620292
11221,0.49799856057912145
11222,0.4052509234349769
11223,0.6420694169309267
11224,0.5391740311214039
11225,0.5453105552641841
11226,0.4723757876917153
11227,0.5547392235676087
11228,0.45355069073759763
11229,0.47856168708595476
11230,0.4632068533229395
11231,0.49627412280497907
11232,0.6218009465946788
11233,0.5532339574153329
11234,0.4963304052884276
11235,0.5334502388125245
11236,0.6476862154456314
11237,0.7577571854506568
11238,0.5342132613867986
11239,0.6097654949538865
11240,0.481241964673458
11241,0.45084738764000976
11242,0.399169949733178
11243,0.47839970329010423
11244,0.7789251814845233
11245,0.41119805893404443
11246,0.5069540826345605
11247,0.319617153396606
11248,0.484857620396322
11249,0.525921885559503
11250,0.3880393728459719
11251,0.5275345477337953
11252,0.4203403339515933
11253,0.5697501399836022
11254,0.43167802779965625
11255,0.5133335851765103
11256,0.3961777627813905
11257,0.27795493115162473
11258,0.5435710892619762
11259,0.5150735797442196
11260,0.49697842458261643
11261,0.5539017520780923
11262,0.48472632600873744
11263,0.5687749619411363
11264,0.5987008323406642
11265,0.5027302732792731
11266,0.5412210262460813
11267,0.4995207083447314
11268,0.42029526981687315
11269,0.46780337891193774
11270,0.48686849663231724
11271,0.6343956312077738
11272,0.38446843082127014
11273,0.5223283557094266
11274,0.45325158868897153
11275,0.4306683731879792
11276,0.5217229836954663
11277,0.6938930033364142
11278,0.5442833097604916
11279,0.41830918317887905
11280,0.6297214924703629
11281,0.4053258762805431
11282,0.5612720727968605
11283,0.7013048619312957
11284,0.5921621542359898
11285,0.6894468975593848
11286,0.4806620483518179
11287,0.7026181267829611
11288,0.5674207283818888
11289,0.4789433818036469
11290,0.5560382200750692
11291,0.5222646928773089
11292,0.5620219677373467
11293,0.5816803609968229
11294,0.3062241865725088
11295,0.42628667145775206
11296,0.5269095888673386
11297,0.5377706340287408
11298,0.5352668363458566
11299,0.43227469763071724
11300,0.5373649435772008
11301,0.5521512732832297
11302,0.4431880550012306
11303,0.45858731174052136
11304,0.5339561593114123
11305,0.5818812748201587
11306,0.32739443659161227
11307,0.43340604821533046
11308,0.5666778534818064
11309,0.6758527881039026
11310,0.4830875947072839
11311,0.5303945464590656
11312,0.6270374441668353
11313,0.5361726435390441
11314,0.4626847510851703
11315,0.5156223972367587
11316,0.4735008575840819
11317,0.6579148427060144
11318,0.5485723979273085
11319,0.501469773862897
11320,0.570066741482174
11321,0.5201669615327495
11322,0.5042491387781997
11323,0.468181404801565
11324,0.6190239694676166
11325,0.5792220798729726
11326,0.3649672671312745
11327,0.6646408444599362
11328,0.6291296295139996
11329,0.45059083233499353
11330,0.5390248290971148
11331,0.5523173839040534
11332,0.49554381716373724
11333,0.372360856613332
11334,0.518025503238476
11335,0.603882063723763
11336,0.5824189313698983
11337,0.4343386558574393
11338,0.37379445902766273
11339,0.5025792212315842
11340,0.5051571888376284
11341,0.6259533671009996
11342,0.5715891401250143
11343,0.6865308305016354
11344,0.42131404902392927
11345,0.4513475450221761
11346,0.5058980765558289
11347,0.5199793322732791
11348,0.4164961031380245
11349,0.49602896868489754
11350,0.5830747769554552
11351,0.5035785321746228
11352,0.7087091976769018
11353,0.5258516162897082
11354,0.4696098043791166
11355,0.5227334391048013
11356,0.39648933319375235
11357,0.46419508757328354
11358,0.5551195213454025
11359,0.5113431448104885
11360,0.5050310492449487
11361,0.38186842345981564
11362,0.4238145564499629
11363,0.66119736433341
11364,0.5647814595432229
11365,0.5730526460798447
11366,0.5346127514881882
11367,0.5170872099288389
11368,0.45537432099926567
11369,0.5175916251542567
11370,0.6253297365893504
11371,0.5065247532161438
11372,0.8120669481225675
11373,0.5150161917910899
11374,0.28251845107499135
11375,0.47064676150558726
11376,0.5924216825305205
11377,0.46362487578407907
11378,0.3942675450519919
11379,0.5915587525036777
11380,0.4827683761762848
11381,0.501182755587426
11382,0.468846815251128
11383,0.4900246119158547
11384,0.41236246326187137
11385,0.51096710403525
11386,0.4939843855123097
11387,0.5975954091987624
11388,0.5857918217148467
11389,0.5549191519164344
11390,0.4884503226689306
11391,0.546969810640096
11392,0.4727729923587315
11393,0.5859251453250797
11394,0.4177420364889926
11395,0.46585026344751335
11396,0.5555157814741358
11397,0.5047817901262536
11398,0.5252607734993098
11399,0.5948017846006053
11400,0.6411774555738469
11401,0.5804529172870427
11402,0.5161905039906107
11403,0.6623733834763242
11404,0.48078958416031714
11405,0.5466596429964653
11406,0.4811726203510259
11407,0.4134168825400635
11408,0.4106231308214501
11409,0.5014281881295639
11410,0.638861149227235
11411,0.5654716000323071
11412,0.6033134806522736
11413,0.43067982242379993
11414,0.5331158701971135
11415,0.5624660960144229
11416,0.46581163351212196
11417,0.5273003475246266
11418,0.673783559001667
11419,0.42105813064674225
11420,0.49938689493388744
11421,0.4840189753682389
11422,0.5646612946319569
11423,0.32953697919775715
11424,0.4840429505199749
11425,0.6991647968321502
11426,0.49378162956082866
11427,0.48075256686328516
11428,0.610454856941503
11429,0.4910901008401332
11430,0.4738022857892296
11431,0.5049798646555056
11432,0.3843492819814332
11433,0.6275705864344596
11434,0.45065114929164435
11435,0.6578540505336824
11436,0.6361493785923403
11437,0.560513253363593
11438,0.5364685810833529
11439,0.6759211944751381
11440,0.5991202132466277
11441,0.6410467492556275
11442,0.5318010589337698
11443,0.5596118688617401
11444,0.5787017311561505
11445,0.4176593948622976
11446,0.6431938049673668
11447,0.5307159230454055
11448,0.6715347259978733
11449,0.7198111898914881
11450,0.6592517862194193
11451,0.46492628362970684
11452,0.39654230827979675
11453,0.4827009401483186
11454,0.6174140321320107
11455,0.5298380766444777
11456,0.40449955851312464
11457,0.5783588495338259
11458,0.43905665377983083
11459,0.5712384257396692
11460,0.5794888306260124
11461,0.33499764330813697
11462,0.487646032310894
11463,0.7723564916644704
11464,0.46798032646804993
11465,0.5246841627875622
11466,0.5345500682433939
11467,0.5710950838894261
11468,0.5550986632664887
11469,0.4309021878345211
11470,0.4681271684785432
11471,0.5091843806468157
11472,0.48959153245713927
11473,0.39728378478700277
11474,0.6921297939946776
11475,0.5869411862263693
11476,0.46315817209668364
11477,0.5793767607832874
11478,0.4805012648235072
11479,0.543546100870282
11480,0.5373549031801815
11481,0.5261521204241493
11482,0.45528425945701767
11483,0.7655442285336282
11484,0.6306601574908389
11485,0.5569260940901374
11486,0.5986643237708551
11487,0.34921150218010594
11488,0.4890107063495661
11489,0.5403651223828884
11490,0.578368753984479
11491,0.5031742338849723
11492,0.44153902350824603
11493,0.41614651407837444
11494,0.5000710544900553
11495,0.4963016352249259
11496,0.5542128062595166
11497,0.7371550907052407
11498,0.5220781378723396
11499,0.46830730456728387
11500,0.5310329138891747
11501,0.46429251059781834
11502,0.41768589248959315
11503,0.5239494008653317
11504,0.6571005428561593
11505,0.45414063742860256
11506,0.6025173270818645
11507,0.7268811279858542
11508,0.4854020006087497
11509,0.7011126501738373
11510,0.38719432797456055
11511,0.4772968132860048
11512,0.5688141939637029
11513,0.5763863172296302
11514,0.6775977770883267
11515,0.4469854449156375
11516,0.5241849729989844
11517,0.5613110788425383
11518,0.47962039336952866
11519,0.4408946067710002
11520,0.5065638980013274
11521,0.5167820971481006
11522,0.6646638117014753
11523,0.38702242012320576
11524,0.5404522706884741
11525,0.7677213754529533
11526,0.44623230558133775
11527,0.6114268004404456
11528,0.6158509742613703
11529,0.5752217478843318
11530,0.5464304203962688
11531,0.48083999905453767
11532,0.5672724955372745
11533,0.4936376406959063
11534,0.5838052908450054
11535,0.4928440277127725
11536,0.5260390094833058
11537,0.5378245058355873
11538,0.43801947981140393
11539,0.4448687736611507
11540,0.40684785698344184
11541,0.5892063230891609
11542,0.4777137511333303
11543,0.4940778419842554
11544,0.4830037518303409
11545,0.5632516135905665
11546,0.4474109774941747
11547,0.6518639075888598
11548,0.5570081365174414
11549,0.49214194309078324
11550,0.4413944009592493
11551,0.5055539673255787
11552,0.6153156396608702
11553,0.6281594143752657
11554,0.484998247456339
11555,0.4876225646400739
11556,0.6125070679373353
11557,0.4423030011373945
11558,0.4388065687944104
11559,0.5822807492851862
11560,0.4552873537797831
11561,0.46731212727878746
11562,0.7340135858233007
11563,0.645328111798973
11564,0.6348550595966471
11565,0.6135524892747641
11566,0.5543657178914603
11567,0.5179420091044592
11568,0.5633606685645166
11569,0.7006683443430379
11570,0.5764689276364668
11571,0.6124406876978774
11572,0.44876187833563225
11573,0.5920673724732934
11574,0.5047255210985828
11575,0.45953349660627607
11576,0.807639068236448
11577,0.4737533364417467
11578,0.6343344930689976
11579,0.5419665257101183
11580,0.4739266949844871
11581,0.4587023964750642
11582,0.4731020389156162
11583,0.5224831900705441
11584,0.578455167920572
11585,0.4926152398809241
11586,0.36615786815116674
11587,0.5009707230830656
11588,0.42578174914804323
11589,0.39818862937128596
11590,0.3968657863751411
11591,0.5328002847710447
11592,0.48762303059062284
11593,0.49328572486998284
11594,0.5162147592892423
11595,0.5852261205140555
11596,0.554929842848249
11597,0.5122423540141657
11598,0.6476440301227177
11599,0.5389951641195607
11600,0.4936481666537953
11601,0.6587971743431335
11602,0.42978317989554055
11603,0.6171152487984374
11604,0.3958438990948944
11605,0.48105688537856217
11606,0.4063507017553397
11607,0.4881128916330895
11608,0.49085504623793136
11609,0.6074050313075579
11610,0.6039690866015787
11611,0.7720920601031281
11612,0.47129389639698416
11613,0.3811588765430059
11614,0.554425153725734
11615,0.6170579447333628
11616,0.550616626646252
11617,0.38010026199145325
11618,0.5799057288525712
11619,0.5472970064854806
11620,0.44040886843122173
11621,0.5655248577437259
11622,0.5682722584960825
11623,0.6369934877479088
11624,0.4271406507944799
11625,0.4656353533819545
11626,0.4534344972364309
11627,0.4805401875876376
11628,0.6369455392954118
11629,0.5262683610703207
11630,0.488485890976119
11631,0.6004858021962565
11632,0.3977887706570702
11633,0.47411952342197344
11634,0.41168451870943656
11635,0.43742516101442863
11636,0.5410691917024322
11637,0.6396333309930006
11638,0.4677860117382141
11639,0.5678263115131382
11640,0.48695899102700857
11641,0.4003551619027874
11642,0.5836183538649261
11643,0.7522365312204761
11644,0.32920221572410857
11645,0.6904602663324093
11646,0.47396279622035253
11647,0.40138876466664
11648,0.5129406094112978
11649,0.6272321673691406
11650,0.5267690049737069
11651,0.515677075572272
11652,0.8232184566730183
11653,0.4728811384520111
11654,0.6465194451592928
11655,0.6859113364690771
11656,0.5988618698377896
11657,0.5101456888592314
11658,0.4710770270685363
11659,0.5938604499788208
11660,0.6357679453857137
11661,0.5124332948243359
11662,0.5146322026129642
11663,0.5730028069215606
11664,0.5931883912852803
11665,0.4154896413344697
11666,0.49574115934190754
11667,0.5754583340280928
11668,0.5368393566002263
11669,0.46554037006821786
11670,0.6937432126549627
11671,0.41735901712863177
11672,0.5779095778070378
11673,0.46834339285358045
11674,0.2769931764056287
11675,0.49285137481785174
11676,0.6319570088027215
11677,0.5291548841555863
11678,0.5579748272464827
11679,0.626641871224777
11680,0.5792540018530421
11681,0.5541545659589746
11682,0.3360326528255454
11683,0.5016438144438908
11684,0.46290268994461514
11685,0.5212418324670703
11686,0.5626313462584254
11687,0.448230852558161
11688,0.4496448599643036
11689,0.5310405030285987
11690,0.6401447791239598
11691,0.5321173425894236
11692,0.7069174791085105
11693,0.3249380157607176
11694,0.6148309545102513
11695,0.44478498816876355
11696,0.4770515454645508
11697,0.6337264267743391
11698,0.5458954712660476
11699,0.5293699070169817
11700,0.4043301075366009
11701,0.4827275119908308
11702,0.42152915175999334
11703,0.5963362447607248
11704,0.6017851444317529
11705,0.604209991702043
11706,0.46997949996331284
11707,0.44218027889681677
11708,0.4281256432703457
11709,0.49797965108287
11710,0.46901886271278653
11711,0.34300040335546034
11712,0.4280759838125834
11713,0.4800614154582928
11714,0.5152320570015765
11715,0.6383510103900922
11716,0.6573059502963321
11717,0.40691426521775786
11718,0.42115952952725977
11719,0.5569770019813264
11720,0.49622923948262715
11721,0.5463025834647854
11722,0.5617968120062917
11723,0.5410783682943651
11724,0.51081963513389
11725,0.5494540837126781
11726,0.5855200237217563
11727,0.4873196621886554
11728,0.41256628628695263
11729,0.5255978426993604
11730,0.37797559302680706
11731,0.6251104975882807
11732,0.4885721032691117
11733,0.5571841211881433
11734,0.47809368832479837
11735,0.6793802931977841
11736,0.6491686753845448
11737,0.5371356074237752
11738,0.5408560683870206
11739,0.6763442088350945
11740,0.4082283523536833
11741,0.42479947726001943
11742,0.6479553136539878
11743,0.6178869386408031
11744,0.4892593328014822
11745,0.7135562999079198
11746,0.46269915597136957
11747,0.34314428347498066
11748,0.5017314925842583
11749,0.49750403442350527
11750,0.4205762086348148
11751,0.37514982930207214
11752,0.5639729667048817
11753,0.4810688138632342
11754,0.3987653191427809
11755,0.5626271536991069
11756,0.42912483555051406
11757,0.7278375888786958
11758,0.6034299487636386
11759,0.5385845158149631
11760,0.4829200381426836
11761,0.4549247483211091
11762,0.5233874402111545
11763,0.4982347737550147
11764,0.5153723935543337
11765,0.3679213796888644
11766,0.3916204334379736
11767,0.4012025703961498
11768,0.6584825383155818
11769,0.3637121718031525
11770,0.6591086133365913
11771,0.535032419775526
11772,0.5040705841195816
11773,0.48487079569482455
11774,0.7081343343813178
11775,0.54790020728767
11776,0.3977658726201948
11777,0.4307341310780482
11778,0.36663533466319387
11779,0.5480880187372416
11780,0.7416774245725349
11781,0.5372426151098858
11782,0.45869950669824006
11783,0.4088502966338297
11784,0.40407476467240294
11785,0.47229054849142754
11786,0.5547453542301662
11787,0.5853356486135135
11788,0.5329174034441723
11789,0.5126647387507586
11790,0.32920808705618254
11791,0.438269930880028
11792,0.5458691022833525
11793,0.6404525706219714
11794,0.5334415083760802
11795,0.44482080241195954
11796,0.4884371862612119
11797,0.47271656331112527
11798,0.826942233248521
11799,0.7398918412862103
11800,0.4145724742706465
11801,0.3813410121356007
11802,0.5570117564375848
11803,0.5239893987155575
11804,0.46436000181437476
11805,0.6203159291423136
11806,0.4649618276941371
11807,0.6044295694801003
11808,0.5315070792940696
11809,0.5250035647837695
11810,0.5312080613361984
11811,0.6260381439024223
11812,0.33718987983367965
11813,0.5412692835295662
11814,0.42151041108143633
11815,0.4623446021578653
11816,0.5334458371443466
11817,0.4795044152528539
11818,0.48214410084382464
11819,0.5828011773712306
11820,0.5113133910573029
11821,0.4295987385654168
11822,0.5816081505807498
11823,0.6123332314040972
11824,0.5292760660816874
11825,0.5382324349982882
11826,0.4207627109563701
11827,0.47692597430868594
11828,0.5757342561241454
11829,0.4902992601970706
11830,0.48974497214330776
11831,0.6150983719884782
11832,0.45819084017968775
11833,0.5818425110770591
11834,0.48113149787893783
11835,0.4899260992310803
11836,0.7443723568702905
11837,0.39182302180141704
11838,0.3346382433377438
11839,0.5242967876856814
11840,0.3974095084855135
11841,0.3196287173012735
11842,0.6465950440430139
11843,0.5252816776173823
11844,0.5324678230330065
11845,0.46569413209169075
11846,0.5677121590992121
11847,0.4718163067267097
11848,0.6020777659405098
11849,0.5041871087440377
11850,0.6293588671361285
11851,0.6212182411205164
11852,0.5807692743807977
11853,0.535024101180324
11854,0.5002099157311406
11855,0.5244781065477048
11856,0.5678191289499033
11857,0.5120455632451452
11858,0.5108078471886484
11859,0.48375321979248087
11860,0.47696480453042145
11861,0.47041522713807205
11862,0.5688469297984324
11863,0.4185943888765351
11864,0.5833235541394877
11865,0.6375712752798315
11866,0.4526553276180515
11867,0.4560258562066519
11868,0.532223165228947
11869,0.5377353461080998
11870,0.5618522238008892
11871,0.5237250702398902
11872,0.5729524633610682
11873,0.4605445358576665
11874,0.6948367651580329
11875,0.4722548565386376
11876,0.5123318914211039
11877,0.6361481844486809
11878,0.566836324122987
11879,0.5638948805736604
11880,0.5691195036175035
11881,0.35099187423069655
11882,0.5169897631822078
11883,0.5696992720436406
11884,0.5434560045343326
11885,0.3665645017048218
11886,0.636614754179305
11887,0.48542241400492053
11888,0.6825037034869735
11889,0.6195906002142817
11890,0.5460968646339138
11891,0.7501449460335776
11892,0.44617028921989654
11893,0.49203545984711516
11894,0.683203232398745
11895,0.5578652058954336
11896,0.6739623668819112
11897,0.5174936261910437
11898,0.6437302133380562
11899,0.5137819920354786
11900,0.46957307063826426
11901,0.6230726843078943
11902,0.4719980709652592
11903,0.42189713298929543
11904,0.68537587860418
11905,0.6166472460622756
11906,0.5758711673697264
11907,0.5488698193502928
11908,0.2988367626292513
11909,0.5350590163244026
11910,0.4989432201137398
11911,0.5573831454666448
11912,0.5882062534309096
11913,0.2691193203144518
11914,0.5653447639334188
11915,0.46605119503876163
11916,0.49782041179042896
11917,0.5070879372165945
11918,0.47909361215128127
11919,0.44523941476168416
11920,0.5352441103034715
11921,0.5043630727978218
11922,0.5569898441590972
11923,0.7648300786795106
11924,0.4684210476496372
11925,0.5036400747406233
11926,0.6731108511005627
11927,0.48720273160955896
11928,0.5224969112195285
11929,0.5591952994986554
11930,0.4634439187723769
11931,0.6668572388859795
11932,0.599758009715164
11933,0.3763696078042009
11934,0.5265864180637065
11935,0.4914975841142439
11936,0.7485890873261722
11937,0.5942936141264473
11938,0.6997729971733329
11939,0.5316945639361704
11940,0.5220915114916196
11941,0.6258978317718585
11942,0.44724688911985266
11943,0.796433457146668
11944,0.6338199107468665
11945,0.5670801043848197
11946,0.46773191536960534
11947,0.4431850167377108
11948,0.47220182414018036
11949,0.3289716810608463
11950,0.5387872886750279
11951,0.4652578832899315
11952,0.6126061029150185
11953,0.6912473756797897
11954,0.5204452822453071
11955,0.5249375628672271
11956,0.41288303191653825
11957,0.6235490908032604
11958,0.4906245834597658
11959,0.68193356275188
11960,0.5384994316912394
11961,0.6539342853599969
11962,0.5595132564494555
11963,0.5588101311215913
11964,0.5455455702754106
11965,0.3847709483216405
11966,0.44606733488366596
11967,0.5201973800787827
11968,0.4130292460458499
11969,0.465453119205028
11970,0.49503300551596635
11971,0.4856211147623827
11972,0.5687354423839441
11973,0.6958103955762196
11974,0.5395352651830988
11975,0.5085791144728017
11976,0.539489837411791
11977,0.5530971425193448
11978,0.4570161448739724
11979,0.7053560094992578
11980,0.4568567877528247
11981,0.45006155308658785
11982,0.46881210823489533
11983,0.6087975948104272
11984,0.6131489275134866
11985,0.47800066405619457
11986,0.6986182931432342
11987,0.5516030619109178
11988,0.5939571076134884
11989,0.531302344880297
11990,0.33824535044661586
11991,0.4785267954293422
11992,0.453145865397185
11993,0.5498418418647798
11994,0.49985284673220953
11995,0.5659843227575991
11996,0.48236660028214495
11997,0.6414981399251364
11998,0.45674420537246097
11999,0.5682182846888879
