id,efficiency
0,0.4201085430191754
1,0.5592545757871363
2,0.5242105345420033
3,0.4587555384567211
4,0.4825882349072092
5,0.6664137790666962
6,0.5956019219992976
7,0.4910836698829001
8,0.4675830793395396
9,0.45054535334855705
10,0.6127531336326641
11,0.40292487300361207
12,0.61802027420292
13,0.7378979936723804
14,0.5621661692326684
15,0.4997965731976421
16,0.3747840959618457
17,0.36727611490008216
18,0.6745530597663336
19,0.5466715706895918
20,0.6063625449502329
21,0.51300613623926
22,0.6394649128926455
23,0.47600840844127934
24,0.5817387206162847
25,0.4038821411293084
26,0.6227794617891725
27,0.6454453959709721
28,0.5000043963013716
29,0.5191589754595493
30,0.6442439605768435
31,0.6500937519385788
32,0.4225061822306281
33,0.500166019599954
34,0.6643483117057585
35,0.4777124271919786
36,0.5085797465308332
37,0.5252818537139523
38,0.40772416839796494
39,0.46708844138138356
40,0.45965361886789574
41,0.6379634926455072
42,0.7889443692679408
43,0.7072248073183898
44,0.5972290063638013
45,0.6542831892113994
46,0.5736604619987811
47,0.6352933586042157
48,0.7416676823118207
49,0.6777736137583555
50,0.5568932691758167
51,0.5071014614645311
52,0.6125781793285342
53,0.5872940509569188
54,0.4936013671128529
55,0.46155645844913523
56,0.6653181426482965
57,0.36080503784930157
58,0.40187644791752175
59,0.5001291354290673
60,0.4925075249296571
61,0.45272281674266746
62,0.582906282567039
63,0.5814005561696973
64,0.527544061810573
65,0.8097777411162724
66,0.4727939646115704
67,0.7134942519298967
68,0.3904477449277248
69,0.4507343021328919
70,0.673703607620906
71,0.5844778978029567
72,0.4342943327642635
73,0.5617581515271476
74,0.4610507822277733
75,0.5242355183076673
76,0.47747932723607633
77,0.43181371665100277
78,0.4477221117656548
79,0.41101453992490455
80,0.4038142365836138
81,0.44120372881813863
82,0.6853676044476977
83,0.6700861983470002
84,0.4151910571211852
85,0.7362718898657238
86,0.6538672436334882
87,0.5257514981957763
88,0.5552569887552459
89,0.4637000129932404
90,0.6187144396459386
91,0.7120993651185707
92,0.5574431558349067
93,0.5847669604679739
94,0.5427678360417817
95,0.43863756695896994
96,0.6618288630411486
97,0.37759738323769565
98,0.5688450355812366
99,0.8362389926900896
100,0.5061681261778358
101,0.667613831811133
102,0.5245421127340308
103,0.49061080602426754
104,0.4561644413625929
105,0.5740476296994225
106,0.6188583695320103
107,0.42737238304873604
108,0.5062471322011942
109,0.652867880969158
110,0.47499245863330697
111,0.6651035277050965
112,0.5994273709072937
113,0.41260372011396046
114,0.5396586551933901
115,0.6172985181974454
116,0.4270605442586688
117,0.6766313572782254
118,0.4034548882985677
119,0.3170327762791038
120,0.5790859966320786
121,0.5524107922313701
122,0.38154621112343623
123,0.42917419001861834
124,0.6481121809028285
125,0.4923674374238771
126,0.5249358624991566
127,0.6085927488140017
128,0.5977979181671116
129,0.6358308637198207
130,0.3929182593910213
131,0.4743484301898977
132,0.6605047420483794
133,0.5704993621625043
134,0.4721035217683118
135,0.3405859303162824
136,0.5904655408122277
137,0.6667204912434651
138,0.6465697009147975
139,0.44886335763430424
140,0.4823185196418035
141,0.5216731297453082
142,0.48225571606456746
143,0.47926625999830297
144,0.5141102037305186
145,0.45170846571266743
146,0.5249665624301096
147,0.4616865452227847
148,0.4724898212216299
149,0.5530511154749259
150,0.49258674032102034
151,0.5429472386276136
152,0.4027526520852267
153,0.6121993155135136
154,0.5490294060917142
155,0.37410311714729416
156,0.5414502332850099
157,0.5610779934302594
158,0.3184720411595657
159,0.47811985356459047
160,0.5468940533843959
161,0.5244762005507012
162,0.8810044108131355
163,0.5926410102612294
164,0.7150768791349823
165,0.7512358750659627
166,0.5683829469257644
167,0.4448142245115269
168,0.448000580259107
169,0.4717012643651756
170,0.6065906495595772
171,0.5221455647600068
172,0.6144631328518138
173,0.6679691995973551
174,0.5841533598279193
175,0.4191603368048227
176,0.4956095880167325
177,0.6149480008029927
178,0.5261932609380588
179,0.5661804252097284
180,0.4752671168856828
181,0.5854682549743642
182,0.3970578622752843
183,0.4713229528194094
184,0.615831761631146
185,0.3558313068711132
186,0.5011395036053679
187,0.38957946531028975
188,0.5337129066481788
189,0.4246653804536205
190,0.545913951485267
191,0.668066753207647
192,0.4763846020907547
193,0.4308270464605179
194,0.6111725423022017
195,0.40272229192564646
196,0.49713532538717814
197,0.6580173886336989
198,0.7098117373737607
199,0.598434013392675
200,0.6308058588405223
201,0.4995768055066061
202,0.5090587363235136
203,0.5559447685562106
204,0.558502684858093
205,0.5119530051806462
206,0.5345200434892411
207,0.445488512330791
208,0.3253755234168929
209,0.5797624274256116
210,0.3968659942672126
211,0.5494310330976321
212,0.40923351151730986
213,0.44131262645611713
214,0.4538457111016911
215,0.53386779590742
216,0.4257105854497415
217,0.4271560848103761
218,0.5465385280945244
219,0.5340143264828398
220,0.6015405997820922
221,0.45209611784581427
222,0.5015515976546306
223,0.6926966831733432
224,0.4629732470592037
225,0.5794794163301317
226,0.3741249946776456
227,0.45783130970738123
228,0.6457288840252398
229,0.4893537038309623
230,0.6786580171072016
231,0.5748227972296946
232,0.5556236050770454
233,0.6065286986489743
234,0.41749758413731564
235,0.42727851211561807
236,0.44432193585944135
237,0.63912303126463
238,0.45554006097114713
239,0.5668190581057881
240,0.6123755299482432
241,0.525518684113217
242,0.6822008752954805
243,0.4984359915458551
244,0.5029928061448279
245,0.6651720331139976
246,0.6947011904855228
247,0.6632555244928364
248,0.4671344430565517
249,0.5433641868091994
250,0.42733159175284524
251,0.5525153470357814
252,0.43433128949355726
253,0.5467378693732987
254,0.5059904118927788
255,0.4526348650066059
256,0.466250405593242
257,0.6091994583343993
258,0.6681088642233122
259,0.6634569922346901
260,0.5082339190911631
261,0.4775388806446944
262,0.3480707248901813
263,0.6558869701067965
264,0.2699853290428873
265,0.49136065536496154
266,0.44501304237425476
267,0.5200299566694595
268,0.5596661901180008
269,0.8021520153724155
270,0.6536214462616738
271,0.47807419606840107
272,0.6993607017705858
273,0.5315962342767635
274,0.49840647404304667
275,0.3644793038534969
276,0.566354022615196
277,0.49782909957986154
278,0.5632675506462708
279,0.5283473324609618
280,0.40977213427460824
281,0.4895360229882383
282,0.4785502711473938
283,0.6998194030382937
284,0.41385365973412647
285,0.5088985816807967
286,0.44446431821093885
287,0.42202692954748744
288,0.4089742873035743
289,0.5441287517032785
290,0.5908242413517364
291,0.608603346596091
292,0.3464119202003513
293,0.4951302379152643
294,0.4722211214234227
295,0.5845417686053621
296,0.5616315383322349
297,0.5654453616716391
298,0.3980014001939087
299,0.6576025003668229
300,0.43685075871571893
301,0.485669141379637
302,0.5045233388143735
303,0.558811353785979
304,0.5539391924053708
305,0.3725767613503985
306,0.46975894218653735
307,0.45449964666943854
308,0.6850811845305133
309,0.47667193060719065
310,0.5241370531538367
311,0.4034152964013815
312,0.5638939035002629
313,0.504241942235948
314,0.45696963579306016
315,0.46431330405430615
316,0.43596486076381147
317,0.5067591507224589
318,0.35955106106062296
319,0.47158576701188093
320,0.558710322928284
321,0.5627043361165818
322,0.5958070167734868
323,0.38887627910211675
324,0.5257738916906967
325,0.44784411856485873
326,0.689903321157076
327,0.5208847138544936
328,0.48066494215221245
329,0.4120891381798674
330,0.6618302721869933
331,0.49021722953254
332,0.5144499231646574
333,0.5807252453736658
334,0.49212393975513596
335,0.5941088967639896
336,0.4555929359559419
337,0.48322117496044104
338,0.5376613711481183
339,0.5073089455257056
340,0.535711319637036
341,0.4363351348665009
342,0.6173318852628042
343,0.5455678981809691
344,0.3413274375674855
345,0.45760178555980113
346,0.5104322239265179
347,0.5245536616220772
348,0.496359589005682
349,0.574208941972547
350,0.5272673500269014
351,0.4191871731812544
352,0.48271851112117253
353,0.5415955746482471
354,0.6028148110752487
355,0.5305921078356581
356,0.5131555767167529
357,0.5018780848031925
358,0.5601302969261102
359,0.4472751853597891
360,0.6671897389159125
361,0.34523078113245703
362,0.687964211930315
363,0.5535424709573608
364,0.6840394517930732
365,0.4828238216061261
366,0.6650541256675544
367,0.5472361323423213
368,0.5030616528103968
369,0.4767947823735104
370,0.47389366813712175
371,0.4398189975817077
372,0.4791149990194418
373,0.44020928741439547
374,0.8072350945062599
375,0.34226249606917897
376,0.47829290448826867
377,0.5511264873422776
378,0.6271588433324874
379,0.6239749105710959
380,0.5181255284990989
381,0.49383553522499035
382,0.5795730684503682
383,0.5334267232001649
384,0.5940400419259657
385,0.5591051181679854
386,0.4720543536644174
387,0.2931156477647684
388,0.5841857808699712
389,0.6610177061960653
390,0.5459905753562176
391,0.5204135826423637
392,0.7081565915802459
393,0.5995712905190624
394,0.5460335504567677
395,0.5207464852375946
396,0.3801177168466088
397,0.5169456480433148
398,0.5721723193904653
399,0.49628148714359654
400,0.48303670035395196
401,0.7115713460397934
402,0.449125461306738
403,0.5677770313485727
404,0.5796365575974419
405,0.4067443387291906
406,0.41239639287159957
407,0.39099866080440066
408,0.6004225574448016
409,0.5427130079367918
410,0.4749679667615975
411,0.37336683293630396
412,0.6249788163578209
413,0.5162503313185852
414,0.5222124714778027
415,0.4918333171484874
416,0.4770534277575371
417,0.6090002434819621
418,0.47926114443326057
419,0.37768391306189786
420,0.5460857723664836
421,0.5316498708592748
422,0.4350647450435313
423,0.5210239983966068
424,0.5034273554814156
425,0.41378968310884134
426,0.41970428884486805
427,0.3612798419499268
428,0.6868839995233407
429,0.6176882029248357
430,0.5229256023518271
431,0.5800474101187016
432,0.593606162984608
433,0.5235329603761537
434,0.4998834962718843
435,0.5494392996306842
436,0.6258286762976445
437,0.5107594359353527
438,0.6204103224784516
439,0.6238944732221439
440,0.6659089746624651
441,0.44091528216428344
442,0.40300255665943313
443,0.5326811847479822
444,0.5368610970567168
445,0.4414697096218041
446,0.5184879727248166
447,0.4172439750812138
448,0.46133245359739616
449,0.431190201290934
450,0.4701122080542751
451,0.36576337310810914
452,0.4270764361437831
453,0.6029872091249528
454,0.5115401098800613
455,0.43842689284765973
456,0.5640123232166018
457,0.6819792427926573
458,0.5151084222701433
459,0.5046360038738686
460,0.5998130826384919
461,0.5073618235703381
462,0.3842074338204774
463,0.7392250803326873
464,0.7263207476396862
465,0.37675456845485533
466,0.43969684446745866
467,0.5168375506330564
468,0.536091419030016
469,0.5944363115244491
470,0.4961524181483479
471,0.7041832255478183
472,0.5395796185984906
473,0.7127374455809664
474,0.600362780464103
475,0.35161473730826964
476,0.5181732708607742
477,0.4978517496655035
478,0.6411181096456764
479,0.6400381763640891
480,0.3934998314652687
481,0.4006770337746225
482,0.581473696845266
483,0.6478999145133595
484,0.5463629478754125
485,0.8153248347986166
486,0.6553360466871558
487,0.5266785901842865
488,0.5504403676994439
489,0.6770187570584685
490,0.5948051858762302
491,0.527091162826641
492,0.48885544331663533
493,0.26527354434226946
494,0.5288285947145878
495,0.547665486703322
496,0.5463562890235435
497,0.6434993275772221
498,0.5436202593467058
499,0.3329713425868109
500,0.7720075860773759
501,0.527439065686632
502,0.48760435497030874
503,0.5382278791742063
504,0.5460144618971317
505,0.5227765627305051
506,0.5196729125957658
507,0.48625219458486574
508,0.44007727687148945
509,0.6698159017631098
510,0.5127885237072741
511,0.5101529850883719
512,0.4761629988926365
513,0.536827614304937
514,0.5923026555651733
515,0.4420173772866076
516,0.2667988677096709
517,0.6889966585509155
518,0.4246684275040305
519,0.5331227290875942
520,0.3207657700301367
521,0.588856694434814
522,0.611555337941563
523,0.5899503534914382
524,0.49820583049361694
525,0.38324435034454996
526,0.5027015205437504
527,0.4849896064120485
528,0.4640545334717631
529,0.4316878369615339
530,0.4952536125718639
531,0.6987373448573988
532,0.4578415887304532
533,0.5434732915577001
534,0.5325702673593715
535,0.4520586213121267
536,0.5848973981289936
537,0.48937262890121713
538,0.5114822436621033
539,0.5911887785033192
540,0.5394226038784724
541,0.5063071105773312
542,0.4335297821093014
543,0.5644936890131927
544,0.5963444318411207
545,0.4607245867887519
546,0.536392876139572
547,0.6408363801023417
548,0.4838071336438239
549,0.5665217602085317
550,0.4581700687846643
551,0.3976470809958099
552,0.7720429176037249
553,0.4788010307856408
554,0.5192952227766717
555,0.3985342649498147
556,0.4633435816467042
557,0.5340243029321613
558,0.7916495553660283
559,0.41860592872882446
560,0.37643948016343853
561,0.6213853889514839
562,0.44700519933933397
563,0.5796524788263717
564,0.5375047489723771
565,0.5054408071216921
566,0.5595259723497256
567,0.4676237866397793
568,0.41795174613265734
569,0.45855907601091606
570,0.41243766263555154
571,0.5165902633500671
572,0.35529904565207726
573,0.5077437349532239
574,0.5679336325902328
575,0.6017884558451599
576,0.546039566194723
577,0.5233493239110132
578,0.5076222310590727
579,0.7119094110862456
580,0.48193268337734263
581,0.6618451723321688
582,0.48077008669444704
583,0.5137090524087273
584,0.47368028687317915
585,0.46206506745265835
586,0.4781810004626488
587,0.512205372811052
588,0.6518142054293175
589,0.5457773913621232
590,0.6668380755416451
591,0.4188953188342551
592,0.42633388928394467
593,0.5778474204077164
594,0.6455089627452155
595,0.48275287450158516
596,0.49296753201922655
597,0.7761416199577935
598,0.6461431961257316
599,0.47515161135013356
600,0.5153860197458631
601,0.47051311149577846
602,0.567261942711815
603,0.4994135769383028
604,0.5292999261044897
605,0.4742305796221687
606,0.4779547538693291
607,0.49815059532213907
608,0.38840061304403994
609,0.6390701471316148
610,0.4413154620627789
611,0.5210133641894195
612,0.4677799939358989
613,0.560937343188343
614,0.5160315245284401
615,0.5658937892500688
616,0.4207611847297623
617,0.6257810275020765
618,0.5723160598225139
619,0.5734031869826579
620,0.40837335652676504
621,0.4991305450664638
622,0.5089592058760676
623,0.5972193167496557
624,0.503867973205106
625,0.3803875354857764
626,0.6109539357107244
627,0.5039813502335385
628,0.4937373400514515
629,0.7520686012933311
630,0.2727096517643793
631,0.6088468568252327
632,0.6514660858267247
633,0.4821542474113936
634,0.5709989589795144
635,0.5500314156900966
636,0.6082725762500569
637,0.5138371541563153
638,0.41652706374926984
639,0.5875084098577399
640,0.5341720163114985
641,0.6290619796062134
642,0.5334090996001231
643,0.5774826300750183
644,0.5745320252124451
645,0.32110729585451414
646,0.4309111719858351
647,0.5719922529104599
648,0.454497061204743
649,0.5222384453667187
650,0.3690803746201582
651,0.42805888612856907
652,0.4761870024499367
653,0.599193885726787
654,0.6794862857223066
655,0.7224247957754869
656,0.47801046507705086
657,0.6478726792864045
658,0.5085847847856559
659,0.6108498976537747
660,0.4368324655947103
661,0.5112187781381914
662,0.4371995449600747
663,0.46004030447317623
664,0.5998278819477434
665,0.4779240687764212
666,0.5042489458589939
667,0.5024209813293278
668,0.47398380357750186
669,0.4668002622625298
670,0.5710599776183044
671,0.5111275453741004
672,0.3900207161964741
673,0.5656261086527807
674,0.5818083688885725
675,0.4598187195988179
676,0.4516862904927881
677,0.44129798323331276
678,0.5080559741108442
679,0.4387047001556602
680,0.5091764233406599
681,0.58625269482051
682,0.5060148810118031
683,0.771010995482153
684,0.3925516690612104
685,0.5019441036800819
686,0.38645579794986107
687,0.6411897300211525
688,0.770142833118165
689,0.4268422706278455
690,0.4055175532501634
691,0.5453601028273195
692,0.5271497752402239
693,0.4363124282367554
694,0.46453720687786987
695,0.4932547672655919
696,0.4437155538375198
697,0.4787169718095241
698,0.4689564242906383
699,0.53979968435108
700,0.41583781403681036
701,0.5356997174516511
702,0.5327145868117297
703,0.6536850021884008
704,0.522180877605726
705,0.5487773617084646
706,0.5228890198752539
707,0.344506264828087
708,0.3684085049663107
709,0.5252141532635194
710,0.5174589754058504
711,0.49632527656279546
712,0.4955180955530728
713,0.5015667714547476
714,0.4088839036948464
715,0.5277817320877805
716,0.7131443653638234
717,0.4596573616007808
718,0.5031889580610384
719,0.5409714581588488
720,0.44487983252949803
721,0.6117109053521347
722,0.46940854168316637
723,0.5529753346517816
724,0.45766317527744826
725,0.4911249249178109
726,0.38360048959663895
727,0.5448571076854548
728,0.4790680643595646
729,0.272669852179462
730,0.5813884677991044
731,0.5021058080666008
732,0.6710598605600735
733,0.39897354974232246
734,0.5153380915812052
735,0.46308258099793603
736,0.6839070812241055
737,0.43294604166929623
738,0.5948758337512998
739,0.6676307172395075
740,0.552946538550894
741,0.49303071553463357
742,0.5096041355319081
743,0.5244320371153137
744,0.5207600147082593
745,0.6079005050190956
746,0.5701936003556983
747,0.7440701980034631
748,0.5323458710752946
749,0.28027064187931566
750,0.4515023286258568
751,0.4991186646651542
752,0.5496322866935679
753,0.7114552448601394
754,0.4390019140564251
755,0.6601951520685387
756,0.5147498453275046
757,0.4581261617086386
758,0.5190735261626767
759,0.6922173159824472
760,0.5630229571812392
761,0.5324348214124723
762,0.5058275218918753
763,0.44388644760806206
764,0.4345909140806826
765,0.5204541009239827
766,0.38764769972816787
767,0.7090626225521931
768,0.46145918376519934
769,0.5065625127388662
770,0.47929569484953655
771,0.6639055263459999
772,0.5265509440178436
773,0.5981068164426777
774,0.5294799044414148
775,0.5703092754967765
776,0.48486819383019775
777,0.5598143966827391
778,0.5716661317143646
779,0.5236713708272652
780,0.5362507328390174
781,0.517170236128041
782,0.3952026910639609
783,0.515821379987249
784,0.5140751844916481
785,0.617653652110375
786,0.6274077907996388
787,0.5024510201692658
788,0.5068788587433442
789,0.49208608030401796
790,0.4968123544017553
791,0.6803419664910526
792,0.6678682702041816
793,0.4672696098897081
794,0.3888759026639983
795,0.39949890453797626
796,0.48647178909660627
797,0.5813314935457008
798,0.44880682787973547
799,0.4844583185297816
800,0.39139218984465807
801,0.6767229839200256
802,0.5304804739211098
803,0.5048323713284565
804,0.44597365979699166
805,0.6947743424374772
806,0.6738114734783605
807,0.7583554637331738
808,0.4013345643714009
809,0.531069695066463
810,0.5284179313871639
811,0.5869623060868093
812,0.5158433875423708
813,0.5357749774414439
814,0.4153130249988503
815,0.47994919693711474
816,0.45047754540454227
817,0.5007455393244569
818,0.4704849617603877
819,0.4313795164736007
820,0.48472757951089573
821,0.4903935723251218
822,0.5896233935350326
823,0.6776825266125768
824,0.6589171358342704
825,0.5584789058558552
826,0.5266624318510963
827,0.38934757470603476
828,0.399177951427774
829,0.5218456897504514
830,0.4147605540735586
831,0.5424265757732497
832,0.5393439081086081
833,0.5478700701911783
834,0.5728447578244864
835,0.6242235779038671
836,0.5259978571629851
837,0.6085133864699478
838,0.5096777847397209
839,0.41701562133481496
840,0.6562573548284342
841,0.6270080212080211
842,0.6071762832045821
843,0.5490725674689542
844,0.634131374902156
845,0.5366115818582592
846,0.5583485423366255
847,0.6154480111124339
848,0.447749946188976
849,0.4836227521904202
850,0.48774478233178986
851,0.6220657350748978
852,0.4495571044599979
853,0.505199569809853
854,0.5270771855984352
855,0.4437183657868314
856,0.279847485860557
857,0.48532386936741667
858,0.5764323008787342
859,0.595692932114585
860,0.6611685222582926
861,0.5515637929764046
862,0.46701092486830653
863,0.4513166962370973
864,0.5749860912529373
865,0.539068576853191
866,0.5772002128145862
867,0.5754340228054708
868,0.6537917341244097
869,0.5054220696392483
870,0.5292675392444964
871,0.6688222136988191
872,0.5485133002809477
873,0.5503053865294034
874,0.4091742839198727
875,0.6560998490814235
876,0.5603528914027731
877,0.5514992160495292
878,0.5777529356363934
879,0.4830842056040643
880,0.5528917102528275
881,0.6277380170508735
882,0.5065480531897618
883,0.5276620207881807
884,0.4711430192633883
885,0.48162159487359546
886,0.4745408713867343
887,0.5438824294236823
888,0.37209780473710513
889,0.5528930418186749
890,0.7431723929112082
891,0.558533452220289
892,0.5694548942930646
893,0.4536215827621226
894,0.43172935521408273
895,0.49040140945879285
896,0.5485335145991842
897,0.47966866854064866
898,0.5276212894228302
899,0.6076539066996881
900,0.5361596843781057
901,0.4836930470054507
902,0.6003034281524948
903,0.5753090975859971
904,0.5034225088036257
905,0.5683240576156438
906,0.5278712708472242
907,0.409799286860576
908,0.4926587006575385
909,0.6131980037258942
910,0.5971215952594553
911,0.6715109107430413
912,0.5836734992702419
913,0.6303721162155248
914,0.6159360299332097
915,0.42392024400794015
916,0.5321634808332336
917,0.41871405615544754
918,0.4485098032292375
919,0.3846652342022134
920,0.3235693008154309
921,0.37285483829646815
922,0.3763420870304265
923,0.5976002858490479
924,0.38708633832407346
925,0.4057313711506952
926,0.5510019675950838
927,0.4366679522335258
928,0.41941666030979285
929,0.45605213913008835
930,0.542680987857981
931,0.43282017338055295
932,0.4748865288849745
933,0.5112071966510561
934,0.8620208717039852
935,0.5172733741505451
936,0.45671048272845505
937,0.46449866914866866
938,0.5732088475899073
939,0.5755852174722846
940,0.552159076850679
941,0.5488932800981454
942,0.3825356806369109
943,0.5898388919641959
944,0.556345884465006
945,0.4753718580655268
946,0.6665630708348607
947,0.507008545609171
948,0.5757884239892092
949,0.8207941693158783
950,0.5511851866742149
951,0.3555331456869472
952,0.44488026012303783
953,0.7056011836948528
954,0.4369102636108084
955,0.6440416275810229
956,0.26822524072866355
957,0.47850819666492167
958,0.563102389941828
959,0.42418439583282497
960,0.5450080252751993
961,0.4706858549323619
962,0.3582922960657084
963,0.5212136393008865
964,0.49957797403008714
965,0.3842208996872024
966,0.42102086235467673
967,0.6864120678036877
968,0.47845623742838705
969,0.5432910530841049
970,0.5359863502706955
971,0.487141282581771
972,0.5086654600846368
973,0.5733740896768518
974,0.6081496309005395
975,0.5860891228097023
976,0.4915462021322872
977,0.6829123484428478
978,0.5975741522405764
979,0.5128056961553494
980,0.41687158832556315
981,0.6570106558910609
982,0.613272990150026
983,0.3920282498825105
984,0.7956279863138426
985,0.6516438659188686
986,0.5734355145354898
987,0.5182831044342973
988,0.6348211710778703
989,0.5264464824666429
990,0.4585768618428553
991,0.3588958965097887
992,0.33760248902311
993,0.6826974119498529
994,0.6036932617233381
995,0.49761510023981115
996,0.576612330774105
997,0.4631248706350415
998,0.45658886127114
999,0.6171115321346996
1000,0.5195671559289391
1001,0.5174929041753613
1002,0.5614138799452335
1003,0.5308134743331925
1004,0.5270920289882007
1005,0.6777409681162683
1006,0.567545497829499
1007,0.4817464775185557
1008,0.6257690535706215
1009,0.5727058594799035
1010,0.3544385192200256
1011,0.6361119885601396
1012,0.44020141391066625
1013,0.450856285864646
1014,0.5659891311011707
1015,0.4895003188189117
1016,0.39958564219494264
1017,0.6716446329016298
1018,0.3661226247904583
1019,0.5932094346804662
1020,0.39887360203037936
1021,0.4920184750606882
1022,0.5073592187849714
1023,0.45748322566014266
1024,0.4425787481688437
1025,0.6009977988234797
1026,0.5993656890877593
1027,0.37891943721343
1028,0.6091569336106023
1029,0.570375598642145
1030,0.3362070289563268
1031,0.47645689439274713
1032,0.44388535058714385
1033,0.6721539954366834
1034,0.544982336775704
1035,0.4197428294085186
1036,0.6301375223272593
1037,0.33638174026485973
1038,0.41517701553535447
1039,0.4720491791167066
1040,0.6275422688524296
1041,0.5095104802462344
1042,0.5271698769136904
1043,0.49302418367199785
1044,0.5632178723629657
1045,0.689903368074103
1046,0.5965995094619706
1047,0.5727794755509759
1048,0.5266204527500059
1049,0.6238808650607879
1050,0.5969710249641365
1051,0.4815305491943819
1052,0.4254472386884886
1053,0.576594165780762
1054,0.42500650752803926
1055,0.6813803926492051
1056,0.4168716280226309
1057,0.5794709169591039
1058,0.582311506610331
1059,0.5250228311657484
1060,0.4469904607286263
1061,0.5456253026038443
1062,0.49751069729726566
1063,0.574800040403642
1064,0.47122418994430987
1065,0.4579914023894565
1066,0.6348548576702864
1067,0.4087824397958938
1068,0.5637649608730569
1069,0.6669718761420509
1070,0.5738028598069393
1071,0.4929807817254972
1072,0.31696655500007076
1073,0.4392685517995657
1074,0.6089610908189413
1075,0.4339195923379366
1076,0.45776218455672846
1077,0.5844792808996774
1078,0.4852218961592086
1079,0.4305900191751998
1080,0.5065617165227372
1081,0.47378962497559435
1082,0.4916490953289422
1083,0.5361921434669766
1084,0.6036822111135272
1085,0.5907266344981073
1086,0.6107695873931955
1087,0.734950215430824
1088,0.40095788846507174
1089,0.5065092172652663
1090,0.4709734681202552
1091,0.5131686652473733
1092,0.6548949444050941
1093,0.5707977337239762
1094,0.37999962005544474
1095,0.68411983434602
1096,0.6319247774865506
1097,0.5084499963607072
1098,0.5585724483485764
1099,0.42581983297990583
1100,0.5142194579335267
1101,0.49156477017869116
1102,0.5276282316121153
1103,0.47707218210027896
1104,0.43998856214264037
1105,0.5506363798182263
1106,0.5902774762200307
1107,0.4418783384240717
1108,0.4187266074383388
1109,0.5956634090524253
1110,0.6488260457944209
1111,0.5694306757395358
1112,0.40211602531538093
1113,0.536749235497156
1114,0.3760989827994877
1115,0.44921719880239014
1116,0.4941364729777683
1117,0.5911526008335855
1118,0.3764084768700261
1119,0.4321399863754969
1120,0.4631660684148582
1121,0.6170554538173275
1122,0.47802503387757456
1123,0.5446257766493912
1124,0.4893512018879085
1125,0.4607044676402583
1126,0.5173402438165855
1127,0.45156606338586835
1128,0.39580858337645874
1129,0.5861973975209673
1130,0.5340028710543313
1131,0.5990179708875117
1132,0.55438254637488
1133,0.40001346367519763
1134,0.4543007691991042
1135,0.5422107174703612
1136,0.7108217715028013
1137,0.4813986963874276
1138,0.6136790498724742
1139,0.5939418976673035
1140,0.5847854125135201
1141,0.5963640029853524
1142,0.4426638313537494
1143,0.3134853959052538
1144,0.5528303361075453
1145,0.5316218415821921
1146,0.3570450155905858
1147,0.5762634812098266
1148,0.5765319307006834
1149,0.46299243366276877
1150,0.5135248651163455
1151,0.4935458469703628
1152,0.43702975750471534
1153,0.5424305391755682
1154,0.5720754382895208
1155,0.3141242290949062
1156,0.4764207141256417
1157,0.5256500844549736
1158,0.6210694504556448
1159,0.5292997008881831
1160,0.7177701655777643
1161,0.26647811372745095
1162,0.5771976111432353
1163,0.5184770916523951
1164,0.5746865999920266
1165,0.44364117903401656
1166,0.3559599014820073
1167,0.5444453950095453
1168,0.45128234001368517
1169,0.5300197596066748
1170,0.5894501685904595
1171,0.563633421136241
1172,0.6929446360947829
1173,0.5764481212607052
1174,0.4144923552754497
1175,0.46223990110545443
1176,0.5120549537868194
1177,0.3874367167250915
1178,0.55136353551722
1179,0.29952933646174773
1180,0.5085036667728192
1181,0.4797830383950386
1182,0.49096314746739417
1183,0.5239773178964013
1184,0.42565505814021587
1185,0.6134506155079915
1186,0.4422422675312697
1187,0.6081810725306097
1188,0.6608289522657168
1189,0.38073039479692483
1190,0.26681203679839977
1191,0.4418941941898507
1192,0.5474366449212164
1193,0.5308267260122759
1194,0.43898790574037777
1195,0.6157849032542522
1196,0.3879671473719567
1197,0.5769580973361987
1198,0.6544331941003878
1199,0.6165855406732518
1200,0.5392943188117888
1201,0.48432855097077926
1202,0.5360484493852119
1203,0.5005086825302467
1204,0.6039150915584446
1205,0.4157093534355426
1206,0.6915090418245867
1207,0.35394707972199085
1208,0.594506500206225
1209,0.4794804583628114
1210,0.5644045293972648
1211,0.6765825900836058
1212,0.5060392407078161
1213,0.4716176836924849
1214,0.4916179826566676
1215,0.40475070712031924
1216,0.4810377804203882
1217,0.6499031817457241
1218,0.6252322484546698
1219,0.5690485715739751
1220,0.7200971072474819
1221,0.6048917102567211
1222,0.5282101854994892
1223,0.4703266309577864
1224,0.5024914534540837
1225,0.5998874712961809
1226,0.5536285012683466
1227,0.46059257865805975
1228,0.4190711593759625
1229,0.51714465976554
1230,0.6377620748126056
1231,0.519579517877251
1232,0.5711912598291675
1233,0.43090746483666315
1234,0.45718047930016914
1235,0.5233974421023551
1236,0.6266482684750813
1237,0.5538157965319824
1238,0.4328921658036029
1239,0.5337688663809957
1240,0.6590822965648448
1241,0.6759604284449874
1242,0.5665026437393822
1243,0.5114881746403819
1244,0.5294093478057865
1245,0.4686841601018856
1246,0.49248182992435335
1247,0.46651136195847503
1248,0.5316566123699998
1249,0.4999585035474416
1250,0.42930718183488037
1251,0.6540313100647985
1252,0.5236875453401599
1253,0.4002457168352954
1254,0.4317466605065913
1255,0.4664281295605328
1256,0.5849749696520617
1257,0.4937566440518368
1258,0.5947485483293027
1259,0.6098660459267763
1260,0.5370081761252675
1261,0.47776666642711313
1262,0.4880529005530547
1263,0.6220872933173223
1264,0.5239984211940659
1265,0.522279404443833
1266,0.6050111916127471
1267,0.5015840415956746
1268,0.43856102553876286
1269,0.5265905434753984
1270,0.5291058266887985
1271,0.4627775469203005
1272,0.5287327447741211
1273,0.5132761738844224
1274,0.3573736765058025
1275,0.5122196513468937
1276,0.47415632499563487
1277,0.5872596664415496
1278,0.6101836241023664
1279,0.3373179585638318
1280,0.4873362391406343
1281,0.5643189143676479
1282,0.37994603790194026
1283,0.4931030916352051
1284,0.5266900231382462
1285,0.5354421985748211
1286,0.46083557622781124
1287,0.33164820260125594
1288,0.4820440794068038
1289,0.590606812034728
1290,0.6209426612395564
1291,0.5293892859715973
1292,0.39261065997911626
1293,0.5790232781030095
1294,0.44577263745347184
1295,0.59300071930536
1296,0.5431919432714777
1297,0.47956847848583556
1298,0.6557599334441165
1299,0.5118686122377877
1300,0.5404370051651398
1301,0.4308124919843683
1302,0.31957243547977354
1303,0.46615668493517604
1304,0.4188936831440979
1305,0.4863516724760445
1306,0.5189067819804859
1307,0.5342264882582155
1308,0.6043474128839484
1309,0.4531355457942675
1310,0.5355049504347849
1311,0.5937413244754728
1312,0.504614201354483
1313,0.5098712898848797
1314,0.4892551362523607
1315,0.6129987331433131
1316,0.48068282984778754
1317,0.41769997614039023
1318,0.5416077780315286
1319,0.6518783605225015
1320,0.5395841003566417
1321,0.6352659969757745
1322,0.5498737149801817
1323,0.6782034493591559
1324,0.492899567523005
1325,0.4979083283823226
1326,0.3449970519435766
1327,0.46803370258836857
1328,0.6625587705768571
1329,0.5588245736209874
1330,0.3467013484330928
1331,0.47491262020945524
1332,0.5239748429495468
1333,0.4848731770445639
1334,0.4915405101922473
1335,0.4967281153739396
1336,0.7108883702493616
1337,0.5889580893768225
1338,0.558433243148045
1339,0.5482286004431305
1340,0.635998873326804
1341,0.49285308898637914
1342,0.4510114403064359
1343,0.5896695077373365
1344,0.33254605280521743
1345,0.4916315389809347
1346,0.6072276732069855
1347,0.519406809493115
1348,0.36059581577019717
1349,0.5440807312990442
1350,0.44355907773310277
1351,0.6762600504385343
1352,0.5877021952056553
1353,0.4841743498581001
1354,0.5869742767943662
1355,0.6383550287635097
1356,0.5648653130798903
1357,0.5546568940983339
1358,0.6640044142217438
1359,0.5573707454108315
1360,0.6285176739343865
1361,0.6382753252600373
1362,0.3955700247937628
1363,0.5788786828208541
1364,0.7205096769522451
1365,0.5580207974364488
1366,0.35681326381275785
1367,0.41438687864945023
1368,0.6323751135188527
1369,0.45803794317242974
1370,0.5245947942080014
1371,0.4629557598026572
1372,0.5672338388104881
1373,0.4882388122141029
1374,0.7011830014863738
1375,0.5630238021899363
1376,0.43772212954866263
1377,0.5880224192694711
1378,0.6189996484630514
1379,0.5305998722171594
1380,0.5814681120664505
1381,0.49686244138741437
1382,0.5676819132870132
1383,0.42958618926556247
1384,0.4505340366429496
1385,0.5501121354625276
1386,0.5365393344745126
1387,0.6450983992785398
1388,0.4509831056183199
1389,0.31954939917062203
1390,0.4871734683645748
1391,0.6318630077946087
1392,0.580830548758331
1393,0.5120817142538687
1394,0.6231847358218108
1395,0.5230851624957872
1396,0.5530427004147808
1397,0.415183008649072
1398,0.4315874633384297
1399,0.6302187153747294
1400,0.475512630846369
1401,0.4095695691376931
1402,0.47178594234464094
1403,0.4667341830382544
1404,0.6244172737882114
1405,0.41612497850599794
1406,0.6390498315115583
1407,0.5426512329559364
1408,0.5094926686233406
1409,0.5051131690886765
1410,0.5528341552249265
1411,0.5742077802213541
1412,0.5643603532137329
1413,0.5289236738860904
1414,0.5424251833586891
1415,0.49810096257937575
1416,0.5420748328345983
1417,0.4785542554446732
1418,0.6376228641922677
1419,0.5194825699382581
1420,0.5809993297146042
1421,0.437584631766522
1422,0.44549641034243515
1423,0.5682177086589149
1424,0.510029837778343
1425,0.6141866557617681
1426,0.6552899463731134
1427,0.5664499386719881
1428,0.3662843677287343
1429,0.43886579899264916
1430,0.4189613390963358
1431,0.5188896880304031
1432,0.5176620465473247
1433,0.6180630040204889
1434,0.5387688292339599
1435,0.4858993180732799
1436,0.45674526784720765
1437,0.4655613437114889
1438,0.5643160524933651
1439,0.405547186999364
1440,0.4627193322961913
1441,0.3196245525528632
1442,0.5164926422930305
1443,0.5250612815509249
1444,0.9013160976739478
1445,0.4518345640536842
1446,0.454093839219857
1447,0.4882107686631594
1448,0.5771709910228263
1449,0.4241721155982638
1450,0.4335600379043266
1451,0.49433805229297245
1452,0.49173115834373143
1453,0.530249273040655
1454,0.43758067895189684
1455,0.4411329297742075
1456,0.55324430171639
1457,0.42537477079777164
1458,0.46065698394372206
1459,0.5617536997792797
1460,0.43365902029806114
1461,0.39777421184628853
1462,0.6589483456569611
1463,0.5565280701732194
1464,0.43386854600283054
1465,0.4675748487566665
1466,0.45760679417693206
1467,0.568735065971677
1468,0.6056289318347038
1469,0.4919495847702979
1470,0.5720062731000769
1471,0.3772977919005647
1472,0.41617869377845457
1473,0.5104052174542529
1474,0.48228246267506314
1475,0.4849999255418179
1476,0.6782716699253838
1477,0.5742663911349545
1478,0.6353322442128476
1479,0.6579983207422316
1480,0.5557363066018268
1481,0.4813203426383594
1482,0.3760825622790719
1483,0.34904872784966573
1484,0.6448972831996317
1485,0.45728545828887035
1486,0.6128157777700906
1487,0.6557083647572054
1488,0.4264709314654052
1489,0.41666639872294825
1490,0.7112401979369496
1491,0.4367353730907204
1492,0.5070092164640909
1493,0.5063169828082629
1494,0.5868875573712333
1495,0.7345771129406486
1496,0.5481544615806272
1497,0.501131130300557
1498,0.7016371684615198
1499,0.4893885300756027
1500,0.5052478171671977
1501,0.714770694467983
1502,0.44890463967136723
1503,0.6344172724818608
1504,0.5782850640279057
1505,0.6477589366835486
1506,0.5478698906992662
1507,0.5650155980791146
1508,0.8648757987209371
1509,0.6822605988448005
1510,0.5723638787273041
1511,0.504658763064913
1512,0.5977003215206904
1513,0.40193213738808864
1514,0.7132157845544195
1515,0.5097148792190115
1516,0.4974092696966065
1517,0.7497366181371639
1518,0.6005514083977965
1519,0.5427042199197392
1520,0.6458196647181226
1521,0.4577270819557896
1522,0.5185856133187339
1523,0.40501712643598964
1524,0.5596856567835176
1525,0.5803187293210778
1526,0.4027971084156351
1527,0.4832183684061882
1528,0.6937651116358734
1529,0.5100742439937618
1530,0.30135406308242974
1531,0.5120639117072299
1532,0.37789901816473503
1533,0.4887500747466839
1534,0.5809935603559969
1535,0.33955843207133585
1536,0.5070728725187731
1537,0.6596402907463658
1538,0.5081501919141024
1539,0.4184689254588115
1540,0.752787773507891
1541,0.6161141063221807
1542,0.6972339964504555
1543,0.6538078117088566
1544,0.6116608222968818
1545,0.5129410551219672
1546,0.613246435339048
1547,0.4317008641309174
1548,0.49531915910483476
1549,0.5533399137531678
1550,0.44845518754757624
1551,0.5570636168577169
1552,0.5358422031810394
1553,0.561548613073387
1554,0.5849347090388837
1555,0.5986030730034142
1556,0.40567116587546553
1557,0.4881630280771114
1558,0.4740860544623078
1559,0.632886082775916
1560,0.43897926743506777
1561,0.49179718579776543
1562,0.4537689387721491
1563,0.7899013975610114
1564,0.5032827822484423
1565,0.5239624848520962
1566,0.4034545768364956
1567,0.532328950709644
1568,0.3546013534584763
1569,0.49245038358266957
1570,0.47630626953116195
1571,0.5061002091296286
1572,0.42371925641418406
1573,0.46600286718914136
1574,0.5479695008189249
1575,0.42299280170397174
1576,0.5751685359105261
1577,0.4889434563491881
1578,0.5151474646540045
1579,0.5898856041875697
1580,0.24153377837204948
1581,0.5398974243227888
1582,0.5095951714075175
1583,0.49893504023352747
1584,0.6703651066600784
1585,0.4652966008530569
1586,0.6856668671619855
1587,0.5259959514943442
1588,0.557824328284972
1589,0.525910444954134
1590,0.5617055469500145
1591,0.5453903739741199
1592,0.5956115258156844
1593,0.4853014363074134
1594,0.4999073898979265
1595,0.5356396532637244
1596,0.5076346267709383
1597,0.6521645820075591
1598,0.5508706526633248
1599,0.4584942787153832
1600,0.6423773954333721
1601,0.5320285171619519
1602,0.49873526407223745
1603,0.7556872975035054
1604,0.4047579367415969
1605,0.4455458799119208
1606,0.5753983350695868
1607,0.624309320422694
1608,0.5534383216280229
1609,0.5516817288364828
1610,0.5161464647927491
1611,0.5540766765989417
1612,0.40670043420430246
1613,0.46426689717166425
1614,0.4476118244108914
1615,0.6921959449600406
1616,0.7632429381674223
1617,0.39815503878906766
1618,0.5146884296751718
1619,0.5886676606375078
1620,0.41465486488409364
1621,0.5015729692290574
1622,0.5530933552001991
1623,0.5296302804769611
1624,0.5681599850118209
1625,0.46884759200606235
1626,0.5475062213734672
1627,0.4226267448669928
1628,0.5985829232754316
1629,0.48318593588365844
1630,0.576930829604724
1631,0.5512169415872825
1632,0.6242029751836635
1633,0.4383328282613821
1634,0.3815714555169599
1635,0.6657465674814874
1636,0.6387812842788042
1637,0.4766765231261796
1638,0.3790366822394768
1639,0.5455533141058122
1640,0.5500460772142519
1641,0.5800114118083769
1642,0.4127026191587763
1643,0.5585775127955652
1644,0.498017481228678
1645,0.6035037369833104
1646,0.40666408923855313
1647,0.5319156678532104
1648,0.45748926557895037
1649,0.573574934906395
1650,0.6343306179483164
1651,0.5354229830781692
1652,0.4240174659705783
1653,0.5900465650669963
1654,0.45973346329369685
1655,0.469856607937755
1656,0.49446486755563546
1657,0.45485140515225486
1658,0.551206096554482
1659,0.524273012387376
1660,0.7334006692671051
1661,0.5736076466277787
1662,0.3895045668715448
1663,0.37974924500886187
1664,0.5626461350474035
1665,0.5212466238538955
1666,0.5244685313864532
1667,0.558180812566122
1668,0.31096971820610053
1669,0.4229412347056039
1670,0.42592828467574245
1671,0.49622465676621724
1672,0.4563791057096726
1673,0.5276653851042228
1674,0.387936916448077
1675,0.557243717337703
1676,0.5853837222236976
1677,0.566997530173504
1678,0.5543709804746383
1679,0.4383144585520107
1680,0.6005723499914004
1681,0.49274397461925584
1682,0.5797014285844185
1683,0.4990351164659845
1684,0.5853089063890813
1685,0.42632449208990986
1686,0.5712293596209209
1687,0.5563522391477385
1688,0.47350926118027686
1689,0.543636334529545
1690,0.5290198232718922
1691,0.42864725499831685
1692,0.3816160698469626
1693,0.5870730258392712
1694,0.5087989304458524
1695,0.5544973320519561
1696,0.5409235631144825
1697,0.6040661916546355
1698,0.46887285936002565
1699,0.4544751577508195
1700,0.5399553679514552
1701,0.5205408486720711
1702,0.49886044697046056
1703,0.4587067612213684
1704,0.49569956056073333
1705,0.5318449866043355
1706,0.4778643383352227
1707,0.7010833508020254
1708,0.6112122828692229
1709,0.5657560068784843
1710,0.571217920139636
1711,0.5375899567730631
1712,0.4878899784920981
1713,0.36102653186263023
1714,0.6073988585424326
1715,0.5984178403677853
1716,0.49337524143865996
1717,0.5712518096284339
1718,0.5378918547311684
1719,0.6076201079604274
1720,0.47177495691464905
1721,0.5761331592347141
1722,0.6851609286811849
1723,0.5129897825630578
1724,0.5143570981932987
1725,0.44438515216875374
1726,0.5553191095721886
1727,0.4105929583674821
1728,0.3715466491627222
1729,0.4460690539223616
1730,0.5925389613514153
1731,0.6156100835268097
1732,0.7243970776867499
1733,0.5421664013130426
1734,0.4569726917524618
1735,0.5422694867124896
1736,0.435993344690068
1737,0.3490190280872547
1738,0.4745517082033304
1739,0.5245956095101697
1740,0.8430054382917123
1741,0.46543537499955573
1742,0.3720768351468556
1743,0.501814155278338
1744,0.524780196039485
1745,0.49264288143012247
1746,0.5757342775665879
1747,0.40406331885071456
1748,0.5130994570206144
1749,0.6406306890353349
1750,0.5814009953910027
1751,0.5195605957379369
1752,0.6821737998371811
1753,0.5308562517397276
1754,0.506565429724284
1755,0.5329602913422924
1756,0.37095376652553486
1757,0.4776378168422395
1758,0.696109888940078
1759,0.5660630519972488
1760,0.5562477981770504
1761,0.5581744532017738
1762,0.5034359058709912
1763,0.6762713894337035
1764,0.6036566062379982
1765,0.4755386360236088
1766,0.47783354444166576
1767,0.6390105573537617
1768,0.6496548640372211
1769,0.43967148955601554
1770,0.6085326187117587
1771,0.5953145585442121
1772,0.3009958837922847
1773,0.5208484536292682
1774,0.5185359954757467
1775,0.5342811262728894
1776,0.5401756519692746
1777,0.5397466728060861
1778,0.4009034705825344
1779,0.46465592637161734
1780,0.575055602646082
1781,0.49790348084106245
1782,0.47492305771347426
1783,0.5885997357918743
1784,0.4217811244785384
1785,0.6425769626590924
1786,0.5761213858479073
1787,0.5364930896961565
1788,0.40543603564730235
1789,0.45520938527869453
1790,0.6480218348976976
1791,0.6598878531537641
1792,0.6790660027712769
1793,0.521257238760842
1794,0.31991430323681497
1795,0.3998940925318003
1796,0.6515238118253888
1797,0.5370600212230888
1798,0.49316083326528654
1799,0.26322964651243064
1800,0.5602391413710245
1801,0.37768159603239143
1802,0.4895858909057984
1803,0.6773865706086206
1804,0.4771912192604154
1805,0.461312217147002
1806,0.509835389463548
1807,0.46848296517514854
1808,0.4815122959726358
1809,0.7269901986717956
1810,0.46561145252366193
1811,0.39147999062023725
1812,0.34855789042776286
1813,0.4153722159497093
1814,0.5841713163413669
1815,0.4257408517661935
1816,0.407623002775518
1817,0.6240775483645642
1818,0.4764502420274435
1819,0.6640692469679543
1820,0.6209492542852032
1821,0.41801924151702147
1822,0.5736613903281369
1823,0.5225074565196347
1824,0.5038873189104575
1825,0.510633823377002
1826,0.37165439958175905
1827,0.5048065781313473
1828,0.5242023589936634
1829,0.7114464096729523
1830,0.7342956076441299
1831,0.5437515652133333
1832,0.535092279317732
1833,0.5675106009307683
1834,0.3791660494071397
1835,0.4564694714905506
1836,0.5520594438510864
1837,0.6217349561063727
1838,0.6334160312384459
1839,0.622277139482339
1840,0.616045328059228
1841,0.5932418666744809
1842,0.3746269565740517
1843,0.490563157677153
1844,0.4393046509221861
1845,0.6827701262972294
1846,0.5821090212461721
1847,0.4297687076762043
1848,0.5803816777476593
1849,0.4510485910469718
1850,0.559004900018723
1851,0.41587139822350916
1852,0.5158363496940953
1853,0.5559967173510918
1854,0.6282926619917147
1855,0.42630947109392053
1856,0.38856957552706906
1857,0.6235803416253041
1858,0.4285720753135172
1859,0.45230582720844675
1860,0.510083177300445
1861,0.5899011325876755
1862,0.5668894345073231
1863,0.5999733013137007
1864,0.4138571632918422
1865,0.5650571463146903
1866,0.3913996780767055
1867,0.43541444697737963
1868,0.39157431813736365
1869,0.5267237774089143
1870,0.5447531122400343
1871,0.5023065041915515
1872,0.4954816092542495
1873,0.5421356386295252
1874,0.4692845903356099
1875,0.5438431494671975
1876,0.5163775000404013
1877,0.44825075651280144
1878,0.491910273202802
1879,0.38369787946746003
1880,0.5109976308290837
1881,0.4480708927891489
1882,0.6887115185800063
1883,0.28187473099002713
1884,0.6542309234029037
1885,0.4052175968265965
1886,0.44436379123815806
1887,0.5407605333117366
1888,0.5792242545203099
1889,0.5824274920126457
1890,0.49984290658333486
1891,0.45060105662284355
1892,0.4526887982908428
1893,0.4928070316450704
1894,0.47147395836453565
1895,0.41426085893524256
1896,0.536350468112024
1897,0.6001423438589969
1898,0.5614494885284418
1899,0.4164523098297901
1900,0.4257871952896384
1901,0.5461377652892178
1902,0.5910782005805628
1903,0.5444056548001002
1904,0.621412050038074
1905,0.5864104300061262
1906,0.8492635682535976
1907,0.6448754573031066
1908,0.4070839100440591
1909,0.5004714037714306
1910,0.4971608796375964
1911,0.48941065608832857
1912,0.5523499081168622
1913,0.5237341957841867
1914,0.5088718253708685
1915,0.6046209438880382
1916,0.4901693707627024
1917,0.5262534830969647
1918,0.36975721642627335
1919,0.4940159741439939
1920,0.7997551031583999
1921,0.41864905772382843
1922,0.5674599022016253
1923,0.7096326763977017
1924,0.4706109823924395
1925,0.7078955394112806
1926,0.6090995603437915
1927,0.5243557440488055
1928,0.4907164652407168
1929,0.40127366760470795
1930,0.5057231861997871
1931,0.5468613742150085
1932,0.57292673442923
1933,0.7057050306859368
1934,0.5603981633394836
1935,0.7078702752977291
1936,0.5768959138967085
1937,0.4777551747953418
1938,0.5036560182853331
1939,0.5624663254857635
1940,0.4533804307286162
1941,0.6630990982485421
1942,0.48685711717959523
1943,0.608405485926989
1944,0.4780335879012434
1945,0.5502439183075136
1946,0.5602926256684226
1947,0.4998023499296166
1948,0.7004793513579339
1949,0.5686676851334743
1950,0.5112234772097564
1951,0.6502905777954902
1952,0.46778264363105815
1953,0.3336384237620138
1954,0.5488320848637436
1955,0.6071976296595825
1956,0.5704598887047223
1957,0.5641694256835275
1958,0.5390464088174802
1959,0.6554687298805665
1960,0.4961340933214791
1961,0.5264653599735369
1962,0.40954386888582317
1963,0.5698318818917202
1964,0.521481247712291
1965,0.6165193972740111
1966,0.5621504484963329
1967,0.4049739156271729
1968,0.42779316047217425
1969,0.6560718926392054
1970,0.4845979556239774
1971,0.6703926567057683
1972,0.41071454623062814
1973,0.5455407460511843
1974,0.5756350593516029
1975,0.5967966344097241
1976,0.3630891310480674
1977,0.31877963499696904
1978,0.546474770607267
1979,0.6828215539361872
1980,0.5337148888144276
1981,0.5606893688751597
1982,0.6746285882784023
1983,0.6001678419486395
1984,0.571040201221598
1985,0.5525920052580726
1986,0.3622664821988597
1987,0.6288111700373354
1988,0.5623848435065529
1989,0.6094882985453844
1990,0.3711694024201265
1991,0.5116746116952753
1992,0.6402601339568659
1993,0.5820263532426881
1994,0.49846952772096076
1995,0.7141124609557079
1996,0.449508378921197
1997,0.552955935002984
1998,0.5296182614389433
1999,0.43941551296221604
2000,0.533195745841998
2001,0.5868739317692466
2002,0.6022855734151449
2003,0.45996315591701614
2004,0.451109151863876
2005,0.4328158188315524
2006,0.49119406428060286
2007,0.5502778021701562
2008,0.38988862030016636
2009,0.507316675436455
2010,0.4949062987816199
2011,0.36616753842721284
2012,0.5020070138217297
2013,0.47976866566682314
2014,0.6681355933875125
2015,0.48429232136034006
2016,0.610630519251062
2017,0.664565920601759
2018,0.4219815296319976
2019,0.467150837070623
2020,0.6691396860143859
2021,0.6267856993377121
2022,0.47729846784815233
2023,0.4126238373260358
2024,0.6214517370122451
2025,0.5669400178767016
2026,0.3907593393314815
2027,0.446939525617576
2028,0.44677646544651983
2029,0.4830471344611275
2030,0.5524075910592757
2031,0.6887563042671792
2032,0.5355048589734307
2033,0.3981974513194765
2034,0.5505431411759866
2035,0.5572344266062065
2036,0.713399969362501
2037,0.4036242930338485
2038,0.42360808018179485
2039,0.7015222229318313
2040,0.45283553210997696
2041,0.5707906873155308
2042,0.477368211487629
2043,0.6184850029998765
2044,0.5358480974944066
2045,0.5722475673398273
2046,0.6959175598806586
2047,0.5111075321373093
2048,0.5108523830837494
2049,0.44269722205913514
2050,0.43658154675848687
2051,0.5168740089232632
2052,0.5644627467088243
2053,0.48794885539667177
2054,0.4325022444791646
2055,0.3720337497122401
2056,0.5297725180246573
2057,0.45060279126553343
2058,0.4276185604805142
2059,0.5464312084516676
2060,0.538155895751207
2061,0.48682915418578265
2062,0.4976930995910161
2063,0.564509665735187
2064,0.5326638101143472
2065,0.5299131283625999
2066,0.41981162056302446
2067,0.4398760207899106
2068,0.5792850643606913
2069,0.47624765478737374
2070,0.5539897904939354
2071,0.5227000694375101
2072,0.5289564189210505
2073,0.44697541225288373
2074,0.6584305611220459
2075,0.44003309503811666
2076,0.5618525462128263
2077,0.38197794756958436
2078,0.4780679952023766
2079,0.469406798738327
2080,0.49355743810601976
2081,0.609201556350448
2082,0.5926166149445917
2083,0.5534021467269562
2084,0.5801138132265197
2085,0.6532721257754079
2086,0.4366463584052278
2087,0.6625209131722241
2088,0.49767302777709554
2089,0.5371525708122145
2090,0.5066792093029142
2091,0.5509001495710569
2092,0.6095593901529285
2093,0.5973405188283668
2094,0.5083365328867334
2095,0.544654406142767
2096,0.48116322508758325
2097,0.679619059193602
2098,0.5834509695287476
2099,0.615237082876304
2100,0.5207244819655732
2101,0.5073360710604435
2102,0.4846480174606505
2103,0.337576713243969
2104,0.6997921172063566
2105,0.40872774739650836
2106,0.5377581143843464
2107,0.4338825793955774
2108,0.45301789669758424
2109,0.5582882286381591
2110,0.46072651447905644
2111,0.3913025226255397
2112,0.4863172223423544
2113,0.3827212779004523
2114,0.5938051845912965
2115,0.6017478645613451
2116,0.31515029195578326
2117,0.4947839736941975
2118,0.6081088414743481
2119,0.40103381486469214
2120,0.5884374210020779
2121,0.6112001184505316
2122,0.4541490447805947
2123,0.5462997544939353
2124,0.617308552029447
2125,0.47190292243810583
2126,0.42110810029006696
2127,0.6579428664744078
2128,0.47536602838535813
2129,0.5505363327623337
2130,0.42728789195241057
2131,0.44039896649214205
2132,0.6320755527206993
2133,0.3420437545125944
2134,0.45474320609544994
2135,0.6069487178633681
2136,0.6553416933385915
2137,0.5039289349103561
2138,0.4284399456624621
2139,0.6631734056850638
2140,0.47214274560055414
2141,0.5844574551369531
2142,0.4845691114537387
2143,0.5899494620588676
2144,0.5698680679013584
2145,0.5580829833973934
2146,0.6548101996835356
2147,0.6119467325788643
2148,0.5838822830660044
2149,0.5210165002045811
2150,0.649470463448992
2151,0.540739190716274
2152,0.5016474124774997
2153,0.4693943633244542
2154,0.4416502104567216
2155,0.6369030030834513
2156,0.47199597771930285
2157,0.5609979311470739
2158,0.5505567920169503
2159,0.5074175888393486
2160,0.4147224667230751
2161,0.474709437814152
2162,0.2733246206117922
2163,0.59095688367507
2164,0.593809656426538
2165,0.5476105038508179
2166,0.5144670233458077
2167,0.44172524799373114
2168,0.6419679674105535
2169,0.561746397624733
2170,0.5932351383459015
2171,0.527366818279299
2172,0.5407015185986337
2173,0.4765091266177394
2174,0.7988673762543725
2175,0.5723010314032947
2176,0.8187975619035024
2177,0.46197045083188704
2178,0.6687171431509518
2179,0.5293206473594954
2180,0.6226754413714727
2181,0.35628168396809906
2182,0.6034963701000162
2183,0.3979600760292007
2184,0.6138571739723668
2185,0.41248573875523326
2186,0.5194232163348802
2187,0.6996810622466133
2188,0.5847822362311466
2189,0.42955036316249096
2190,0.42736155962223965
2191,0.6221041504475718
2192,0.6635881175932463
2193,0.42309860600394084
2194,0.42745798702969195
2195,0.5141316065166043
2196,0.3608980949692462
2197,0.34318033841654194
2198,0.5366018683506245
2199,0.4921555392041521
2200,0.6815031536770607
2201,0.3582354465503923
2202,0.5961171372496117
2203,0.512634693998097
2204,0.5592966402307904
2205,0.5831991172935896
2206,0.5451949533776554
2207,0.5241491067242245
2208,0.47252145601270884
2209,0.5596756608536937
2210,0.5543459322325955
2211,0.4310267244839737
2212,0.41066136532576314
2213,0.719576173748963
2214,0.47443033570554694
2215,0.5339169417938595
2216,0.5340843762303938
2217,0.445628209325393
2218,0.39291317985048924
2219,0.4733340281010081
2220,0.48486509867095473
2221,0.5146384561442198
2222,0.5334162358461036
2223,0.5182842499384174
2224,0.6425977604712338
2225,0.5554309713407386
2226,0.353747642615868
2227,0.48616634711064943
2228,0.6659903036796597
2229,0.5279708525656331
2230,0.681968793484188
2231,0.4048169643000904
2232,0.5379951351120531
2233,0.5727439802195123
2234,0.48030994592871307
2235,0.483402979598632
2236,0.5011829377097331
2237,0.6280366877509558
2238,0.47843353059883487
2239,0.7348146876412855
2240,0.6470817881587825
2241,0.4676569475619024
2242,0.5424067963193
2243,0.5713336781837153
2244,0.3346889266823031
2245,0.47078889678729935
2246,0.488857365810093
2247,0.5686368078494383
2248,0.5641212274668469
2249,0.6082492851407386
2250,0.3626609274623948
2251,0.45751050703228147
2252,0.5266454183436465
2253,0.5453980601721009
2254,0.5246217167935525
2255,0.5715897959024633
2256,0.6062095473368261
2257,0.4917257067049146
2258,0.5169561501268607
2259,0.4476374564750441
2260,0.5019988159743899
2261,0.4852594813548242
2262,0.37382500229363286
2263,0.4787613779357678
2264,0.6797586310317146
2265,0.4871213507618353
2266,0.642373388892836
2267,0.39545926568663325
2268,0.46200678659956634
2269,0.5152116359956669
2270,0.4828532304591207
2271,0.5417937793419187
2272,0.4607792018667049
2273,0.51048608311327
2274,0.4976391914328017
2275,0.6060476780800645
2276,0.4495723233312069
2277,0.5280392758833732
2278,0.49008984270273237
2279,0.44023161494431334
2280,0.6003391518943662
2281,0.7013791188992244
2282,0.582020903126406
2283,0.5196718098782664
2284,0.4118910629089409
2285,0.4943447148833818
2286,0.6585785050790427
2287,0.35172763062435264
2288,0.4627121630017631
2289,0.6428406459666799
2290,0.42592461369615764
2291,0.4817236474861921
2292,0.5188026791499043
2293,0.372613206983082
2294,0.6004547493531356
2295,0.3976477728519181
2296,0.5680998640305694
2297,0.6875424743925309
2298,0.48909990642211876
2299,0.6462621225030943
2300,0.5977732191491949
2301,0.37970517330337117
2302,0.4950628332716351
2303,0.5121291878850565
2304,0.5440553951417597
2305,0.45470451633903064
2306,0.6460644959549111
2307,0.6809865457307172
2308,0.4922374163482861
2309,0.5019082070549227
2310,0.47833177966291196
2311,0.48724347974479165
2312,0.4335059260421396
2313,0.6116433231209546
2314,0.4091386420053033
2315,0.41605570706144834
2316,0.5042242222410265
2317,0.5295413323973254
2318,0.4946786227048945
2319,0.644975021876464
2320,0.478051176067431
2321,0.500196029484347
2322,0.4868817750351628
2323,0.45999989059636276
2324,0.6412132504231662
2325,0.4523683582039686
2326,0.47759834917892385
2327,0.6450365618669176
2328,0.42721113519122467
2329,0.45690007299861496
2330,0.54866518411815
2331,0.5221930806361529
2332,0.5445314445811358
2333,0.49360423126765046
2334,0.6497390280380405
2335,0.41723935852123484
2336,0.6527091746356273
2337,0.43893726303951264
2338,0.46715217606335974
2339,0.45319128455066526
2340,0.6068404264999917
2341,0.7130435477389381
2342,0.604654134836511
2343,0.6904640715528578
2344,0.33700961505541593
2345,0.44456193663841526
2346,0.5641314532029169
2347,0.49033864632598767
2348,0.4404973612406405
2349,0.4888432310285094
2350,0.45049444067822075
2351,0.8222495107826822
2352,0.4307171482398307
2353,0.46053622956653506
2354,0.5117820793249218
2355,0.49923040330482366
2356,0.5520597247923865
2357,0.588343597522866
2358,0.41046718275554184
2359,0.6971663556345935
2360,0.3297454883576154
2361,0.61190178258449
2362,0.551880218779993
2363,0.618357437373123
2364,0.6492730544552886
2365,0.41866871507642045
2366,0.4985672921023144
2367,0.7522198440449681
2368,0.5787911635725678
2369,0.5272048452554472
2370,0.5523995100426865
2371,0.5238618685037383
2372,0.5960825197486238
2373,0.5416501452404745
2374,0.49559552478733676
2375,0.3834095588273939
2376,0.6384063893886993
2377,0.6088045463201677
2378,0.4170392850711507
2379,0.6326449109054415
2380,0.494577137216641
2381,0.5582249860413669
2382,0.5248417330951755
2383,0.6774085589207717
2384,0.46091514167509656
2385,0.5608326098147862
2386,0.6335883777400539
2387,0.4504297176913849
2388,0.6131545689792723
2389,0.5210065335865518
2390,0.5951958642013151
2391,0.6846389901998005
2392,0.5888359623889551
2393,0.5850339966575647
2394,0.49517925550651504
2395,0.5217625418305508
2396,0.5784255614347491
2397,0.576127859775231
2398,0.43567744912711875
2399,0.5948156581312566
2400,0.3671769600856578
2401,0.5907052547783985
2402,0.4358854716038779
2403,0.4947606298183612
2404,0.5627845320016245
2405,0.5451249029866309
2406,0.5099217288932538
2407,0.4570776416854937
2408,0.7412853955543985
2409,0.4309219015170503
2410,0.4523223036460754
2411,0.5476009324468496
2412,0.31505188697834235
2413,0.5695643266709142
2414,0.580401838761092
2415,0.399055319122681
2416,0.4327820994037065
2417,0.3826938574607935
2418,0.58036300243388
2419,0.40263188149171636
2420,0.6364885340988096
2421,0.4843582526220759
2422,0.5576586329597472
2423,0.6137835057141963
2424,0.5244133135020477
2425,0.554627974113671
2426,0.48992037329850713
2427,0.47793532751527956
2428,0.48449406722020627
2429,0.5498957671489099
2430,0.4802417652216319
2431,0.46194149924558736
2432,0.5057269193857191
2433,0.6507671921818715
2434,0.4859599952069447
2435,0.4995828270210638
2436,0.572045272274541
2437,0.46856443080783516
2438,0.4542036123069335
2439,0.38947806326201007
2440,0.6213195936830525
2441,0.48000293440936515
2442,0.5525312179366292
2443,0.5464526192643927
2444,0.6477959764732044
2445,0.5361776700333432
2446,0.5387306282835861
2447,0.43471968860965204
2448,0.5761224843272894
2449,0.5019955988913939
2450,0.4516162299137563
2451,0.5164190185980079
2452,0.4606028511263935
2453,0.48366725927436843
2454,0.5827624718126168
2455,0.5423369754846613
2456,0.5082791620796548
2457,0.5684115230307237
2458,0.38725876650181157
2459,0.5976703543253626
2460,0.5071109243011761
2461,0.600782955403301
2462,0.5464460093821074
2463,0.390777508195627
2464,0.448910025956218
2465,0.4742663530815278
2466,0.7415161612066787
2467,0.35349770317116147
2468,0.5248807625750949
2469,0.5834559349896775
2470,0.46636579496445746
2471,0.5714972609592828
2472,0.42312436499093253
2473,0.43016849019710984
2474,0.6703917932013961
2475,0.5716599339112307
2476,0.5330881269751486
2477,0.474183792510532
2478,0.5300551749181577
2479,0.5186814418601606
2480,0.4483224427726282
2481,0.5401149441626468
2482,0.6418400641253851
2483,0.5073777530266638
2484,0.36121943618982766
2485,0.4533452315404939
2486,0.563814776833441
2487,0.37856597917435364
2488,0.494871562646226
2489,0.5854393084862803
2490,0.3693414695705125
2491,0.5185348988620913
2492,0.5140716363742396
2493,0.6372777811405759
2494,0.5591009135145506
2495,0.47161110176538984
2496,0.56210649264084
2497,0.5033809339743935
2498,0.5808532090971591
2499,0.4608779314040582
2500,0.6570091586380189
2501,0.4412924085440201
2502,0.8542065796168719
2503,0.5036113219825686
2504,0.7160792850713459
2505,0.5261859747030838
2506,0.6358052497287007
2507,0.5832206870835376
2508,0.4738078925794781
2509,0.33792625728591286
2510,0.6697475507241133
2511,0.5983835937828621
2512,0.2880384669495476
2513,0.5616664650251547
2514,0.7218898150597101
2515,0.4384875431906017
2516,0.4806896471390333
2517,0.5869896671044195
2518,0.6239339473912097
2519,0.6156250001900805
2520,0.6804054035894557
2521,0.7091402254824144
2522,0.5651582322550729
2523,0.3813849900277201
2524,0.42093906524721786
2525,0.5993048921538281
2526,0.5177625571076757
2527,0.5074830089920274
2528,0.5800543047693252
2529,0.6212967704120709
2530,0.4714587440449134
2531,0.456237106209599
2532,0.6786157438335856
2533,0.37390942022732243
2534,0.6345653633274541
2535,0.6524295902551589
2536,0.48594685044420094
2537,0.6030687021234235
2538,0.6518025597448864
2539,0.3421684062202653
2540,0.6310234794536976
2541,0.5450881659105362
2542,0.4953511368677863
2543,0.5117870693759842
2544,0.5712273343967219
2545,0.4486995712160749
2546,0.5433002885100994
2547,0.49159587762703405
2548,0.5634159113468103
2549,0.4796066662288483
2550,0.559145579246858
2551,0.47510169651059847
2552,0.6211314491295337
2553,0.6077953610487947
2554,0.5908969043024016
2555,0.4784528291619626
2556,0.43204483301713553
2557,0.5712647228204573
2558,0.4892917864224645
2559,0.6280475014471809
2560,0.5943673735846255
2561,0.6297262428056805
2562,0.5776201241680183
2563,0.5086533753061937
2564,0.4815515268565595
2565,0.440452485837032
2566,0.5381463401905874
2567,0.5168014647542651
2568,0.4055539627189938
2569,0.5809311239835322
2570,0.4869435685863409
2571,0.5541419298930698
2572,0.4981078159153516
2573,0.6219858389046323
2574,0.3102716405284607
2575,0.5673078796422487
2576,0.5776552023780156
2577,0.7287769051778273
2578,0.5277561960344345
2579,0.6212695573437206
2580,0.42099496398703196
2581,0.4374462228327211
2582,0.6067926112670736
2583,0.44388864518069504
2584,0.5089735428893852
2585,0.4664876444951734
2586,0.5880582583161936
2587,0.48272920437743816
2588,0.3810912843703723
2589,0.6579663424302371
2590,0.5137591401511076
2591,0.5485017854311774
2592,0.5307912495735152
2593,0.7714718978777728
2594,0.461956805724256
2595,0.4883123506644035
2596,0.5605758731958252
2597,0.5353649532260247
2598,0.662382659906003
2599,0.273067054409529
2600,0.56847592376315
2601,0.5041399864985201
2602,0.511220461556528
2603,0.43403104086152683
2604,0.5390495118343799
2605,0.4983844512058827
2606,0.5893286526865925
2607,0.46511997893446483
2608,0.5737903423548237
2609,0.6514267632747051
2610,0.5723851310898204
2611,0.6767893544792272
2612,0.5922366936849275
2613,0.5380213007327176
2614,0.5705099531924891
2615,0.5252769408549046
2616,0.6400600971273493
2617,0.5621040481117429
2618,0.41833666290277294
2619,0.48370684328459773
2620,0.39932435737460875
2621,0.5392692654035617
2622,0.520062775137707
2623,0.8173022685427583
2624,0.5873852697754067
2625,0.4321172364111058
2626,0.5736128162774969
2627,0.5538341370372266
2628,0.5011326775720115
2629,0.43888449883703506
2630,0.5110976671673895
2631,0.7256893221902945
2632,0.4769719522146842
2633,0.6159722976492503
2634,0.26394698362174507
2635,0.7187103526076086
2636,0.49855848183533724
2637,0.4352138527966857
2638,0.5144620289216637
2639,0.4386115848635964
2640,0.42559269152898754
2641,0.6741217141303182
2642,0.516288839034015
2643,0.6594218167628426
2644,0.49479068261183273
2645,0.6703823732895867
2646,0.5725109245837141
2647,0.686531491597983
2648,0.4397487942189967
2649,0.5638688730687801
2650,0.48648332396849425
2651,0.3087438883382286
2652,0.3798240482593136
2653,0.5449768057797544
2654,0.5139526965694347
2655,0.5044773201409345
2656,0.5442873967102949
2657,0.427676092681285
2658,0.6013489346309292
2659,0.4780302447332209
2660,0.5471734004092731
2661,0.3366109684449599
2662,0.46124430918528264
2663,0.32818628061445554
2664,0.5126252710528968
2665,0.6211693782025919
2666,0.6152181927841864
2667,0.48621681185447635
2668,0.5306645908441073
2669,0.4893907247207953
2670,0.6226690478761693
2671,0.573808280394857
2672,0.5039382665826039
2673,0.5712542460675943
2674,0.42561212200611664
2675,0.45047588382329307
2676,0.48457537160388703
2677,0.45315608231928695
2678,0.5257064962506135
2679,0.5306520713642316
2680,0.45141258863964095
2681,0.42398349529076695
2682,0.5225682108553307
2683,0.3704640786606035
2684,0.5365415357690997
2685,0.5530679732817583
2686,0.546306161623235
2687,0.5838192318745627
2688,0.654211670031735
2689,0.620277661810087
2690,0.6181175038712179
2691,0.5627159444873979
2692,0.6048382571882269
2693,0.5750161453860521
2694,0.33477394607936883
2695,0.6754227731601891
2696,0.4522700140593214
2697,0.6200555542649819
2698,0.44611703579653494
2699,0.4053273169910558
2700,0.3966599664319788
2701,0.4230425930746141
2702,0.6259315921566289
2703,0.6632555122761967
2704,0.5260397613200514
2705,0.43097753444130205
2706,0.48274884001927953
2707,0.7100796772344864
2708,0.44831260515333166
2709,0.6592883775763732
2710,0.8210087217117045
2711,0.7364250102745468
2712,0.504230823300304
2713,0.41275544161973554
2714,0.500098676405707
2715,0.6152234858921644
2716,0.48798431008345317
2717,0.45183924437914486
2718,0.4373668801272281
2719,0.4618598403032522
2720,0.709955870556314
2721,0.5233838650807101
2722,0.4660016934871508
2723,0.6527413775891266
2724,0.5950921384678731
2725,0.4831641270469907
2726,0.5853979715472158
2727,0.46300561288402314
2728,0.5260223101388495
2729,0.7384796320981891
2730,0.4043992798589134
2731,0.6901389948565003
2732,0.4941263203046977
2733,0.5555949991718049
2734,0.5358626430183607
2735,0.5329303459427961
2736,0.48166094651372743
2737,0.48594611977710245
2738,0.4925508611474735
2739,0.5264414263127563
2740,0.42657853739395585
2741,0.43284650908833566
2742,0.43997631464693293
2743,0.4125626280182974
2744,0.5753595689624547
2745,0.4871853015352477
2746,0.6820214033262397
2747,0.5730131978319419
2748,0.516448848694186
2749,0.4856609053523039
2750,0.48829908868627264
2751,0.4210059960945919
2752,0.6482948572164056
2753,0.7114606414023689
2754,0.5660280700551149
2755,0.5480331579923389
2756,0.5629921553046929
2757,0.6580084074566668
2758,0.5147074010235007
2759,0.45904760821541685
2760,0.48270241574107053
2761,0.46164554197553004
2762,0.5368997639231907
2763,0.7004230925581472
2764,0.5053688285826824
2765,0.558108316119229
2766,0.5058074108268357
2767,0.39105082515999245
2768,0.48331347056166085
2769,0.48831325009837623
2770,0.4525857395694613
2771,0.507022198216001
2772,0.5486044828606242
2773,0.5701458923504055
2774,0.4948007564587018
2775,0.37863814152622344
2776,0.4961254736902976
2777,0.5204211894912514
2778,0.46115156952308045
2779,0.4922272406387977
2780,0.5097852298395872
2781,0.5533640090438924
2782,0.5634150796650405
2783,0.5290409223618275
2784,0.43702538322356593
2785,0.43789583983769204
2786,0.6082005168597547
2787,0.5841109853759204
2788,0.3085551705066363
2789,0.5551791470735626
2790,0.49278612018257467
2791,0.5000892777465737
2792,0.5451239922612398
2793,0.43970475960392896
2794,0.7065568283030593
2795,0.47850012259070945
2796,0.5156280297157864
2797,0.42572962918740914
2798,0.5889432122487458
2799,0.4361087102118845
2800,0.47894198381098607
2801,0.7302372522072499
2802,0.41471325443166074
2803,0.6189898509732981
2804,0.5303882457113646
2805,0.4701537210304521
2806,0.6732419073051695
2807,0.4766259365746232
2808,0.5981228414085418
2809,0.46114202112363767
2810,0.47474471230798604
2811,0.5597029968152891
2812,0.5621410362774529
2813,0.571913006121247
2814,0.4622485930019043
2815,0.49281259398337923
2816,0.7596904041237444
2817,0.6658888266161507
2818,0.6663365982623126
2819,0.6375614901306519
2820,0.5561782903207102
2821,0.4763228016752912
2822,0.6777502700926501
2823,0.5526308837993448
2824,0.4138088522891001
2825,0.6182950745751918
2826,0.4907534854975598
2827,0.5135259036080488
2828,0.36343107405107017
2829,0.4282640527181237
2830,0.5528846336618609
2831,0.4439693919084595
2832,0.41620048139097104
2833,0.5537846123452878
2834,0.46924026344302383
2835,0.5641936049632964
2836,0.4996140304733601
2837,0.546929634810587
2838,0.4812719334622696
2839,0.36778265452721703
2840,0.45718434079921555
2841,0.41064274656205574
2842,0.5521869713238623
2843,0.47818337477384876
2844,0.47674226089053473
2845,0.4695585656206957
2846,0.5199549827830373
2847,0.5336494581774143
2848,0.5292610499640548
2849,0.49610248838676174
2850,0.5412750251377241
2851,0.5342070822898153
2852,0.8320306364209136
2853,0.46844150838010773
2854,0.5877498111601543
2855,0.5679109046107466
2856,0.6870053880856759
2857,0.4725674241218267
2858,0.7041272571256734
2859,0.5076016193586186
2860,0.7844556086683137
2861,0.6074798018262334
2862,0.4090358447032311
2863,0.4871975821797562
2864,0.6533366676590411
2865,0.48078963673644615
2866,0.4763538446450868
2867,0.5363242740670019
2868,0.5480703358627774
2869,0.4608008214174984
2870,0.49265272902343255
2871,0.7239376865867393
2872,0.4743661093375644
2873,0.5096158938751012
2874,0.44892847397583646
2875,0.5350243652665955
2876,0.5348385292212994
2877,0.5330796712718111
2878,0.5577269233995332
2879,0.47847862857697787
2880,0.4227900399919195
2881,0.4471140874313069
2882,0.48586573257528837
2883,0.6739221838888333
2884,0.45821290046230934
2885,0.4741082932105746
2886,0.5879107269390939
2887,0.4464375013998406
2888,0.486568660535125
2889,0.4450372503590855
2890,0.38822407503004985
2891,0.5156893293117772
2892,0.4836143071498588
2893,0.405656506387229
2894,0.49953150955021497
2895,0.5047455944109143
2896,0.4974142990583374
2897,0.5724856836011497
2898,0.5064250707077621
2899,0.681860764538163
2900,0.550278481835565
2901,0.40263069586595157
2902,0.4598251118631689
2903,0.515017265005104
2904,0.5450808597528801
2905,0.4387357644444236
2906,0.49470657729276535
2907,0.4475310762966979
2908,0.4383261221160069
2909,0.45601358403810255
2910,0.49654659310825217
2911,0.4421824926517464
2912,0.7210075447317817
2913,0.6127694341528989
2914,0.3579422015607718
2915,0.5157589967988078
2916,0.3984644772609872
2917,0.6812728967188153
2918,0.7496429286507156
2919,0.4685934401317632
2920,0.4553672644986553
2921,0.5262927523547336
2922,0.5421283073787571
2923,0.4677455638281697
2924,0.7513661166956409
2925,0.46910485488729065
2926,0.6617485393485992
2927,0.44383412614888734
2928,0.44315248109366684
2929,0.4569629703033858
2930,0.5718267518305811
2931,0.3833395381618101
2932,0.6925180311672374
2933,0.5676903398929442
2934,0.6798471282243832
2935,0.5100790566402575
2936,0.40048314374134647
2937,0.6749539539315786
2938,0.4085718219722466
2939,0.4322754287043864
2940,0.6491498490401143
2941,0.6524308693354932
2942,0.5545739632226111
2943,0.4167042587221536
2944,0.49071448838754644
2945,0.6297581401089567
2946,0.4523762289248971
2947,0.5491030328962819
2948,0.41515354338103194
2949,0.4751616424829141
2950,0.45394678203089645
2951,0.42066530396109003
2952,0.45859470135872316
2953,0.6136739265153074
2954,0.5449738976177619
2955,0.453564173089591
2956,0.4560941808272495
2957,0.6289871069750188
2958,0.6562100588894042
2959,0.4151921549440768
2960,0.4483332520751814
2961,0.48697729483167596
2962,0.5156814775858197
2963,0.4757114557247154
2964,0.425071589354738
2965,0.669412598172771
2966,0.552117995321929
2967,0.4334346240037301
2968,0.7829164276761728
2969,0.7577169489166716
2970,0.586122058715379
2971,0.569265095346584
2972,0.405293060271949
2973,0.6274131717820889
2974,0.5512897465219762
2975,0.4123836799327615
2976,0.6758043948284225
2977,0.42614728154388615
2978,0.681547073647325
2979,0.4824545463547277
2980,0.5457047982084714
2981,0.530307259276314
2982,0.5366734216250957
2983,0.45751086635024135
2984,0.47035465311181557
2985,0.44704476257068926
2986,0.5960883446170733
2987,0.4184609203227899
2988,0.8032261655358295
2989,0.4897664838189258
2990,0.5001694431828279
2991,0.5065208545167149
2992,0.49490994976410246
2993,0.5380436872850024
2994,0.5716100008269748
2995,0.4822985812091052
2996,0.47619632485417024
2997,0.5499741623227559
2998,0.5702254422030285
2999,0.4426305350465503
3000,0.6223190587637654
3001,0.6161027342846986
3002,0.44850313173012984
3003,0.5947838509303899
3004,0.5748355396817484
3005,0.4060632420387903
3006,0.4840824685970298
3007,0.5699845462061001
3008,0.4884402502723147
3009,0.576845660514944
3010,0.5055571711920657
3011,0.43400196532784824
3012,0.6109349071635986
3013,0.49629019505113164
3014,0.5820487997262973
3015,0.7715852272672366
3016,0.5896704955037475
3017,0.5297765522212874
3018,0.5638402674027139
3019,0.5140389324910161
3020,0.46370084481376483
3021,0.5128433914990116
3022,0.5570629617243378
3023,0.3287803977143545
3024,0.5827892421155645
3025,0.4586184227483543
3026,0.6326984105895543
3027,0.5673646011831487
3028,0.5382616215565517
3029,0.5276146418668358
3030,0.5230864891318923
3031,0.6692489778606056
3032,0.4373853474925724
3033,0.4887399326131801
3034,0.7084803850007804
3035,0.4544545926694117
3036,0.38257604138101176
3037,0.5152100418268933
3038,0.6439202326440835
3039,0.4603689959251016
3040,0.618359619881165
3041,0.47008416348431936
3042,0.5692737934151586
3043,0.629165762709982
3044,0.5243026136305831
3045,0.5058328713161646
3046,0.433388367016064
3047,0.580922420879587
3048,0.4463734985765361
3049,0.6227583728229558
3050,0.5831845988346236
3051,0.45659461715525657
3052,0.47790838967683125
3053,0.5316325520402281
3054,0.4237653360475059
3055,0.45272785476294747
3056,0.45303583165484423
3057,0.5282491206979929
3058,0.726612930364699
3059,0.4627435347086742
3060,0.44671239758473763
3061,0.5536428314695935
3062,0.35450777893159613
3063,0.5021769762640288
3064,0.5462837973021406
3065,0.6223369452766112
3066,0.5887634382447312
3067,0.4805573202875852
3068,0.43906422676648527
3069,0.46818189114928954
3070,0.5580012711845124
3071,0.5665297488357515
3072,0.4350185322644556
3073,0.5656103307983036
3074,0.6811544873686887
3075,0.7530872990119413
3076,0.4839137499499047
3077,0.5475011157585807
3078,0.41894958916956226
3079,0.5701809790602739
3080,0.5253821754115505
3081,0.5423038763672742
3082,0.45920830195307494
3083,0.5511959144939442
3084,0.6917525316593006
3085,0.7086124365836539
3086,0.5433526392202727
3087,0.5955976209465921
3088,0.7431808401980706
3089,0.5917915224854956
3090,0.5878694441673646
3091,0.39275480529392026
3092,0.5205371045461492
3093,0.6892045042192443
3094,0.4319250224046097
3095,0.5788245484111829
3096,0.49038742221230863
3097,0.5334471142427167
3098,0.6079861776914508
3099,0.4495328296477118
3100,0.6297591497179832
3101,0.49317521761890515
3102,0.3823155345511331
3103,0.6223058588939614
3104,0.4867823709917686
3105,0.7644828351354749
3106,0.5292881515019202
3107,0.6470590669605838
3108,0.5943836202636623
3109,0.5050868390843056
3110,0.5929470577259506
3111,0.5839222262834587
3112,0.42896523046897184
3113,0.4666785465670083
3114,0.6447881960399658
3115,0.38461872190736457
3116,0.40994403164410603
3117,0.5867607282131672
3118,0.4698614208093258
3119,0.5648509699470863
3120,0.7501045094544387
3121,0.5426078430725261
3122,0.5569569746848884
3123,0.5143584577369712
3124,0.6478715114264086
3125,0.6382193931922007
3126,0.43523846888415824
3127,0.4618243905958618
3128,0.5084900586412413
3129,0.3721452657871393
3130,0.5469280357119051
3131,0.5895178667814959
3132,0.32627052956307734
3133,0.6663186836933175
3134,0.6784101559903435
3135,0.4382405589371035
3136,0.46668519395599695
3137,0.5605086013905962
3138,0.7320625466159705
3139,0.7216120895960385
3140,0.5067544837215089
3141,0.48047340285672296
3142,0.7205630033856864
3143,0.4251226649849514
3144,0.6238135780460928
3145,0.570436220819939
3146,0.5149301980366998
3147,0.7577490492442516
3148,0.42007864274370665
3149,0.4120868859335526
3150,0.5726732096498307
3151,0.48986222885637537
3152,0.5129516307836619
3153,0.5483031761518717
3154,0.6282097930276638
3155,0.37301050056874363
3156,0.5234283504019199
3157,0.5607914593959513
3158,0.6347773485221557
3159,0.4719915369326741
3160,0.6118003802056963
3161,0.4855193248439414
3162,0.6048154235507149
3163,0.5664458929170602
3164,0.44372170269434946
3165,0.5619427099560154
3166,0.5327678841991345
3167,0.5802365075299258
3168,0.675962457558358
3169,0.7826389830005391
3170,0.43231830343390737
3171,0.47122605666375417
3172,0.45850624109674115
3173,0.445177428245914
3174,0.45850544812044636
3175,0.4635094384059092
3176,0.6202139080802981
3177,0.47214787982501866
3178,0.4833150951567471
3179,0.5720495502677424
3180,0.43967732505061363
3181,0.4959153585763431
3182,0.4662800294082401
3183,0.6218855562940618
3184,0.5867165736042311
3185,0.40974681492607934
3186,0.4824693445552196
3187,0.4402550303250277
3188,0.5753924000361628
3189,0.5088101823580357
3190,0.7217636010364064
3191,0.528093686093011
3192,0.6721350659936038
3193,0.5356145906847917
3194,0.39958331629860055
3195,0.6119703074990551
3196,0.4520119159684348
3197,0.6556449948630965
3198,0.34291538913407393
3199,0.5854950159147126
3200,0.5136873052357188
3201,0.4091106693474195
3202,0.5656949645594389
3203,0.5161649452822058
3204,0.6354290935595723
3205,0.577908519444668
3206,0.5358997384942843
3207,0.6625965405907781
3208,0.7856756338416411
3209,0.45312150473803614
3210,0.5078200866243495
3211,0.47958729752930623
3212,0.5688479530952997
3213,0.5018695477250408
3214,0.3966243704801766
3215,0.37209581811052383
3216,0.5292686914356577
3217,0.638504584036238
3218,0.5271322881114996
3219,0.4997375321878722
3220,0.6372672495677858
3221,0.4265192817647596
3222,0.5635011275071035
3223,0.5150262388322757
3224,0.48300575715270105
3225,0.52568782059213
3226,0.6205629784881513
3227,0.6081114017299118
3228,0.45699637760969847
3229,0.44942375281897573
3230,0.748655507924407
3231,0.5397003545968867
3232,0.48339394530674
3233,0.5095644135163624
3234,0.5611848472456564
3235,0.6140384426881982
3236,0.5252903851932226
3237,0.5324934636686313
3238,0.5090830389865294
3239,0.7410295908908882
3240,0.4950052456989691
3241,0.6610770416398528
3242,0.5614895268343152
3243,0.40376538399781264
3244,0.4091780347320367
3245,0.5494205076483981
3246,0.5333578014101809
3247,0.659248386001626
3248,0.46598268581674757
3249,0.5756830739930511
3250,0.4806862560449056
3251,0.6494142494123456
3252,0.3596203125155502
3253,0.5708828354770076
3254,0.6779769503723034
3255,0.5721741416028236
3256,0.7454152531185105
3257,0.4510886381249885
3258,0.5032929489989731
3259,0.4060698080542589
3260,0.5793809231804511
3261,0.5536836777411568
3262,0.5786919722564128
3263,0.4219166561266921
3264,0.7120125279437977
3265,0.40490864301494756
3266,0.5618978458329064
3267,0.5003538561123019
3268,0.5073382965968815
3269,0.5869690433475693
3270,0.5572121210630884
3271,0.6386810424072964
3272,0.5200117305544428
3273,0.5005308457908616
3274,0.6259667581410082
3275,0.5795449138636021
3276,0.6923999624089385
3277,0.69998709941819
3278,0.407904859964348
3279,0.5732112090958784
3280,0.4458570554926914
3281,0.5132663404689066
3282,0.4852245485820493
3283,0.6045819621082034
3284,0.4642002347425536
3285,0.5869803010377334
3286,0.5899908941482611
3287,0.6270134773393207
3288,0.5655615670449973
3289,0.578211177303064
3290,0.5248494525498835
3291,0.4943980647638343
3292,0.4920830926607508
3293,0.35301284808860506
3294,0.48306344343938745
3295,0.4549066712531447
3296,0.4216800407349558
3297,0.5297611714231913
3298,0.642132384906777
3299,0.7029542379360582
3300,0.4357100132856307
3301,0.423414259417834
3302,0.5119092216716101
3303,0.4912766892779026
3304,0.4102210157039565
3305,0.5913707485949639
3306,0.700467822181797
3307,0.497447163473629
3308,0.4660363750049817
3309,0.4652084116108489
3310,0.45270370178216623
3311,0.5902792660142863
3312,0.5205788899330239
3313,0.5279328878976431
3314,0.7231654732614058
3315,0.49179071018545045
3316,0.40733779815631593
3317,0.5445492836207448
3318,0.6290114946064314
3319,0.6370161582429421
3320,0.6198066754849547
3321,0.5220773794712028
3322,0.39793038714339046
3323,0.5691910789896447
3324,0.4800256788180371
3325,0.5754445080712106
3326,0.5026072732694205
3327,0.5530071260594904
3328,0.6241649759782468
3329,0.5778662822189239
3330,0.46811324793031306
3331,0.5480826980224125
3332,0.6590612980350108
3333,0.32328869365454366
3334,0.5682666285705923
3335,0.6164848070081698
3336,0.5022181989579123
3337,0.5644222593242098
3338,0.4935019925928847
3339,0.5035420962445234
3340,0.5230776694542233
3341,0.6872164164225365
3342,0.41337900363938807
3343,0.393215657628567
3344,0.5550585700466185
3345,0.4942851540232657
3346,0.3935345700870665
3347,0.5954169026895487
3348,0.5866943630250232
3349,0.6416855811199567
3350,0.3775959522734611
3351,0.5601685977373267
3352,0.5711676251571565
3353,0.5561877700518248
3354,0.7437629553017062
3355,0.40116501107299407
3356,0.49544331850927503
3357,0.5304199428924667
3358,0.4556140713174899
3359,0.46198917328031097
3360,0.5787850984830228
3361,0.6075338921551146
3362,0.41521614820807495
3363,0.5546284617021204
3364,0.564935564513327
3365,0.3822236137505618
3366,0.3220422064944539
3367,0.4785756266021543
3368,0.5632953859063256
3369,0.36674366240059114
3370,0.6386585326561474
3371,0.4662782462435116
3372,0.5031740798483624
3373,0.5096037201673543
3374,0.529262250369095
3375,0.6067867978544635
3376,0.34435044226601386
3377,0.40295318199564134
3378,0.4803068264135718
3379,0.5228918018008712
3380,0.5781104629464145
3381,0.7028349885606939
3382,0.42042461497239103
3383,0.48662887717562525
3384,0.6256579692280944
3385,0.48460874672383847
3386,0.5559323195163074
3387,0.6844658949745259
3388,0.6482652700149546
3389,0.46764642548778335
3390,0.5897864806127512
3391,0.5510260805439986
3392,0.6208137344669835
3393,0.4890261039403516
3394,0.5945217797305092
3395,0.45990090015097174
3396,0.538732861250315
3397,0.5002494637537155
3398,0.46588368224730886
3399,0.4868025758335245
3400,0.5445390890787773
3401,0.7125913511454223
3402,0.36634914233594684
3403,0.5081527486729662
3404,0.5372385407053973
3405,0.40020849954667503
3406,0.6990025005273797
3407,0.4409633408482142
3408,0.44698692092287456
3409,0.5365027722888429
3410,0.754051967764642
3411,0.5307164727919594
3412,0.4010609574864852
3413,0.43346845393552336
3414,0.6306090984967572
3415,0.37652595128474753
3416,0.7066409307725835
3417,0.5025728877711095
3418,0.4697536335417092
3419,0.6070151411355942
3420,0.4583517713169499
3421,0.5568943272979108
3422,0.414729391329908
3423,0.6891879592973026
3424,0.5038793362026261
3425,0.5294130939811841
3426,0.4756995604164217
3427,0.5715941513821408
3428,0.4801164577989054
3429,0.7835941303181271
3430,0.4920968924887207
3431,0.4989902559843251
3432,0.4301615659469398
3433,0.34629346778716874
3434,0.5829310086520917
3435,0.7614467996331316
3436,0.48024786892729
3437,0.5599190553288458
3438,0.40992593241782266
3439,0.47062581242321744
3440,0.5054004322718382
3441,0.4356696597503792
3442,0.48790354451355167
3443,0.5136340807060695
3444,0.6023281127162734
3445,0.5558522654986576
3446,0.6686396886827661
3447,0.5520599091705634
3448,0.5565684113967093
3449,0.5656052895714697
3450,0.4355898041920057
3451,0.3699584340814751
3452,0.4673838725192861
3453,0.46496849627570114
3454,0.5193988187468124
3455,0.49492914620144723
3456,0.596488906700452
3457,0.5241150096741269
3458,0.49581468649556604
3459,0.4337082047258395
3460,0.6947533921025583
3461,0.5183562879174585
3462,0.450204853714709
3463,0.7742582311250594
3464,0.5336133578507254
3465,0.5531872204961101
3466,0.7822547337606225
3467,0.6078656096780256
3468,0.6112517044978676
3469,0.443286889303498
3470,0.6130947833786592
3471,0.499260404778805
3472,0.5293412413914111
3473,0.6013517052108345
3474,0.48880579843004446
3475,0.5634438018120057
3476,0.5527326581782618
3477,0.5642035409485544
3478,0.5953475822834732
3479,0.7079885989587393
3480,0.6265715439224151
3481,0.5425402931378667
3482,0.49031662656411806
3483,0.7305843261902462
3484,0.45939942471042855
3485,0.7309802300002565
3486,0.5075818330362509
3487,0.7391278405637799
3488,0.6006951300895954
3489,0.5973097687589544
3490,0.4165132206107324
3491,0.5929209129281475
3492,0.41093312415923045
3493,0.36982029492108026
3494,0.6532059453507464
3495,0.7777981426103128
3496,0.5255715664709308
3497,0.5397875808002688
3498,0.6533675491472968
3499,0.5220222624856975
3500,0.6852514006039964
3501,0.532124975242468
3502,0.597019010365605
3503,0.40441505891290785
3504,0.431213674186114
3505,0.5909170255532411
3506,0.6652475268031551
3507,0.4759356832377092
3508,0.6506698935196196
3509,0.6766761581180971
3510,0.5517129243818886
3511,0.3610951245598343
3512,0.5131488737598103
3513,0.47485081226938386
3514,0.6144080966509824
3515,0.5145738758826932
3516,0.3758883219710487
3517,0.3487416264369277
3518,0.4971714406822352
3519,0.32954605582934526
3520,0.4327596966608398
3521,0.5467387200633957
3522,0.43440325210191366
3523,0.4372065669359086
3524,0.41956447953433684
3525,0.5089160816432662
3526,0.5922721992695202
3527,0.44249895619182134
3528,0.6340531213655316
3529,0.5313286656671926
3530,0.5366111346539004
3531,0.6957787024956059
3532,0.6226361838374496
3533,0.42165518266424595
3534,0.4533947846927765
3535,0.49937708688213667
3536,0.45072093073923447
3537,0.4916141641906275
3538,0.6797202759361793
3539,0.5643020221796667
3540,0.4815690800554942
3541,0.5198315682844772
3542,0.5227330255453109
3543,0.6494843337065891
3544,0.4905055601676361
3545,0.7035325528544999
3546,0.8548558229665644
3547,0.4348312799813405
3548,0.6408179696589276
3549,0.6762384694482328
3550,0.5798425448901445
3551,0.41186968958796855
3552,0.7161505532181262
3553,0.48476764261185296
3554,0.6012993371153433
3555,0.604891009493819
3556,0.49008319625914487
3557,0.443353780225588
3558,0.48653016332239707
3559,0.45423843455381074
3560,0.71296260145033
3561,0.5045828982613064
3562,0.4757352910068371
3563,0.7350057820645687
3564,0.5278001071466728
3565,0.5328834213412746
3566,0.6054903750374485
3567,0.733049243085443
3568,0.6160829273662827
3569,0.5527710692349782
3570,0.45779555783786985
3571,0.5657892997564328
3572,0.4383795157292619
3573,0.42012964974625977
3574,0.5074911486109719
3575,0.5519192449207874
3576,0.5392228717563735
3577,0.5885727932801131
3578,0.5599009393914065
3579,0.5429367470978681
3580,0.5361249771947043
3581,0.5965637788639585
3582,0.6578769689768678
3583,0.5520680365256507
3584,0.589240731042406
3585,0.5515683980848131
3586,0.5022153187948355
3587,0.7085493517405737
3588,0.44707512847741976
3589,0.3262899795702835
3590,0.4673120421696139
3591,0.3975977808190323
3592,0.4722891688657691
3593,0.48308335370998634
3594,0.6127146639629352
3595,0.3895905634718054
3596,0.6615252828998845
3597,0.40108130916216
3598,0.4702155621937914
3599,0.44909350311115387
3600,0.5505499977666488
3601,0.5766759454442396
3602,0.5853867284324612
3603,0.553392823836241
3604,0.4904696645505599
3605,0.5066708852379037
3606,0.5112532625091111
3607,0.521576654080201
3608,0.6012075752234611
3609,0.6216311069374495
3610,0.626815510835838
3611,0.4713163386848942
3612,0.8524913775810699
3613,0.41879989601543555
3614,0.517761989431942
3615,0.48484592839602736
3616,0.503780533533696
3617,0.3478602582442505
3618,0.5347394216158874
3619,0.543225873895414
3620,0.5275371305003989
3621,0.6279618816969725
3622,0.6410870425737817
3623,0.6114988450099189
3624,0.3363812504985581
3625,0.4340148491506405
3626,0.48154408351696376
3627,0.5113734628905925
3628,0.5175137553046298
3629,0.44383982545257983
3630,0.711774155054042
3631,0.4066402967186837
3632,0.47419463330247624
3633,0.5614979103912352
3634,0.44467539713414717
3635,0.45911409104529777
3636,0.3305018177428237
3637,0.5783370608466573
3638,0.5158088996558864
3639,0.5635178007525024
3640,0.6481982962274607
3641,0.632211351939327
3642,0.5949609015914454
3643,0.5230581552943876
3644,0.6092452886997659
3645,0.559138066015712
3646,0.6413886481559047
3647,0.43773564175485236
3648,0.44758068732575634
3649,0.5107627311934683
3650,0.47917936954620166
3651,0.2743763241524334
3652,0.4250647159344732
3653,0.5384239650889626
3654,0.4815140164127321
3655,0.4440716704789455
3656,0.5128041178550605
3657,0.48441064079026647
3658,0.6314810295114033
3659,0.4852245048127779
3660,0.6192961753108093
3661,0.39531481192398443
3662,0.4886843582125603
3663,0.5080512282769684
3664,0.44790511893950596
3665,0.46209969813527385
3666,0.457134200761245
3667,0.4994319127751954
3668,0.5532900546407408
3669,0.5841708910695912
3670,0.5020196572428202
3671,0.5396252665264618
3672,0.3690184053823301
3673,0.5151968457554537
3674,0.41749327401692526
3675,0.5751677824493953
3676,0.5927962668677269
3677,0.5129283242486496
3678,0.5696460988663611
3679,0.6051595479589962
3680,0.5558686779537867
3681,0.6023895659820685
3682,0.4330229787495087
3683,0.4762479736819986
3684,0.5300529187282783
3685,0.5138271080010985
3686,0.446234955468886
3687,0.7065178453853382
3688,0.4855573188425336
3689,0.6052853386515609
3690,0.4478841565028556
3691,0.504027115552717
3692,0.5808624392057435
3693,0.6403047762026632
3694,0.47218087132657055
3695,0.37901838322361775
3696,0.41672510335375074
3697,0.5444360187889221
3698,0.5331359509945996
3699,0.39993881347536864
3700,0.43855505514459964
3701,0.6054047312423239
3702,0.6756047212830371
3703,0.6926162932818104
3704,0.5223169898147456
3705,0.6838465278286874
3706,0.5608606013464963
3707,0.4256669255857228
3708,0.5348088125043442
3709,0.4657676609124271
3710,0.47204461107615336
3711,0.6391369436769891
3712,0.5258287275345117
3713,0.7545104422513897
3714,0.6091034117680615
3715,0.5044609912598383
3716,0.2903307855043291
3717,0.723173952948184
3718,0.5969291670858142
3719,0.5106828421201436
3720,0.5218739173283197
3721,0.6461492495390341
3722,0.6275608862945067
3723,0.40329954716948274
3724,0.6827294139825011
3725,0.4376784822109591
3726,0.6751226774335228
3727,0.5333375735791788
3728,0.4753794761456509
3729,0.5080283922523694
3730,0.8049456662422418
3731,0.5041409596211764
3732,0.6481339512978908
3733,0.5124488949130049
3734,0.48732437797646794
3735,0.6221663050423363
3736,0.5464544537433287
3737,0.4266883757110495
3738,0.593544355423883
3739,0.524058152975092
3740,0.6988846181413895
3741,0.4692772702606647
3742,0.39671706431565057
3743,0.582579208525507
3744,0.39698560854854803
3745,0.5531879977155542
3746,0.49120754697008245
3747,0.4200357648844393
3748,0.441277636340793
3749,0.7380921205661346
3750,0.6372597670294016
3751,0.5106352591189588
3752,0.5042669999442604
3753,0.5443116068092239
3754,0.4270107660881248
3755,0.45963764536133184
3756,0.5560726880369784
3757,0.4285971204856962
3758,0.4433173922496128
3759,0.46627875211765407
3760,0.5563212333175218
3761,0.50457910097454
3762,0.4679689880753016
3763,0.466485565481265
3764,0.5418023705209409
3765,0.5397116197136942
3766,0.6447710227614878
3767,0.49085347574574023
3768,0.6795861240613499
3769,0.5722352774553797
3770,0.5805363210015839
3771,0.5775256490231018
3772,0.5684216326427083
3773,0.6988403735500703
3774,0.5864594152620975
3775,0.41752569594567257
3776,0.5198956647016363
3777,0.49857752304076414
3778,0.5549245273112013
3779,0.6414704336029461
3780,0.49778839382994805
3781,0.5690552311064413
3782,0.47470987039532087
3783,0.42841231103729405
3784,0.47035115162834934
3785,0.5961077743132474
3786,0.5654841723141977
3787,0.6254624628445643
3788,0.7194750068554303
3789,0.5325787124065665
3790,0.6046113546037958
3791,0.5422917259203638
3792,0.4629988468183942
3793,0.47378502013403645
3794,0.5865145316439075
3795,0.311855329483055
3796,0.6266784131727998
3797,0.5553417652273094
3798,0.4716970567103359
3799,0.5464033710533813
3800,0.40359917912585724
3801,0.6406087359738506
3802,0.4595000754240066
3803,0.505763307626016
3804,0.505767946611878
3805,0.5373548493253126
3806,0.47718817273360725
3807,0.4794263660053071
3808,0.5950006273218229
3809,0.7367853632686633
3810,0.5076448396229809
3811,0.5360815183605814
3812,0.5512364573518134
3813,0.5092162843454942
3814,0.5683243114991144
3815,0.49498198644073366
3816,0.42530222197513873
3817,0.44859266404034565
3818,0.39735906308396063
3819,0.547203069322475
3820,0.7296325806534059
3821,0.4780565160197463
3822,0.5356849371918488
3823,0.48743784518921257
3824,0.6878649092644811
3825,0.5784856135507688
3826,0.7319969536120237
3827,0.5213048763200834
3828,0.5931647993816479
3829,0.5439096942327848
3830,0.4096128398750579
3831,0.5043101747511513
3832,0.4900964554142557
3833,0.5860182708252322
3834,0.5466202242378304
3835,0.4530752325734593
3836,0.4638248586525788
3837,0.5210572956849872
3838,0.37323081779679423
3839,0.5079351168012851
3840,0.5520637232839821
3841,0.4745344194516889
3842,0.5303995197609012
3843,0.39988102691115346
3844,0.5635172125576503
3845,0.5936206913999914
3846,0.5168179219423297
3847,0.4976894457112693
3848,0.5033527099908411
3849,0.47980520558700607
3850,0.5547663433389158
3851,0.6059077257926447
3852,0.43895223648198595
3853,0.8462254760340597
3854,0.5238516771400089
3855,0.6032871668315405
3856,0.5311772866784493
3857,0.43170878892250364
3858,0.6918380915587706
3859,0.6417537488876981
3860,0.5744082090039451
3861,0.49100319311592466
3862,0.4583904111298016
3863,0.4896663910490527
3864,0.5652192646007518
3865,0.5123355271127923
3866,0.48414201185425887
3867,0.596992716589218
3868,0.4770395129177276
3869,0.588420621767464
3870,0.574610301889103
3871,0.5093728420713058
3872,0.47329931903524747
3873,0.7185543359476255
3874,0.4529860349043642
3875,0.5559821491335513
3876,0.621902436239245
3877,0.5636225298587423
3878,0.42982218093013735
3879,0.4614005131100006
3880,0.6749397821053766
3881,0.48644795133641355
3882,0.49206601801276145
3883,0.4842296878002925
3884,0.5584265599410668
3885,0.4401600886637253
3886,0.44307600079656273
3887,0.5398952415974517
3888,0.5651013267624264
3889,0.5696440823712755
3890,0.5618053705584689
3891,0.43786522463724126
3892,0.5479673347206867
3893,0.5288489090000644
3894,0.6135438385061279
3895,0.5631256524574326
3896,0.5431936293313581
3897,0.4059036358573384
3898,0.49935765398264653
3899,0.40421258273352095
3900,0.581332007616263
3901,0.4980316010754163
3902,0.527553729819542
3903,0.5340245701864843
3904,0.5273720920780048
3905,0.5537212972350539
3906,0.6516592413190954
3907,0.5632774027510954
3908,0.6300449091165106
3909,0.5888097749087123
3910,0.472661374028933
3911,0.4109954638093514
3912,0.5614847633200204
3913,0.5164275098830652
3914,0.4901712071854926
3915,0.504027675726196
3916,0.552926671939758
3917,0.608976024755592
3918,0.4687429733703295
3919,0.478586234138465
3920,0.6629171743896581
3921,0.3966922610763658
3922,0.3714195039620633
3923,0.8433103650047689
3924,0.6219701280630157
3925,0.46020833752837925
3926,0.39977625032019876
3927,0.4230976205470107
3928,0.5631767618085695
3929,0.5536950686591077
3930,0.5140216329615827
3931,0.3621376975579341
3932,0.4181652796770819
3933,0.5775475709458737
3934,0.914140267903502
3935,0.6113032529021707
3936,0.4489399971770775
3937,0.3649134095903478
3938,0.3337512945153917
3939,0.4803698476240132
3940,0.5072355893897111
3941,0.5022788321128344
3942,0.47836035854078307
3943,0.4201365939659354
3944,0.3726247714168295
3945,0.6341594468871574
3946,0.4164883689340496
3947,0.543712235040417
3948,0.5081521863047929
3949,0.5672254052278528
3950,0.4418426706603511
3951,0.5896240590021005
3952,0.4567910556454374
3953,0.4672449779678312
3954,0.5908987702046523
3955,0.4095837943824567
3956,0.5972472679611954
3957,0.5928633266072834
3958,0.4790855655196605
3959,0.46048659686359117
3960,0.7271816105453223
3961,0.598341831421734
3962,0.5118315236803609
3963,0.47308998290224197
3964,0.4526847993517041
3965,0.5045165825433683
3966,0.5841671210860219
3967,0.42516196470061507
3968,0.5040797543636207
3969,0.4081687971710259
3970,0.5231436813981492
3971,0.47273438265759915
3972,0.5542575839396154
3973,0.4917052788891278
3974,0.45494058148331484
3975,0.4626727762905614
3976,0.4255974027941157
3977,0.6203468404897977
3978,0.39189425856627114
3979,0.6558877791125001
3980,0.5002995015120257
3981,0.5426281115233607
3982,0.5496716489572133
3983,0.4863456424671554
3984,0.5533541859856251
3985,0.5018972309052686
3986,0.5479699110850943
3987,0.4347541074493541
3988,0.5194497485815577
3989,0.27064363087620186
3990,0.3957005355867498
3991,0.5667544855570886
3992,0.5884094667438093
3993,0.4843271421332576
3994,0.5449517182601553
3995,0.5262796396790991
3996,0.4739876874132597
3997,0.520931181555135
3998,0.3498002982530026
3999,0.49065257376807403
4000,0.5132885972648219
4001,0.5869017694954192
4002,0.4491617633893776
4003,0.6336002898990898
4004,0.460407104750812
4005,0.5684833266040448
4006,0.5922117205828289
4007,0.5488921862128118
4008,0.43004344202255085
4009,0.6019821630693155
4010,0.5449311215121795
4011,0.5875811532809986
4012,0.45987932744925775
4013,0.47229868630199573
4014,0.37824470560708856
4015,0.47911529287953175
4016,0.5725562414859056
4017,0.4821186151748996
4018,0.3651372195452469
4019,0.5303422883492163
4020,0.296358529987384
4021,0.45354396643687883
4022,0.4754052081992529
4023,0.4823404695729794
4024,0.5016562233703631
4025,0.4705288225547487
4026,0.46804766695699207
4027,0.532793881339237
4028,0.4978539606192727
4029,0.6226041531496004
4030,0.40958636977336427
4031,0.5717234307777004
4032,0.4718706826199097
4033,0.5844577000311728
4034,0.37654643701265983
4035,0.49344583347520315
4036,0.48616574677104024
4037,0.6598802704974135
4038,0.5069922780202741
4039,0.49276538218197274
4040,0.5330829895103466
4041,0.6158914107686579
4042,0.48969156253418433
4043,0.4961616074192469
4044,0.5543643173778082
4045,0.5746283116391615
4046,0.5662317583438976
4047,0.6222744723739635
4048,0.5022682241041654
4049,0.32476237130256846
4050,0.44824374259496846
4051,0.4957954978020664
4052,0.6257834563867551
4053,0.5629649619168773
4054,0.6134548295714478
4055,0.2870579077925235
4056,0.42754053084099874
4057,0.8446253999526305
4058,0.49893067376721956
4059,0.42816407757501207
4060,0.5315316606244007
4061,0.4278853684441251
4062,0.5393282542609417
4063,0.42209240239048007
4064,0.46951195223671016
4065,0.45987009179977734
4066,0.6891189115418972
4067,0.6208673832530162
4068,0.5208854176770955
4069,0.5114378641020564
4070,0.6467956727112463
4071,0.4637681019423167
4072,0.473955718869328
4073,0.470262417910927
4074,0.5161794824158388
4075,0.4991870110202255
4076,0.5417326126600988
4077,0.5887893289843632
4078,0.7205619382218825
4079,0.4474724098607772
4080,0.39877138000941065
4081,0.4924603413793021
4082,0.4694673206232716
4083,0.6049182778236737
4084,0.6652178685066172
4085,0.4887832149461929
4086,0.4449890971809901
4087,0.4118830743217723
4088,0.5878623409021466
4089,0.44745315945020375
4090,0.6239444896284194
4091,0.6028172734820119
4092,0.5274688022176398
4093,0.45099882047216716
4094,0.4276756884793207
4095,0.6916797806518685
4096,0.42970390636757755
4097,0.4293476716841806
4098,0.5724810640844099
4099,0.4523313136716517
4100,0.4836400661482846
4101,0.5439405753904792
4102,0.5598673434537927
4103,0.5960620061523683
4104,0.40444849993503296
4105,0.5991590390508756
4106,0.47587684134556946
4107,0.6328611917561849
4108,0.5319563990350435
4109,0.5185668415723496
4110,0.5077523871117003
4111,0.511826675675597
4112,0.442652169017975
4113,0.8024129733170349
4114,0.5196682585276247
4115,0.5457622679721796
4116,0.6806468780972044
4117,0.589349443506903
4118,0.5183977050590599
4119,0.5130780456603661
4120,0.6645489220192409
4121,0.498020655415237
4122,0.40201195042890125
4123,0.35156334104735704
4124,0.7681545989667194
4125,0.28361906439015383
4126,0.49731636878395136
4127,0.48655064413883087
4128,0.5425009419047766
4129,0.445230773009058
4130,0.6005291054896804
4131,0.5528682860084252
4132,0.7923190898007229
4133,0.46406104097600875
4134,0.7587401710051553
4135,0.4073620154795002
4136,0.606052766101732
4137,0.4751865403951424
4138,0.49883283438115666
4139,0.4517860764023267
4140,0.6664511548098171
4141,0.454723616783013
4142,0.4670461375065387
4143,0.39915539043517884
4144,0.516211428024821
4145,0.5786213818811852
4146,0.42710784532463975
4147,0.6537566545373862
4148,0.46527711982864167
4149,0.541458557457416
4150,0.40404199313259503
4151,0.48022929783163315
4152,0.43831199995774606
4153,0.6075686930184482
4154,0.5540494465040372
4155,0.4683565668722396
4156,0.6829920533492725
4157,0.522149249539716
4158,0.7927148306225189
4159,0.5219846593957796
4160,0.7351329255288066
4161,0.368656280061888
4162,0.5720598041150636
4163,0.50687749611226
4164,0.5784561704058352
4165,0.4273071406603912
4166,0.46401730996722657
4167,0.5675946793137235
4168,0.5606054244874022
4169,0.41056072555719547
4170,0.5722049928042802
4171,0.5154760573096714
4172,0.5628712187173133
4173,0.6284727466682143
4174,0.538439648706966
4175,0.5089118536309298
4176,0.5239550197878611
4177,0.5237494594671127
4178,0.4692996921832199
4179,0.6321034784931034
4180,0.36067408214014696
4181,0.5681643913931599
4182,0.5011993582122888
4183,0.34351048316898897
4184,0.43581006864351957
4185,0.49271502074551055
4186,0.6497840344154239
4187,0.38812416216958545
4188,0.5133380298466799
4189,0.6730141655678363
4190,0.6228484639935591
4191,0.5260553147234114
4192,0.5415717018798439
4193,0.6211096459267388
4194,0.5393206602253393
4195,0.3399579301996022
4196,0.5431693334411732
4197,0.4730077017430176
4198,0.5080135447352722
4199,0.40730984012103444
4200,0.49938742831763633
4201,0.4417521390242996
4202,0.42312525426307585
4203,0.5449474906117583
4204,0.5264628815540155
4205,0.5823494219693411
4206,0.571563253101657
4207,0.596950145725522
4208,0.49551068401628295
4209,0.48911206296298004
4210,0.4782752093230161
4211,0.495877656610928
4212,0.5183015608155032
4213,0.4975999045703389
4214,0.6125892046419159
4215,0.688023187926346
4216,0.26587221918883447
4217,0.5037601339828504
4218,0.5648924110832917
4219,0.4901116843595281
4220,0.5201504448025221
4221,0.533881047313328
4222,0.579863126751305
4223,0.5707796518428713
4224,0.39760223438295195
4225,0.4746465180809616
4226,0.5860860605963492
4227,0.5067609017024374
4228,0.4141157804449098
4229,0.8817726068031766
4230,0.5360274890869251
4231,0.43280911846984726
4232,0.5579348474845546
4233,0.7109209603861582
4234,0.5745007604931729
4235,0.7980009908136984
4236,0.42302542648942815
4237,0.6440851838493005
4238,0.5197802970954449
4239,0.3272446994528601
4240,0.522264659664368
4241,0.4126693812961831
4242,0.6359408162807909
4243,0.4137016638544406
4244,0.5363822102677097
4245,0.5356576299028354
4246,0.5254527258304936
4247,0.47854382368688914
4248,0.68850200580019
4249,0.5228610679280702
4250,0.47433613455996537
4251,0.7315015232853861
4252,0.6577798980561005
4253,0.5258760638528387
4254,0.5359412917059987
4255,0.48237133402022986
4256,0.44936323996877836
4257,0.49018875153123687
4258,0.613546375276872
4259,0.5268832964666619
4260,0.48059047384709963
4261,0.41779417580372036
4262,0.4766189566099634
4263,0.5966254378334953
4264,0.7215941139739401
4265,0.48969160773201087
4266,0.6635535004390752
4267,0.5791216308527666
4268,0.5851672677426473
4269,0.5592820830355199
4270,0.5694528181141054
4271,0.3959252429890983
4272,0.45622473424162885
4273,0.5375680989082487
4274,0.4893835554053232
4275,0.6847680016317047
4276,0.5404359531161965
4277,0.5660179505625298
4278,0.47020119505140084
4279,0.512780271362153
4280,0.4664204282540054
4281,0.5034766415682603
4282,0.57083500963379
4283,0.34640297531792086
4284,0.4336726990207066
4285,0.6545652673555091
4286,0.4320863075055299
4287,0.6578157824555532
4288,0.5847600856563201
4289,0.49329571810229245
4290,0.5671013194956086
4291,0.7385016299259486
4292,0.6564203258359305
4293,0.6229902699418365
4294,0.6221022208253248
4295,0.597379974302509
4296,0.5357982999275024
4297,0.4638169404962846
4298,0.7047122624101876
4299,0.42249534022542024
4300,0.5756771260344615
4301,0.46270556297798804
4302,0.6584258428079219
4303,0.5382908355622911
4304,0.45562102528846743
4305,0.6580858556419916
4306,0.5029135332988907
4307,0.5519305852850795
4308,0.6396347835395715
4309,0.36731169656779183
4310,0.6380022386035559
4311,0.6581943512111549
4312,0.6017781894694613
4313,0.5192355629980242
4314,0.47485976361720883
4315,0.43646834354443426
4316,0.5317075960101455
4317,0.47345004437453875
4318,0.4578278520815955
4319,0.5639663542310358
4320,0.7220992793624545
4321,0.5856392865110059
4322,0.7302480787044134
4323,0.779712748610307
4324,0.4246462008388177
4325,0.537730306244131
4326,0.5190168274888888
4327,0.3964809790204147
4328,0.5719288226630143
4329,0.5740901047335776
4330,0.496337270686089
4331,0.44885143995914956
4332,0.5617298892721876
4333,0.37836036293935305
4334,0.4960002879406247
4335,0.5568827202641897
4336,0.5423358171307653
4337,0.5650093301315
4338,0.5104226493102516
4339,0.5223287846406444
4340,0.4665965617133121
4341,0.5452311184133739
4342,0.6770197221455287
4343,0.567441323756812
4344,0.5348376702709141
4345,0.6620730705908409
4346,0.41296195328930224
4347,0.5023475843931358
4348,0.5011776181125828
4349,0.706216131610804
4350,0.36900580581009224
4351,0.5483626949308732
4352,0.46170833166370817
4353,0.5033331681067619
4354,0.5458169659818339
4355,0.46356063064512937
4356,0.5587757402854452
4357,0.5449994064591697
4358,0.530713738722487
4359,0.6534421687288436
4360,0.5594753863904077
4361,0.6813599241747214
4362,0.3332981330714835
4363,0.5293693219659302
4364,0.506895966619086
4365,0.6938614842365503
4366,0.589108829497229
4367,0.5135115362699524
4368,0.687782798527224
4369,0.4781949099629931
4370,0.4004457622627566
4371,0.5802703693058635
4372,0.4847802502468849
4373,0.6356070003391733
4374,0.5373261021573004
4375,0.5063706765373199
4376,0.4596250145238492
4377,0.41232817415635686
4378,0.4428567454999921
4379,0.6269633205319582
4380,0.40495203403060653
4381,0.4516416328194098
4382,0.4352267386382974
4383,0.44262902445313473
4384,0.5052783511747493
4385,0.6052937086046386
4386,0.5140746962610504
4387,0.42449325509354374
4388,0.604299522888431
4389,0.5499349304404098
4390,0.4353518091768186
4391,0.5908450562245167
4392,0.4021368792962665
4393,0.6031194417772336
4394,0.49340833950286556
4395,0.5627629666820835
4396,0.5025555291818691
4397,0.6332585367031276
4398,0.6494950891035852
4399,0.5551695033880794
4400,0.563422291935227
4401,0.5088990021399357
4402,0.35986904768251626
4403,0.38706985949956607
4404,0.5482835545796529
4405,0.5912898279212166
4406,0.6463844565778634
4407,0.4633000370429259
4408,0.7661784416101445
4409,0.4959010350904941
4410,0.5096529520283279
4411,0.422742379839721
4412,0.45574260457564225
4413,0.502650860942027
4414,0.5132035225531485
4415,0.4933887673346833
4416,0.5988799206155063
4417,0.5030320250529853
4418,0.4975157489232934
4419,0.6699363386345227
4420,0.5219040370390347
4421,0.50805373086299
4422,0.4693652145041273
4423,0.44760467699745826
4424,0.4930591340128379
4425,0.4121193939041145
4426,0.46827221292591614
4427,0.44759498911523826
4428,0.5523970303770781
4429,0.43756683096302385
4430,0.4548725464363391
4431,0.4324640097710205
4432,0.4461708995611047
4433,0.46314367668377016
4434,0.6122072648769383
4435,0.5323175150060638
4436,0.5679812195523308
4437,0.5276313765085553
4438,0.43077469392332224
4439,0.4979775571004331
4440,0.5661079134373793
4441,0.577870916364108
4442,0.38500900717547415
4443,0.5323618757219568
4444,0.5081271059234155
4445,0.5805277783045849
4446,0.46440262398347326
4447,0.5608965258553178
4448,0.37356563126119813
4449,0.49638217149289493
4450,0.4455044565910331
4451,0.47667320890819187
4452,0.5249475240400158
4453,0.7305239075170965
4454,0.5270808649774257
4455,0.4600726074012993
4456,0.8711706975038134
4457,0.6130963516038889
4458,0.4869108739292654
4459,0.46390377117406867
4460,0.6079154076330109
4461,0.5337709179147888
4462,0.565996687018795
4463,0.5093645707366024
4464,0.6160732091217651
4465,0.4568692572242792
4466,0.6369510838788264
4467,0.7621061575267575
4468,0.5565647927848345
4469,0.5894668751026974
4470,0.5646081160553237
4471,0.42604800686658867
4472,0.4586465323238397
4473,0.33183636207541173
4474,0.7206977763249605
4475,0.5936141919111289
4476,0.3581318179682085
4477,0.5902706053735557
4478,0.5522215973241984
4479,0.5307384898061382
4480,0.4909345405926646
4481,0.3520971940218164
4482,0.49917168659151484
4483,0.5489065197218232
4484,0.5480040649184735
4485,0.46546951245519286
4486,0.6118974586862775
4487,0.5727313406024634
4488,0.5665878827329617
4489,0.5048209424776386
4490,0.6567753032037651
4491,0.45666377431347976
4492,0.5896280093647499
4493,0.5030063725611615
4494,0.7131816471808913
4495,0.4843476284098333
4496,0.6105596864211676
4497,0.5956231168929952
4498,0.432403540792572
4499,0.4436239296977712
4500,0.5324356468798398
4501,0.6709894156816971
4502,0.5102535347633956
4503,0.4878371623363411
4504,0.5055121400515098
4505,0.3648839673391726
4506,0.41761209565416063
4507,0.26697334512649434
4508,0.6215643391709413
4509,0.5196439335262751
4510,0.5440304815582567
4511,0.6071800457805225
4512,0.5366734099527054
4513,0.5126092948112736
4514,0.5105051729725669
4515,0.568728380656933
4516,0.5748700972018228
4517,0.5801207661153089
4518,0.3873906580992248
4519,0.5584049101701642
4520,0.6099816521479161
4521,0.44241057023355734
4522,0.5121647213270482
4523,0.4919421164630573
4524,0.4546818876252193
4525,0.4662195212444448
4526,0.5744475661919044
4527,0.5275139596284271
4528,0.5020984340580593
4529,0.615380876576317
4530,0.5638143106157023
4531,0.5855658176361358
4532,0.39305105881326746
4533,0.38110876406680605
4534,0.4997165668891889
4535,0.5399157420445337
4536,0.5674995179906156
4537,0.5292889862161039
4538,0.6074011904204888
4539,0.41835283405831114
4540,0.5704765032461218
4541,0.562162449623268
4542,0.49230570092621756
4543,0.46993160206919665
4544,0.5235488662455405
4545,0.6403304426623392
4546,0.7649414989116223
4547,0.35800715293699614
4548,0.48476797562080276
4549,0.4507866820372608
4550,0.5793102270389081
4551,0.555050418316949
4552,0.5331004581261649
4553,0.5932263102883923
4554,0.6039147096934326
4555,0.5387766465055007
4556,0.4264423726466067
4557,0.7402006070718103
4558,0.5937062713349788
4559,0.5495690412704299
4560,0.48803033265872425
4561,0.6093182618824831
4562,0.6509761259877569
4563,0.5326169009884846
4564,0.5559927516336663
4565,0.3907610271179568
4566,0.4163359007296579
4567,0.4033481459055784
4568,0.5194153197183219
4569,0.4882465883562852
4570,0.5430716275054391
4571,0.4192022601875096
4572,0.5074632459459709
4573,0.3887983450629273
4574,0.4728798166525592
4575,0.41084810816003725
4576,0.6370125674526014
4577,0.5982416229773728
4578,0.5038901880044366
4579,0.41003621137791135
4580,0.6165607748060994
4581,0.5306330962945142
4582,0.5201005889396152
4583,0.3209680160475159
4584,0.3843078690450029
4585,0.5645146582083725
4586,0.6114314887043331
4587,0.4967589401284502
4588,0.44038275439576097
4589,0.49274488085622353
4590,0.36111154006807533
4591,0.5355687454914367
4592,0.6333202059850515
4593,0.5497013456971345
4594,0.6858134360077127
4595,0.44934653480921183
4596,0.5503929466163225
4597,0.3856551330430483
4598,0.6540578590882709
4599,0.5576808957699904
4600,0.4621347425319214
4601,0.6069161545485577
4602,0.6623080639014542
4603,0.47181116845939725
4604,0.6176280000381146
4605,0.5732481168372028
4606,0.6316696970770087
4607,0.5153842003403362
4608,0.39149264446185644
4609,0.48164861306370776
4610,0.6015638268132713
4611,0.40827018395144266
4612,0.5050665691491377
4613,0.5699122598917907
4614,0.4443286279526588
4615,0.5997091335957921
4616,0.5153845533017221
4617,0.5156719048211889
4618,0.5320671081493773
4619,0.5557812532535403
4620,0.5769536431471387
4621,0.5783683415331515
4622,0.5450329981989037
4623,0.6862935084261138
4624,0.5560038554254487
4625,0.6420168709870161
4626,0.6232578576529029
4627,0.5661548272171869
4628,0.3193404693294274
4629,0.6279274484716455
4630,0.6578048615989802
4631,0.6368512389436931
4632,0.5569424027235229
4633,0.5093017170015439
4634,0.5781198570052026
4635,0.49901586910510615
4636,0.5799979073270971
4637,0.5045599234367952
4638,0.5382963304115675
4639,0.5268283999663781
4640,0.560013843320647
4641,0.506119116928901
4642,0.5115345060549833
4643,0.3226283196593823
4644,0.5301766197432268
4645,0.4836803702675467
4646,0.5813783555091537
4647,0.5067206976709143
4648,0.5344912499853702
4649,0.8048607541923511
4650,0.7418724447793732
4651,0.6063451774312478
4652,0.5890797749045134
4653,0.5066484568657923
4654,0.8324860080238837
4655,0.4511144132527663
4656,0.45539472172227646
4657,0.5591792468411293
4658,0.40684766215465934
4659,0.39377159885358326
4660,0.3780780112075388
4661,0.4652260742288957
4662,0.3695694268750878
4663,0.4386482751016998
4664,0.5662557573038385
4665,0.41237250811760967
4666,0.700792425886422
4667,0.43790667241879033
4668,0.587956618354009
4669,0.6119464714345023
4670,0.5283687843804462
4671,0.44207965765179424
4672,0.637426514660887
4673,0.5328462090046675
4674,0.39327532402428167
4675,0.572855998604751
4676,0.40904739629721726
4677,0.6720151895038183
4678,0.5620683272765109
4679,0.40030901993504175
4680,0.5446351737715265
4681,0.5248039368313178
4682,0.5507085021898299
4683,0.5900198226847573
4684,0.4544001241475536
4685,0.5927157431649576
4686,0.4639491935175552
4687,0.3879514939914179
4688,0.49576564441358845
4689,0.6775189156424705
4690,0.5021488925659612
4691,0.5024411104402137
4692,0.33256538233711697
4693,0.6028402203529366
4694,0.4982896148832372
4695,0.5476868896308682
4696,0.716975834232062
4697,0.627626623519699
4698,0.5028346033515263
4699,0.5007823110501884
4700,0.5552458575158451
4701,0.6926184159025901
4702,0.508561636627334
4703,0.4643692931876161
4704,0.4784706484259678
4705,0.8092628005501341
4706,0.5582659046887835
4707,0.6107132620792609
4708,0.6664713996421023
4709,0.589453287926354
4710,0.5954247718659589
4711,0.5415444853166623
4712,0.6184932795868998
4713,0.4838150469698068
4714,0.5157795909477898
4715,0.515375670183357
4716,0.8465795898390478
4717,0.5220656931667267
4718,0.5571200096400224
4719,0.41798847646238174
4720,0.4120641597079867
4721,0.5284415121872869
4722,0.6200810817575743
4723,0.6050637051505517
4724,0.7255454660994171
4725,0.6034315132899315
4726,0.6206166469807535
4727,0.45138660230657734
4728,0.4379405521553014
4729,0.5154577493960102
4730,0.5736502136069964
4731,0.5255207106879687
4732,0.48031836290790214
4733,0.6257753551500294
4734,0.3961224000506921
4735,0.4800521727793371
4736,0.43741602635800547
4737,0.4845374236320571
4738,0.7437005668044301
4739,0.44965651069913803
4740,0.5894192530448076
4741,0.4888164468743246
4742,0.4521950264689216
4743,0.5587506870963144
4744,0.5937519719232156
4745,0.3977268771854483
4746,0.49803299557801817
4747,0.5480824179305436
4748,0.541420752532004
4749,0.602077043453735
4750,0.5293119820987133
4751,0.4522806540656629
4752,0.5606548683896034
4753,0.459747566874081
4754,0.5860282606972322
4755,0.49365491172805276
4756,0.5345901826562012
4757,0.5943492164145823
4758,0.3828198959542192
4759,0.6694222058652297
4760,0.3489046884289014
4761,0.4868764718951248
4762,0.7114869668448788
4763,0.6889120279900021
4764,0.46730766234359244
4765,0.8039322241513631
4766,0.4048660351928981
4767,0.3011844577001872
4768,0.5757998916841567
4769,0.31978970105654025
4770,0.38708067594559703
4771,0.5151516206598239
4772,0.4668903043118894
4773,0.5555721042328221
4774,0.4632253652475145
4775,0.6447403810099783
4776,0.4251743166609878
4777,0.5551133509151336
4778,0.5762525460780905
4779,0.760544390454936
4780,0.4184000280870176
4781,0.7093902903581171
4782,0.45630109591717327
4783,0.3892118884095847
4784,0.4995013153916466
4785,0.5975299184183076
4786,0.5594807933146614
4787,0.6894612826988267
4788,0.6771379545617918
4789,0.49789677464432236
4790,0.6630244699066941
4791,0.47427486412048764
4792,0.5207743164591395
4793,0.5613308681826172
4794,0.5365423181670133
4795,0.6992636623315758
4796,0.48227450864896937
4797,0.5035036243108355
4798,0.4502679908093148
4799,0.6213197810607356
4800,0.5483821208773337
4801,0.6448249352344839
4802,0.43347697032814075
4803,0.5908737518647145
4804,0.5165467506729605
4805,0.7394627899397472
4806,0.6396664677262832
4807,0.5367917399212596
4808,0.4656239482327401
4809,0.5085114940626695
4810,0.5288377764093615
4811,0.3356107554476062
4812,0.34842727478334845
4813,0.4063053522820974
4814,0.560960579970037
4815,0.6073671940254157
4816,0.42288191815216347
4817,0.45618374354816016
4818,0.5713976369744195
4819,0.6583307661658275
4820,0.4306906889424295
4821,0.5441005409107648
4822,0.5353645103255162
4823,0.674004841543656
4824,0.5635720188953062
4825,0.4862419452240509
4826,0.5923300252189444
4827,0.5360751731683079
4828,0.5080723426359605
4829,0.4088651343171905
4830,0.46287370617521095
4831,0.5345643574168396
4832,0.6769157378225499
4833,0.4797213391046033
4834,0.4701131819648683
4835,0.4746418143984127
4836,0.4699563625860308
4837,0.44758284180911834
4838,0.5570601828376318
4839,0.5323985294157919
4840,0.4066813367232545
4841,0.5772481744487573
4842,0.5801981963663004
4843,0.57888069318512
4844,0.5728564924423407
4845,0.44579301892384204
4846,0.5582284036427885
4847,0.648733399885806
4848,0.5040484890299027
4849,0.6217801303645952
4850,0.45591126131523046
4851,0.512660770404315
4852,0.500956193116748
4853,0.7366917670522262
4854,0.5374542468810669
4855,0.5113299383739788
4856,0.46579054838892225
4857,0.45657541514878897
4858,0.5681194721186305
4859,0.6673340220613735
4860,0.5465360156387187
4861,0.27250493493982497
4862,0.5501084261445911
4863,0.5549906566334936
4864,0.598897525989602
4865,0.3346265250053555
4866,0.5570164671965236
4867,0.5448849232526539
4868,0.4316881798417542
4869,0.3389155258566293
4870,0.5834414007363813
4871,0.5267298014492473
4872,0.7326838009431642
4873,0.5871924715298102
4874,0.5318766701448001
4875,0.4881195675549588
4876,0.6911314460127731
4877,0.3967121833148701
4878,0.5304344676071959
4879,0.5155396806255736
4880,0.5499243117815378
4881,0.606920413643189
4882,0.7018859845855857
4883,0.5826530547344144
4884,0.37990899840025066
4885,0.34604718259038536
4886,0.5578330114718999
4887,0.5159374262150414
4888,0.5979850893703313
4889,0.5768063853537625
4890,0.48880606166496593
4891,0.533329743429252
4892,0.41994754182968735
4893,0.5586150844605452
4894,0.5548512576340598
4895,0.5469877960889652
4896,0.5542297939935633
4897,0.3688021686302275
4898,0.5245590188113531
4899,0.49700733285999293
4900,0.5013633365860871
4901,0.49614254588486656
4902,0.6934654386378096
4903,0.6038855107744683
4904,0.37453394142195384
4905,0.5447482737383569
4906,0.5019090999394158
4907,0.6046222423210091
4908,0.5922468526829205
4909,0.5070903441426282
4910,0.4834209568497063
4911,0.4572506385393924
4912,0.41412463538100297
4913,0.490749471175746
4914,0.5085767217042979
4915,0.6502680846391237
4916,0.4749791569382121
4917,0.5636941351258484
4918,0.7897927489167699
4919,0.4446517610878903
4920,0.6125096518042071
4921,0.6619950710510357
4922,0.566839969464884
4923,0.4745014763203109
4924,0.440413523979533
4925,0.5915216244465934
4926,0.3545621014979413
4927,0.6147624330580219
4928,0.47360200410973147
4929,0.5285609799958666
4930,0.4740632612699187
4931,0.7614315919235175
4932,0.5562495995003126
4933,0.49458482497322465
4934,0.4651182882971828
4935,0.5034760815154632
4936,0.55330182978877
4937,0.4019044040648847
4938,0.6116738225392516
4939,0.555432569804565
4940,0.5881395706621622
4941,0.4833347257699022
4942,0.5429945214185906
4943,0.5778684344558245
4944,0.5707522751302045
4945,0.6379066416316684
4946,0.6171719444176036
4947,0.449416497039506
4948,0.44478630885465714
4949,0.44000568388301453
4950,0.5629437670425699
4951,0.44820722142053093
4952,0.5076740984309938
4953,0.4080297389177454
4954,0.5633141948290117
4955,0.4909902928769196
4956,0.4058678510148796
4957,0.4246194530467206
4958,0.39433164795833936
4959,0.46063470242460197
4960,0.4424887353563389
4961,0.4850094013662937
4962,0.5088970893577984
4963,0.557554581686172
4964,0.6004434974785928
4965,0.3949111269873784
4966,0.4104628784202826
4967,0.6889311947324939
4968,0.4612395647387242
4969,0.6756574654318361
4970,0.38100999301750016
4971,0.5029701880897348
4972,0.4909063183394049
4973,0.5002402923253423
4974,0.5758068091613482
4975,0.6565224070326982
4976,0.4381179628822408
4977,0.7523472141683254
4978,0.5793236286210228
4979,0.43708053254116414
4980,0.5602207473106444
4981,0.5862838304473009
4982,0.4769599055502008
4983,0.49348636797113377
4984,0.4567449127983265
4985,0.4135601268172088
4986,0.5204354244287798
4987,0.4411891314631802
4988,0.6385538623515192
4989,0.3960192901000138
4990,0.5327386775673139
4991,0.6001878704130036
4992,0.538524700713479
4993,0.4789278887551036
4994,0.4988401240166591
4995,0.6508802417945355
4996,0.5016589942564149
4997,0.4380263502230452
4998,0.5057094679262183
4999,0.5582698172249564
5000,0.5013946136820258
5001,0.5072675357662944
5002,0.45994919373123033
5003,0.5086919908619679
5004,0.6081523649177617
5005,0.5110409040739801
5006,0.40042217915963646
5007,0.5030156471403512
5008,0.6895265727601071
5009,0.7025976956665189
5010,0.45021110106961537
5011,0.4714238395862282
5012,0.5672492609205061
5013,0.5051161523036752
5014,0.5076454126017942
5015,0.5060643108144922
5016,0.4770355561648225
5017,0.621077839882826
5018,0.4677960094103387
5019,0.5003917624019101
5020,0.41741648920805474
5021,0.650383415140279
5022,0.43463086829393155
5023,0.6341819890405469
5024,0.41021799213998633
5025,0.43393920524203133
5026,0.518886251641651
5027,0.5954515632802574
5028,0.595864544633229
5029,0.37991794715555954
5030,0.5821377074501422
5031,0.44443942457912555
5032,0.4951694258289245
5033,0.6055133902085036
5034,0.5316329973659337
5035,0.5943452877101305
5036,0.506247668595194
5037,0.45756716998782404
5038,0.4359554813492459
5039,0.6562375624500258
5040,0.7657727533199152
5041,0.5402584883984329
5042,0.6276889018082142
5043,0.44394440287917086
5044,0.3727659364377234
5045,0.5181050522242501
5046,0.5778573303466779
5047,0.5225568970896703
5048,0.47230623073669714
5049,0.45524743304888987
5050,0.5964567652060798
5051,0.5658803346406522
5052,0.43356652732432127
5053,0.5834773920715737
5054,0.44050239574742417
5055,0.462313745318998
5056,0.44630278301562076
5057,0.5495742076262125
5058,0.47705355955970735
5059,0.6954562091860709
5060,0.5123749772426357
5061,0.4930650708365144
5062,0.6996336381124918
5063,0.504821190674237
5064,0.46375539415517175
5065,0.4687111365236297
5066,0.36932214650812667
5067,0.48892453565239086
5068,0.6207674297014711
5069,0.3365965287467093
5070,0.4297033104180475
5071,0.46496190275186944
5072,0.45928742652728527
5073,0.6114465140450566
5074,0.49100620601711603
5075,0.5736316749691637
5076,0.5987853084132955
5077,0.43929263004270414
5078,0.4471344249309231
5079,0.524372108752038
5080,0.5405576828925228
5081,0.5440807300808594
5082,0.4712430481481522
5083,0.5354869062825991
5084,0.5086752282020461
5085,0.6423139432446707
5086,0.5307695995798654
5087,0.46392879717725494
5088,0.5212987349754887
5089,0.6394499446087859
5090,0.4326481200040273
5091,0.42703814270087664
5092,0.5008858055164483
5093,0.39816888103967685
5094,0.540677093107945
5095,0.5496375937709964
5096,0.6475078789431927
5097,0.4562877924930922
5098,0.6022636288799393
5099,0.47720578964450644
5100,0.3701485647412961
5101,0.5340206851542455
5102,0.49427744800799567
5103,0.6749263359367932
5104,0.4850997764414948
5105,0.5307096926916068
5106,0.5401772978703624
5107,0.3951858808639007
5108,0.47140169031366885
5109,0.7112193496946879
5110,0.4802072165103335
5111,0.5700454675281963
5112,0.6771181536861746
5113,0.5107490927887758
5114,0.3444841345468642
5115,0.4413672243062915
5116,0.6100213979791952
5117,0.5931355162368823
5118,0.40460622282695247
5119,0.45841813584933205
5120,0.3664940842289208
5121,0.4560377746949457
5122,0.5488103314685441
5123,0.7850157184612582
5124,0.592450999210795
5125,0.4661620698589227
5126,0.48656335596632133
5127,0.6539433117629405
5128,0.7633306275378544
5129,0.533520213435922
5130,0.5861171389304435
5131,0.43841476008476915
5132,0.5149489300858263
5133,0.5970259675677811
5134,0.37737764148462216
5135,0.46458747020587826
5136,0.46369821432141733
5137,0.4265002543266381
5138,0.37234226706017126
5139,0.3788751904868763
5140,0.6503201354813863
5141,0.5239284675100524
5142,0.5280909199970384
5143,0.5273592206782189
5144,0.695782584950104
5145,0.4889798963053804
5146,0.45474157994230385
5147,0.46477524290157873
5148,0.7031511625981743
5149,0.46458856018362477
5150,0.5640157948746534
5151,0.4639730803287546
5152,0.684872685783767
5153,0.6353262644041711
5154,0.5122320074011893
5155,0.4597537606726101
5156,0.732928470585338
5157,0.6752070929472989
5158,0.4638698631552713
5159,0.48795631329053113
5160,0.3349592429185457
5161,0.5814962797747932
5162,0.5951622454396804
5163,0.3664028166560872
5164,0.686903785233174
5165,0.4506960293218883
5166,0.5574584750258081
5167,0.3850527748576102
5168,0.5085581338464322
5169,0.5202277137771736
5170,0.4807880639905583
5171,0.5282255093200161
5172,0.6385980929486306
5173,0.4370745188523483
5174,0.4660110095821077
5175,0.5370843265323595
5176,0.45036047006712726
5177,0.3752025682110083
5178,0.6819773129647514
5179,0.5010803393861988
5180,0.54008275120501
5181,0.5959692471531499
5182,0.5360411393362914
5183,0.5635367825548596
5184,0.5045217637384886
5185,0.5833192835363111
5186,0.5681074787716868
5187,0.42954521142885077
5188,0.5877437752498005
5189,0.37600676213832007
5190,0.49833298864334935
5191,0.39066500279976824
5192,0.500550862042913
5193,0.4636636010612353
5194,0.45206241722533314
5195,0.4974001653435767
5196,0.5109311772021907
5197,0.5138173567072946
5198,0.6431154815914317
5199,0.7981565146182303
5200,0.5221432134928697
5201,0.5535375673071993
5202,0.6133548910018766
5203,0.6259753172127089
5204,0.6526084964594847
5205,0.5855226208867907
5206,0.5523144902554792
5207,0.5439061763985358
5208,0.5728138679214945
5209,0.38921094800285816
5210,0.49453709404898183
5211,0.5426265783662704
5212,0.3578308757793651
5213,0.45203571912267115
5214,0.47243161952641144
5215,0.5405943879372935
5216,0.41981783795604727
5217,0.9289277449225934
5218,0.32013393196299644
5219,0.6630511860915497
5220,0.4943334617482211
5221,0.5505585346315598
5222,0.5709800305503652
5223,0.5244880947854679
5224,0.5053739105508964
5225,0.5872698589670347
5226,0.6555420098939748
5227,0.6341448660852176
5228,0.5531518918938667
5229,0.5195083593304082
5230,0.7221173594363818
5231,0.5201684506262376
5232,0.5748236999702289
5233,0.4777858294138977
5234,0.49075049606150606
5235,0.5576682172253427
5236,0.4019406012364338
5237,0.5133730022006607
5238,0.5235022284913119
5239,0.46754125880280484
5240,0.45069945559565533
5241,0.63220482510463
5242,0.7191963729268347
5243,0.5686329246318215
5244,0.4267952811089767
5245,0.536351990591276
5246,0.5102805119322069
5247,0.4554121141604498
5248,0.5534121135571025
5249,0.5934493188096607
5250,0.49539642552181673
5251,0.5694543522709764
5252,0.4803800909651652
5253,0.4652979603516474
5254,0.6501620045096279
5255,0.4455344787994784
5256,0.48769822009932934
5257,0.39783722589106507
5258,0.4390339999827314
5259,0.5931814727839712
5260,0.47141628651784434
5261,0.7479327281733511
5262,0.4875740834833556
5263,0.6912868648320846
5264,0.40043476033822545
5265,0.6082823922149293
5266,0.6688875734565849
5267,0.6072866213226262
5268,0.7687358726809199
5269,0.43986894101883933
5270,0.6143780483679474
5271,0.5222849067860785
5272,0.49221927114584624
5273,0.4900935193521837
5274,0.4316987406059434
5275,0.45523883891715056
5276,0.48875526586989065
5277,0.5265393675857967
5278,0.6103734939367728
5279,0.4433122561675648
5280,0.38868496049589224
5281,0.5849093675225641
5282,0.4179274214125706
5283,0.4161162115738113
5284,0.5396997555169248
5285,0.5301082329097664
5286,0.5344920892099212
5287,0.5974406658565742
5288,0.43704454369466555
5289,0.7030418846856361
5290,0.48372916883620337
5291,0.4633666452132736
5292,0.5589384865029087
5293,0.4936030279851042
5294,0.4807908451395165
5295,0.6820085038030437
5296,0.38251346784845897
5297,0.4486435753558094
5298,0.6203996519327165
5299,0.6346078280135621
5300,0.5439470655667448
5301,0.8779589100488053
5302,0.5785048842187015
5303,0.3129631386693027
5304,0.44452210218024085
5305,0.5288273050363503
5306,0.41367310238180377
5307,0.5120949979098125
5308,0.5188026148385655
5309,0.4357346226744394
5310,0.45808786819950764
5311,0.7016148276004921
5312,0.3819988210309164
5313,0.5496688225469831
5314,0.4797287413150229
5315,0.4852395361149732
5316,0.4609466195915867
5317,0.4980268258521863
5318,0.4759067777890179
5319,0.4161670183408953
5320,0.7561388438833655
5321,0.395295698069127
5322,0.43771096284103045
5323,0.4819617641475997
5324,0.4980536992808716
5325,0.6492752973208047
5326,0.4510701887535494
5327,0.49887665209688087
5328,0.5181576399816241
5329,0.5421102784268467
5330,0.6023266494995492
5331,0.5204108090002312
5332,0.5518410703842264
5333,0.5030573245969617
5334,0.5807185571950315
5335,0.5010708193562127
5336,0.49483991851342324
5337,0.7080134080527275
5338,0.4574681364391058
5339,0.7666101371638033
5340,0.4253319985052858
5341,0.42820312428636514
5342,0.5441937821578009
5343,0.49665749169044876
5344,0.5916016817749064
5345,0.5752873818827704
5346,0.486045304605335
5347,0.5369532219783711
5348,0.48204798053370024
5349,0.4357437506329723
5350,0.48679208925475426
5351,0.5699181921479365
5352,0.5394154829884399
5353,0.533023957667881
5354,0.47722353696660097
5355,0.647746824944148
5356,0.7508645797716809
5357,0.5175752443352298
5358,0.7445015292528675
5359,0.6221621575458889
5360,0.7219550186032915
5361,0.6522142305088459
5362,0.49610270583795324
5363,0.5761763810981329
5364,0.5254243084502556
5365,0.5383701204156288
5366,0.7011070933279638
5367,0.5992320737365046
5368,0.5494335272190235
5369,0.4916014819461621
5370,0.5070790994201827
5371,0.49430544133612614
5372,0.6090596800093312
5373,0.5845249920439696
5374,0.4726948189451427
5375,0.612072001888627
5376,0.6384926907271722
5377,0.53390427264542
5378,0.5570844544176248
5379,0.5168518705772938
5380,0.5512834127617867
5381,0.43763409166126055
5382,0.5196901200970679
5383,0.4343878904916013
5384,0.6961465381947218
5385,0.5402940007921779
5386,0.8054753416034919
5387,0.4660919091642245
5388,0.4939181627345442
5389,0.49028966542870844
5390,0.5551057547952878
5391,0.37338345291851227
5392,0.5674747981233847
5393,0.47230903095824167
5394,0.46572069985520537
5395,0.44972379833221277
5396,0.48121383520014555
5397,0.4908603695201185
5398,0.4017310373223818
5399,0.5489401449434163
5400,0.4773333915772688
5401,0.5931614452893844
5402,0.4960029503365323
5403,0.5404595938759678
5404,0.46121986681194527
5405,0.6182120731076995
5406,0.6503790120934899
5407,0.592887183783457
5408,0.5122206556002511
5409,0.5676356822703886
5410,0.5275439615830474
5411,0.5706762568986202
5412,0.5073300364501114
5413,0.44575932487629044
5414,0.6581850949339517
5415,0.38613856218091724
5416,0.5690004078382758
5417,0.5723430837619097
5418,0.3641324827662421
5419,0.46466988182925206
5420,0.4871548362255201
5421,0.457352289325329
5422,0.6679799177994441
5423,0.5331912515622174
5424,0.34858686831415964
5425,0.5496135005887409
5426,0.5723970452750453
5427,0.5195675530430448
5428,0.6917024419643408
5429,0.37809712255659134
5430,0.5221441922182333
5431,0.6921172656125756
5432,0.5292247918552586
5433,0.5470454461760476
5434,0.4399222086182159
5435,0.7062953920858362
5436,0.4378939368081308
5437,0.5971376595958738
5438,0.48563147040696886
5439,0.5161129155565501
5440,0.5482076502525414
5441,0.4691518464831754
5442,0.7192160413139658
5443,0.5521378630058342
5444,0.5762572273880952
5445,0.2812401314215921
5446,0.49109367116206154
5447,0.5710567451497488
5448,0.657548128382399
5449,0.6929394282358281
5450,0.61703467729369
5451,0.5189265035400068
5452,0.4768882466328532
5453,0.4737093739995151
5454,0.5432615962559577
5455,0.6585391470641282
5456,0.6322810865976585
5457,0.44505085818739015
5458,0.648349395506391
5459,0.5985332390759645
5460,0.5455612733522419
5461,0.4661695257951277
5462,0.47989724826360886
5463,0.5273972271233769
5464,0.46427303632800204
5465,0.352874783679743
5466,0.631820315649274
5467,0.4517465570298449
5468,0.43106079738141856
5469,0.3852091629767592
5470,0.6918264890445801
5471,0.5930987787480954
5472,0.4821508624740965
5473,0.5690944979684919
5474,0.49120012267199153
5475,0.4695381947104316
5476,0.31765053755747363
5477,0.4393575220629355
5478,0.39366723458155006
5479,0.6487867515564337
5480,0.5636357923584271
5481,0.7376856696062051
5482,0.33981448472938336
5483,0.4821950649266064
5484,0.5070368619002226
5485,0.6022745220621412
5486,0.5593749023438414
5487,0.8063688592482685
5488,0.6040706858997735
5489,0.4839897176925211
5490,0.4901446737074427
5491,0.5133335050527934
5492,0.49019693130483416
5493,0.6094696906554146
5494,0.7198646385093759
5495,0.5545143801530912
5496,0.4748391109521059
5497,0.40283725231049516
5498,0.6107545800014459
5499,0.5768069171992356
5500,0.6293629033213946
5501,0.6463998900935419
5502,0.4930137396815291
5503,0.5445774519375528
5504,0.36764990702273925
5505,0.4223718225968676
5506,0.48809990074593246
5507,0.7339577083146838
5508,0.4457243442184044
5509,0.5715380790259951
5510,0.510806399181795
5511,0.657173880122475
5512,0.7021376854374115
5513,0.7818972999976144
5514,0.6099333749446363
5515,0.6635543799152547
5516,0.548412286196451
5517,0.4466393715337974
5518,0.6960570875463943
5519,0.5608964677330224
5520,0.425216026947217
5521,0.5131115633519032
5522,0.5819961161261809
5523,0.46139034149621294
5524,0.5147293691445105
5525,0.6251242884344921
5526,0.6510687358324604
5527,0.7245120979006414
5528,0.6478326105749862
5529,0.4700788125157685
5530,0.34443368346705394
5531,0.6041677166170464
5532,0.5347462439593154
5533,0.48022228044786225
5534,0.4930602471964917
5535,0.6472426934821544
5536,0.5581225375338675
5537,0.4112620772161065
5538,0.33722558674706504
5539,0.6744625746725951
5540,0.6151347879774899
5541,0.5693614120009062
5542,0.603234037370093
5543,0.5771442784738924
5544,0.5363774667682231
5545,0.44702385344364026
5546,0.48904660902678576
5547,0.5529756713977704
5548,0.5589723441357748
5549,0.44382329844980456
5550,0.3899553968842256
5551,0.5584782110551482
5552,0.6788866684885664
5553,0.70194404946872
5554,0.5448338018939016
5555,0.4474820690478779
5556,0.3705511391818922
5557,0.589554430207415
5558,0.4847998174618264
5559,0.5862409718501664
5560,0.4280831361892385
5561,0.5005769984545471
5562,0.6860642070929788
5563,0.6783037838386818
5564,0.4615665299291724
5565,0.6458358828256765
5566,0.4314937395158819
5567,0.5075175273034448
5568,0.4847267419940464
5569,0.4401966176300987
5570,0.5096747306824708
5571,0.5405986660923356
5572,0.5601554616141196
5573,0.5490896271390281
5574,0.4800815781523286
5575,0.44268121397028404
5576,0.4546913101023516
5577,0.5911582148440094
5578,0.49857469379562364
5579,0.49095505563590525
5580,0.5258199020638095
5581,0.4757003879345452
5582,0.5794841500326205
5583,0.6019285258631819
5584,0.5465740665593075
5585,0.2810557938367006
5586,0.5488479664533154
5587,0.5473128503833625
5588,0.4450132702302165
5589,0.6402747493586283
5590,0.6866600880309088
5591,0.39866690864820487
5592,0.530082165043824
5593,0.7937368301604768
5594,0.40326343363969114
5595,0.504747285614428
5596,0.5025034149965469
5597,0.6869909133298544
5598,0.5826208678994614
5599,0.5372822971523602
5600,0.5470315841385138
5601,0.41034053719223834
5602,0.6743988734326052
5603,0.5556302569436027
5604,0.512720083985508
5605,0.5154678478910439
5606,0.5460221335128066
5607,0.5052727723510031
5608,0.541677574657818
5609,0.5979289661740897
5610,0.5990452754218496
5611,0.38301728521679723
5612,0.5554157384687671
5613,0.6261319149379397
5614,0.44163687713115257
5615,0.42281016982982594
5616,0.5610546088627312
5617,0.5980175050929613
5618,0.5863849636770905
5619,0.5662884666744952
5620,0.35759937857009183
5621,0.6038458619112759
5622,0.47803520507550273
5623,0.4868631261560481
5624,0.40072722639565594
5625,0.4808188066871945
5626,0.5736649203186072
5627,0.4633467365316057
5628,0.5498441802464598
5629,0.4900608006691229
5630,0.47297254352351437
5631,0.5324509826066754
5632,0.6330417311334849
5633,0.6216612449279297
5634,0.5133107808308547
5635,0.4701177367315905
5636,0.5069170632993882
5637,0.6072260806946147
5638,0.40541397885664276
5639,0.574067558272012
5640,0.6367350987685083
5641,0.4992065961479572
5642,0.5123170241489338
5643,0.6513322214612118
5644,0.42929115882143587
5645,0.5661831559781814
5646,0.3475948886768
5647,0.5055397847685398
5648,0.7078083611128538
5649,0.5450990047358261
5650,0.44890885635262195
5651,0.7489573437532882
5652,0.4902169979067803
5653,0.47552180296591007
5654,0.4871254932762765
5655,0.4514462841844159
5656,0.4015936549606073
5657,0.6841496043976351
5658,0.4847653462715824
5659,0.37675818139523276
5660,0.5114497649279361
5661,0.43731966225630375
5662,0.598459095744391
5663,0.6737170541548927
5664,0.5184239183960152
5665,0.5808779916619699
5666,0.558916665731264
5667,0.7098667112895959
5668,0.5439883388396713
5669,0.6370105587532745
5670,0.4138102011237347
5671,0.5010354531774367
5672,0.6397654453706368
5673,0.38339799615081305
5674,0.6155373167542797
5675,0.5179226115868729
5676,0.4777422492521742
5677,0.4403960939709633
5678,0.5256584992360658
5679,0.5278462345598356
5680,0.6439849030008844
5681,0.7446166884455245
5682,0.5202173182940178
5683,0.47727845003441677
5684,0.5849929015784937
5685,0.5179072373347648
5686,0.3454923891999338
5687,0.6588361582048292
5688,0.5120196909381491
5689,0.3813332691775905
5690,0.4606514910566169
5691,0.5278876660828061
5692,0.5722777444503551
5693,0.5260448773717167
5694,0.6634129570626774
5695,0.4393917334508852
5696,0.5620486818690131
5697,0.5267250744571796
5698,0.7610945311089199
5699,0.44476546223451885
5700,0.5056153982145318
5701,0.6109151872914081
5702,0.6214929634998873
5703,0.593557932393334
5704,0.3565714623907887
5705,0.6263461717313037
5706,0.4702806256523502
5707,0.5270112691684412
5708,0.5205201953075612
5709,0.7454641543677223
5710,0.5317667267980221
5711,0.6496598553064513
5712,0.5995820169071853
5713,0.6214835388307547
5714,0.4405649421851576
5715,0.6097775600400253
5716,0.556662306528915
5717,0.5050838395281643
5718,0.6418196309392669
5719,0.4443746589051756
5720,0.5879077473433747
5721,0.3958906032444054
5722,0.6747992723708793
5723,0.5059356389721691
5724,0.46255227707463553
5725,0.6625501970611662
5726,0.6991293117073918
5727,0.3997434290771874
5728,0.6031063360059999
5729,0.6797696462203149
5730,0.6923592884369438
5731,0.5919674477513928
5732,0.4049680641922329
5733,0.6110772179892444
5734,0.5448084216843567
5735,0.5234393989512018
5736,0.5251875041467189
5737,0.5738851826795812
5738,0.4555964810532588
5739,0.43726295905780765
5740,0.5873780140603231
5741,0.40174448733817714
5742,0.8631313268373149
5743,0.4502853214413727
5744,0.4212148279089163
5745,0.6149093531359355
5746,0.6668834168225501
5747,0.4842777483238196
5748,0.4584746593158704
5749,0.4345831953010158
5750,0.4319786194401787
5751,0.4641369347323956
5752,0.49102156073965925
5753,0.49438873399663336
5754,0.5616807275598488
5755,0.6221519896716341
5756,0.5153175663581131
5757,0.41359678555520296
5758,0.6230698751378765
5759,0.4416729863064139
5760,0.5836430496920939
5761,0.46094826285832796
5762,0.6285993716989318
5763,0.5363496701653563
5764,0.5039939167005636
5765,0.6559644425512569
5766,0.4277566448929959
5767,0.543873570486799
5768,0.361954321196841
5769,0.40407065856860047
5770,0.37586328628055504
5771,0.5081315091667123
5772,0.5704700880038929
5773,0.4932955719254986
5774,0.6112734343702378
5775,0.6686226258568693
5776,0.4976843904054659
5777,0.48059997165341634
5778,0.6610585051960964
5779,0.6230139259083447
5780,0.4126227674034957
5781,0.5627241189433095
5782,0.3972666621208314
5783,0.482880670848712
5784,0.5151631997540451
5785,0.4826214897492319
5786,0.44758266533132757
5787,0.4855606218387793
5788,0.5056286072151611
5789,0.5597220160799564
5790,0.7105646642047122
5791,0.5971099051221498
5792,0.47666356123819525
5793,0.4880737357250603
5794,0.39192756272798734
5795,0.6579750816528687
5796,0.535311777852212
5797,0.5833162321807591
5798,0.4867633062097757
5799,0.6528383903242335
5800,0.5230472806594596
5801,0.48104780810665815
5802,0.6198287994295114
5803,0.38279375499261514
5804,0.5105162695736409
5805,0.7767253441007773
5806,0.7365668465410137
5807,0.4736156641147494
5808,0.27172307543203866
5809,0.49259762962674297
5810,0.49472070965927034
5811,0.4739720466593204
5812,0.5708664550777741
5813,0.5486829160359236
5814,0.5215757048898811
5815,0.5265598877772031
5816,0.5305648362697962
5817,0.47807888508725843
5818,0.5623641567709402
5819,0.47057757011920165
5820,0.3632979247990126
5821,0.7577216136216101
5822,0.40415863161122656
5823,0.5513328329412893
5824,0.5694540441066211
5825,0.5204607128698462
5826,0.5064208817276592
5827,0.6256208216245549
5828,0.5012032283577552
5829,0.4857655538883335
5830,0.5226399128923481
5831,0.47836112958402927
5832,0.3247017241941712
5833,0.5956962536092797
5834,0.7647381394065366
5835,0.31587315965108054
5836,0.47736141269282323
5837,0.510219221782997
5838,0.6006610794698252
5839,0.41678808748498347
5840,0.4815849586806388
5841,0.4962363042794118
5842,0.5576633911036557
5843,0.4669550378290841
5844,0.593749769909331
5845,0.46021940655839116
5846,0.4793478244598433
5847,0.578708477226822
5848,0.4667826612426505
5849,0.5318642456054372
5850,0.5146300765172452
5851,0.6017319019132916
5852,0.5489455045995864
5853,0.44962703061007836
5854,0.6650484902581741
5855,0.42178988695388736
5856,0.354869032200519
5857,0.7011187321389083
5858,0.5058856549394979
5859,0.5552647581864295
5860,0.37881699328954327
5861,0.3673555329786733
5862,0.4203614572520258
5863,0.49240433599196287
5864,0.43624054061788986
5865,0.5345775194843506
5866,0.49174191482373963
5867,0.7538287542876458
5868,0.6425953746483424
5869,0.44973976024942225
5870,0.5443319032021736
5871,0.5013998172071222
5872,0.46505884818175314
5873,0.5052308562095087
5874,0.4826032414212297
5875,0.4497542086265661
5876,0.5691452904146818
5877,0.7181773169997379
5878,0.4623500275990348
5879,0.5407425855851857
5880,0.5429364651877909
5881,0.5615204242973028
5882,0.41953003063045075
5883,0.5966456647791942
5884,0.6556302932036031
5885,0.4861002011623168
5886,0.4531516550692641
5887,0.45875726441993153
5888,0.48900371786845825
5889,0.4712537713696334
5890,0.6132517577446437
5891,0.4794226859249095
5892,0.46597772035567986
5893,0.5740186742726482
5894,0.4752184388895455
5895,0.2888799029984789
5896,0.622624005753507
5897,0.5820079122836029
5898,0.4399463250756991
5899,0.42534350291174866
5900,0.5493362404956459
5901,0.5209383474201866
5902,0.37410297212279675
5903,0.4636848594073535
5904,0.6705332455241659
5905,0.6064761027121381
5906,0.4196090248507413
5907,0.5911799144592176
5908,0.5126501186995395
5909,0.332369838439287
5910,0.5835135512926097
5911,0.6970647470109329
5912,0.5400816981614663
5913,0.5264235517823315
5914,0.6408356727490873
5915,0.49108092580207663
5916,0.4303638538917013
5917,0.48659830282372046
5918,0.5059977799524092
5919,0.3333666681290762
5920,0.4039881705631947
5921,0.508354766733529
5922,0.31042638388448884
5923,0.31730092918519404
5924,0.5181144259373831
5925,0.5463851155710848
5926,0.4567821995503112
5927,0.3064331049587177
5928,0.5728479565154262
5929,0.4375563045451935
5930,0.4656380776187666
5931,0.37372471986568123
5932,0.6556705188828927
5933,0.4896984875187322
5934,0.5590208662292091
5935,0.4612256978998877
5936,0.5400045584486125
5937,0.44107990832124666
5938,0.5493445917399815
5939,0.455144696514569
5940,0.5572761953053358
5941,0.49665061177920755
5942,0.426194284473295
5943,0.37539638977986073
5944,0.5150600677507869
5945,0.4525205858411635
5946,0.527902905778862
5947,0.5473010359178355
5948,0.5226933238658895
5949,0.41884676196787424
5950,0.6572818749316041
5951,0.5674487329385106
5952,0.7856910525688419
5953,0.52744678437294
5954,0.5501964604566382
5955,0.5415259242017443
5956,0.43747085420894904
5957,0.6018110441523421
5958,0.7152890459958148
5959,0.3953491098608326
5960,0.5453580907630932
5961,0.5366513003182151
5962,0.5716957055956491
5963,0.6515252033804864
5964,0.7182852808963529
5965,0.5923905128363295
5966,0.43336385098347147
5967,0.38375945550117985
5968,0.6188790838905162
5969,0.5211878033871671
5970,0.4000725140515262
5971,0.5567609837977059
5972,0.6040480340306636
5973,0.3708989227076739
5974,0.5834976765995512
5975,0.6273081666355483
5976,0.5053570012803087
5977,0.44695371151738805
5978,0.596008724655618
5979,0.4817106087584351
5980,0.5320141228321624
5981,0.3362977720892131
5982,0.5538277870125823
5983,0.6071856446916344
5984,0.6544018168801333
5985,0.7070010139336165
5986,0.46655607037176194
5987,0.6409760632230372
5988,0.45732511952812194
5989,0.3665737458136459
5990,0.5224555944333381
5991,0.5501843645530775
5992,0.6904733044812816
5993,0.6751304908248323
5994,0.5212937087321028
5995,0.5529884463751923
5996,0.5972205798608636
5997,0.5763308068050232
5998,0.5309101675608581
5999,0.4477030294469323
6000,0.4500893310113648
6001,0.6300747087499976
6002,0.5374320808988419
6003,0.5294192788819619
6004,0.4320599809055388
6005,0.42503053658324125
6006,0.5017400662998014
6007,0.6041976106479972
6008,0.6408147355848519
6009,0.5840197411653616
6010,0.4974156345420388
6011,0.49029797562483884
6012,0.5574092411243998
6013,0.5245277211385189
6014,0.5184074977918633
6015,0.4120150799651108
6016,0.4059377449376263
6017,0.5693071138358966
6018,0.5459420265256836
6019,0.38593060314473515
6020,0.6170871238743201
6021,0.6003802992604479
6022,0.591302340364809
6023,0.45242278259756474
6024,0.4608085409257731
6025,0.48996616052376724
6026,0.6351209727590337
6027,0.6245926916315174
6028,0.40385838086906434
6029,0.5995655849966213
6030,0.3788288408907986
6031,0.5142811147027826
6032,0.5720848044391555
6033,0.5572334014587175
6034,0.404663292742111
6035,0.43228563113398166
6036,0.5229451413887514
6037,0.43765058167501253
6038,0.5483404446789117
6039,0.509772171788325
6040,0.42020418389209496
6041,0.5170893847806393
6042,0.4486592940635242
6043,0.5392468076571368
6044,0.5240574994009504
6045,0.5695079949923457
6046,0.38693221453604976
6047,0.5236677081263259
6048,0.7328723063206614
6049,0.5077130123196406
6050,0.5048206005118272
6051,0.5983966743714786
6052,0.689310040824457
6053,0.6753928277038131
6054,0.6110064496373884
6055,0.5166413553014473
6056,0.4185083041069285
6057,0.4791620830475677
6058,0.6015370458820475
6059,0.4168728973831355
6060,0.6105818527236591
6061,0.6686823532189556
6062,0.445397543564217
6063,0.5921968661171493
6064,0.4675601582424166
6065,0.5159601303141758
6066,0.7784553177872722
6067,0.45594773122458476
6068,0.6619312557119699
6069,0.5007202283545448
6070,0.47067534916323184
6071,0.5327686860490728
6072,0.4405854579245712
6073,0.38433333130696024
6074,0.5375608447414549
6075,0.4605894301664694
6076,0.5647239179125849
6077,0.5865506435168844
6078,0.4922862156181469
6079,0.45349639356035076
6080,0.4691576330633663
6081,0.506317813313607
6082,0.5334731048062508
6083,0.4726749532609661
6084,0.4086994791712238
6085,0.5255683596858438
6086,0.6134948618889012
6087,0.49616669244243
6088,0.4294339560552133
6089,0.6430354556856519
6090,0.46771658748552636
6091,0.6110229984867114
6092,0.4756419926599386
6093,0.7334394039719602
6094,0.5422940458128536
6095,0.5491320794056032
6096,0.44698222611160976
6097,0.5973742461979414
6098,0.629331722142662
6099,0.6128903585534841
6100,0.6196135693608537
6101,0.5886720424344213
6102,0.5549172359545939
6103,0.6113521283387039
6104,0.4691237622684201
6105,0.3626162498693932
6106,0.4708029022230982
6107,0.4972351073230654
6108,0.6271275488396083
6109,0.362162592321316
6110,0.5044998811145106
6111,0.4739321847253106
6112,0.6145531049056314
6113,0.5403706896690103
6114,0.7853028279784832
6115,0.5308173840077789
6116,0.5302751171098727
6117,0.5121237192202424
6118,0.43396155661623736
6119,0.36007115942298273
6120,0.47458738693722463
6121,0.47635866039922925
6122,0.49255220360128776
6123,0.5016184909532149
6124,0.5436749989025766
6125,0.5079060895664269
6126,0.5877791010535756
6127,0.6268615970819884
6128,0.6255885885573436
6129,0.4769981184739402
6130,0.5252346220264967
6131,0.5504003019305121
6132,0.6169816284696094
6133,0.3726281764967883
6134,0.6373217580569513
6135,0.6920768368973629
6136,0.5686269858393924
6137,0.48749685281130106
6138,0.48209739974004834
6139,0.5788425801477998
6140,0.6056774404832416
6141,0.33769851430070563
6142,0.7062884413309336
6143,0.46998657715851705
6144,0.3684775951532128
6145,0.34382982526022343
6146,0.6681348123735147
6147,0.6032041901501352
6148,0.4563182849703608
6149,0.4905317884582834
6150,0.4723752455919805
6151,0.6525673101883289
6152,0.6029635257790413
6153,0.5032678772071237
6154,0.4258922182743461
6155,0.458800711004407
6156,0.6252541802254183
6157,0.5307773240604715
6158,0.4516820471760622
6159,0.5131777843766514
6160,0.5621811212764218
6161,0.5284844877752227
6162,0.6845552643487561
6163,0.476766210021226
6164,0.6030254445573917
6165,0.5388988750191559
6166,0.5515838574373438
6167,0.38767339560546626
6168,0.5566040202690239
6169,0.4792772176916925
6170,0.5222461663579833
6171,0.32204638589468326
6172,0.5576618245548681
6173,0.4282133338327149
6174,0.6841829125210255
6175,0.6002415519021028
6176,0.49732518282406674
6177,0.6746085019741105
6178,0.4929937323499072
6179,0.6168232682384971
6180,0.5743883800257132
6181,0.5677250992363567
6182,0.5234134451786809
6183,0.6243389171339461
6184,0.5600586079424776
6185,0.5825552359857528
6186,0.48570597127303716
6187,0.5104222426609851
6188,0.4685661021841352
6189,0.4133246410660105
6190,0.49992776544569895
6191,0.5820556879078271
6192,0.6160367617525331
6193,0.5255532521907893
6194,0.4168161758265746
6195,0.44844905160767595
6196,0.4405549951319905
6197,0.49402526659544566
6198,0.29783910994769014
6199,0.4282827645842077
6200,0.5690643568944423
6201,0.5195796844195517
6202,0.47446565373706007
6203,0.37824500242108916
6204,0.6182490298307004
6205,0.5685903631887628
6206,0.5673874951591409
6207,0.3676801566549332
6208,0.5146053657690586
6209,0.5319244217307981
6210,0.5579427513817796
6211,0.5226504355395553
6212,0.49824552006856804
6213,0.4623250268271838
6214,0.5197831047569842
6215,0.4667587024618321
6216,0.4529102579454825
6217,0.46147807109015604
6218,0.5580021483910195
6219,0.6073835823147912
6220,0.49118811203721424
6221,0.4957065355807924
6222,0.5957096005236286
6223,0.6040657844841539
6224,0.5539040860089206
6225,0.60465063822419
6226,0.43281159223377974
6227,0.8727681694903988
6228,0.3920201384707723
6229,0.5508531795393843
6230,0.42858913778571345
6231,0.5636465324098603
6232,0.7046264103197251
6233,0.5994340865539247
6234,0.7112318592072842
6235,0.45461787795372144
6236,0.3106565759356167
6237,0.58863371054174
6238,0.5473791608808338
6239,0.5240304659266726
6240,0.4528868468973557
6241,0.5518712980844616
6242,0.48916969413721273
6243,0.524248416608556
6244,0.7293624442513882
6245,0.6098253108641998
6246,0.6540029043249292
6247,0.47774229861945117
6248,0.5468397230186447
6249,0.44070060665944943
6250,0.5085613835333107
6251,0.5373753500779457
6252,0.40607651371133163
6253,0.5415665894242205
6254,0.4988651443362778
6255,0.6200304326639966
6256,0.5512624494272871
6257,0.7165416249097606
6258,0.42110725256778087
6259,0.48856572443056134
6260,0.5964397631706561
6261,0.47499963256866407
6262,0.3522359794377453
6263,0.4253828448609926
6264,0.6478249821828765
6265,0.599292736866611
6266,0.4281037514567527
6267,0.5009152361109834
6268,0.7416317167867277
6269,0.7417690653810943
6270,0.6029212787460523
6271,0.5495741352164684
6272,0.6767535958694807
6273,0.6748071437309823
6274,0.3970932613327358
6275,0.42481349642087
6276,0.4812925782468712
6277,0.677707305155564
6278,0.5437020019716067
6279,0.5517096444868155
6280,0.5064729055356842
6281,0.5189096686685654
6282,0.5737732103792579
6283,0.6938602658818575
6284,0.38703519261260455
6285,0.5652982490862053
6286,0.4541324809104128
6287,0.5960759989161826
6288,0.5033269900432347
6289,0.573272503727057
6290,0.5802466675847046
6291,0.4476238796218246
6292,0.4597767165736881
6293,0.8202538819410781
6294,0.4078545500657938
6295,0.4685492907981964
6296,0.6034386578995783
6297,0.5080766559996799
6298,0.466428669829632
6299,0.5286293856935407
6300,0.44770597474904156
6301,0.5768154391912483
6302,0.5159567577466331
6303,0.44735846238109767
6304,0.4861654165628315
6305,0.3310408098862612
6306,0.46486420976410103
6307,0.5174732705489881
6308,0.6762972842353002
6309,0.7689631949868766
6310,0.4772539624511781
6311,0.45892512329316426
6312,0.5474849403425275
6313,0.5216131862097734
6314,0.734626163792008
6315,0.37986224350094777
6316,0.5166678717150973
6317,0.5081175362805637
6318,0.7344056427998666
6319,0.613407624947153
6320,0.48257113581515965
6321,0.5596565157687259
6322,0.5255853659503118
6323,0.4282396432348473
6324,0.5289866564991685
6325,0.6037474026190851
6326,0.43594447979383716
6327,0.648162610333899
6328,0.6281946451013884
6329,0.4819219430336153
6330,0.6079975722720874
6331,0.49986218433743534
6332,0.43263218802287895
6333,0.35943376366577473
6334,0.6947860177924317
6335,0.6001389299772505
6336,0.46652848804382363
6337,0.4722324064780072
6338,0.5145553042560634
6339,0.5839352055658482
6340,0.46509320453528297
6341,0.5920925619197736
6342,0.6810373552137962
6343,0.36420673106116436
6344,0.526600328539716
6345,0.4721550143020636
6346,0.4119299485626333
6347,0.5351004061129131
6348,0.5652342429096213
6349,0.7218977408902212
6350,0.528343503366169
6351,0.5295400144580144
6352,0.5124738984278489
6353,0.595433797049139
6354,0.42335555924339674
6355,0.5550531210939758
6356,0.5039160407153089
6357,0.6339109957517113
6358,0.5396572966208647
6359,0.4057117396967842
6360,0.538466709843815
6361,0.6923334989962673
6362,0.35497799730581325
6363,0.584129466046913
6364,0.6651813173276904
6365,0.6734304708397522
6366,0.7154908276587688
6367,0.6683414567153949
6368,0.629885592393511
6369,0.5073535346655448
6370,0.5604827259344889
6371,0.6022911840704037
6372,0.43249188088710067
6373,0.44681036894610593
6374,0.41477849172231723
6375,0.5057161974391432
6376,0.39980296479215793
6377,0.5184842566214257
6378,0.35582705898931327
6379,0.5694902729401053
6380,0.5856683631084779
6381,0.5259155509135153
6382,0.6348059074590315
6383,0.5783894010894626
6384,0.5398594633581308
6385,0.42528012503126755
6386,0.6534514176931159
6387,0.49467972157763157
6388,0.4929223777799463
6389,0.5528981162187352
6390,0.4927569635569361
6391,0.5666869831407481
6392,0.5696798437364698
6393,0.4601044814875322
6394,0.49765409720871284
6395,0.4415365898928013
6396,0.5455007398904027
6397,0.6708547618440825
6398,0.5231240952673832
6399,0.5573323098458868
6400,0.4578880029868063
6401,0.31980064521503365
6402,0.40952139914364133
6403,0.4447517851053231
6404,0.5838543296268703
6405,0.47472746281862677
6406,0.5010632770808745
6407,0.579434045358248
6408,0.45244278901664703
6409,0.5746290636476086
6410,0.4686911561006484
6411,0.3796907146386924
6412,0.606246512866134
6413,0.5187224671867632
6414,0.6187069891487474
6415,0.6899813319787111
6416,0.5820131956349068
6417,0.647447547394197
6418,0.5991509639758243
6419,0.5098735991461132
6420,0.3797453415785
6421,0.4816902584858967
6422,0.5932502838905206
6423,0.42489382746500615
6424,0.6646892750615853
6425,0.5935978446590107
6426,0.5234912125654043
6427,0.41930126956177377
6428,0.5821858858382019
6429,0.4324709234576909
6430,0.7281811035840412
6431,0.558348949308883
6432,0.45493391662220506
6433,0.6413537819015664
6434,0.5235121492386758
6435,0.40204392759305185
6436,0.531878808988556
6437,0.555026074762482
6438,0.3838209578782983
6439,0.5399152674687152
6440,0.42148789828201383
6441,0.3358365598623113
6442,0.45501425740642404
6443,0.47582075260994483
6444,0.4043758799794266
6445,0.6407148525073019
6446,0.5010659620946583
6447,0.5525758688138682
6448,0.6279969198879667
6449,0.414533364703805
6450,0.46399908035684173
6451,0.6811443300464075
6452,0.5099327872675363
6453,0.6014549367534691
6454,0.8147798419375863
6455,0.397216137385528
6456,0.5041707304138068
6457,0.6747669965847285
6458,0.46980975539458814
6459,0.5517567411505963
6460,0.4629733267995177
6461,0.4356437882999279
6462,0.43712631282882325
6463,0.623265906649379
6464,0.5583820655601419
6465,0.6099650239450849
6466,0.5064395403378198
6467,0.492633570744443
6468,0.5337604955349193
6469,0.5516411864959975
6470,0.6368576167852438
6471,0.6036101059982191
6472,0.5136946579020801
6473,0.6804739161446032
6474,0.6303006604665746
6475,0.4486904466387521
6476,0.5019762371531606
6477,0.8579758098967063
6478,0.6639821478502277
6479,0.55541329209905
6480,0.5843850734492726
6481,0.438218910314084
6482,0.4571424148529517
6483,0.4677720281718738
6484,0.6270314368923635
6485,0.4921449077228346
6486,0.4959212403776398
6487,0.49531948339085513
6488,0.3371044383255922
6489,0.6452514691900136
6490,0.3546671706898473
6491,0.45650765103576757
6492,0.4455402407279956
6493,0.44390682148839516
6494,0.468525579760466
6495,0.5730490719560453
6496,0.37679704950360604
6497,0.5222974370193268
6498,0.33354080330625835
6499,0.4580270271869213
6500,0.5308553619055539
6501,0.5720333109094002
6502,0.38735823698622485
6503,0.6760928112282724
6504,0.5182244069141209
6505,0.4622635959717037
6506,0.5142481022577651
6507,0.6483822065385622
6508,0.4594957724152696
6509,0.4161786391484358
6510,0.5316057835457205
6511,0.523648601164191
6512,0.5023919296527252
6513,0.5076630874390279
6514,0.5279909081721728
6515,0.5309151434368576
6516,0.7323090887431439
6517,0.458076763429771
6518,0.6176878615410545
6519,0.4611242246880669
6520,0.3584647072829432
6521,0.49428964953908505
6522,0.38422016131346093
6523,0.5344972758197941
6524,0.4071040729404078
6525,0.6990004531744627
6526,0.6490577485490381
6527,0.660854743944212
6528,0.5923970080513428
6529,0.5659689193644769
6530,0.4571703850970737
6531,0.6674798698132154
6532,0.5233064929423111
6533,0.5778199534543643
6534,0.5465346720486332
6535,0.4661020084749822
6536,0.4597571378206323
6537,0.4857463932575313
6538,0.5016689134065951
6539,0.5636964498835005
6540,0.5077244566433563
6541,0.6435053476066601
6542,0.5782159036223797
6543,0.5506939518676224
6544,0.7015313372527028
6545,0.5824273609088112
6546,0.7643067091666113
6547,0.5546660166259544
6548,0.3574458299737092
6549,0.5479000458979136
6550,0.4523727704889599
6551,0.5214118600609124
6552,0.39794860109388797
6553,0.5912677467059086
6554,0.3969224235332083
6555,0.5953541132026442
6556,0.45932329805983496
6557,0.4954142105365555
6558,0.610422451893741
6559,0.5380714062121983
6560,0.6791031528195346
6561,0.4256580538555689
6562,0.5383652499671047
6563,0.6195238159544642
6564,0.4693154163192069
6565,0.41119272996638123
6566,0.625050911305805
6567,0.447697861560957
6568,0.6197207464603258
6569,0.5589672739483889
6570,0.534188891005077
6571,0.7939267784358375
6572,0.6877017766875442
6573,0.6098557413379233
6574,0.5179898093451099
6575,0.5565121921134232
6576,0.5461811797506799
6577,0.5385581414322653
6578,0.5179798972148641
6579,0.5605746278688257
6580,0.477043169587522
6581,0.3988870285339713
6582,0.6686542444042864
6583,0.4566288325375682
6584,0.5753518604634885
6585,0.5051549768554618
6586,0.5152026565411223
6587,0.3747031474365977
6588,0.683953384864435
6589,0.6691650637105844
6590,0.5668586322060511
6591,0.5063198509032983
6592,0.34313158031088176
6593,0.5732307432647189
6594,0.4641206671623061
6595,0.4584112301902419
6596,0.5203014391324255
6597,0.5228544128702381
6598,0.3388357271840502
6599,0.4260496752360016
6600,0.5852230224123683
6601,0.5543932311950548
6602,0.6522887051442265
6603,0.4514144337591504
6604,0.5332652899606949
6605,0.4498751221911811
6606,0.40034986091483515
6607,0.49901205833791074
6608,0.42155895292975354
6609,0.5734657769501144
6610,0.38540584576265646
6611,0.5197272219686488
6612,0.36886366372685553
6613,0.4567386385209276
6614,0.5779206899992757
6615,0.581346833247182
6616,0.4279796802748005
6617,0.4814515630975418
6618,0.38832230531715384
6619,0.4414784171302702
6620,0.5355753730547987
6621,0.5514814509151025
6622,0.4324050834290992
6623,0.6588662217998911
6624,0.4501747622113255
6625,0.5430801711696287
6626,0.5331498742289584
6627,0.6281456678726544
6628,0.4311654657711559
6629,0.39799432926049927
6630,0.5552281952819222
6631,0.6203384215990071
6632,0.49122304545618944
6633,0.5507570198593537
6634,0.6829199818236945
6635,0.7028148922656866
6636,0.5620062195828377
6637,0.39301189704819495
6638,0.5125215164632432
6639,0.5394584607691069
6640,0.48375381154949126
6641,0.6608347530884348
6642,0.5537094297691918
6643,0.6592229129255569
6644,0.40263934759630493
6645,0.5605272485730796
6646,0.45537014058740355
6647,0.5862310156687414
6648,0.5975658678337936
6649,0.47996499888821986
6650,0.4699822598660226
6651,0.6315623529014492
6652,0.6257462532412662
6653,0.5184068377799346
6654,0.465817442220238
6655,0.5248966113565875
6656,0.5529640149779637
6657,0.45564278838059347
6658,0.35845340467213466
6659,0.7658945119536895
6660,0.52351911289708
6661,0.38930356079573936
6662,0.5480740875001873
6663,0.6491691674847748
6664,0.5029309925406051
6665,0.5327087781498855
6666,0.5064750030668285
6667,0.3666049121364645
6668,0.5637679307342255
6669,0.37312760389523314
6670,0.6123767032554802
6671,0.47744690319813854
6672,0.633100870067512
6673,0.553173018790297
6674,0.45471646836172597
6675,0.5018296979805302
6676,0.60210526087104
6677,0.4578307664520513
6678,0.5304669209860771
6679,0.4259120033111453
6680,0.46348456678085914
6681,0.48773620937242695
6682,0.5472388609108622
6683,0.4388826833205953
6684,0.5425645907705623
6685,0.501985243594114
6686,0.548852320039923
6687,0.465905427722172
6688,0.56612189972351
6689,0.5350233738186689
6690,0.41368656050295743
6691,0.583448152328803
6692,0.5273011411229883
6693,0.7734747120806826
6694,0.4991122119147955
6695,0.4250388545118884
6696,0.5769760910163806
6697,0.47813754551414955
6698,0.6640774999704
6699,0.6309699600167816
6700,0.5838858189459362
6701,0.6082201865763447
6702,0.49180110607655125
6703,0.4747652440410003
6704,0.48815514964141715
6705,0.5495354569125004
6706,0.533687812089301
6707,0.517326956650564
6708,0.50497630297983
6709,0.7273484398339605
6710,0.7986529410625762
6711,0.7886480978795285
6712,0.5641015356698367
6713,0.5061881584926731
6714,0.5221582404201855
6715,0.6505903452408976
6716,0.36855024039371787
6717,0.6425306438414183
6718,0.42619085143957464
6719,0.7167442615943334
6720,0.5178933617212612
6721,0.6777109931926222
6722,0.8358425109230709
6723,0.4911342748883112
6724,0.4896764055416381
6725,0.5657664538812122
6726,0.43452456635288816
6727,0.4659258597138839
6728,0.43679880429953766
6729,0.4223060550739291
6730,0.5200129886843908
6731,0.5122800841691273
6732,0.403625918827506
6733,0.47628769723977576
6734,0.6324549085217241
6735,0.3839831626234099
6736,0.7931379058337733
6737,0.44110852017702307
6738,0.46445526741592
6739,0.6753223353942078
6740,0.47184168154234335
6741,0.51479861345982
6742,0.5021372054820491
6743,0.46852676244871005
6744,0.5056800442354499
6745,0.7745249173509012
6746,0.4717507924653516
6747,0.6296572269759908
6748,0.43684174024910816
6749,0.46598757424439413
6750,0.5821853221642337
6751,0.48670199760414895
6752,0.49991114748542825
6753,0.37829867551407304
6754,0.509809277507674
6755,0.6579855133618188
6756,0.4780629814658629
6757,0.6735270812463667
6758,0.29239976729568656
6759,0.47961082091244395
6760,0.32414000335550786
6761,0.5288142427398271
6762,0.6655329981857414
6763,0.39041287319729423
6764,0.5963573597583695
6765,0.5646715476841877
6766,0.565245104233912
6767,0.5106007046696113
6768,0.3242740536005595
6769,0.3868003556127839
6770,0.4767556285670566
6771,0.7084512411108068
6772,0.5040071112090477
6773,0.46279191136400305
6774,0.7234021428497273
6775,0.5120458600241685
6776,0.37164698790970985
6777,0.510978681606072
6778,0.547390060320511
6779,0.44291902945602446
6780,0.679445945147956
6781,0.4282900530885836
6782,0.4078414281259239
6783,0.5266231389326818
6784,0.585959985038782
6785,0.5550901807588954
6786,0.5918788166039843
6787,0.8859232886899362
6788,0.47033733969686936
6789,0.48916594752299336
6790,0.4362846864693439
6791,0.683837082260079
6792,0.6584712407792032
6793,0.5712680038456376
6794,0.7825099661640496
6795,0.4056779619341586
6796,0.6985728526255592
6797,0.5890163304762556
6798,0.4082743499272226
6799,0.6559258204642905
6800,0.30730699544993034
6801,0.642611542795699
6802,0.38434369972558013
6803,0.5294078761884019
6804,0.599719165335674
6805,0.5481776686962491
6806,0.6127653199546471
6807,0.5748905891655334
6808,0.5255417472271366
6809,0.5897324257663094
6810,0.36126012286373
6811,0.5569861116232939
6812,0.43704634250854
6813,0.43971901790221807
6814,0.4007222856039643
6815,0.4602512847433212
6816,0.34497692122359025
6817,0.5172812808154538
6818,0.5494461054027342
6819,0.3073674755048179
6820,0.5684451930333588
6821,0.5591853820904028
6822,0.3954465265952303
6823,0.47506365948842144
6824,0.5991012977423312
6825,0.47887932525509824
6826,0.522726039689478
6827,0.609663683655271
6828,0.4335224942204332
6829,0.6866159991008713
6830,0.5099227140158549
6831,0.5389107475031292
6832,0.6839781945954969
6833,0.6553939942578193
6834,0.345577282353809
6835,0.5035760169382891
6836,0.664632046832559
6837,0.4110530415899981
6838,0.4983528365863999
6839,0.6554407861014135
6840,0.5625480211119763
6841,0.49839832273528883
6842,0.6137211363100527
6843,0.5824596000948302
6844,0.3890736134179521
6845,0.49278807421080095
6846,0.5459066745659207
6847,0.4813658493921823
6848,0.7503143399727368
6849,0.4519343646238042
6850,0.7676768113255422
6851,0.4498040530430894
6852,0.5125683958382373
6853,0.3877763354274308
6854,0.6957315742069579
6855,0.4862619324261423
6856,0.3238414149706461
6857,0.49375168712501516
6858,0.6071524250281027
6859,0.44641099487230773
6860,0.6079274248367078
6861,0.2564259654565211
6862,0.4636706135225467
6863,0.532214137383572
6864,0.6285113343554095
6865,0.8097868625926088
6866,0.4902017814937388
6867,0.5058607757573848
6868,0.7727763715580106
6869,0.6021418625587748
6870,0.5568934692327991
6871,0.411000054412772
6872,0.6384816115710167
6873,0.506597459046952
6874,0.629323582044435
6875,0.49517072262282397
6876,0.5417883769127161
6877,0.45600491249164143
6878,0.42540458996525726
6879,0.6252846700939562
6880,0.7104391775240801
6881,0.5429157202377193
6882,0.5111445257763408
6883,0.5290605130020035
6884,0.8593995030261493
6885,0.5224045932658841
6886,0.672991641162467
6887,0.614731640270267
6888,0.7114368903106325
6889,0.5346464039454709
6890,0.4756082427225603
6891,0.6242743668671038
6892,0.5608967580671915
6893,0.5247419803567662
6894,0.6255105796626073
6895,0.6602396531717971
6896,0.586515925810252
6897,0.5082899635907938
6898,0.6227085551056899
6899,0.5504996824002809
6900,0.46768698991354507
6901,0.44548085783122593
6902,0.505990560962796
6903,0.4618979238564084
6904,0.5058350179065504
6905,0.542551744719484
6906,0.5056737492187329
6907,0.5055242767122137
6908,0.5132187003360914
6909,0.46096674710010466
6910,0.5555949087796597
6911,0.4308309940824395
6912,0.4790445245245913
6913,0.44162750091253866
6914,0.47031451861004037
6915,0.4050750757869235
6916,0.3626111498258598
6917,0.659011087218448
6918,0.5100338307207234
6919,0.7994291704116123
6920,0.48134397820299896
6921,0.7099212392516888
6922,0.5752299320802452
6923,0.5232872508326301
6924,0.4305975995614273
6925,0.7735822379004808
6926,0.5634481452389083
6927,0.6695370275634461
6928,0.5291171402207698
6929,0.594051850694929
6930,0.5590467524444316
6931,0.5172562012044648
6932,0.5897566712078346
6933,0.5175381206829294
6934,0.6052705549957255
6935,0.832966625589314
6936,0.5160230576854749
6937,0.3973404889528349
6938,0.4205791430778846
6939,0.4074700719951788
6940,0.4262962981380276
6941,0.531574134374854
6942,0.5646556162204639
6943,0.49292581835062566
6944,0.6417672286319465
6945,0.5380673734569597
6946,0.6300395346874083
6947,0.6815579331254618
6948,0.7010590194285722
6949,0.5700472795834441
6950,0.48723378311586135
6951,0.5851449454908371
6952,0.5222786211916045
6953,0.6635027991571394
6954,0.605922794449782
6955,0.5122860467473282
6956,0.5926735048246287
6957,0.48463853808055324
6958,0.4615289979338864
6959,0.41408375185083934
6960,0.5312914723670104
6961,0.4981170198558587
6962,0.4967990526524698
6963,0.6251476000772608
6964,0.4566229946339468
6965,0.4590593187350255
6966,0.475278646804985
6967,0.42757949696112496
6968,0.36288072266217175
6969,0.3936908414476583
6970,0.5258359047432739
6971,0.696233700013448
6972,0.5602241118801897
6973,0.503627569839323
6974,0.4042895454159886
6975,0.5986070060855447
6976,0.5446880354543524
6977,0.6034719786834589
6978,0.6805124004682391
6979,0.43483696857211496
6980,0.553477747249021
6981,0.5328869668355007
6982,0.9313878692021806
6983,0.37862169114073707
6984,0.42916169904194473
6985,0.42404907226819766
6986,0.46672120843650894
6987,0.5947785095357815
6988,0.5183993469593992
6989,0.5839337302610028
6990,0.49011397938236034
6991,0.3808722795812679
6992,0.7618965369557951
6993,0.6793224662298507
6994,0.6212729407582113
6995,0.4298080270125749
6996,0.44717464553264835
6997,0.5191350345174719
6998,0.44507815414332785
6999,0.4729020591173144
7000,0.522402371266818
7001,0.6073433168999292
7002,0.5929410286483449
7003,0.519886837873595
7004,0.49018870236454126
7005,0.6114751214033948
7006,0.5493376059440843
7007,0.4489764248144629
7008,0.6308372899073595
7009,0.6354251472352265
7010,0.589731857204197
7011,0.44628996713251884
7012,0.5238717914587758
7013,0.48236132003153137
7014,0.43520507841547007
7015,0.4224928388492813
7016,0.6339125663668421
7017,0.5437121082877154
7018,0.6150735648104474
7019,0.6639747769304057
7020,0.43142908299719057
7021,0.6414673761275594
7022,0.5448994890930041
7023,0.3218086322209593
7024,0.5023278545147278
7025,0.5052548717082641
7026,0.6002665878986784
7027,0.3084469232936941
7028,0.6076471866786077
7029,0.603920155240823
7030,0.34468828772421234
7031,0.5826829283763724
7032,0.5430087064139132
7033,0.47402911273193615
7034,0.4496339112855773
7035,0.44837175290487935
7036,0.2555055517484091
7037,0.48744739810421195
7038,0.5708750227887499
7039,0.3716048824649627
7040,0.4657386630132239
7041,0.5144890267644315
7042,0.48401811508110726
7043,0.48457201648273196
7044,0.6443823228130805
7045,0.6502552797189806
7046,0.4490889188746228
7047,0.58943828933359
7048,0.7025972959065329
7049,0.543878130441042
7050,0.7791266788083409
7051,0.49286676417583386
7052,0.5349514866067898
7053,0.44395018205111864
7054,0.6074101169174544
7055,0.48203825785475385
7056,0.4811418706914504
7057,0.6010961262086906
7058,0.6342552610669643
7059,0.48420466623646585
7060,0.4125334827992791
7061,0.6984956275575471
7062,0.5765327855451974
7063,0.6450088574465705
7064,0.6513723001181942
7065,0.3712257729932751
7066,0.5134768212274898
7067,0.625347120733861
7068,0.5191981881377737
7069,0.4753745755849709
7070,0.5458673233223216
7071,0.47091333119004547
7072,0.5295345417048255
7073,0.5925629331033757
7074,0.5853324401630225
7075,0.5502788965712566
7076,0.40154366925829593
7077,0.5830740025919483
7078,0.4577540578483152
7079,0.581961151378992
7080,0.5670723172042893
7081,0.6392780416599565
7082,0.6093846283102413
7083,0.4435224960562339
7084,0.5003049719264393
7085,0.47664561781723797
7086,0.5566675464683865
7087,0.4218774143653241
7088,0.723854515774223
7089,0.5247497587422395
7090,0.5828921533604776
7091,0.3601889533081106
7092,0.5694626849808675
7093,0.6298202525462978
7094,0.44424341735144257
7095,0.6467007576525539
7096,0.4962707629436438
7097,0.6214829211573911
7098,0.575016007493668
7099,0.5340875737185777
7100,0.6310501842277197
7101,0.6373065676603085
7102,0.5036956282313818
7103,0.536023889001532
7104,0.5402815501181427
7105,0.4388719696303234
7106,0.2749286898693218
7107,0.45204706777072834
7108,0.5930403151788717
7109,0.4873061566879444
7110,0.5134873757834854
7111,0.5580950973890791
7112,0.6637533180177351
7113,0.4377988358932803
7114,0.42107141963148204
7115,0.4362658564657121
7116,0.6310013405632348
7117,0.5602345446684757
7118,0.5245010328465752
7119,0.45300057194184845
7120,0.7621430867945405
7121,0.33979536281153533
7122,0.5393242186117562
7123,0.4704364449638778
7124,0.5689485766309602
7125,0.6214113194105251
7126,0.571403506885711
7127,0.5273650636133425
7128,0.6875761062558772
7129,0.45180378034765284
7130,0.7435266416325244
7131,0.41910935160736296
7132,0.3533171363489648
7133,0.6285815008810902
7134,0.5181536912916516
7135,0.524250101713822
7136,0.513587912570041
7137,0.5170751509600853
7138,0.608297928019925
7139,0.46095380210132036
7140,0.6141605395295477
7141,0.3798776504926642
7142,0.49367927960194435
7143,0.7381443044958002
7144,0.3841458015215456
7145,0.3808038219163322
7146,0.49387448134415046
7147,0.3627566923454246
7148,0.5238084869693136
7149,0.5574133020425116
7150,0.4114254100497036
7151,0.6687859526238451
7152,0.6522915527842675
7153,0.5822509902613968
7154,0.4015558010225293
7155,0.571396920124062
7156,0.46574934784098476
7157,0.430244101512147
7158,0.4901993436492494
7159,0.7572411683417856
7160,0.4684974873163552
7161,0.39672947092266864
7162,0.563315454569833
7163,0.5455040601943691
7164,0.491080342427117
7165,0.6371106670276665
7166,0.6940089569922453
7167,0.4159748806613236
7168,0.4598447246596522
7169,0.5939852392443971
7170,0.4831060429107608
7171,0.42622494157784313
7172,0.4239807823364252
7173,0.5530634406376314
7174,0.6303232937511155
7175,0.525873916949378
7176,0.419383947103818
7177,0.6253298563184135
7178,0.5104240213206053
7179,0.6837507230305911
7180,0.36337160421635567
7181,0.4741714900172599
7182,0.41436769359906056
7183,0.5451786004978432
7184,0.614136844504759
7185,0.45769509438826667
7186,0.46195344405593497
7187,0.5084266307088697
7188,0.5170158716708254
7189,0.4434444114278052
7190,0.549214243386777
7191,0.45057067889535185
7192,0.6566132945102721
7193,0.6765354758014761
7194,0.5981393748268338
7195,0.5172290148995801
7196,0.5669418025776782
7197,0.5157641458168976
7198,0.48087328823639486
7199,0.36396298835922086
7200,0.48794036118331946
7201,0.46950300503799564
7202,0.47683328665907593
7203,0.5171637038555973
7204,0.5249517267697585
7205,0.38412968740139614
7206,0.5450281357899099
7207,0.6197037053987876
7208,0.3894073973934984
7209,0.4526045434798768
7210,0.5733193672191229
7211,0.5959014022157892
7212,0.48645475753117146
7213,0.47982645858089906
7214,0.5151672286910142
7215,0.42080612231751313
7216,0.5619208763810978
7217,0.3782616828859798
7218,0.4298967171865156
7219,0.4522415884348734
7220,0.6051038939445085
7221,0.4411579292930726
7222,0.5780810444837531
7223,0.5516878933126592
7224,0.4304483536297472
7225,0.5559561338409656
7226,0.5683999053693454
7227,0.5166961016092205
7228,0.5235444494513288
7229,0.6551716788948813
7230,0.5161381357571259
7231,0.2982078441938808
7232,0.5601961180716797
7233,0.6557181691490342
7234,0.4778232318952783
7235,0.39714778594809236
7236,0.5970871158431637
7237,0.5064553368344579
7238,0.47341713561881105
7239,0.47828023824576993
7240,0.47797961966801394
7241,0.7041180991114097
7242,0.5750570368405749
7243,0.4315725983329056
7244,0.5858384727487866
7245,0.4851259380163502
7246,0.6538197373356448
7247,0.5058777509207886
7248,0.44866499901915513
7249,0.5893189757058508
7250,0.5958800200982327
7251,0.5094970999806899
7252,0.5379666491120257
7253,0.6296576132483678
7254,0.5064882904140239
7255,0.588264133970782
7256,0.5481644441964281
7257,0.4747473004597597
7258,0.5147787453569516
7259,0.45293480337351255
7260,0.41689502483658036
7261,0.4816186757757216
7262,0.5869456756066861
7263,0.4260607561391817
7264,0.5207272032592982
7265,0.49533972071603183
7266,0.431533052625885
7267,0.5132035418594484
7268,0.5625454870330686
7269,0.5795310546538733
7270,0.4774223212405549
7271,0.5043832081156672
7272,0.480153565639723
7273,0.5867964029227944
7274,0.5458725399957052
7275,0.6133156716330951
7276,0.5487614696114538
7277,0.6057268509347259
7278,0.6225751916251073
7279,0.5036371654269898
7280,0.445229914136992
7281,0.45257365880567885
7282,0.4536318574779379
7283,0.5149686999503182
7284,0.6714336501799265
7285,0.661924169305004
7286,0.4052485869761794
7287,0.5303031289613677
7288,0.5427033932768747
7289,0.4646217608793822
7290,0.4661743716654674
7291,0.6446331231120968
7292,0.49004343409607143
7293,0.5952361658774905
7294,0.5266733961867642
7295,0.6510783248196976
7296,0.5402135322290751
7297,0.6407209571851368
7298,0.49100655953053546
7299,0.49691617417078693
7300,0.4418938229495452
7301,0.48814793076979723
7302,0.5839213703019906
7303,0.5045409608283681
7304,0.519709493907041
7305,0.5413119098026183
7306,0.5513095638881171
7307,0.6040508918952981
7308,0.5614426142900416
7309,0.7920960928405865
7310,0.8799267083109831
7311,0.49351780874301204
7312,0.5417223461958953
7313,0.5257911563118624
7314,0.4841739113138446
7315,0.7078913460272597
7316,0.5557736668456459
7317,0.5362703389484058
7318,0.41808028885486404
7319,0.4653783256585216
7320,0.33137538604530703
7321,0.5434938892193519
7322,0.6074246792930553
7323,0.6072791691065887
7324,0.5031483073728544
7325,0.36780467461187416
7326,0.5914584610222476
7327,0.392325851718093
7328,0.41954787105931446
7329,0.301830590937274
7330,0.39532852993511025
7331,0.6141047611122133
7332,0.605023023735094
7333,0.5957846440270974
7334,0.7822855041747331
7335,0.5638343007838843
7336,0.5079648402635812
7337,0.7210765495032586
7338,0.41155885445176676
7339,0.35999704795642684
7340,0.48567000489806444
7341,0.5721105462831613
7342,0.5491715305287517
7343,0.3774755923880927
7344,0.4284599219961428
7345,0.43669412281510134
7346,0.39191635817484166
7347,0.7018309672946866
7348,0.5519810842031793
7349,0.7629357045267199
7350,0.502721164584816
7351,0.6689009773024276
7352,0.5416253193283577
7353,0.49722873783182814
7354,0.4989349349575023
7355,0.6013437380268262
7356,0.5908734062030382
7357,0.3965360194439929
7358,0.6603273125252557
7359,0.5411270903246701
7360,0.44115140981271006
7361,0.5578413406799637
7362,0.6471021421618727
7363,0.4625582886100199
7364,0.48050185690567193
7365,0.4779296503733209
7366,0.3686755324835847
7367,0.5081883595461104
7368,0.4819372817143731
7369,0.4725159002831329
7370,0.6371814906288474
7371,0.5432018352639494
7372,0.5563323620671331
7373,0.470441019581373
7374,0.7251897573900614
7375,0.38621638456497037
7376,0.5331561659266877
7377,0.38998481667230456
7378,0.4729171687659605
7379,0.5945200621177715
7380,0.4658351637275651
7381,0.6147774297374898
7382,0.5511177024527075
7383,0.5034467597744612
7384,0.6113988640797919
7385,0.7562966369167206
7386,0.4771059821937561
7387,0.5447382639605328
7388,0.5827938595826028
7389,0.4883924915024984
7390,0.6005924883707898
7391,0.6520911129368602
7392,0.4812429126805064
7393,0.650987004902911
7394,0.48880235461401067
7395,0.7417719030354205
7396,0.6489088363741267
7397,0.6201266506234356
7398,0.5045387183295315
7399,0.5610309581805757
7400,0.5535592922527826
7401,0.4853020786941576
7402,0.5369793410243908
7403,0.6631256898561229
7404,0.37246254770806764
7405,0.5163097736171216
7406,0.5892657580708944
7407,0.5841888176975192
7408,0.5733180103705463
7409,0.6979219951274472
7410,0.389097683984698
7411,0.5028964908229361
7412,0.395707677832288
7413,0.4779153987874672
7414,0.5986316531925429
7415,0.5193820445205313
7416,0.43379095476363694
7417,0.63430923828132
7418,0.6046888627263117
7419,0.5387682911630567
7420,0.45802511993537814
7421,0.34887646375443004
7422,0.5286198224088888
7423,0.44272814054597415
7424,0.5564895927313072
7425,0.45757164949132223
7426,0.488512136234083
7427,0.5124518204127277
7428,0.61162862520694
7429,0.4854805209443685
7430,0.5691057556860776
7431,0.484019341068577
7432,0.6449133061529307
7433,0.5008307513654232
7434,0.504845735171731
7435,0.3475663578700021
7436,0.45488956332967734
7437,0.45489359323003214
7438,0.4325763865765203
7439,0.43145628424088356
7440,0.532174278134127
7441,0.6938754762079564
7442,0.4386207290911913
7443,0.6464473128012129
7444,0.6196126506568584
7445,0.5024804036476416
7446,0.5571713563866194
7447,0.46448640383503736
7448,0.6140051268996277
7449,0.42030569854217337
7450,0.44411750931452065
7451,0.47103176658378715
7452,0.44190822596796814
7453,0.5044957519050073
7454,0.4473526692652868
7455,0.4994605251843391
7456,0.5845089961367018
7457,0.685995431536109
7458,0.3987183797368303
7459,0.43750810706400345
7460,0.4961852952604421
7461,0.44270236492233694
7462,0.6046061684473245
7463,0.5821691716800854
7464,0.5946281314073625
7465,0.5434474354184398
7466,0.5503328559016978
7467,0.6521465659386563
7468,0.3317019453489741
7469,0.5028228241717739
7470,0.5366491037419663
7471,0.609551044518055
7472,0.37353626698255105
7473,0.5679379386259019
7474,0.4096422898365571
7475,0.42070756864591674
7476,0.5499873055328359
7477,0.6155967619205455
7478,0.7417801132598841
7479,0.5045693503854298
7480,0.6586041977900896
7481,0.49626367775049873
7482,0.5186751505141256
7483,0.6818503728386169
7484,0.49870054548903076
7485,0.6796883887961429
7486,0.35379872932700457
7487,0.6079822866046968
7488,0.6410478301005346
7489,0.6005039973601298
7490,0.4682451890658372
7491,0.5246007695291518
7492,0.6714150049109896
7493,0.5380791426120918
7494,0.43983386416338094
7495,0.7132054643240103
7496,0.4545217115492741
7497,0.5222524525575992
7498,0.40434980221281297
7499,0.5258894467390065
7500,0.6525403010260336
7501,0.6092711271872866
7502,0.5932295109755821
7503,0.6088178379988171
7504,0.5450703256829081
7505,0.5195972754451825
7506,0.4902218025196387
7507,0.5704360535899219
7508,0.31995117944892426
7509,0.5619965441155731
7510,0.5379640731126925
7511,0.5203965532721149
7512,0.5672303059066662
7513,0.40714697998963917
7514,0.4918318124863298
7515,0.5580753657338497
7516,0.5984835980544387
7517,0.4491779001470557
7518,0.5133024323477045
7519,0.5038159795549111
7520,0.5683919551951663
7521,0.7121275368482036
7522,0.5578302588152309
7523,0.4776341743362993
7524,0.6772783518072151
7525,0.5058415932675667
7526,0.5909565009552741
7527,0.4869922666611587
7528,0.4822493225077883
7529,0.45845545722630976
7530,0.4473325276048405
7531,0.5763949675231514
7532,0.5165340421217024
7533,0.4624644333782082
7534,0.4932448831308166
7535,0.5641340840685133
7536,0.45102026606834916
7537,0.4871136375879942
7538,0.39103136657290943
7539,0.5271405462092457
7540,0.4298406009307775
7541,0.5990069542552324
7542,0.43081962714990124
7543,0.6257381422312649
7544,0.40146534549203405
7545,0.6287862555460171
7546,0.48832695304156826
7547,0.5529937342320379
7548,0.477286371534209
7549,0.695135603710911
7550,0.5848110664386008
7551,0.5384831353883521
7552,0.5604038670091223
7553,0.5351136645910707
7554,0.38902127495758565
7555,0.537876922209562
7556,0.6591572782756037
7557,0.3376406729436279
7558,0.5957994262500257
7559,0.5454615156061736
7560,0.4916176422955665
7561,0.4205471585165109
7562,0.5524271637031091
7563,0.6970702852408219
7564,0.6264412327532429
7565,0.6584743397744603
7566,0.43334018532630403
7567,0.492134649451536
7568,0.6716409917785776
7569,0.3919435660998468
7570,0.6398077848195839
7571,0.5699748768561259
7572,0.5714011004723415
7573,0.59441180529958
7574,0.45912998483667244
7575,0.4696760561705034
7576,0.397078798482483
7577,0.5291830060149509
7578,0.6627162295691733
7579,0.5230499246008837
7580,0.44875714442384784
7581,0.5069011136314494
7582,0.4511923640782817
7583,0.515675513307907
7584,0.5208697408470837
7585,0.5085513393816122
7586,0.8141361614918841
7587,0.49132790042621693
7588,0.6359163682348022
7589,0.5618436922113182
7590,0.5533631218147202
7591,0.46878880232277276
7592,0.5477283074799495
7593,0.5905822312213964
7594,0.5653639814264522
7595,0.41593920119977523
7596,0.6172616353920943
7597,0.4553897934428149
7598,0.594991701593775
7599,0.5829223274571323
7600,0.5383131083279682
7601,0.3357923788716116
7602,0.6289955371230194
7603,0.44332379905446895
7604,0.43328995479242755
7605,0.4215013562172955
7606,0.5823324338820481
7607,0.5031348971122028
7608,0.5314875582628431
7609,0.5645543899210185
7610,0.5143667508729345
7611,0.4369648493149484
7612,0.4725769754186602
7613,0.4740708411598271
7614,0.34772702623551
7615,0.6363394601938984
7616,0.5270533387489872
7617,0.5388660592787947
7618,0.4091654932189425
7619,0.5335470017174496
7620,0.4695889437418438
7621,0.5133239287492796
7622,0.3440494113458193
7623,0.4157500328433109
7624,0.4702925232856078
7625,0.5500361147928149
7626,0.4886075512316672
7627,0.43007000450829985
7628,0.6378200870883397
7629,0.5000682129285107
7630,0.42320294558649546
7631,0.404703990747294
7632,0.4356684764324946
7633,0.43653389377790885
7634,0.7394728607306323
7635,0.5734890498980215
7636,0.6712784081462484
7637,0.6653079538673101
7638,0.4995415669795097
7639,0.4664875986329803
7640,0.5547641115963294
7641,0.5669863052064535
7642,0.5259585419398126
7643,0.6381171729031063
7644,0.5765853298695246
7645,0.6800567722105094
7646,0.6646533043125848
7647,0.468356940584325
7648,0.6096177901658535
7649,0.48257987857780416
7650,0.6229689333219204
7651,0.4700306256583434
7652,0.38355742976512314
7653,0.6184359562147019
7654,0.45510695581298477
7655,0.445504937561788
7656,0.5379195912971869
7657,0.5545890533176514
7658,0.5245464040896886
7659,0.30344765884692204
7660,0.49709021683343374
7661,0.5842837510452875
7662,0.577638580161469
7663,0.6168856315592736
7664,0.5178103585711242
7665,0.46800858103288084
7666,0.46937207547728
7667,0.5307619760783816
7668,0.5711462512059202
7669,0.5542723243271717
7670,0.5565318428361784
7671,0.39914195498249416
7672,0.43219005540741895
7673,0.5375066993730191
7674,0.4134988755304958
7675,0.6326837279767306
7676,0.3684837018622774
7677,0.6066344638067324
7678,0.4441951495229841
7679,0.6476132620661216
7680,0.4619985343636146
7681,0.46107963193872203
7682,0.7220169133310949
7683,0.5202067065253299
7684,0.5087376171526401
7685,0.4510483750740789
7686,0.5726993375195449
7687,0.549403127790268
7688,0.4669711855160022
7689,0.511448251134589
7690,0.4868931421791384
7691,0.6086716027856927
7692,0.5803592317695934
7693,0.4608673969196703
7694,0.5054115860395744
7695,0.47182642235332833
7696,0.42514008781807644
7697,0.6331819320401093
7698,0.4338176245517276
7699,0.518363543654226
7700,0.5328116746358788
7701,0.44991478339921065
7702,0.5519557142390485
7703,0.4527548458839474
7704,0.6348172514333124
7705,0.4882862745560097
7706,0.5342512121859673
7707,0.5168248410843301
7708,0.6211132371279022
7709,0.43462779283161446
7710,0.47498837427719454
7711,0.7070711201318622
7712,0.47219678589926
7713,0.45389298608531337
7714,0.6349739558508235
7715,0.627884328170514
7716,0.430735202417062
7717,0.4749643377302928
7718,0.5565239336137694
7719,0.6359143758147929
7720,0.548322821561047
7721,0.4183758141222923
7722,0.7089962697657459
7723,0.4557279046905715
7724,0.5242819595663055
7725,0.4728630290079784
7726,0.4309322274354279
7727,0.429016215959798
7728,0.4480392721153509
7729,0.5283026685635083
7730,0.44526693224611336
7731,0.42509631997117525
7732,0.7165050756230215
7733,0.5914067901037722
7734,0.4962325272390116
7735,0.7573194544838295
7736,0.5158950274793828
7737,0.42671049466606775
7738,0.613674550359163
7739,0.6277946065753307
7740,0.5409571747367075
7741,0.6435151419554577
7742,0.6822165877782057
7743,0.5638105461195154
7744,0.5104970920646809
7745,0.5866565037134821
7746,0.5325873376042353
7747,0.48921546287255024
7748,0.5845876624475239
7749,0.5202276302831277
7750,0.522447197808331
7751,0.58663969367198
7752,0.49586472872521253
7753,0.4570503238622241
7754,0.33406953395945665
7755,0.3425989173401044
7756,0.5176409824268793
7757,0.4269367473405692
7758,0.5831263048866359
7759,0.6930582715915053
7760,0.5534926919569023
7761,0.44187995088785165
7762,0.6944052576536139
7763,0.7261475342355657
7764,0.46517102086222445
7765,0.41472839256402705
7766,0.5121233246922838
7767,0.6414816516480762
7768,0.5468479081763906
7769,0.6036834143253201
7770,0.8053030140237241
7771,0.4247118419713671
7772,0.504407873062966
7773,0.3391732587995878
7774,0.4762819839390471
7775,0.5075059596578549
7776,0.4299417458218061
7777,0.609454984867403
7778,0.5205874550408764
7779,0.5543290162404914
7780,0.5512012292060157
7781,0.4613656352634328
7782,0.5748553045344629
7783,0.4846503559877616
7784,0.6441084846365902
7785,0.3246492809501401
7786,0.6238218175317158
7787,0.4820160446573354
7788,0.45052755208029904
7789,0.3685944851116465
7790,0.4112090243466773
7791,0.49657132009461813
7792,0.4932766591177407
7793,0.4420366552317512
7794,0.544858333861344
7795,0.535029117912997
7796,0.4587940111722098
7797,0.5687374009819431
7798,0.34827741872571094
7799,0.47956267413877884
7800,0.5023711289523802
7801,0.6965300894592964
7802,0.402234234153401
7803,0.5539427445938446
7804,0.6354769891292125
7805,0.3921811476638064
7806,0.7320658958289864
7807,0.43599350884812804
7808,0.5657090919842568
7809,0.39437426227076855
7810,0.4587534126923973
7811,0.475380431782073
7812,0.4764344169482354
7813,0.5430456885573369
7814,0.49409668900247633
7815,0.3760359760823204
7816,0.5089815170842745
7817,0.7016878838126942
7818,0.5857787546302845
7819,0.6157929205783957
7820,0.5447866196475376
7821,0.5322398517778633
7822,0.8611266274400238
7823,0.5646445057449934
7824,0.5838091269614962
7825,0.48575103351105736
7826,0.41537492691788225
7827,0.43299945695228115
7828,0.3970177004454762
7829,0.5550467215425915
7830,0.3562702354304379
7831,0.5185360722711428
7832,0.5287095152716517
7833,0.33270623588401216
7834,0.5407422224226324
7835,0.46370120774436935
7836,0.4252605828083691
7837,0.6701374609378646
7838,0.653896152652601
7839,0.614091695431123
7840,0.5473250400132206
7841,0.4340066332972198
7842,0.46864537716643023
7843,0.4951550125568879
7844,0.4750174913712986
7845,0.5746791288474202
7846,0.4439796440715425
7847,0.506660234326366
7848,0.608759288672234
7849,0.376675736265147
7850,0.574374892260189
7851,0.377265825792955
7852,0.3425054735956159
7853,0.43987178630599744
7854,0.7259658739462157
7855,0.6257122818294608
7856,0.5819503099422662
7857,0.5226829761121543
7858,0.6001028025979198
7859,0.5546162070989396
7860,0.42439811810533307
7861,0.6110290890769484
7862,0.6081130299616515
7863,0.5413212168963125
7864,0.7042370987997056
7865,0.5132411625298969
7866,0.5989764675914675
7867,0.43796676802927337
7868,0.7396577606522421
7869,0.6296532601379957
7870,0.5673555234756911
7871,0.3974457449378426
7872,0.43896820071754095
7873,0.414903688028459
7874,0.5306703693730869
7875,0.4081942024543685
7876,0.4877643417815074
7877,0.45333514684838905
7878,0.542659216676899
7879,0.4161337500755812
7880,0.49775426789328214
7881,0.47022665316173495
7882,0.7582842787019524
7883,0.4474807636049208
7884,0.47895578240644326
7885,0.6190308032930588
7886,0.5297352826655248
7887,0.508399268427617
7888,0.5982504158504132
7889,0.5439254887571484
7890,0.5344205400500072
7891,0.3817625866793182
7892,0.651790297401492
7893,0.5612274114414115
7894,0.7172690075043506
7895,0.4277687122607677
7896,0.41826360440512755
7897,0.5274864530904656
7898,0.5014240857664982
7899,0.30487833166546485
7900,0.5791895466530746
7901,0.574925764539152
7902,0.5077266978996642
7903,0.6442888511835732
7904,0.5815650119979592
7905,0.4900776523431383
7906,0.44461742892137207
7907,0.7255578450792853
7908,0.47978782447568935
7909,0.6709382468725698
7910,0.48593904717345915
7911,0.4477739778726546
7912,0.7040281632199954
7913,0.4336747294684351
7914,0.4975570710212614
7915,0.6824069941303799
7916,0.6452732677653055
7917,0.481301025328837
7918,0.42221073098506917
7919,0.573886864787773
7920,0.729181826040012
7921,0.42345806224517063
7922,0.45905630093649386
7923,0.589573999747026
7924,0.41553759870237467
7925,0.492078711659694
7926,0.5124537665587934
7927,0.46726142936541437
7928,0.3868799151137027
7929,0.5072208530028464
7930,0.6396209315065398
7931,0.48269611890874814
7932,0.7363389209564084
7933,0.5318665138965291
7934,0.4371578258479223
7935,0.5046280115137977
7936,0.45949730465296595
7937,0.5809659536813211
7938,0.5641544773650409
7939,0.4962020753326701
7940,0.44116878258824604
7941,0.4553731233713581
7942,0.5078031111047676
7943,0.5596471902365522
7944,0.7339040745752081
7945,0.38780515870131427
7946,0.5863687436901862
7947,0.5283269889670286
7948,0.529110343628197
7949,0.663631425421195
7950,0.41738543968356745
7951,0.5969231459394005
7952,0.4122592708921871
7953,0.42369829181552593
7954,0.404621115171632
7955,0.4972096725772984
7956,0.46933098349067254
7957,0.597109990421449
7958,0.6193003619266321
7959,0.4973778897315891
7960,0.4391420913767893
7961,0.6057188872241845
7962,0.6092442851159028
7963,0.45191327796940306
7964,0.37190743722555897
7965,0.5663683851033416
7966,0.5026545959317019
7967,0.4846851313684613
7968,0.664921093293514
7969,0.504230952992272
7970,0.48554581324861107
7971,0.5171192475794946
7972,0.5511962919201573
7973,0.5366430320614874
7974,0.5520457797533006
7975,0.5989452809611052
7976,0.4257290560911201
7977,0.5489711600070161
7978,0.5366662991544121
7979,0.5250980717306271
7980,0.35867987612920027
7981,0.46807948447524006
7982,0.5497325026869709
7983,0.4680133486415829
7984,0.5561414199239405
7985,0.47789734467885053
7986,0.6746392680494098
7987,0.6463863168231636
7988,0.44789545262175784
7989,0.6763298401919148
7990,0.7438201601991316
7991,0.44905460172530587
7992,0.4849814666246088
7993,0.3486422792388634
7994,0.6067975066550131
7995,0.45951513763303914
7996,0.5971006795622262
7997,0.5229609178250527
7998,0.488324368808748
7999,0.4417087888510861
8000,0.3970659739140686
8001,0.4556823700844643
8002,0.47305181593863666
8003,0.5284957253448923
8004,0.47086378209613416
8005,0.46768050149038404
8006,0.7017730774175592
8007,0.4612917343424139
8008,0.5021813654348876
8009,0.6115470102411666
8010,0.5566795890657023
8011,0.5192506445085087
8012,0.46472884017411875
8013,0.5613566569086619
8014,0.7333200140654685
8015,0.6262740988763562
8016,0.438934722721701
8017,0.6737579941674898
8018,0.514358409347435
8019,0.5355693340273785
8020,0.4491441183962393
8021,0.4834089753991876
8022,0.41784274071184485
8023,0.49459574231914605
8024,0.504138811080233
8025,0.47418714711020477
8026,0.4490197077915072
8027,0.6558689578176026
8028,0.5048682599482839
8029,0.6282927014752712
8030,0.40025677129961423
8031,0.48990857026156576
8032,0.48501173802495634
8033,0.509497895235793
8034,0.5126148442313928
8035,0.5078635043180241
8036,0.45093848214496823
8037,0.5496301101227522
8038,0.509373207828298
8039,0.47820642898997456
8040,0.49200533630191556
8041,0.4994220542196725
8042,0.5371515883730625
8043,0.5324846139352146
8044,0.5454691788013731
8045,0.31359891575806786
8046,0.46922443897308497
8047,0.44494517741917805
8048,0.47559870186335157
8049,0.5017612172113787
8050,0.48534578018378977
8051,0.49961407562572724
8052,0.5847499623814257
8053,0.4968613792562499
8054,0.47211648384827
8055,0.3261237247079214
8056,0.74250210784264
8057,0.4299935882810538
8058,0.7313218397788481
8059,0.5242718725628184
8060,0.5939003737002782
8061,0.5067876625244586
8062,0.43580067704933967
8063,0.49645691868130026
8064,0.5722118086802294
8065,0.5014526142731062
8066,0.5903363170463249
8067,0.6347501138355479
8068,0.32513841531250465
8069,0.49215738359655714
8070,0.485639572081071
8071,0.4720452034700355
8072,0.41640876317286135
8073,0.5969700549265827
8074,0.5263857926093336
8075,0.522708336862613
8076,0.5294405588748463
8077,0.48127303364928026
8078,0.43195234854333375
8079,0.4552679348210764
8080,0.3077124007078605
8081,0.6113780509046076
8082,0.5101530111616344
8083,0.5203918217022196
8084,0.7069401924180537
8085,0.48815198810033256
8086,0.6042141423427212
8087,0.5406499291976045
8088,0.6594741716722875
8089,0.5457052929726652
8090,0.3596078716737575
8091,0.5367902652182406
8092,0.4499396198433565
8093,0.32063198435227563
8094,0.6568226356510943
8095,0.4473398570613526
8096,0.4196727261135812
8097,0.4815325074084589
8098,0.6465128371632065
8099,0.47086283777220095
8100,0.516422447995515
8101,0.4161166127618701
8102,0.49025051490078086
8103,0.4248882399003552
8104,0.5743445306360703
8105,0.5647409269042347
8106,0.5395749431025944
8107,0.5670209078192984
8108,0.47927620292145673
8109,0.5578965938816437
8110,0.7092526450224528
8111,0.4347898159683893
8112,0.6054935496825633
8113,0.5938962353547136
8114,0.43431898911926614
8115,0.7018059185012645
8116,0.5755105576480568
8117,0.4248010865876637
8118,0.5220596967157355
8119,0.5664063805894994
8120,0.4595601020622934
8121,0.4434042231477139
8122,0.38976790976234144
8123,0.7814985410516919
8124,0.61411783127212
8125,0.508934629716417
8126,0.49829024869504235
8127,0.5078242398818371
8128,0.4191253263061476
8129,0.4619155173184661
8130,0.4183505476345101
8131,0.7606797702478446
8132,0.37078071756879616
8133,0.44311177629743587
8134,0.29525649475709936
8135,0.4688491248620803
8136,0.43084366939602803
8137,0.6320764220914893
8138,0.4634338920638224
8139,0.4194268126065297
8140,0.6008453788166626
8141,0.4615190259116101
8142,0.7576100460868278
8143,0.4635912972340246
8144,0.45932523751785953
8145,0.6370660233863338
8146,0.4795046654539515
8147,0.4892064859196059
8148,0.433326358643104
8149,0.5538135103960309
8150,0.5957974312174489
8151,0.5136034126628479
8152,0.39526162846436697
8153,0.7769962028189968
8154,0.5608201671198904
8155,0.40529452250754194
8156,0.4749628290185548
8157,0.40398903496943755
8158,0.6499150077058093
8159,0.5285504305675973
8160,0.5706808089720747
8161,0.5240045198323485
8162,0.48987454882600756
8163,0.4742325055874077
8164,0.6138629428124974
8165,0.666122588714244
8166,0.433720194780233
8167,0.5869431378584147
8168,0.5644303432337385
8169,0.4250841265363866
8170,0.387281569936736
8171,0.4383229711224698
8172,0.6447680519792061
8173,0.3926700477309989
8174,0.5091123959392335
8175,0.5483776155234532
8176,0.4894781115093468
8177,0.5629028078428902
8178,0.6577010236780296
8179,0.5899576428224907
8180,0.5215079305391418
8181,0.5364526096789237
8182,0.38031465728812275
8183,0.6291030442299657
8184,0.6025952476195869
8185,0.3881615194839496
8186,0.6283482511794133
8187,0.46943506376803407
8188,0.5077851136529073
8189,0.6943577322971831
8190,0.44459389345393197
8191,0.49564311756998797
8192,0.6400770429309751
8193,0.6706071960641538
8194,0.6232033186188688
8195,0.4458115711889695
8196,0.40649690207496697
8197,0.5904643348840992
8198,0.6328651140210712
8199,0.4885733419100588
8200,0.5195746868562401
8201,0.8503037808745395
8202,0.5100296037920831
8203,0.4818217711634529
8204,0.6468572098064349
8205,0.8714442025962668
8206,0.47994554226649894
8207,0.5703649810369475
8208,0.49460813700793305
8209,0.481482400489792
8210,0.5002183992441468
8211,0.3434051850037286
8212,0.42405451855956433
8213,0.5053931485456441
8214,0.4851480388116881
8215,0.40442293417184577
8216,0.7278108206570121
8217,0.4397346086216466
8218,0.5191167687971613
8219,0.5400276334820775
8220,0.5165581564968984
8221,0.5774674087531694
8222,0.5219930309954154
8223,0.6397586210912632
8224,0.6469050492089128
8225,0.4383253624893199
8226,0.5610664574635813
8227,0.498738848696261
8228,0.5115085350887697
8229,0.4382721894804921
8230,0.5607400358682736
8231,0.45691540501513067
8232,0.46860966849211544
8233,0.4914931035812877
8234,0.41369580835400005
8235,0.43963672519063124
8236,0.46197830307664145
8237,0.5923368765222206
8238,0.49745113512322253
8239,0.5276246687333935
8240,0.4128053697232375
8241,0.7356893473742522
8242,0.5442597065119639
8243,0.5032386813383619
8244,0.6378741166521501
8245,0.4158534873881094
8246,0.42340589920688776
8247,0.4938541853342737
8248,0.3851139127704249
8249,0.394954972842225
8250,0.5001921510047354
8251,0.40495369580278867
8252,0.46857991059437365
8253,0.4638481626089551
8254,0.5744292732139593
8255,0.6359387709575627
8256,0.5584566447512883
8257,0.5688586897009336
8258,0.5167719771825671
8259,0.6119872287188923
8260,0.5575925862382259
8261,0.603073490217265
8262,0.5822284938080746
8263,0.5196972597416217
8264,0.5688541877321682
8265,0.535390590162049
8266,0.4250257027135965
8267,0.4356929205046679
8268,0.4250712626912173
8269,0.40192220852834815
8270,0.5236981953860613
8271,0.4428487661621112
8272,0.5516881952113104
8273,0.4520521482881965
8274,0.3669428799287914
8275,0.43446219575360073
8276,0.6982956087027572
8277,0.561402083073756
8278,0.4998619056510183
8279,0.5453792151571045
8280,0.494472332555978
8281,0.5575101341724443
8282,0.4206858304223581
8283,0.4376761082276937
8284,0.4712081006829865
8285,0.3953493214869653
8286,0.3537827627918149
8287,0.45626685930552424
8288,0.425639051815662
8289,0.5167194556432435
8290,0.44031211645870816
8291,0.5499153163305511
8292,0.6315492751590265
8293,0.6974966949984623
8294,0.4748819775914523
8295,0.5111871230256917
8296,0.5340728394539175
8297,0.5778969661033512
8298,0.4256246925335052
8299,0.596106719605856
8300,0.6383594919665749
8301,0.459372460180949
8302,0.5634525338701516
8303,0.499359416631674
8304,0.509751171686906
8305,0.47268967170194875
8306,0.6224853850926835
8307,0.5461045483205802
8308,0.4992859015066066
8309,0.5813748103691928
8310,0.33847735676190754
8311,0.4442244104011208
8312,0.4306548126862085
8313,0.48259551290140645
8314,0.6842127991351805
8315,0.5307649044949332
8316,0.4290578411407927
8317,0.5199470308287453
8318,0.44967146517697953
8319,0.6694857945024899
8320,0.5216103875842906
8321,0.5407911610033581
8322,0.3076552687527665
8323,0.4888649559307305
8324,0.5770508023342737
8325,0.5023405978720122
8326,0.6075268700212227
8327,0.5990875216501639
8328,0.45899393312037307
8329,0.3907518473699048
8330,0.41568377488683483
8331,0.44072234524014897
8332,0.4926964649902732
8333,0.49027219371532904
8334,0.5904341394957456
8335,0.43942519175935824
8336,0.532966512054404
8337,0.5531049432081502
8338,0.5997367618172513
8339,0.6749776997755631
8340,0.30223459120871
8341,0.4151723300865202
8342,0.6178962596943921
8343,0.44556970450912
8344,0.4827715274710034
8345,0.5385805075757375
8346,0.5727246700917498
8347,0.49552116765753684
8348,0.7446432732612025
8349,0.45964014571486256
8350,0.4328559124714654
8351,0.3691794601150123
8352,0.45599107500274094
8353,0.4539753961840908
8354,0.7451630283412853
8355,0.5771486232723421
8356,0.6470438311730597
8357,0.5928670453849626
8358,0.6246380145430136
8359,0.3002891375627859
8360,0.4757169508824564
8361,0.686152390035783
8362,0.636422111036531
8363,0.4573651324112541
8364,0.3322666527494108
8365,0.5389854790732672
8366,0.6601106136777108
8367,0.5897563093193041
8368,0.5660648808457099
8369,0.320615805030665
8370,0.5288684471747558
8371,0.5292154991892745
8372,0.5144737003482676
8373,0.3697732266195367
8374,0.5948019805328115
8375,0.6972711496822572
8376,0.4837249502489296
8377,0.5906316001709108
8378,0.47154782948841395
8379,0.4902056025853338
8380,0.6533398551794616
8381,0.5835905629941239
8382,0.6755821730796643
8383,0.578086379552461
8384,0.5714689083122708
8385,0.7024906725327333
8386,0.6889527735826813
8387,0.4581335099660913
8388,0.527308221961906
8389,0.3340883125662775
8390,0.5544554457755266
8391,0.835334980277112
8392,0.6911926735171705
8393,0.544817700391969
8394,0.5549772132288385
8395,0.6036832523158224
8396,0.7111792296862176
8397,0.4872766452024341
8398,0.5203240342942924
8399,0.4549842327142049
8400,0.4899537541635291
8401,0.4510464934817282
8402,0.5101133736699996
8403,0.5121166259654615
8404,0.37568986521473435
8405,0.46303280392242974
8406,0.6687594992845883
8407,0.7020382727936246
8408,0.5245915466329636
8409,0.6362948788482474
8410,0.5028346388178341
8411,0.5679156181816153
8412,0.3415747590322322
8413,0.5422176592612878
8414,0.5260537944472883
8415,0.6384560356751627
8416,0.370417020346805
8417,0.5048127517478029
8418,0.441835867307007
8419,0.49390229718732476
8420,0.5489132526229765
8421,0.5375548667665638
8422,0.501461260996901
8423,0.47379081498614717
8424,0.5516140456648492
8425,0.6886705178536179
8426,0.4639229111674167
8427,0.7388221569242794
8428,0.48939382729580105
8429,0.6432602383424444
8430,0.4249867014144007
8431,0.48579640683174996
8432,0.5597984295535907
8433,0.38574655614969444
8434,0.5377737427817925
8435,0.8099805640108688
8436,0.4254672767310096
8437,0.5666045348672553
8438,0.5394346699592845
8439,0.4914235810745422
8440,0.3590633527488769
8441,0.6122023021234028
8442,0.529705143560391
8443,0.5778550751471196
8444,0.46496211038331625
8445,0.5740273682851595
8446,0.47946290466167646
8447,0.44363894070328763
8448,0.5754592431800022
8449,0.5124446030173443
8450,0.447478458359249
8451,0.543504075172257
8452,0.47256233090382394
8453,0.5039086410123449
8454,0.6298560559338979
8455,0.6270927806872443
8456,0.5266239405965114
8457,0.51530273261913
8458,0.4391676879769931
8459,0.5010633723302544
8460,0.6668403206602127
8461,0.5379399893120739
8462,0.5305243392639001
8463,0.4845149070118766
8464,0.4539798185977436
8465,0.6094059591998033
8466,0.5940093506636335
8467,0.48811982425317835
8468,0.3944073416044465
8469,0.5300907256391086
8470,0.48168628745980085
8471,0.7893786988860767
8472,0.6173742883628018
8473,0.7065193615694585
8474,0.6183637401158167
8475,0.4871542669401797
8476,0.5506087600813501
8477,0.5296124335284614
8478,0.5819279156205559
8479,0.2928598776737581
8480,0.5291431713924879
8481,0.5639442954036964
8482,0.4491187651197433
8483,0.3905259624977364
8484,0.5527792928161297
8485,0.35555307616649795
8486,0.8208377678735019
8487,0.5563720751726383
8488,0.335779557035615
8489,0.5257590119533813
8490,0.6779908927972436
8491,0.47753952867273797
8492,0.3693777376299747
8493,0.5060616712422106
8494,0.40497782059672993
8495,0.5417451727722276
8496,0.3997463126681038
8497,0.5080177903483685
8498,0.42107072836318965
8499,0.6365041881646657
8500,0.5526417350033779
8501,0.4525293206264201
8502,0.48048529441254456
8503,0.5062010331731335
8504,0.4983784388425749
8505,0.47080646549282
8506,0.4912452576662582
8507,0.5349420503334664
8508,0.6729454548508247
8509,0.49533228873465474
8510,0.42116801894835465
8511,0.5233489739798359
8512,0.7297736428952848
8513,0.5463799242369151
8514,0.49087117187009444
8515,0.4629381594643272
8516,0.5459936270446104
8517,0.5966668322146816
8518,0.4524087928697426
8519,0.6273002504968765
8520,0.5275181144741972
8521,0.4350886170203181
8522,0.412592876318781
8523,0.4968358025480619
8524,0.5563469210620478
8525,0.42671526804011195
8526,0.3757412952904299
8527,0.587492698127077
8528,0.5329326538207305
8529,0.5916086106378321
8530,0.5572219266627942
8531,0.46129429483336665
8532,0.5997264291254414
8533,0.5068535061530872
8534,0.5007122566125671
8535,0.5333591558326554
8536,0.5454603906085316
8537,0.5674925597251858
8538,0.5607630103924054
8539,0.38870556215842267
8540,0.5373652438403433
8541,0.6784269456728542
8542,0.5878371768643055
8543,0.5768305963535327
8544,0.47908005188876296
8545,0.5402296052716105
8546,0.3841953881160176
8547,0.40472731766770986
8548,0.6130482809046954
8549,0.44834790933107194
8550,0.38714871054328925
8551,0.3625206477522589
8552,0.703138718689182
8553,0.526004075752809
8554,0.5106246005477125
8555,0.6268561046284298
8556,0.6778605579910439
8557,0.5281322888484407
8558,0.4312220895776381
8559,0.5594841575840909
8560,0.5654650146226807
8561,0.5488655799236363
8562,0.5120665458855476
8563,0.6146467089085974
8564,0.5885235047688684
8565,0.4790006200093745
8566,0.5728043178057189
8567,0.5892099106296432
8568,0.5174035848594003
8569,0.6551696516186891
8570,0.5436165419689157
8571,0.49254856063881336
8572,0.5060259194695443
8573,0.685004630073952
8574,0.5809869022986801
8575,0.5068584294923419
8576,0.44608949629040245
8577,0.484290009862626
8578,0.5100497587111573
8579,0.41230303696184867
8580,0.5405943259342528
8581,0.4363910871077078
8582,0.5070187484288441
8583,0.5935185684233059
8584,0.39909842234880155
8585,0.5325801969322906
8586,0.41837729952656905
8587,0.38768431703302275
8588,0.3831872181854814
8589,0.6028730753354671
8590,0.5458333385534057
8591,0.6250399222442246
8592,0.7082599600308153
8593,0.4208140180194486
8594,0.53840399882966
8595,0.45861595501480334
8596,0.5367464734156456
8597,0.6025809440195344
8598,0.3341266089249151
8599,0.7833312894928484
8600,0.509955117833962
8601,0.34911536727715203
8602,0.4594973981624016
8603,0.5196989550496908
8604,0.45096631585991875
8605,0.34582645481735075
8606,0.5250953949007731
8607,0.4855184774779615
8608,0.6304382104048788
8609,0.6449552244796392
8610,0.5865001133948159
8611,0.47327365292478385
8612,0.5506337366081401
8613,0.5107889568101479
8614,0.33211238831304934
8615,0.4879265575994906
8616,0.6085629640040178
8617,0.4653627555289188
8618,0.5419661028576572
8619,0.4400682704774951
8620,0.559278230072866
8621,0.4460084324585923
8622,0.4418006346574131
8623,0.7265465805280726
8624,0.34147744100598654
8625,0.47054473754150655
8626,0.4219157938643189
8627,0.42247413053813854
8628,0.43207131126472853
8629,0.4405305568779535
8630,0.5671243300726938
8631,0.37949752974979933
8632,0.6746727922470324
8633,0.7778781087041637
8634,0.6162833191850003
8635,0.5366172281907634
8636,0.5355747925466099
8637,0.6477917210195788
8638,0.3978070040439564
8639,0.5750929683072914
8640,0.44353027677244716
8641,0.49474165652285473
8642,0.4544826675969835
8643,0.5604563975123825
8644,0.41321415495076086
8645,0.3759939393455256
8646,0.5511132442637098
8647,0.5126903791903739
8648,0.5303175785576674
8649,0.5778669291980388
8650,0.5453281469225225
8651,0.48714411096613536
8652,0.6486642366066669
8653,0.5390716468470856
8654,0.43070393383406647
8655,0.4608829316724006
8656,0.4893673713256735
8657,0.48784106521319603
8658,0.540521263214314
8659,0.4501224168944946
8660,0.5517956529050899
8661,0.5207406800439329
8662,0.4107038779388862
8663,0.5924400117778099
8664,0.519697983890886
8665,0.6891344572561489
8666,0.4324537191352079
8667,0.563466172220416
8668,0.6062667156494077
8669,0.40456509360724685
8670,0.6407043907249631
8671,0.5839517653677047
8672,0.4695974974201782
8673,0.4247046246551286
8674,0.6954350375513245
8675,0.432883798555191
8676,0.408304041368247
8677,0.45850138858412026
8678,0.6269898375433456
8679,0.46687197262275504
8680,0.4782379187332415
8681,0.4023892976951462
8682,0.44230078616389085
8683,0.511449764703567
8684,0.38755615640830465
8685,0.3611801684000655
8686,0.704789319123132
8687,0.5390727700876656
8688,0.6792602449291281
8689,0.4627070165958493
8690,0.5569904144344909
8691,0.5541675889200762
8692,0.45678026380622844
8693,0.5745570905680923
8694,0.5395323780348965
8695,0.6658506854400852
8696,0.5411662262873622
8697,0.4117774571785383
8698,0.48866325236821995
8699,0.47275474712912424
8700,0.47135794517104634
8701,0.41591439228266713
8702,0.6734781021121318
8703,0.5358348649497895
8704,0.40443375198867937
8705,0.4723445554382687
8706,0.526616966675413
8707,0.6161800046788559
8708,0.492231222018804
8709,0.7752639640424115
8710,0.4739802014733105
8711,0.5440295396501674
8712,0.44140889223204727
8713,0.5288108485496532
8714,0.4641245766798235
8715,0.39785630299447167
8716,0.6337350989140614
8717,0.4756361022651019
8718,0.6586707757384367
8719,0.3413784061155746
8720,0.5162411429222111
8721,0.6493420061116415
8722,0.622965082711262
8723,0.5278581108098418
8724,0.4438373922452174
8725,0.5503954031852815
8726,0.4681912667549656
8727,0.5145044635829216
8728,0.650000050108403
8729,0.5648612950936367
8730,0.5625761338116707
8731,0.5330092847062957
8732,0.4676870123665726
8733,0.4720749931302258
8734,0.4066894868018477
8735,0.4779561406953209
8736,0.4840197084157784
8737,0.43820290307174165
8738,0.4012760284101052
8739,0.5831743806965111
8740,0.4763244664058902
8741,0.4025494422574523
8742,0.7663546100423064
8743,0.41131658190892495
8744,0.5123375004948179
8745,0.35244834986953555
8746,0.4828561729157988
8747,0.41199019149334776
8748,0.42191065919379067
8749,0.6094732325783334
8750,0.44055163766692484
8751,0.4238479128496946
8752,0.5563810627990763
8753,0.4722600009203214
8754,0.5636667287146623
8755,0.4191035395054056
8756,0.4392363241152958
8757,0.5059641993627471
8758,0.6346522809750235
8759,0.4951447284002206
8760,0.47304295004035596
8761,0.6093874930714844
8762,0.4947351026364228
8763,0.5330359807535568
8764,0.5209356275273097
8765,0.4989670204035471
8766,0.5008433878056742
8767,0.5014271321293736
8768,0.6836784258747404
8769,0.5176575318387854
8770,0.4495232873954952
8771,0.43566779533963657
8772,0.5470970115870526
8773,0.4723903033022173
8774,0.6030073649546567
8775,0.5683417229906282
8776,0.5877868288751648
8777,0.4759392128177021
8778,0.47639194989236633
8779,0.5473687486827472
8780,0.48118754242881046
8781,0.5306264326135046
8782,0.5237281285473695
8783,0.5189115964503322
8784,0.573338232214548
8785,0.43296110923373
8786,0.4574781989583167
8787,0.41018949132985516
8788,0.4159500646584112
8789,0.5016431814593503
8790,0.3744231289361739
8791,0.4524785060404363
8792,0.5900882334127844
8793,0.46509979978175914
8794,0.5946173279191556
8795,0.43053165582595354
8796,0.5626783848346812
8797,0.48566764707273546
8798,0.5203072140007015
8799,0.33481757113628585
8800,0.5370421383000461
8801,0.48012398234241077
8802,0.5057942273713791
8803,0.565071858360293
8804,0.5064890922171681
8805,0.624001944299587
8806,0.7600361071356829
8807,0.5498781363689409
8808,0.37283229272363017
8809,0.3563352264153906
8810,0.5573740470495749
8811,0.44679827767809466
8812,0.5867266339281654
8813,0.4797489779524095
8814,0.5442120922675392
8815,0.5951737944320482
8816,0.6629203642235166
8817,0.41931002847199217
8818,0.3638569894228303
8819,0.44572080677010617
8820,0.44184684944955477
8821,0.4090819759010894
8822,0.7265956980682482
8823,0.3328124447510298
8824,0.5298800715161472
8825,0.5188089060228486
8826,0.6501662227586943
8827,0.6062348424766284
8828,0.6459053976435679
8829,0.6253195691730202
8830,0.5389328180260757
8831,0.5407032231416828
8832,0.7056700818406115
8833,0.45343412270088496
8834,0.5642094495913385
8835,0.533257961792158
8836,0.5627910030962032
8837,0.3949698645009245
8838,0.7637173350963856
8839,0.5744976378969071
8840,0.513849935040756
8841,0.33113596037151305
8842,0.5905344864524321
8843,0.7329666378445041
8844,0.5571965493494088
8845,0.3346818082341084
8846,0.6545834362971183
8847,0.5576950263200144
8848,0.6584243821483442
8849,0.4720784090911118
8850,0.7241324519902103
8851,0.5225718611432892
8852,0.5119654912523408
8853,0.5360291003546125
8854,0.5595598294743421
8855,0.4572227860720379
8856,0.5139349053547412
8857,0.587714502573036
8858,0.46574356850219184
8859,0.556420055750037
8860,0.5859508135962184
8861,0.7301868269614398
8862,0.4669906746712406
8863,0.5327784977341748
8864,0.60994299809351
8865,0.41384757970482733
8866,0.5024595748151228
8867,0.47772752070777064
8868,0.4533837010163519
8869,0.5195029785060569
8870,0.4921963464338503
8871,0.5080865335070277
8872,0.4643385881702055
8873,0.4846616667372514
8874,0.35702443881695367
8875,0.5706056659941822
8876,0.6737894335517794
8877,0.6206398310430711
8878,0.5776571579735436
8879,0.6845418791191578
8880,0.6374567504936348
8881,0.5274209989454417
8882,0.597846194779857
8883,0.3770501283666563
8884,0.4150337557276587
8885,0.45371660906464834
8886,0.5939928073742607
8887,0.503516028431425
8888,0.48668666001315497
8889,0.4611857515210903
8890,0.4255395298049701
8891,0.5625579024266295
8892,0.3802372963356885
8893,0.4659621713925419
8894,0.5287760281589486
8895,0.38383892094240013
8896,0.5819573617402084
8897,0.5507823540770225
8898,0.555869811341531
8899,0.5331874580379389
8900,0.5469687653453744
8901,0.4603191762864939
8902,0.7201209704867126
8903,0.5179458520247645
8904,0.7539044546357876
8905,0.534399790111366
8906,0.5081309798451474
8907,0.41659297420014735
8908,0.6474756461826928
8909,0.573805501346429
8910,0.6061414314519857
8911,0.5102655321771171
8912,0.40476237943113696
8913,0.36988556797155314
8914,0.4592791007355831
8915,0.48044801764252154
8916,0.5310402744498841
8917,0.5786779770053461
8918,0.5276676975467427
8919,0.6302023843184116
8920,0.458511898146176
8921,0.3766983224452811
8922,0.47672807194074546
8923,0.3400522740508915
8924,0.4248910487944365
8925,0.5337310171387775
8926,0.5365982368860683
8927,0.6307626848411126
8928,0.4710144412042263
8929,0.4547453291940814
8930,0.4434489996417334
8931,0.4700770465864483
8932,0.4694930717340977
8933,0.7050600335559939
8934,0.5566653587915399
8935,0.5247504232983992
8936,0.37069248626404944
8937,0.5354835064925137
8938,0.6331259362793826
8939,0.3522268390482803
8940,0.5949932559620845
8941,0.3974609977317106
8942,0.6197109641673246
8943,0.5685359107619213
8944,0.6319768974813486
8945,0.42740536539174645
8946,0.5017300573787321
8947,0.5566266402079662
8948,0.4480309982319399
8949,0.48789858786468615
8950,0.4975378158194331
8951,0.5821786018873145
8952,0.38240436363402386
8953,0.6435516396766404
8954,0.5078865155366465
8955,0.5349378650156807
8956,0.5620296963778647
8957,0.5478290109203972
8958,0.6301435577685693
8959,0.5212597850162111
8960,0.69455328251302
8961,0.4975930734786728
8962,0.5765881286516937
8963,0.61353405468896
8964,0.6007011512550462
8965,0.6010523187676501
8966,0.3821159383484227
8967,0.3535458916800701
8968,0.5175768254932692
8969,0.5307639715683603
8970,0.7768537960057644
8971,0.5150322011742663
8972,0.5283509024334235
8973,0.5240167289674749
8974,0.6736076855940621
8975,0.4053420466189972
8976,0.3849011381463191
8977,0.38686238923363647
8978,0.5347555411687402
8979,0.5268209893582751
8980,0.6057333201834094
8981,0.5907860926181985
8982,0.5021884603216025
8983,0.4544827189335865
8984,0.4108226479496672
8985,0.4278967862684727
8986,0.6278816444998414
8987,0.4034577503166391
8988,0.35481288443272974
8989,0.5639174090238923
8990,0.5563517236299068
8991,0.49471732275131675
8992,0.3896065210235492
8993,0.6837121785929959
8994,0.4722213031226043
8995,0.7053613937057435
8996,0.5586382525213469
8997,0.6168487724081434
8998,0.6123475436635728
8999,0.396584509036353
9000,0.4322573337183156
9001,0.5396824472989732
9002,0.461484023396668
9003,0.8611325529178446
9004,0.4314948272495279
9005,0.4043478210196781
9006,0.4013997818422661
9007,0.5643499034094159
9008,0.5291172392298936
9009,0.4721125197331424
9010,0.4100568678127345
9011,0.5235298149545695
9012,0.4960949376396981
9013,0.5560627476685395
9014,0.8396231304212347
9015,0.4253700794970462
9016,0.45260765242624257
9017,0.546004040382233
9018,0.49550676695035306
9019,0.37515240719900594
9020,0.5353645994240257
9021,0.6093744762208719
9022,0.5460547435459269
9023,0.6191959480616991
9024,0.5149029245187232
9025,0.39894010236726374
9026,0.5157696193647938
9027,0.5296695928632187
9028,0.41605162071061097
9029,0.5770547616226767
9030,0.39839493090816813
9031,0.4230738686342699
9032,0.46385719856626306
9033,0.6030382446979089
9034,0.6038883148792825
9035,0.5457651874530165
9036,0.5356174545738537
9037,0.5619051512355849
9038,0.60102566709902
9039,0.587933707022587
9040,0.5761744231500091
9041,0.4274436174124374
9042,0.48895855665246984
9043,0.3308524948117859
9044,0.603042352770028
9045,0.47667042825277856
9046,0.36521508491007004
9047,0.6103421918053923
9048,0.5571344838871451
9049,0.4341022590031993
9050,0.456213789514063
9051,0.4062164617926646
9052,0.4825713383125353
9053,0.547938210780123
9054,0.5951679083378009
9055,0.5535143748752938
9056,0.75205111696135
9057,0.5952674568129248
9058,0.5073538607169474
9059,0.4490156824170365
9060,0.5674741189545042
9061,0.5146967833928118
9062,0.6580599909562663
9063,0.46196820805174316
9064,0.6562306496694092
9065,0.5830038075101384
9066,0.48439204285936566
9067,0.4999193217954148
9068,0.4607278362153015
9069,0.6891562269327351
9070,0.45098928588782017
9071,0.6640311464442433
9072,0.5206434296633105
9073,0.6149200459262405
9074,0.3981262652822488
9075,0.6828160829747847
9076,0.4095882103677351
9077,0.48719077850916953
9078,0.4933572363239527
9079,0.39841955175580523
9080,0.5542353547188167
9081,0.5706886498614966
9082,0.4780924283136631
9083,0.5674750722554615
9084,0.4388287218805075
9085,0.7014204697406493
9086,0.49721371836370876
9087,0.7217642458209255
9088,0.5135317486383781
9089,0.6298481582580527
9090,0.6205236150850033
9091,0.4869759277595058
9092,0.4549180841472629
9093,0.5904303755542988
9094,0.4555767667078582
9095,0.6180178970158312
9096,0.48212213942257875
9097,0.4822342393849482
9098,0.6534884561037383
9099,0.6829448151785472
9100,0.6566795750556512
9101,0.593485029247854
9102,0.42760769913455876
9103,0.45875162000876946
9104,0.748575080030304
9105,0.6923297743278101
9106,0.601100874822705
9107,0.7398223936741697
9108,0.5698689507455404
9109,0.49876186293277114
9110,0.5007650258947038
9111,0.5617000332033358
9112,0.6734359067724313
9113,0.5802561659125028
9114,0.614429126746267
9115,0.5225696360429718
9116,0.4531843832683251
9117,0.574066162767379
9118,0.6593301368694131
9119,0.6101169065276887
9120,0.6791974092266062
9121,0.5563778990724665
9122,0.5063817666885697
9123,0.6138424537838482
9124,0.6920928819495294
9125,0.5830590726763607
9126,0.37099930189175206
9127,0.4645153381918334
9128,0.4499820018964257
9129,0.5162809305751569
9130,0.4250932168635794
9131,0.5826489569573612
9132,0.5747049964035964
9133,0.7534001013061116
9134,0.46240264923349145
9135,0.46010420104621397
9136,0.5272263636811738
9137,0.541558762582876
9138,0.6670051742860117
9139,0.497666956924435
9140,0.5988716761760545
9141,0.3569634365345234
9142,0.6529951095697634
9143,0.40948578996475793
9144,0.6550418931410962
9145,0.5494300646009104
9146,0.6000524749553926
9147,0.408277664031801
9148,0.531978644512986
9149,0.5787099071731447
9150,0.5511374540305148
9151,0.5262153893138464
9152,0.34615473548670284
9153,0.550764571635386
9154,0.6381648107301774
9155,0.4947777090089582
9156,0.6050274990889544
9157,0.6266228196426531
9158,0.6510811750968962
9159,0.5105124623390147
9160,0.5307967818303384
9161,0.4839538110283155
9162,0.5975788906902537
9163,0.5160957869824895
9164,0.3477448223723523
9165,0.6078090031603589
9166,0.6494386032736309
9167,0.6120408776850689
9168,0.6057343344516308
9169,0.43550788660574485
9170,0.5451843552636942
9171,0.6340847738950683
9172,0.6669026032581992
9173,0.7235551374456087
9174,0.4855244634054372
9175,0.47149556810441073
9176,0.5293132998117736
9177,0.43567568836508586
9178,0.43012946552276105
9179,0.5488066799400818
9180,0.5619599911506465
9181,0.48618338681976253
9182,0.5576916266901307
9183,0.45288546591162165
9184,0.522287727801048
9185,0.557716189943002
9186,0.4993254874731596
9187,0.3940808649316138
9188,0.42103422321305073
9189,0.44007413782654214
9190,0.6553653065252958
9191,0.5496149541124912
9192,0.5520258702755211
9193,0.5423843956441388
9194,0.5077779714990578
9195,0.6339766503207671
9196,0.6020874886456935
9197,0.4948894992232546
9198,0.4064462100153974
9199,0.43222128869689075
9200,0.6040529090447649
9201,0.7172698894545437
9202,0.4719030191376023
9203,0.5776953331880462
9204,0.6706531604767574
9205,0.5778333128604495
9206,0.46698568515813166
9207,0.547897905888534
9208,0.44489860099486855
9209,0.4575280401758738
9210,0.5235772879156239
9211,0.5680378257707314
9212,0.5114112155729074
9213,0.49542069570564684
9214,0.6592658491028556
9215,0.6215986686188754
9216,0.543516822430443
9217,0.5187181342686005
9218,0.5646800352989901
9219,0.6216952456875717
9220,0.4288729508988473
9221,0.5334373063889294
9222,0.46960263041170514
9223,0.5064739312388291
9224,0.6552031070972302
9225,0.4960496550846461
9226,0.5842972115713938
9227,0.5072198048035885
9228,0.5438952730750486
9229,0.3711338046316793
9230,0.6101201601947704
9231,0.5738868902512959
9232,0.34545850212028884
9233,0.3604659396001816
9234,0.7676121370894556
9235,0.46984292502403463
9236,0.6202773725337448
9237,0.49356254626322327
9238,0.5945212202827355
9239,0.4141463483374857
9240,0.6080959471489251
9241,0.6226651226915481
9242,0.4899355056808026
9243,0.4416703528566331
9244,0.57585828602245
9245,0.39709731345017385
9246,0.47821017615139433
9247,0.5278572923561095
9248,0.5176523959761827
9249,0.322913534690034
9250,0.5495317077869638
9251,0.49518202027156444
9252,0.5394553556249395
9253,0.5093325243175388
9254,0.5786159080119397
9255,0.43738587976588117
9256,0.39173089168489417
9257,0.6004167099914279
9258,0.4174578226153789
9259,0.4392614558451338
9260,0.677419149860003
9261,0.6118061042481175
9262,0.6746091432737436
9263,0.5413877666324323
9264,0.6815251649793052
9265,0.4350821043539284
9266,0.4946759746612177
9267,0.4112408482532775
9268,0.5245544796000453
9269,0.4673856750821752
9270,0.5573778140683167
9271,0.5337236432079545
9272,0.4886288863699961
9273,0.45502797465234884
9274,0.5405327744401071
9275,0.7206853163154935
9276,0.5373876617665394
9277,0.45924894163049074
9278,0.4963856194590003
9279,0.6595381816453929
9280,0.4495980278504616
9281,0.536845565704032
9282,0.5395984644685643
9283,0.5335015986427777
9284,0.7141565045017452
9285,0.5188071865571587
9286,0.504756236642664
9287,0.531070925952287
9288,0.46475611908952474
9289,0.5882776524410143
9290,0.3676784075521611
9291,0.5190871369173028
9292,0.6200996532197145
9293,0.4626411107826132
9294,0.486956993070172
9295,0.5756163470024067
9296,0.5304600491266569
9297,0.5634900733614822
9298,0.41877296791840835
9299,0.46208554317940376
9300,0.43040704716991696
9301,0.5033890064516549
9302,0.5096399216338137
9303,0.434940488462175
9304,0.5630849929534304
9305,0.5011900693578637
9306,0.6011683765578074
9307,0.6846170267397864
9308,0.42800413352999367
9309,0.43752362496245023
9310,0.6251476350774079
9311,0.5392686320468454
9312,0.6212475870688967
9313,0.5243098067909601
9314,0.4596292154499078
9315,0.40367625110030914
9316,0.3960419674382234
9317,0.5588937433464933
9318,0.45277453448246374
9319,0.6134438588983429
9320,0.34785820069796547
9321,0.5314366845808325
9322,0.44826150312958507
9323,0.631234994330728
9324,0.45916052630973014
9325,0.6829594678399789
9326,0.7073935500005027
9327,0.5296082064636572
9328,0.6730150794425042
9329,0.6471038843168166
9330,0.7114631729717746
9331,0.5488689275344096
9332,0.6070253540734312
9333,0.4293036931065316
9334,0.4965921320680368
9335,0.7946672208937895
9336,0.47263547747500584
9337,0.48813882820114557
9338,0.3304436645537473
9339,0.4691081256255587
9340,0.4586816120798948
9341,0.5183706970122272
9342,0.5109190660758456
9343,0.4898863691794241
9344,0.4202544486528298
9345,0.4284346671916706
9346,0.4411541271558783
9347,0.7338970902403746
9348,0.7273726737533657
9349,0.36835439401191683
9350,0.5208091084993975
9351,0.6527747340223414
9352,0.35781058401451815
9353,0.5010459591817122
9354,0.5432249844078945
9355,0.4748692021316926
9356,0.5301902026732364
9357,0.5758234853112156
9358,0.653528092029216
9359,0.5597128466750942
9360,0.3758570084068319
9361,0.48708472519595025
9362,0.47905045181603123
9363,0.6399129114927826
9364,0.2887905330956439
9365,0.6024737548531732
9366,0.3601488542644672
9367,0.40995998824781676
9368,0.5560337604174191
9369,0.4977252725029534
9370,0.36660027478720963
9371,0.4984008712668504
9372,0.7222123695287728
9373,0.3578184345059442
9374,0.5254905835738901
9375,0.7471193788723639
9376,0.5334121398147096
9377,0.6796266232177085
9378,0.41583069205787404
9379,0.7262191856808404
9380,0.6814311342039697
9381,0.5525923652646826
9382,0.35787518733873136
9383,0.46079602245605
9384,0.5508548116587909
9385,0.5592877316608782
9386,0.5705248722247436
9387,0.4614762366277468
9388,0.5611279479386433
9389,0.7853943770917964
9390,0.5144191561715098
9391,0.5441125122719424
9392,0.6229288141138816
9393,0.6750575869808799
9394,0.5159874034944993
9395,0.4754347435912413
9396,0.5323100084259397
9397,0.5331261454651133
9398,0.45696321941801443
9399,0.4819963536205082
9400,0.507486246596118
9401,0.561962991196276
9402,0.6507367329674391
9403,0.5283213828232796
9404,0.676163777731816
9405,0.585374389578504
9406,0.4617442353494834
9407,0.5437008728638651
9408,0.380326194598563
9409,0.32435641427038864
9410,0.5566689303253114
9411,0.43994856323923326
9412,0.350103335306165
9413,0.49236134279610577
9414,0.5839638288355855
9415,0.5141117731204591
9416,0.7149255058488719
9417,0.6029319771457036
9418,0.43900870303263334
9419,0.5746180232506128
9420,0.5296305759748505
9421,0.4167741010829525
9422,0.47864141405545846
9423,0.5286569314030958
9424,0.45761553849337266
9425,0.5672828798709038
9426,0.5059395926898925
9427,0.4842006687053495
9428,0.5535428040238127
9429,0.4270732149973564
9430,0.4878933379864319
9431,0.41331262669237234
9432,0.5509012549725868
9433,0.6792027387406387
9434,0.4445698652522939
9435,0.7641508375085821
9436,0.49069130823653495
9437,0.577154307968132
9438,0.5228495486116588
9439,0.5053910152450014
9440,0.4373032695632152
9441,0.5539126310289811
9442,0.5158763725198638
9443,0.36999827876656655
9444,0.44240960865438456
9445,0.679762086815313
9446,0.48793333112586795
9447,0.6095297118240355
9448,0.6230215877362609
9449,0.34826775540471466
9450,0.5474385818541455
9451,0.42609721484575835
9452,0.5945582671349572
9453,0.5533275063283428
9454,0.6716705737108585
9455,0.4327339886790099
9456,0.6113845610935791
9457,0.4017466918803563
9458,0.4048455003774633
9459,0.581119835384133
9460,0.5416413116139223
9461,0.6053729960570153
9462,0.7156969413436473
9463,0.44897112474901135
9464,0.605215385051096
9465,0.4712630107060741
9466,0.6662458199521837
9467,0.5632301403335527
9468,0.6207692229266146
9469,0.4942241771227318
9470,0.8331807945782692
9471,0.7293161581683562
9472,0.4452052754595639
9473,0.7308869620663355
9474,0.4886033315612366
9475,0.44298251903542674
9476,0.5383091821052741
9477,0.46501236407111535
9478,0.7743836554665204
9479,0.5253025716319032
9480,0.5063430116990006
9481,0.5591576072766108
9482,0.7309832246567755
9483,0.560516406273726
9484,0.4450150232426111
9485,0.3854485783224919
9486,0.5968020279873502
9487,0.5843908161718897
9488,0.7091762585255602
9489,0.6248400373446661
9490,0.4891193993014201
9491,0.6250620783887413
9492,0.6807765648270339
9493,0.510660070363609
9494,0.5603581961958485
9495,0.6363613776820912
9496,0.528180003155777
9497,0.57182994480439
9498,0.5723610017652071
9499,0.48539553863682144
9500,0.7368990227531218
9501,0.4504393738919974
9502,0.43920363452568084
9503,0.5464099531009798
9504,0.4593791836050969
9505,0.3874827139171969
9506,0.41344030324644604
9507,0.5728503159416685
9508,0.5355760411305392
9509,0.4786335552918093
9510,0.5521894354707979
9511,0.6754444088691948
9512,0.4118447184274785
9513,0.6668544649084889
9514,0.5251134538429703
9515,0.35105845280297926
9516,0.47768250006446206
9517,0.6273527277745239
9518,0.5005666295975641
9519,0.6143891888341679
9520,0.6170543586072978
9521,0.6912459275014616
9522,0.5779019239178756
9523,0.7585679423223718
9524,0.6712603290347943
9525,0.40047929924778647
9526,0.5031504339153815
9527,0.6191323172810336
9528,0.6788084739371107
9529,0.504933220658271
9530,0.6520618442073344
9531,0.47754797761263057
9532,0.5099656287425333
9533,0.6516255619648522
9534,0.4117931454076586
9535,0.4527633299343947
9536,0.7367916891836923
9537,0.42192385289463064
9538,0.5053512297955493
9539,0.3687035913142681
9540,0.431857386178938
9541,0.4748469865597114
9542,0.5674711258255518
9543,0.5007705470201452
9544,0.6540134015301624
9545,0.42127939721465313
9546,0.48331087466134126
9547,0.5308479252368974
9548,0.37911307804987815
9549,0.46235724037259485
9550,0.5654074911159316
9551,0.5688465842799866
9552,0.46007998617585855
9553,0.48123808020086667
9554,0.5630030673604275
9555,0.7360416656463301
9556,0.43604721222579956
9557,0.3945008702075592
9558,0.4445435544584056
9559,0.4387662987897174
9560,0.5490378123484695
9561,0.4383499615163784
9562,0.5498680351710853
9563,0.536450521875739
9564,0.5838298655240608
9565,0.3064292330970839
9566,0.5515797753262435
9567,0.748596915653283
9568,0.49621696998989073
9569,0.5423908180892197
9570,0.4968083963322192
9571,0.5467470425893095
9572,0.4801505032793425
9573,0.6662984492132923
9574,0.554786525420773
9575,0.46466593692082264
9576,0.6523850175261731
9577,0.5097346514897199
9578,0.5492065246864065
9579,0.5555099071555614
9580,0.5742552042702275
9581,0.5077493763282743
9582,0.4934328956591189
9583,0.6610599586919642
9584,0.4292675378052533
9585,0.4882443579319539
9586,0.4385832395560964
9587,0.33649769366862314
9588,0.461606952216442
9589,0.5049489834766274
9590,0.48196778689390574
9591,0.5336400756741712
9592,0.3885560533524626
9593,0.5315591659076516
9594,0.4957756866267435
9595,0.7315834492516654
9596,0.5953203277359119
9597,0.4471786999337989
9598,0.6153441420616843
9599,0.6959775373046164
9600,0.41801404694547933
9601,0.6006673297480456
9602,0.6394871170254746
9603,0.5476396678214108
9604,0.264852062432472
9605,0.537345186866933
9606,0.5104587589870413
9607,0.7400227417692062
9608,0.4860264184998789
9609,0.4705026565943412
9610,0.41718020254881505
9611,0.5061603908715372
9612,0.5947443724642903
9613,0.4977975096515792
9614,0.5574364486003842
9615,0.48685336092681414
9616,0.3000539248392453
9617,0.500944822483824
9618,0.6704474624463514
9619,0.5968491846678204
9620,0.5429986186926863
9621,0.6178892449381009
9622,0.6343996762453643
9623,0.40156437272716705
9624,0.5142200861575316
9625,0.370218890852764
9626,0.5053809156808032
9627,0.5082797656742145
9628,0.5970246556457978
9629,0.4149383650542605
9630,0.554213255288421
9631,0.4099498301003984
9632,0.4164212831534818
9633,0.4548673521663845
9634,0.3252333797067091
9635,0.4645445000366415
9636,0.5822742910599287
9637,0.5701482540739133
9638,0.591152698911805
9639,0.3726396358909483
9640,0.4756034914459071
9641,0.44749313445358174
9642,0.41587176364158795
9643,0.6429637489210116
9644,0.5053298476234003
9645,0.39969353496794635
9646,0.4052599666590568
9647,0.6075686476480905
9648,0.36104026725261207
9649,0.5392229251011816
9650,0.71620108075985
9651,0.6486649552324466
9652,0.5263216105066473
9653,0.5018200847867405
9654,0.5264417012420823
9655,0.44559117582486457
9656,0.5590717862432648
9657,0.6269883283557692
9658,0.5093672364775735
9659,0.6766196455506711
9660,0.4899737193298679
9661,0.5510922638545035
9662,0.49189567315990934
9663,0.3500533284694794
9664,0.5994397985560144
9665,0.5165727836960252
9666,0.580669732563932
9667,0.46057101173017145
9668,0.5061006608735955
9669,0.5899471807855932
9670,0.39678157745407716
9671,0.3093939089172663
9672,0.5550539639555567
9673,0.5648548366717938
9674,0.47740092458539574
9675,0.5798877555601992
9676,0.6837022182032115
9677,0.524679595165671
9678,0.671918626663028
9679,0.6889024024437649
9680,0.45348856416473465
9681,0.5519908270329789
9682,0.556912174105982
9683,0.7532315246584725
9684,0.5516654839975661
9685,0.473216654647484
9686,0.5317495560016116
9687,0.7726663198842132
9688,0.5264413063720154
9689,0.6488623892150233
9690,0.5922131156461169
9691,0.6556608190540691
9692,0.6107832091331069
9693,0.5365314767460956
9694,0.47960460309927994
9695,0.40438667308146015
9696,0.39155982851169735
9697,0.5685208959434334
9698,0.5078798973798195
9699,0.5255490204335808
9700,0.3931994056434047
9701,0.4795361481610936
9702,0.5085186811801906
9703,0.5188009292422576
9704,0.40943163536308214
9705,0.4971621986476484
9706,0.5527587795926153
9707,0.4750403702712787
9708,0.4502308467675989
9709,0.6017180826348187
9710,0.544703670900563
9711,0.5212156359395511
9712,0.5246350976958631
9713,0.5451029783311984
9714,0.44328465453871446
9715,0.41915236160474384
9716,0.6399844876072884
9717,0.777468496336335
9718,0.4218682851582347
9719,0.639554005482845
9720,0.5437150754756651
9721,0.5077123234634054
9722,0.5402822128046673
9723,0.7080031792028585
9724,0.45388017292641114
9725,0.6349506137282662
9726,0.48527913811977896
9727,0.5088993356096709
9728,0.46499981753821584
9729,0.46896450492487646
9730,0.5309239437026009
9731,0.6116496519651377
9732,0.6460808170293475
9733,0.6314804881000233
9734,0.562716955992904
9735,0.427211355495861
9736,0.6155041243580686
9737,0.6206534581770065
9738,0.6612835492491627
9739,0.49472419863050476
9740,0.5641570866734386
9741,0.457915468486854
9742,0.39061886632168297
9743,0.45750869234728564
9744,0.4733809792654021
9745,0.5035579495230387
9746,0.5314087194701524
9747,0.4253890789269442
9748,0.396157416291386
9749,0.5859568035839333
9750,0.4650787554630412
9751,0.46704594729853854
9752,0.4704081634941451
9753,0.47354418186070624
9754,0.46508296693912277
9755,0.6318915967220876
9756,0.4789303699790701
9757,0.4637686347328285
9758,0.5467902787029102
9759,0.48730604149501916
9760,0.7136160031849298
9761,0.6172713687013318
9762,0.587157525006262
9763,0.5730555340315647
9764,0.6605171565757617
9765,0.4917793369828186
9766,0.5346838533450915
9767,0.35087126408033464
9768,0.5613475781749077
9769,0.4429791853722209
9770,0.5252325974457787
9771,0.37326903087418445
9772,0.49432972509559914
9773,0.5020372363376254
9774,0.6067700245571176
9775,0.5478220119313915
9776,0.5120033790852615
9777,0.38273734867400927
9778,0.32644510127694504
9779,0.5051079116795906
9780,0.4007465776519843
9781,0.5974978492199641
9782,0.4723860278275486
9783,0.5818197115816031
9784,0.5074056463075629
9785,0.5552115685588787
9786,0.42677115368947605
9787,0.5068749380393877
9788,0.6896362601575239
9789,0.5123964029536681
9790,0.5794014321997539
9791,0.35377323084378165
9792,0.34257973190412727
9793,0.48522527482372224
9794,0.5888029260688797
9795,0.5700066659607421
9796,0.7627256270519851
9797,0.40444763929663957
9798,0.45406588361608297
9799,0.4816037445171016
9800,0.5017367884746177
9801,0.42669553767376733
9802,0.4158140592944134
9803,0.5915100114121739
9804,0.5027451521765323
9805,0.49430615302880476
9806,0.4577666683809378
9807,0.4234615610662332
9808,0.4479895688448389
9809,0.4363980717268445
9810,0.4852206495158966
9811,0.46361274077622433
9812,0.5420676238466156
9813,0.5242280846601788
9814,0.40564558683091156
9815,0.49414572641041016
9816,0.5686494421743795
9817,0.4649119740431326
9818,0.5940270128180121
9819,0.49287166249648673
9820,0.4423626401338574
9821,0.594383360463074
9822,0.5653803568542748
9823,0.3838556534397509
9824,0.39271919958655466
9825,0.4720544234589844
9826,0.3852708970101293
9827,0.6028521723156831
9828,0.5710571960392294
9829,0.6329235141385773
9830,0.5640893097085585
9831,0.7083236168864784
9832,0.44367689879097916
9833,0.6984120259622832
9834,0.5039116477541326
9835,0.47985834485120615
9836,0.5203374438132431
9837,0.44143978814472773
9838,0.5527678400517191
9839,0.425274417022264
9840,0.4671300032201477
9841,0.4655107156895168
9842,0.5252163386007324
9843,0.4143075018140008
9844,0.5547585544942939
9845,0.5034052509840723
9846,0.5637474031955152
9847,0.5299651607804486
9848,0.5038056775634445
9849,0.48205544720301574
9850,0.5129596435004654
9851,0.5364451050338612
9852,0.7015553106764509
9853,0.4530122343326901
9854,0.5509575841099044
9855,0.4577014382956649
9856,0.32873950786808287
9857,0.5106023545147138
9858,0.4115829305246194
9859,0.45214670052372624
9860,0.3975668929164803
9861,0.741728919863897
9862,0.49357610069764934
9863,0.7149784328054104
9864,0.5226564758995822
9865,0.45244004313679176
9866,0.49456714227446985
9867,0.7139578423213615
9868,0.44301550687123653
9869,0.5292011607287945
9870,0.5444515308485792
9871,0.5111364104490306
9872,0.48453827873712174
9873,0.537640845443769
9874,0.5396047627153022
9875,0.32064892898053027
9876,0.5147994938175395
9877,0.5644417078479598
9878,0.5752024264457023
9879,0.43925309474268026
9880,0.3019909652285672
9881,0.7114082406086789
9882,0.49491938388650025
9883,0.8211382288887501
9884,0.5791773841493074
9885,0.43715624003692993
9886,0.2885222098825947
9887,0.462652837961637
9888,0.4933183359615557
9889,0.5724818343863732
9890,0.4850329953214183
9891,0.5356052194515314
9892,0.5861194069415067
9893,0.6107075018708832
9894,0.48911526194746463
9895,0.5074013697935565
9896,0.5514758348145861
9897,0.5783619363610374
9898,0.48237797678341565
9899,0.30721270014266144
9900,0.5152230829262509
9901,0.5348782200796733
9902,0.4449922048069272
9903,0.41601736790429744
9904,0.5140273566934164
9905,0.4854676857130315
9906,0.512286567077595
9907,0.37918288969841096
9908,0.32580071549238565
9909,0.5214821018257427
9910,0.5299252985399961
9911,0.5565880423081179
9912,0.43978343702271927
9913,0.5258106107603948
9914,0.5224964223341227
9915,0.45879974792736944
9916,0.45089259270739857
9917,0.4605171930095915
9918,0.6486757342361926
9919,0.49665681604014267
9920,0.6826990991123105
9921,0.5246541989044193
9922,0.4876634474950989
9923,0.45429419875127014
9924,0.6320412755293193
9925,0.6546732527125061
9926,0.48989323326047485
9927,0.5213808106934799
9928,0.5556016745938474
9929,0.33029543838388875
9930,0.6312296887359402
9931,0.5608503764302798
9932,0.44238417569091987
9933,0.5194407153911877
9934,0.5458917103336344
9935,0.4275127931384114
9936,0.5488992765052226
9937,0.553579895996297
9938,0.49973992013950497
9939,0.428723123177244
9940,0.6109418429403668
9941,0.8076096289780772
9942,0.5847716723559299
9943,0.5787593792957209
9944,0.5376575550313093
9945,0.67444920665594
9946,0.41674956622660503
9947,0.36542894651500707
9948,0.4822909492514873
9949,0.5875439103218532
9950,0.2615432912733901
9951,0.54161275967045
9952,0.5791065602647416
9953,0.5822167094465105
9954,0.47229082784791476
9955,0.3513242749059083
9956,0.47189110490513336
9957,0.4162148213554062
9958,0.6919681203802976
9959,0.5761379520081374
9960,0.5161310558618021
9961,0.5114078279560437
9962,0.4100211946158946
9963,0.7209221735572144
9964,0.6452249699127435
9965,0.6619370281066272
9966,0.7207910466773371
9967,0.5926892576178141
9968,0.5304021819672112
9969,0.6099581814811075
9970,0.7612312909968286
9971,0.5075251352097271
9972,0.4871855853060555
9973,0.7596476537288528
9974,0.4381647598646583
9975,0.3465805076496745
9976,0.6285908877232451
9977,0.4999162339890602
9978,0.6235456398660882
9979,0.6389351084810344
9980,0.44828392293457847
9981,0.5126498997191534
9982,0.5764744969122313
9983,0.5758789753459826
9984,0.5584145827437509
9985,0.8551125172132414
9986,0.454689259243043
9987,0.6527545471299641
9988,0.6910391605392562
9989,0.497453158021026
9990,0.5474754688090896
9991,0.4904521581446765
9992,0.6870970419380587
9993,0.46930641526788425
9994,0.42126223110916633
9995,0.4822939528406689
9996,0.4930873617837065
9997,0.7328475211121637
9998,0.5351939725383318
9999,0.4839774707935471
10000,0.43968775799946513
10001,0.4696986504694529
10002,0.39013339610793646
10003,0.4583931987075611
10004,0.43337729524395296
10005,0.5187390806934152
10006,0.6973319711447605
10007,0.47077033118083833
10008,0.2514182682877451
10009,0.39744617336795185
10010,0.4870677429203236
10011,0.44868202566661275
10012,0.45274614809545716
10013,0.5736607757447311
10014,0.6468191899143149
10015,0.49395991516985854
10016,0.5973748085697811
10017,0.44445773780968145
10018,0.47675903388432606
10019,0.5712648036691973
10020,0.6697544207956804
10021,0.41339138752508
10022,0.4806623832755753
10023,0.5046000693834888
10024,0.4214697757293608
10025,0.7647221888125885
10026,0.8064532595694798
10027,0.4505859022101306
10028,0.45107902037034586
10029,0.4888069057957013
10030,0.46773857990881046
10031,0.44583480817348664
10032,0.5812656038330972
10033,0.5466711996413549
10034,0.6393864367902146
10035,0.4801317462441023
10036,0.3852228782194618
10037,0.32524490555133023
10038,0.6704892040705144
10039,0.7668539557621664
10040,0.5210775608526749
10041,0.6679103669687961
10042,0.6333564662678424
10043,0.6193781531882518
10044,0.656046560913494
10045,0.4040101855857888
10046,0.4750940764545617
10047,0.6956967503155559
10048,0.5065435702524594
10049,0.5253943516754543
10050,0.5843612810989935
10051,0.60890937608068
10052,0.628202942655578
10053,0.524162651166479
10054,0.4853953798054686
10055,0.49274911149954614
10056,0.5824332227759735
10057,0.3591565626077643
10058,0.520038410170602
10059,0.5646316540576107
10060,0.6540351404075094
10061,0.36371644288890365
10062,0.5066972541905542
10063,0.5565236950793073
10064,0.6225911592073876
10065,0.5285005141682959
10066,0.682709744610174
10067,0.7116792025462071
10068,0.5194693407161546
10069,0.5937765068129262
10070,0.4793341944830628
10071,0.5684727778062919
10072,0.4966905028375881
10073,0.7203944979493335
10074,0.5135797275258461
10075,0.4728513412491145
10076,0.5514498845692352
10077,0.5492212855857068
10078,0.6263116738686313
10079,0.45893537839421006
10080,0.7107788193511145
10081,0.5059523454212426
10082,0.6488962284038877
10083,0.5051442460820669
10084,0.4941432994398906
10085,0.6355184595132409
10086,0.4826103452508945
10087,0.4941752492187267
10088,0.43184559603619094
10089,0.51725041091979
10090,0.7004526358884382
10091,0.517920141632171
10092,0.42484514627205283
10093,0.5242698380444116
10094,0.5867705398828397
10095,0.3980698255175794
10096,0.46616935302460083
10097,0.567367260911435
10098,0.5248675629060633
10099,0.4827698730888739
10100,0.321569645022448
10101,0.6829228711490912
10102,0.4481834846938968
10103,0.689213195912689
10104,0.5318070078106993
10105,0.47990709808068527
10106,0.45744117737906764
10107,0.47114997290584565
10108,0.5146237740066838
10109,0.4738651317055326
10110,0.5677632790781721
10111,0.5713484473493611
10112,0.466725609843389
10113,0.4897821086821167
10114,0.6233414775203415
10115,0.4483053900621762
10116,0.5505967736015365
10117,0.5684630773856243
10118,0.44448756769920916
10119,0.45720921009221055
10120,0.5773537555380538
10121,0.5365490592716938
10122,0.6751465865275279
10123,0.734281111614251
10124,0.3745487266184546
10125,0.6226176738972914
10126,0.47213629163984083
10127,0.444936941144199
10128,0.46509436665666176
10129,0.5351857216527915
10130,0.4705874058812651
10131,0.48404552410561297
10132,0.5189710861804567
10133,0.8474002427266352
10134,0.35494600944862476
10135,0.49146484594756634
10136,0.4755972301836284
10137,0.5367952881611715
10138,0.37291476116265276
10139,0.5290919487312489
10140,0.4273225541246972
10141,0.6186238892966934
10142,0.7102004850980461
10143,0.41642839184886093
10144,0.5741297206791224
10145,0.48802924587105456
10146,0.37345955660978203
10147,0.41850114481013084
10148,0.5507115593514215
10149,0.4629826261826061
10150,0.4357404446055648
10151,0.5809531009461069
10152,0.6972301514402639
10153,0.6874385307288033
10154,0.490772632253272
10155,0.492476991620361
10156,0.6167852106103111
10157,0.5334014407946669
10158,0.4668595214876026
10159,0.5591204018540429
10160,0.48712841533876555
10161,0.570990134072184
10162,0.4717971949463212
10163,0.6156991608725638
10164,0.5297659309448077
10165,0.41170471324301106
10166,0.5877767896056616
10167,0.6846155822863796
10168,0.6025396300464027
10169,0.6781862752779113
10170,0.5192526021683401
10171,0.502012616294192
10172,0.5195861186482172
10173,0.5150664899809754
10174,0.5682071996551347
10175,0.4164244505951462
10176,0.5599208664179329
10177,0.5576946462766412
10178,0.5748255404234854
10179,0.4551141129036158
10180,0.5243772773095393
10181,0.35294858277204405
10182,0.5783318378520632
10183,0.5363160748443013
10184,0.4147214194614564
10185,0.4062144186524295
10186,0.45517461082352917
10187,0.5872884964159728
10188,0.5791701176408501
10189,0.43687026464422646
10190,0.41045687792940044
10191,0.5559993826868439
10192,0.5802591295433287
10193,0.4832077828764186
10194,0.529729192407441
10195,0.5482181663160176
10196,0.3837340600827416
10197,0.6065767956122485
10198,0.605331603317617
10199,0.39276010493222085
10200,0.39989195199792427
10201,0.4711283878043906
10202,0.528129969142837
10203,0.4605143113958864
10204,0.6055805180633623
10205,0.6075831597474765
10206,0.5741299570744715
10207,0.5293721842449634
10208,0.5972607552542795
10209,0.6393648516556907
10210,0.6605422038389658
10211,0.5514652485972548
10212,0.5315091877658635
10213,0.5088328885206279
10214,0.7847867239339072
10215,0.46834765689656443
10216,0.6682968357761045
10217,0.5148242162749954
10218,0.5275849869491297
10219,0.7088108091025296
10220,0.5169335631785507
10221,0.5449014365670773
10222,0.4744756828656204
10223,0.4825522456922287
10224,0.5754859939399745
10225,0.5405545028775441
10226,0.47516550591902307
10227,0.7052656438238968
10228,0.43712874452527967
10229,0.5157921916796187
10230,0.5559597759741195
10231,0.4322892085484874
10232,0.6813063542333805
10233,0.7204737085719748
10234,0.5338319837682365
10235,0.48910546223453083
10236,0.3936217652221403
10237,0.45772858994621113
10238,0.5889562492019856
10239,0.4487866239887474
10240,0.3936411174837033
10241,0.523675939743754
10242,0.5826677485850054
10243,0.4325129241210572
10244,0.610364143731488
10245,0.5070706141423551
10246,0.5712254294375639
10247,0.7710111096583826
10248,0.5971525121262429
10249,0.6008208469083103
10250,0.4953195190953416
10251,0.5916345323455667
10252,0.6028099016805657
10253,0.46636293019735875
10254,0.5382420499431597
10255,0.4528486610004242
10256,0.6002801042070381
10257,0.4006261987757398
10258,0.3978929042084369
10259,0.47575995327195125
10260,0.6368504455300291
10261,0.4735196528449568
10262,0.6100658233425597
10263,0.5242297759479466
10264,0.45335848066254386
10265,0.6083668862028435
10266,0.6111322389356029
10267,0.5129458429762398
10268,0.53458653660243
10269,0.5852410956871513
10270,0.49655776481934827
10271,0.5155702601097475
10272,0.44238130171859413
10273,0.6877123843966635
10274,0.4954233503509663
10275,0.5653607971626243
10276,0.6704616138749746
10277,0.5684970685808498
10278,0.598053668104801
10279,0.5482103439119441
10280,0.6069769241086251
10281,0.5621922477730039
10282,0.5199624829359615
10283,0.45820250997941137
10284,0.5967195301433302
10285,0.5165474677781702
10286,0.5884052508647123
10287,0.5417740564603613
10288,0.4370678466522771
10289,0.6567980705684767
10290,0.518683056609062
10291,0.5156112150626994
10292,0.4938130497598605
10293,0.6940205073501047
10294,0.586704103844215
10295,0.550709485958026
10296,0.46343906161383946
10297,0.485333906469714
10298,0.5355176631954096
10299,0.5547381643938147
10300,0.6473395126812543
10301,0.4951213656033114
10302,0.5508381830145141
10303,0.6465528819214937
10304,0.7437202229089652
10305,0.4947822717194465
10306,0.5522911977180175
10307,0.6051748128858494
10308,0.5111488813842606
10309,0.39016672310733
10310,0.4926082755483582
10311,0.6097548848578314
10312,0.3791274883559841
10313,0.3628188057098624
10314,0.4156615137359289
10315,0.4795158370471296
10316,0.38410679859881547
10317,0.634707941251861
10318,0.5072921319582282
10319,0.4525300350747178
10320,0.4372405440946534
10321,0.5533095833690154
10322,0.5237949162661494
10323,0.5914194570599375
10324,0.5332372417598789
10325,0.5706267081359374
10326,0.5387776968874574
10327,0.6461377266334621
10328,0.4341278145760129
10329,0.668748229361882
10330,0.6243880649091548
10331,0.5301978437564355
10332,0.5607775942694682
10333,0.597063222751727
10334,0.3683881557759738
10335,0.5099585404589575
10336,0.6370805496769949
10337,0.5243336667417616
10338,0.5302095829090644
10339,0.5014424005429042
10340,0.6066973707774621
10341,0.6648529856543706
10342,0.5380924224911918
10343,0.7959538174812382
10344,0.5052576402525809
10345,0.7505705574493566
10346,0.5951033057987656
10347,0.5330440187212697
10348,0.6048599191994
10349,0.4087721789064686
10350,0.5179429617280643
10351,0.4388290088022594
10352,0.46301633037351525
10353,0.4264535700830889
10354,0.5272843796156615
10355,0.40111836649113497
10356,0.5187453170944679
10357,0.5957483567107572
10358,0.5630570191965141
10359,0.5980310133558404
10360,0.5727263523563225
10361,0.4996706318535329
10362,0.648790799475734
10363,0.6416420490928958
10364,0.7774677265573829
10365,0.505096098716166
10366,0.5169913057398752
10367,0.4112318377614138
10368,0.5472470476199018
10369,0.5276811575087567
10370,0.7728144981436988
10371,0.4407799505477355
10372,0.5803970902021727
10373,0.38015687804398096
10374,0.5207980326367228
10375,0.39367093248422314
10376,0.6813049448051554
10377,0.3710716328367107
10378,0.5088661035028502
10379,0.4813876718757947
10380,0.5416099126107791
10381,0.4960240309380819
10382,0.475855290161877
10383,0.5436361878801225
10384,0.4625111771631119
10385,0.746578170984552
10386,0.49285418908805073
10387,0.48707160575452835
10388,0.5406841034826959
10389,0.4860489642487098
10390,0.6367622566446688
10391,0.4840631609754759
10392,0.38591241772158125
10393,0.538546994350655
10394,0.6524724167596672
10395,0.6771038374781679
10396,0.4841062569206338
10397,0.5555855724489805
10398,0.38458075828582283
10399,0.49420204979222454
10400,0.42420106271048824
10401,0.48767545130224127
10402,0.6109453516641877
10403,0.49912855323314187
10404,0.48400176954833707
10405,0.5160775891782684
10406,0.4708531579460077
10407,0.5558740515319589
10408,0.4305276901836485
10409,0.5071999939736581
10410,0.455244185319798
10411,0.6341104523685691
10412,0.381091924017151
10413,0.5816563251857464
10414,0.27827058610213184
10415,0.5926916780673461
10416,0.5786727250901572
10417,0.5053544424725228
10418,0.4785187149446097
10419,0.48707626728646397
10420,0.492713799211085
10421,0.4527332969007142
10422,0.5057330406622428
10423,0.6285486423254558
10424,0.38506188169222433
10425,0.7586136541621962
10426,0.447398642749703
10427,0.48156412618750516
10428,0.6261957947986426
10429,0.5261456676777923
10430,0.6172289781953694
10431,0.4700257170474519
10432,0.6255269511140229
10433,0.5855608685263426
10434,0.3928292227308925
10435,0.547447797236076
10436,0.5526734209166744
10437,0.5181850162853168
10438,0.6306409383970221
10439,0.30499636210207126
10440,0.5206169585908914
10441,0.7101476878182327
10442,0.4785942934410266
10443,0.3949702652655839
10444,0.5592316291699655
10445,0.3799802921828276
10446,0.5305727167852281
10447,0.7367051721064172
10448,0.591870200243185
10449,0.5703390608297648
10450,0.48214158507124705
10451,0.5059546068140159
10452,0.4898114078118365
10453,0.48670384300448977
10454,0.49486476284169795
10455,0.4324014948495802
10456,0.6633824882246886
10457,0.2438804356307886
10458,0.6777038605314701
10459,0.5340580698585697
10460,0.4550547121500862
10461,0.38874263647810026
10462,0.5242869705187557
10463,0.7118364392446982
10464,0.5216197535010831
10465,0.4829660688892396
10466,0.5029416298901529
10467,0.5637648298233369
10468,0.5035348012112237
10469,0.4104508736487369
10470,0.5976110323229752
10471,0.5426697456920876
10472,0.6273409332113494
10473,0.5978360015723856
10474,0.6469868762441322
10475,0.515877106532256
10476,0.4983984621174228
10477,0.5091574282337403
10478,0.5825149997542111
10479,0.4079789657372238
10480,0.5696162471437832
10481,0.557138788964611
10482,0.7137060648893796
10483,0.3557251114221362
10484,0.6214166911159653
10485,0.5660832354452896
10486,0.5599053541097416
10487,0.5948708892813996
10488,0.4965596206098448
10489,0.6320194853292724
10490,0.5120394371029452
10491,0.6182223089175599
10492,0.5045113655525416
10493,0.5191895624498114
10494,0.48190356762703773
10495,0.4889533045585941
10496,0.5444843607738341
10497,0.5452135534330481
10498,0.6764385197269308
10499,0.4546569552252957
10500,0.5281616579533601
10501,0.654741333132842
10502,0.4611085141492578
10503,0.5289785943199051
10504,0.6637019235104894
10505,0.39602030474172534
10506,0.46227085513467103
10507,0.4597999991639287
10508,0.49140613230972346
10509,0.45934924884386324
10510,0.7230065755370257
10511,0.4667196372280657
10512,0.6621792496830099
10513,0.5759113415768353
10514,0.5059089022503382
10515,0.4989947896619032
10516,0.4985261392007014
10517,0.36690835977484404
10518,0.6042220427346184
10519,0.7480869705188962
10520,0.6396973816208913
10521,0.6570191494816396
10522,0.5117622587528807
10523,0.4713716763824774
10524,0.5626689702573103
10525,0.44975772489036103
10526,0.4664435492250029
10527,0.5689014474505995
10528,0.578407646693325
10529,0.5346404223613402
10530,0.6429720316232193
10531,0.435692770971355
10532,0.46882055186858085
10533,0.5445571043781162
10534,0.3103619126622975
10535,0.5395146619832983
10536,0.540777002369657
10537,0.5197311285711484
10538,0.6268503131566585
10539,0.5093987840358122
10540,0.5554712586363854
10541,0.4137359670030891
10542,0.3769073315660467
10543,0.5612440091078088
10544,0.48019812864425326
10545,0.46902955119903766
10546,0.6413244842128402
10547,0.8188241842739687
10548,0.6495213389200294
10549,0.5621664408665134
10550,0.47383717959316857
10551,0.5547139236748373
10552,0.5858184225879588
10553,0.5813893831717566
10554,0.4118920527657771
10555,0.6366172540619425
10556,0.4217414073664914
10557,0.558217086784018
10558,0.4008114145036382
10559,0.3776565763878942
10560,0.3754313152540758
10561,0.5611597659059473
10562,0.6481323340687842
10563,0.6405496410388606
10564,0.5332356502497501
10565,0.5174116734015551
10566,0.5727123360246499
10567,0.655497317870842
10568,0.5747012863761184
10569,0.5048969026593403
10570,0.47952475701902025
10571,0.2692212381935863
10572,0.6202159978725276
10573,0.4116470705973767
10574,0.5491293840256912
10575,0.42615862463616305
10576,0.4745550848263348
10577,0.7118763271656406
10578,0.5482317436078068
10579,0.5170962026756417
10580,0.6455787294640497
10581,0.6853165029428182
10582,0.6155527155781768
10583,0.4038207552434296
10584,0.48073448561165083
10585,0.5342691808078727
10586,0.4785739019279392
10587,0.646206147059269
10588,0.38987186924018774
10589,0.5401287298391806
10590,0.5366811470945212
10591,0.5277393532565027
10592,0.4607528196225358
10593,0.5152546105051561
10594,0.5577490391524744
10595,0.498239671469428
10596,0.47365923756264167
10597,0.5428755201034582
10598,0.4106468783388983
10599,0.4301740873392509
10600,0.44190347413693315
10601,0.4155921331571378
10602,0.5290910675474505
10603,0.6489749569614767
10604,0.490447795892864
10605,0.40352147048610704
10606,0.5403390670135304
10607,0.5363955969809836
10608,0.5802315314228839
10609,0.5457387422229103
10610,0.3987931675852652
10611,0.5478605799556763
10612,0.6507194041195601
10613,0.5952737378075273
10614,0.3368067808495613
10615,0.46483009945904497
10616,0.5764319289443104
10617,0.6682330690487154
10618,0.5472641264502163
10619,0.6172692359233511
10620,0.5416995481214545
10621,0.6890587633228734
10622,0.5779229685158193
10623,0.5916952219554177
10624,0.5004721015957319
10625,0.5822505632192829
10626,0.45946542095784976
10627,0.5267348919562914
10628,0.6075614056715174
10629,0.6225079027661599
10630,0.6245668506238835
10631,0.5314494232094815
10632,0.574448870270255
10633,0.4350851530242822
10634,0.500215804532123
10635,0.44655036592643926
10636,0.5032912007831754
10637,0.670327284912922
10638,0.36981405995719335
10639,0.5197180864602603
10640,0.491203911791793
10641,0.5240644940012146
10642,0.46428437205097745
10643,0.6226956427740412
10644,0.44129530032557485
10645,0.40672276281886843
10646,0.5677446507710622
10647,0.540540989145735
10648,0.48933993901840095
10649,0.5417234538729704
10650,0.5810671356439688
10651,0.41055158489645516
10652,0.5209726154294109
10653,0.5940824163416837
10654,0.5319872509071177
10655,0.5647355733886499
10656,0.577470804995434
10657,0.5763512176887192
10658,0.4531877179080206
10659,0.5328808276336618
10660,0.43308144022069966
10661,0.4955236610538786
10662,0.4475508379787943
10663,0.39133585752935307
10664,0.43705144121266276
10665,0.5346600689235357
10666,0.4485547480906509
10667,0.5272674744523339
10668,0.5743152395132107
10669,0.5206361063998165
10670,0.5936528283656952
10671,0.6122852613674666
10672,0.41775681036509116
10673,0.38181868825135323
10674,0.4184945903355743
10675,0.5969804116575779
10676,0.6212951890897175
10677,0.4367314658374592
10678,0.6214591437130746
10679,0.5684473000088202
10680,0.6858880060277459
10681,0.561210375173642
10682,0.3044036298334865
10683,0.6031454064724462
10684,0.5439722397787926
10685,0.4361134413704557
10686,0.457346990015536
10687,0.513336182085125
10688,0.4503335849059882
10689,0.4788633170245883
10690,0.4495981643396322
10691,0.420136460501669
10692,0.5283509279094604
10693,0.582751164029952
10694,0.7540755459602277
10695,0.5251162901304021
10696,0.6121005731441373
10697,0.4311635601348183
10698,0.5471260678019082
10699,0.5485296755534512
10700,0.47683594144178554
10701,0.5308293587404406
10702,0.568866038944633
10703,0.6380116503036496
10704,0.3646401429880176
10705,0.49280136035978767
10706,0.6360724921849426
10707,0.42620972942059954
10708,0.4504511166311461
10709,0.5740113966617906
10710,0.26345445384823024
10711,0.6009347108173231
10712,0.6199103064950579
10713,0.3313244537680733
10714,0.7021307154356631
10715,0.5316105953684311
10716,0.38117780444016225
10717,0.4744040939499517
10718,0.6974334990345582
10719,0.37116595548414666
10720,0.44198202421883215
10721,0.5146017146793856
10722,0.5186802096783396
10723,0.5124032854656765
10724,0.5320005596990789
10725,0.43214758762886274
10726,0.46202348777431645
10727,0.6403055866188133
10728,0.5367998222292322
10729,0.49938248836553756
10730,0.4993876471007984
10731,0.47151290376987
10732,0.4257547265791486
10733,0.6156598942015984
10734,0.6873128132455499
10735,0.337551844417003
10736,0.5835649084727985
10737,0.5929018192171683
10738,0.4278523865336823
10739,0.42932968458705156
10740,0.5098859401347415
10741,0.6922118700447357
10742,0.5845258161670844
10743,0.4587849077493586
10744,0.40953148119195715
10745,0.5921378120987422
10746,0.6566492232421616
10747,0.684731800481938
10748,0.6215703092857114
10749,0.4776390277720305
10750,0.4383559006980291
10751,0.516947794292834
10752,0.516993793802422
10753,0.7428148506328051
10754,0.5247931033573764
10755,0.5170796035834554
10756,0.5471714008827118
10757,0.5903592681372172
10758,0.5006760013380357
10759,0.8391639837924356
10760,0.5760854246722009
10761,0.4727975169868778
10762,0.5477403834868878
10763,0.681314586646141
10764,0.5798240611819101
10765,0.501067910202927
10766,0.528663526223684
10767,0.3924698333656427
10768,0.6103738849918331
10769,0.7306533666379954
10770,0.6135219701903711
10771,0.535119646227003
10772,0.5002974749942926
10773,0.4157622935768992
10774,0.5519232477322579
10775,0.42977621877151395
10776,0.5953365172583615
10777,0.40164906462016803
10778,0.6441197999859686
10779,0.7221137159647262
10780,0.5785896039573852
10781,0.5795203127576902
10782,0.5831568918782537
10783,0.6203140952847417
10784,0.4676865053038489
10785,0.5537600586163117
10786,0.5924693674529574
10787,0.5361757484822142
10788,0.3858452937601639
10789,0.4991678037719627
10790,0.6584151405452106
10791,0.5068724223248661
10792,0.5324733923159851
10793,0.8222499438357782
10794,0.5230991486472418
10795,0.4608461339899541
10796,0.4284389694155407
10797,0.5117431464110324
10798,0.7064444409325511
10799,0.4625123002888322
10800,0.5529311227050928
10801,0.6379432203264248
10802,0.5030773367563222
10803,0.5407928712861643
10804,0.45934698260801404
10805,0.7620509307210115
10806,0.525646219334968
10807,0.5224598744532951
10808,0.4761240875280722
10809,0.4054910394456823
10810,0.5130667117785352
10811,0.4451521428816868
10812,0.4519810733202478
10813,0.409785422869793
10814,0.5717960721729283
10815,0.6467035820522441
10816,0.44949604072803606
10817,0.4520976645975283
10818,0.4913777390696723
10819,0.5991441103043236
10820,0.6041025335577461
10821,0.5100761767964055
10822,0.5364258371061942
10823,0.6559028234742985
10824,0.45543043918239445
10825,0.4409852296176331
10826,0.3819850221780895
10827,0.49767411151889496
10828,0.48471064439160577
10829,0.5211773515932805
10830,0.47286659556139965
10831,0.48723394804357656
10832,0.5761138773907998
10833,0.48402340414460376
10834,0.6582045049662559
10835,0.7041254601325121
10836,0.7958375982835739
10837,0.4733192347291032
10838,0.537593394025746
10839,0.4811824478071573
10840,0.5513329307708092
10841,0.5148260089532258
10842,0.5459982060601668
10843,0.647505625043783
10844,0.48881667099494597
10845,0.8272324725565081
10846,0.4367183623300812
10847,0.5522660542217492
10848,0.6179084104409532
10849,0.4964359755115881
10850,0.6712660085282565
10851,0.737956728916292
10852,0.7284652497778301
10853,0.5574298968800657
10854,0.37434517743753004
10855,0.585458063705427
10856,0.633732693973766
10857,0.5270868033057372
10858,0.5073635407170752
10859,0.4970313281213907
10860,0.4801291875216716
10861,0.6686087353129618
10862,0.5125283043943333
10863,0.43302574650148207
10864,0.6666463883418634
10865,0.43974797235840696
10866,0.5907681956467752
10867,0.5925834970831616
10868,0.38740998584784925
10869,0.47450221512997415
10870,0.5192464561037359
10871,0.4932852242852883
10872,0.5340377769574488
10873,0.6180475112536397
10874,0.6361205147913378
10875,0.5560011258941608
10876,0.4542243873485563
10877,0.5719640269330388
10878,0.503747862890791
10879,0.4429157846223454
10880,0.5833840950570099
10881,0.4221391148055497
10882,0.40326682140717973
10883,0.49085727863250705
10884,0.7123009417712605
10885,0.5209170944100999
10886,0.5132564795378854
10887,0.5076614916392458
10888,0.45505202513290127
10889,0.5576439603801092
10890,0.6561885429268974
10891,0.511387166305865
10892,0.47613533930075674
10893,0.3996609471029907
10894,0.5065156572445996
10895,0.49570803401878244
10896,0.7591497919727874
10897,0.39303771465241866
10898,0.5104531849799692
10899,0.5574520150327286
10900,0.5853040998616541
10901,0.5961440788920164
10902,0.5138626660559531
10903,0.33558106861358983
10904,0.5488417043291008
10905,0.5966607887069586
10906,0.6376030033381418
10907,0.39229834769088
10908,0.4630651574959242
10909,0.44758601024794376
10910,0.6339370316394329
10911,0.42422114235908603
10912,0.5134599292317623
10913,0.5469854655151904
10914,0.7925129986262893
10915,0.6601276875363827
10916,0.7006657315644421
10917,0.49734203666421856
10918,0.6417798965480287
10919,0.48898946092345275
10920,0.5880183184698116
10921,0.43866836067798054
10922,0.6611646457944308
10923,0.4239216131473314
10924,0.6241023565908249
10925,0.46922953314411825
10926,0.5817964057386664
10927,0.4078952182054144
10928,0.505061123280069
10929,0.5753405734312679
10930,0.5270455262168907
10931,0.7513632483244957
10932,0.3904055428669754
10933,0.4129465687525704
10934,0.41096111481458897
10935,0.44326376987173416
10936,0.6965987188223964
10937,0.6416390136167255
10938,0.4666466205518458
10939,0.7848494848126537
10940,0.6107750798439037
10941,0.3992496910158194
10942,0.4407306640259176
10943,0.400067538459134
10944,0.4927701991055824
10945,0.5305129013265548
10946,0.4741461628926331
10947,0.365663561651389
10948,0.42809377191237863
10949,0.5281643422060043
10950,0.5512473151506626
10951,0.37301755213610294
10952,0.37576418304397113
10953,0.7161803481659393
10954,0.4506859260269049
10955,0.5660242560643258
10956,0.3618610618620688
10957,0.6505842848386504
10958,0.38855028996207386
10959,0.5979768739018475
10960,0.6335162595293498
10961,0.6398590555769572
10962,0.49833646429806616
10963,0.44526689859842883
10964,0.5259401456965778
10965,0.37228007753168135
10966,0.5634740083113561
10967,0.5485035603133505
10968,0.5967138045911106
10969,0.5595281939835972
10970,0.40792480893336985
10971,0.5168951454309539
10972,0.5283497271422763
10973,0.5598079145306903
10974,0.5257009873106643
10975,0.43446357767055993
10976,0.4567978792883506
10977,0.420458235037235
10978,0.5039331615530772
10979,0.4764495296934867
10980,0.5971790481068693
10981,0.5145230306086822
10982,0.5180393711592411
10983,0.5090469698353137
10984,0.5285023938881525
10985,0.429345923694589
10986,0.33806886955158366
10987,0.38990068855453175
10988,0.5366496249404716
10989,0.6169138737926685
10990,0.36616859580963845
10991,0.5498318850203189
10992,0.6767423831813979
10993,0.7261479363795162
10994,0.6171408798699867
10995,0.5802958375556612
10996,0.49440701791583863
10997,0.6258585927138156
10998,0.4641293617876925
10999,0.7076589462554637
11000,0.41245473994785087
11001,0.49542097635755333
11002,0.4621255122261382
11003,0.6804449186737557
11004,0.5481180066523974
11005,0.48985489092530493
11006,0.5118453762764653
11007,0.7094315631975031
11008,0.3755420920317196
11009,0.5864597598747412
11010,0.5204631892884128
11011,0.3597436083210751
11012,0.5175758104854807
11013,0.5510924649901365
11014,0.4527368058400158
11015,0.39708824005313703
11016,0.61895038702307
11017,0.35218762359150546
11018,0.7311418531802781
11019,0.7477412176428089
11020,0.6858714126366837
11021,0.5529872489711172
11022,0.7523066443443349
11023,0.7486259350432213
11024,0.5318336270083497
11025,0.6714450188944387
11026,0.48251000718956666
11027,0.4690626044590298
11028,0.3515372193958505
11029,0.4643831882478453
11030,0.4654328820804615
11031,0.5322600498492154
11032,0.42463190563354786
11033,0.5316047468630591
11034,0.4526475290800709
11035,0.5469294608022199
11036,0.43499553311844696
11037,0.6213745092007542
11038,0.520348202004659
11039,0.44838632177193555
11040,0.5972984197092286
11041,0.4755854372484101
11042,0.5229189990640056
11043,0.5788913662525561
11044,0.4243345006172521
11045,0.4163047614554248
11046,0.5744742714051193
11047,0.5610423419576036
11048,0.5848981352281658
11049,0.6032403317211419
11050,0.5960668502093186
11051,0.5145272514394696
11052,0.5790323470880014
11053,0.3973270186095625
11054,0.4507991749576158
11055,0.5688081663498256
11056,0.41663616661859815
11057,0.49040308229395047
11058,0.3956757677025906
11059,0.4462099267190774
11060,0.4562274501038407
11061,0.45502530300838673
11062,0.48255709156742643
11063,0.5842886733329803
11064,0.4615171396486063
11065,0.6872353614269996
11066,0.4721079575568776
11067,0.49643847509087397
11068,0.4720986318532232
11069,0.483190904916958
11070,0.5103245255576799
11071,0.548153561221644
11072,0.5789931529864009
11073,0.46056486608522323
11074,0.4475690072346971
11075,0.507655758870616
11076,0.5753477075941603
11077,0.5814991527322704
11078,0.6888482770809201
11079,0.5200556610286662
11080,0.6115258295205405
11081,0.5392118956157749
11082,0.4924424696561329
11083,0.4125337181063217
11084,0.3407416655578076
11085,0.6185999294787239
11086,0.7685869278370474
11087,0.7730768356417776
11088,0.40169393026203665
11089,0.5783882074319903
11090,0.4442643462679996
11091,0.4163924765345139
11092,0.47982633946771597
11093,0.4721254861077404
11094,0.4912733559923579
11095,0.5450555143144603
11096,0.6218346103811073
11097,0.5311465866929477
11098,0.6157214370186708
11099,0.5403146044836135
11100,0.43362680447134805
11101,0.5398279646032663
11102,0.6235500603996988
11103,0.42328824720029057
11104,0.5423469386971004
11105,0.5083301433839289
11106,0.5345935550566013
11107,0.44058833201121117
11108,0.5607767512427774
11109,0.46146038385181626
11110,0.4108930747313466
11111,0.5307587923236318
11112,0.2815254589691578
11113,0.4022871973819432
11114,0.6425784392683668
11115,0.4716954454236055
11116,0.46712785653518024
11117,0.6615355589638067
11118,0.5374854755903886
11119,0.46833630208393673
11120,0.47152708585611786
11121,0.7347099494781657
11122,0.5055633922089195
11123,0.6362004893147659
11124,0.6684277906202074
11125,0.39119200183259023
11126,0.5130063442856979
11127,0.6027882078532397
11128,0.4861541385913068
11129,0.6203905488837694
11130,0.48084864473210764
11131,0.5176500400192243
11132,0.5859690813560892
11133,0.6198101252158004
11134,0.5325961396349826
11135,0.5248635252912149
11136,0.4028546651764826
11137,0.508755600650358
11138,0.5364928880340257
11139,0.5244417964193153
11140,0.5743096462295444
11141,0.6036422254536471
11142,0.470444497348474
11143,0.7277823896318784
11144,0.3884380483520853
11145,0.525939252252164
11146,0.6862999834614409
11147,0.5083463271906559
11148,0.6454802373093413
11149,0.4972148144346611
11150,0.5482433190539822
11151,0.5678546225328408
11152,0.5151898982822544
11153,0.626835900693297
11154,0.44404256738921477
11155,0.38079396324947723
11156,0.5386674793003587
11157,0.4866053144815002
11158,0.5029753903574087
11159,0.6520192250674224
11160,0.7033740496006703
11161,0.4193979487973703
11162,0.4066140878345698
11163,0.41247035575819124
11164,0.4273185826404327
11165,0.416691124212374
11166,0.5001104538202715
11167,0.5914521149920945
11168,0.5233188068483003
11169,0.6245266245816474
11170,0.4702955487577877
11171,0.5923521636672266
11172,0.5273829761194717
11173,0.47869956081385995
11174,0.6507043972714142
11175,0.4684049932080994
11176,0.47468504558896574
11177,0.667275221734486
11178,0.5131890853208483
11179,0.632615890686564
11180,0.4279884465503533
11181,0.4844746813431477
11182,0.6266323172027031
11183,0.4998624459042278
11184,0.359583151987431
11185,0.5905041912726866
11186,0.5413710958720097
11187,0.3499274840348341
11188,0.5461550159330018
11189,0.4625234053153596
11190,0.47058529863391513
11191,0.46102649309666766
11192,0.5897539460522793
11193,0.4590271146326443
11194,0.5155886508634654
11195,0.6374098567885584
11196,0.5296735722899469
11197,0.5497756179641019
11198,0.6114058615656432
11199,0.5740289714443614
11200,0.4302487171168574
11201,0.5863246649188247
11202,0.5598609615451475
11203,0.58593844386684
11204,0.4628606727916462
11205,0.3973763080770164
11206,0.6479674082601256
11207,0.5744848730988814
11208,0.7021187771619289
11209,0.5652797394712495
11210,0.47387588550745824
11211,0.5624375884544823
11212,0.3716893413601975
11213,0.5418101179266266
11214,0.4806594314780261
11215,0.7182297955949087
11216,0.6962619915622632
11217,0.39391207230201386
11218,0.45436950538596194
11219,0.4147235206646404
11220,0.6157690806965233
11221,0.49960301110072214
11222,0.4021590247670246
11223,0.6354827642912159
11224,0.5351505031504692
11225,0.5483726928465715
11226,0.4748325911370948
11227,0.554259112898057
11228,0.44833065343226886
11229,0.48393873013143934
11230,0.4607163145396317
11231,0.4916289974935342
11232,0.6190416907178892
11233,0.5604550083695327
11234,0.494530976896305
11235,0.5386498652759922
11236,0.646157185639337
11237,0.7527534928740578
11238,0.5279841274739734
11239,0.6190686827369148
11240,0.47962495499792834
11241,0.4469871429760304
11242,0.38421096513540276
11243,0.4835577198608797
11244,0.7859741370321728
11245,0.4118101336338453
11246,0.5073362084473967
11247,0.3196484951331162
11248,0.4840586894355937
11249,0.5318789067922025
11250,0.3783920581562437
11251,0.5333330352372497
11252,0.42011671321149713
11253,0.5689145640368021
11254,0.4266321646370583
11255,0.5112185945219703
11256,0.3952976636162686
11257,0.2888808467424533
11258,0.5448208154388491
11259,0.5136807923626082
11260,0.5017325977472639
11261,0.5484559403658528
11262,0.4914475330972249
11263,0.5655464520726526
11264,0.590979625228245
11265,0.5032280953559398
11266,0.5427752802973838
11267,0.503404192952182
11268,0.4226007353326094
11269,0.4631691174088136
11270,0.48778892805774304
11271,0.6379022069756147
11272,0.3886789158430878
11273,0.5099618499819409
11274,0.45132836044675756
11275,0.43693930910083956
11276,0.5220646326233628
11277,0.6927873176491235
11278,0.5379369516994051
11279,0.4207849928334846
11280,0.6273575358430966
11281,0.4098374480250752
11282,0.5653242900661398
11283,0.7051940207373142
11284,0.6042984303132724
11285,0.6792434699106741
11286,0.4816273866047127
11287,0.6893056421772531
11288,0.570548619151597
11289,0.4729697844381437
11290,0.5638319638322525
11291,0.528471601767959
11292,0.5594498867206118
11293,0.58216556004539
11294,0.3078161975152079
11295,0.4276022072737131
11296,0.5248991628230469
11297,0.5333015666458024
11298,0.5383747476354612
11299,0.436214055107915
11300,0.5456419286338768
11301,0.5491949333282777
11302,0.45282913446844064
11303,0.4602843735509127
11304,0.5344381514264674
11305,0.5870568833528086
11306,0.3253900424775725
11307,0.4339072818202987
11308,0.5656913929098458
11309,0.6755603182082854
11310,0.4866648263915039
11311,0.527479493772336
11312,0.6325843391201853
11313,0.5325926077300818
11314,0.4609686319377256
11315,0.5205461157723942
11316,0.4609083251532074
11317,0.6537755161363458
11318,0.5360838149034816
11319,0.49605508043034513
11320,0.5659322169079997
11321,0.5080093396979362
11322,0.5057226891111192
11323,0.47597403534450955
11324,0.6208759644952874
11325,0.5815789485280125
11326,0.3634846988921282
11327,0.672214985607306
11328,0.6221007970819371
11329,0.4448652413703137
11330,0.5344207996459207
11331,0.552474390678637
11332,0.4943921826118828
11333,0.37334094822790875
11334,0.5143453666482997
11335,0.6116139521816328
11336,0.5843477290998791
11337,0.4334136106033762
11338,0.37555637122901986
11339,0.5063563600943946
11340,0.5051819864650633
11341,0.6282085418161513
11342,0.572125152448445
11343,0.686310410557622
11344,0.42620030403912573
11345,0.45105174193215036
11346,0.5051654100276048
11347,0.521401211067603
11348,0.4148919520196443
11349,0.4968573354053258
11350,0.5797828424814698
11351,0.5047722658035974
11352,0.7133079173633022
11353,0.5290452946452886
11354,0.4631276783650846
11355,0.5234888776436547
11356,0.39357828277804274
11357,0.46178606157086827
11358,0.5503593651891231
11359,0.503079626084282
11360,0.4990815171232775
11361,0.3801382107952783
11362,0.4171817156177247
11363,0.6603469330034291
11364,0.5712732370163113
11365,0.576157453061256
11366,0.5252178831821257
11367,0.5242982821756595
11368,0.4458520263504585
11369,0.5171336201677902
11370,0.6273970914211855
11371,0.5095164746698977
11372,0.810238227916882
11373,0.507754315788633
11374,0.283544891669822
11375,0.4765189680357485
11376,0.6048319536357575
11377,0.46006812383262996
11378,0.39651611867476605
11379,0.5922083577280527
11380,0.4828720636487677
11381,0.5075545082950972
11382,0.46985882693754905
11383,0.49887587893890334
11384,0.4094758891209026
11385,0.5141001923745661
11386,0.48661944204894736
11387,0.60239771319844
11388,0.5848490015821974
11389,0.5629716630026459
11390,0.48732209877682997
11391,0.5463870732822733
11392,0.4745292190583531
11393,0.5820722086772224
11394,0.418385869230334
11395,0.46683485641476163
11396,0.5572185873753039
11397,0.5057998833184029
11398,0.5208662839351492
11399,0.5982241507327741
11400,0.6419299090917536
11401,0.5967239333690264
11402,0.5199716066970047
11403,0.6678550249168933
11404,0.4717849281221906
11405,0.5513738922317494
11406,0.4823581304358309
11407,0.4181998665303994
11408,0.41205508286665615
11409,0.5025226620968325
11410,0.6436166149786579
11411,0.5703537330412995
11412,0.5959258392176119
11413,0.4279067035469545
11414,0.5377125789371378
11415,0.5592436911859204
11416,0.4633340333163029
11417,0.522967866184111
11418,0.674358656379503
11419,0.42973948937980466
11420,0.4967937337555422
11421,0.48474399138986096
11422,0.562576255254901
11423,0.33376156134723545
11424,0.48823250288192654
11425,0.7039457900107668
11426,0.4938864139334204
11427,0.4837112523557395
11428,0.613389223032157
11429,0.4913765875407484
11430,0.4759542324642389
11431,0.5096152056945462
11432,0.3851448513601132
11433,0.6319467387727112
11434,0.45467298958516184
11435,0.6614233497772286
11436,0.6471242578829846
11437,0.5645041435956291
11438,0.5383807853252432
11439,0.674578047133873
11440,0.5971900054361737
11441,0.6430170324712116
11442,0.5338166135078413
11443,0.5696406529060104
11444,0.5829185801350721
11445,0.41505136922113023
11446,0.6541058460943996
11447,0.5366453270683345
11448,0.6704925657804691
11449,0.7196068175008776
11450,0.6637989304180805
11451,0.465454701830537
11452,0.3961430608931285
11453,0.4809292247651525
11454,0.6170059221380573
11455,0.5368514595198288
11456,0.40619665859070786
11457,0.5703259822220684
11458,0.43821117524116815
11459,0.5701984750443677
11460,0.5779334380611101
11461,0.3308300871923803
11462,0.48580945680565135
11463,0.771154651155187
11464,0.4667858578008221
11465,0.5274141457174069
11466,0.5349372867230406
11467,0.5665845600722215
11468,0.5529294907685448
11469,0.431486505828095
11470,0.47124756145967744
11471,0.5107252381178856
11472,0.4945464583711252
11473,0.3888900232855552
11474,0.6985124486100761
11475,0.5821141833035487
11476,0.45770737263285405
11477,0.5793659918710894
11478,0.4836304923187604
11479,0.5373999144451119
11480,0.5363983569697284
11481,0.5336863666429157
11482,0.454223799269918
11483,0.771089367500436
11484,0.6237062035999577
11485,0.5563287309528461
11486,0.5941004260031484
11487,0.34946813242194297
11488,0.4913694913958739
11489,0.5372807322947776
11490,0.5718483264766805
11491,0.4975684353289517
11492,0.44124512564305457
11493,0.41663921900488654
11494,0.5105014089146503
11495,0.501208387512848
11496,0.5533410758875786
11497,0.7284399812693522
11498,0.5166078543557152
11499,0.4594621349271262
11500,0.5260228333850486
11501,0.47370525314393547
11502,0.41852329349649314
11503,0.5293247581907183
11504,0.657547436252169
11505,0.4513711287951724
11506,0.5944374046557811
11507,0.7224353044969996
11508,0.4865310954136174
11509,0.6995874690876369
11510,0.38176125043411846
11511,0.4764977295231373
11512,0.5768547905615755
11513,0.5720614835584472
11514,0.6703792110131136
11515,0.4456996390324105
11516,0.5248750170958797
11517,0.565483546221134
11518,0.4845348904926167
11519,0.44399995898596284
11520,0.5160303570750245
11521,0.5236207695867545
11522,0.670846209878535
11523,0.3828873894448984
11524,0.5367354161800016
11525,0.7626984803077845
11526,0.4456407899387611
11527,0.6083853268411633
11528,0.6171173623497206
11529,0.5791256092390198
11530,0.552512800541294
11531,0.4782550743002952
11532,0.5641133954443014
11533,0.4980039822701662
11534,0.578717504772205
11535,0.5005955956875647
11536,0.5281594326024239
11537,0.533247814773531
11538,0.4392119903242164
11539,0.44598575735417634
11540,0.4065065555367693
11541,0.5858095277862285
11542,0.475804267658512
11543,0.4930768624134656
11544,0.47588728623000764
11545,0.5580865151612004
11546,0.4509105488468639
11547,0.6470110041855645
11548,0.5535372393483884
11549,0.49445878992492326
11550,0.45730062570473196
11551,0.5147697986948006
11552,0.6170730305895411
11553,0.6293864435719791
11554,0.4832779991437835
11555,0.49160978426592106
11556,0.6159798996385215
11557,0.448248449591779
11558,0.4406363267906648
11559,0.5810155569851208
11560,0.46504932585188397
11561,0.47371073546353504
11562,0.7352837358198105
11563,0.6372460065907716
11564,0.6330379481351995
11565,0.6135065743449274
11566,0.5650929725843944
11567,0.5272588658215451
11568,0.5587705601709719
11569,0.7083693533217384
11570,0.5703719539554025
11571,0.6214308889347441
11572,0.45741283334928806
11573,0.5880081656818288
11574,0.501561738576926
11575,0.45102320332635454
11576,0.804864007208338
11577,0.47515227319736564
11578,0.6369362513345735
11579,0.5454029710474869
11580,0.4775218171803452
11581,0.4613164026073026
11582,0.4615502128187532
11583,0.5271690864629588
11584,0.5813624442656531
11585,0.4884742491819064
11586,0.36831699569694154
11587,0.5091747948327505
11588,0.4194453568878772
11589,0.39160513636707556
11590,0.3972175486629394
11591,0.5297818438942692
11592,0.4844284443078084
11593,0.4884721029365372
11594,0.5136421647500344
11595,0.5831472443434316
11596,0.5519229633533766
11597,0.5082077809573843
11598,0.6326278942173597
11599,0.5351817713114841
11600,0.49344018278274626
11601,0.6608329578643689
11602,0.43065913754063656
11603,0.6200720281741949
11604,0.39510286479297096
11605,0.4803869951830883
11606,0.4053085493051507
11607,0.479382173458242
11608,0.4908344081891154
11609,0.5997652659775708
11610,0.6015032339514098
11611,0.7771216182700016
11612,0.47270281169055633
11613,0.3785133989445359
11614,0.551928393128569
11615,0.6196143625092781
11616,0.5539121155424732
11617,0.37987677209514653
11618,0.5750259731798466
11619,0.5429203483237587
11620,0.44576044541642085
11621,0.5681121768833272
11622,0.5749651767319304
11623,0.6341564437927559
11624,0.42409702500019075
11625,0.4682650338943191
11626,0.4599526627130497
11627,0.480297766516745
11628,0.6319720168484518
11629,0.5278293938614195
11630,0.4941529317148349
11631,0.6049367097729659
11632,0.40155495364095184
11633,0.47427907691725146
11634,0.4189996973173542
11635,0.43721179832819607
11636,0.5408683570306351
11637,0.6359108982731819
11638,0.46630501866082325
11639,0.5707726472812601
11640,0.48123581753761774
11641,0.3989332868506727
11642,0.5854313871192112
11643,0.7518066869940092
11644,0.32756635539344126
11645,0.6913306263333656
11646,0.4700581537650285
11647,0.40674946172367116
11648,0.5078782891761746
11649,0.6301076976017298
11650,0.5280734786802656
11651,0.5213435731080318
11652,0.818750497270608
11653,0.47652995854655866
11654,0.648980081616219
11655,0.6848398849744991
11656,0.5933217080915251
11657,0.5124194655548665
11658,0.47095037340080803
11659,0.5925196724696824
11660,0.6371599842309563
11661,0.5133368216738174
11662,0.5185141594179807
11663,0.5796088238942636
11664,0.5947018596034607
11665,0.4101063422037791
11666,0.5045238885462248
11667,0.582978310994456
11668,0.5275659606608659
11669,0.46046406739191725
11670,0.6898957490493827
11671,0.41384944887858444
11672,0.5737385413721545
11673,0.4767032374456789
11674,0.2753055149741506
11675,0.48660517325028607
11676,0.6304677015232342
11677,0.5318104852924163
11678,0.5625041476819291
11679,0.6329106660095511
11680,0.5765734670765029
11681,0.5541166918363479
11682,0.3515935726695216
11683,0.49546563968845564
11684,0.45980961893479044
11685,0.5226049947792291
11686,0.5599667882438275
11687,0.44564432986978963
11688,0.4510111247809557
11689,0.5380863477884715
11690,0.6356472014455612
11691,0.5257485516956907
11692,0.7100366452262494
11693,0.34278804804633756
11694,0.6184161491751028
11695,0.4432762160528267
11696,0.48209345145011284
11697,0.6388389522349426
11698,0.5451331959738206
11699,0.5358060435356337
11700,0.3981138378115911
11701,0.48008672018688525
11702,0.41283492975884545
11703,0.5982363875774832
11704,0.6011408500786967
11705,0.6025210683659055
11706,0.4738475108821317
11707,0.441539124939476
11708,0.42935004177733327
11709,0.4987025095684663
11710,0.47492036843885554
11711,0.3415225383701461
11712,0.4298977599417747
11713,0.47209896628960557
11714,0.5151124664944478
11715,0.6432256944575632
11716,0.6594023803661513
11717,0.40518138913662866
11718,0.4237052482643111
11719,0.5571928640236206
11720,0.4932821937476643
11721,0.5461904989432023
11722,0.5686485755297483
11723,0.5414190332472208
11724,0.5029978038344387
11725,0.5503981727202554
11726,0.5862982131591649
11727,0.4750460299863623
11728,0.41816423952033915
11729,0.5264894632240982
11730,0.38793909238290325
11731,0.6193154468708579
11732,0.4876988892990186
11733,0.560472816371374
11734,0.48055165254418647
11735,0.6725895992405002
11736,0.6430769428601011
11737,0.5420369230179093
11738,0.5370086297436872
11739,0.666261526524147
11740,0.4041864093829223
11741,0.42075951834120306
11742,0.6509473489296143
11743,0.6243628864821871
11744,0.49082338909480305
11745,0.720701023124799
11746,0.4657894648984908
11747,0.3345898706801739
11748,0.503323307114672
11749,0.5016221052428604
11750,0.4142098074048123
11751,0.3755963759801005
11752,0.5619492937991686
11753,0.4785062706407185
11754,0.389157898896732
11755,0.5658572706774393
11756,0.4290938072113
11757,0.7218209488097544
11758,0.6098172349655785
11759,0.5413748136896828
11760,0.4776160481243863
11761,0.45062958045255785
11762,0.5223341792888543
11763,0.5017256412621838
11764,0.5128625378716778
11765,0.3627110883438518
11766,0.3916753909708529
11767,0.4077037206196061
11768,0.654903066177134
11769,0.3603253955621891
11770,0.6631396864716546
11771,0.5349723656924501
11772,0.5003844695514722
11773,0.4842054858668201
11774,0.7080558527922468
11775,0.5452924223974729
11776,0.39728247169876774
11777,0.43137633776147444
11778,0.37357219854851986
11779,0.5439598625882109
11780,0.7396877114734492
11781,0.5355302270356908
11782,0.4575949786750683
11783,0.4124008083186871
11784,0.40551909442529666
11785,0.47679097009320615
11786,0.5499200193651745
11787,0.5829675678541052
11788,0.5356908767493141
11789,0.5123627253140566
11790,0.32983944299913426
11791,0.4470762848542151
11792,0.552642279093017
11793,0.6416496812371557
11794,0.5300440789660413
11795,0.4423301094985901
11796,0.49410518375416873
11797,0.4755424603430116
11798,0.8235024040351495
11799,0.7432684407987027
11800,0.4208367740536059
11801,0.37840140658598176
11802,0.5580006100661516
11803,0.5217068560070479
11804,0.4651141553080964
11805,0.6226984625267441
11806,0.46624326387839415
11807,0.6088924531885189
11808,0.5305695536966171
11809,0.5221710153612589
11810,0.5324746050010645
11811,0.6271713145819857
11812,0.346038161177863
11813,0.5477052424425071
11814,0.42614452224879257
11815,0.461355136814689
11816,0.5261318597452085
11817,0.48431843851923106
11818,0.48081306441557514
11819,0.5949432165047318
11820,0.5128811937624586
11821,0.42658353407049104
11822,0.5779086157827241
11823,0.6128111620348663
11824,0.530232454000068
11825,0.5382948309134481
11826,0.4246798802326982
11827,0.4780668763687377
11828,0.5848257552608099
11829,0.49273248298135974
11830,0.4860756620976031
11831,0.6128479565525713
11832,0.4561019813675348
11833,0.5824492090492475
11834,0.4769207180033153
11835,0.4843045882368433
11836,0.7429414398975481
11837,0.3924937128954047
11838,0.3447253250400464
11839,0.5278447149807697
11840,0.39069167314840386
11841,0.326122967795212
11842,0.6611208409980553
11843,0.5204925473861107
11844,0.5328117038037682
11845,0.46351485536691256
11846,0.5654233149198289
11847,0.4751106362431223
11848,0.6112887121365618
11849,0.500385607334123
11850,0.6241280479181459
11851,0.62258718153826
11852,0.583618682943476
11853,0.5334769655249534
11854,0.4997695806989774
11855,0.5260790551971315
11856,0.5717597447715483
11857,0.5085830922878171
11858,0.5051080527455216
11859,0.4759864002916284
11860,0.4762088945114923
11861,0.4719580112278252
11862,0.5734810626406424
11863,0.41686328223614016
11864,0.5866998492915729
11865,0.6369650158771673
11866,0.45043997939575425
11867,0.45350601256435363
11868,0.5306212769403303
11869,0.5374155531298757
11870,0.5593649851721431
11871,0.5305630573006163
11872,0.5669281128935392
11873,0.464543789389359
11874,0.6959923341954076
11875,0.48018417674145336
11876,0.5163678396812241
11877,0.6376805033540685
11878,0.569310766945873
11879,0.5633087370946309
11880,0.5688422647982244
11881,0.358233102742489
11882,0.5069280152518106
11883,0.5825306029309479
11884,0.5484775196584498
11885,0.3642108225243949
11886,0.6358632046230316
11887,0.4833656904458673
11888,0.6823335637213488
11889,0.6200440717885788
11890,0.5464454320002207
11891,0.7547116900630393
11892,0.44770235460510777
11893,0.48420535279653226
11894,0.6691601852510158
11895,0.5641220981418121
11896,0.6666235379395894
11897,0.5199926327459706
11898,0.641551781792053
11899,0.5163023782812121
11900,0.4791233742381299
11901,0.6258451424021827
11902,0.4723795350402997
11903,0.4147842007785532
11904,0.6827436595415635
11905,0.621894241865188
11906,0.5820845142831826
11907,0.5495218127494155
11908,0.322134340491104
11909,0.5422307140805018
11910,0.4976200446213251
11911,0.5578148117436593
11912,0.58427051306851
11913,0.27861957318993535
11914,0.571349977271357
11915,0.4672199868954421
11916,0.4948148050807179
11917,0.5177647304230646
11918,0.4794931062744445
11919,0.4518727885234456
11920,0.5289880398327086
11921,0.5050160092892779
11922,0.5605437239531894
11923,0.7692520086936862
11924,0.473081951087284
11925,0.5058676588139055
11926,0.6626958152899678
11927,0.48598397697989043
11928,0.5199944218935746
11929,0.5593753623994127
11930,0.45542869010753384
11931,0.6651401222472423
11932,0.59625937841274
11933,0.374480061542116
11934,0.5243258149228514
11935,0.4963638817981803
11936,0.7460514216831342
11937,0.5961440140888514
11938,0.6989240484478009
11939,0.5269411738194061
11940,0.5249148923636725
11941,0.6294316981799672
11942,0.4500026061850262
11943,0.7958138180166465
11944,0.6308867495027424
11945,0.5654764692925617
11946,0.4578236953606422
11947,0.44058188873089393
11948,0.46690631636408314
11949,0.32749234140298555
11950,0.5354721280739922
11951,0.46663676970180357
11952,0.6119563934977843
11953,0.6982015108734194
11954,0.5290811643232725
11955,0.5257969113295217
11956,0.4215174940300585
11957,0.6214541339564268
11958,0.4863939754953021
11959,0.6815355675481495
11960,0.5406944564226814
11961,0.6480826206037527
11962,0.5638630344754386
11963,0.5588571558468424
11964,0.5515291721168869
11965,0.37831240291430956
11966,0.4552361221638049
11967,0.5253918621884749
11968,0.41250982789053725
11969,0.46321557522844015
11970,0.49261818076263086
11971,0.4897009186353661
11972,0.5693256112979244
11973,0.6957836825882889
11974,0.5373741571746011
11975,0.5102255292087309
11976,0.5343297068425216
11977,0.5547677403815403
11978,0.4543454505213562
11979,0.6981690723344454
11980,0.4632751419788411
11981,0.4473299877222041
11982,0.46364100787032003
11983,0.6058930391046032
11984,0.6148061066206971
11985,0.4749310191355487
11986,0.6990286658382469
11987,0.548367724118023
11988,0.5936936831350762
11989,0.5272206791066242
11990,0.34371766548454086
11991,0.4766047002347162
11992,0.4494068249412914
11993,0.5515542436169872
11994,0.4950411520829999
11995,0.5589481651404191
11996,0.4822707025935621
11997,0.6497054067334107
11998,0.45845325188424524
11999,0.5641039102926966
