id,efficiency
0,0.4086334079987263
1,0.538284919540931
2,0.5306300936481626
3,0.44828544325393926
4,0.47022529320076295
5,0.6496282414666781
6,0.5951183983912728
7,0.4658067827081144
8,0.4314767285692097
9,0.4528096726636208
10,0.6012917155848787
11,0.39303851329472606
12,0.5852573412918385
13,0.7456525387782155
14,0.5255380721698046
15,0.4791521562758005
16,0.36623782375575115
17,0.35543115319410634
18,0.6707748881606499
19,0.5230480058968878
20,0.5853451199634819
21,0.4903616404651725
22,0.6246008750913641
23,0.4399272413576307
24,0.5586913743720432
25,0.3911877262873073
26,0.6038169104751211
27,0.6245797162803047
28,0.4647930198448669
29,0.4854179433441876
30,0.6293963837216269
31,0.6406570340790214
32,0.3898904788803752
33,0.4645872171459966
34,0.640840413567843
35,0.4613155443407346
36,0.48373029196405665
37,0.5172973152570431
38,0.38637153599789975
39,0.42912077401204185
40,0.45243332928639396
41,0.5953283937933371
42,0.7427909764015177
43,0.6737060477418192
44,0.6048866955925007
45,0.6177425062566966
46,0.5662008645658704
47,0.6122338358003867
48,0.7264571010699021
49,0.6947019265669767
50,0.5423589013433019
51,0.49895613228067276
52,0.6016765743818655
53,0.5670877585530903
54,0.46755947480642446
55,0.4391414861275318
56,0.6527764125214437
57,0.33010304777784416
58,0.4009423342807131
59,0.49417579082721064
60,0.4878753905407185
61,0.453817821313042
62,0.5541554453008177
63,0.5645934646212633
64,0.5393885476061737
65,0.7855100977673242
66,0.4710740736994081
67,0.6746380013628719
68,0.40117283527161446
69,0.4116597130392191
70,0.6468047626824377
71,0.5484453482818328
72,0.43842729346236703
73,0.5409716078360306
74,0.4325737035929167
75,0.5188468025271404
76,0.45501001893250353
77,0.4198967739941972
78,0.42317455557069417
79,0.37863961012942055
80,0.3868395927815218
81,0.473745998252293
82,0.6403889858761791
83,0.644898951939928
84,0.3957360235413846
85,0.6991472793023479
86,0.6125861063134597
87,0.5022086019137759
88,0.5396707328896522
89,0.4413728993545316
90,0.5752113164255401
91,0.7126766933010443
92,0.5407578603242754
93,0.5825121598044202
94,0.5009717304289554
95,0.4327289203646927
96,0.6606870431586448
97,0.35576888236028475
98,0.5494950757638346
99,0.8317350438626165
100,0.49743744528504974
101,0.6638976783436072
102,0.5159119319946147
103,0.48082894343945703
104,0.4468453686057214
105,0.5066770345066939
106,0.5887048679049238
107,0.41567398644874126
108,0.5057217043133436
109,0.6315869114423758
110,0.4709462039880097
111,0.6261246499801905
112,0.6026560136870931
113,0.39885992555926586
114,0.5276047217569242
115,0.5806723080843066
116,0.4215883866814739
117,0.639386397942544
118,0.3840080725447369
119,0.30480501637139434
120,0.5580814628014399
121,0.5174070434963238
122,0.37399755916171784
123,0.4237458038314371
124,0.6404207681136869
125,0.48484640981394306
126,0.5070679912331413
127,0.5873325059977188
128,0.5891104083657764
129,0.6155498154366877
130,0.36164091433763246
131,0.4689113311830997
132,0.6557439967755987
133,0.551233923363961
134,0.48366816334353546
135,0.32658693706897457
136,0.5884539842137018
137,0.6363987611205018
138,0.6200300538517678
139,0.4339935203996126
140,0.4676132538038749
141,0.5119113363219271
142,0.45602816406155755
143,0.46007666562103955
144,0.5058768182058977
145,0.4284189551127596
146,0.49110892866172773
147,0.4339862831159387
148,0.4592460973207264
149,0.5267230179299874
150,0.4765483579523655
151,0.5194522184500232
152,0.3802181034363912
153,0.5777025019778647
154,0.5578118765914966
155,0.3762859064206603
156,0.533189795890171
157,0.5508164535444005
158,0.3230123465232495
159,0.4507224359518723
160,0.5152062245524069
161,0.5232291375827035
162,0.8830216122528881
163,0.5720002545942581
164,0.6904186394863859
165,0.7298731608505107
166,0.559823566020089
167,0.45762889753220515
168,0.42168498080967387
169,0.46272275636968885
170,0.570194822061125
171,0.5003606138047919
172,0.5751726688310438
173,0.6436122652946766
174,0.5650613627804708
175,0.38779252347515303
176,0.49049045618481607
177,0.5574764589750553
178,0.4980872148363823
179,0.5337224827196032
180,0.47381923846102425
181,0.544137394575212
182,0.3905581125491043
183,0.45759737071713796
184,0.5851444713991117
185,0.3290685551007543
186,0.4781734346146689
187,0.3740232441419864
188,0.5135260054275781
189,0.40861627985016685
190,0.524558375634765
191,0.6600874285798028
192,0.4473365827657739
193,0.4004140874740633
194,0.5670972842755408
195,0.37871725384127347
196,0.4887542765094519
197,0.6445612031822655
198,0.7106903982760214
199,0.5621200536833728
200,0.5898089689227998
201,0.48606773285874716
202,0.5071001185643427
203,0.5346667634393897
204,0.5660823916183768
205,0.48934731375118606
206,0.5162789200521521
207,0.4276968746401356
208,0.3259645535303952
209,0.5442662931693555
210,0.38181237525029593
211,0.5406260494645034
212,0.41519283128376955
213,0.434531637180848
214,0.45020291103925125
215,0.5228859410892548
216,0.3985736537999534
217,0.3948221617707546
218,0.5251282625402115
219,0.49253288128876943
220,0.5759190056219715
221,0.4381750999747418
222,0.4868469292222423
223,0.6951850313259009
224,0.4494347674328213
225,0.5687412376932708
226,0.33688624417667645
227,0.4188622510568404
228,0.6308928719415786
229,0.47916650653135495
230,0.6569681580084938
231,0.5746455562814644
232,0.5833439159927594
233,0.58289792450455
234,0.3818655409113084
235,0.4218487465169066
236,0.44276277483428506
237,0.6092954397141574
238,0.44310146922486854
239,0.5590667679999823
240,0.5951104950381488
241,0.5146250782112224
242,0.6631814229249517
243,0.4673542154265419
244,0.49560544027451925
245,0.6286180029740415
246,0.6846709411080518
247,0.6136452954722934
248,0.4555960149047596
249,0.5281882024411114
250,0.4223417647735363
251,0.5154414262981974
252,0.42845822493834584
253,0.5452391111621284
254,0.4974030994734766
255,0.41539035103351507
256,0.45934852048148417
257,0.590100957854036
258,0.6551403726238175
259,0.6584554891046667
260,0.5043049903531381
261,0.4675127585725089
262,0.3759095558823832
263,0.6340341802478269
264,0.2753439780080242
265,0.4655958228082325
266,0.4239351235701604
267,0.49578080677689923
268,0.5701801570050642
269,0.7796425408337995
270,0.636679076693673
271,0.4481744860993554
272,0.6975623392021552
273,0.5936533643610058
274,0.48845612929651877
275,0.5189892221724383
276,0.5360793604065839
277,0.47589136135482357
278,0.5589997260501234
279,0.5067625675111904
280,0.3908419481026323
281,0.468782640038791
282,0.45844728579775884
283,0.693327967252445
284,0.39765998485091325
285,0.509538522255683
286,0.4209861173156915
287,0.39940640956132173
288,0.38336121853365
289,0.5276183920194255
290,0.5623397820496305
291,0.5819383097823947
292,0.32260174472307235
293,0.46121288150939166
294,0.47747166666209
295,0.5601929162102669
296,0.5551425784137769
297,0.5515855176794051
298,0.384345912677022
299,0.6264724650586837
300,0.43847921067045337
301,0.4665032854089054
302,0.5006262560962457
303,0.5597882700814869
304,0.517315522503727
305,0.3774604599500908
306,0.4841783086119189
307,0.4458471480285061
308,0.6750424657692646
309,0.5317953140898843
310,0.5144582228986623
311,0.4218734033000238
312,0.5330037061584623
313,0.47856913537611295
314,0.45932044812382083
315,0.45376235596907133
316,0.4279575579589632
317,0.5092338004359438
318,0.33007905482910993
319,0.45716955516140356
320,0.5469884930012482
321,0.563538602592093
322,0.5745607713893858
323,0.3618290628611352
324,0.5078367376586445
325,0.4497908922268169
326,0.681246215106332
327,0.5122366963019332
328,0.4603808672634532
329,0.39512276037235505
330,0.6530128773436882
331,0.4781474687367144
332,0.5133999453025039
333,0.5570005554312336
334,0.4685784170258031
335,0.5461727221514114
336,0.4281596795445348
337,0.4698791767285095
338,0.5062563232819101
339,0.5045541852255285
340,0.5259748858316026
341,0.41425501542680454
342,0.6104246297072422
343,0.46787391403579387
344,0.35862397042432814
345,0.4661713801593883
346,0.4726509238503763
347,0.5386398644063948
348,0.49826685233118573
349,0.5684521342630137
350,0.5134931486893818
351,0.40980509924287634
352,0.4737236477078107
353,0.5264245853531744
354,0.5565939359083912
355,0.5072092280166501
356,0.5154960437477133
357,0.47922641741442623
358,0.5262538572354656
359,0.4162139600773237
360,0.6267698223214855
361,0.3310744173968386
362,0.650009222691452
363,0.5502460274786614
364,0.6689508480902552
365,0.4609520387667435
366,0.6302440262503118
367,0.5550660287207109
368,0.48394343139221363
369,0.4468769693400669
370,0.46858683520530536
371,0.4310044206387158
372,0.45132766058266316
373,0.4128947954908903
374,0.7697646936355368
375,0.340956558563963
376,0.4629116685138707
377,0.5236383809667655
378,0.6332209749229079
379,0.5907007493515656
380,0.5172764792305999
381,0.4671356455795769
382,0.5810988111638553
383,0.530131058335621
384,0.5726663060924099
385,0.5131405292831266
386,0.4290547893899832
387,0.29616019198594923
388,0.5630183791840118
389,0.6315780330361874
390,0.526994275436349
391,0.5207466881544879
392,0.6864604273500994
393,0.5780883497480075
394,0.5160551054007136
395,0.5020838615417479
396,0.38413012485663944
397,0.49209567399764986
398,0.5626785983005055
399,0.4880204129735727
400,0.47270288631086754
401,0.6946651233788528
402,0.4253311782634063
403,0.5618047659390404
404,0.5588214932421849
405,0.382630474969351
406,0.40889300847980026
407,0.3769511812471087
408,0.5754742358989915
409,0.5077376418163725
410,0.4327782775781823
411,0.36007407559934534
412,0.6061761424666562
413,0.516816030672333
414,0.5209514766117563
415,0.4710636349313221
416,0.4476947133998468
417,0.5740345390530598
418,0.4583134213626198
419,0.35571722893735924
420,0.5279650902303444
421,0.4999713677913285
422,0.43935004980679854
423,0.5144494384578716
424,0.47194955291496493
425,0.4241385515797783
426,0.4054245426614246
427,0.34629232698135093
428,0.6713062349084626
429,0.5909645073426492
430,0.4991950567520788
431,0.5817318750344963
432,0.5699630973809533
433,0.5008852142179251
434,0.4873473715282703
435,0.514623670095788
436,0.6278707525296838
437,0.48868050849422573
438,0.5895936238745386
439,0.5860402576264336
440,0.6422372440445513
441,0.4155867453689766
442,0.4033674584942304
443,0.5362548400254614
444,0.5344561602459044
445,0.43328451948575875
446,0.5048279960707528
447,0.40623974337658675
448,0.5005049826745678
449,0.4238603962799966
450,0.45314667198624015
451,0.3378967340902146
452,0.40582303681561027
453,0.5853700647771476
454,0.5025244510447915
455,0.42748042546535736
456,0.527368001079394
457,0.6790024925044101
458,0.49929891836846935
459,0.49552210989535
460,0.5568497321159621
461,0.4952801102017156
462,0.38688945484594717
463,0.7181967217123311
464,0.6845597462268217
465,0.38315430922748767
466,0.4284343213856674
467,0.5025124308049691
468,0.5193511689207742
469,0.5697740708714909
470,0.47966219657034426
471,0.7071525046466989
472,0.5277421389708015
473,0.6930317681053453
474,0.5877780274221919
475,0.36013283023865583
476,0.5274567569261308
477,0.46864294657645944
478,0.6329668427037907
479,0.6112460576055021
480,0.4070559879217119
481,0.38222141068258575
482,0.5726749269392226
483,0.6287219177450811
484,0.5351446131153282
485,0.7844376436118455
486,0.6131013579368487
487,0.5575744656873196
488,0.5358360961040267
489,0.6123974497719291
490,0.5841028743338056
491,0.5329678841712313
492,0.4676601891333854
493,0.26649811818400093
494,0.5089398365451245
495,0.5274129138205599
496,0.516973313717966
497,0.6304662049584278
498,0.5343485205355882
499,0.3148221869775919
500,0.7585722580052612
501,0.48840577546550823
502,0.4604651565019776
503,0.5392600154570654
504,0.5636904190182654
505,0.5265497688294264
506,0.5555056431980164
507,0.5078410694060862
508,0.4685105090708776
509,0.6369378876227418
510,0.4759986087535987
511,0.48505650610473805
512,0.49054513554286827
513,0.5224894793093248
514,0.5747143700651313
515,0.40973383387764795
516,0.2826005143405229
517,0.7059555452664019
518,0.4205405639582266
519,0.4906992498661277
520,0.2857633319840678
521,0.5630798016909987
522,0.5850598905683879
523,0.5820308784227123
524,0.49208402104933996
525,0.3886219472561577
526,0.47282079347498623
527,0.4679967222063543
528,0.43935449914008556
529,0.4320192234482688
530,0.47172120466415157
531,0.7076944200250139
532,0.46276786128551084
533,0.5481142337973921
534,0.5103651958990654
535,0.42897622025442206
536,0.5616353365741115
537,0.4888419124291218
538,0.5199180260611905
539,0.5394990439663278
540,0.5307116110846537
541,0.49282350810735787
542,0.4208334886880486
543,0.5494004618111598
544,0.5877263404316002
545,0.4317386536996479
546,0.5103479055286674
547,0.651885562674937
548,0.47352949554572354
549,0.5487551169044272
550,0.40567244025094723
551,0.3933155346383849
552,0.7702645481470578
553,0.45662345632584095
554,0.48702978530601415
555,0.364590939107023
556,0.44969071128159493
557,0.5178662203048229
558,0.7780307601305032
559,0.40422845897432336
560,0.3444205377427304
561,0.596579295500187
562,0.45014499921332773
563,0.5647921594028362
564,0.5107605241697496
565,0.5089052091543446
566,0.544989207605837
567,0.4271230359630625
568,0.4013507446551502
569,0.4467171014022
570,0.39359108069467436
571,0.48459316238408257
572,0.33327261649054885
573,0.47872773370982946
574,0.5574390338790868
575,0.5929764370927455
576,0.49823412653361426
577,0.5368974057935839
578,0.4718508479561936
579,0.6983143463530184
580,0.4722102891328405
581,0.6452764698708204
582,0.4829585549451508
583,0.4818990175145412
584,0.5194270610078022
585,0.45112573109674486
586,0.4658464174238087
587,0.5056464131956673
588,0.5985850566354408
589,0.53376738001171
590,0.6484381509858792
591,0.4105556646920551
592,0.398175185701469
593,0.554259826696955
594,0.6158979591330618
595,0.4642378887586342
596,0.48071450123220916
597,0.7758849726610021
598,0.6155714697375296
599,0.46715728694499226
600,0.5067722445664342
601,0.4512359924519889
602,0.5591879842501306
603,0.49038835709092427
604,0.5012852776638866
605,0.4424363082888327
606,0.44814543059728296
607,0.5019014123879291
608,0.37093338752539917
609,0.5969134482748832
610,0.44679333109499675
611,0.4998247060521509
612,0.47624848081415616
613,0.6005451547699434
614,0.48568171699732093
615,0.5294938105398251
616,0.39160052891496966
617,0.6071953175636775
618,0.5100054755004179
619,0.5585190264057345
620,0.40647490319310897
621,0.49260621285946815
622,0.48269307738384876
623,0.591216798137112
624,0.49310891927241635
625,0.3432850734293772
626,0.5859338712242497
627,0.5119204194444732
628,0.4651898900988884
629,0.7252429055439535
630,0.25369935259700577
631,0.5882518943403173
632,0.659250662541794
633,0.45582035307686214
634,0.5485165628399216
635,0.538858025542247
636,0.5943129373034256
637,0.4876665729261335
638,0.38816821041176136
639,0.5842439124223298
640,0.4975530800481933
641,0.5874129740521474
642,0.5017972920368071
643,0.5613313546935955
644,0.5565354998048706
645,0.3288813526387555
646,0.4130554184196342
647,0.556441921942655
648,0.44132279068021696
649,0.5246711191766342
650,0.3522947274130866
651,0.42866297166340495
652,0.44078569436207193
653,0.5785331963864805
654,0.6715016446256934
655,0.7002698842727398
656,0.46605866920037464
657,0.6112645797883065
658,0.5112789539249354
659,0.5954823099155655
660,0.45481576837477583
661,0.493226284173382
662,0.4315966077531515
663,0.44018456002258677
664,0.5836722469159976
665,0.44102302812921557
666,0.4730035196066188
667,0.4961681617347943
668,0.4671948137669457
669,0.44672865231226727
670,0.5477413354091598
671,0.5008589996282717
672,0.38545786332239
673,0.5511526998159768
674,0.5804822944186443
675,0.45618896004345577
676,0.4585605270266765
677,0.4294668765789041
678,0.5078328606354905
679,0.4291971449644696
680,0.49600660911763667
681,0.552673820381954
682,0.47332222430423215
683,0.6997801156850636
684,0.39635105667328974
685,0.47917389411023004
686,0.37254210602262455
687,0.6223495934282683
688,0.7749111619713476
689,0.3982637364608276
690,0.37760581319332237
691,0.5442169212684079
692,0.47805848421230496
693,0.40887686927853695
694,0.45200180695987124
695,0.5068397985984283
696,0.40830995515196167
697,0.4733169350042785
698,0.4395899459053742
699,0.5072501531325061
700,0.3919667122781685
701,0.5043615125734129
702,0.4996208258329545
703,0.6430666741381221
704,0.49645611006154555
705,0.4940000837443306
706,0.4929538888770142
707,0.30194641975055875
708,0.3660488076204321
709,0.540280225959791
710,0.5049481938698596
711,0.49320001989526174
712,0.45402840691874596
713,0.5050809584461781
714,0.39639188586258167
715,0.48763230736539354
716,0.7055660875045184
717,0.4388828468080513
718,0.5114310769509558
719,0.5250346439162826
720,0.4556368886139434
721,0.5726223997200452
722,0.4686656568832126
723,0.4990756632255523
724,0.4422344057669332
725,0.4677083479183165
726,0.3829223369974466
727,0.538586981655692
728,0.45841788029788033
729,0.27524296190139935
730,0.5399939999244199
731,0.49900894304723137
732,0.6350654569490346
733,0.3638303349995504
734,0.510868424175403
735,0.45794678535993155
736,0.6579069761481704
737,0.4155652226338615
738,0.5900541269540304
739,0.6374547198888909
740,0.5464078274705947
741,0.5037448975015959
742,0.5135624547056756
743,0.49540401003903267
744,0.4618931870182725
745,0.6009266548168435
746,0.566282144642163
747,0.6990733413661623
748,0.5164539193620352
749,0.27668116378311913
750,0.43526557730051235
751,0.48400256439471845
752,0.5473206167015854
753,0.7054415044753154
754,0.4237734041514393
755,0.6392154939636456
756,0.5064132450494941
757,0.46639252470726905
758,0.5458085046912101
759,0.6841142651935677
760,0.5478421843442346
761,0.5116457019100624
762,0.49672140402134746
763,0.43560898732035536
764,0.41470439885967153
765,0.5119612293107867
766,0.38310112060197804
767,0.6876934831319149
768,0.44402755513411796
769,0.4681760516300681
770,0.4455272113264389
771,0.6425174340665831
772,0.485587005685653
773,0.5584125674647961
774,0.5111079878377447
775,0.5174295498578367
776,0.4903111304466923
777,0.5166986729612688
778,0.5324593907359206
779,0.49692635339804125
780,0.5141805613017812
781,0.5017138139184274
782,0.3993894513843251
783,0.5024271305243941
784,0.5120157227147899
785,0.6025977512573218
786,0.6133496790557504
787,0.46821418166055073
788,0.47834178766662716
789,0.43894907765293245
790,0.45932143635907785
791,0.6561629320117653
792,0.6263078752809103
793,0.45013018279555367
794,0.35956591221022405
795,0.40754433845603016
796,0.45846838840887644
797,0.5869734121296744
798,0.4449012288243621
799,0.4649109224169138
800,0.3724899468643601
801,0.6540283529718753
802,0.5051985147246547
803,0.4592072702617357
804,0.44748953642349
805,0.6739120928739478
806,0.6313169366047018
807,0.736912123833542
808,0.40468225882996256
809,0.5268436343560988
810,0.4973434301472147
811,0.5845310153102791
812,0.5148139563504461
813,0.529879710568008
814,0.42294090420366004
815,0.4690373451277462
816,0.4564817541960012
817,0.47452191060060495
818,0.48338716053836484
819,0.41726327089863496
820,0.4867614916290913
821,0.498261004974935
822,0.5810752143454804
823,0.655814603659685
824,0.6252648648174203
825,0.542188863854197
826,0.5369069633399025
827,0.36611935211665914
828,0.3931774847594096
829,0.5216276664442548
830,0.4157148532879754
831,0.5369486755315231
832,0.5200557267220024
833,0.5144912456478304
834,0.5390039914711062
835,0.6085653138917161
836,0.49653872683086037
837,0.58259303744925
838,0.5113613028857086
839,0.4016208166634704
840,0.5968587296263576
841,0.6019873406657539
842,0.5852835142493831
843,0.5158348541998987
844,0.5560056107943633
845,0.5320044695641581
846,0.5403709838929385
847,0.61772701785217
848,0.44374642172808065
849,0.4402038229570434
850,0.46166946702543327
851,0.6103097154039588
852,0.40417883140426664
853,0.4931195819628502
854,0.5172107020146702
855,0.4311979011079725
856,0.31709162931149665
857,0.4530800498687587
858,0.5611398428363588
859,0.570267880533767
860,0.6282551001958421
861,0.5283344563002913
862,0.4378210615929273
863,0.430082720372473
864,0.5516615894106679
865,0.5152799201159819
866,0.5345737651534956
867,0.5626021483349655
868,0.6549970295263257
869,0.4707931194775572
870,0.511356144251053
871,0.6482455913620342
872,0.5199064861219224
873,0.5203536918029593
874,0.3883753333284966
875,0.631696054739392
876,0.5230550289936405
877,0.5385972909013174
878,0.5581197415590089
879,0.4780256654093358
880,0.5248070524587782
881,0.6152315981030405
882,0.5111179230102973
883,0.4856317798771548
884,0.4645351364418727
885,0.5153637462834048
886,0.44750265793986616
887,0.5245378519088595
888,0.3560627255103552
889,0.515015594417788
890,0.6872525239181515
891,0.5394108519975856
892,0.5815578930533227
893,0.4608979783628147
894,0.43331275956320325
895,0.4973262106317769
896,0.5032598064735357
897,0.46414831924322636
898,0.49826143343829093
899,0.5859594505474816
900,0.5105797754307055
901,0.46455006814802535
902,0.5931196433001039
903,0.5737833195718893
904,0.5042639751171939
905,0.528628643100041
906,0.527243867658786
907,0.39249811329762496
908,0.4832444568768244
909,0.5925367617207346
910,0.5681663341156052
911,0.6947355386095654
912,0.5643467611462324
913,0.5856601471915441
914,0.6009830732156144
915,0.4162565911268842
916,0.5249908625864022
917,0.3958892245845734
918,0.4696746783514699
919,0.37757149480653307
920,0.3349304978099738
921,0.44555641396699164
922,0.36906344914235095
923,0.5783025173492418
924,0.3853910989698148
925,0.41000390270308207
926,0.5230213577922824
927,0.44486171260913654
928,0.3893357533552098
929,0.42923764653669033
930,0.5278648412653872
931,0.4207388844216663
932,0.463485821071206
933,0.5127280030158287
934,0.8567326408401784
935,0.5080814437893547
936,0.4438159606804078
937,0.44213115595864866
938,0.5442424109561027
939,0.5437313253880287
940,0.5542160185283822
941,0.5456808344128041
942,0.3610268925840541
943,0.5527989699720728
944,0.5237566946176514
945,0.4556670635381332
946,0.6303579652966923
947,0.5083293381850972
948,0.5295985449388714
949,0.8086444942336144
950,0.5382415994976842
951,0.3284668887286687
952,0.41469531321579306
953,0.6922337480261445
954,0.429659101357073
955,0.5976048294239132
956,0.2881569607191152
957,0.44820101483381425
958,0.5486630513438661
959,0.4124519831033668
960,0.5195079043780866
961,0.4596354307729812
962,0.3340074511797936
963,0.5191099067318052
964,0.5195385693555011
965,0.373454338073244
966,0.42591164338526255
967,0.662700420151625
968,0.459668733944304
969,0.5390113242134538
970,0.5192833566437615
971,0.47751189586164566
972,0.49356681610810393
973,0.535576153626347
974,0.5754261277378107
975,0.5852828418481442
976,0.44816269422884925
977,0.6449855938890534
978,0.5683487104349837
979,0.50431436861655
980,0.38080676003038505
981,0.6620204773275236
982,0.6098149217824496
983,0.36655568262137417
984,0.7897913051405853
985,0.5768432035611251
986,0.5536660662882387
987,0.49802961190545575
988,0.6042410857617786
989,0.5035428367123652
990,0.4662352604193307
991,0.34253520658798964
992,0.3465096681324251
993,0.6684597450879736
994,0.5634946092427167
995,0.49112880031899947
996,0.5765467959063615
997,0.4355882294052891
998,0.434199861129604
999,0.6000000061911527
1000,0.5100055218694628
1001,0.48062306855824205
1002,0.5493887476256761
1003,0.5189779118887627
1004,0.5245630253331421
1005,0.660444670038912
1006,0.5427610863074956
1007,0.4641362895361352
1008,0.5973616223558497
1009,0.5400680995679789
1010,0.3578683679687755
1011,0.6238781229816871
1012,0.4294889665792715
1013,0.41744683372235064
1014,0.5270767610623835
1015,0.47281118558102736
1016,0.390660471929009
1017,0.6455589836223473
1018,0.37198190351288973
1019,0.5611720733820259
1020,0.39570743343934645
1021,0.45985603571169975
1022,0.4713001844375799
1023,0.4584466424432098
1024,0.4246178375024366
1025,0.5780887655723979
1026,0.54846949528916
1027,0.38927524363867705
1028,0.5580884752787107
1029,0.5511321750573152
1030,0.3389755319748303
1031,0.4767722873783812
1032,0.40466257740409994
1033,0.6322161941197579
1034,0.5384794491204318
1035,0.39431804557757166
1036,0.5732514144878573
1037,0.30327442706159735
1038,0.3928912198046265
1039,0.46996718319354225
1040,0.5990402182029172
1041,0.47950294865667153
1042,0.4906856155823917
1043,0.47760020740315606
1044,0.5184575390453314
1045,0.6635859826703747
1046,0.5872978134201663
1047,0.5523700814224912
1048,0.5388038424534363
1049,0.6012164099899127
1050,0.5626386816498758
1051,0.47135126063712174
1052,0.41603934698927936
1053,0.5520841051261065
1054,0.4287068374354486
1055,0.6694060893386169
1056,0.3969316823078246
1057,0.5423127340742588
1058,0.5799515539489821
1059,0.5386626163079542
1060,0.4362792618961503
1061,0.524637788790935
1062,0.48183061316332304
1063,0.5605124658919768
1064,0.46874177091430524
1065,0.4421047858754214
1066,0.6206543290632449
1067,0.3974958373331513
1068,0.5512366819852857
1069,0.6447926520666356
1070,0.5341386950330741
1071,0.4650919536127876
1072,0.30997839688113543
1073,0.44438296599721583
1074,0.5977702824450889
1075,0.40221346190160845
1076,0.4248713220066734
1077,0.5725602244605111
1078,0.47311413777856953
1079,0.4244842871728562
1080,0.4932021077441568
1081,0.4674459269094089
1082,0.46675805012237054
1083,0.5240890677535927
1084,0.576486218100146
1085,0.5915829022098166
1086,0.5651450484722086
1087,0.7061359067113677
1088,0.4321545689106554
1089,0.4765385782247569
1090,0.4400852256151216
1091,0.47475968176954497
1092,0.6201475878269664
1093,0.5114048543175373
1094,0.37035286523216415
1095,0.6778308866632861
1096,0.5713702525807726
1097,0.5017950492841162
1098,0.5308926862984452
1099,0.3997551746261885
1100,0.5029125649440371
1101,0.4960118202349221
1102,0.5066335073864121
1103,0.47785898678128125
1104,0.4247832105497403
1105,0.5449042192456521
1106,0.5635965493352548
1107,0.44367986174741025
1108,0.432897980290281
1109,0.5961286927480867
1110,0.6307616396253058
1111,0.5661821236235446
1112,0.4185059319835812
1113,0.48187623508055966
1114,0.3641900909249369
1115,0.4346845767122702
1116,0.4811279806632006
1117,0.5640527203904588
1118,0.3691418383024479
1119,0.4174291526438726
1120,0.45591966320407584
1121,0.6297715099159087
1122,0.46306758018445127
1123,0.5273228554003888
1124,0.4863205580323294
1125,0.46639520532259404
1126,0.5088975517066573
1127,0.4411960665816105
1128,0.38068514919059854
1129,0.5893476740785738
1130,0.5201421208498992
1131,0.5757533432706672
1132,0.5064720839366526
1133,0.37935170456447814
1134,0.42739172752065824
1135,0.5284694626844559
1136,0.7253048918090911
1137,0.4755677869853009
1138,0.5969785999472049
1139,0.5943610687699108
1140,0.5906737141176509
1141,0.586110566230311
1142,0.4124553358054265
1143,0.29748042266958874
1144,0.5462485983967623
1145,0.5147753365300601
1146,0.3735808365656054
1147,0.5647255639865918
1148,0.5618655765365214
1149,0.4618380913605835
1150,0.500351326628246
1151,0.4541112695717675
1152,0.3958237756771431
1153,0.5371870037945
1154,0.5253865885242385
1155,0.297541854006279
1156,0.46350771041062283
1157,0.5157642012762865
1158,0.6042664710173634
1159,0.49974620169659933
1160,0.6972106200552958
1161,0.24706704524409356
1162,0.5378404501494863
1163,0.506266935553431
1164,0.5666617367907046
1165,0.42538966441062775
1166,0.37471611072568634
1167,0.5425751157894793
1168,0.40833303568653123
1169,0.5337784828553731
1170,0.5580947770226455
1171,0.5466343164879507
1172,0.663417292381944
1173,0.5355752831635736
1174,0.38034823537518203
1175,0.4710300432021314
1176,0.5055374148073032
1177,0.4216410227488008
1178,0.5285431642305698
1179,0.28987942366729447
1180,0.47870379756794434
1181,0.46305643062322
1182,0.5000806629090336
1183,0.4841192006115641
1184,0.42829619743087466
1185,0.5732031725439442
1186,0.42652694164949134
1187,0.575394182415892
1188,0.6200519972491451
1189,0.38027028290950926
1190,0.2702859298022444
1191,0.44107262172097067
1192,0.5103699581898418
1193,0.514743926700904
1194,0.40753202657056004
1195,0.5969018476852859
1196,0.37493080686042257
1197,0.5632111787162489
1198,0.5817839593888946
1199,0.6120073152897111
1200,0.5355479578379235
1201,0.533373833235589
1202,0.5210839580117668
1203,0.49251590904236386
1204,0.5762165084974671
1205,0.4671850916654171
1206,0.6971087206234508
1207,0.34770184731522946
1208,0.5747357725001594
1209,0.47376080187612235
1210,0.5417297380961076
1211,0.6697975913025659
1212,0.5040860861110468
1213,0.45600487013311874
1214,0.46830109796953895
1215,0.41398511431207197
1216,0.4567770063875528
1217,0.6237638165556961
1218,0.5915035934237424
1219,0.5495529564797921
1220,0.6511040597106068
1221,0.5810485877207276
1222,0.48569119743831135
1223,0.44866696597675415
1224,0.49217432907929726
1225,0.5869615027515452
1226,0.520202144319501
1227,0.4465553824015075
1228,0.4118072559629556
1229,0.5298534641953803
1230,0.6152019324204905
1231,0.4887796802624397
1232,0.5154253421663635
1233,0.42448221094577127
1234,0.46636233755459067
1235,0.5008284077970686
1236,0.5745155087327731
1237,0.5371715059021566
1238,0.4226117252960395
1239,0.5739059296449008
1240,0.643827930075814
1241,0.6538926316735358
1242,0.5435850705576372
1243,0.4806937941317065
1244,0.4929826419327598
1245,0.4708914362359085
1246,0.5110223903674839
1247,0.47689514995497356
1248,0.5140652208645399
1249,0.4794909853461871
1250,0.43180283377176554
1251,0.6479337057595107
1252,0.4954074400857041
1253,0.40261992172998706
1254,0.40700374570756676
1255,0.449967418592451
1256,0.5585747748394023
1257,0.46417498479186753
1258,0.568290661625902
1259,0.5897021529046693
1260,0.5253413667609584
1261,0.4681887663462622
1262,0.4342408388312886
1263,0.5893312801763683
1264,0.49707912375495605
1265,0.500551987089613
1266,0.588419349249178
1267,0.4912601395882004
1268,0.4218942992176061
1269,0.5166862364476271
1270,0.5137126469946465
1271,0.4588218329900544
1272,0.48864411793419155
1273,0.5018005783839489
1274,0.3498360156346094
1275,0.49673350336816946
1276,0.43816570082278383
1277,0.5442145423178952
1278,0.6104343472197138
1279,0.3184310589122213
1280,0.46087897134299927
1281,0.5581509697255933
1282,0.3873530123027658
1283,0.4830248627385339
1284,0.5087607833136598
1285,0.5042177191628611
1286,0.42223771002338856
1287,0.32541902338635453
1288,0.48238553890352864
1289,0.5845952201399643
1290,0.6023261153527564
1291,0.5126901840471987
1292,0.3718658600775687
1293,0.5491149541524545
1294,0.4299999956912074
1295,0.569077518900516
1296,0.553175123659248
1297,0.4788291316726445
1298,0.631736728982535
1299,0.49117539735944105
1300,0.5243874787868015
1301,0.4292532551990643
1302,0.33670048946205455
1303,0.45710135908109856
1304,0.4030663086855636
1305,0.44465947934753264
1306,0.47751867058472297
1307,0.49628726698940223
1308,0.5829354187972356
1309,0.4393651192378277
1310,0.505610419145599
1311,0.5642715236270764
1312,0.49063334634943384
1313,0.48330229945819186
1314,0.4571881311626838
1315,0.6062405411311769
1316,0.4813482286729268
1317,0.38735677998893514
1318,0.5490632852706727
1319,0.6108562694567073
1320,0.5234862552828613
1321,0.5936393557262055
1322,0.5523187280141243
1323,0.6437268506585346
1324,0.4766682141110704
1325,0.48371163213935
1326,0.34176940598417604
1327,0.5396805012418463
1328,0.6355886776155865
1329,0.5274103845495635
1330,0.33064792909580487
1331,0.4486521940047817
1332,0.508178607595698
1333,0.444792098614811
1334,0.5010729242689348
1335,0.4788935343699065
1336,0.6665383153518607
1337,0.5938392877167414
1338,0.5348863112614697
1339,0.5504808817917564
1340,0.6063075576979177
1341,0.47496487192806675
1342,0.4299565228684862
1343,0.6045272976277927
1344,0.3209115285368259
1345,0.4649140737438663
1346,0.5556836329005211
1347,0.501910750090882
1348,0.3460012647232057
1349,0.5365351669289038
1350,0.4421387810187192
1351,0.6089748732957538
1352,0.5646925961699617
1353,0.45109565932229223
1354,0.5821940973661008
1355,0.5933214901224696
1356,0.5584619347559399
1357,0.531823868108048
1358,0.6592822709192807
1359,0.540903292285554
1360,0.6133821621954252
1361,0.6203920102975671
1362,0.3870497473796684
1363,0.5355774079734689
1364,0.7354383597977934
1365,0.5451506076278241
1366,0.3306533893320505
1367,0.403492601024195
1368,0.619000422593557
1369,0.4393191073791403
1370,0.506455004657145
1371,0.45253256701945177
1372,0.5437697999636962
1373,0.4826130035592549
1374,0.6643587070971866
1375,0.5310677379040871
1376,0.4105942305559297
1377,0.5553765997485481
1378,0.6050296154087021
1379,0.5144677486715676
1380,0.583948304611583
1381,0.477151645853144
1382,0.5399706124338082
1383,0.4156946429237164
1384,0.44509181146722643
1385,0.49947973682023217
1386,0.5320085333433444
1387,0.5992821506321335
1388,0.44371008954911
1389,0.3262212179593721
1390,0.4686333154724622
1391,0.6090279741799977
1392,0.5632142414631285
1393,0.5264687311659257
1394,0.5805992559905263
1395,0.508878571932348
1396,0.5551308447038541
1397,0.4145916942100309
1398,0.4109367035771564
1399,0.6141652957581762
1400,0.48012799215739843
1401,0.38311462574202326
1402,0.44680101193886046
1403,0.46300928723227464
1404,0.6259844971183123
1405,0.39873878797492623
1406,0.6246032927140839
1407,0.5407528627257768
1408,0.48774042616820396
1409,0.4577142920988223
1410,0.5140189126439328
1411,0.5619073383924886
1412,0.54240953613703
1413,0.49833278626955485
1414,0.5150289365111737
1415,0.49180387653329444
1416,0.5386204679595368
1417,0.4549459455629201
1418,0.6338143280017345
1419,0.4990039998097649
1420,0.5596518063894298
1421,0.4141104109736335
1422,0.4412768330651132
1423,0.5626248049366556
1424,0.4853957269876885
1425,0.5860507957573591
1426,0.6187863590865456
1427,0.5984911306235821
1428,0.3443982773077562
1429,0.4422692646884981
1430,0.3979396485546576
1431,0.49763483771258205
1432,0.49536887326626905
1433,0.6039277784143433
1434,0.5370995620881676
1435,0.46319048148251313
1436,0.43383174838476957
1437,0.45667459556541246
1438,0.5420107822147214
1439,0.37906912592507946
1440,0.45524155228599433
1441,0.32354934782669326
1442,0.5197198958145437
1443,0.4988029879289566
1444,0.9044788217493633
1445,0.46200772933719325
1446,0.42280292662514996
1447,0.4823586142842015
1448,0.5628561071866652
1449,0.39309018931516027
1450,0.4247278357735236
1451,0.4947046829152533
1452,0.46814374166532646
1453,0.5178485589085143
1454,0.3988611498541734
1455,0.39305945764147376
1456,0.5182037474026753
1457,0.4184749393072801
1458,0.4748575947102277
1459,0.5467163147169429
1460,0.3964382664816961
1461,0.38761860714023216
1462,0.634061638814065
1463,0.5212029810213719
1464,0.44239947058211226
1465,0.4593890771914526
1466,0.45780308020601107
1467,0.5381870218401995
1468,0.5713167272959705
1469,0.5054392445434034
1470,0.5522857494639504
1471,0.34703897782465665
1472,0.4704087907527167
1473,0.5003978275023916
1474,0.4776640833072021
1475,0.5267221886739085
1476,0.655674063974218
1477,0.555516594942123
1478,0.615825641917545
1479,0.6352050597996012
1480,0.524375598969541
1481,0.438357209729759
1482,0.37287259524475497
1483,0.3082672531548888
1484,0.6229517564847944
1485,0.45678900554145396
1486,0.5754925216410351
1487,0.6216878841893131
1488,0.40908131172637363
1489,0.4189411933943513
1490,0.6588623244534881
1491,0.44159170712938045
1492,0.4949821427313527
1493,0.4737487951230379
1494,0.5823024977306483
1495,0.7003213884074917
1496,0.5329195135143352
1497,0.48324947174974453
1498,0.6827154354689349
1499,0.5319324151242383
1500,0.4989769385311297
1501,0.6814011515193312
1502,0.43048392318775897
1503,0.6081594684240932
1504,0.546104945607831
1505,0.6234691052373686
1506,0.5392046377555934
1507,0.5474213253450914
1508,0.8345388079478294
1509,0.6594066141142517
1510,0.5501961540557484
1511,0.4653029482586902
1512,0.5868441576278276
1513,0.37134762685449
1514,0.700725994743918
1515,0.5013415917398268
1516,0.4849464862374539
1517,0.7250537876970478
1518,0.5688651533163681
1519,0.5436204009631461
1520,0.6211348677529448
1521,0.456551090351692
1522,0.5138312011978986
1523,0.4028253140090819
1524,0.5328072519055713
1525,0.5640404847517133
1526,0.3905986318133265
1527,0.47819425910798447
1528,0.7103975796320399
1529,0.5032399238595028
1530,0.2936762849807959
1531,0.5079308890638745
1532,0.36322044251002916
1533,0.48325807463133724
1534,0.5684441635756691
1535,0.31404668154468135
1536,0.47341480907990857
1537,0.6617897333656845
1538,0.44100538600387706
1539,0.4927363086514903
1540,0.7480568611875964
1541,0.613450348240008
1542,0.6792735494875141
1543,0.6085229991604912
1544,0.5805262648823226
1545,0.5077564887008937
1546,0.588859720988644
1547,0.4184054407381135
1548,0.49648612123519126
1549,0.548757587458582
1550,0.418370861689396
1551,0.5555382089799544
1552,0.5232851557303925
1553,0.5764121373590568
1554,0.5407400786640145
1555,0.6058943602355148
1556,0.40956417739132156
1557,0.45179327888633547
1558,0.47025972150009615
1559,0.5853722782735203
1560,0.42977771782063473
1561,0.46810547766866306
1562,0.43132479076829305
1563,0.7440953361174039
1564,0.48537836022410485
1565,0.5012676870405502
1566,0.38465884873338924
1567,0.49824875494224563
1568,0.3658921994001206
1569,0.5223297259860885
1570,0.46411825752752744
1571,0.46486166263041107
1572,0.4142160858735403
1573,0.4806871267180676
1574,0.5137773066786003
1575,0.3774826759722837
1576,0.5604664972938777
1577,0.4883940604876066
1578,0.49827819591575145
1579,0.5599152364032055
1580,0.2792535704060032
1581,0.5475510778286352
1582,0.4774680385944249
1583,0.4690642700001002
1584,0.6324845293258557
1585,0.45500038782410607
1586,0.6613667919983828
1587,0.5223100918240742
1588,0.531463447515183
1589,0.5226523374933076
1590,0.5235507825097994
1591,0.5319140664559096
1592,0.5843808892652588
1593,0.4591555067412571
1594,0.4894674459221796
1595,0.5054780125943547
1596,0.5041831345128647
1597,0.5979789954323531
1598,0.5284649934038442
1599,0.43353048060952115
1600,0.631062585225317
1601,0.5295393671141623
1602,0.47371403778918947
1603,0.7501116670537817
1604,0.3761665311921205
1605,0.4708419998854349
1606,0.5963827506901818
1607,0.6058387447053281
1608,0.5389574483011197
1609,0.5384525705398654
1610,0.48545458628232435
1611,0.5201634304406583
1612,0.4145715366952256
1613,0.45598795956105886
1614,0.4203891667916633
1615,0.6742527708567563
1616,0.7320514884794349
1617,0.38249508226755036
1618,0.48046499183722546
1619,0.5619938490320586
1620,0.3954870327192828
1621,0.48829956270127195
1622,0.5365042564850773
1623,0.5313284077306619
1624,0.5397151914733188
1625,0.4418474323788323
1626,0.5469036589360532
1627,0.38580085834778644
1628,0.5568892481911577
1629,0.49343610143469613
1630,0.5489642586342443
1631,0.531513033134112
1632,0.610196166150396
1633,0.4134863758968069
1634,0.3769746676651381
1635,0.6426328459649686
1636,0.5930635024591373
1637,0.4564933522899665
1638,0.3679553852301082
1639,0.5264660778411606
1640,0.5293516961762169
1641,0.5454266542886125
1642,0.3714801340681982
1643,0.5350092597831763
1644,0.4970355666605146
1645,0.5509382752271847
1646,0.457031895613494
1647,0.5148367949861543
1648,0.4419947016676446
1649,0.5546221689282015
1650,0.6234791418560325
1651,0.50260117981589
1652,0.39551159366224553
1653,0.5664120108545713
1654,0.4341081807827564
1655,0.43434318644445286
1656,0.4615098997558268
1657,0.45873380529343133
1658,0.5231903351934897
1659,0.5123734004214751
1660,0.7024727177697753
1661,0.5310566387387472
1662,0.37430474301415284
1663,0.3610873080145155
1664,0.5307992355180825
1665,0.5011435702697971
1666,0.5164951050225317
1667,0.5174217804795608
1668,0.30480505489340426
1669,0.4198177774422238
1670,0.4105863534466878
1671,0.4651963919499019
1672,0.4373797698791235
1673,0.5154216851141269
1674,0.3789507604145505
1675,0.5400110031224338
1676,0.587693617400432
1677,0.5402737303061147
1678,0.5294337642872154
1679,0.432524422653499
1680,0.584163391833653
1681,0.46622649280294926
1682,0.5644319374637669
1683,0.5044529118515851
1684,0.5767652491786356
1685,0.3931921843666215
1686,0.5486691471992994
1687,0.5430413807811165
1688,0.4549247758691546
1689,0.5117101941804765
1690,0.49802391079756814
1691,0.42285092302725813
1692,0.38804072804979395
1693,0.5543722752716207
1694,0.5013993401394468
1695,0.5097815556066719
1696,0.509990606328161
1697,0.5848319508420138
1698,0.5024523055229593
1699,0.42832251872338944
1700,0.5306375900231014
1701,0.5096746288724732
1702,0.5006015549103342
1703,0.4429594368813325
1704,0.4874884750059715
1705,0.4889211249770824
1706,0.44184428370921935
1707,0.700126109275397
1708,0.5684487851730289
1709,0.5445474379770444
1710,0.5439764020721857
1711,0.5207893739851311
1712,0.48848975165507064
1713,0.3524982277952135
1714,0.5553078667369831
1715,0.5729792291211753
1716,0.4894639992877563
1717,0.49343520508697064
1718,0.5266010627882208
1719,0.5946931401308142
1720,0.47545328672956577
1721,0.5704895373132903
1722,0.645642767994013
1723,0.49781308401606833
1724,0.5209678835046964
1725,0.4424117806896467
1726,0.5495987051367943
1727,0.4002773873371651
1728,0.3448307084359131
1729,0.4380305359087117
1730,0.5728216912989197
1731,0.5714289839230594
1732,0.7194409878478679
1733,0.5333402420927161
1734,0.4558966888464345
1735,0.5327879946307597
1736,0.4496247724405197
1737,0.37281724102554503
1738,0.46656857857974704
1739,0.5166000693730071
1740,0.8465482703040046
1741,0.4713799001700469
1742,0.3573316661138088
1743,0.49547903272969934
1744,0.5048820127980732
1745,0.5038271897654217
1746,0.59040781695975
1747,0.40148951035655756
1748,0.5005293022019286
1749,0.6175734097902095
1750,0.556330497239662
1751,0.5210282022332401
1752,0.6553229848079312
1753,0.508497567948336
1754,0.5003907369645041
1755,0.5093449308378776
1756,0.36892506297979355
1757,0.46948710609409494
1758,0.6767809162915118
1759,0.5863880865238182
1760,0.5448219420844679
1761,0.5256614281018186
1762,0.48841846673968936
1763,0.6490545691786574
1764,0.5729594091544887
1765,0.48658223084840413
1766,0.46722324564834766
1767,0.620648864537173
1768,0.6388433212963106
1769,0.41868173260613767
1770,0.5741720599435759
1771,0.5418463053191742
1772,0.2738371318613242
1773,0.4977413354783927
1774,0.47429884499233443
1775,0.5030668684826448
1776,0.5203100800046259
1777,0.5275731009501698
1778,0.39764106577964464
1779,0.455204124189452
1780,0.5714433214444522
1781,0.506064699507912
1782,0.4665376628329316
1783,0.582397056454526
1784,0.43482999101759157
1785,0.6129384361365701
1786,0.5411702299747392
1787,0.5004422883224126
1788,0.4118060781361856
1789,0.43718972448860594
1790,0.6485849456468236
1791,0.6129044148973314
1792,0.6762772920737206
1793,0.49040030004983326
1794,0.3177935429781237
1795,0.3842028114211422
1796,0.6312114542428089
1797,0.5249161351806283
1798,0.468954889541519
1799,0.2987232087379223
1800,0.5582726588729358
1801,0.3722248186878364
1802,0.47696703829466447
1803,0.6721301767215357
1804,0.48073518593271636
1805,0.4301286895031534
1806,0.4811238443192927
1807,0.4779214553296014
1808,0.45431864632977836
1809,0.7192413233582854
1810,0.42614549745393127
1811,0.37414438262263666
1812,0.32977888344780015
1813,0.4084002010058173
1814,0.5968070022618288
1815,0.4184007408017124
1816,0.3704706245871644
1817,0.6203185135793147
1818,0.47437265779236915
1819,0.6737332720063384
1820,0.595137352307829
1821,0.40014339045709646
1822,0.5569239003027561
1823,0.5143271821797976
1824,0.49033192952145876
1825,0.48301336285152613
1826,0.3668389937620079
1827,0.4712806855746868
1828,0.5127969193871632
1829,0.6749501917457558
1830,0.6803957602904132
1831,0.5309370572332061
1832,0.5147297784494185
1833,0.5374003244190855
1834,0.35326624079808183
1835,0.42439418670015594
1836,0.596785070102988
1837,0.5967243593107975
1838,0.6338746578036166
1839,0.5841766967134425
1840,0.5925104943351981
1841,0.5715300390676474
1842,0.34389464771454115
1843,0.4700135890864867
1844,0.42629750550774903
1845,0.6858506400655715
1846,0.5637262231460837
1847,0.43174122538249393
1848,0.5487244439983647
1849,0.4636890106557657
1850,0.549370651142508
1851,0.38603296745364846
1852,0.5064508443235268
1853,0.569651672990346
1854,0.6040998623499907
1855,0.42442703453570285
1856,0.3522965447021053
1857,0.614598497799202
1858,0.4123773563945907
1859,0.4359032896738732
1860,0.48986045828826424
1861,0.5863737860313739
1862,0.5447834864178926
1863,0.5415329943755333
1864,0.3968054727380001
1865,0.5600486724898024
1866,0.37548345063055133
1867,0.4035312279813349
1868,0.385487405802214
1869,0.5187577570802823
1870,0.542589771303757
1871,0.49307162938718246
1872,0.47259287307236236
1873,0.5240456270586752
1874,0.4462797857326819
1875,0.5176218234535156
1876,0.4886760289891657
1877,0.4394878459689023
1878,0.48921827667483564
1879,0.3880895619367726
1880,0.5236883587978757
1881,0.4184013209442796
1882,0.6592504909829023
1883,0.30100880268477087
1884,0.6124196130440999
1885,0.41298973132953243
1886,0.42575872443143703
1887,0.5385943320338518
1888,0.579752925377204
1889,0.5729699809480358
1890,0.5012845222423492
1891,0.41492959879291724
1892,0.421348913449807
1893,0.48045389089172563
1894,0.44379934676037197
1895,0.38960362308663943
1896,0.5179729594334167
1897,0.5943120232167475
1898,0.5494944151841854
1899,0.3800357485172786
1900,0.42070157092069294
1901,0.51680379973205
1902,0.5645834016049537
1903,0.5135811213236775
1904,0.5984378045101184
1905,0.5651102423694571
1906,0.8221659108924892
1907,0.6204457100279284
1908,0.39013454222528865
1909,0.45933310235487046
1910,0.4789650308922773
1911,0.4618815711284882
1912,0.5154810179047481
1913,0.48163584390638725
1914,0.4765057652232214
1915,0.5894562349385997
1916,0.4755147185017337
1917,0.5105972338593674
1918,0.35348555949747223
1919,0.4638056002526015
1920,0.7700090299749114
1921,0.40987542357471596
1922,0.5629585065024112
1923,0.6800465214622793
1924,0.4718635283080364
1925,0.6723300104944057
1926,0.5851881487292881
1927,0.5295779605009757
1928,0.4899931470976147
1929,0.37839065230520863
1930,0.4712204934626856
1931,0.504059088729151
1932,0.5681796261575558
1933,0.6722262771938838
1934,0.5496019271815381
1935,0.6736804954453555
1936,0.5480176935679556
1937,0.47471680239091874
1938,0.48644340692617755
1939,0.5262639271955761
1940,0.4289012202159807
1941,0.6472702815374348
1942,0.4488516011577093
1943,0.6104741342167889
1944,0.45001418814605554
1945,0.5118168119001001
1946,0.5385113641240239
1947,0.48761769318148385
1948,0.6853310819902156
1949,0.5783249042890133
1950,0.49554895426246276
1951,0.6292506275200034
1952,0.4566383936664825
1953,0.33170368082258994
1954,0.5511756784323608
1955,0.5948974397190152
1956,0.537389635045862
1957,0.5331872324413509
1958,0.527868729854893
1959,0.6163410400714638
1960,0.5071229194497239
1961,0.49712375084517335
1962,0.41172737169553053
1963,0.5457976660329942
1964,0.4903492161521748
1965,0.5735171453246765
1966,0.5641585995812199
1967,0.40895738424701256
1968,0.42427738433591705
1969,0.6129266935386469
1970,0.45038953057706804
1971,0.6532938490932073
1972,0.4044001517764722
1973,0.513239286182444
1974,0.5502034397056252
1975,0.5881660012614391
1976,0.3655730773015758
1977,0.32300722622074407
1978,0.5333184290326064
1979,0.6561481955990055
1980,0.5113275675459505
1981,0.5440256826429518
1982,0.6578535723673736
1983,0.5759266514110886
1984,0.5677378018414779
1985,0.5271865388297846
1986,0.35127616326425665
1987,0.5965308384419157
1988,0.5544455828256512
1989,0.5379361566398034
1990,0.3793563478402712
1991,0.4875786816444594
1992,0.643094343800888
1993,0.5507303806568576
1994,0.4809082897338316
1995,0.6917616547484127
1996,0.44856314358641547
1997,0.5319909616875165
1998,0.5177207450508584
1999,0.4156346883429711
2000,0.5202830913816466
2001,0.5740518278919876
2002,0.5686414596552013
2003,0.42952995710629993
2004,0.44259970481687416
2005,0.43195135558940995
2006,0.47474098917115803
2007,0.5327750191750243
2008,0.35766561703300803
2009,0.520225794242384
2010,0.4704222103625234
2011,0.35988423677062986
2012,0.47688189050823904
2013,0.4939022078010325
2014,0.6384328624448488
2015,0.4778599051912016
2016,0.5747312394314088
2017,0.6715448472598322
2018,0.4237818813315972
2019,0.44984534432542506
2020,0.6565720514894302
2021,0.6074400705343053
2022,0.4824087389302718
2023,0.40457830746728835
2024,0.6080281680915419
2025,0.5645022683776579
2026,0.38814288191594354
2027,0.4204001801476085
2028,0.4206117532963016
2029,0.497794142865543
2030,0.5204343106033748
2031,0.6361043033641698
2032,0.5185840674439337
2033,0.37543894236299813
2034,0.5159601088112014
2035,0.5563943429414451
2036,0.6706829979092767
2037,0.39294720430958785
2038,0.41235174642212624
2039,0.7209550735015917
2040,0.42725678294441205
2041,0.5424120951894729
2042,0.4482927305344981
2043,0.581244581957322
2044,0.5375244881649291
2045,0.5581741318573938
2046,0.6646890708713662
2047,0.49616149509035223
2048,0.49324288035367037
2049,0.4381702213184722
2050,0.4353868624685384
2051,0.5144899439624543
2052,0.5450091835759722
2053,0.4979323128230482
2054,0.4174111979188296
2055,0.3621631319887152
2056,0.5256156731400351
2057,0.41385171199627324
2058,0.41791145155601045
2059,0.5372115629567602
2060,0.4909436438578639
2061,0.4725686284208756
2062,0.4762926850374509
2063,0.5446700541690326
2064,0.5115924306895152
2065,0.5253451404880716
2066,0.4146730927985257
2067,0.4943532376763492
2068,0.5600657952270669
2069,0.46309139167223273
2070,0.5394471153159001
2071,0.5087660301977509
2072,0.521374133153344
2073,0.4357260992025348
2074,0.6101507495797335
2075,0.49188090473319357
2076,0.5521801739014389
2077,0.34659275426602487
2078,0.4793914216125963
2079,0.44271271938327733
2080,0.4504857914396491
2081,0.6116426218321673
2082,0.5728096241739118
2083,0.5297947967831412
2084,0.5658108511267151
2085,0.6504785592742067
2086,0.4031900254430292
2087,0.6138548879444039
2088,0.5046445356589588
2089,0.5312185627982277
2090,0.5053845261506551
2091,0.5056272693160254
2092,0.5685906019981207
2093,0.5922873773239878
2094,0.4992752046578097
2095,0.5221895981784924
2096,0.4596813391825854
2097,0.6567454931492748
2098,0.5454768746293911
2099,0.5920526595694912
2100,0.5044253921173777
2101,0.46173015867904366
2102,0.46704887356322855
2103,0.35519714758328774
2104,0.6871983397345363
2105,0.3831610420857856
2106,0.5254017854633817
2107,0.4174554121833479
2108,0.4419783761712851
2109,0.5382622670071816
2110,0.4456840121630246
2111,0.3798777125225943
2112,0.48239923015289865
2113,0.37652988286902833
2114,0.5947204877582744
2115,0.5836749186298573
2116,0.32327804970480517
2117,0.5001928808117196
2118,0.559365657786514
2119,0.39814213620202166
2120,0.511171133503249
2121,0.552394225255458
2122,0.45270730784658797
2123,0.556788297688094
2124,0.6079709526161847
2125,0.45169508873767417
2126,0.4592507862833176
2127,0.6429731946693029
2128,0.43891223388924894
2129,0.5164202080212854
2130,0.3964827932919975
2131,0.42525642204940556
2132,0.6201061605695867
2133,0.3082242027634515
2134,0.4191875631558066
2135,0.5784851464813094
2136,0.6274793380296817
2137,0.47915871492123435
2138,0.39996611432275436
2139,0.6515520388359187
2140,0.4337510137981623
2141,0.5736653072481964
2142,0.5559818498012151
2143,0.5273496436914444
2144,0.5463727900469001
2145,0.5200694463950676
2146,0.6349334239587257
2147,0.5641002036536302
2148,0.551352455156244
2149,0.48356898147464433
2150,0.6427046458767542
2151,0.5297904498653274
2152,0.47472552360893655
2153,0.46975547710454885
2154,0.4224043346265548
2155,0.5973944050650513
2156,0.43409113428499024
2157,0.5231122601573389
2158,0.5314753366932327
2159,0.503538057848465
2160,0.4172118018268719
2161,0.489378965335317
2162,0.2622164433478947
2163,0.5627186231223906
2164,0.5878453312932039
2165,0.49631566277988615
2166,0.46558065987818165
2167,0.4457268439991249
2168,0.626016925147888
2169,0.5367175991379243
2170,0.5584168159808828
2171,0.4955633654301967
2172,0.492344730795944
2173,0.44697801648736946
2174,0.7795869294279376
2175,0.5588042068159942
2176,0.8046394731884675
2177,0.43452089756777124
2178,0.6171566879869448
2179,0.5042565894530177
2180,0.5930740238290444
2181,0.3508772779870283
2182,0.5956136517847841
2183,0.3781271304604571
2184,0.605484123718934
2185,0.395831251789437
2186,0.506395180373697
2187,0.6448754171081104
2188,0.5342516014219708
2189,0.40037256763048606
2190,0.40371825519632354
2191,0.612098667653838
2192,0.6285111895219435
2193,0.39709981664536725
2194,0.46966027742523897
2195,0.4995980249805349
2196,0.3596021984174822
2197,0.36424088376178443
2198,0.5250796754031061
2199,0.46921939690800235
2200,0.6479191785917406
2201,0.3405719701175162
2202,0.5641675606535118
2203,0.5152350898430971
2204,0.5399428723680376
2205,0.5757814342704716
2206,0.5218095668327577
2207,0.4957009184581983
2208,0.44847646719569556
2209,0.5507878275117182
2210,0.5218450470836812
2211,0.40910990575894973
2212,0.37683197182120465
2213,0.7050219526147532
2214,0.4432723413038708
2215,0.5203812968324683
2216,0.508576056912429
2217,0.4386423736931263
2218,0.3767952526466889
2219,0.42928078020078825
2220,0.46953094495378606
2221,0.507240589119623
2222,0.49555275441027197
2223,0.5170504773863495
2224,0.6151602354764691
2225,0.5275665271051309
2226,0.34149033028803233
2227,0.47352117446307657
2228,0.6482754018894467
2229,0.5209073358457524
2230,0.667624641730143
2231,0.40304089533266424
2232,0.5153145357884628
2233,0.5644283155099078
2234,0.46994648391858557
2235,0.45464053942466554
2236,0.4865382056556826
2237,0.5890811897467962
2238,0.4749891330780003
2239,0.738508654483472
2240,0.6123557081762577
2241,0.45905251413918935
2242,0.50425017258178
2243,0.5547078807790138
2244,0.29971908501580413
2245,0.48257061215687713
2246,0.47578643765366685
2247,0.531160283229417
2248,0.5572131424090052
2249,0.5907064758980283
2250,0.35845782693838424
2251,0.44320958409635935
2252,0.5042230595170928
2253,0.537352548902076
2254,0.5128403183498915
2255,0.5570775078312259
2256,0.590258911888953
2257,0.4669255457963462
2258,0.48472738786996317
2259,0.4303978720600181
2260,0.5032160808069148
2261,0.45530438388631955
2262,0.35433669666628614
2263,0.46154236864461584
2264,0.6332376931399133
2265,0.4631877779796535
2266,0.6180507577128682
2267,0.3633879873745588
2268,0.42658178414426556
2269,0.4955504269067651
2270,0.44745732211181655
2271,0.5131562363318205
2272,0.46418364611942536
2273,0.49826218859683197
2274,0.48116037771171855
2275,0.5788937564904828
2276,0.4210580640701446
2277,0.5152420734184588
2278,0.4560349983283045
2279,0.41173015694315995
2280,0.5515723369134519
2281,0.668556412046813
2282,0.5429229230184957
2283,0.5241240265374361
2284,0.3712350971160192
2285,0.4767061371738993
2286,0.6396544659068761
2287,0.33998736589413037
2288,0.4424026650594256
2289,0.6313073458730827
2290,0.3944447164923616
2291,0.4994299152879485
2292,0.4784896515859074
2293,0.35429579056863303
2294,0.5762292406703555
2295,0.3792467913179623
2296,0.5178604932750736
2297,0.6126604460790672
2298,0.4467420807441716
2299,0.6100170804628938
2300,0.5693095057755652
2301,0.36388596664551687
2302,0.49730844179536743
2303,0.5002060487736051
2304,0.499598645362783
2305,0.4637261481556686
2306,0.6163384384784295
2307,0.6844086003180693
2308,0.4767398994758582
2309,0.48773361413568406
2310,0.4649042963041354
2311,0.5615451900002775
2312,0.42383916169414443
2313,0.593129150621378
2314,0.38750017012873605
2315,0.39239587649750945
2316,0.4799046827013209
2317,0.5013047919274449
2318,0.487908458091439
2319,0.624920028639587
2320,0.4750365368184604
2321,0.5219773026199723
2322,0.4676392470589476
2323,0.4463105342222281
2324,0.6270973613393223
2325,0.4882079581812187
2326,0.45844992434392046
2327,0.6166402601853939
2328,0.42807835057771904
2329,0.4698946789320625
2330,0.5213895804405618
2331,0.5464822532579836
2332,0.5416467663868254
2333,0.4663503530502194
2334,0.6472088208893897
2335,0.4056728835719633
2336,0.6431132379490223
2337,0.42591528181963667
2338,0.4623154505754987
2339,0.43191115223305687
2340,0.5507754162939079
2341,0.6630107856860669
2342,0.5555932312036582
2343,0.6591146499933207
2344,0.32804151139787224
2345,0.42828829593003354
2346,0.5360251291242041
2347,0.4622399450243753
2348,0.43084826095370415
2349,0.4528045103030161
2350,0.4281187731533214
2351,0.7736444997642875
2352,0.4208742028844141
2353,0.44930722100663345
2354,0.4827547310620706
2355,0.4956883937953375
2356,0.541510722240322
2357,0.5840941570882688
2358,0.39480539783453605
2359,0.6915723933127632
2360,0.361909922727906
2361,0.5764440353459305
2362,0.5414078604022108
2363,0.6100871629220077
2364,0.6146987331791163
2365,0.39722347589179285
2366,0.49256113823953845
2367,0.7118090063716371
2368,0.5540046006736307
2369,0.5239771406904581
2370,0.5516470242112856
2371,0.4861934650781322
2372,0.5969439422675398
2373,0.5485889459810751
2374,0.47299732853725346
2375,0.3786775708814689
2376,0.6309169502571741
2377,0.5826745062488938
2378,0.3889995693776276
2379,0.6180880867023508
2380,0.48680242807129476
2381,0.538294527297252
2382,0.5024863298532707
2383,0.6707830561935031
2384,0.44936468721307604
2385,0.5616925176749122
2386,0.6315548746724238
2387,0.4464337213356725
2388,0.5989664394665081
2389,0.5141122723571889
2390,0.5923247534121825
2391,0.6773422309335093
2392,0.5692479981478831
2393,0.5637478451220133
2394,0.4940708704746547
2395,0.4929986775145675
2396,0.5708308621706114
2397,0.5490804074715556
2398,0.4347751765679919
2399,0.5794280726140266
2400,0.3595827706193124
2401,0.5599960812092281
2402,0.38744734234813766
2403,0.4819362906894688
2404,0.5287876518700123
2405,0.5387779936219967
2406,0.47809160321438393
2407,0.42704823321316626
2408,0.696507737124189
2409,0.4035114410094674
2410,0.41447724918409706
2411,0.5014695157369233
2412,0.2972832721746904
2413,0.5594215569000495
2414,0.5565488719655471
2415,0.3899644349744349
2416,0.44134540153697843
2417,0.36131646987852717
2418,0.5804761324777931
2419,0.36460371432140687
2420,0.5835489887389409
2421,0.47969131451979746
2422,0.5299567356578655
2423,0.6017802771507538
2424,0.5163871322849675
2425,0.5440348483699141
2426,0.4622720359062246
2427,0.4607556335058099
2428,0.44681493097507263
2429,0.5645240070626965
2430,0.44418593417604757
2431,0.4578428999340165
2432,0.4742499776683645
2433,0.6306713954015455
2434,0.4673511846723702
2435,0.49704387029496466
2436,0.5568616240512951
2437,0.4171367209056053
2438,0.47584442769273205
2439,0.364667120123182
2440,0.6111471045909111
2441,0.44706613338495216
2442,0.5288729444990159
2443,0.5093156073294889
2444,0.6462339594753649
2445,0.5275021845673579
2446,0.49183910966136957
2447,0.4294250093406449
2448,0.5635379235636075
2449,0.47275861419405746
2450,0.42754882870534316
2451,0.4740396777023661
2452,0.4406044131195454
2453,0.47352966706672206
2454,0.5525341096327253
2455,0.5106503684369057
2456,0.4880119819155097
2457,0.5353688865322007
2458,0.3756941281598224
2459,0.5773465973784017
2460,0.4943349679778873
2461,0.5829965283316866
2462,0.5465421296698846
2463,0.3934342727023496
2464,0.44428835940092
2465,0.46700931414641905
2466,0.7216084725444543
2467,0.3661820821566936
2468,0.48570189284138093
2469,0.5553912465618402
2470,0.4590608081273575
2471,0.5520423099429798
2472,0.40532818901912715
2473,0.4372427057720015
2474,0.6288757857965277
2475,0.5354417164579504
2476,0.5244079143347617
2477,0.4743191212071287
2478,0.5053707128914263
2479,0.5047301685385006
2480,0.4518220248800416
2481,0.5115234815406229
2482,0.6431508529072778
2483,0.4848731212744125
2484,0.34723859161148485
2485,0.446089443364888
2486,0.5292154708632241
2487,0.3719770492412119
2488,0.4816593483878354
2489,0.5714538878804426
2490,0.3310566537613454
2491,0.5243085569704292
2492,0.511138470797853
2493,0.6375419878325963
2494,0.5458489803510292
2495,0.45323887647549466
2496,0.5813523667732454
2497,0.5041830890696491
2498,0.5558386037643211
2499,0.4452792789626569
2500,0.6281612062672371
2501,0.4301219236633146
2502,0.8434903396516975
2503,0.4720056299580889
2504,0.705845622676798
2505,0.4920167889590322
2506,0.603511913310884
2507,0.5721356965071536
2508,0.43045702126628377
2509,0.31645673233237925
2510,0.6487435309302274
2511,0.5627654257341382
2512,0.27070048355782594
2513,0.5443833753114415
2514,0.697402432915495
2515,0.41685254923110143
2516,0.4457932720089064
2517,0.5523942099626921
2518,0.6147451852291163
2519,0.5705416372104003
2520,0.6588986222364847
2521,0.690487769115201
2522,0.530150597178324
2523,0.3585849084607386
2524,0.41112692400162276
2525,0.5490384237867206
2526,0.5089284147600459
2527,0.503909447189828
2528,0.5645299486467548
2529,0.6153107338395447
2530,0.4531671313476635
2531,0.436566475777766
2532,0.650583530529557
2533,0.3439529892385229
2534,0.5949485751375578
2535,0.6214680746928201
2536,0.46267425136236
2537,0.6179808864694846
2538,0.6141437992852664
2539,0.34631563467577925
2540,0.6204248666033482
2541,0.5326738956067594
2542,0.46094055493198327
2543,0.48641068836196594
2544,0.5486320661246495
2545,0.43232490828270354
2546,0.5022880535279449
2547,0.47992514649757123
2548,0.5566096763067793
2549,0.4497633957217163
2550,0.5244160916345979
2551,0.49086532382225845
2552,0.5962966280413052
2553,0.6378091302394148
2554,0.5710650880827329
2555,0.4704292098535937
2556,0.4180675633828358
2557,0.5443833783949629
2558,0.4822684804989954
2559,0.5937723747254327
2560,0.5992929166323226
2561,0.595311626526151
2562,0.572926956476216
2563,0.4991003314278316
2564,0.45617866014564806
2565,0.3965287554632996
2566,0.5298465182041933
2567,0.4638331514623854
2568,0.40350510863199973
2569,0.542871314415795
2570,0.4622984519373973
2571,0.5307187293516682
2572,0.46740363116498157
2573,0.5852048289096188
2574,0.31473071920708195
2575,0.5315414740074629
2576,0.5645358920977295
2577,0.6816807483142401
2578,0.5023490817654891
2579,0.6094844402442084
2580,0.3878138045766272
2581,0.45441549122552655
2582,0.5778136030073013
2583,0.4476356749320197
2584,0.5020167397622576
2585,0.42895841938802715
2586,0.5503015165678136
2587,0.4818761468295289
2588,0.36719347105053424
2589,0.6314139788306615
2590,0.5073857045233827
2591,0.5022087127813153
2592,0.5297424678447763
2593,0.7990804970711494
2594,0.4516687566914231
2595,0.4692247618739682
2596,0.5469944843629397
2597,0.5279255226817197
2598,0.6184879602501857
2599,0.25080936206328946
2600,0.5603158148339995
2601,0.5034784974446895
2602,0.4695377499766076
2603,0.4154931969617063
2604,0.5444897820601791
2605,0.47852776078034365
2606,0.6042771338332305
2607,0.4791260103229855
2608,0.5760391689371652
2609,0.6296605445439931
2610,0.5620122631018304
2611,0.6505648378769213
2612,0.5626949586386675
2613,0.5208774600104273
2614,0.5476536210770262
2615,0.514450242250753
2616,0.6163566055650685
2617,0.5625922853725032
2618,0.3967319626612146
2619,0.4629810774121114
2620,0.3881181048722978
2621,0.5118695553027683
2622,0.4804983168878235
2623,0.7807354661348481
2624,0.5586051126883717
2625,0.43815506347849986
2626,0.5420117217578057
2627,0.5258153402970034
2628,0.5012855633926632
2629,0.40244428392179227
2630,0.4840732476837911
2631,0.6855850162023711
2632,0.43589067540202026
2633,0.5880598539012525
2634,0.2657042330942907
2635,0.6777173014282027
2636,0.502207971783574
2637,0.42039808598068507
2638,0.5012300314356857
2639,0.4378725191762252
2640,0.42500894858442956
2641,0.6425813437816372
2642,0.45137554568961674
2643,0.660669735587655
2644,0.48453399184069473
2645,0.6657910772766908
2646,0.546712591409674
2647,0.6864098270226249
2648,0.40015527144637
2649,0.5538326012801972
2650,0.4952425454930938
2651,0.31245673295194687
2652,0.3915992994552327
2653,0.5192960820832366
2654,0.5005637643004297
2655,0.47983925845557096
2656,0.5152302928873085
2657,0.40777337520928425
2658,0.5552902373481065
2659,0.45993029720115863
2660,0.4956521281775232
2661,0.33353692379620264
2662,0.457146744075295
2663,0.34531006816958226
2664,0.49438854681773253
2665,0.6135947810106435
2666,0.578063288895972
2667,0.4686646729651077
2668,0.5213730822292315
2669,0.4862899913753237
2670,0.581954773660754
2671,0.5342818616900707
2672,0.4801400671370943
2673,0.5485943365980073
2674,0.40570359354722313
2675,0.4259237243864147
2676,0.46422897536096974
2677,0.45585993946021347
2678,0.5288745861950223
2679,0.5309174147777841
2680,0.44753607492087577
2681,0.4067845416020427
2682,0.528922721462733
2683,0.34989171885279896
2684,0.4978803103412566
2685,0.5292105516193741
2686,0.5138779748953094
2687,0.5645137049362202
2688,0.613756867672871
2689,0.6056093067792678
2690,0.5913561942966676
2691,0.5481317656262648
2692,0.6105146366385857
2693,0.5380142429500973
2694,0.34359657592219456
2695,0.6702008839456433
2696,0.4498417742476714
2697,0.5944149939047705
2698,0.43671212568745266
2699,0.38713889652901295
2700,0.3622373361621618
2701,0.4041510406856947
2702,0.5994969867229728
2703,0.6035374778886103
2704,0.5217305669316458
2705,0.4280624072235485
2706,0.45154645738327237
2707,0.6944506370792123
2708,0.45203271853771154
2709,0.6342855921733375
2710,0.7991612995573943
2711,0.7483518181151176
2712,0.48397528014560176
2713,0.39950480906838304
2714,0.4711334808604744
2715,0.5545718309864119
2716,0.447113578393633
2717,0.42263859208181637
2718,0.5401411536841124
2719,0.44014212230681654
2720,0.7089331837112338
2721,0.4903817165678351
2722,0.4577053521963416
2723,0.6520223689358438
2724,0.5575855083683607
2725,0.4749412504607253
2726,0.548501753745527
2727,0.4268296934935889
2728,0.5164709904683921
2729,0.7068637670491994
2730,0.4134875534352152
2731,0.6855949083192111
2732,0.46121542625508627
2733,0.5510105804163556
2734,0.5260386406346304
2735,0.5054982026094079
2736,0.4616761167384771
2737,0.4450104054098387
2738,0.46643214066528044
2739,0.504736921331809
2740,0.4094386743871241
2741,0.4084301748441294
2742,0.4249116832694808
2743,0.40642077307566915
2744,0.5589970724997504
2745,0.5199451093013526
2746,0.6671957162531557
2747,0.5415487071457393
2748,0.5045756087944328
2749,0.4803126647059989
2750,0.4806383301898988
2751,0.39801817900967357
2752,0.6129255794635416
2753,0.6841687574961179
2754,0.5415838009285928
2755,0.5284405048948327
2756,0.5398427268688089
2757,0.640569722238925
2758,0.48640757190791506
2759,0.46624708545024235
2760,0.4785020253883058
2761,0.4591898782020473
2762,0.5185145266226846
2763,0.7011713549471881
2764,0.4860343378379446
2765,0.5249119202626564
2766,0.5153293076322246
2767,0.3763936588713993
2768,0.4768070717616031
2769,0.4935932459728529
2770,0.4464456575849847
2771,0.4958309694046487
2772,0.516010288618752
2773,0.5339821096370099
2774,0.48276893283098216
2775,0.38215621396081656
2776,0.48193967336971
2777,0.5073928175512459
2778,0.4403537230808285
2779,0.5577059344479975
2780,0.46751829257901656
2781,0.5506757924355197
2782,0.5701406990186508
2783,0.5267248788520509
2784,0.42308751892538743
2785,0.42898378131888726
2786,0.5915775354795457
2787,0.554636779417895
2788,0.2912035960617251
2789,0.5182678831929499
2790,0.4708187942879767
2791,0.5025608975333599
2792,0.5041572867246633
2793,0.43310363307556904
2794,0.7134204246310809
2795,0.4533165645883222
2796,0.5333589733179738
2797,0.45637834067911714
2798,0.5746812563215734
2799,0.39970088077907284
2800,0.46865098051892
2801,0.7246944229389196
2802,0.3781316937557315
2803,0.5762354794560959
2804,0.5379590487840655
2805,0.45811898681981567
2806,0.6533512250999454
2807,0.435647193790144
2808,0.5904166879805105
2809,0.42179045385989006
2810,0.4871908642332622
2811,0.5515701854883636
2812,0.5279519507141134
2813,0.5310706782350223
2814,0.45445010685228004
2815,0.47663429055511775
2816,0.7811022056752911
2817,0.6385315233340186
2818,0.6409563038840874
2819,0.6169255646290099
2820,0.5156533209277422
2821,0.4490812913434831
2822,0.6457327818045804
2823,0.5212695371314241
2824,0.3925384543857752
2825,0.5829514792714995
2826,0.47869394285909717
2827,0.5167069849853999
2828,0.3628324290480999
2829,0.4188396098793906
2830,0.5780904199958847
2831,0.4122204542156032
2832,0.42075517816030195
2833,0.5402644873821028
2834,0.46296174133486984
2835,0.5440642906468508
2836,0.44462349278601687
2837,0.5431132076526024
2838,0.46110456058781724
2839,0.35353537256700374
2840,0.43639790252845406
2841,0.39185354002685757
2842,0.520510170741879
2843,0.45287785502015016
2844,0.4973457638272391
2845,0.46393603130080274
2846,0.5130409869246648
2847,0.514529531889552
2848,0.489807493700415
2849,0.45902642262548726
2850,0.5001293150937093
2851,0.49191215238017433
2852,0.8097909334735557
2853,0.4365584781226639
2854,0.5748929507681775
2855,0.5211549213231781
2856,0.6676724573550761
2857,0.4402396286929827
2858,0.6969854798195421
2859,0.49629473965197607
2860,0.7971681946104359
2861,0.5802461293815943
2862,0.3656681217906117
2863,0.48053270980528706
2864,0.6482267464619809
2865,0.4629643372537524
2866,0.493174882487004
2867,0.5215373512543846
2868,0.5039608413537842
2869,0.4505310456800259
2870,0.48971298746796443
2871,0.7060097200736115
2872,0.44360406599464997
2873,0.5038560782606822
2874,0.4342304538244023
2875,0.5510865489211438
2876,0.524959449104509
2877,0.48864351400721884
2878,0.5500634009050621
2879,0.44851419534829867
2880,0.3823442404590993
2881,0.43679574165987634
2882,0.44503793281144755
2883,0.6613484031161934
2884,0.4521018387018479
2885,0.4236695697100014
2886,0.5949722190292399
2887,0.4205576330959677
2888,0.4781115821313511
2889,0.45141497449698925
2890,0.3672309505901921
2891,0.50766000500605
2892,0.48184666819867567
2893,0.4060627416238721
2894,0.5084922743865723
2895,0.498973886945248
2896,0.45655513372329853
2897,0.5587868011939374
2898,0.4904131846216261
2899,0.687576823323377
2900,0.5387811625239468
2901,0.37311921836273276
2902,0.4549629939633545
2903,0.491642129914709
2904,0.5403966620253449
2905,0.41221818985544467
2906,0.4806093720856526
2907,0.45306197464854536
2908,0.42733836538094283
2909,0.43454802799357073
2910,0.4805962115278107
2911,0.4156013826223006
2912,0.7117471345283972
2913,0.5650547476378375
2914,0.3468877062778142
2915,0.516159292781459
2916,0.4036240384323529
2917,0.637973811558934
2918,0.7086915616237919
2919,0.47973269594084345
2920,0.4119539086659274
2921,0.4907631639617368
2922,0.5281986956512265
2923,0.4376090438663385
2924,0.7241846757391741
2925,0.5428138841292773
2926,0.6499570360429119
2927,0.436350636244919
2928,0.39319990168364877
2929,0.42083822657923936
2930,0.5600713867036021
2931,0.3543113215514607
2932,0.6512046962089023
2933,0.533139549730871
2934,0.6546281488841188
2935,0.48838829433000513
2936,0.3924057678630034
2937,0.6367961120514181
2938,0.3988148279462804
2939,0.4281848469234384
2940,0.6229306124323849
2941,0.6236297019617753
2942,0.5219878324810936
2943,0.3970663711883674
2944,0.4794885232855589
2945,0.5993076145046717
2946,0.41127518495743165
2947,0.5740297566240322
2948,0.40578573403825474
2949,0.46548615146259675
2950,0.44414350549817033
2951,0.4160115983186089
2952,0.43705489234443984
2953,0.6030298028267148
2954,0.5231930585916512
2955,0.41976270374380514
2956,0.4673731230289454
2957,0.6349384547713207
2958,0.6421147588525868
2959,0.413896529173727
2960,0.4014311873156151
2961,0.43478247762761596
2962,0.5120951280059625
2963,0.4597880319800294
2964,0.42123983942183446
2965,0.6462812872618364
2966,0.5625729160615547
2967,0.44900672368193534
2968,0.7767294804732041
2969,0.7619908486412457
2970,0.5419568371331551
2971,0.5534423039311849
2972,0.3983049381756266
2973,0.6149338569203383
2974,0.5209501397544432
2975,0.4156290049222139
2976,0.6506926637349328
2977,0.41660995210055357
2978,0.6501864840799385
2979,0.47486541657466863
2980,0.5049522294960862
2981,0.5049696340423576
2982,0.5371615806114295
2983,0.47311778422851747
2984,0.46178376935349913
2985,0.44866055031988705
2986,0.5851156971729864
2987,0.4136565490441678
2988,0.7785012022584616
2989,0.45319392527371644
2990,0.46830822876482886
2991,0.49930840560456924
2992,0.47705794488098435
2993,0.528498534264547
2994,0.5559100941241369
2995,0.473616350964283
2996,0.4377382620826752
2997,0.5176115610782708
2998,0.5454249636658767
2999,0.4496919916912747
3000,0.5892955645967805
3001,0.6111766104715405
3002,0.42075743292028545
3003,0.5748493645960495
3004,0.5560121275956431
3005,0.4168935264817298
3006,0.4556701477529461
3007,0.5608055220017906
3008,0.47027164001091215
3009,0.531480973184119
3010,0.5072109489873753
3011,0.4001910106529438
3012,0.5914871633556893
3013,0.46844366758485634
3014,0.548553763541189
3015,0.7534352577377769
3016,0.5926693444737675
3017,0.5007468911321383
3018,0.5836150889195325
3019,0.5207280489357511
3020,0.4339020145550191
3021,0.5065725092978675
3022,0.5272511790026015
3023,0.31537684183863735
3024,0.5754731356933025
3025,0.4313760340778492
3026,0.6103257142357165
3027,0.5715077381334666
3028,0.5372186320447462
3029,0.5218151627019121
3030,0.5129618641111648
3031,0.6537889270692405
3032,0.41195933780205535
3033,0.4569093552736994
3034,0.6916623827074545
3035,0.42352665610686074
3036,0.3909305715030598
3037,0.49500438713393385
3038,0.60230095733952
3039,0.4605564436413134
3040,0.591941437050563
3041,0.46785829458741135
3042,0.5693166224433569
3043,0.5727553651517966
3044,0.5115965825886127
3045,0.5244950738394063
3046,0.3963687775451859
3047,0.5824637246604117
3048,0.4238777895743196
3049,0.6049320495878634
3050,0.5774831192982883
3051,0.4204029748973124
3052,0.4729855696202735
3053,0.5748729180124424
3054,0.38083639866485997
3055,0.402092122757553
3056,0.440423676997764
3057,0.5111963606867561
3058,0.7235720548033461
3059,0.44352375916055486
3060,0.4421444968685935
3061,0.5478779420390236
3062,0.32849818061159475
3063,0.49977088879342846
3064,0.5111199295757294
3065,0.6015944206691168
3066,0.5705060975165077
3067,0.4648687865843965
3068,0.4454816404966566
3069,0.44782847471638243
3070,0.5485964744125102
3071,0.55803318807382
3072,0.4393852369160758
3073,0.5245572827196718
3074,0.6776632241582505
3075,0.7276699137467183
3076,0.49820619138037736
3077,0.5352664436257686
3078,0.40255862434172696
3079,0.5636333397259885
3080,0.508383351501966
3081,0.5167137851440478
3082,0.43228616350776533
3083,0.5156973214614691
3084,0.6529875746588945
3085,0.6948928427060683
3086,0.5285136745265775
3087,0.5567641036536815
3088,0.7230368452960123
3089,0.6027786885513794
3090,0.5648111008615596
3091,0.3698976034706944
3092,0.5226887656772852
3093,0.6669811060265146
3094,0.4159825014903478
3095,0.55315876023782
3096,0.5082157579592754
3097,0.5232296475115746
3098,0.5829172737888617
3099,0.4513193412391258
3100,0.6313578243899601
3101,0.4699223876912051
3102,0.36059865092628907
3103,0.5843570481315451
3104,0.4697306001440462
3105,0.7479986036896398
3106,0.5087434122412734
3107,0.641596012021335
3108,0.6014038570222918
3109,0.48303432159907916
3110,0.5473556302108888
3111,0.5436524400873979
3112,0.4379607703725439
3113,0.4537523967110793
3114,0.6188819333155913
3115,0.39089822260087487
3116,0.40436565096241495
3117,0.5664258392870031
3118,0.4327169745017169
3119,0.5205961002603595
3120,0.7068412120642041
3121,0.5160300090543168
3122,0.5486088091550977
3123,0.5078583722120164
3124,0.6530875422402151
3125,0.6155794706511066
3126,0.43234258563283456
3127,0.47070287259149013
3128,0.4814342065538383
3129,0.34719607480730164
3130,0.5244053420417224
3131,0.5276267533373463
3132,0.2924547114917404
3133,0.6585847974119486
3134,0.6546035795398746
3135,0.4307301583197709
3136,0.45950461475589677
3137,0.5277017266544801
3138,0.7186876768231079
3139,0.686797211018634
3140,0.47954244108737826
3141,0.49382237788688543
3142,0.686387498007624
3143,0.38848938517603987
3144,0.5815157977815205
3145,0.5317804811607272
3146,0.4968169392128548
3147,0.7347501164381136
3148,0.4341017838033838
3149,0.4105694462539171
3150,0.5737845063257496
3151,0.49206920627624895
3152,0.4621935002021438
3153,0.5502082996516512
3154,0.5870881065410541
3155,0.36547540627692987
3156,0.4610275141511948
3157,0.5416818171093093
3158,0.611957294753774
3159,0.4619337813842337
3160,0.5894404573785308
3161,0.4745984083698178
3162,0.560630685119949
3163,0.5710975479263268
3164,0.43761313342302477
3165,0.5367451002603013
3166,0.495351556078213
3167,0.5478613922705394
3168,0.6430508291933812
3169,0.7857420057498092
3170,0.4174588154051338
3171,0.4519357861363366
3172,0.4567236520661386
3173,0.42978999649972116
3174,0.4404735842234291
3175,0.4921212180372344
3176,0.6150253598047011
3177,0.46081055055513814
3178,0.4748520505824026
3179,0.5633986312803524
3180,0.4038024549619544
3181,0.47348404779759135
3182,0.441818733313233
3183,0.5640079222158401
3184,0.5523210834227398
3185,0.39151054422982723
3186,0.5149718216813618
3187,0.45830080541037177
3188,0.5716788511051556
3189,0.48131539518277233
3190,0.7028281130534452
3191,0.5027329129347131
3192,0.6479437312197337
3193,0.5147059397535121
3194,0.41870873781317874
3195,0.6132916431898952
3196,0.41630922886041455
3197,0.6452563418000016
3198,0.3271996086283213
3199,0.5572066801350617
3200,0.49819936497816136
3201,0.4137281565515483
3202,0.5658451263415629
3203,0.5098244737599097
3204,0.6175903585543325
3205,0.601697747701589
3206,0.5184127203149065
3207,0.6411742310865836
3208,0.7712109273777623
3209,0.45294420894341814
3210,0.469689599031998
3211,0.45974324982253
3212,0.5706357208989903
3213,0.45574241756560285
3214,0.3805439422260971
3215,0.3509948644934746
3216,0.4881205917866704
3217,0.6403006935817557
3218,0.4942229158888314
3219,0.4804347472809573
3220,0.6140726427572153
3221,0.3870640021325893
3222,0.5491385518963547
3223,0.5102099286114845
3224,0.4689776117146029
3225,0.5288631387523846
3226,0.58893268603495
3227,0.5759126436095879
3228,0.42716680742744734
3229,0.42369698552847435
3230,0.7453750018083278
3231,0.5240145701762846
3232,0.4530093714218282
3233,0.5183359818074553
3234,0.5528664057766611
3235,0.6029883825199548
3236,0.5192098495243479
3237,0.5079647077892726
3238,0.4786996697212655
3239,0.7078064573845214
3240,0.4756593354668116
3241,0.6295943869865209
3242,0.5242792682444045
3243,0.37617200800064643
3244,0.4320319996796937
3245,0.5150170993171657
3246,0.49638541125481395
3247,0.6288886960379976
3248,0.5093274393778603
3249,0.535532094618881
3250,0.47600979897131535
3251,0.6305421566031975
3252,0.38635462847893315
3253,0.5410217490178704
3254,0.6563104485560323
3255,0.5231079441931883
3256,0.6999242814091081
3257,0.43871793273749565
3258,0.4800297062050293
3259,0.4130808674838344
3260,0.5430040259100318
3261,0.544325746726756
3262,0.5388091966635452
3263,0.3946677174372665
3264,0.6635915360124529
3265,0.38538967933417584
3266,0.5312867992924631
3267,0.4680090781376524
3268,0.5054475452508602
3269,0.569312201775437
3270,0.594826873660396
3271,0.6048551897647096
3272,0.5170012413217182
3273,0.47642982677061446
3274,0.6001452672356838
3275,0.5378932387586061
3276,0.691828478660228
3277,0.7007288974142796
3278,0.38273719929081584
3279,0.5563662920021291
3280,0.4469636173635477
3281,0.511026150667621
3282,0.4832665523308041
3283,0.5737839732195562
3284,0.4726839134031984
3285,0.5557988349422311
3286,0.5629660197359312
3287,0.5966391656078285
3288,0.5389611281988741
3289,0.56796353243238
3290,0.5133165458742313
3291,0.5555311011621549
3292,0.4902704999041457
3293,0.31410773037622386
3294,0.4566438357901642
3295,0.43551006893756566
3296,0.418780771626864
3297,0.5042812425780733
3298,0.6131032888462243
3299,0.6889377518005322
3300,0.42876224073270613
3301,0.42416598663215166
3302,0.4940342191008566
3303,0.46724789862339894
3304,0.3883447525377161
3305,0.5737364956671847
3306,0.6481280709736584
3307,0.4583135994948645
3308,0.4481251635879151
3309,0.4312235265917097
3310,0.46511195786093934
3311,0.569475608628974
3312,0.5208877052776293
3313,0.5276121483618849
3314,0.7380734145209885
3315,0.46470629667794444
3316,0.3744643614226734
3317,0.5688222276645301
3318,0.6034166608394375
3319,0.6239714306380943
3320,0.6005821828077996
3321,0.5232573011614792
3322,0.3658527896309346
3323,0.537504860322622
3324,0.45965255683924683
3325,0.5396395215690124
3326,0.48915221964486283
3327,0.5293760135846733
3328,0.6150430553300724
3329,0.5515411842048236
3330,0.49728127463763255
3331,0.5209471745998083
3332,0.6306601401171279
3333,0.32209616535133595
3334,0.5593737985455574
3335,0.5949848105014364
3336,0.5036966564711256
3337,0.5586567456548238
3338,0.5102402217068452
3339,0.4666106203518232
3340,0.49201004124642295
3341,0.6685744053494185
3342,0.4112373228796784
3343,0.3928216514094675
3344,0.5380734744073037
3345,0.5476358418130586
3346,0.3972457317931773
3347,0.5570568312035129
3348,0.5640250105019214
3349,0.6215428681324503
3350,0.39141348634920997
3351,0.5267929933588806
3352,0.550844284939302
3353,0.5536387868938303
3354,0.7386040747399496
3355,0.3654871795441124
3356,0.529742555051372
3357,0.5120422912792268
3358,0.4426816948942838
3359,0.4612484342844093
3360,0.5480877478134726
3361,0.5738343551093977
3362,0.38056279263712856
3363,0.5494415846560016
3364,0.5372263957868775
3365,0.37791520267830103
3366,0.3364415186049225
3367,0.4727097246341825
3368,0.5397615766734845
3369,0.34697201868455524
3370,0.6186312786080412
3371,0.4309834573949624
3372,0.49622221275664885
3373,0.4765183681456009
3374,0.513215729767255
3375,0.5830785592478298
3376,0.34335281378332244
3377,0.38906829832100837
3378,0.47506652182633247
3379,0.48588546499065527
3380,0.5643378664765932
3381,0.6580901206785195
3382,0.403278557675546
3383,0.46162223636231337
3384,0.5754209917524572
3385,0.4777516948469947
3386,0.5554429763432291
3387,0.6342146870128876
3388,0.614781837250242
3389,0.44887488144920307
3390,0.5738803286651101
3391,0.5491595021342977
3392,0.6170442038510889
3393,0.4684362126372455
3394,0.5768224674457358
3395,0.43067578292194664
3396,0.512879701151296
3397,0.47839048333434997
3398,0.4481064490063064
3399,0.4517246947851482
3400,0.5403317318585651
3401,0.6698797749961554
3402,0.3495816452732738
3403,0.47795518644022905
3404,0.5068602197518447
3405,0.3737807163731802
3406,0.6789285288115122
3407,0.42482861970657143
3408,0.4084989671304291
3409,0.5216726538555378
3410,0.7350629830887049
3411,0.5687013191560658
3412,0.3908283168886886
3413,0.4228724074187908
3414,0.6354009717789546
3415,0.3770905538971114
3416,0.690559420555493
3417,0.48133070500801334
3418,0.45238752254248144
3419,0.6112853540339357
3420,0.4342058530986357
3421,0.5454922631286853
3422,0.3889057631335941
3423,0.6531202012076928
3424,0.467259322956802
3425,0.5017841248866919
3426,0.4652198550359196
3427,0.5509431194442154
3428,0.4614648030151507
3429,0.7511051969845541
3430,0.46818901189372514
3431,0.47830833214551866
3432,0.41956044663923076
3433,0.344313772332725
3434,0.5745875977390323
3435,0.7227144996994734
3436,0.47785050613964514
3437,0.531507843140355
3438,0.39260349461754573
3439,0.44836351672688535
3440,0.4784975788118622
3441,0.4182869957508886
3442,0.47953380596000045
3443,0.5106219691452261
3444,0.5801227094599319
3445,0.5272580024874159
3446,0.6174031757752922
3447,0.5423320932347888
3448,0.5323069963659909
3449,0.543860429500919
3450,0.4230995544607198
3451,0.390454347933478
3452,0.451362761382757
3453,0.4430341731155285
3454,0.49459903108934394
3455,0.47835353770582933
3456,0.5897975272211439
3457,0.4982494110786592
3458,0.46335104690912854
3459,0.416506048791843
3460,0.6750125047922857
3461,0.4732337657605932
3462,0.41545189227268187
3463,0.7456575774994857
3464,0.4937430632993313
3465,0.5257379088772003
3466,0.7516792767114344
3467,0.5951051805056581
3468,0.6206514051970557
3469,0.43004729510828155
3470,0.6107931067249995
3471,0.5151313735165902
3472,0.5187951134472515
3473,0.5582456195921951
3474,0.4484902649282261
3475,0.5409227467439797
3476,0.5279613496715386
3477,0.56112384922185
3478,0.5536720177964202
3479,0.7052631510550411
3480,0.6206767171220362
3481,0.5110367344096729
3482,0.4860581052723022
3483,0.7078533807786418
3484,0.4200580264119237
3485,0.7123165603698762
3486,0.4805022482593597
3487,0.7136711836959505
3488,0.5839529438995156
3489,0.6035543478069436
3490,0.4010368664713989
3491,0.5770340731558443
3492,0.3882605638491778
3493,0.33958554744476
3494,0.634501682851877
3495,0.7538524013339085
3496,0.49809202414810594
3497,0.5294539000897421
3498,0.6200498629596608
3499,0.49317715323909334
3500,0.6615832592829856
3501,0.510746591440899
3502,0.572032112257529
3503,0.38024377206834736
3504,0.41433640731498866
3505,0.5734188277757609
3506,0.6220714792440614
3507,0.4874220130709112
3508,0.6300742057642349
3509,0.6922692014853467
3510,0.5257329945327821
3511,0.33986467822505495
3512,0.5026944048662346
3513,0.43848400915232255
3514,0.5948743773283627
3515,0.5067914380930104
3516,0.33653984019105654
3517,0.34108863523690236
3518,0.47292896029627585
3519,0.3250954516350975
3520,0.4526231390249123
3521,0.49806723663301683
3522,0.4207689374692626
3523,0.43223088174808866
3524,0.47785002971123025
3525,0.4961880727136742
3526,0.5891703330323841
3527,0.4472640997635338
3528,0.6168205622230756
3529,0.5340319455486487
3530,0.534038284759983
3531,0.6830121425268579
3532,0.6013850993633851
3533,0.42203290911213853
3534,0.42888330324927787
3535,0.4815287685231922
3536,0.42645204548846144
3537,0.47868364779907274
3538,0.6868046546399758
3539,0.5603361964962982
3540,0.4477620469287724
3541,0.5062243085024837
3542,0.5120184185533025
3543,0.6486873066328167
3544,0.46071403747484757
3545,0.6753452412850443
3546,0.8484267383642499
3547,0.40635671039031346
3548,0.5893159325713176
3549,0.6523578402290533
3550,0.5505465851804441
3551,0.4169651731763559
3552,0.7127987871895592
3553,0.5080362561093044
3554,0.5963605200660246
3555,0.5989177416489407
3556,0.4746078126712259
3557,0.43335568079762415
3558,0.4455483597629134
3559,0.4260679297188859
3560,0.6811040059284782
3561,0.4866744302989121
3562,0.4806640804409731
3563,0.6892359273302238
3564,0.5007462375383499
3565,0.4961259263871915
3566,0.559155506059634
3567,0.736875259090722
3568,0.6365369505806602
3569,0.5630594581282738
3570,0.4665656019946901
3571,0.5066678110195054
3572,0.4327903552452233
3573,0.3883537537137933
3574,0.4550255611383187
3575,0.5493933680391361
3576,0.5152623840296595
3577,0.5433487972614367
3578,0.5581149813228365
3579,0.5588297745992397
3580,0.5255084277361766
3581,0.5897376088394334
3582,0.6418843683593602
3583,0.541962015898105
3584,0.5817145091631684
3585,0.5135769581100353
3586,0.4952619344358042
3587,0.7037601945769498
3588,0.42768489030769674
3589,0.31281530834488885
3590,0.43704869505078925
3591,0.3834755536811132
3592,0.4615326229286352
3593,0.4677780732067676
3594,0.6005329242798502
3595,0.36104406941712586
3596,0.6495804052221003
3597,0.3900474840914522
3598,0.47027628566425683
3599,0.44118621127361435
3600,0.5332439745780716
3601,0.5821005621669896
3602,0.5597387921567256
3603,0.5028711253844159
3604,0.47717665616768107
3605,0.4792146056800253
3606,0.5093040438940913
3607,0.5190688193677427
3608,0.6028009155555631
3609,0.594638887064623
3610,0.5917634334667871
3611,0.4518087377444349
3612,0.8211854723071825
3613,0.4075621422882379
3614,0.49277437555070475
3615,0.46364162580500273
3616,0.5150873610497183
3617,0.33791728416712247
3618,0.5291310162434424
3619,0.5203326254360815
3620,0.5145316711885956
3621,0.5961047951908727
3622,0.622653518883798
3623,0.5821502267754736
3624,0.31104173172851657
3625,0.42861537850054465
3626,0.4763597396469836
3627,0.4808337183932041
3628,0.5075934204647722
3629,0.44836410641370616
3630,0.6988215064633337
3631,0.4041294586813039
3632,0.49626753837043497
3633,0.5420098108608679
3634,0.4375677566405654
3635,0.4499960711701566
3636,0.2979114652270304
3637,0.5591066269787497
3638,0.5948673518952905
3639,0.5728905926829693
3640,0.6263819858753716
3641,0.609735663829973
3642,0.5950020871760523
3643,0.5080643755047584
3644,0.6090125614682521
3645,0.5427287967938627
3646,0.6210621754402416
3647,0.4340770945958997
3648,0.44497861375353664
3649,0.4778539416576077
3650,0.4701101769068183
3651,0.2939000804230343
3652,0.37049720730569563
3653,0.517558141884496
3654,0.45769824984482754
3655,0.4248176221908216
3656,0.508672971914204
3657,0.471070108183403
3658,0.6302230013070393
3659,0.4734064025384737
3660,0.6076451089756959
3661,0.39469377726774657
3662,0.4748206165054895
3663,0.5145718497500685
3664,0.43502815167877684
3665,0.4359659636706583
3666,0.43987751876277076
3667,0.45081115303369546
3668,0.5396686402897924
3669,0.54904635210056
3670,0.47366338262817
3671,0.5312238649303771
3672,0.3337484569279846
3673,0.46958355259348245
3674,0.4056355754800578
3675,0.5605813271565692
3676,0.6110902804532503
3677,0.49249029821922685
3678,0.5355205553072981
3679,0.5720751494566406
3680,0.5345153326105705
3681,0.5680540142142522
3682,0.40779188030659597
3683,0.5234173920367748
3684,0.4973009023607257
3685,0.4782650691440065
3686,0.45188629571520667
3687,0.700874208038839
3688,0.48739121005247443
3689,0.5883818562644533
3690,0.43587592160079747
3691,0.4758837457271369
3692,0.5844214001266437
3693,0.6243777408402995
3694,0.454316504140843
3695,0.3550240549862187
3696,0.42802409672845443
3697,0.5354405461397066
3698,0.532811619379742
3699,0.408504580033504
3700,0.4094086819844932
3701,0.6036357705532702
3702,0.682990557329291
3703,0.6862387479593008
3704,0.5100718180845716
3705,0.6898067951848263
3706,0.5725985081473558
3707,0.42637427533572286
3708,0.5269928602578058
3709,0.43803888586825457
3710,0.4519859245068172
3711,0.5935291216713862
3712,0.5103206918472565
3713,0.7189528288322247
3714,0.5793631142774938
3715,0.5552071899923373
3716,0.2886373544757432
3717,0.6886776062486464
3718,0.5842172568968863
3719,0.4967426979457967
3720,0.5125526087656725
3721,0.6305680875997084
3722,0.6076466915633094
3723,0.40933488761671316
3724,0.6669554800173237
3725,0.41211712277793994
3726,0.6365395398315147
3727,0.5364305428523906
3728,0.4343375300821819
3729,0.4767668939854979
3730,0.8248735273882788
3731,0.49298458853721255
3732,0.6363406296761205
3733,0.5064765826084309
3734,0.4757613424395255
3735,0.5911986280547314
3736,0.5364497313702585
3737,0.3961172963013755
3738,0.5653624329973661
3739,0.4940456380803677
3740,0.6524791578749913
3741,0.4610520959392681
3742,0.3881396583396058
3743,0.5550670145565723
3744,0.3627597692022603
3745,0.553990205508664
3746,0.49458891679874945
3747,0.43748831721636927
3748,0.40880898725773385
3749,0.7387339551173282
3750,0.6218635337959306
3751,0.48012694367038394
3752,0.4884308223530922
3753,0.5088901666310294
3754,0.4174458082343433
3755,0.4450317310344284
3756,0.5450240498389651
3757,0.43427304553419377
3758,0.43535374073478506
3759,0.44361522655353114
3760,0.5854625659279517
3761,0.4717287905948487
3762,0.45202025055183104
3763,0.4643296274493527
3764,0.5446959900457914
3765,0.5272250487506064
3766,0.6996891426770073
3767,0.4702642577864375
3768,0.6831269385040231
3769,0.5589254744896994
3770,0.5688480350130786
3771,0.569258207310054
3772,0.5648663197190618
3773,0.6949898683447524
3774,0.5583623212212921
3775,0.3811516116269355
3776,0.5063575054450686
3777,0.4965203375890016
3778,0.5360875931770743
3779,0.6019123764989467
3780,0.46682886058573775
3781,0.5610842755155183
3782,0.4809128514770579
3783,0.4139373830038973
3784,0.43887716440603963
3785,0.5372942456189405
3786,0.5266912101694873
3787,0.6097446544818074
3788,0.7290772147187182
3789,0.5117432345790437
3790,0.5977404617743287
3791,0.514317662895486
3792,0.44888633436017994
3793,0.4574253059615595
3794,0.5851847331727261
3795,0.28888288554196756
3796,0.6078953621009525
3797,0.5217223728383144
3798,0.45627075938423006
3799,0.5591099394619515
3800,0.4033363671182917
3801,0.6066207404587013
3802,0.44300080033259404
3803,0.49992042675963577
3804,0.47043968850035395
3805,0.5407888299942418
3806,0.4751748095250588
3807,0.43571767080097923
3808,0.5773932013037796
3809,0.7413632561849812
3810,0.48315735583995784
3811,0.5236927460460475
3812,0.5517520161417471
3813,0.48121911267303635
3814,0.5431026051189054
3815,0.4627420288054888
3816,0.4424150516538968
3817,0.41986787133760584
3818,0.3870005609970375
3819,0.5535893154370722
3820,0.6827581601215923
3821,0.4640345301245674
3822,0.4966205355265562
3823,0.46583554472774386
3824,0.6704725191608111
3825,0.5504494879725189
3826,0.7114362663339591
3827,0.4851399387424198
3828,0.5727352752289281
3829,0.5325805959381877
3830,0.4106975667775174
3831,0.47445484937983273
3832,0.48589505667735156
3833,0.5779128600304066
3834,0.5171226237415405
3835,0.4233741961671025
3836,0.44128787009593723
3837,0.5047026163317159
3838,0.3885499417146059
3839,0.519738063057466
3840,0.530956086886466
3841,0.4480639031881192
3842,0.4994099852290937
3843,0.3884657412527984
3844,0.5525432183168035
3845,0.5590837663068293
3846,0.5144112450538197
3847,0.47884735817857155
3848,0.4734409472901015
3849,0.4716706909928268
3850,0.5144116366386948
3851,0.598783753595262
3852,0.4281532715908053
3853,0.8445424492805171
3854,0.5100175195541843
3855,0.5791288095752319
3856,0.4877778994796033
3857,0.42317686046230507
3858,0.6553002840230773
3859,0.6277727902568961
3860,0.5531930063289723
3861,0.5228493462667997
3862,0.4317121656433401
3863,0.4825669026486325
3864,0.5544197265678004
3865,0.4873849395063479
3866,0.4788768501418142
3867,0.5747578054322371
3868,0.4656115745005661
3869,0.5773903316684278
3870,0.5606128599006226
3871,0.47718350782842645
3872,0.4518661298593421
3873,0.696625065070936
3874,0.43563740462607614
3875,0.5402386594676112
3876,0.585409788127825
3877,0.530869725641257
3878,0.41313474547801393
3879,0.4400376516843244
3880,0.6451260614420269
3881,0.4682452442042785
3882,0.4689328847784443
3883,0.48922607518345806
3884,0.5476002173722438
3885,0.441859492915355
3886,0.4392868640449635
3887,0.5246542210969748
3888,0.5533541983640539
3889,0.5371112587622437
3890,0.54204070089939
3891,0.43719509099175535
3892,0.5535617234650558
3893,0.5491679084172342
3894,0.5787477157360461
3895,0.5562672501209459
3896,0.524503325832819
3897,0.3720120427364193
3898,0.4919411166723899
3899,0.39255762555093143
3900,0.5489240094891061
3901,0.47359241935938456
3902,0.5205848140504362
3903,0.506220438852062
3904,0.5241091436947053
3905,0.5318683004363096
3906,0.6296199527357427
3907,0.5493476831671266
3908,0.624924205481059
3909,0.5934033054561954
3910,0.44006022992193616
3911,0.37545563795570175
3912,0.5401253858933731
3913,0.49517495528621724
3914,0.5148513057333918
3915,0.48412948060463956
3916,0.5771719295329982
3917,0.5830760345454342
3918,0.4344540485113939
3919,0.4352669926926475
3920,0.6486466216688671
3921,0.3855539436575133
3922,0.37332581392431463
3923,0.8118913002113961
3924,0.6317227803368087
3925,0.4710485656823417
3926,0.3679764244009438
3927,0.4110251176893828
3928,0.5460761894634535
3929,0.5530300368444149
3930,0.5783934730446774
3931,0.35593559010727666
3932,0.4074506354535498
3933,0.5336207081571643
3934,0.8783709590051547
3935,0.6157515661105109
3936,0.4469992530361712
3937,0.34130276378174496
3938,0.30859818247338133
3939,0.4770346527358787
3940,0.4878273502034869
3941,0.48835889050285364
3942,0.556712061955915
3943,0.42273746893163844
3944,0.34637866320482713
3945,0.5792484429737126
3946,0.40928435212128544
3947,0.5201968265949535
3948,0.4988817136574717
3949,0.5401463014401267
3950,0.40919190789839877
3951,0.5859018279302874
3952,0.4426086755983841
3953,0.46636368425777447
3954,0.5593978247709028
3955,0.40869001269913013
3956,0.6085864440951995
3957,0.5690320105093728
3958,0.46167132365809627
3959,0.49498233439927974
3960,0.7182289812889109
3961,0.5921427762915136
3962,0.5208482956718338
3963,0.44177156471474294
3964,0.4368957795847677
3965,0.48141362619788136
3966,0.565534939262309
3967,0.3705275714040771
3968,0.47619917622301833
3969,0.3968572432348938
3970,0.5187604827523712
3971,0.4476307902486306
3972,0.5442938074575956
3973,0.4487971591270546
3974,0.42891796284365197
3975,0.45485276210902953
3976,0.4387323214528351
3977,0.5781220966913909
3978,0.3832516108771704
3979,0.5864239998679788
3980,0.48242960499730264
3981,0.5159998943237376
3982,0.4990005370007621
3983,0.4619071172148851
3984,0.532794976646585
3985,0.48029480579121153
3986,0.541530952650633
3987,0.44217835260694266
3988,0.4991989467202292
3989,0.2772969196179126
3990,0.3867541890325306
3991,0.5640566139032039
3992,0.5404373657943956
3993,0.44500284067366475
3994,0.5434721818752646
3995,0.5103880185692398
3996,0.4373766426572677
3997,0.5425817650517843
3998,0.3551217418183762
3999,0.5038558566671424
4000,0.47683485503151396
4001,0.5590995024218038
4002,0.44408216045595533
4003,0.6243240805791137
4004,0.46299680981500335
4005,0.5631001273778483
4006,0.5822809658314553
4007,0.5069502255956313
4008,0.4035170449694322
4009,0.5967237832384014
4010,0.5354326229953685
4011,0.5673440408942897
4012,0.5550521986903924
4013,0.46059945910676847
4014,0.3807806111921026
4015,0.46245331370781423
4016,0.5438415247761762
4017,0.4561615495247245
4018,0.35275272586240314
4019,0.5139132136394226
4020,0.2720157504070958
4021,0.43709726554240025
4022,0.43775080435181
4023,0.4767409680930734
4024,0.4938128714283341
4025,0.48358892351470967
4026,0.4776928871060924
4027,0.49698295682749893
4028,0.47832999576893565
4029,0.617319737312288
4030,0.36670972165641363
4031,0.6200502657724318
4032,0.4697298853871806
4033,0.5354211016117248
4034,0.372527841795147
4035,0.47666740698926946
4036,0.5252651220782991
4037,0.6362914980332043
4038,0.48279495394437366
4039,0.4870402061488509
4040,0.5113319061006565
4041,0.5978057686728708
4042,0.47562645702083634
4043,0.49718685433178217
4044,0.5305602774855284
4045,0.5560782246071737
4046,0.5601683288989805
4047,0.6148318807328838
4048,0.5332985901246308
4049,0.35613454674087364
4050,0.4356171576245148
4051,0.43706029943501945
4052,0.5800461329746771
4053,0.558970168907969
4054,0.5598082727204948
4055,0.29677115128264064
4056,0.4291161440952409
4057,0.8356118009123599
4058,0.479852427122469
4059,0.38920788099451775
4060,0.48942369654247514
4061,0.4198637805603175
4062,0.533284695771976
4063,0.40964468300279117
4064,0.4307437886473643
4065,0.4403973241055547
4066,0.6777927028521102
4067,0.6106358474823597
4068,0.5193521880276342
4069,0.4948209633749119
4070,0.6450464644269853
4071,0.4348144144952931
4072,0.4532150048514382
4073,0.43025464185190043
4074,0.49770438038141585
4075,0.5289269559472926
4076,0.5112614915971566
4077,0.5615423730209361
4078,0.6948716045909547
4079,0.4450469055825943
4080,0.3876861531131295
4081,0.4830429360095329
4082,0.44337114706930525
4083,0.5508611804252376
4084,0.6571485791244045
4085,0.461697127690209
4086,0.41219992966008945
4087,0.4072721934827732
4088,0.5735805952845631
4089,0.4546620479372204
4090,0.628378113280632
4091,0.5686556580330355
4092,0.5702559732543597
4093,0.4291693892639709
4094,0.41103526046110184
4095,0.6741025417938077
4096,0.4697374253427643
4097,0.4088023395365791
4098,0.5569876766240641
4099,0.4454380119441806
4100,0.4877413886579058
4101,0.5359258764045569
4102,0.5549815780770314
4103,0.5560243228043148
4104,0.39753171016708017
4105,0.5891783513353517
4106,0.45088612574819403
4107,0.6090323707763586
4108,0.520098519211548
4109,0.4912845823870741
4110,0.506907493564609
4111,0.49244144344391616
4112,0.4266388977518318
4113,0.7959117270230227
4114,0.5049374860215399
4115,0.527207017639759
4116,0.6873350184174493
4117,0.5932072350131248
4118,0.47310801939571834
4119,0.4978243390039693
4120,0.6496450513040365
4121,0.5043122458763877
4122,0.3661020279406645
4123,0.3558043062891748
4124,0.7462823234743506
4125,0.2972168663551978
4126,0.4763837181429521
4127,0.47017076497349736
4128,0.5555714723877003
4129,0.4006137180108726
4130,0.585348690655846
4131,0.5349882196257529
4132,0.7731827818217472
4133,0.4474993812117542
4134,0.7572521224906299
4135,0.3950075615580697
4136,0.6078259983510754
4137,0.45310195847083184
4138,0.47943635371984317
4139,0.45737003223206085
4140,0.6221870564091312
4141,0.462440829902757
4142,0.43773410532656043
4143,0.37005422519265313
4144,0.5021578517215927
4145,0.5624239089808432
4146,0.4050363147212116
4147,0.6093031700586968
4148,0.4694899617091424
4149,0.5231517186044747
4150,0.3717263835973199
4151,0.4817967253001079
4152,0.4047766204727433
4153,0.5933512903612553
4154,0.552686108208812
4155,0.5107744544738525
4156,0.6074293589533981
4157,0.5211632731831142
4158,0.7815196813249724
4159,0.5063855994614707
4160,0.7156196996471937
4161,0.3572371565743063
4162,0.5527381664015657
4163,0.49991614646116256
4164,0.556020846412168
4165,0.393521029758466
4166,0.4474984459833855
4167,0.5347555492774656
4168,0.5280283675579207
4169,0.39086055141128223
4170,0.5533001659890173
4171,0.512119194900468
4172,0.5400021764775048
4173,0.5939901873302539
4174,0.5174501116071759
4175,0.4738596519971614
4176,0.5181244108834376
4177,0.5098755739576776
4178,0.4488865771146911
4179,0.6064498833375406
4180,0.36496856888870227
4181,0.5653904347556884
4182,0.5031176498093912
4183,0.3274296800308878
4184,0.419882431137508
4185,0.4541467793020859
4186,0.6310362696191703
4187,0.3733700686085263
4188,0.48922360544932736
4189,0.6510212420795254
4190,0.5906446609885097
4191,0.4996570784996409
4192,0.5484541548662573
4193,0.59336457520196
4194,0.5250772252848446
4195,0.336924720450836
4196,0.5316526584221265
4197,0.4394798043274867
4198,0.4972028755350362
4199,0.38284734756811317
4200,0.5047132848632523
4201,0.42957071073401887
4202,0.41931352920824866
4203,0.5041746074534269
4204,0.49819891083068774
4205,0.5471396660144969
4206,0.5603003430998313
4207,0.6012035688807268
4208,0.4728952363419142
4209,0.46930829404142693
4210,0.4646070580633523
4211,0.4555367641518623
4212,0.5016050010684232
4213,0.4667329169008754
4214,0.5684607049625902
4215,0.662391173037424
4216,0.26773339212226843
4217,0.4951795976206059
4218,0.6129661111810519
4219,0.4854921706739456
4220,0.5204943103292142
4221,0.5040591529071483
4222,0.5790947560937294
4223,0.5423854637652054
4224,0.37463846315851285
4225,0.46736953802896575
4226,0.5725758335338335
4227,0.48764131633278013
4228,0.4295139946955653
4229,0.8343230348342876
4230,0.5597833674326319
4231,0.40496862890792407
4232,0.5036157397288461
4233,0.6908738516677313
4234,0.5543805620698256
4235,0.7836426754124444
4236,0.43201264427045644
4237,0.5932349485064422
4238,0.5088597874775964
4239,0.3404507301855786
4240,0.5287150588445422
4241,0.400558773095284
4242,0.6163736040969365
4243,0.4014244266771708
4244,0.5231631092217269
4245,0.5317662477114742
4246,0.4920705729733244
4247,0.5071681521068319
4248,0.6850967899667003
4249,0.5038769885080118
4250,0.4399935777628332
4251,0.7034244274855256
4252,0.6285995752674584
4253,0.5239724273131973
4254,0.5144024869996899
4255,0.456649651510881
4256,0.4361884013592265
4257,0.47174653940136935
4258,0.5785321362482594
4259,0.5035649080447955
4260,0.4660352471871348
4261,0.39059147708590436
4262,0.46595598140642935
4263,0.5589996918908244
4264,0.7258841710648376
4265,0.44851522364545926
4266,0.6060120087620007
4267,0.5476781820160826
4268,0.5731120716479438
4269,0.5545091101413274
4270,0.5618261974787438
4271,0.3984232974569733
4272,0.43427567920549903
4273,0.5164951267858133
4274,0.471413168576385
4275,0.6634803241717012
4276,0.5155592599427097
4277,0.5227194155388307
4278,0.4676261910282473
4279,0.48000247119002165
4280,0.4371220287848479
4281,0.45833077972016456
4282,0.5288648061576137
4283,0.3178858619581839
4284,0.3976133078618425
4285,0.6449829043861681
4286,0.4185333922233588
4287,0.6444350046774519
4288,0.5842361650500025
4289,0.540232922367144
4290,0.5382596370151647
4291,0.7559013149739918
4292,0.6217449122836287
4293,0.5654855901434344
4294,0.5822090319247608
4295,0.5517224209078399
4296,0.5337507596056107
4297,0.4463289671441356
4298,0.6818843988210231
4299,0.4205251697432832
4300,0.5381818658757326
4301,0.44304970232682644
4302,0.6196527560277277
4303,0.49896396703666757
4304,0.5156381642158513
4305,0.6574854485768487
4306,0.46868802906122026
4307,0.553152237176244
4308,0.6148849292851674
4309,0.3780179282966069
4310,0.5996255893274423
4311,0.6424777957869908
4312,0.5811067713256105
4313,0.4921558514188175
4314,0.47768411686983914
4315,0.4016671790813154
4316,0.5198174715117194
4317,0.4735702843774652
4318,0.4573572348766431
4319,0.5182799009952742
4320,0.7087086032729111
4321,0.5701340271847581
4322,0.714562235249028
4323,0.7454529788960401
4324,0.4019537001652345
4325,0.526031553403027
4326,0.482924820186249
4327,0.4044438924747126
4328,0.5520881956842226
4329,0.5864158123455506
4330,0.4603233478694364
4331,0.43638110639304606
4332,0.5371832779737472
4333,0.35836017557276456
4334,0.4925550442189186
4335,0.5292564980895372
4336,0.5403701014816136
4337,0.5413013402819169
4338,0.5169357015840579
4339,0.49355832920557796
4340,0.45003808605223095
4341,0.5290037766393703
4342,0.6633290660376563
4343,0.563791937257146
4344,0.5129748949260068
4345,0.637857958936881
4346,0.38644734695102106
4347,0.5135633741484035
4348,0.47549507903016147
4349,0.6827610624112421
4350,0.35695398700664305
4351,0.5451897149182029
4352,0.43827422011881234
4353,0.4728915555550961
4354,0.5172408030703254
4355,0.4269212442564076
4356,0.5478224035589102
4357,0.5130542376185431
4358,0.509502636389906
4359,0.6225896953351399
4360,0.5409104747450794
4361,0.6355335840533927
4362,0.33588991178906263
4363,0.5032648744074234
4364,0.48502684994153095
4365,0.6575967363321386
4366,0.5547892233338225
4367,0.49391861090353256
4368,0.6844240842795998
4369,0.5211664677230917
4370,0.37246356827487614
4371,0.5692110632925775
4372,0.4384612225798842
4373,0.6033844252741158
4374,0.5266202206792275
4375,0.502600600460869
4376,0.4358273337613553
4377,0.383724651051145
4378,0.43598548519588975
4379,0.6273852039444006
4380,0.3855398299516626
4381,0.44584325740805864
4382,0.46323013059583795
4383,0.41395639555837005
4384,0.46505630238101475
4385,0.5562248405918445
4386,0.4948395114662302
4387,0.39797019469874023
4388,0.5885898769808977
4389,0.5147191759228285
4390,0.42780773208794054
4391,0.5511805917657088
4392,0.37349982120284053
4393,0.5789480573187297
4394,0.485101175925022
4395,0.5193557014139006
4396,0.4972297223616202
4397,0.6115858893810878
4398,0.6338945162063083
4399,0.5126041170373713
4400,0.5328580653929749
4401,0.48497814478236423
4402,0.3470348847048059
4403,0.37476381917652
4404,0.522194615155004
4405,0.5716537023317879
4406,0.6179581959730087
4407,0.42968745134960884
4408,0.7728188190697277
4409,0.47435475441628494
4410,0.4902552815253685
4411,0.4158983130416024
4412,0.442185472266783
4413,0.47271837116691345
4414,0.5010552506358237
4415,0.49023027100659217
4416,0.5613698224245828
4417,0.49917719107830166
4418,0.5068935171875875
4419,0.6734935611820129
4420,0.5209853661572753
4421,0.503570685436244
4422,0.4361398719818335
4423,0.42163812050750304
4424,0.4721246958280836
4425,0.3977898050068948
4426,0.45821903526520835
4427,0.4454789283261813
4428,0.55510968137219
4429,0.41799851413255906
4430,0.4526993166948293
4431,0.42684180821417855
4432,0.42615902842475983
4433,0.44126637549694053
4434,0.6036778621600365
4435,0.5319711668910216
4436,0.5203770134102929
4437,0.49860499020026244
4438,0.4247635791527723
4439,0.4855812747571157
4440,0.5680626034007885
4441,0.5809127409809776
4442,0.38370520090587634
4443,0.5251726930565348
4444,0.5152288434915697
4445,0.568183468669321
4446,0.44205008287582986
4447,0.5472678632773375
4448,0.3474346873980013
4449,0.49039325361613223
4450,0.4152388650971665
4451,0.4750579777055004
4452,0.49653456427462483
4453,0.7099481377817276
4454,0.5296393972771979
4455,0.44623503693475897
4456,0.8580470441893828
4457,0.5830068578008524
4458,0.4847988010395648
4459,0.436954233940786
4460,0.594826826661357
4461,0.5124713426599786
4462,0.5363656481199208
4463,0.528746204734323
4464,0.6242038591743375
4465,0.4222349436151722
4466,0.6258105501457645
4467,0.7092330917110837
4468,0.5912311429732527
4469,0.538679850247429
4470,0.5438682237679067
4471,0.43692762274052993
4472,0.4604275035896281
4473,0.312168662854305
4474,0.7094021147073255
4475,0.5449680455149359
4476,0.34160525048067397
4477,0.566735632393215
4478,0.5399472239513426
4479,0.5264867200288502
4480,0.4865955279037668
4481,0.3581596091015237
4482,0.4938304641560117
4483,0.5357798362619709
4484,0.5384173147838168
4485,0.4090910435150238
4486,0.5770267228772631
4487,0.5629457861629379
4488,0.5754709447658113
4489,0.4851922282874863
4490,0.6106252223211828
4491,0.42804751086981396
4492,0.5887948585562468
4493,0.4923987453019498
4494,0.689055426470319
4495,0.48625829262599785
4496,0.5956725273999661
4497,0.5901268675051772
4498,0.3988010476196023
4499,0.43709358958453226
4500,0.4950364652883141
4501,0.6531989923377868
4502,0.5082308421883119
4503,0.45892529686472894
4504,0.5780224144898678
4505,0.36314702694950396
4506,0.38665981324557586
4507,0.2964474003803097
4508,0.5896447948387504
4509,0.5140302917440897
4510,0.5470320153653598
4511,0.5863734520741688
4512,0.5159460350389002
4513,0.4849060326271308
4514,0.509504681524723
4515,0.5412105030404546
4516,0.5505657305566404
4517,0.5478107032268545
4518,0.39859623230043867
4519,0.5503700954422326
4520,0.5771758092557953
4521,0.4363619827254323
4522,0.48177469911312765
4523,0.47546361704178414
4524,0.49211593309495233
4525,0.44469228940310324
4526,0.5843942261926854
4527,0.5195066486961931
4528,0.4656866824840621
4529,0.6069141180744475
4530,0.5423387929200822
4531,0.5555250610865616
4532,0.36371496435692185
4533,0.355450788560732
4534,0.45842540157978345
4535,0.5212411127105769
4536,0.5277160815610867
4537,0.5199068785377277
4538,0.5963512533269827
4539,0.38798057732320834
4540,0.5458282999582732
4541,0.5323760183504449
4542,0.46968351566205635
4543,0.44808504947714034
4544,0.4860923130228536
4545,0.6120881593962076
4546,0.7532999664894128
4547,0.3464035007823545
4548,0.46943471560083155
4549,0.4174725231826839
4550,0.5573530814086856
4551,0.5464625902999815
4552,0.5265342843650211
4553,0.5789458910488868
4554,0.571296524824494
4555,0.5291006598692185
4556,0.40799555752208194
4557,0.71930737250153
4558,0.6081284325559708
4559,0.5446783470612707
4560,0.49791944083631917
4561,0.5768105153862241
4562,0.6240601049725272
4563,0.4878514107347448
4564,0.5236140785583706
4565,0.3819079184615439
4566,0.40487054924445126
4567,0.3823288811238704
4568,0.499813774896764
4569,0.4658092266981552
4570,0.5392862744156872
4571,0.39753721505719475
4572,0.49823717502600995
4573,0.3933617280578044
4574,0.42990798581214396
4575,0.4030820763718124
4576,0.6010868350873468
4577,0.5581269048799682
4578,0.4889014331380345
4579,0.40556723627167857
4580,0.5974648412691252
4581,0.5135395866412433
4582,0.508942928066618
4583,0.3416505410001013
4584,0.39637121541348747
4585,0.5573629173347975
4586,0.6133408209751664
4587,0.4596634125202857
4588,0.4500702994056982
4589,0.46375895355208696
4590,0.3592649971648726
4591,0.5093350722881599
4592,0.6384621670730793
4593,0.5468692320384249
4594,0.6859433147067159
4595,0.44463307207134817
4596,0.5352455210440216
4597,0.3865272737709279
4598,0.6215997912351902
4599,0.534940394683384
4600,0.4429197724258672
4601,0.5713452108342684
4602,0.618471660543674
4603,0.4333054128268815
4604,0.5861571231208622
4605,0.5439192069419168
4606,0.583530615178933
4607,0.5138801554103557
4608,0.4000003487267674
4609,0.4684412066817333
4610,0.5637456005657229
4611,0.40464766273437597
4612,0.4639716426030913
4613,0.5782426197716918
4614,0.43918119592055277
4615,0.5748946099125711
4616,0.5133871973425088
4617,0.543951726885535
4618,0.5260496456086546
4619,0.5268522201587915
4620,0.5473142461172731
4621,0.5310180087032571
4622,0.5177878308006602
4623,0.6743192931634556
4624,0.5280224617660151
4625,0.6385969191171931
4626,0.5904047725464631
4627,0.5295795998798486
4628,0.35231261701624794
4629,0.6043371554624296
4630,0.6575916235279753
4631,0.6214570189856916
4632,0.5535910248376371
4633,0.5084160671494707
4634,0.5475943346672519
4635,0.4968510645013673
4636,0.5369206013884299
4637,0.46746365669110423
4638,0.5280382463471786
4639,0.49056278119127217
4640,0.549032095313668
4641,0.5125066473817489
4642,0.5042947969928394
4643,0.29405988543517364
4644,0.5136616408194543
4645,0.48692854355061965
4646,0.5479182224283698
4647,0.48219708431325575
4648,0.4978400816402074
4649,0.7838370472520725
4650,0.7078678010622541
4651,0.5740250845846113
4652,0.578460329874896
4653,0.5007545832327635
4654,0.826652731043486
4655,0.4555659284579664
4656,0.4521528213499584
4657,0.5450942464852145
4658,0.4079533726742814
4659,0.3789893205311832
4660,0.3658944268501797
4661,0.45733224078089746
4662,0.3713944723812297
4663,0.4230317538379535
4664,0.5229800414275191
4665,0.4155753520086268
4666,0.6764577952014581
4667,0.433685724825686
4668,0.5610546111165259
4669,0.6288688325880689
4670,0.5263318807394143
4671,0.4796355697111312
4672,0.631846877261724
4673,0.5578839893730789
4674,0.3956739130334191
4675,0.5245077836128291
4676,0.3914763074118006
4677,0.6699085278381927
4678,0.5672003303483166
4679,0.3750072536165483
4680,0.518251626176906
4681,0.5130876976855622
4682,0.5318572798043696
4683,0.5741191448253019
4684,0.45904509315632036
4685,0.5822198463114808
4686,0.45129857525667083
4687,0.3692039630197087
4688,0.49314985375786613
4689,0.6798680736895535
4690,0.5080035243042152
4691,0.48776893110634895
4692,0.31858877172109407
4693,0.5796372763306612
4694,0.4691886457140904
4695,0.49447579684220444
4696,0.7056893354114246
4697,0.6260747320702007
4698,0.4962540968976535
4699,0.5486361179745037
4700,0.5550563733630867
4701,0.6844331357896773
4702,0.4833685031248295
4703,0.4515770332781598
4704,0.469450163796701
4705,0.7826666133893745
4706,0.5432944694574121
4707,0.6047506282258943
4708,0.6405693529444723
4709,0.5585732150559367
4710,0.5704546095808507
4711,0.531552557206353
4712,0.618957610605363
4713,0.4572979251874918
4714,0.5092621090893571
4715,0.4842546656732049
4716,0.8255589453729941
4717,0.4973813079038476
4718,0.5388047859788103
4719,0.3733015906318273
4720,0.42909619796080123
4721,0.5181763936488548
4722,0.5771706578760389
4723,0.5980926844516377
4724,0.619543482223814
4725,0.5626152217393731
4726,0.5937454218510727
4727,0.3979955917469576
4728,0.4891210231045083
4729,0.5040105640282708
4730,0.559296608504866
4731,0.5211003462113856
4732,0.4684133338319627
4733,0.6233012090192533
4734,0.3738632017188826
4735,0.45460116171765885
4736,0.450582715373246
4737,0.45919511453115824
4738,0.7078278357862582
4739,0.4297949038158847
4740,0.5659918821731852
4741,0.4695685355235133
4742,0.45696073876050797
4743,0.5602291262726946
4744,0.5888542435190313
4745,0.37224035259193033
4746,0.4896435308449074
4747,0.5482184113138323
4748,0.5437818546875366
4749,0.5578060095601616
4750,0.520626340069792
4751,0.4408703668338987
4752,0.5249352715231421
4753,0.4345128725076603
4754,0.5507395264618847
4755,0.44216584475539744
4756,0.5257554893478327
4757,0.5936842690013822
4758,0.3462929991949965
4759,0.6740739912114445
4760,0.3305657904911563
4761,0.46584939933935215
4762,0.6720525146424455
4763,0.6647757833910519
4764,0.4688957583694004
4765,0.7912471157883847
4766,0.3797804298026691
4767,0.30269038545463056
4768,0.5515240563414097
4769,0.33617816084267826
4770,0.35552593279062283
4771,0.4988600819561157
4772,0.4521279175563072
4773,0.521121555844806
4774,0.44794717117620925
4775,0.6389363184689516
4776,0.3944253261273636
4777,0.5441151832018658
4778,0.548621632082031
4779,0.7398359432433913
4780,0.389468607043697
4781,0.6846210419236586
4782,0.42086756683215054
4783,0.3912573604263253
4784,0.4951625566038768
4785,0.5550577731248562
4786,0.5300627129306594
4787,0.6533415470362981
4788,0.5724549350414767
4789,0.470267813381037
4790,0.6303289031084051
4791,0.4462509866171812
4792,0.4915851242777113
4793,0.5401936844092231
4794,0.5067465774679049
4795,0.695966548567826
4796,0.46566307370986126
4797,0.4986194232277
4798,0.43226277442439226
4799,0.6288190594965035
4800,0.512570386699585
4801,0.6188996568356105
4802,0.4383268231924833
4803,0.563240415117469
4804,0.5197571225155424
4805,0.734484673238261
4806,0.5969290240130268
4807,0.5251655734845204
4808,0.4689809375133402
4809,0.4730591200640939
4810,0.5157668139080281
4811,0.3125426581628377
4812,0.3407062922200065
4813,0.3934204021416503
4814,0.5364845602041125
4815,0.6813348514583107
4816,0.3915262434916026
4817,0.45827481898446654
4818,0.5555055679612337
4819,0.6440260102424675
4820,0.402571091292767
4821,0.506591682388861
4822,0.5195571570908597
4823,0.7114100376245943
4824,0.5594619765171505
4825,0.4778422533770507
4826,0.5936926318449145
4827,0.5011544717043369
4828,0.5048302692186213
4829,0.38799283020039144
4830,0.4554540692869101
4831,0.5188872726823689
4832,0.6547950892096417
4833,0.4691110246998963
4834,0.4757407530598423
4835,0.46460265095313064
4836,0.4875814565102925
4837,0.4582496774303443
4838,0.5306326746704679
4839,0.5372091059142501
4840,0.36885774889769785
4841,0.6048586770053351
4842,0.5684724494227626
4843,0.5670256880957579
4844,0.5602196377920412
4845,0.4305865663260407
4846,0.5590051609390171
4847,0.617361848788397
4848,0.4629068923110823
4849,0.620937608301058
4850,0.45366360995108734
4851,0.5065832162026278
4852,0.48891188179813444
4853,0.729327961892106
4854,0.5515503925235736
4855,0.5038614651401467
4856,0.45066480387116753
4857,0.44054009841615693
4858,0.5605887946683233
4859,0.640316310122482
4860,0.5400290637636401
4861,0.2878527535971095
4862,0.5744347414327227
4863,0.5334478292196144
4864,0.5776491186274268
4865,0.3577869990507223
4866,0.5403565711397961
4867,0.5456939433679708
4868,0.39630783127543867
4869,0.31744007536883956
4870,0.5901988283969075
4871,0.49629280410777465
4872,0.7206758783563268
4873,0.5828673398307583
4874,0.5079014906520576
4875,0.5006890535921216
4876,0.6747488856820902
4877,0.39178589408251424
4878,0.5168687405377547
4879,0.4827112064100461
4880,0.5431877229560195
4881,0.5893748024731547
4882,0.6966066289598107
4883,0.5608756160936545
4884,0.3657734745530714
4885,0.3276635723712248
4886,0.5484594904686959
4887,0.47297473935219403
4888,0.5642524726701543
4889,0.5536635593099404
4890,0.4694106396627862
4891,0.5326267522911767
4892,0.3957959941324347
4893,0.5320324193889687
4894,0.5615094444622328
4895,0.5161020033528847
4896,0.5211132194108206
4897,0.3720379755511384
4898,0.4898193203851049
4899,0.4918314671364047
4900,0.4739460691489722
4901,0.46215733936228676
4902,0.6837536510713049
4903,0.5869468100000039
4904,0.36816536546355977
4905,0.5373466446918711
4906,0.5030522807729462
4907,0.5717713360370901
4908,0.5699703801662128
4909,0.4852010138247462
4910,0.47519700721761443
4911,0.44782540784626823
4912,0.3875516458472312
4913,0.4915679385253172
4914,0.48087979439271655
4915,0.5463592469565547
4916,0.4568786629943851
4917,0.548613332294168
4918,0.7742787183061397
4919,0.4281796292006691
4920,0.6085569939162817
4921,0.6247682238177995
4922,0.5143594194838366
4923,0.4439625394634067
4924,0.43800790505144716
4925,0.5630254237940425
4926,0.3537483978180939
4927,0.6082584947562163
4928,0.46453426601241593
4929,0.49961564665119296
4930,0.44825765255973654
4931,0.7488340582103366
4932,0.5414447369764661
4933,0.4719977811199582
4934,0.4562332631975923
4935,0.49394898652929947
4936,0.5695231136644145
4937,0.3916694975378413
4938,0.5796640230170758
4939,0.554290088123991
4940,0.5423672610966584
4941,0.4654864752459974
4942,0.5357338448641108
4943,0.555634139836845
4944,0.5601079737135123
4945,0.6374917909438842
4946,0.5935255603136937
4947,0.43633928226097357
4948,0.41120781110327664
4949,0.42786268644929754
4950,0.5285849930761414
4951,0.4375870754601758
4952,0.47605969301371814
4953,0.3765582512825658
4954,0.5319217482880666
4955,0.483242556576502
4956,0.38148453861388676
4957,0.38970421000796657
4958,0.3832162584621527
4959,0.46513199210010675
4960,0.43638109643708367
4961,0.4840208579710635
4962,0.5192449455136906
4963,0.5224636330188366
4964,0.5871349000077436
4965,0.38102059634635643
4966,0.37972785093249184
4967,0.6653974548444074
4968,0.436705328869388
4969,0.6618193165380379
4970,0.3617061210775909
4971,0.4670731542600549
4972,0.47891582364497076
4973,0.5008860570635512
4974,0.5630216730217517
4975,0.651027058443566
4976,0.4042299213881334
4977,0.7197726191965572
4978,0.5624093189501597
4979,0.39658700888214643
4980,0.5456866752348712
4981,0.5973020047491616
4982,0.4542386065754208
4983,0.49808171519888755
4984,0.4518194406652679
4985,0.40253839609386083
4986,0.5043576060024343
4987,0.4348545345216395
4988,0.5874981324513503
4989,0.3610348026680429
4990,0.5203534266666128
4991,0.6000076332798023
4992,0.5416259259043562
4993,0.4748332775882988
4994,0.5116584991323946
4995,0.6037091195492084
4996,0.5072110939096381
4997,0.4299322393261174
4998,0.504352040233127
4999,0.5603914564090211
5000,0.4704794236223423
5001,0.4907291481850752
5002,0.41497832856387085
5003,0.4989260135320632
5004,0.589600806859975
5005,0.5090677146367695
5006,0.397078088943944
5007,0.4770820140559516
5008,0.6670802883968204
5009,0.685224438990813
5010,0.42633260861824285
5011,0.45234821670438446
5012,0.5492182838313776
5013,0.49630967740826126
5014,0.47667670698836584
5015,0.48488556955087125
5016,0.4657836689847842
5017,0.614207318249328
5018,0.43783004704646183
5019,0.4756699635488755
5020,0.38421478020301714
5021,0.649779946833511
5022,0.4200408223883648
5023,0.6103341010243768
5024,0.388422856643099
5025,0.42173210004231665
5026,0.500138547255441
5027,0.5585157151138791
5028,0.5947252809957684
5029,0.37637508688447713
5030,0.5497839973600597
5031,0.41717361039117373
5032,0.43722507814366635
5033,0.56839428124176
5034,0.520247453238636
5035,0.5743004112539914
5036,0.5035681645460959
5037,0.398447693913829
5038,0.4143277042023251
5039,0.6493101659234785
5040,0.7432371587817526
5041,0.5440631760231652
5042,0.598559050979897
5043,0.4267458444892148
5044,0.36849778917066006
5045,0.5077238403252925
5046,0.5736058561990749
5047,0.5495756151562761
5048,0.4550166450089
5049,0.43507057755784584
5050,0.5672734049362972
5051,0.5639440843442962
5052,0.4237681931478568
5053,0.5787165391806803
5054,0.4406585545514242
5055,0.4364471132511212
5056,0.44217265315535753
5057,0.5236588950541543
5058,0.442169434780419
5059,0.697073038009829
5060,0.49734561733891547
5061,0.49089441455793004
5062,0.6855337833573165
5063,0.5026027564096425
5064,0.45358954423697173
5065,0.45354547214315405
5066,0.3473817006628802
5067,0.47207425226449606
5068,0.611124699638953
5069,0.32804125853269334
5070,0.4222400544504124
5071,0.43615694403908795
5072,0.4451311382165318
5073,0.5953223519101476
5074,0.45807110390166056
5075,0.5771277969629856
5076,0.5814411064272871
5077,0.4315824391285783
5078,0.45152294038559393
5079,0.4841475267027463
5080,0.5171311671614008
5081,0.5429160997674494
5082,0.44962063476187714
5083,0.5023585719838777
5084,0.49178746914135185
5085,0.6120382447554773
5086,0.49786251525907493
5087,0.4334273457829338
5088,0.5074574030044731
5089,0.625633812392036
5090,0.42406716012268764
5091,0.40269383296286865
5092,0.49834500434599494
5093,0.3831848464829194
5094,0.49493522649697097
5095,0.5603887383520473
5096,0.6263346193883554
5097,0.44244403604771226
5098,0.5719749771781117
5099,0.4746656675157819
5100,0.34284038179831755
5101,0.5068439231242796
5102,0.46840588737464334
5103,0.6512049614144387
5104,0.4519757394840342
5105,0.4996253784193967
5106,0.5231540710885841
5107,0.369123643368127
5108,0.4385630867781242
5109,0.6754456568517926
5110,0.46349492107470364
5111,0.5482383833274252
5112,0.6770896618428929
5113,0.4790484913709202
5114,0.3370093818435722
5115,0.41458090634181904
5116,0.6149023407554974
5117,0.5712553745901131
5118,0.4020172448114665
5119,0.4968614860707653
5120,0.351599389946056
5121,0.42884304188952727
5122,0.542061150030205
5123,0.7698915076911037
5124,0.5759610175632828
5125,0.42960354836693215
5126,0.4906017131238912
5127,0.636058781173836
5128,0.7246094019814635
5129,0.5021478063847126
5130,0.5653068765520157
5131,0.42566126345970934
5132,0.5022853501739073
5133,0.568365766071608
5134,0.35872968782950276
5135,0.43351125634793686
5136,0.4452924142684064
5137,0.43338169574850655
5138,0.3513631149910296
5139,0.34420410220675113
5140,0.6222098478949132
5141,0.5219366570758548
5142,0.5027739641874615
5143,0.5003228287290465
5144,0.7000786033055049
5145,0.4652541257753948
5146,0.42652377953007325
5147,0.4560648447323648
5148,0.6530625646139296
5149,0.4566958673969489
5150,0.5465517817163682
5151,0.4893559125857215
5152,0.6658550028836313
5153,0.6037197651053294
5154,0.5032259476771703
5155,0.4272191822384748
5156,0.7083120308380324
5157,0.6552538217077513
5158,0.4496504641588432
5159,0.47213443196297844
5160,0.3289784456016862
5161,0.5929220266757096
5162,0.5758298363833735
5163,0.3678002419271552
5164,0.6917092005371855
5165,0.4401110708273914
5166,0.5402569721594896
5167,0.3653676659646411
5168,0.4894650589941951
5169,0.5220086275991752
5170,0.4831425721227637
5171,0.5133788015787537
5172,0.6511499792363518
5173,0.44236090488388374
5174,0.45353510657503604
5175,0.526085660971705
5176,0.411405584065184
5177,0.37535884574478884
5178,0.658023061184082
5179,0.4966521138945557
5180,0.5218685527809926
5181,0.5538612848439205
5182,0.4994440726464085
5183,0.5419364089330116
5184,0.4851465377712788
5185,0.5732087695855136
5186,0.5395664258420765
5187,0.42262776764512333
5188,0.575931529691662
5189,0.36871901804801854
5190,0.4739686451154982
5191,0.3674967302126146
5192,0.46244508784639893
5193,0.5385341957619545
5194,0.43873304008685954
5195,0.4771653594181566
5196,0.4998421376528865
5197,0.49339707850103914
5198,0.630108057723482
5199,0.7646433633187794
5200,0.5149074543581531
5201,0.5362250137418921
5202,0.5615974375993461
5203,0.5930845058068558
5204,0.6317615584270005
5205,0.5724060507431729
5206,0.5242053096089087
5207,0.5292440222013173
5208,0.5509370822774944
5209,0.37929578941180486
5210,0.4985231149814671
5211,0.5215322996665358
5212,0.34137430733364516
5213,0.4312873528858083
5214,0.4479095830251186
5215,0.533220305221202
5216,0.5057922544947616
5217,0.8996938776662153
5218,0.3324078995056978
5219,0.6570323297608953
5220,0.47476275774589266
5221,0.5521536300665764
5222,0.5486353360488057
5223,0.492243210611744
5224,0.4938178147508997
5225,0.5550703860065997
5226,0.6236671472116752
5227,0.5572984523618241
5228,0.538764002271448
5229,0.4660788591153645
5230,0.6991417739039997
5231,0.5029862501800867
5232,0.5538411462599638
5233,0.46687631466539004
5234,0.47126024411083955
5235,0.5492121408212982
5236,0.3738876530009537
5237,0.5010160038387074
5238,0.4956444684163851
5239,0.4455452704733683
5240,0.4475785939116318
5241,0.6237625725575565
5242,0.7263204557808519
5243,0.5570583892017597
5244,0.398038124220803
5245,0.4964836891415328
5246,0.4940973601587798
5247,0.40730562695456324
5248,0.5311252273139849
5249,0.5632477924408872
5250,0.4818424232426186
5251,0.5331924684139379
5252,0.4613578417762602
5253,0.4377244341691263
5254,0.6021902211866165
5255,0.4402046700129679
5256,0.4601733439774479
5257,0.37149954668520635
5258,0.43510663357134505
5259,0.5927004478166216
5260,0.4762953847370963
5261,0.7214037773562879
5262,0.4817553810471116
5263,0.6693578915195919
5264,0.353956887962008
5265,0.5827111445972807
5266,0.6515137632806639
5267,0.5819602182374003
5268,0.7451136586749619
5269,0.40361606099317526
5270,0.5882167933695652
5271,0.49429528350548096
5272,0.48301722676188324
5273,0.4704803762233656
5274,0.4303005822650281
5275,0.4304285917921231
5276,0.4567730999032077
5277,0.4970275648736253
5278,0.5870927126455627
5279,0.40542123831723625
5280,0.3769506238632508
5281,0.5548831878787032
5282,0.3952358889144054
5283,0.3958089779620927
5284,0.5126523506292415
5285,0.5051144800555248
5286,0.5381133118223993
5287,0.6010850141014563
5288,0.4192806146287058
5289,0.6854627452338129
5290,0.4758801588662685
5291,0.4311072418812229
5292,0.5566430787611041
5293,0.4747752709074033
5294,0.4473891616813144
5295,0.6364249518038881
5296,0.36439393298052347
5297,0.44242357917826525
5298,0.600976990794296
5299,0.5936362791799235
5300,0.5011059649985644
5301,0.8706746493209132
5302,0.5613538627741833
5303,0.30661713886862807
5304,0.4263575411162682
5305,0.524857948294621
5306,0.364001172538694
5307,0.49808731941755313
5308,0.488827256405476
5309,0.4294004565827455
5310,0.46291964642535105
5311,0.673985914115679
5312,0.3751860741368166
5313,0.5249520541862485
5314,0.4874781658856258
5315,0.48683807463539236
5316,0.4589978350657426
5317,0.5100275531870153
5318,0.45274141111159394
5319,0.43337899314166645
5320,0.741832949091902
5321,0.3923715486171324
5322,0.4215317526199823
5323,0.5134995915271502
5324,0.5315466028382265
5325,0.6191030166176327
5326,0.41913725766588794
5327,0.47146309062397274
5328,0.48058731891948175
5329,0.5282046484446035
5330,0.5758178179114014
5331,0.5038234112369806
5332,0.5428340502187811
5333,0.48875034157010994
5334,0.5579155351650527
5335,0.49922332355641125
5336,0.5032200645044361
5337,0.682346534367448
5338,0.42652644847308935
5339,0.7805276639709846
5340,0.4218474403893542
5341,0.4198521486526826
5342,0.5067906594897658
5343,0.49402490344845373
5344,0.5861995557273513
5345,0.5781478168181214
5346,0.4623902736888651
5347,0.5442042729540388
5348,0.4747263077910457
5349,0.4235586567011651
5350,0.4893179101362572
5351,0.5300897812540414
5352,0.5057375804797786
5353,0.5296220999108837
5354,0.4640987192968977
5355,0.6169172880430037
5356,0.7509134611228807
5357,0.4947864677720209
5358,0.7345053529518987
5359,0.621101156408696
5360,0.685560860700031
5361,0.6015345801057406
5362,0.49837916524379366
5363,0.5865392246079908
5364,0.5211128060039902
5365,0.5204070693788685
5366,0.6745591121834306
5367,0.5915391136111245
5368,0.5365665231470619
5369,0.4807545465279544
5370,0.5092401046977075
5371,0.48088862389609394
5372,0.5933127478598593
5373,0.568846805853798
5374,0.47712234862424147
5375,0.5416986059423738
5376,0.6054224625013358
5377,0.505959624062405
5378,0.5589089864445197
5379,0.4827198237678111
5380,0.5281029944190546
5381,0.4157823207060918
5382,0.4670549324557903
5383,0.44353364709092
5384,0.6761471507522487
5385,0.5306046731426697
5386,0.7758877498752681
5387,0.44903557711701875
5388,0.47121293120244295
5389,0.4803677210838108
5390,0.5497638330278704
5391,0.3759739359569446
5392,0.4957931650256063
5393,0.4281545669885371
5394,0.4536306455520275
5395,0.40330623305104446
5396,0.46822235942885787
5397,0.48437144171772994
5398,0.3711536983783641
5399,0.5584422072955052
5400,0.4759940783310716
5401,0.612165404392344
5402,0.4829218806374702
5403,0.5263556725919596
5404,0.4323777466866693
5405,0.595145672992647
5406,0.6091567237029735
5407,0.5730177740762102
5408,0.5020795626468805
5409,0.5282130033342437
5410,0.50235192181575
5411,0.5443916496373489
5412,0.4964818380373071
5413,0.42175701878522914
5414,0.6280179695577272
5415,0.3832608232110434
5416,0.5285836232894175
5417,0.5521871900738804
5418,0.3684112469869514
5419,0.43077600661967097
5420,0.46518010481280214
5421,0.45087229826928904
5422,0.6599249575691274
5423,0.5211706229036832
5424,0.34841442443058
5425,0.5435871540133886
5426,0.5593520248833017
5427,0.49381395254947613
5428,0.6603608577636587
5429,0.3741973654253838
5430,0.4709134083246352
5431,0.6901616035195189
5432,0.5095077032056019
5433,0.5430826729828205
5434,0.41951636848815643
5435,0.6750074715163088
5436,0.4040099010171364
5437,0.5720059693454462
5438,0.4612202278482413
5439,0.48463134722306117
5440,0.566113168476783
5441,0.4544092474395647
5442,0.7184198763836772
5443,0.554504070826446
5444,0.5566680759061989
5445,0.2739002066089714
5446,0.48720086018688347
5447,0.5547441747476324
5448,0.6750621406903252
5449,0.6860785942335924
5450,0.6006724863027761
5451,0.5015026229533025
5452,0.4740743283344542
5453,0.4472904970322094
5454,0.5394498679422598
5455,0.6482720739819562
5456,0.624052839694484
5457,0.4193133913219297
5458,0.5983879123841617
5459,0.5558700180697888
5460,0.5546842468101145
5461,0.4528948014928411
5462,0.44822995588382053
5463,0.5019118375414472
5464,0.46741074660520077
5465,0.34444136844622864
5466,0.5775388844400805
5467,0.4257600036471636
5468,0.42318135631899895
5469,0.4046315824231882
5470,0.6640865398780775
5471,0.5665486994611244
5472,0.47402013337164967
5473,0.5476435303026298
5474,0.4671087297901132
5475,0.4500332168988354
5476,0.31607638123270115
5477,0.43259161233286403
5478,0.37853967924765786
5479,0.6335166349332597
5480,0.549792611162596
5481,0.7307646786792106
5482,0.29780459726121583
5483,0.4699298644218144
5484,0.498886920633807
5485,0.580917673596976
5486,0.5356376288190297
5487,0.7629540735615064
5488,0.588856724557025
5489,0.475758083823442
5490,0.46218286119278745
5491,0.508600833815991
5492,0.46004730402983834
5493,0.5850060354085501
5494,0.7114447859563828
5495,0.5450158751269774
5496,0.4630579485131125
5497,0.39163879762980414
5498,0.5848479385974664
5499,0.5594511610155387
5500,0.6264052446894647
5501,0.6036448572594778
5502,0.4717505956523602
5503,0.5369224737046202
5504,0.4236898394123235
5505,0.39871251655722834
5506,0.4622659281228082
5507,0.7294735851954082
5508,0.41454438503942515
5509,0.5364830558391528
5510,0.4854439896208017
5511,0.6265007526339446
5512,0.6649131754462269
5513,0.7438584368965135
5514,0.565429661573942
5515,0.6125625056896259
5516,0.49299635406862485
5517,0.4345773815118763
5518,0.6982418847754835
5519,0.5626697975537773
5520,0.3886895231461082
5521,0.51063154078239
5522,0.5597103689615673
5523,0.43633463708484527
5524,0.5022097746268283
5525,0.6310483766603285
5526,0.6137250784556808
5527,0.6882845191177218
5528,0.6069938315319708
5529,0.4611967398673392
5530,0.3381766868663556
5531,0.6272336474091561
5532,0.5118312103924579
5533,0.4648466794814402
5534,0.45714148295866996
5535,0.6348418766405606
5536,0.5467081157596726
5537,0.4076297489806427
5538,0.33032562824289924
5539,0.6668090231175909
5540,0.5819347320615738
5541,0.5556965825907714
5542,0.5767525079600964
5543,0.5665854576187142
5544,0.5622671661036168
5545,0.44919435552000414
5546,0.488611204747543
5547,0.5425113181184795
5548,0.5223224232760209
5549,0.4041620891126212
5550,0.37563429308670715
5551,0.5165551312693502
5552,0.6818951640965227
5553,0.656364852403265
5554,0.5093320073123297
5555,0.4059176606547327
5556,0.3642240812841447
5557,0.5805413951046764
5558,0.4718077890882837
5559,0.5824928064551461
5560,0.4179361999603107
5561,0.48521041165262496
5562,0.6647189328077235
5563,0.6727113187260368
5564,0.47159772954523377
5565,0.6317040733476008
5566,0.3907814100478944
5567,0.47625621850834854
5568,0.4787467767659152
5569,0.42738587460842986
5570,0.4984179126874412
5571,0.5238532690768778
5572,0.5485508125810925
5573,0.5298730944720924
5574,0.47622760245703216
5575,0.43480233820998704
5576,0.43371448564233667
5577,0.5638908211212866
5578,0.4982078287029535
5579,0.46189734644601643
5580,0.49955104523422084
5581,0.4460140554775711
5582,0.5363488123276503
5583,0.6048290487873625
5584,0.5232929775961609
5585,0.26433873397090946
5586,0.4968029995777376
5587,0.5452874067962614
5588,0.4454387621283392
5589,0.6510117456809468
5590,0.6789995721039281
5591,0.3783207268923723
5592,0.49847186214296746
5593,0.7965853315575754
5594,0.3872081396105782
5595,0.48519228598525993
5596,0.4835817983478936
5597,0.6355874619837506
5598,0.6036703111098035
5599,0.534907197770029
5600,0.5263602461867937
5601,0.39000804937327777
5602,0.6054928818940294
5603,0.5476198746118243
5604,0.5158160915647645
5605,0.5149123208223904
5606,0.544314301610921
5607,0.49813640161789363
5608,0.5361727277014143
5609,0.5703803242808196
5610,0.5980454238189212
5611,0.38155708895624085
5612,0.5301489767071244
5613,0.5958450826248782
5614,0.432018617454205
5615,0.39773224052642775
5616,0.4948788479217671
5617,0.5985825579495038
5618,0.5794742440755334
5619,0.5389583711905587
5620,0.3810052555662211
5621,0.5891721334020686
5622,0.4695741418287555
5623,0.4401487858344309
5624,0.4219762305912882
5625,0.4348208458664485
5626,0.5700972176620528
5627,0.4047475500370601
5628,0.5118625953464179
5629,0.4886022853800981
5630,0.4348627170789853
5631,0.5242519242009687
5632,0.6223499995965077
5633,0.5891178245794608
5634,0.48875623847312977
5635,0.45474345875332917
5636,0.49294724685946983
5637,0.5765348280773881
5638,0.38564775268722634
5639,0.5657814015166923
5640,0.6158730675555709
5641,0.5020765413557968
5642,0.49177743737453183
5643,0.610492053794968
5644,0.41603153840861445
5645,0.5409427084742907
5646,0.43183576629506765
5647,0.5034597791812204
5648,0.6789805210833769
5649,0.5138226102252953
5650,0.4266569169238414
5651,0.7308988578825686
5652,0.46977555986623154
5653,0.43754824303306794
5654,0.4638343730435505
5655,0.4453144566064418
5656,0.3992159831620178
5657,0.6333195458534098
5658,0.44896743831596436
5659,0.3624427946960653
5660,0.5046020534729112
5661,0.4310580678301806
5662,0.574195301545606
5663,0.6428561890829887
5664,0.4746738220483363
5665,0.5556967750407622
5666,0.5467196884550652
5667,0.7047775609813782
5668,0.5449615841313439
5669,0.6018371999090162
5670,0.3962375905327494
5671,0.4548470782121096
5672,0.5838515169126043
5673,0.35452549532131
5674,0.5992494019009875
5675,0.4934340577953611
5676,0.4516511345756029
5677,0.4387625472863955
5678,0.5315748730474636
5679,0.5418826789989875
5680,0.6278514303579485
5681,0.7381044468329949
5682,0.49163434630620667
5683,0.4445294487874711
5684,0.545411805671345
5685,0.48712259470818453
5686,0.3608541572941429
5687,0.6402618384904034
5688,0.506008258254474
5689,0.37751143729403486
5690,0.43595670763362576
5691,0.5033848657263263
5692,0.5916429413792815
5693,0.508386764338346
5694,0.6137706796980921
5695,0.429835585404292
5696,0.5414572801597358
5697,0.5014357634728897
5698,0.737493415404884
5699,0.42576059594927973
5700,0.49234007799213836
5701,0.6229351473128898
5702,0.5848883257471976
5703,0.5687402650504585
5704,0.3179230610141691
5705,0.6079456082176778
5706,0.4723015948059965
5707,0.49132826435350774
5708,0.514144931809915
5709,0.7009680133932741
5710,0.5323827424284056
5711,0.6204754011751143
5712,0.5863073771396372
5713,0.5995148622221934
5714,0.4093378481780741
5715,0.5682573737983552
5716,0.5359316587772556
5717,0.48300829454712507
5718,0.6027338620626242
5719,0.4545950711055426
5720,0.5644027280255329
5721,0.37019685447285755
5722,0.6525070241187834
5723,0.481351624526665
5724,0.45913189273333804
5725,0.6465135568701398
5726,0.6857727196578101
5727,0.3721630235177505
5728,0.5755970391921793
5729,0.6470071968222104
5730,0.6656240781631073
5731,0.587001605292471
5732,0.4016199291706
5733,0.5898662704057173
5734,0.5219636672556306
5735,0.47907127365151814
5736,0.5267394174651332
5737,0.5447176880722024
5738,0.45823397310520675
5739,0.45130469569839915
5740,0.5813167386848838
5741,0.3875338757090595
5742,0.8274986975663061
5743,0.4114467779365364
5744,0.43814114888444167
5745,0.6120278867574995
5746,0.6178063206530752
5747,0.4982345688140038
5748,0.4205079261654785
5749,0.4160513657522935
5750,0.4351219417863605
5751,0.4520488784425584
5752,0.4545699400178623
5753,0.48368735534842616
5754,0.5750985748189537
5755,0.6037148682654162
5756,0.49150595294051874
5757,0.4176696866060822
5758,0.6054447781512657
5759,0.4446364273184941
5760,0.5582936687323928
5761,0.45739406611071487
5762,0.6223297916767445
5763,0.5287434937984355
5764,0.4971750581977883
5765,0.6224584647792509
5766,0.40482344657803554
5767,0.5215128296974835
5768,0.342713587205704
5769,0.3875124889083379
5770,0.36911115046160303
5771,0.500021925391913
5772,0.5498855421489306
5773,0.4816627503117219
5774,0.5661961528513847
5775,0.6699111363014254
5776,0.48928385898048987
5777,0.437657482272203
5778,0.6304452657342431
5779,0.6312075142657536
5780,0.3858148478138286
5781,0.5423900730196607
5782,0.384008385070269
5783,0.47493793766746983
5784,0.48305033600961833
5785,0.4471208859376806
5786,0.4474363450841905
5787,0.45595986474194616
5788,0.5142923092359232
5789,0.5303430344150964
5790,0.7230646472546018
5791,0.562996561309297
5792,0.45605107005024925
5793,0.4694274243635543
5794,0.36225159933111917
5795,0.6475759710313161
5796,0.5340844273257842
5797,0.5765668415647386
5798,0.4621910673371575
5799,0.6225538761703325
5800,0.5116409696892701
5801,0.4647016926218418
5802,0.5858904185405414
5803,0.36972154273204616
5804,0.48944929402715726
5805,0.762179249207766
5806,0.710148689977082
5807,0.48884156166723897
5808,0.2453332277788451
5809,0.47141755043769706
5810,0.4959117945257136
5811,0.49857141140546535
5812,0.5302754815460932
5813,0.5201086868637996
5814,0.5084722763349615
5815,0.5487164427181094
5816,0.5113654829645035
5817,0.4511776511191402
5818,0.5364189924272053
5819,0.44487471594345146
5820,0.35917060303916226
5821,0.7562302192372734
5822,0.3982689357573308
5823,0.546917501675746
5824,0.5297979556348836
5825,0.4868047060239889
5826,0.4675699408163208
5827,0.6111562811840762
5828,0.4627531068518963
5829,0.4817119293028586
5830,0.5446056285306473
5831,0.46612664280053995
5832,0.29946665739602396
5833,0.5310677913823266
5834,0.7345755603381023
5835,0.3430673695748542
5836,0.4483971986466712
5837,0.5018140138584811
5838,0.5670447191120321
5839,0.38808008164241947
5840,0.44132097729855674
5841,0.4909241529307832
5842,0.5441469049034383
5843,0.46338110092676627
5844,0.5524413958458603
5845,0.454686892212593
5846,0.46928651601889715
5847,0.5399291003411064
5848,0.525042038269636
5849,0.5227579079634499
5850,0.5144272919992409
5851,0.5898420683816346
5852,0.5348536692307445
5853,0.45626283350708285
5854,0.6175324914065822
5855,0.3895733974343665
5856,0.3477423467480928
5857,0.6558281212600391
5858,0.5012051180801934
5859,0.5559573834920143
5860,0.367550100421142
5861,0.3555757140063387
5862,0.40068434398478026
5863,0.4970409913837423
5864,0.41080475524930576
5865,0.5002880544158158
5866,0.4791460678530725
5867,0.708785064703304
5868,0.6283464752416157
5869,0.4358072466023917
5870,0.5304178232986626
5871,0.5156088383937004
5872,0.46274778198506966
5873,0.49353570823710635
5874,0.46903378284463215
5875,0.4388441813335035
5876,0.5445756082726967
5877,0.6963063281327454
5878,0.4396667174616844
5879,0.525960639846315
5880,0.5380836329060588
5881,0.5375704023374803
5882,0.4231282155672471
5883,0.5749514907741059
5884,0.6356511699649692
5885,0.48880554383441943
5886,0.4504717858410849
5887,0.45645365998999343
5888,0.5236295949477412
5889,0.4971782820126908
5890,0.5988125008192826
5891,0.44665670642678146
5892,0.45969150737331244
5893,0.5421762172945964
5894,0.4427646172630633
5895,0.27141298300657596
5896,0.591578035942398
5897,0.572145904263379
5898,0.44380345186291875
5899,0.4239040472819724
5900,0.5524739856112438
5901,0.5138364015651405
5902,0.3601208433283856
5903,0.43887809132155464
5904,0.6307773788280006
5905,0.5737733118766069
5906,0.4858958637709315
5907,0.571782592894029
5908,0.48287538232052657
5909,0.27920900998620135
5910,0.567036242359709
5911,0.6740516595576715
5912,0.5193702572065954
5913,0.5177442901889134
5914,0.6148679051062903
5915,0.47703340837826697
5916,0.4372810230637794
5917,0.4331162509327222
5918,0.5032608687090777
5919,0.32158819097000824
5920,0.3932280387954603
5921,0.508199536764701
5922,0.29374562579478236
5923,0.323603391785086
5924,0.5151769371443424
5925,0.5356022719346901
5926,0.4658469914035969
5927,0.3017499113506653
5928,0.5330450912935091
5929,0.452854821139937
5930,0.4212081491968144
5931,0.37600335583211575
5932,0.6385788481425991
5933,0.48412238442038336
5934,0.5116597096466691
5935,0.425368692507729
5936,0.5413348020731276
5937,0.4327304778707445
5938,0.5489142830599446
5939,0.4694019028111106
5940,0.531281367366268
5941,0.45971415983004676
5942,0.3871090858820458
5943,0.35897644563279296
5944,0.5006441564199154
5945,0.43182593328663
5946,0.5172442158637558
5947,0.538195681682127
5948,0.48550843858154114
5949,0.4131253931235297
5950,0.6269504577132101
5951,0.5477006498946748
5952,0.7674666810358717
5953,0.5002172168177141
5954,0.5351839351647082
5955,0.5457370449344416
5956,0.4568555156980643
5957,0.5857129512492744
5958,0.6722647466835104
5959,0.3443198376536444
5960,0.5205153980803049
5961,0.5195781572019397
5962,0.5211422345928107
5963,0.63490360712199
5964,0.7152426379748621
5965,0.5617466644798508
5966,0.43261271647276456
5967,0.39293008481602565
5968,0.5925229548012193
5969,0.5003250869911703
5970,0.32774757084869954
5971,0.5419605072896112
5972,0.5691015457224536
5973,0.3950142691110706
5974,0.5524908850283121
5975,0.6260444804723896
5976,0.4876171648957163
5977,0.43638824583885555
5978,0.5567934478749741
5979,0.4668794091023816
5980,0.5185164952230493
5981,0.3440946223438412
5982,0.5291034500440527
5983,0.6103862843511207
5984,0.6563906184721784
5985,0.6292568169548571
5986,0.4254768144727615
5987,0.6075694925722941
5988,0.47499194456867405
5989,0.3425698154875978
5990,0.49041856815977025
5991,0.5276628264785963
5992,0.6843431542449429
5993,0.6581666137738625
5994,0.49224447798913645
5995,0.5236153202926872
5996,0.5690338860962518
5997,0.5749653733233538
5998,0.520329329222826
5999,0.4361103299768037
6000,0.4337882178730055
6001,0.5935670718259463
6002,0.5242771155558656
6003,0.5169732879743117
6004,0.4310704037124988
6005,0.402275502357021
6006,0.4957838128399608
6007,0.5793469490985648
6008,0.6182068642426916
6009,0.5811137054672458
6010,0.4954927479741005
6011,0.4664666568716313
6012,0.5488253688065726
6013,0.5246912666735256
6014,0.4948299261289881
6015,0.40203412924786097
6016,0.4013434837889875
6017,0.5393653311095314
6018,0.5432560279035491
6019,0.3959119359590304
6020,0.6003630343320213
6021,0.5647501322519952
6022,0.5457211182344422
6023,0.4196635800565653
6024,0.46858429553628167
6025,0.4874292191319445
6026,0.6262920811493088
6027,0.615202355640798
6028,0.3585856037295484
6029,0.5668445792829523
6030,0.36915575532505973
6031,0.5027020047749999
6032,0.5446849972611244
6033,0.5215850022505877
6034,0.3910582545532829
6035,0.41772881921645927
6036,0.4974488945461975
6037,0.42148190333287266
6038,0.5410947276663678
6039,0.48897550354316616
6040,0.3759021840723811
6041,0.5000697545445025
6042,0.4113693691085218
6043,0.5158560064207975
6044,0.5240425096216402
6045,0.5253544692315677
6046,0.38076481520787014
6047,0.5800941052997556
6048,0.7222346182005963
6049,0.4781491596603591
6050,0.48882727954166555
6051,0.5250129814154074
6052,0.6939362795010265
6053,0.5778618905188444
6054,0.5861092833914932
6055,0.5037434393780014
6056,0.43080541308296777
6057,0.4666204281474155
6058,0.6017770989357842
6059,0.40571634000915413
6060,0.5843786274864537
6061,0.6127203186525346
6062,0.4210564716800011
6063,0.5792396523909483
6064,0.45518418363206503
6065,0.501422472145299
6066,0.7406476364961067
6067,0.41218751807147075
6068,0.6284405819199929
6069,0.48361817397483403
6070,0.4410490622729909
6071,0.5100040485325625
6072,0.447520181748288
6073,0.3626190839162843
6074,0.516729979101654
6075,0.44259433771746226
6076,0.5376005316131304
6077,0.5608410167148181
6078,0.47465094600858065
6079,0.42946110988538094
6080,0.4814265557025161
6081,0.48379415407347437
6082,0.534874331354777
6083,0.4571064903766567
6084,0.4068693483597488
6085,0.4917994655300839
6086,0.5986371645509088
6087,0.4879282871152502
6088,0.4036114431391315
6089,0.6238170959418101
6090,0.48062458746597764
6091,0.5944749281102635
6092,0.46172165017399586
6093,0.6953537484648799
6094,0.5281459809099553
6095,0.5362069338323769
6096,0.42492916576967343
6097,0.5710729899648754
6098,0.5957690332607738
6099,0.5724296514667211
6100,0.5797136617849923
6101,0.5501603184972274
6102,0.4983132264396392
6103,0.6076072731491748
6104,0.43317878444879
6105,0.3376449769580422
6106,0.4537197739103898
6107,0.47281321435149226
6108,0.5935073387093825
6109,0.3589443893625758
6110,0.49463868739702016
6111,0.4613747727256887
6112,0.5820864883019545
6113,0.5231200210983499
6114,0.7647842288825102
6115,0.5067728114999015
6116,0.5264007165593152
6117,0.5060763754722806
6118,0.4009333598648566
6119,0.349900945812901
6120,0.46740772775883116
6121,0.4754668348496533
6122,0.4834872064086859
6123,0.4810013940176897
6124,0.5270982070265747
6125,0.49060807011156815
6126,0.5815776789231668
6127,0.5977695223315163
6128,0.6190412357943818
6129,0.4513984032146341
6130,0.5097924635295905
6131,0.5396501711778088
6132,0.5760580066458421
6133,0.3830848542101253
6134,0.605093999361893
6135,0.6785003989152373
6136,0.52795148233651
6137,0.4596280931816358
6138,0.49699681228671644
6139,0.5821391618767064
6140,0.600577872586131
6141,0.30569232741636954
6142,0.6761567924917155
6143,0.44072566266869884
6144,0.37227668391206137
6145,0.33354656076178957
6146,0.6566980037378672
6147,0.5738159422702722
6148,0.4495423648811804
6149,0.47427445330790696
6150,0.4512826163750034
6151,0.6339572293562976
6152,0.5719528216172076
6153,0.45680006043770244
6154,0.4926510126246886
6155,0.43688944005136016
6156,0.6075869837307952
6157,0.5118824956794985
6158,0.46994581430371757
6159,0.49280926969365635
6160,0.5388581994941605
6161,0.509680240907803
6162,0.6620843493031318
6163,0.49166304892803336
6164,0.5759109424683431
6165,0.5257533212354842
6166,0.5440344914484879
6167,0.39699467760222223
6168,0.5358146351139184
6169,0.4746785877637616
6170,0.49805831649297994
6171,0.3144606085569959
6172,0.5571697242213597
6173,0.40754562761949
6174,0.664143797756167
6175,0.562475632207152
6176,0.47380642092100667
6177,0.6407134324036703
6178,0.48691926601712465
6179,0.5655254639662878
6180,0.5680498514838925
6181,0.555753455787616
6182,0.491126440162868
6183,0.5983359477984473
6184,0.5469025975994811
6185,0.584143582084848
6186,0.4950035299660009
6187,0.5764106007030675
6188,0.4365108683286982
6189,0.41945212486155775
6190,0.48512290139450764
6191,0.5533218611368593
6192,0.6179111785557099
6193,0.5071798149393858
6194,0.3949578959509259
6195,0.42182158841842665
6196,0.4105259366297366
6197,0.47216031043653495
6198,0.2861992227406064
6199,0.4185458200888261
6200,0.5409214370161839
6201,0.5176832611238276
6202,0.45965239354047505
6203,0.37284874372920074
6204,0.6019162197347689
6205,0.5448677172340274
6206,0.5712415048009489
6207,0.34482151121571614
6208,0.48414043423635983
6209,0.5427136288863673
6210,0.5525076898189508
6211,0.5185868398186635
6212,0.5041717503751385
6213,0.46735577839454795
6214,0.48367211924424375
6215,0.45348506320794985
6216,0.42201277909333956
6217,0.4512139345752293
6218,0.5094675065226064
6219,0.5686125976803619
6220,0.4828291657166563
6221,0.4623196877658932
6222,0.5628788469623982
6223,0.6023988372463925
6224,0.5141848731289607
6225,0.6280616420821703
6226,0.4217600785101663
6227,0.8569406257957315
6228,0.3726561284124289
6229,0.5308487584315503
6230,0.40008218110757643
6231,0.5318172784140852
6232,0.7060942222370177
6233,0.5768470236429402
6234,0.7201391982737578
6235,0.45019743628839626
6236,0.32725797593857237
6237,0.5735906983350276
6238,0.5432595283414439
6239,0.48208737172757654
6240,0.4320063268191564
6241,0.5183902907301834
6242,0.4496324227465468
6243,0.49905168304936104
6244,0.6812169107001196
6245,0.608679834435544
6246,0.6608994892437485
6247,0.4751827724950159
6248,0.5402454598302104
6249,0.4361618010761463
6250,0.49722162298853045
6251,0.5123134511564307
6252,0.4015943216701564
6253,0.5269499655787768
6254,0.456868829720252
6255,0.6061564290059634
6256,0.538390751861164
6257,0.681327451655156
6258,0.41539072641989216
6259,0.4549654545731152
6260,0.5818358898230511
6261,0.4633002179726386
6262,0.3428678444118906
6263,0.41804953085399643
6264,0.6334975009801822
6265,0.5913621694073206
6266,0.43523502949109305
6267,0.49252769512650957
6268,0.6911634178431405
6269,0.6982248349537359
6270,0.5736818543357233
6271,0.5221734829980045
6272,0.6603275159719875
6273,0.6513017649451052
6274,0.3711297627811859
6275,0.42012314235086645
6276,0.44649745620462516
6277,0.6620335763170012
6278,0.5029289542095006
6279,0.5374185657610957
6280,0.5162006534679087
6281,0.495895977691327
6282,0.5422322487703513
6283,0.6846093841247369
6284,0.35094560638525923
6285,0.5367729005190103
6286,0.41176704028574684
6287,0.5686270712249551
6288,0.48209805720351195
6289,0.5547502506353923
6290,0.5450085877311759
6291,0.41792884721719836
6292,0.4393765318363952
6293,0.7799699231571305
6294,0.42627506484050753
6295,0.433347947636387
6296,0.603025825940061
6297,0.49646410029158355
6298,0.44410716355700347
6299,0.5231173655290867
6300,0.4326759906632691
6301,0.5721838947483935
6302,0.4714873714432223
6303,0.4312890779793973
6304,0.5040017065689012
6305,0.3046127064227482
6306,0.4416169689105828
6307,0.5002917489612815
6308,0.6311307527822454
6309,0.7497763443547615
6310,0.4558593184936932
6311,0.4084136235788692
6312,0.5319638397001871
6313,0.5141034779531278
6314,0.7278018340521116
6315,0.36792205509828624
6316,0.48664569422889215
6317,0.5143995814198045
6318,0.7248574684293705
6319,0.6083662071943635
6320,0.45221291438886585
6321,0.5219333872853479
6322,0.521185775826937
6323,0.40191597287870423
6324,0.5220631533410066
6325,0.587006020939131
6326,0.4244469301349548
6327,0.6197007638910668
6328,0.6166075090116788
6329,0.4833870274361252
6330,0.5695586452458954
6331,0.461256700118267
6332,0.4625022836021873
6333,0.3312844854773643
6334,0.6814809722211954
6335,0.5925614225095197
6336,0.4501581047867813
6337,0.4381289987911243
6338,0.5193814971566058
6339,0.5705120546133228
6340,0.42147567151962334
6341,0.5625027203697707
6342,0.6714048047263037
6343,0.3773205000497929
6344,0.5023927215621506
6345,0.4458700960627784
6346,0.4075672232920997
6347,0.52776375990835
6348,0.533050262657133
6349,0.7234107616813175
6350,0.5178785961667494
6351,0.5228236328247535
6352,0.4866771142359161
6353,0.565477409583066
6354,0.4312570866576348
6355,0.5543931980533171
6356,0.4676714233420334
6357,0.6180502076321359
6358,0.5322540490542317
6359,0.4198670748671859
6360,0.5177892959753247
6361,0.663923100468524
6362,0.3569624632225523
6363,0.5644668486822582
6364,0.655579671333559
6365,0.6559191668559499
6366,0.7074972850507366
6367,0.6553983142567563
6368,0.609943423786651
6369,0.47728479718401784
6370,0.540021806830787
6371,0.5641416860500725
6372,0.43124606772035967
6373,0.44378492415298
6374,0.40967865755721794
6375,0.49785645158868974
6376,0.38736898121538
6377,0.5189711707846091
6378,0.365217027560485
6379,0.5580928884335908
6380,0.5321920738722458
6381,0.5238501046047567
6382,0.6183330526653091
6383,0.5271754992764199
6384,0.50912556037928
6385,0.42747008664303815
6386,0.6107597213467083
6387,0.47162811496038703
6388,0.4831647889977369
6389,0.5276078986184758
6390,0.451721964488498
6391,0.5581233234836874
6392,0.5479903910317605
6393,0.44539951608598305
6394,0.5055118623259254
6395,0.4504711288362672
6396,0.5415660079899056
6397,0.6855154318773092
6398,0.483066088836761
6399,0.5261191403216327
6400,0.44765398610015483
6401,0.2972172143730657
6402,0.44147780529746894
6403,0.42062167974624964
6404,0.5560447271878637
6405,0.46367652030033885
6406,0.4851761938698596
6407,0.5481232649173927
6408,0.4493841885334346
6409,0.5502325754539279
6410,0.43847957727721243
6411,0.3717637611562054
6412,0.5970589819560082
6413,0.49446455271324674
6414,0.6142750136004854
6415,0.6859350939529526
6416,0.5584150946944378
6417,0.6202122487384853
6418,0.5646641139618752
6419,0.47590445986794566
6420,0.35767391332463594
6421,0.44933592363453834
6422,0.5287968115505954
6423,0.4173197623118591
6424,0.6085050600855113
6425,0.5760143474563131
6426,0.514241967002084
6427,0.4057866973802087
6428,0.5543608018223906
6429,0.4010267034979782
6430,0.6939747250888115
6431,0.5510695223005573
6432,0.45742652409354845
6433,0.6184518369674887
6434,0.5248374818446069
6435,0.3930137383265154
6436,0.511920086481288
6437,0.5398222395184467
6438,0.36161219119522525
6439,0.5242616543005183
6440,0.40614755178207906
6441,0.35471041851193025
6442,0.45028389023302
6443,0.4471239549031021
6444,0.4171849681510199
6445,0.6203606820517229
6446,0.47969128916286363
6447,0.5427880496037939
6448,0.5986009470794685
6449,0.3966055447074396
6450,0.45111607612355353
6451,0.6438872316548703
6452,0.501114570158464
6453,0.6022889693413579
6454,0.7877910796578906
6455,0.38892246607541975
6456,0.4663083317536135
6457,0.5972337529896286
6458,0.44127379423134916
6459,0.509509412847337
6460,0.4550886582125633
6461,0.4302369667163205
6462,0.4532975517913951
6463,0.5935143530323882
6464,0.5408188644910499
6465,0.563993088360566
6466,0.4657039563932997
6467,0.4566742478683145
6468,0.5092205623690452
6469,0.5207315354608784
6470,0.6324521455161608
6471,0.6012208126159192
6472,0.48235348355324353
6473,0.6490047456128349
6474,0.6030178760925736
6475,0.4054931748071591
6476,0.4902503373461835
6477,0.848220515119394
6478,0.6548257076702207
6479,0.5573860064178778
6480,0.5846838492225174
6481,0.4165732310846604
6482,0.4385138893264225
6483,0.4349724790058187
6484,0.5954737107103166
6485,0.4892470868324154
6486,0.47596402188349385
6487,0.4996550682110388
6488,0.33422304099789224
6489,0.632641799904072
6490,0.36960282870350947
6491,0.45526752181450103
6492,0.43460237362708093
6493,0.40641428679505226
6494,0.47004418847320095
6495,0.5393068032200246
6496,0.375564725472064
6497,0.4740348769398869
6498,0.33995602584574236
6499,0.43550805355494254
6500,0.5224569965998638
6501,0.5447722442400327
6502,0.3784442202417144
6503,0.6279043443763503
6504,0.4621241335468219
6505,0.4191340364760917
6506,0.4861230719741628
6507,0.6241654611626897
6508,0.43967003168015895
6509,0.4117400094837525
6510,0.5202212542080298
6511,0.5015757681804962
6512,0.4856218604816577
6513,0.4872524485920349
6514,0.520961490118249
6515,0.49429373393113196
6516,0.7191757612703195
6517,0.4305637663546266
6518,0.5920094809193023
6519,0.4437627180780836
6520,0.3501110223652613
6521,0.4950891374848817
6522,0.3893350958765497
6523,0.5500020798475442
6524,0.38503456674375536
6525,0.7177886326859682
6526,0.6511104961400633
6527,0.6258109580658946
6528,0.5723002874810338
6529,0.5698913625682726
6530,0.45840741096676263
6531,0.6144933139109786
6532,0.4904057622718825
6533,0.560921788541977
6534,0.5159375065644095
6535,0.4429315005463286
6536,0.4512421425761395
6537,0.48437674489174604
6538,0.47144577369669644
6539,0.5258991562759876
6540,0.4868045508125978
6541,0.60817974092649
6542,0.5797572892585662
6543,0.5532652754191169
6544,0.667492163173554
6545,0.5486587508650703
6546,0.7823611015496253
6547,0.5442372506183286
6548,0.33767039003508814
6549,0.5459808774052354
6550,0.41696516935275185
6551,0.49037755703018776
6552,0.38265410143726075
6553,0.597915805493799
6554,0.3635000958411164
6555,0.5822264629140693
6556,0.44331022915934853
6557,0.4655508841806565
6558,0.5715600565644637
6559,0.5225853117298769
6560,0.6802787160084617
6561,0.38408395646670807
6562,0.4848083268385629
6563,0.6013715455252341
6564,0.4742908681579535
6565,0.39633405800302685
6566,0.5744060505451523
6567,0.42644526828431706
6568,0.5530070119996331
6569,0.5467985605147172
6570,0.5190644127341075
6571,0.7955184886753323
6572,0.6643155196747561
6573,0.5657469606122723
6574,0.5007474436961955
6575,0.5484228448965288
6576,0.5669685505843077
6577,0.5272297253922045
6578,0.48385833546076296
6579,0.5466730504334845
6580,0.46959514713905315
6581,0.4113288761452873
6582,0.6471567763048359
6583,0.4231287607086499
6584,0.5419287461566572
6585,0.4862638479008829
6586,0.4794650199418306
6587,0.3650731055230165
6588,0.6744626858075257
6589,0.6222832802779156
6590,0.5388569140177756
6591,0.4667573087161286
6592,0.3472591057560314
6593,0.5611731488107334
6594,0.45664680530550317
6595,0.4339684443106475
6596,0.49641207021122813
6597,0.528783579006937
6598,0.3340526838822289
6599,0.42728936806829015
6600,0.5675194020609714
6601,0.5389980023344432
6602,0.639107978702094
6603,0.4422925547677188
6604,0.5653054763308012
6605,0.4230885648433125
6606,0.47232909652216204
6607,0.47561853229018886
6608,0.4169871934983688
6609,0.5437509646782186
6610,0.3876123158633474
6611,0.47536834617148027
6612,0.3792530520909013
6613,0.4369253231852043
6614,0.542105389497979
6615,0.5553238014230154
6616,0.4326160846727651
6617,0.43451115173804256
6618,0.385243202328563
6619,0.42034352246147505
6620,0.5327042375474246
6621,0.5426869527105567
6622,0.3996140825786718
6623,0.6250174574445402
6624,0.4039509553449375
6625,0.5150667431880123
6626,0.5262695196015349
6627,0.6026598506854957
6628,0.41525062419822817
6629,0.389117714395615
6630,0.5285467138048181
6631,0.5863925726889102
6632,0.4613305518451197
6633,0.5399621565620594
6634,0.6789571055595757
6635,0.7066602125995951
6636,0.5415972200408382
6637,0.39297346217622386
6638,0.4875792712173329
6639,0.532131417330984
6640,0.46085822921519154
6641,0.6374652209093639
6642,0.5265570235983077
6643,0.6419331377876654
6644,0.40920175016884375
6645,0.528361721078199
6646,0.42190104059556105
6647,0.5729142387122006
6648,0.5555403598681493
6649,0.45137818050753725
6650,0.44357801857772816
6651,0.6190199267088964
6652,0.6051894030361056
6653,0.49481577949356315
6654,0.45450269679358085
6655,0.5248832305893194
6656,0.5443800495871112
6657,0.4315757042681989
6658,0.3454680857936592
6659,0.7341778919317787
6660,0.580534209730186
6661,0.36117916468665273
6662,0.5254205067926433
6663,0.6060692415786296
6664,0.549205907438794
6665,0.5155823931315088
6666,0.49946326392730683
6667,0.36928431353632923
6668,0.5314640193158258
6669,0.3816940236865549
6670,0.5936466181417056
6671,0.4714875507933266
6672,0.6044004486059887
6673,0.5232006677950126
6674,0.43195582873951904
6675,0.4669588067500375
6676,0.599480511383146
6677,0.43434792590085597
6678,0.5299017022393323
6679,0.4026292358340182
6680,0.45337869324583546
6681,0.5166767539018227
6682,0.5218014946548014
6683,0.44428281704118067
6684,0.5431520812607447
6685,0.4852575311228231
6686,0.5065400091967215
6687,0.435903708009807
6688,0.5652002014465302
6689,0.4783937686044448
6690,0.3983715115865038
6691,0.5221141842283668
6692,0.5749233427667082
6693,0.7363949418691601
6694,0.4782485168834541
6695,0.40330253459417376
6696,0.5048538865767975
6697,0.4533710348941601
6698,0.6091751992065182
6699,0.6079050934267027
6700,0.5795598963129378
6701,0.5779286315674451
6702,0.49649928846410124
6703,0.4733647030216067
6704,0.48448968742682663
6705,0.5213563074997616
6706,0.4951276258000067
6707,0.4957440168358101
6708,0.5109018143102344
6709,0.717184983504839
6710,0.7458095460485903
6711,0.7540319971797093
6712,0.5521362355323851
6713,0.48867919535372173
6714,0.499021722538364
6715,0.6459603303872152
6716,0.3667703624045916
6717,0.6022851228321937
6718,0.4148645028348206
6719,0.6974118957312013
6720,0.47876266212454593
6721,0.6249507618505933
6722,0.8088629729636361
6723,0.5015618396015542
6724,0.48774562845439756
6725,0.524035290205298
6726,0.42510182148830344
6727,0.436354985575235
6728,0.4140848853019351
6729,0.4098317017118137
6730,0.4985909870825833
6731,0.4837440207496251
6732,0.37737888252649965
6733,0.47082934680591015
6734,0.6180881480182521
6735,0.38627920523215287
6736,0.752086792237775
6737,0.4219334543492861
6738,0.4314429059212831
6739,0.647527871581114
6740,0.4862151114739322
6741,0.48220196923279723
6742,0.49189333869648505
6743,0.4464039076857403
6744,0.44045787012740584
6745,0.7934241035331056
6746,0.43877426972537104
6747,0.627649749387988
6748,0.39697846891997896
6749,0.4387032489599341
6750,0.5755247385668766
6751,0.46789331831144326
6752,0.5026295031189851
6753,0.371425962756462
6754,0.4996382151203265
6755,0.6329675934599722
6756,0.46270431585487337
6757,0.6599755548397583
6758,0.2720785602635944
6759,0.478320035206203
6760,0.33064281839310494
6761,0.5144040654231976
6762,0.6492154723204476
6763,0.3527240741451827
6764,0.5740249823425351
6765,0.5520648615022757
6766,0.5468410137566831
6767,0.4997034599046168
6768,0.329121092252255
6769,0.39093498002912497
6770,0.48044138884702947
6771,0.6865472592337718
6772,0.4799435445236444
6773,0.4481035885818203
6774,0.7324541841317325
6775,0.5837246790652565
6776,0.3631365130588513
6777,0.5148720643435266
6778,0.5335908356195094
6779,0.43764357682311117
6780,0.6669609408166155
6781,0.44927727948086427
6782,0.4278049157307621
6783,0.5275134506971602
6784,0.5587354953686364
6785,0.5537258103620631
6786,0.5789562641004898
6787,0.8677406255403051
6788,0.47630154507306965
6789,0.45323679934403216
6790,0.44513955398968225
6791,0.6478171624930488
6792,0.6126542846162152
6793,0.5469165583245053
6794,0.7016346999897402
6795,0.4099191602882803
6796,0.6763315657094315
6797,0.5426411858188643
6798,0.35250542780493077
6799,0.6256170050057649
6800,0.30778127074584066
6801,0.6207232172860402
6802,0.3844981135260852
6803,0.48952654014895813
6804,0.5998393073497988
6805,0.5354379256195743
6806,0.6305686196511073
6807,0.5653127880890658
6808,0.5045126013787739
6809,0.5767489218738242
6810,0.36385182508730146
6811,0.5287033279550802
6812,0.42944231633745755
6813,0.39539824202580603
6814,0.37781448794613415
6815,0.4324512225034193
6816,0.31210892635737075
6817,0.5069219634566948
6818,0.5370419838518635
6819,0.31159936566131063
6820,0.5606971693861769
6821,0.5385211159188182
6822,0.37436120641002923
6823,0.4574613083164936
6824,0.5930815976055381
6825,0.4442129214695075
6826,0.504416486701007
6827,0.6044238300923243
6828,0.40683165304869756
6829,0.6676341435069051
6830,0.4978801123677379
6831,0.5381474016402068
6832,0.6750331076281415
6833,0.683724802714398
6834,0.3161067713261268
6835,0.4933893074794473
6836,0.6373048773071603
6837,0.3969096735752412
6838,0.48612986270787706
6839,0.6342103564777067
6840,0.5645068719029878
6841,0.5025212220772346
6842,0.5938823290747375
6843,0.5605667740617527
6844,0.3856836221750534
6845,0.4808336060653349
6846,0.5149117262542618
6847,0.4599840632172721
6848,0.7374935990565787
6849,0.4456526598631661
6850,0.7498451119392338
6851,0.44749913085521287
6852,0.5291221607363428
6853,0.3984632585775944
6854,0.7065955008048227
6855,0.4964852953127609
6856,0.34193754411496946
6857,0.5019607218466978
6858,0.5744736831144681
6859,0.41930129345028133
6860,0.592288716100954
6861,0.2915923768918014
6862,0.4669060971768964
6863,0.5038331991017128
6864,0.6044636727651481
6865,0.8081377140675556
6866,0.4802124537667166
6867,0.5029944729697475
6868,0.7453844337986547
6869,0.5831865353246128
6870,0.5403753419537929
6871,0.38396728000368247
6872,0.6230194370530615
6873,0.5073679116876805
6874,0.6187115538271748
6875,0.47421444848319244
6876,0.5062582422080393
6877,0.452140669830195
6878,0.4843076737859301
6879,0.6270616820187254
6880,0.6917692945313252
6881,0.49270966115309567
6882,0.5137360089223622
6883,0.4864078855579956
6884,0.8355534238066684
6885,0.5026027837699648
6886,0.6447612550340301
6887,0.5839405562671676
6888,0.7168566636902651
6889,0.5364539909259564
6890,0.44993982379229763
6891,0.599717278770444
6892,0.5809634122673257
6893,0.507189552516117
6894,0.5906592498727754
6895,0.6238701564647419
6896,0.560311481246317
6897,0.47908264330326045
6898,0.6230277215224328
6899,0.5361108361247855
6900,0.4476987979518881
6901,0.43234838669705866
6902,0.4734285014866281
6903,0.4509588558082076
6904,0.4862007958928977
6905,0.49835833165554994
6906,0.5140795187347171
6907,0.48448873306123164
6908,0.5223500891200203
6909,0.43929721460225857
6910,0.5124984381857269
6911,0.3969619774787241
6912,0.44849690520355545
6913,0.42821478818322767
6914,0.4676705028470543
6915,0.37714149575543554
6916,0.3635106556881199
6917,0.6294200587426193
6918,0.4853907833421901
6919,0.7564287317532052
6920,0.45120235376553414
6921,0.6989512713054489
6922,0.5764403265068019
6923,0.5022458656390395
6924,0.4141357694946414
6925,0.7027862505156982
6926,0.5384413902660493
6927,0.6511393618903965
6928,0.5229262019646568
6929,0.5923313000545489
6930,0.5269496820771915
6931,0.5769798952220276
6932,0.59722985511462
6933,0.5176157445720274
6934,0.591943662725794
6935,0.8349598787204242
6936,0.5109460767531986
6937,0.38557305662674146
6938,0.40153573240513346
6939,0.38817333395069076
6940,0.4285507600942392
6941,0.4898535718197946
6942,0.5694629016737953
6943,0.46845713539611383
6944,0.5985498699728453
6945,0.5101781817225209
6946,0.6430843075767083
6947,0.6468222664368558
6948,0.6633111507517093
6949,0.5503008175779289
6950,0.5130686683684369
6951,0.5588610539640579
6952,0.5198470099078333
6953,0.6502627685692409
6954,0.6036558587796421
6955,0.48211586372138154
6956,0.5946063015963985
6957,0.44066714259818474
6958,0.4132634494463429
6959,0.3874771313442833
6960,0.5139457719866634
6961,0.5010947771807508
6962,0.46338378217943826
6963,0.606369943958314
6964,0.4558243472462649
6965,0.4320609697730747
6966,0.46893316810842056
6967,0.4070314321287045
6968,0.34030610497220215
6969,0.36266163188944867
6970,0.5150372672903266
6971,0.6684856404282774
6972,0.5486652592943148
6973,0.4858851579663916
6974,0.39752024092955596
6975,0.6034290063440568
6976,0.5286444408137072
6977,0.5845121160618437
6978,0.6590300707335386
6979,0.4469277121072155
6980,0.5478240400318942
6981,0.49297498338554846
6982,0.9008859860241799
6983,0.3459745537574972
6984,0.42151380673829647
6985,0.42111512508702414
6986,0.49000621894462854
6987,0.5809885735184359
6988,0.47078820613376143
6989,0.5808834414247883
6990,0.4939114118788855
6991,0.37952156027455775
6992,0.767048888610093
6993,0.6783144421134195
6994,0.6129328068279449
6995,0.4234022638765449
6996,0.4258213487090803
6997,0.5105193403787648
6998,0.4260993458327075
6999,0.44901867513892646
7000,0.5016880413829903
7001,0.5796215171875801
7002,0.564486141322902
7003,0.5031919812224077
7004,0.4751146845901407
7005,0.5903034923076661
7006,0.4952916286057444
7007,0.4489015553054503
7008,0.5905226020137934
7009,0.6031662026362957
7010,0.5583901996254464
7011,0.4605388932336282
7012,0.4834722540374843
7013,0.4672949159818352
7014,0.43098038253404136
7015,0.37969869703716086
7016,0.6104253452112628
7017,0.538723742708305
7018,0.6065149579554268
7019,0.640735690165944
7020,0.4038585092630441
7021,0.6233753554155911
7022,0.5512911963987672
7023,0.2988312897209912
7024,0.47358519281243083
7025,0.4885218121469008
7026,0.562780462785978
7027,0.29769509922621296
7028,0.5879513226648486
7029,0.5692130601006018
7030,0.3133386466327432
7031,0.5795573751766202
7032,0.568686394341713
7033,0.4639070856663265
7034,0.43300760260177146
7035,0.4070937060211116
7036,0.2530187235907233
7037,0.4653385165454117
7038,0.549669421001071
7039,0.35127384745981177
7040,0.46521255585071
7041,0.5173521329646189
7042,0.47737060386853836
7043,0.46180945928409406
7044,0.6482398722230949
7045,0.6196608362325737
7046,0.437087802077796
7047,0.5403859432424721
7048,0.6940787173598136
7049,0.5317082375233304
7050,0.7355309714834063
7051,0.45148500443068657
7052,0.4938137963405856
7053,0.424390373551847
7054,0.6055912960208777
7055,0.4690283384062272
7056,0.4738143764980142
7057,0.5817733590177726
7058,0.6021321919876494
7059,0.4698678626458404
7060,0.4167523875121783
7061,0.6791859320492506
7062,0.5593316008443329
7063,0.6205810990200675
7064,0.6585913890168477
7065,0.36579824933469673
7066,0.487995396343937
7067,0.6064929185192751
7068,0.4755168540242712
7069,0.4558072990514386
7070,0.5851664836014403
7071,0.4433526497674277
7072,0.5393415345306051
7073,0.5701869921101594
7074,0.5921916383812161
7075,0.5162718734172216
7076,0.4174971528618546
7077,0.5650625988580417
7078,0.4374457984678558
7079,0.5851754740320644
7080,0.5459834460677755
7081,0.6449207164550993
7082,0.5943053154374286
7083,0.4229861156090996
7084,0.4727791513114038
7085,0.46788493029168987
7086,0.548225703969086
7087,0.42543466009310055
7088,0.6841835148979254
7089,0.5179063797597149
7090,0.5616254112356157
7091,0.33214909288280614
7092,0.5665749567875276
7093,0.6347546667783543
7094,0.43197430669049774
7095,0.6348188748694508
7096,0.47973235023939265
7097,0.6222998614575397
7098,0.5442088205330341
7099,0.5103651320784246
7100,0.6008617208346071
7101,0.6265043995505065
7102,0.4967485819597867
7103,0.5300582047551903
7104,0.5240549639819416
7105,0.4133443295015103
7106,0.2948785504776572
7107,0.4468789497919299
7108,0.5753226985371618
7109,0.47390458765683025
7110,0.530947605374717
7111,0.5387250394864127
7112,0.6354197322692802
7113,0.39151313698313084
7114,0.4103211281068369
7115,0.41406375313626476
7116,0.6204387051082649
7117,0.530137480354462
7118,0.47666709789138045
7119,0.44877482160210214
7120,0.7332033449895
7121,0.35180105003346707
7122,0.5328970532940054
7123,0.44761527346257396
7124,0.5557742562582172
7125,0.5996795062109683
7126,0.5272638363308029
7127,0.5061097516400153
7128,0.6778174415158476
7129,0.45346185587605625
7130,0.709275390554434
7131,0.4405908015091784
7132,0.34571136310918715
7133,0.6239942174442505
7134,0.46446738369769747
7135,0.5346451789845401
7136,0.45955618681232474
7137,0.5080879552529209
7138,0.5998831615460215
7139,0.4347292331305866
7140,0.5899536671056058
7141,0.3796596672013962
7142,0.4616083604157533
7143,0.7099140874562184
7144,0.4013338613054359
7145,0.37404844602050225
7146,0.4866760255102327
7147,0.36486573209692263
7148,0.5151198037722924
7149,0.5441747916392246
7150,0.40352651275008783
7151,0.6673401591099096
7152,0.6156016394088791
7153,0.5464291262984372
7154,0.3822376777978276
7155,0.5665195293598377
7156,0.4670038337128748
7157,0.40174119230039174
7158,0.46492503104780347
7159,0.761201320253605
7160,0.4803369560391285
7161,0.3737384309607221
7162,0.587596403458062
7163,0.5425211071839803
7164,0.4659677905981761
7165,0.6047149076028082
7166,0.6609984193471821
7167,0.3972644948179951
7168,0.43319451481367344
7169,0.556524101963578
7170,0.4923830705641543
7171,0.4142702522462678
7172,0.39815356817325354
7173,0.5302966290511725
7174,0.5834317710835043
7175,0.5025208222829811
7176,0.3946307060103567
7177,0.5845117057767909
7178,0.5009971596990156
7179,0.651835371881186
7180,0.35449126434676964
7181,0.4442791525736962
7182,0.37659375509961357
7183,0.5113612610297253
7184,0.6173056990444796
7185,0.44394754500108385
7186,0.4436855117315272
7187,0.5170097045711594
7188,0.5350879259451308
7189,0.43462837175118296
7190,0.5255832538174566
7191,0.4493064475788236
7192,0.5885663220729467
7193,0.6379937955008698
7194,0.5930249932723513
7195,0.5058475530878496
7196,0.5415761509073559
7197,0.4910424438644008
7198,0.4589432808682665
7199,0.35312407874691654
7200,0.4782309163680053
7201,0.44504088099571953
7202,0.45872626783046216
7203,0.5095468894679862
7204,0.5040584055000392
7205,0.3848585646234415
7206,0.5481040392879717
7207,0.5879799108405621
7208,0.35111127094559813
7209,0.43802067275780077
7210,0.5466336692096606
7211,0.5910793295312083
7212,0.462628037320448
7213,0.4488538661198432
7214,0.49085819620002213
7215,0.41616625710236077
7216,0.5344401344190453
7217,0.366316843310334
7218,0.4201368908584724
7219,0.4168047679751009
7220,0.6017654050535706
7221,0.42689403101715395
7222,0.5278819730787591
7223,0.5263328992717576
7224,0.40492736558638315
7225,0.5257595170083786
7226,0.550497034015396
7227,0.5073500774760165
7228,0.4835295137713206
7229,0.6052281526840984
7230,0.5034185261002132
7231,0.2578144748548076
7232,0.5289505039457496
7233,0.6354604091678532
7234,0.44735479970008757
7235,0.3698301634962428
7236,0.579966378519297
7237,0.5131874988797577
7238,0.4534276931414307
7239,0.43801410189350226
7240,0.44586080932110767
7241,0.6732792806407873
7242,0.5601808223768454
7243,0.41786655311560483
7244,0.5577444476829451
7245,0.46618495454854014
7246,0.6252202637372173
7247,0.49433428255586886
7248,0.4281590668283252
7249,0.5836867712882468
7250,0.5837184139015905
7251,0.478918604437156
7252,0.5165195096261211
7253,0.6077070940062177
7254,0.5022986374551147
7255,0.5663286390729226
7256,0.5405125523116222
7257,0.4766343478975108
7258,0.48355453012578115
7259,0.42465186166076513
7260,0.4195311779524313
7261,0.4969025399697481
7262,0.5472095810483281
7263,0.4198198079307513
7264,0.5041978444921549
7265,0.5117494335915429
7266,0.41232265730861056
7267,0.5247692606151776
7268,0.5451465390513921
7269,0.5548201595683615
7270,0.4556748277792314
7271,0.48362516094952424
7272,0.46646297181026014
7273,0.5847422132906219
7274,0.5220647902532072
7275,0.5942944105474324
7276,0.5376771753216275
7277,0.5988735075711189
7278,0.5947203966692508
7279,0.47666147901745975
7280,0.42275017317946634
7281,0.4470704235596483
7282,0.4503155759471419
7283,0.49020892110084924
7284,0.6538896649929892
7285,0.6307459491075368
7286,0.38951215052568444
7287,0.5096236741918906
7288,0.5272709766174202
7289,0.455724493531919
7290,0.4735863541572421
7291,0.618841108631718
7292,0.48560241240675933
7293,0.5791756031684164
7294,0.5249272964990034
7295,0.6581223620220501
7296,0.5076453656133338
7297,0.6029148729368357
7298,0.46359777989742074
7299,0.49262005064554176
7300,0.42890448781361185
7301,0.48139860540137003
7302,0.556745450850231
7303,0.48894841395609606
7304,0.5030499678174662
7305,0.5247151089506866
7306,0.5451883905754886
7307,0.5925574531654886
7308,0.5366859126769782
7309,0.7895519700585003
7310,0.8613380257502785
7311,0.4759413493053295
7312,0.533958645794651
7313,0.49333054232071566
7314,0.4518129912514014
7315,0.6765171064700216
7316,0.5254771587253335
7317,0.509008948871756
7318,0.41356313318925275
7319,0.4474932659870034
7320,0.30933879899036365
7321,0.5152596712688426
7322,0.5871692745096261
7323,0.5882444119590018
7324,0.49684428574659123
7325,0.36451677107744795
7326,0.5920500525434161
7327,0.39461565769175455
7328,0.4035221622310355
7329,0.33066466980564574
7330,0.3579784165697384
7331,0.5901079399996638
7332,0.5983724670264764
7333,0.5909008593593138
7334,0.7714038897409076
7335,0.5263753314462433
7336,0.4823774512855313
7337,0.7154864568625604
7338,0.3923116010181971
7339,0.356752878965391
7340,0.46222138002921814
7341,0.5421485489358846
7342,0.5225783448931065
7343,0.37183980909853237
7344,0.4088022696107574
7345,0.40906289391594963
7346,0.37252296968994014
7347,0.6913838109529638
7348,0.5333731323925712
7349,0.7364104491809247
7350,0.4711305134258678
7351,0.6364178855984637
7352,0.5116516092788471
7353,0.49242180506963146
7354,0.480808445366842
7355,0.6099864622239006
7356,0.5911778796795762
7357,0.35524558334929335
7358,0.6489106953382332
7359,0.5310906456000052
7360,0.4220792949943809
7361,0.530235474799421
7362,0.6421939234588016
7363,0.44952422618027843
7364,0.4628966301624552
7365,0.5033907018140067
7366,0.34905144690180606
7367,0.49393300461686773
7368,0.46678931340322477
7369,0.4495573887313441
7370,0.5988798561735498
7371,0.5201643474575163
7372,0.547537573092782
7373,0.44753666932259906
7374,0.7304217422653707
7375,0.3689652406710631
7376,0.508059657936862
7377,0.38602862674931193
7378,0.4650395404933831
7379,0.5790942465349125
7380,0.44923013783142085
7381,0.5842655694548055
7382,0.5280624378250623
7383,0.4624497318173677
7384,0.571580310602559
7385,0.7423006332782559
7386,0.4900377941823735
7387,0.535758284361503
7388,0.5859118696007453
7389,0.4847580627633377
7390,0.5874893980759578
7391,0.6273502431579698
7392,0.46958180709577974
7393,0.5962647786035267
7394,0.47372763367012194
7395,0.6918788811427014
7396,0.6577771844190994
7397,0.5968728465024427
7398,0.48943661933002075
7399,0.5436912912900929
7400,0.5298958983041564
7401,0.4610237496803137
7402,0.5098896123018117
7403,0.572639173417107
7404,0.3872729715555695
7405,0.5020621094318586
7406,0.5581868201157266
7407,0.5599703453016269
7408,0.5619245217304585
7409,0.6729276366846288
7410,0.3819012590541895
7411,0.48631147096283933
7412,0.389797286618577
7413,0.47076221067633206
7414,0.5914038056690822
7415,0.5078411115120752
7416,0.44170152575094773
7417,0.5995332511617105
7418,0.589726046303773
7419,0.5348588097408628
7420,0.44499348991294585
7421,0.3523946763100114
7422,0.5159414933172367
7423,0.45467254827218423
7424,0.5422017733012612
7425,0.45797788523422084
7426,0.4631307014318818
7427,0.4993107427960848
7428,0.5820106367634335
7429,0.45370655146508354
7430,0.5579131088634913
7431,0.46582352609983746
7432,0.613838262375724
7433,0.48859806962249897
7434,0.47240641435537534
7435,0.3625305195556957
7436,0.4349826547905734
7437,0.447045697936443
7438,0.4209982437125601
7439,0.42245731383262275
7440,0.5252471335207206
7441,0.6696035722501571
7442,0.4122779580145271
7443,0.6496441590767983
7444,0.6143753970211795
7445,0.4912932765229008
7446,0.5232420100070667
7447,0.46685567432723296
7448,0.5840837580253138
7449,0.42070570353752024
7450,0.42114182921268384
7451,0.4285547859997142
7452,0.4331260965928276
7453,0.4799464839914711
7454,0.4372981400539515
7455,0.4949907133215001
7456,0.5628449570935297
7457,0.6927790248638838
7458,0.399190065378859
7459,0.4426344213358063
7460,0.46371630875090414
7461,0.43622096959483386
7462,0.5811886374237968
7463,0.5530588597960288
7464,0.5993353024541029
7465,0.5185319508417923
7466,0.5449151403281134
7467,0.6102583486043303
7468,0.3087871813089111
7469,0.4905481637612153
7470,0.5251960961115694
7471,0.5684365389537149
7472,0.3696003378526649
7473,0.5616411046662804
7474,0.3885537924162238
7475,0.43149106502861295
7476,0.5234256939575831
7477,0.5993701122092762
7478,0.6986595261687357
7479,0.4764531173022384
7480,0.6172454208291662
7481,0.47047741402376153
7482,0.48124066505182367
7483,0.620984349324958
7484,0.4919648829976169
7485,0.6749843852123424
7486,0.34480169553987106
7487,0.5884643842471123
7488,0.6223487727830856
7489,0.6056859828618878
7490,0.4237380625499404
7491,0.5067278263800202
7492,0.6719406156637725
7493,0.502077263328457
7494,0.4379346130176571
7495,0.6967848335043509
7496,0.43982894989799204
7497,0.5168989156724602
7498,0.39614177856284205
7499,0.49976696393212006
7500,0.630309410653351
7501,0.629108344261053
7502,0.5669750570537997
7503,0.5705020211583343
7504,0.53643154048662
7505,0.5286291896981639
7506,0.48719418702153344
7507,0.5415967900711895
7508,0.32059545886207297
7509,0.5425645784459008
7510,0.5181137129772637
7511,0.49467550114310993
7512,0.5662825696312781
7513,0.3851248051102729
7514,0.4832367432350377
7515,0.5548357806564398
7516,0.577954894099282
7517,0.4198059609436438
7518,0.49773897220407176
7519,0.45988766269545506
7520,0.5533839523232547
7521,0.6778065304029043
7522,0.5398725401107791
7523,0.4358850722490914
7524,0.6420346595773518
7525,0.5138863364403992
7526,0.582239513228636
7527,0.47052407976299115
7528,0.45159242215656215
7529,0.4305374608332672
7530,0.41645577069034984
7531,0.5670052380792633
7532,0.4935933843703604
7533,0.4458477921477253
7534,0.5038339452780992
7535,0.5361764689528182
7536,0.4398065548654235
7537,0.4811767212720129
7538,0.4107068353368184
7539,0.48549861427862057
7540,0.4234018600650637
7541,0.5860862699837788
7542,0.39494804911844283
7543,0.6191912777800053
7544,0.3918654028128875
7545,0.6060727635854004
7546,0.4682425250272151
7547,0.5263696353075225
7548,0.47945075219815336
7549,0.6654905990565967
7550,0.5816562854181635
7551,0.5126772512011043
7552,0.5452720039918357
7553,0.5241298000381606
7554,0.38403772734503805
7555,0.5252963941389034
7556,0.641649759349711
7557,0.3295627080916489
7558,0.5739092834638149
7559,0.5189170102429383
7560,0.4639673308670368
7561,0.4170671836902247
7562,0.5245854353129602
7563,0.6798818897312138
7564,0.5899117229053922
7565,0.644323567395068
7566,0.4182919703118685
7567,0.4561176484960563
7568,0.6390882887286986
7569,0.35529606348424725
7570,0.6204390736615174
7571,0.5240037726806264
7572,0.5425481902289216
7573,0.5794569670371439
7574,0.45307424762149806
7575,0.4373387813503199
7576,0.4011358065915681
7577,0.5249988512210126
7578,0.6506743687545962
7579,0.5235455828961177
7580,0.4511180768073905
7581,0.4848091001203664
7582,0.42497198795439345
7583,0.5018210384456302
7584,0.5106641516949373
7585,0.5188092005014351
7586,0.7951211936171674
7587,0.46913450688163405
7588,0.6257404507187498
7589,0.5168179016145358
7590,0.55242535625589
7591,0.4600380803490465
7592,0.5185270768228818
7593,0.5726486847269261
7594,0.549427630129318
7595,0.40265915203708585
7596,0.5931063362862473
7597,0.42916323681745105
7598,0.6033221514564426
7599,0.5708436571282782
7600,0.5105061745513466
7601,0.3321512765108987
7602,0.6054426819940752
7603,0.41931705190254154
7604,0.435846201275053
7605,0.41487453801900104
7606,0.5614731020857062
7607,0.47320153322034564
7608,0.5367358668607163
7609,0.603442665640415
7610,0.4759467315738293
7611,0.42409622546755854
7612,0.4887474751565355
7613,0.4598831914638411
7614,0.35140136243325015
7615,0.6188098873298791
7616,0.5028238413508803
7617,0.4870330952778429
7618,0.3739795179833109
7619,0.5122443354526232
7620,0.4473596494246864
7621,0.49370471918976444
7622,0.30771778934963145
7623,0.3817765425561349
7624,0.4420258626760938
7625,0.5281798861472912
7626,0.4606531548498036
7627,0.43295108287983497
7628,0.6222898139696988
7629,0.4750549508112046
7630,0.4290177770493185
7631,0.3871261750192
7632,0.4181080219297788
7633,0.40617432193173897
7634,0.727809015306855
7635,0.5625669519734416
7636,0.664773680518411
7637,0.648730849074018
7638,0.4635970261674455
7639,0.4518936588127914
7640,0.5426540709565437
7641,0.534078807139977
7642,0.5113394387335595
7643,0.6326576991247201
7644,0.5742737568155729
7645,0.6517757179633411
7646,0.6502508148523602
7647,0.44998795012843695
7648,0.584410237697018
7649,0.46146452691586776
7650,0.6140787408016986
7651,0.4527148998917806
7652,0.3683767301433519
7653,0.6152602600991757
7654,0.43899390168822805
7655,0.40146168573779656
7656,0.521192244133872
7657,0.5446138961376106
7658,0.5282938251053511
7659,0.23740433808676525
7660,0.4696249760078137
7661,0.5475040633991821
7662,0.5391956305471646
7663,0.6000232900239028
7664,0.499824148377068
7665,0.45176406043237016
7666,0.4422648288887117
7667,0.5009642915663872
7668,0.5323348769906661
7669,0.5310042042685121
7670,0.5582003768960195
7671,0.37640075458473243
7672,0.4340449850649103
7673,0.5012914845985178
7674,0.4026528747529889
7675,0.5857511295769938
7676,0.3532888907082098
7677,0.5688508675352723
7678,0.4272508464213523
7679,0.6352833747310496
7680,0.4618060139411055
7681,0.44165840746008955
7682,0.6820721575466194
7683,0.5149062897421853
7684,0.4786808244244473
7685,0.47062274538853954
7686,0.5366786706078767
7687,0.5120738549859679
7688,0.45944253751637226
7689,0.5023597233140555
7690,0.47289597426313834
7691,0.5697028644880239
7692,0.5750582247371921
7693,0.4449766583926591
7694,0.4708871015575184
7695,0.4726349100822132
7696,0.4109199331518368
7697,0.6178088718107173
7698,0.40705577291496714
7699,0.4845902523068301
7700,0.5087383398887018
7701,0.4203977375123006
7702,0.5307928230136598
7703,0.44321648304765043
7704,0.5944679898383189
7705,0.4848347279510163
7706,0.5169341662700636
7707,0.5015179293388538
7708,0.5982473399818321
7709,0.4046681320100223
7710,0.46432498898079944
7711,0.6681675829797131
7712,0.4655976966661938
7713,0.43645982096103036
7714,0.6147508191779234
7715,0.5810734260718848
7716,0.4334672071928302
7717,0.4813315891164357
7718,0.5028944090200713
7719,0.6040333595066769
7720,0.5630869143326329
7721,0.4154292457860598
7722,0.6848807334878578
7723,0.43689745395189117
7724,0.5303245243463764
7725,0.4468891698728824
7726,0.38966707411319634
7727,0.3995617370107466
7728,0.4150622126129807
7729,0.5342437330447324
7730,0.4264159237645212
7731,0.4084344331890603
7732,0.669560708363019
7733,0.5755293153399289
7734,0.48588557828073603
7735,0.7531886334907596
7736,0.5082967642637874
7737,0.4354219894044018
7738,0.5837136170148315
7739,0.6360639986863313
7740,0.5153269285947862
7741,0.6287680282797895
7742,0.703951709506197
7743,0.517095092920199
7744,0.5152497694782816
7745,0.5165077516313565
7746,0.5188727407271252
7747,0.4810450585621484
7748,0.5808345332791742
7749,0.5135181516326759
7750,0.539191013377677
7751,0.5587556230828553
7752,0.4818837214945287
7753,0.44886991130798426
7754,0.33401179526287805
7755,0.33527280037541235
7756,0.5036149535264927
7757,0.40447231878226386
7758,0.5732705263527395
7759,0.6778328827395597
7760,0.5422252080997524
7761,0.4231661191096167
7762,0.6984823623099162
7763,0.7093812605042206
7764,0.45423512577813463
7765,0.4069731095317557
7766,0.5014264263734493
7767,0.6026008941452469
7768,0.5154326849620461
7769,0.587467981759707
7770,0.8065334460647496
7771,0.43483350338011917
7772,0.48399977014413487
7773,0.3407636178859432
7774,0.44484916872994473
7775,0.4790578782772736
7776,0.42697336610077247
7777,0.5792276801434666
7778,0.5332997282301902
7779,0.5546606560426066
7780,0.5331627369905805
7781,0.45998261471202373
7782,0.5493698294445983
7783,0.44452099604917783
7784,0.6331135321179671
7785,0.3223023444380072
7786,0.6064264603775654
7787,0.4614844019674682
7788,0.44159014354181547
7789,0.3538383907331569
7790,0.4035492293717259
7791,0.4945628373266801
7792,0.48522674739595767
7793,0.4362512186050498
7794,0.54003597585555
7795,0.5310503153197625
7796,0.4356505213736981
7797,0.5453620033216462
7798,0.3427303461423985
7799,0.4421944846257894
7800,0.5066565674902019
7801,0.6970559435119423
7802,0.3743597628853901
7803,0.5752729299795508
7804,0.6462625888543609
7805,0.34889117236094347
7806,0.7112326678440165
7807,0.4157505145330949
7808,0.5450536746348079
7809,0.395866985208285
7810,0.42829035427317286
7811,0.5497801619953141
7812,0.47749171994553424
7813,0.5242601272732386
7814,0.4730892652971178
7815,0.3857923883729164
7816,0.489964072479951
7817,0.675021635067085
7818,0.5731006425442344
7819,0.575730556716551
7820,0.511859544385595
7821,0.524472096077187
7822,0.829907816043453
7823,0.5301173898523939
7824,0.5751589348873142
7825,0.4692161369352894
7826,0.40756810681883854
7827,0.3981975494807677
7828,0.4146808874833874
7829,0.5488879454732021
7830,0.33737870167783873
7831,0.5045587423364647
7832,0.517090963531128
7833,0.33673483568333173
7834,0.5247397666652125
7835,0.46728925350334094
7836,0.4159737577617656
7837,0.6169288448184617
7838,0.6244818123246896
7839,0.5774726448859144
7840,0.5266996983307451
7841,0.42921026458582356
7842,0.43584836527868315
7843,0.5096358679993471
7844,0.4589421310621519
7845,0.5429449506567224
7846,0.4285056276415479
7847,0.49072395001726943
7848,0.5969310792986767
7849,0.3974552313207148
7850,0.5660250091135002
7851,0.37530144021521317
7852,0.3324858326140784
7853,0.44324753000523437
7854,0.6722439641813459
7855,0.634048972753121
7856,0.5614130371267549
7857,0.5257322309239
7858,0.5720548725420251
7859,0.5472307489567154
7860,0.3719726118504678
7861,0.6089272830134382
7862,0.5843225340190779
7863,0.510596574188039
7864,0.675339380992175
7865,0.5010015957721968
7866,0.5717301097682239
7867,0.4231317329549163
7868,0.7220118078514963
7869,0.613128734405603
7870,0.6059731191208249
7871,0.3682012829842113
7872,0.42231896654209533
7873,0.39458449902303655
7874,0.5169443838720896
7875,0.39074282601603194
7876,0.5273343419436777
7877,0.4576187114181271
7878,0.5456902437193268
7879,0.403187046414437
7880,0.4777651885932203
7881,0.48667737623222257
7882,0.7312919470600728
7883,0.42201551208740284
7884,0.4497319481071129
7885,0.600675913223411
7886,0.5244973812784266
7887,0.4857653522804745
7888,0.5939291196698666
7889,0.5423590376254236
7890,0.5151864808275964
7891,0.3638444608148773
7892,0.6355706857601136
7893,0.5343734304093305
7894,0.6841036825159132
7895,0.39544773799592076
7896,0.39956652913518576
7897,0.5007656713704248
7898,0.4551449799909915
7899,0.2952744639244833
7900,0.5286210397195217
7901,0.5981390466922987
7902,0.47492867215781287
7903,0.6015416978531197
7904,0.549282046475456
7905,0.48335476976882197
7906,0.43057932083701966
7907,0.6963804940105442
7908,0.46815728969090903
7909,0.6568342587923759
7910,0.456818972323791
7911,0.4303382332460394
7912,0.6625605196115119
7913,0.4333421716693775
7914,0.45782645143315565
7915,0.660917611218901
7916,0.641874473001264
7917,0.47319128954673295
7918,0.38736134373064396
7919,0.5516805886624457
7920,0.7205803304186565
7921,0.4045577161240442
7922,0.4469285165164888
7923,0.5774131513384342
7924,0.4051342493178267
7925,0.4787374580624178
7926,0.48995805712285145
7927,0.49294359370189167
7928,0.3836016154147307
7929,0.4809701243070779
7930,0.6131952401715485
7931,0.4845415798936869
7932,0.6991896451395427
7933,0.5204724310056781
7934,0.40368549740063575
7935,0.5680740682430298
7936,0.41929757518874117
7937,0.5476266795286413
7938,0.5487516120101424
7939,0.49522191567271573
7940,0.41496542692677524
7941,0.4320409252766671
7942,0.49829978908269335
7943,0.5422151003585586
7944,0.7023948236893675
7945,0.38356997219023253
7946,0.5670179629844531
7947,0.5177081649661507
7948,0.4974349442109433
7949,0.647359371190072
7950,0.4122519818180655
7951,0.5806139985354857
7952,0.3971408048230466
7953,0.3961341405573887
7954,0.38237320240013983
7955,0.4902544992632706
7956,0.4593279407755261
7957,0.589288981699704
7958,0.6042646360741464
7959,0.4887965986584547
7960,0.38925456117450824
7961,0.6154334561828158
7962,0.5965847377556887
7963,0.44815105398606037
7964,0.37152933752159695
7965,0.5443978780704963
7966,0.5095835535437274
7967,0.4720896024844389
7968,0.6385963351937747
7969,0.48978754984091033
7970,0.4666847498086847
7971,0.4772618364856747
7972,0.5347251782292717
7973,0.5090454119179343
7974,0.5285087168155709
7975,0.5812798226217845
7976,0.40169501934219976
7977,0.5349637856202618
7978,0.5166822828620347
7979,0.5123374237321809
7980,0.35545599064106453
7981,0.45972123641002266
7982,0.5147957432179482
7983,0.5390734256865242
7984,0.5850205044931308
7985,0.4537331879262877
7986,0.6408811642731093
7987,0.6168354447459691
7988,0.43535986597627574
7989,0.6432424144833259
7990,0.7306872963992919
7991,0.43215073452295527
7992,0.453776910762123
7993,0.34380683636939424
7994,0.59599782984324
7995,0.43637860194680644
7996,0.5832447876377789
7997,0.5021632463001625
7998,0.4668208050764614
7999,0.4121589380266233
8000,0.3885190985477153
8001,0.4340470283649452
8002,0.4527435165505052
8003,0.515726443135545
8004,0.45829462507609514
8005,0.453117329704003
8006,0.6830665851762109
8007,0.44611852183415746
8008,0.5203815317990286
8009,0.5990184775159122
8010,0.5225153236892425
8011,0.49595401059336686
8012,0.47521481304885244
8013,0.5176857718914529
8014,0.7013802806555799
8015,0.5927172649805574
8016,0.42031150656034566
8017,0.6480459268055295
8018,0.49589115647138926
8019,0.49878409477858016
8020,0.4499523045584173
8021,0.4635560274214319
8022,0.39756778917560076
8023,0.4567239151132138
8024,0.4562903161985698
8025,0.44212191841372717
8026,0.43099443484103395
8027,0.634465063759978
8028,0.4734350493646761
8029,0.6055472631955758
8030,0.39803214621773453
8031,0.4645677598262633
8032,0.5152982632889842
8033,0.48924395033640966
8034,0.46901785474460733
8035,0.49705966438991966
8036,0.44303134102528374
8037,0.5515537212503497
8038,0.5078889025644747
8039,0.4545759834533981
8040,0.5354228255959412
8041,0.5179285592015024
8042,0.527857431561914
8043,0.5272402378507567
8044,0.5289782350002045
8045,0.2986963862624523
8046,0.4481443511374599
8047,0.44100613867499217
8048,0.46437259640254075
8049,0.4631985074766908
8050,0.4514235747229229
8051,0.4888490015088503
8052,0.5791347359522296
8053,0.4801223096776588
8054,0.43133299591362106
8055,0.320068284378773
8056,0.7427025420616836
8057,0.40780185229695803
8058,0.705657324858479
8059,0.5064309389380464
8060,0.6144219679759804
8061,0.47169006376891803
8062,0.42734686075607126
8063,0.4968586452600783
8064,0.5479338381169646
8065,0.45774668581298783
8066,0.5862452019521213
8067,0.5684767021146511
8068,0.30930772649322497
8069,0.4796636614003928
8070,0.48226197078077804
8071,0.5073403918103239
8072,0.39494077478516565
8073,0.5762854370031094
8074,0.5081916306642469
8075,0.515070154220094
8076,0.5112738417319916
8077,0.4811816498286145
8078,0.41793707271201314
8079,0.4140824537682827
8080,0.32970279023669535
8081,0.6152462832235668
8082,0.48890374951709104
8083,0.5162618830152191
8084,0.6702967374765052
8085,0.47440994110027185
8086,0.6054268796342466
8087,0.519281201864569
8088,0.6544786229250115
8089,0.548010650319471
8090,0.3494455839991578
8091,0.5250195026632778
8092,0.41430406908864814
8093,0.34491050402213796
8094,0.6198655326521277
8095,0.5474640369071244
8096,0.40435114823464086
8097,0.43981758569080276
8098,0.6279802097321215
8099,0.4530838669547644
8100,0.48494900087508963
8101,0.4016655462103101
8102,0.4664855150794857
8103,0.40782031031731947
8104,0.5577195993124474
8105,0.5167580368530401
8106,0.5228747278994884
8107,0.5498028012519834
8108,0.4696021908463303
8109,0.5261665681912933
8110,0.6782492031684352
8111,0.41121686015138703
8112,0.5411939923725221
8113,0.5545100206852598
8114,0.41669863707761406
8115,0.7321530650017857
8116,0.5712098815259137
8117,0.42350000485917594
8118,0.5119577338653718
8119,0.5430000337521962
8120,0.454235814048303
8121,0.42072315907556423
8122,0.35562383424505695
8123,0.7463853581513002
8124,0.5922322755616467
8125,0.47519121111370777
8126,0.45005044716708087
8127,0.5225587789619124
8128,0.40144082536386916
8129,0.44955677268081057
8130,0.400644848858983
8131,0.7387394412685272
8132,0.3768793629688385
8133,0.3981695754055675
8134,0.28649951612194713
8135,0.4757511952300325
8136,0.4131635829780372
8137,0.6314415801741596
8138,0.4649784213063339
8139,0.3940477719713197
8140,0.5512609631627452
8141,0.4435656268094902
8142,0.7768064732748245
8143,0.42529579570939174
8144,0.43551739456362026
8145,0.6349125270291957
8146,0.45112961359267123
8147,0.4907673421988088
8148,0.41693878933803413
8149,0.5726816865567771
8150,0.5842399890536123
8151,0.5216116490633048
8152,0.3945228668820154
8153,0.7504598798379065
8154,0.5492543897853275
8155,0.41209307006348994
8156,0.4339559729032088
8157,0.4091684498420628
8158,0.641218419264478
8159,0.5052651372829741
8160,0.5275339413741511
8161,0.5037360453485988
8162,0.473355920087258
8163,0.4808049727967325
8164,0.6002346605223108
8165,0.6657709056214524
8166,0.38170061138719363
8167,0.5724009087092717
8168,0.4989538577239237
8169,0.36954525439315944
8170,0.36271174110940985
8171,0.44793961491031486
8172,0.6435503100810197
8173,0.3679788147969679
8174,0.4844106630879145
8175,0.5309797096209197
8176,0.48167438283964364
8177,0.545537347782585
8178,0.6348313721257282
8179,0.5706107082685974
8180,0.49437540934355706
8181,0.5038820503256471
8182,0.37301250587596757
8183,0.6007953015485906
8184,0.5326582908118435
8185,0.36741936116474105
8186,0.5971280547398402
8187,0.44849469158483174
8188,0.4852066742824205
8189,0.6974441265703639
8190,0.4108123758477169
8191,0.46698053669999384
8192,0.6163632934885115
8193,0.6407695801757669
8194,0.6083164455346342
8195,0.4288546136126051
8196,0.3773875345343687
8197,0.5668407420430507
8198,0.5865166397298189
8199,0.45214454999661347
8200,0.4858072916709718
8201,0.8278512395008821
8202,0.505199599725664
8203,0.49551744814713405
8204,0.6093403108339965
8205,0.8457453748671449
8206,0.47996112919255357
8207,0.5515759496954349
8208,0.4908593372298256
8209,0.4886481167944846
8210,0.4676967602133129
8211,0.3407173400003697
8212,0.42600442831209323
8213,0.5073922568457493
8214,0.47818759399161853
8215,0.3732252958419969
8216,0.640480602223283
8217,0.42130432128673634
8218,0.5343975021787187
8219,0.5222804227918562
8220,0.4827873266707342
8221,0.5624835746202992
8222,0.5307269170556661
8223,0.6189129648924244
8224,0.6270550231750819
8225,0.4038151198947629
8226,0.5448815789130597
8227,0.45442078854263773
8228,0.48542383802465294
8229,0.4143848126827886
8230,0.5624327301893016
8231,0.4567609559216906
8232,0.44949177366351795
8233,0.5078142878690832
8234,0.4064851429737829
8235,0.42928130456597124
8236,0.42795586816192577
8237,0.5409149173433226
8238,0.4928322145372361
8239,0.5051689484136505
8240,0.3740698671028265
8241,0.7090573829777906
8242,0.5312715579555595
8243,0.5187431469000139
8244,0.6113897588720018
8245,0.39536915116205945
8246,0.4084731629455015
8247,0.49125518938146234
8248,0.3814744428739476
8249,0.3526477004748505
8250,0.4895119901103265
8251,0.3912220139694018
8252,0.43609873522993514
8253,0.4352284192231503
8254,0.5819431860028673
8255,0.5992370869458722
8256,0.5490529697207821
8257,0.5611059747160416
8258,0.509269056542922
8259,0.5920044995573315
8260,0.5221131877267452
8261,0.5763635644994574
8262,0.553950758982747
8263,0.489998326153041
8264,0.5245759753839042
8265,0.5274093898812594
8266,0.39830705195825916
8267,0.409789786454605
8268,0.43978901922564795
8269,0.3773141054738394
8270,0.4828746114503075
8271,0.4225372175459167
8272,0.522261020810224
8273,0.4372552122727293
8274,0.3514569845848641
8275,0.435579144427418
8276,0.6588412650485065
8277,0.5431861396736488
8278,0.46485864302447455
8279,0.5171519389097633
8280,0.5406458812328693
8281,0.5284715165090178
8282,0.39656203449828376
8283,0.4061108114749507
8284,0.43364810883692223
8285,0.40227060680805626
8286,0.32209281512904453
8287,0.453093127559417
8288,0.38195134824364696
8289,0.5088629244384143
8290,0.42635207563471367
8291,0.5459029606009074
8292,0.6038077705322645
8293,0.6885457263420773
8294,0.4803036785106495
8295,0.49926239163185876
8296,0.5288068437449658
8297,0.565897456653411
8298,0.3897675277247121
8299,0.5817670789551455
8300,0.6139302368676749
8301,0.45044360128454985
8302,0.5269701613936689
8303,0.4738124157907858
8304,0.4652396569648451
8305,0.45072021042511157
8306,0.6252843514158426
8307,0.534201599200966
8308,0.48825375852027886
8309,0.5718133558779763
8310,0.3195905558336335
8311,0.40263831888845836
8312,0.3900402262577319
8313,0.46362152010238633
8314,0.6488791217519452
8315,0.5069819071631322
8316,0.4168910279434846
8317,0.510558464936166
8318,0.4449197439610862
8319,0.651947008448013
8320,0.4894487589851071
8321,0.5128108619185211
8322,0.2944101715808576
8323,0.5205964861026209
8324,0.5302596522603086
8325,0.5097939976283948
8326,0.5928084500785968
8327,0.576222227053092
8328,0.473170466688021
8329,0.37528542179301533
8330,0.3814700223460449
8331,0.4182748517247151
8332,0.470003019205144
8333,0.47647885647653954
8334,0.5681206088723897
8335,0.4499948459846928
8336,0.5417948945462767
8337,0.5721042613728592
8338,0.5928649161521304
8339,0.6358535335635224
8340,0.3013197656328067
8341,0.4093370956053588
8342,0.6178893092996196
8343,0.43218388378694295
8344,0.4438236075140811
8345,0.49994976978922834
8346,0.5463468716839913
8347,0.4521794489590397
8348,0.720579691265161
8349,0.4610629938674648
8350,0.4158302805210993
8351,0.38052985540439543
8352,0.4522930757605256
8353,0.431317338830379
8354,0.7364125593594812
8355,0.5749261231401548
8356,0.5907593150793796
8357,0.5874536513668553
8358,0.5779539124707229
8359,0.27957145694793617
8360,0.4337229421614824
8361,0.6897253209836236
8362,0.5977090043461067
8363,0.44366873381449057
8364,0.3297138934021368
8365,0.5145590267001362
8366,0.6290079740594477
8367,0.6111600379994095
8368,0.5539232832271267
8369,0.3255392618901456
8370,0.526419986195086
8371,0.5046567079065392
8372,0.4897111098744815
8373,0.37203446745460045
8374,0.5922034548900529
8375,0.6753091815008957
8376,0.44628496538972856
8377,0.5684332548593601
8378,0.45542684478883294
8379,0.46980950293389473
8380,0.6344300809548373
8381,0.5573110018419787
8382,0.6401723075227765
8383,0.5585217135847255
8384,0.5336990679255794
8385,0.6657877129145451
8386,0.657536244181023
8387,0.42225440354125626
8388,0.49805844199074245
8389,0.31212094083891206
8390,0.5326508371433786
8391,0.7906703764725088
8392,0.6697838852659435
8393,0.5251063863264533
8394,0.5503852434170441
8395,0.5751542009763371
8396,0.7244552684184624
8397,0.47086269824700083
8398,0.5224624812356944
8399,0.4428079327726943
8400,0.4586807553742571
8401,0.4242025819163345
8402,0.47823406877425045
8403,0.5165455759152787
8404,0.33470941217446115
8405,0.49988336671259614
8406,0.6462796538619746
8407,0.665987319303181
8408,0.5266489559843313
8409,0.6087707849378208
8410,0.47991569076165286
8411,0.5414175098242117
8412,0.3378836415066845
8413,0.5317756774787346
8414,0.5099358125981884
8415,0.6009248818482309
8416,0.38233753758868577
8417,0.4824775934154171
8418,0.45060573723386566
8419,0.47716720034673354
8420,0.5445388999448557
8421,0.5058094442655687
8422,0.496796287260778
8423,0.45351235419875185
8424,0.5384151995450013
8425,0.5978605838349929
8426,0.47678410910087377
8427,0.6992066313918983
8428,0.4694039406969345
8429,0.6431129398767096
8430,0.4099167281207309
8431,0.5133093865039041
8432,0.5536233368496861
8433,0.39254922333488873
8434,0.5142620681944605
8435,0.7916398711657792
8436,0.39841874201197747
8437,0.5503233220925571
8438,0.5268669445905029
8439,0.4798349700552895
8440,0.35569962900968305
8441,0.6069874105876536
8442,0.5253612648891769
8443,0.5417558062255654
8444,0.4341903125910429
8445,0.5625413062066209
8446,0.44442083714097047
8447,0.42033632186475217
8448,0.5659389093379907
8449,0.49244632516974113
8450,0.4399130151835482
8451,0.544612582417604
8452,0.4753497105338834
8453,0.5006903145664607
8454,0.6256905872691555
8455,0.5862789473704215
8456,0.5219182739471897
8457,0.5129504628122609
8458,0.41500234414460024
8459,0.5407161970418592
8460,0.6679220668126211
8461,0.5193304562316471
8462,0.5436162291650916
8463,0.4848547973260544
8464,0.396994014768737
8465,0.5537093932399939
8466,0.5591038096604191
8467,0.4616927673613884
8468,0.38628651407959086
8469,0.5005007759413024
8470,0.4714662168443448
8471,0.7526165145658856
8472,0.5940313691198413
8473,0.6742676214228144
8474,0.6016428603205448
8475,0.4963300875183542
8476,0.5118975683554527
8477,0.4994601922069808
8478,0.5636576075859719
8479,0.2865723796587757
8480,0.5314019836027636
8481,0.5324883805673994
8482,0.4315398146921545
8483,0.3636988289394591
8484,0.5142857506420782
8485,0.3638025114604502
8486,0.8019106519592217
8487,0.5409145109100856
8488,0.32784835303945836
8489,0.5350295832607329
8490,0.6795600669601082
8491,0.47409450050137275
8492,0.37779302435037404
8493,0.4773063366071025
8494,0.3954759304833587
8495,0.5061998398936325
8496,0.3934629121617612
8497,0.478955746034655
8498,0.40962762218261956
8499,0.6231356634269581
8500,0.5354148666515153
8501,0.4179750989762584
8502,0.46767332940253875
8503,0.4775842040545687
8504,0.5559093975433924
8505,0.4653436995472475
8506,0.49136639201364174
8507,0.50794069755348
8508,0.631055002284469
8509,0.495597387829681
8510,0.3975768867426975
8511,0.5160374352994643
8512,0.7059141453354276
8513,0.5340280738234413
8514,0.4931547219367007
8515,0.465108916135845
8516,0.5375252879015688
8517,0.5809198115498909
8518,0.43305046719617557
8519,0.6289309277636178
8520,0.5288620107310638
8521,0.40122294890283955
8522,0.38746663333576037
8523,0.48507570331487665
8524,0.5233790368266417
8525,0.40776232941088897
8526,0.3644301722581864
8527,0.5875553009509661
8528,0.49428284007117107
8529,0.6120903148593333
8530,0.527382542685981
8531,0.4319494806433593
8532,0.582620529746932
8533,0.4935926859644824
8534,0.560135752646639
8535,0.5111872731808259
8536,0.52603087023644
8537,0.5382090911488666
8538,0.5567704034325449
8539,0.3610769951309064
8540,0.5226104335874433
8541,0.6337091848574038
8542,0.5890287565642041
8543,0.5582677741811938
8544,0.44444635976843727
8545,0.5053416360485289
8546,0.39390272607386145
8547,0.3579271230746815
8548,0.5956507793405633
8549,0.4065412188082277
8550,0.37788285556467555
8551,0.3540142674408169
8552,0.6741698785652912
8553,0.5257013232312467
8554,0.5020999986135247
8555,0.6142085551753029
8556,0.651238061120333
8557,0.5132250781139018
8558,0.4158285089413236
8559,0.5670260931275637
8560,0.5814618247414782
8561,0.47164187796985424
8562,0.5427069696447733
8563,0.5737598718878936
8564,0.5686705224407301
8565,0.46793950178362
8566,0.5579088295561377
8567,0.573444244819235
8568,0.4974313117476339
8569,0.66196533904385
8570,0.5380639181581179
8571,0.4728357600145465
8572,0.5171942921268607
8573,0.6220723730557723
8574,0.5596652189323998
8575,0.4940277219096461
8576,0.4306375824080715
8577,0.430811233179196
8578,0.5063155329571547
8579,0.40042474319778487
8580,0.5263942490092332
8581,0.41150463156679123
8582,0.5511652100054182
8583,0.5557348305598012
8584,0.3858612412220186
8585,0.5388665304815231
8586,0.3753095416131492
8587,0.37853167318469555
8588,0.3768421545638674
8589,0.5758252964521506
8590,0.5341894821911776
8591,0.594974687459558
8592,0.6892857184573524
8593,0.4240302529337125
8594,0.5087701318175089
8595,0.46230440915482846
8596,0.5147746139232134
8597,0.5753140681260712
8598,0.3635048914126213
8599,0.7705733874101817
8600,0.4892666194474629
8601,0.34244431553500015
8602,0.4431408701890462
8603,0.5084532718884528
8604,0.44950936293770827
8605,0.3388732180013604
8606,0.493456201553035
8607,0.48527672081509715
8608,0.6118611674382725
8609,0.5497152585693623
8610,0.5908525450747645
8611,0.467929312177328
8612,0.5327779620749988
8613,0.5017384823885986
8614,0.3146403624940649
8615,0.47948317739314905
8616,0.5707803378665244
8617,0.4507537548805475
8618,0.5451871134493925
8619,0.4048853269352639
8620,0.5495284793565002
8621,0.44733705607713664
8622,0.427686438307709
8623,0.6890599005468381
8624,0.3396962113270666
8625,0.46073761247546496
8626,0.40551435261821694
8627,0.39540726492193234
8628,0.4237326679939738
8629,0.402079169250371
8630,0.5646963130024736
8631,0.3795984116103677
8632,0.6059052232471317
8633,0.7144738470148712
8634,0.5663547463462779
8635,0.5245918474348358
8636,0.5376390237790878
8637,0.6159488264962645
8638,0.37618213967140346
8639,0.5840835640541534
8640,0.43365283446996705
8641,0.48966280368284243
8642,0.44186099316166133
8643,0.5346255495808305
8644,0.39279701929910094
8645,0.40841693619228603
8646,0.5018564646800172
8647,0.5214340176923679
8648,0.49667862247714994
8649,0.5439484079399134
8650,0.5596162349426959
8651,0.47225477925719617
8652,0.6321559719488534
8653,0.5034398915867541
8654,0.4363989498437514
8655,0.4456634069744913
8656,0.46488505711072575
8657,0.47834231244692393
8658,0.548066560977188
8659,0.4262135263868413
8660,0.5486574509428771
8661,0.49940704718698437
8662,0.3895720736998611
8663,0.5666031123208094
8664,0.5207182811208789
8665,0.631050029003584
8666,0.4079292886330191
8667,0.5616126444268776
8668,0.58124111338187
8669,0.40941649483186193
8670,0.6400053586652644
8671,0.5487073058799224
8672,0.4379318002545971
8673,0.39263113283348583
8674,0.6776899490189816
8675,0.43224531205772226
8676,0.3888740118608732
8677,0.4287058675706801
8678,0.5954934260492228
8679,0.4484072648521845
8680,0.4684523706452676
8681,0.3974924054973081
8682,0.46708070488034464
8683,0.476935202862595
8684,0.5020986906664647
8685,0.3362464033762228
8686,0.6706864683033031
8687,0.5072055834606047
8688,0.6692646326452697
8689,0.4248965970679792
8690,0.5514788734847723
8691,0.5619853294899323
8692,0.45459031859136234
8693,0.5470765711407257
8694,0.5361377268760565
8695,0.6400491945291431
8696,0.5154407941178808
8697,0.40441962610894455
8698,0.45858280578155125
8699,0.4522592125396887
8700,0.4449327527667733
8701,0.39068246292289166
8702,0.642852073784603
8703,0.5016776743124665
8704,0.40616565728019405
8705,0.4534020635044608
8706,0.5138582115018987
8707,0.5774497481608103
8708,0.4558807556417149
8709,0.7185010926578771
8710,0.5019639661104539
8711,0.5163824430709781
8712,0.414146951353239
8713,0.5115318927511255
8714,0.4782676787355974
8715,0.3992128927795615
8716,0.606228126449474
8717,0.4434094008283724
8718,0.6486987426801314
8719,0.3019210272869375
8720,0.5041123577749127
8721,0.6108706494209932
8722,0.5921862913445237
8723,0.5318743164727016
8724,0.44925348594458325
8725,0.5209085943198951
8726,0.4691823400548363
8727,0.5126382646959783
8728,0.6250575385579196
8729,0.5488761224618269
8730,0.5660277686918955
8731,0.5020787392021575
8732,0.4495311498922704
8733,0.44942117314968494
8734,0.36320342485328533
8735,0.4569831099987604
8736,0.45601244151401965
8737,0.44763312656607745
8738,0.38089515901468163
8739,0.586895402464559
8740,0.4957378039370453
8741,0.36630839850940944
8742,0.7605455865898956
8743,0.3981617000215097
8744,0.48016178165051204
8745,0.3427374784733575
8746,0.484477717415594
8747,0.3997404555381055
8748,0.38857244168409427
8749,0.5754445207194608
8750,0.42516046599992224
8751,0.4271258231870966
8752,0.5410309301544429
8753,0.4434311839003455
8754,0.566688796617241
8755,0.4041278354848206
8756,0.41950659511431676
8757,0.46289551540159996
8758,0.627892607452426
8759,0.4834408630154325
8760,0.4469325253261736
8761,0.5886229845652686
8762,0.48898781597316615
8763,0.4979911690953427
8764,0.4950719209893572
8765,0.4774145690717111
8766,0.47634848182545303
8767,0.4853092768101615
8768,0.6856860928406101
8769,0.5017111415504518
8770,0.4369375660967023
8771,0.4326351327558839
8772,0.5133230406804026
8773,0.47185135071451556
8774,0.5894932826779362
8775,0.5483244429079396
8776,0.5786369392478108
8777,0.4544872273614255
8778,0.48144096990858054
8779,0.5273053360884516
8780,0.47996080090117793
8781,0.49912966374351564
8782,0.49907365300545187
8783,0.5112121554684211
8784,0.5730253784759718
8785,0.4008792873136748
8786,0.4486777581733601
8787,0.40437461595470015
8788,0.4030521787481711
8789,0.4972160277022722
8790,0.3635517254235019
8791,0.4395116616401764
8792,0.5818154464976485
8793,0.453297129953402
8794,0.5728691413388471
8795,0.41199887564405313
8796,0.5499530824752064
8797,0.4837132245693232
8798,0.520400568835534
8799,0.3322276888147119
8800,0.5071117903724187
8801,0.4644827039758698
8802,0.5078054120489068
8803,0.530094197292972
8804,0.5043539624066593
8805,0.6282885969125308
8806,0.700856590263064
8807,0.5406558074032403
8808,0.3752875809167714
8809,0.3401827173572569
8810,0.5138149328946363
8811,0.4239305332095077
8812,0.5442393625864648
8813,0.45301425112766597
8814,0.547521667942689
8815,0.5589250959009476
8816,0.6353556928324366
8817,0.4068890219372331
8818,0.3627642791714396
8819,0.4206941560652884
8820,0.435684587163769
8821,0.37698717016127703
8822,0.7000080223360255
8823,0.3304410956931213
8824,0.5277426697861273
8825,0.5564409393054558
8826,0.615520932998601
8827,0.5735682202937813
8828,0.5987567123233385
8829,0.6254330182943797
8830,0.5150941639701018
8831,0.5372861579426864
8832,0.6560492975445051
8833,0.42076675426372684
8834,0.5250593900022761
8835,0.4857781303342485
8836,0.5324953202392579
8837,0.374693240636228
8838,0.7449153457778847
8839,0.5480262702230595
8840,0.4861556564028382
8841,0.34174904799889516
8842,0.5658102781416542
8843,0.7104703589287819
8844,0.5367500995032614
8845,0.36278128536089255
8846,0.635037668685914
8847,0.5159508858735754
8848,0.6419884854356432
8849,0.46009872963611076
8850,0.7095907413893233
8851,0.49297981244410216
8852,0.49454667457657786
8853,0.5329444662780948
8854,0.5356873612930256
8855,0.44041426374574066
8856,0.4653903884419019
8857,0.5568046390507996
8858,0.45023995721780596
8859,0.5482616402738921
8860,0.5548865742003846
8861,0.7171235710433032
8862,0.4536198028928741
8863,0.5396690444404145
8864,0.604470327870669
8865,0.432135325446246
8866,0.5029027837943864
8867,0.4623951693451245
8868,0.430672596185684
8869,0.5044061299410401
8870,0.4804498305070129
8871,0.5274198868808991
8872,0.44511097254302895
8873,0.4763590076101229
8874,0.3591198416168502
8875,0.5573103106561691
8876,0.6348524265697794
8877,0.6295377286627184
8878,0.5962198133939892
8879,0.7014437599138776
8880,0.637212521020853
8881,0.4884128774225396
8882,0.5633885473443008
8883,0.3810535469539732
8884,0.4190557019686561
8885,0.43997734701373203
8886,0.5728706126703406
8887,0.4636440790249049
8888,0.45775891442170097
8889,0.4451067279278925
8890,0.4164253455985895
8891,0.5359492566402649
8892,0.33497266222302424
8893,0.4571884445511181
8894,0.5060363584427506
8895,0.37025447836116043
8896,0.5390442091120385
8897,0.5473743525167691
8898,0.5252714579233775
8899,0.53131358599464
8900,0.5218398580312589
8901,0.41856633328505843
8902,0.7351834694606745
8903,0.4722956879354895
8904,0.7267887827704842
8905,0.5291448731756593
8906,0.47635894995190403
8907,0.48949309006943614
8908,0.6298766398996369
8909,0.5332829617608742
8910,0.5723037333784391
8911,0.5005129811900947
8912,0.4056935763178323
8913,0.3396859455364173
8914,0.41764329499363667
8915,0.4481940680787074
8916,0.5053164610554344
8917,0.5576910532221864
8918,0.4952810171824606
8919,0.6337408309323217
8920,0.43442011144325554
8921,0.33317463002935055
8922,0.45497386986860855
8923,0.3388700065317121
8924,0.4067757056557411
8925,0.4879165416231577
8926,0.5402620293250058
8927,0.5998731165764497
8928,0.46667452225194267
8929,0.45028397137614967
8930,0.3980064432945461
8931,0.45857501056919975
8932,0.4361597172870071
8933,0.6799799984788273
8934,0.5558300496585561
8935,0.5140629210972677
8936,0.37144641232616815
8937,0.5329404994870977
8938,0.5954685772867915
8939,0.34109481782993856
8940,0.5700870765460624
8941,0.3791172414726249
8942,0.5961998954933934
8943,0.5176802785941449
8944,0.5864874683139593
8945,0.4210946871571266
8946,0.484867346983897
8947,0.5306485219137379
8948,0.40076291561786603
8949,0.46339955932697663
8950,0.48421902239067605
8951,0.5701486854035948
8952,0.3584405451993734
8953,0.6150921956431662
8954,0.45519454434182127
8955,0.529757305947609
8956,0.5436391416042043
8957,0.5478468525898523
8958,0.5976666536390558
8959,0.509110927135934
8960,0.676758353089792
8961,0.46248887192279325
8962,0.5430268144352332
8963,0.5989851701578767
8964,0.583700286555819
8965,0.5727525462639997
8966,0.3626303728526399
8967,0.3552274282858269
8968,0.48434077409968507
8969,0.4958376732186164
8970,0.7606806918396082
8971,0.49679351845350056
8972,0.5189704672630592
8973,0.48996807086304084
8974,0.6420174985643201
8975,0.3989680432929029
8976,0.3914772514597353
8977,0.4167756073321245
8978,0.5294522886083026
8979,0.5304869852104154
8980,0.5850923932722076
8981,0.5688188665243117
8982,0.4961723806547144
8983,0.43209730212968633
8984,0.3927109334920296
8985,0.4168520013988231
8986,0.6103954789005647
8987,0.4150563995272136
8988,0.35211740909912975
8989,0.5406110695756988
8990,0.5209554172924125
8991,0.4917780467026351
8992,0.3767303194359333
8993,0.6675923817215086
8994,0.4481599779102021
8995,0.6747748753561111
8996,0.5283133195233443
8997,0.6015828564177996
8998,0.5785775694002357
8999,0.38819239732352323
9000,0.4269630697790803
9001,0.541492293900436
9002,0.44057768997109314
9003,0.8682750736425484
9004,0.40159569277549684
9005,0.38086136404773624
9006,0.3518521278522018
9007,0.5560857728422375
9008,0.4901619805476998
9009,0.4545697129733802
9010,0.44679550847722344
9011,0.5150517315391209
9012,0.47799226982135384
9013,0.5417274422141684
9014,0.8250659732284334
9015,0.3915736331162971
9016,0.43779285013285235
9017,0.5206726389110601
9018,0.47863936086856756
9019,0.36690382459535764
9020,0.5273007742862427
9021,0.5962904841773472
9022,0.5333646932653072
9023,0.5929899691691661
9024,0.49316783859479396
9025,0.3618732392920916
9026,0.48455750837592987
9027,0.5156786928514563
9028,0.38451546839175826
9029,0.5481770297187314
9030,0.402748694799401
9031,0.4114207958172044
9032,0.46070696260247657
9033,0.5891449932947899
9034,0.5745901549691829
9035,0.5151860634248477
9036,0.49645639576686273
9037,0.5411342249154482
9038,0.573619492214534
9039,0.574992576276053
9040,0.5664767682518663
9041,0.42518721830982065
9042,0.48112561733689363
9043,0.3232192275843147
9044,0.536215484607814
9045,0.4767777546171673
9046,0.3360517351250687
9047,0.5975993961969084
9048,0.541396668594626
9049,0.4307895350857042
9050,0.43465832058863396
9051,0.4258588561493061
9052,0.4610598462600815
9053,0.5042178475691337
9054,0.5874516915988492
9055,0.5527137765889376
9056,0.7472296194159138
9057,0.5446040690174065
9058,0.4993094741846087
9059,0.43201720779675323
9060,0.5463926228144137
9061,0.48047661370525124
9062,0.6399285494840266
9063,0.4402830786172177
9064,0.6519669440684086
9065,0.5771169418878166
9066,0.4384528510822072
9067,0.49295064944304756
9068,0.4476638385815608
9069,0.6866182716846136
9070,0.4560762874867278
9071,0.6598395249689148
9072,0.5019821126840873
9073,0.6104452932581106
9074,0.3713576945336837
9075,0.6524277382982739
9076,0.4115682068844694
9077,0.49791925707942053
9078,0.4993341414218963
9079,0.37362832370066
9080,0.5436291743348586
9081,0.5642316970679573
9082,0.45431910132003284
9083,0.5571220393977234
9084,0.4314859703873104
9085,0.7051244444923488
9086,0.5055384478805262
9087,0.7243015743331207
9088,0.5123769696152246
9089,0.6119458217652105
9090,0.5454546877295936
9091,0.4671213182071048
9092,0.4247136043972737
9093,0.5513346453378934
9094,0.41189513253711285
9095,0.5981937356102872
9096,0.436147753666401
9097,0.48297405494272916
9098,0.6392886090147321
9099,0.6654673269176175
9100,0.6416067891716043
9101,0.5844115211075694
9102,0.4080748740349051
9103,0.44640620605104087
9104,0.727385088211816
9105,0.6752019309214174
9106,0.6127713827179104
9107,0.7141804439792525
9108,0.586137296392637
9109,0.5767955945115645
9110,0.4738042171284713
9111,0.5224295032836377
9112,0.6546424302500424
9113,0.559424159028552
9114,0.5770614481522431
9115,0.5225218846472776
9116,0.4781519986902282
9117,0.5565409684977617
9118,0.6268334716662095
9119,0.5850839750260088
9120,0.6707171199451771
9121,0.5482001181706248
9122,0.49043344134640154
9123,0.5933855925242556
9124,0.674690941256734
9125,0.5531425004206476
9126,0.3575278341913303
9127,0.44560393394991044
9128,0.41779253024725904
9129,0.5115992680916894
9130,0.40353080454071494
9131,0.567162472403718
9132,0.5629797896404449
9133,0.7214477216263462
9134,0.4185304978417773
9135,0.45641657593046114
9136,0.5220359440149196
9137,0.5246742706662498
9138,0.6475244849950932
9139,0.4693938167141162
9140,0.5693521074900817
9141,0.3514257861619744
9142,0.6509742452928002
9143,0.35821898853552747
9144,0.5635422111006521
9145,0.530698067952999
9146,0.5526205077605287
9147,0.39226747845169985
9148,0.49944896695318486
9149,0.5773092736301975
9150,0.543200390655292
9151,0.5070553922237737
9152,0.3495009812597836
9153,0.5538516366589744
9154,0.5917687166833894
9155,0.48918073433108455
9156,0.5707773147040731
9157,0.595661933582259
9158,0.6525646039445439
9159,0.5013626380120869
9160,0.5018393953431637
9161,0.47282497506347154
9162,0.5832028266325558
9163,0.5169042831698766
9164,0.35322344750291346
9165,0.5767941490743286
9166,0.6245552088875774
9167,0.5899714840321617
9168,0.5421375989227758
9169,0.40789933795926325
9170,0.5431256046506666
9171,0.6173158428915048
9172,0.6420385842442258
9173,0.7050684564611522
9174,0.47665310584460124
9175,0.5280031335482349
9176,0.520327978272339
9177,0.41207087099541095
9178,0.39800891002310596
9179,0.5057248537140625
9180,0.5397067900733542
9181,0.48861422212851835
9182,0.5480190189072036
9183,0.4205355282392182
9184,0.5147784898123924
9185,0.5495929372225122
9186,0.49535152586408593
9187,0.3896442369909821
9188,0.4232140451458414
9189,0.4070977500255739
9190,0.6432942306873861
9191,0.5466224497838529
9192,0.5458932452008545
9193,0.5339455796547316
9194,0.5199681203791304
9195,0.6085511290961622
9196,0.5748000686177827
9197,0.48062714605990475
9198,0.39092586521820516
9199,0.433590306180886
9200,0.6087757357785544
9201,0.6770640193002135
9202,0.46068894632964824
9203,0.575482460550758
9204,0.6670137498877924
9205,0.5596721138806898
9206,0.45539162340448236
9207,0.49005131020312775
9208,0.4018504799989707
9209,0.4477290009554227
9210,0.5435455557584667
9211,0.5519366721796181
9212,0.49627328894054806
9213,0.5181619415310781
9214,0.6271700168830224
9215,0.6180627214898229
9216,0.5477027966818828
9217,0.5081230742323966
9218,0.5398726810868845
9219,0.5804504668775734
9220,0.3980165169863838
9221,0.5098299214144838
9222,0.45364563195304786
9223,0.5064442083320039
9224,0.6384618505604068
9225,0.4723110926819993
9226,0.5737056608454426
9227,0.49393625055349655
9228,0.5300422577503996
9229,0.3581238352208388
9230,0.5799775872477061
9231,0.5423295090895363
9232,0.3350715644896093
9233,0.3553145368229771
9234,0.7471243913613774
9235,0.48034535945742574
9236,0.5710328532050232
9237,0.48814230904522304
9238,0.5494085248037801
9239,0.40510430232637484
9240,0.6134622209307996
9241,0.6027020783829364
9242,0.492025922466772
9243,0.43288162311267225
9244,0.5561118191616388
9245,0.37901114446795253
9246,0.4916956803129482
9247,0.49644646461635217
9248,0.5111793444186207
9249,0.32019713851523096
9250,0.5168706161286015
9251,0.4642986562341375
9252,0.5243613064979645
9253,0.4681735148792495
9254,0.5725192822050154
9255,0.41338269993005217
9256,0.37642580362067646
9257,0.5632765733804046
9258,0.3885136046762586
9259,0.4364783906070133
9260,0.6819353832813879
9261,0.5563541071853548
9262,0.649838946354719
9263,0.5066235822588139
9264,0.6448305100870289
9265,0.4448698964791553
9266,0.49178867850214925
9267,0.3975498840446848
9268,0.47771420586166946
9269,0.47630301823824045
9270,0.5405308165722928
9271,0.573144073781274
9272,0.4616800352623711
9273,0.46543434895724867
9274,0.5087928748755212
9275,0.7053206458376333
9276,0.5166983600620094
9277,0.45481382158637035
9278,0.4694444707331249
9279,0.6408765318536882
9280,0.43906363754809496
9281,0.5005234306399675
9282,0.5488851604577335
9283,0.4955401618133988
9284,0.6996150951773987
9285,0.44928876361090636
9286,0.47244405532699946
9287,0.4953991970668453
9288,0.44768611910695544
9289,0.5718596731724523
9290,0.37981229533373595
9291,0.48971863709573205
9292,0.5513526686914005
9293,0.4412813910835467
9294,0.47936985160445694
9295,0.5428696789578676
9296,0.513622041392061
9297,0.5609305656453178
9298,0.4017199766635111
9299,0.44918727380319484
9300,0.42882576768140784
9301,0.49416129057268443
9302,0.49769602261422907
9303,0.42419201973976595
9304,0.5580011292247076
9305,0.5124303327535107
9306,0.5726401736492073
9307,0.6513176736481122
9308,0.41158224407600086
9309,0.44714676943388304
9310,0.6215794649116798
9311,0.5139905133211673
9312,0.5810484705034871
9313,0.585020842628272
9314,0.42319370053295213
9315,0.38148068890189313
9316,0.3772493571329326
9317,0.5459522112707834
9318,0.40573167687709
9319,0.5953842817733092
9320,0.3379577484241113
9321,0.5044476046973082
9322,0.426567719091539
9323,0.5873407105081226
9324,0.4338299572963565
9325,0.6627780342693667
9326,0.6923073056566781
9327,0.5157617070384516
9328,0.6537730891724927
9329,0.6422843766610233
9330,0.7071730233431109
9331,0.5504325193828894
9332,0.5869851550072346
9333,0.4176654396590722
9334,0.4705253281304521
9335,0.786164132807387
9336,0.454756613702108
9337,0.4688252287938124
9338,0.3385651329151793
9339,0.44011871466498614
9340,0.424991073550093
9341,0.5034399951106762
9342,0.5223769514391572
9343,0.43586464429990457
9344,0.408907431980588
9345,0.4090555832720112
9346,0.5049628467928052
9347,0.7058234144486634
9348,0.7004464517407994
9349,0.3529074178686804
9350,0.5153536081775185
9351,0.6322249376594476
9352,0.3639207731475672
9353,0.4786618769559435
9354,0.5179039885498118
9355,0.4462490511973431
9356,0.5144669833017472
9357,0.5557797130821766
9358,0.6370819395248025
9359,0.5460060121732528
9360,0.3692929227798818
9361,0.46606443426666516
9362,0.46379643100583956
9363,0.6073846260449935
9364,0.2538774015649394
9365,0.561568686904645
9366,0.34063277096921657
9367,0.3904336398224433
9368,0.5341309602875796
9369,0.4776251311610713
9370,0.3555607644176842
9371,0.47487261090463595
9372,0.6666106876431498
9373,0.35439911536453583
9374,0.547371732193693
9375,0.7429145355060335
9376,0.5151040682006287
9377,0.6798652947012869
9378,0.41666897245050966
9379,0.7078810509701462
9380,0.6306416317762978
9381,0.5315139139950329
9382,0.37221608068518086
9383,0.43712968158741117
9384,0.4824558926515401
9385,0.5362214565427852
9386,0.5277540238060734
9387,0.44279514696160516
9388,0.5119925621885898
9389,0.7604184260886091
9390,0.5123938207428475
9391,0.5296868019456115
9392,0.5494903806097721
9393,0.6632568752828245
9394,0.4911515531304566
9395,0.47439960123669994
9396,0.5018080660572779
9397,0.5138765907058617
9398,0.43578413989617015
9399,0.4578932772036644
9400,0.5165353805423222
9401,0.5337674667243438
9402,0.6201668508901459
9403,0.4904085673847196
9404,0.6504318579013033
9405,0.5776892380554594
9406,0.46062384379035004
9407,0.535969884448388
9408,0.380104555476777
9409,0.3080041451006357
9410,0.5310396934515109
9411,0.4256678250444121
9412,0.33818277712926353
9413,0.4499527533400079
9414,0.5898424336492479
9415,0.5016136552002715
9416,0.6931099877849275
9417,0.6212401232005098
9418,0.4180164483491471
9419,0.5584552432566404
9420,0.5199082947981072
9421,0.42129212887035883
9422,0.4729761261526792
9423,0.5174682836730642
9424,0.4467539152688369
9425,0.5370417613085267
9426,0.4816211487660084
9427,0.4600813431283717
9428,0.5336439800704835
9429,0.4066167160883657
9430,0.44991631290029654
9431,0.38711911974770313
9432,0.5508879864825857
9433,0.6476429311320503
9434,0.4158540904255969
9435,0.7616683502228622
9436,0.4582971068283629
9437,0.5483068867821964
9438,0.529459035564635
9439,0.4827719866606712
9440,0.44742587984392024
9441,0.5398267175258317
9442,0.46494664351485904
9443,0.36584684811020163
9444,0.42229079111809714
9445,0.6399917995482736
9446,0.4897391143136678
9447,0.5543162808820585
9448,0.5858397221291283
9449,0.3277677089416171
9450,0.5294953845542923
9451,0.42829934265050973
9452,0.6049595441177897
9453,0.5577019024364993
9454,0.6598482365034604
9455,0.4203036361051551
9456,0.5965433699396476
9457,0.41034284414908667
9458,0.40619480862634105
9459,0.5449198998366203
9460,0.5557997346183361
9461,0.56649301328064
9462,0.6990373856029548
9463,0.4260533208020685
9464,0.5625073530224373
9465,0.4084043746688655
9466,0.604507869658651
9467,0.5556700239525026
9468,0.6163220954605674
9469,0.475665569159839
9470,0.8160627532867853
9471,0.695175923277425
9472,0.4386753987542624
9473,0.6763501442502428
9474,0.47799171007112157
9475,0.42430209856324375
9476,0.5234509757438038
9477,0.4118277906809749
9478,0.7595358159123685
9479,0.5195249461099725
9480,0.485858633694632
9481,0.5538646036819241
9482,0.7140470345706813
9483,0.525688373225851
9484,0.4115672796613059
9485,0.3767389611868047
9486,0.5791338516568616
9487,0.5873441060175393
9488,0.6760499837319633
9489,0.5814803041981804
9490,0.46267406130503624
9491,0.6245209199608576
9492,0.6655438053941153
9493,0.476729045522542
9494,0.5491424264824275
9495,0.6248068707094984
9496,0.5023806461659029
9497,0.5671453708532721
9498,0.5456875330594033
9499,0.4976039320729773
9500,0.6751081380580527
9501,0.4419310570650033
9502,0.4294797438440124
9503,0.532793462827273
9504,0.43313875910502564
9505,0.3555359323697662
9506,0.4056202847047492
9507,0.5662820775699348
9508,0.5268870981166374
9509,0.4677059560380135
9510,0.5263894333436476
9511,0.6322614676534596
9512,0.3894955954488503
9513,0.6384379605289182
9514,0.49551356124597284
9515,0.37445564564046746
9516,0.45586665886095856
9517,0.6276302941546713
9518,0.47751114756668517
9519,0.5731944851293731
9520,0.5964486268534128
9521,0.6266350472909793
9522,0.5898123531496706
9523,0.7516799897793149
9524,0.6587605608910284
9525,0.3860843500199053
9526,0.5088970880127333
9527,0.6130929974211571
9528,0.642946654533744
9529,0.49019855266526996
9530,0.6779070841987179
9531,0.4370314647566217
9532,0.4859285988503862
9533,0.6013203134633154
9534,0.3792541133368982
9535,0.44579806370749947
9536,0.708927937039517
9537,0.40721280887269706
9538,0.4931688576219844
9539,0.34602616032499867
9540,0.39925210347735585
9541,0.47907438586032264
9542,0.5563812696950878
9543,0.4607833887919703
9544,0.6193696726245312
9545,0.43976179249831204
9546,0.44903173999510304
9547,0.509609255581944
9548,0.38943958416464824
9549,0.44727686377859094
9550,0.5369874514078353
9551,0.5274210344695703
9552,0.47115671122325714
9553,0.4238558627391963
9554,0.5327030102599364
9555,0.7124082348884386
9556,0.4188223049125905
9557,0.40241143169819577
9558,0.4365207935632379
9559,0.4400452812246756
9560,0.5193173923541908
9561,0.4577565352517873
9562,0.5302616496888622
9563,0.515694525866587
9564,0.5490788821400437
9565,0.31084830784872525
9566,0.5333278323970821
9567,0.7008072695895464
9568,0.45838036040613195
9569,0.49992846166598653
9570,0.4745447869850886
9571,0.5086756765436149
9572,0.5016179934000545
9573,0.6446665296068483
9574,0.5387616643640356
9575,0.44098494325124393
9576,0.6182905088243551
9577,0.4894165735198873
9578,0.5269798138906133
9579,0.5232915029696432
9580,0.5498497888283663
9581,0.46897593629573037
9582,0.47476653050455747
9583,0.6359203534996604
9584,0.4020811808481239
9585,0.4477972500901975
9586,0.41852230248357036
9587,0.3193954696345005
9588,0.4444233268352283
9589,0.4969465561485863
9590,0.459863057498225
9591,0.5434324055063491
9592,0.3670667403007388
9593,0.5347612855794377
9594,0.49380743176769365
9595,0.7043174759081932
9596,0.5763840510385625
9597,0.4160734312525417
9598,0.6179863819440177
9599,0.6205805224708391
9600,0.4138999058536048
9601,0.5799412262703975
9602,0.6292016189900786
9603,0.591103410991201
9604,0.26906895539923215
9605,0.5400555480596759
9606,0.5055273249389302
9607,0.6625640144958374
9608,0.47740757437014975
9609,0.4516858816317557
9610,0.39588477730801075
9611,0.4833447483079993
9612,0.6016418743545517
9613,0.47111192086988024
9614,0.5599920481815774
9615,0.45469254216032784
9616,0.32373979478908255
9617,0.5113396253584537
9618,0.6497744045729033
9619,0.5817885630451245
9620,0.5158683151308915
9621,0.5949805450987071
9622,0.6267498969377252
9623,0.3984952974357314
9624,0.5584554251430016
9625,0.365682467776808
9626,0.5060144164164853
9627,0.47632970407194103
9628,0.6053145425866644
9629,0.4150895131809968
9630,0.512446502770074
9631,0.41678279923615413
9632,0.40086517954419254
9633,0.46092212832434304
9634,0.32091465011991016
9635,0.4318444833827746
9636,0.5595561423507056
9637,0.5483941301176493
9638,0.5591480145738055
9639,0.3951600962236716
9640,0.436350826228341
9641,0.43450528783285247
9642,0.4033761277960135
9643,0.62300676494099
9644,0.505324228367862
9645,0.400640929841303
9646,0.36641459622751527
9647,0.5997946180692818
9648,0.3664141635044933
9649,0.5272340870855253
9650,0.7128994130798247
9651,0.5947564837974532
9652,0.4889052247748155
9653,0.49360349272662407
9654,0.5178271604694389
9655,0.4268714773543767
9656,0.5448797796429419
9657,0.6045146563347964
9658,0.4831253058227263
9659,0.653511419407893
9660,0.4827750173617774
9661,0.5386050526272754
9662,0.451071958539776
9663,0.34916081393528486
9664,0.6008508438625905
9665,0.5158960956205699
9666,0.5532862480188705
9667,0.45909095171357767
9668,0.48133890697021386
9669,0.5652658127391927
9670,0.3527392587790163
9671,0.33919247049845247
9672,0.5298795283930523
9673,0.5052619716319056
9674,0.4537397849722759
9675,0.5729137153630194
9676,0.6570752263104105
9677,0.5133209702986711
9678,0.6339372395028919
9679,0.667274776361849
9680,0.4268934940558714
9681,0.5145161570334725
9682,0.5150316938938282
9683,0.7553155805112151
9684,0.5429207713481234
9685,0.45321903527552654
9686,0.5362339134901534
9687,0.7623271323000775
9688,0.4932022375348317
9689,0.6210728850670815
9690,0.5619296122452277
9691,0.6468024907228542
9692,0.5992264145870134
9693,0.5277164829379725
9694,0.46379331074861857
9695,0.37949865992293486
9696,0.39270339827213235
9697,0.5558921010564375
9698,0.4922874295321416
9699,0.4913831193624764
9700,0.38448918585714914
9701,0.44773447309937553
9702,0.4994716224745746
9703,0.51637012087012
9704,0.3899289966218127
9705,0.4679081308185128
9706,0.5528511203307109
9707,0.4959470891828883
9708,0.41531849396007303
9709,0.56575321351756
9710,0.5087961403933057
9711,0.5162913720318918
9712,0.5025304519033239
9713,0.5527414105907622
9714,0.4216582495715772
9715,0.3856023455152377
9716,0.622248662268717
9717,0.7602287440504157
9718,0.40302609088228236
9719,0.6342107488929754
9720,0.5221528615718906
9721,0.4693429205672926
9722,0.4959490903025574
9723,0.7157988127421983
9724,0.4564879219142479
9725,0.5902539550617218
9726,0.44536682834439356
9727,0.49650544411360337
9728,0.43896535535594705
9729,0.46542640726798307
9730,0.5135640252314435
9731,0.6125120764919871
9732,0.6375111627408321
9733,0.6296017245434232
9734,0.5354086569926415
9735,0.4222053482262611
9736,0.575652514693103
9737,0.5742342870750536
9738,0.6197406469958048
9739,0.47263627002771624
9740,0.5147541299676418
9741,0.4509775895880249
9742,0.34631394682144034
9743,0.44481485791352654
9744,0.4747441646909693
9745,0.4817050844345457
9746,0.4918052061272779
9747,0.41101877417897204
9748,0.3883197131043156
9749,0.5638696883690894
9750,0.4582598946509885
9751,0.4665327911109361
9752,0.44015163928006373
9753,0.4508328964847377
9754,0.44999011783874593
9755,0.6289169191349132
9756,0.48257240052250006
9757,0.46508278638649647
9758,0.5584774919058533
9759,0.46299219293800825
9760,0.6759756275598858
9761,0.5943599387559785
9762,0.556806073672331
9763,0.5120677217833535
9764,0.6694866411490729
9765,0.4572700849344695
9766,0.49355751089780003
9767,0.3471861400132661
9768,0.5392830676172113
9769,0.4064418534881758
9770,0.5355237277631729
9771,0.3732024492959397
9772,0.45752605833958093
9773,0.47914805086701906
9774,0.5969933911102361
9775,0.5332153083702563
9776,0.5116400295088355
9777,0.36361303021559216
9778,0.31912975064396476
9779,0.4742183628643119
9780,0.40366453342692654
9781,0.5972787578938612
9782,0.45007566441186675
9783,0.5553085278649039
9784,0.4728051075974457
9785,0.5616157991984978
9786,0.4185651170226744
9787,0.5203407482595234
9788,0.6706226772113912
9789,0.5017048820861851
9790,0.5362278384904471
9791,0.35780034171365993
9792,0.3036110906363494
9793,0.47069868450626096
9794,0.5788856969784923
9795,0.5418553255735331
9796,0.7493447680997025
9797,0.40849002137240387
9798,0.4524134752842664
9799,0.4558459505259027
9800,0.48715783588843736
9801,0.4092017957730997
9802,0.43159972180475137
9803,0.5913936989204439
9804,0.4903655483926405
9805,0.4747617942770648
9806,0.45001671634665724
9807,0.3987783286794011
9808,0.4858110789402286
9809,0.41725605165966595
9810,0.4594519467176793
9811,0.45241717104648627
9812,0.5353838093453523
9813,0.5002742822850137
9814,0.4004556184797289
9815,0.489778062293223
9816,0.5427262637297233
9817,0.4508916100176139
9818,0.5715434017448566
9819,0.4730132963685199
9820,0.42597076393544503
9821,0.5827719801808033
9822,0.5309700212587651
9823,0.39917576758612866
9824,0.4082263816063646
9825,0.468520462301302
9826,0.36584624624825185
9827,0.6124573776396111
9828,0.570237990187075
9829,0.5788464615976812
9830,0.5662120565005967
9831,0.6912840615273123
9832,0.45519783903834615
9833,0.6488121286114984
9834,0.4770036159222497
9835,0.4656692590016859
9836,0.4999287527663545
9837,0.41257324927673694
9838,0.5114890254632715
9839,0.40771220012825543
9840,0.45359380915656644
9841,0.4598645140634268
9842,0.5331637541236042
9843,0.38362679497216706
9844,0.5194668454642647
9845,0.5167484306964114
9846,0.536178412100046
9847,0.5070521558213777
9848,0.5129907708340415
9849,0.47732618299348145
9850,0.5206096992989797
9851,0.5207912757359399
9852,0.6803761692568112
9853,0.4326670214065752
9854,0.5250319686196232
9855,0.4382041239847376
9856,0.32660376197404295
9857,0.47230507970582203
9858,0.37082363042192035
9859,0.4565589518815284
9860,0.38829448734537714
9861,0.7277359975536937
9862,0.4737160459234992
9863,0.6921402614920491
9864,0.5161606396980769
9865,0.4694803693022317
9866,0.4783184219401797
9867,0.6433228229974539
9868,0.4716752613394772
9869,0.4882019636920202
9870,0.5419149825936572
9871,0.5265850541895484
9872,0.4781588592989079
9873,0.5168225908479356
9874,0.532642555472462
9875,0.30970907957680827
9876,0.5317086766011322
9877,0.5568443852061734
9878,0.5435731273396479
9879,0.42820420592793296
9880,0.3145670179876205
9881,0.7021170195639299
9882,0.48347483404317515
9883,0.7856722231099901
9884,0.5543754033314697
9885,0.4411524104060801
9886,0.3006606783568657
9887,0.43207562115965725
9888,0.47573046451790757
9889,0.5678987719517432
9890,0.4486370900673687
9891,0.5216700854189829
9892,0.5596002361820291
9893,0.5792918903101527
9894,0.4966986853525707
9895,0.5092090662916792
9896,0.5419853202024357
9897,0.5527910334993204
9898,0.4704443697276779
9899,0.29393372183407335
9900,0.5005383500761528
9901,0.5144647670367393
9902,0.40316153621413353
9903,0.4071482262854824
9904,0.4772393959269938
9905,0.45538509743688466
9906,0.5107719660634608
9907,0.3693042583550496
9908,0.3246014312326221
9909,0.5001855377459316
9910,0.5090557861610441
9911,0.5313593167343167
9912,0.4082865473258464
9913,0.5058989712875424
9914,0.5094190817300779
9915,0.43188007476291623
9916,0.41761465365035827
9917,0.4479120041047536
9918,0.6521525516135449
9919,0.46433200528006197
9920,0.6630416948671827
9921,0.5014366418757995
9922,0.4452689028465939
9923,0.43096542378874253
9924,0.5756285013678122
9925,0.6145393411479837
9926,0.46931204617453215
9927,0.4951487401937105
9928,0.5324631912217028
9929,0.29233062500199436
9930,0.6146823844497625
9931,0.5421219103951109
9932,0.41981637255962784
9933,0.479155394980992
9934,0.5299156090399794
9935,0.41850177194961724
9936,0.5457149901540712
9937,0.5449348872835351
9938,0.48017906528415755
9939,0.4375577864008269
9940,0.5926659747535459
9941,0.7760289105783498
9942,0.5685773103949531
9943,0.5576413460092233
9944,0.5289386957894597
9945,0.6429346825645821
9946,0.4135681183502947
9947,0.36799672966509756
9948,0.47059698540043227
9949,0.5901895405372521
9950,0.27385958161574614
9951,0.516957511796686
9952,0.5644498068654491
9953,0.5607906005961312
9954,0.4462338819131981
9955,0.3553474923941752
9956,0.4742906639909652
9957,0.4012858584679221
9958,0.6957662293825299
9959,0.5887597522200503
9960,0.5100412081007536
9961,0.4913606379273106
9962,0.3984383548322432
9963,0.7286083944391542
9964,0.6251320293509961
9965,0.6529209987626543
9966,0.6781524419719728
9967,0.5847431345863138
9968,0.5646077010215748
9969,0.5818517536030481
9970,0.7405968882785935
9971,0.50209775196071
9972,0.4791468242800885
9973,0.7649477740070876
9974,0.41179182345784243
9975,0.31863277862355993
9976,0.6369874962379375
9977,0.47954827815207235
9978,0.5826023689539719
9979,0.5985552047878443
9980,0.41790540243696417
9981,0.4894468750246427
9982,0.5457657264883737
9983,0.5710519160068064
9984,0.5374786893252712
9985,0.8491175142630023
9986,0.43269229605335724
9987,0.6173080319787032
9988,0.670054431147048
9989,0.5110633434716688
9990,0.5424583590679063
9991,0.4574413735266692
9992,0.661781425493766
9993,0.4525454597785556
9994,0.392322858376179
9995,0.4599670320934107
9996,0.5259252118402011
9997,0.7229159866339162
9998,0.5044188509453638
9999,0.4692329272379258
10000,0.41633367214110084
10001,0.4786133922946602
10002,0.3904224364296264
10003,0.4502933433696381
10004,0.43105647057235164
10005,0.5122999876838029
10006,0.669154272410531
10007,0.4370647494416904
10008,0.2851491223092324
10009,0.3907522144526987
10010,0.48336120017355727
10011,0.4397408482663708
10012,0.43147456909429105
10013,0.5890752281941842
10014,0.6268227781601431
10015,0.4936101267055661
10016,0.5758482302211816
10017,0.4325082427131369
10018,0.49692307584507217
10019,0.5403314909038095
10020,0.6308008588945593
10021,0.37482982173011625
10022,0.48397325209401
10023,0.5058878207017137
10024,0.41443001474886637
10025,0.7575878647141536
10026,0.8048049918340157
10027,0.43660093537720673
10028,0.45679541055858575
10029,0.47051313401747263
10030,0.45564332712825406
10031,0.44464364456377814
10032,0.5662267347427441
10033,0.5356329780931419
10034,0.5917946785405259
10035,0.4734449360717707
10036,0.35823814884781213
10037,0.3055605964732775
10038,0.6431595745024905
10039,0.7297625293706984
10040,0.5169345078368388
10041,0.5989771459179202
10042,0.5901122851712987
10043,0.6017194344838662
10044,0.620206454724652
10045,0.38402967934991294
10046,0.45368904751947825
10047,0.6705729945239045
10048,0.503629250867167
10049,0.5156942847196846
10050,0.5775996505555326
10051,0.5859008922414309
10052,0.6227734822299298
10053,0.5197282124243271
10054,0.46279023973135835
10055,0.4638705619758621
10056,0.567659818448236
10057,0.34278423507003886
10058,0.4814015383116477
10059,0.4839340136862855
10060,0.6138370874438818
10061,0.3632860775719071
10062,0.46703627600513264
10063,0.5271461682408229
10064,0.6009388290334455
10065,0.519585231376644
10066,0.6764573211708111
10067,0.6792306165658991
10068,0.4868274376313097
10069,0.5822110946979354
10070,0.509419618449704
10071,0.5706774847488929
10072,0.4701322484986312
10073,0.6393503256371571
10074,0.5214499296141323
10075,0.46802152923042695
10076,0.5580095175580283
10077,0.5755986861676734
10078,0.6037145753425894
10079,0.43910877934437126
10080,0.6671883993213974
10081,0.49193651176934694
10082,0.6092997029130107
10083,0.48301672675957735
10084,0.47312988795316846
10085,0.6107277489638431
10086,0.4753981801687526
10087,0.4609778505605365
10088,0.4140834228968953
10089,0.5063348839840373
10090,0.7067328790911629
10091,0.5083009571188514
10092,0.3931649545799818
10093,0.5249465046413979
10094,0.5618036217768793
10095,0.38694951924493326
10096,0.4297031085936709
10097,0.5547483740747919
10098,0.4891015302409
10099,0.517668053783963
10100,0.34033082960909833
10101,0.6613714315024575
10102,0.42568553788957486
10103,0.659308802886864
10104,0.5200994955535105
10105,0.467020020153456
10106,0.4374972092557176
10107,0.439028461416358
10108,0.49742608861250964
10109,0.47443257362800517
10110,0.5475758190858279
10111,0.55277996527758
10112,0.4330793556155959
10113,0.48449155755239015
10114,0.5867747307473794
10115,0.4186939327253699
10116,0.5321155675107833
10117,0.5416781024615014
10118,0.4209449101255686
10119,0.45307344077240064
10120,0.5630914571144847
10121,0.5046103045681212
10122,0.6588290331609136
10123,0.7130498688153585
10124,0.3630954923298589
10125,0.5948589247299075
10126,0.42366835444477596
10127,0.41312857678636206
10128,0.44538173771252404
10129,0.5196337814694711
10130,0.4658800446238577
10131,0.46530258768870486
10132,0.4959445082268784
10133,0.8356753836172703
10134,0.3424189494663653
10135,0.4871170679415001
10136,0.48228048311947935
10137,0.5004092847780656
10138,0.32690010553447696
10139,0.5165039435190756
10140,0.39152553549497204
10141,0.5990000179647685
10142,0.6546463192593579
10143,0.39856650884526523
10144,0.5291990531496609
10145,0.470463588155045
10146,0.339301398334949
10147,0.38755435503759084
10148,0.5214533032777101
10149,0.4417820417799675
10150,0.44083084772658465
10151,0.536774460962337
10152,0.6466886019271239
10153,0.6936524625875335
10154,0.47893084310970613
10155,0.4794057930439479
10156,0.6189667516487356
10157,0.5344096627671169
10158,0.5479322600594341
10159,0.5570950779768227
10160,0.4535285002092294
10161,0.543674282204737
10162,0.44433037220036714
10163,0.6126350665441018
10164,0.569622759172434
10165,0.38235262446342916
10166,0.5588207452216122
10167,0.6381941941398012
10168,0.5929739195184093
10169,0.6597502274934883
10170,0.5066402518161918
10171,0.4780453740212642
10172,0.48363625310102304
10173,0.5157207253668389
10174,0.5515883465469595
10175,0.4066633825551501
10176,0.5116583269101227
10177,0.5406895681663245
10178,0.5463393344055425
10179,0.45726418358463167
10180,0.4964981574763868
10181,0.35071329500804027
10182,0.5303770401425876
10183,0.5254225646735678
10184,0.4126460001621368
10185,0.3843722814088957
10186,0.44893710519485547
10187,0.5558964323141491
10188,0.555360278318553
10189,0.456563403110273
10190,0.3994926556191125
10191,0.5554779981772039
10192,0.576728971872634
10193,0.477390984610705
10194,0.5261780186885905
10195,0.5294779252264494
10196,0.38499312682046194
10197,0.6226056890479255
10198,0.5937836183462342
10199,0.36389917380988746
10200,0.378376087396592
10201,0.4217994796376997
10202,0.5438411304151651
10203,0.452639542350458
10204,0.5612684591620296
10205,0.5705740324149116
10206,0.5395032993879816
10207,0.5126266940143146
10208,0.5763226905845609
10209,0.6254652690719206
10210,0.6255395572653224
10211,0.5491639698602102
10212,0.5308023276301853
10213,0.4834533015524599
10214,0.7765736876556862
10215,0.43817636489527156
10216,0.6480308378576857
10217,0.5057640483852308
10218,0.5375833704771942
10219,0.6506534903359324
10220,0.499434861910271
10221,0.5181311265285236
10222,0.46582479848833647
10223,0.4607160785992035
10224,0.5696816577527719
10225,0.5333917104599825
10226,0.45219746253062365
10227,0.6418067295348611
10228,0.40918986955618986
10229,0.4841135679593509
10230,0.5621658880219997
10231,0.44096416080087414
10232,0.66133696393416
10233,0.7075017356839495
10234,0.5329603605623261
10235,0.47496669253426665
10236,0.37563834090815706
10237,0.43167277282560945
10238,0.5767547747030434
10239,0.4420068643135214
10240,0.39036335164625013
10241,0.5137676643707767
10242,0.5860002985587603
10243,0.42758675325867296
10244,0.6056612322084207
10245,0.5145743999468482
10246,0.5486656120629213
10247,0.7366078616252087
10248,0.597819900509687
10249,0.5846875364581309
10250,0.4788803887485777
10251,0.5657522300739437
10252,0.567480762987488
10253,0.4407227393307076
10254,0.5132400436496106
10255,0.4439911175582493
10256,0.5705095999349519
10257,0.39441922285245545
10258,0.365717888147884
10259,0.5071121478969874
10260,0.5732219665455619
10261,0.4710050628844045
10262,0.593997019814319
10263,0.4800699415270431
10264,0.4332116871112617
10265,0.5703629493553926
10266,0.6155350973421916
10267,0.5125041078820516
10268,0.5348774275026079
10269,0.5675474710850212
10270,0.4664203579922638
10271,0.48146318637626623
10272,0.40260623618615926
10273,0.6577323232974073
10274,0.48588197673146843
10275,0.540236022547074
10276,0.6465030983932907
10277,0.5067707897303821
10278,0.5968777765681231
10279,0.5332918196586173
10280,0.5831168080469875
10281,0.526988161242672
10282,0.5019328726745618
10283,0.454982504797802
10284,0.5821965620396025
10285,0.503633619806067
10286,0.5467412240028007
10287,0.5141849199248447
10288,0.41062675599864895
10289,0.5661454461443639
10290,0.5268630118285608
10291,0.5031581607437315
10292,0.500925536391892
10293,0.6753194667080757
10294,0.49749231653976794
10295,0.5389990823809807
10296,0.45328472769186273
10297,0.4717513424674452
10298,0.49422260228385556
10299,0.5400542312193399
10300,0.6223407001631998
10301,0.47101989365331026
10302,0.5539155537270872
10303,0.6062873536957217
10304,0.709998400270779
10305,0.49147744361346507
10306,0.5434435453714888
10307,0.5811831270086041
10308,0.4997741185297759
10309,0.4020211874358734
10310,0.4457997564715963
10311,0.5703998174194334
10312,0.368899802614705
10313,0.3607111257214973
10314,0.40624056463560565
10315,0.4809607883418673
10316,0.3799106271696794
10317,0.6066852079181092
10318,0.4919016252227365
10319,0.446800234365912
10320,0.41171074986545675
10321,0.5287400832714361
10322,0.5011323068387451
10323,0.5676256839377183
10324,0.5196233267496592
10325,0.532050208245351
10326,0.5288673541897821
10327,0.6091880571760451
10328,0.4257680459592104
10329,0.654404658824163
10330,0.6240033448715484
10331,0.5000700570765015
10332,0.5255805124701974
10333,0.5999586780781792
10334,0.3799149697196758
10335,0.46753076186877096
10336,0.6310912520909675
10337,0.5082118813473168
10338,0.48471994136811997
10339,0.4937925048477451
10340,0.5900777036783122
10341,0.6517526328219261
10342,0.5331972853148401
10343,0.7714468331618878
10344,0.4675356031345098
10345,0.7118315763758424
10346,0.5780400555689504
10347,0.5246210009423733
10348,0.5736892841048202
10349,0.421484582577176
10350,0.5177441968829346
10351,0.441272784246197
10352,0.4458237913151774
10353,0.4055383792221411
10354,0.4843894081447433
10355,0.3834325167220317
10356,0.5007858074185674
10357,0.5950878264777382
10358,0.5494462931484837
10359,0.6205674854026285
10360,0.5737917037535959
10361,0.48092146259836765
10362,0.5957802969094846
10363,0.6518342053903385
10364,0.7887083509393109
10365,0.503434800572325
10366,0.5171111987037363
10367,0.37499037558168996
10368,0.5040707039187964
10369,0.4973708126817873
10370,0.7517636024477516
10371,0.43846507063900525
10372,0.5679126482556885
10373,0.3601156160586987
10374,0.5047546592132454
10375,0.3769893601975358
10376,0.6691589676947765
10377,0.3315988760845486
10378,0.481810034437705
10379,0.4922637068695411
10380,0.5422159558333539
10381,0.48485341870283544
10382,0.46790029772451674
10383,0.5418911342371399
10384,0.4392154671721261
10385,0.7641546871594354
10386,0.478713007994471
10387,0.45518063256954655
10388,0.5038895449153237
10389,0.4563550243068978
10390,0.6227673975787404
10391,0.4732345053036374
10392,0.36942546462885095
10393,0.5071563012018908
10394,0.6011641202169055
10395,0.6775571545693648
10396,0.4592998247663904
10397,0.5349917297245569
10398,0.40077050975204165
10399,0.4797451320419083
10400,0.4358877357055884
10401,0.46159525478827945
10402,0.5869917638353909
10403,0.4860480306438263
10404,0.47453998514526646
10405,0.5054034767475525
10406,0.43740913866590914
10407,0.55152603932653
10408,0.4150559764215311
10409,0.49896619993443536
10410,0.4404895785484903
10411,0.6078931527443764
10412,0.36814794614403457
10413,0.5676626621454398
10414,0.27313267509263667
10415,0.6145086331784075
10416,0.5499862814936158
10417,0.48271401914509265
10418,0.47466751637768057
10419,0.4601091284683797
10420,0.47247079226433486
10421,0.44960670585077145
10422,0.4837858350021611
10423,0.595622062679477
10424,0.3642185844552216
10425,0.7129688822241143
10426,0.4554900224331486
10427,0.4553844929305644
10428,0.5941687758556307
10429,0.5143633642741365
10430,0.5826872289807029
10431,0.4647547853803833
10432,0.6021310847540943
10433,0.5750959430493973
10434,0.38063223133634216
10435,0.5217151516882004
10436,0.53366090242633
10437,0.498607298125444
10438,0.5876308399484105
10439,0.3190936549270176
10440,0.5212104432183053
10441,0.7048777855078755
10442,0.4555706655890126
10443,0.38405434617160306
10444,0.5515700176823943
10445,0.36203359883411973
10446,0.51063338043992
10447,0.7222156075434629
10448,0.5834617499308183
10449,0.5471202042910509
10450,0.47077989693658684
10451,0.4969464720948958
10452,0.47835430249808375
10453,0.4465039883026879
10454,0.4580477459317735
10455,0.41332878219719404
10456,0.6289459146014145
10457,0.2752444925311682
10458,0.6441569840262192
10459,0.5060455914123784
10460,0.43161492343546515
10461,0.4022835198729555
10462,0.4848135096880589
10463,0.7103519981489645
10464,0.5093813496059746
10465,0.4955716803078017
10466,0.493620255370545
10467,0.5295988607398777
10468,0.4823658265735098
10469,0.38462320607435196
10470,0.5844076515870457
10471,0.5503321536312193
10472,0.5933810885774542
10473,0.5789884039830785
10474,0.635589066223403
10475,0.49610964490633547
10476,0.4791243459013427
10477,0.4686295498777934
10478,0.5581375795487726
10479,0.412637846783511
10480,0.544171145515751
10481,0.5273072880871791
10482,0.6813007507405626
10483,0.34964236993759873
10484,0.6084485733336351
10485,0.5478970103499716
10486,0.5506434318715635
10487,0.582314276992963
10488,0.47391112095825094
10489,0.6237665003941547
10490,0.4955720686641478
10491,0.5942323550415456
10492,0.521479300160582
10493,0.48999019321852477
10494,0.4433529770643969
10495,0.4741284533047056
10496,0.5301140103225994
10497,0.5528921753025211
10498,0.658079882818004
10499,0.43769705879125764
10500,0.49759407424868146
10501,0.5901724848202416
10502,0.45616054937649364
10503,0.5211799232159486
10504,0.6646194013756569
10505,0.3728138246714172
10506,0.44230322159519875
10507,0.45056111525560044
10508,0.4824937138620048
10509,0.44827653806845186
10510,0.7095695687870047
10511,0.4529800091893363
10512,0.6448212849338174
10513,0.5389752604237285
10514,0.48640681630135013
10515,0.48395866223904277
10516,0.49100846994101666
10517,0.35136085951819196
10518,0.5953268400806143
10519,0.7048806950485712
10520,0.575136298981008
10521,0.6338116870402468
10522,0.5235606867520631
10523,0.45502114968208146
10524,0.5589530850841877
10525,0.4268367601756011
10526,0.4300978010329205
10527,0.5393188964508628
10528,0.5632319013774263
10529,0.5256057558212148
10530,0.6486860138272332
10531,0.44308346217787
10532,0.45806394748056445
10533,0.5226715976900211
10534,0.29147549194945854
10535,0.5504197548531152
10536,0.5292694029049972
10537,0.5080238280166344
10538,0.5987978018130632
10539,0.4821327594624883
10540,0.5538685798140682
10541,0.40320026072176357
10542,0.37168495119138734
10543,0.5457777055063388
10544,0.42879106026370306
10545,0.4685857788137229
10546,0.5982501437821516
10547,0.7841855248035372
10548,0.6258372229364834
10549,0.5291244318749756
10550,0.4556136246322674
10551,0.5299831027057943
10552,0.5717871797798315
10553,0.5363103119461029
10554,0.3691653930607437
10555,0.6301405845555417
10556,0.42472828169488647
10557,0.5286797714990829
10558,0.3646170389091353
10559,0.3581767806511966
10560,0.3688552230069496
10561,0.5495948660800408
10562,0.6333898227945348
10563,0.6409053852565803
10564,0.5145696043384456
10565,0.5273838146720519
10566,0.5725259851925266
10567,0.6281271853959769
10568,0.5655289856251859
10569,0.5025523288337628
10570,0.4655999304380202
10571,0.28601322297470233
10572,0.613638936049566
10573,0.4164739311786626
10574,0.5216340909019356
10575,0.42100196903204484
10576,0.47246216095833604
10577,0.6639467163405319
10578,0.5211393042161085
10579,0.509194905299714
10580,0.6458385843950681
10581,0.661662210466011
10582,0.6185656992574046
10583,0.3708095750988628
10584,0.476944114808147
10585,0.5040528649912448
10586,0.4604103679135448
10587,0.6129599888185442
10588,0.38718187271786775
10589,0.5097589516640525
10590,0.512286844849111
10591,0.5059991742235148
10592,0.429825009500809
10593,0.4762558225388188
10594,0.5445087809348325
10595,0.46605624605073587
10596,0.4631662204021655
10597,0.5281205092597548
10598,0.400279141004036
10599,0.4681266772034196
10600,0.44090192453232396
10601,0.392706966060103
10602,0.4709548592326922
10603,0.6189151661167687
10604,0.48285407483781984
10605,0.40401075581115886
10606,0.5336546503307872
10607,0.5111234960462485
10608,0.5651385912726427
10609,0.5141815853749477
10610,0.36998738892874383
10611,0.5147609627277382
10612,0.6438208963454448
10613,0.560474004592239
10614,0.3003745705859472
10615,0.46135529403066927
10616,0.5566129259281059
10617,0.6516462914253119
10618,0.5337672132601918
10619,0.6015451970571357
10620,0.5504441425020945
10621,0.660566590525092
10622,0.5515551615527563
10623,0.5790889239875334
10624,0.4905979679014646
10625,0.547645952885307
10626,0.42780040720019175
10627,0.5274663767544645
10628,0.5803007956757551
10629,0.6375605725792872
10630,0.6352685406368215
10631,0.5207828759067031
10632,0.5540505031918512
10633,0.4260407296705455
10634,0.4751089343723013
10635,0.4400035984521874
10636,0.47517098148537595
10637,0.6331659705317918
10638,0.3826430463056174
10639,0.5203616297670304
10640,0.49319202470661955
10641,0.48916600235425767
10642,0.4581819639200693
10643,0.5942782155511342
10644,0.414920447630735
10645,0.3897786927746536
10646,0.5230575958452774
10647,0.5066059514230942
10648,0.4364078135933939
10649,0.5032291356856051
10650,0.5513938882450197
10651,0.4099756117538833
10652,0.5142351582912403
10653,0.5698190775699417
10654,0.5295334087845229
10655,0.5387356918981371
10656,0.5762252032487434
10657,0.5670564246215093
10658,0.4350446235538055
10659,0.5103022039690699
10660,0.4023092064881306
10661,0.47616352484790325
10662,0.40664093252402983
10663,0.3636643221856714
10664,0.420927357447511
10665,0.5328983794615934
10666,0.4583898465406358
10667,0.484547709177611
10668,0.5542759437179525
10669,0.5556986271423565
10670,0.5696599248665963
10671,0.5952942223471764
10672,0.40530422523524456
10673,0.3751885880689489
10674,0.4187192171950582
10675,0.5879879242693178
10676,0.6199083448140355
10677,0.4189845999176108
10678,0.612536334733117
10679,0.5566313405728684
10680,0.6681693774921742
10681,0.5359847054891629
10682,0.29740096791941706
10683,0.5525394698653481
10684,0.5430192170338746
10685,0.43663251917819634
10686,0.45088292642762606
10687,0.5231991096489406
10688,0.44391337975501155
10689,0.46392738613475965
10690,0.4434310563013937
10691,0.38392252224178525
10692,0.529532654799778
10693,0.5612149624572496
10694,0.7325172608834527
10695,0.52715925870796
10696,0.5977218130787746
10697,0.39520476012429395
10698,0.5340150819374572
10699,0.5433502682977013
10700,0.4955315343458321
10701,0.5002685473514638
10702,0.5521595680142096
10703,0.5975441782585819
10704,0.34495465192546126
10705,0.494866797386418
10706,0.6134377081943905
10707,0.4170743732342508
10708,0.44587737688962853
10709,0.5561543648730934
10710,0.27717491493970736
10711,0.5896736517141258
10712,0.6568493075798303
10713,0.3034346431991781
10714,0.6900660051455386
10715,0.5160568775696776
10716,0.377546424128135
10717,0.5167368715079372
10718,0.6606989717873972
10719,0.3644291274501169
10720,0.41281288167343744
10721,0.5287128647480657
10722,0.5263051074868769
10723,0.4955056667089699
10724,0.5149238139260408
10725,0.4047659033461575
10726,0.45314475436921886
10727,0.6213759894700823
10728,0.5270817247227265
10729,0.4791531741567614
10730,0.4923835314820703
10731,0.4493993057376172
10732,0.39237015853154583
10733,0.581638195533388
10734,0.6604506475765222
10735,0.3359736309638985
10736,0.5894935382969346
10737,0.5787963173566227
10738,0.41332488144411667
10739,0.41718255182517805
10740,0.4778645963322995
10741,0.6789926960624412
10742,0.5615168999492431
10743,0.4515254247543905
10744,0.39238406488704897
10745,0.5326581527874058
10746,0.6224430921252474
10747,0.6312706058974346
10748,0.5640528001140738
10749,0.4844661433157981
10750,0.3972458963072256
10751,0.5135702695533618
10752,0.5202881809984047
10753,0.7339059390155783
10754,0.48870854363462196
10755,0.4758755994885758
10756,0.5377794523657615
10757,0.5469872153075758
10758,0.5279004292698742
10759,0.8043855133163809
10760,0.5587407321137042
10761,0.4615164365967723
10762,0.5500510688113982
10763,0.6920411559266593
10764,0.5749581573095949
10765,0.48430533569938117
10766,0.5121539326697712
10767,0.4015851157930364
10768,0.6087011335587734
10769,0.710949097083479
10770,0.5909459145288083
10771,0.5250659431252666
10772,0.4908563982760392
10773,0.41135186468443496
10774,0.5440423367491289
10775,0.39724287587996276
10776,0.5316899859361337
10777,0.39954893824263515
10778,0.6324652089412498
10779,0.7158596544192743
10780,0.5864282418868831
10781,0.5689617070140119
10782,0.5607235440186408
10783,0.6078625323612554
10784,0.4346740762685536
10785,0.5195512955676473
10786,0.5736112403248431
10787,0.5329081942429968
10788,0.3904070075980537
10789,0.4717747680028739
10790,0.6418480153895898
10791,0.4916318444686238
10792,0.5295789366746287
10793,0.8016830539543565
10794,0.5130995859260491
10795,0.415566335356695
10796,0.40421021388985223
10797,0.4865128525019273
10798,0.6784231010905163
10799,0.4587256600817996
10800,0.5443640081430979
10801,0.6250701074541515
10802,0.4984188828417015
10803,0.505339461831836
10804,0.47181105359879033
10805,0.7730486582644367
10806,0.5279944219195107
10807,0.5185377591748432
10808,0.4668888525707649
10809,0.4251255057230409
10810,0.5061590704215299
10811,0.4441479728158245
10812,0.44926958224918756
10813,0.4023635160985711
10814,0.5682495868246241
10815,0.6284163904735689
10816,0.4744526159503546
10817,0.43094412749243216
10818,0.4567184892198327
10819,0.5784527813797836
10820,0.5883630455922317
10821,0.5808921336582396
10822,0.49799201041589564
10823,0.6310116389725046
10824,0.4509615904367703
10825,0.4236871279563672
10826,0.3529388817884635
10827,0.4987988110724375
10828,0.44471198194089023
10829,0.49516783646235696
10830,0.4582378021636813
10831,0.45802708847669305
10832,0.5352351478569389
10833,0.4838768313734079
10834,0.6474948731693237
10835,0.6901900195233179
10836,0.7811086219255622
10837,0.46047005021630355
10838,0.5280735610863716
10839,0.47876350865900386
10840,0.567875959135282
10841,0.49584281640794226
10842,0.5215256594532871
10843,0.6349829612739857
10844,0.49249308421335686
10845,0.8326284287115753
10846,0.4050908721439235
10847,0.5366129336595495
10848,0.5985550556074544
10849,0.4689212365850281
10850,0.6599855087049508
10851,0.7085689688447068
10852,0.7465753424743371
10853,0.5190415059966208
10854,0.35912974500830325
10855,0.568553483469615
10856,0.5773449705586617
10857,0.4957370106718976
10858,0.5086288276394343
10859,0.4984043211976547
10860,0.4514999117948393
10861,0.6665119704193071
10862,0.5221302523144642
10863,0.4237767271886399
10864,0.6045616566030019
10865,0.43166716008719397
10866,0.5527393907629188
10867,0.5629841668325029
10868,0.37780733761562363
10869,0.47372422147944804
10870,0.48388602368244166
10871,0.46477782982607113
10872,0.5124723475643348
10873,0.6281031472398032
10874,0.6280600003141376
10875,0.5111076062200162
10876,0.44345220503195
10877,0.5682462703723081
10878,0.5141374107715645
10879,0.4226119099447669
10880,0.5481326311208198
10881,0.4173420432920854
10882,0.4189006596532581
10883,0.4958396253474647
10884,0.6663732599861791
10885,0.5278797243536327
10886,0.4933021996974997
10887,0.4945823769839641
10888,0.44716622628215763
10889,0.5535961498236643
10890,0.6238224010438891
10891,0.4454033059601885
10892,0.4579035751985932
10893,0.3807443355853883
10894,0.47113532004114955
10895,0.4779738958551188
10896,0.7666215130566034
10897,0.35695414191430674
10898,0.5067713685196301
10899,0.5520399672576527
10900,0.5630761094223502
10901,0.5751424166472842
10902,0.5304121576453273
10903,0.34893888537939255
10904,0.5346331719110797
10905,0.583868235776839
10906,0.6164897070368309
10907,0.3459219580471884
10908,0.4566411463812137
10909,0.43444442760858226
10910,0.630113685227584
10911,0.4074738220707791
10912,0.5187778977381933
10913,0.5185030940668062
10914,0.7673378830368074
10915,0.6579620078207613
10916,0.6769929624525802
10917,0.5357268250711489
10918,0.6389626902051622
10919,0.4681642533599105
10920,0.5511893181348608
10921,0.40007856476317727
10922,0.655443941126252
10923,0.38833647255714104
10924,0.6124459807468237
10925,0.46173635112906
10926,0.5645738573463677
10927,0.39870929255214754
10928,0.4819244235453207
10929,0.5765011949289793
10930,0.5154893558924011
10931,0.6983985158643257
10932,0.3778296987438069
10933,0.4056389825421143
10934,0.3908814195587701
10935,0.4349859546481424
10936,0.6741304191929349
10937,0.5951802646612165
10938,0.42514279469412186
10939,0.7516642342805968
10940,0.5923678325443589
10941,0.3853171421123239
10942,0.417556993506231
10943,0.4077560070935557
10944,0.46848211796110517
10945,0.5375087560667049
10946,0.4653127241821782
10947,0.36804615433331833
10948,0.42506315877946954
10949,0.5007703268511458
10950,0.542317518387945
10951,0.38297139269544117
10952,0.3444751673076013
10953,0.7024308778135955
10954,0.4187780595896857
10955,0.5357974643709668
10956,0.3559618221974291
10957,0.64149215333418
10958,0.36985158708340876
10959,0.5980685057465459
10960,0.6440826318524145
10961,0.6207555009802594
10962,0.4826062422457462
10963,0.4472043844334464
10964,0.4920637251584963
10965,0.37707719273365425
10966,0.5395878751910522
10967,0.5549322905148933
10968,0.558473571606042
10969,0.549954014785262
10970,0.4027855018507256
10971,0.5558868429749222
10972,0.5098698703119574
10973,0.5433519297400081
10974,0.5168149690497804
10975,0.43152492908550166
10976,0.42947414485545415
10977,0.40993306529971657
10978,0.46724674784737064
10979,0.44604612881644623
10980,0.6133089154691405
10981,0.5109332637687092
10982,0.5031205054797494
10983,0.49978267327598
10984,0.4942269715662195
10985,0.3861033186929938
10986,0.3128902195090054
10987,0.3905951969104165
10988,0.5185887689979177
10989,0.6201057890646445
10990,0.37384789664143137
10991,0.530273730469759
10992,0.6389656929570486
10993,0.6975868460294743
10994,0.5975711326148987
10995,0.5397636972262806
10996,0.47008252151733926
10997,0.5991889061589832
10998,0.4664413408615517
10999,0.6836841365788472
11000,0.3778789764874112
11001,0.47296003037696677
11002,0.4376046696940534
11003,0.6855891746079344
11004,0.5125632173255554
11005,0.5064925478039314
11006,0.5144075640943859
11007,0.7086364324024136
11008,0.359820844541676
11009,0.5464756926350324
11010,0.5053983444266589
11011,0.3450101042634477
11012,0.5026917703631542
11013,0.5253627174717409
11014,0.43952661450258085
11015,0.39402862616525736
11016,0.5894852146403223
11017,0.35886192599872424
11018,0.7123814527432544
11019,0.7400370620480324
11020,0.653690364112621
11021,0.5057654272599871
11022,0.726343599884117
11023,0.7351086845351061
11024,0.4934883030636551
11025,0.6619471794542744
11026,0.4750273465363313
11027,0.4857769036142252
11028,0.3333489176394694
11029,0.4867085179440978
11030,0.47031100874506143
11031,0.5341498712144317
11032,0.4129534659224636
11033,0.5235114384982673
11034,0.43296704990228796
11035,0.5014447494358059
11036,0.42377466247000956
11037,0.6100165232621143
11038,0.49394036389096363
11039,0.4447508824184325
11040,0.5736052592972067
11041,0.4801653233775146
11042,0.49935638995126064
11043,0.5470964907338536
11044,0.3906775369651179
11045,0.3884368647615002
11046,0.5579160310649607
11047,0.5412175388461864
11048,0.5568303975156077
11049,0.5667605906152203
11050,0.5224711625825347
11051,0.5063694723609774
11052,0.554217067085253
11053,0.39521711181068203
11054,0.4512807601129155
11055,0.5694307917119401
11056,0.41137759232999854
11057,0.46699172101427416
11058,0.3582251174563291
11059,0.41709901787337067
11060,0.5253013553344272
11061,0.43607857039776454
11062,0.4769029354196356
11063,0.5650478358523933
11064,0.43380301419324285
11065,0.6410743240638997
11066,0.47926312518914366
11067,0.48761122510235755
11068,0.4559342594129101
11069,0.483906102805904
11070,0.5001855987895908
11071,0.5286449718835168
11072,0.5366037485138146
11073,0.45645167047746055
11074,0.4389358030849174
11075,0.4748689579583163
11076,0.5461287498126439
11077,0.5501851843470603
11078,0.662295130369285
11079,0.46676276309014614
11080,0.594939552883726
11081,0.5360342376831332
11082,0.4884519675021541
11083,0.4194114646022349
11084,0.3397235152052761
11085,0.5853283172175294
11086,0.7430991852851472
11087,0.7211511220671782
11088,0.41602149496568464
11089,0.5601076226449591
11090,0.43635473711807254
11091,0.41286712364640976
11092,0.48610117962195293
11093,0.45343805902021683
11094,0.46912216907824555
11095,0.5298585966283261
11096,0.6194742705744221
11097,0.5508960978978935
11098,0.6052354521808407
11099,0.5267480455961338
11100,0.46217120240553206
11101,0.5201938207575758
11102,0.595658912213994
11103,0.39194788231561056
11104,0.551296576469442
11105,0.5368452297324955
11106,0.5243341500794931
11107,0.41465784074550777
11108,0.5493359653830435
11109,0.4494646649851682
11110,0.3815330618018503
11111,0.5023919573540493
11112,0.2991465448254314
11113,0.3970536464724434
11114,0.6316913084211286
11115,0.4531908953963061
11116,0.48108841703936917
11117,0.6291789696119942
11118,0.517819561684459
11119,0.4471069026867256
11120,0.45222110187661824
11121,0.7333714623596262
11122,0.48672743523549694
11123,0.6189404744135324
11124,0.63767506199371
11125,0.4005437159367208
11126,0.5086849342336507
11127,0.5806864106367344
11128,0.4657861837487072
11129,0.6151081892138183
11130,0.4474155268087723
11131,0.5162673642605248
11132,0.563537672204152
11133,0.5965719759071196
11134,0.5026256816844006
11135,0.4941674232573902
11136,0.3853368879504615
11137,0.4929205160087784
11138,0.5169708514501445
11139,0.5170683199102186
11140,0.5577892050740886
11141,0.5928233865306004
11142,0.42938279858468453
11143,0.7170634162697369
11144,0.3609690442110815
11145,0.5017708002287865
11146,0.667234283489167
11147,0.4826997939600974
11148,0.6274006187147488
11149,0.48933941338902953
11150,0.5424781711048545
11151,0.5203732871564257
11152,0.4967710362178985
11153,0.6109161606978643
11154,0.43002198792022484
11155,0.3331030857836448
11156,0.5164161007461825
11157,0.47592157218986075
11158,0.48654647323048006
11159,0.6167698086086048
11160,0.6954812651305131
11161,0.4100422695342003
11162,0.3550168804446048
11163,0.4093448545969165
11164,0.4805105806134373
11165,0.4113928664422003
11166,0.46413250854004773
11167,0.5642337638835733
11168,0.5175820436388422
11169,0.5736005802520963
11170,0.4505826270955914
11171,0.5467085739278611
11172,0.5144576530141659
11173,0.49778584031162626
11174,0.6363300609747187
11175,0.5080576482450669
11176,0.4532671979577343
11177,0.6401796237842966
11178,0.483141212322802
11179,0.6139320732606105
11180,0.4157279879769074
11181,0.4652185934175359
11182,0.5867951816985167
11183,0.4592302755747245
11184,0.36451527984582666
11185,0.5829273461142114
11186,0.5248131073181441
11187,0.3549555486122691
11188,0.5383850793646
11189,0.44200010444510285
11190,0.4539155064660908
11191,0.4268764846787487
11192,0.5809770757634639
11193,0.45099603729856574
11194,0.5035255955749317
11195,0.6078372347209902
11196,0.5191645295481423
11197,0.5405766992533291
11198,0.6179912574101204
11199,0.5501528436823526
11200,0.4100377407273361
11201,0.5588324807801772
11202,0.5483339379361432
11203,0.5717550152881056
11204,0.45889279839277614
11205,0.390129227926487
11206,0.6482664774040794
11207,0.5521708108293716
11208,0.6605729114327886
11209,0.5669538087362778
11210,0.44511346456206424
11211,0.5434406063560647
11212,0.3685364860202457
11213,0.5341038590544467
11214,0.4723859833543468
11215,0.714916163189198
11216,0.7009731577883841
11217,0.3881746192495077
11218,0.43246361630900665
11219,0.40855112755434486
11220,0.5811855256291527
11221,0.48396093379546223
11222,0.37963246197580947
11223,0.6388737162249681
11224,0.5029980005027054
11225,0.5940665661646618
11226,0.4170695062370451
11227,0.5366788326444084
11228,0.4645022597438072
11229,0.46660587429710054
11230,0.4537323537059258
11231,0.46445154953990725
11232,0.5958698043011627
11233,0.5380769811176177
11234,0.45900175368448115
11235,0.5276606848985127
11236,0.6302282391260815
11237,0.7508750307198772
11238,0.48099203279069097
11239,0.6025681408754475
11240,0.4512028630614499
11241,0.4097191486353317
11242,0.4029422595645124
11243,0.4752363802183792
11244,0.7809925764568542
11245,0.3942630979573037
11246,0.48179080226377985
11247,0.3168239633190768
11248,0.4719526654142797
11249,0.5244887559061597
11250,0.3858396755368533
11251,0.5193517884030057
11252,0.41729938544362755
11253,0.5425737736292515
11254,0.42426819446608866
11255,0.5134409495513619
11256,0.38636558093370593
11257,0.2714870645120378
11258,0.5166410614151461
11259,0.5281567384527772
11260,0.5024547428531384
11261,0.523810698387955
11262,0.47988376858137016
11263,0.5446665883065656
11264,0.5712273791486023
11265,0.5076927757347359
11266,0.5166263414431692
11267,0.4608263108236018
11268,0.4189197962611116
11269,0.4242426455207787
11270,0.47929703791998823
11271,0.6301431872385648
11272,0.3815460964917927
11273,0.49701238900762185
11274,0.46159023569534424
11275,0.4342827336623222
11276,0.49296361415979634
11277,0.6851519469799604
11278,0.5282965112370864
11279,0.47175901195674597
11280,0.5877976808781863
11281,0.37496923989710035
11282,0.5629172831304861
11283,0.6911122202119754
11284,0.5471282081891701
11285,0.6746167075735435
11286,0.4531624970332866
11287,0.687359709142081
11288,0.5527207736628523
11289,0.44753556090638935
11290,0.5401296360112265
11291,0.5033453903059528
11292,0.5503447938593636
11293,0.5614990604182417
11294,0.32186149546612464
11295,0.40368191622302596
11296,0.5110732227467017
11297,0.4781222061374013
11298,0.5241089109447752
11299,0.4169965366321005
11300,0.5306234409107753
11301,0.5302650284624341
11302,0.4454704946894189
11303,0.46224322590124206
11304,0.5461119035356617
11305,0.5622876308356096
11306,0.3349715730780586
11307,0.4177329332237876
11308,0.5425610625224457
11309,0.6723683972575177
11310,0.46039085728756507
11311,0.5116054044805143
11312,0.6063449076526001
11313,0.5158607701579623
11314,0.4784835634671968
11315,0.5088702533038197
11316,0.43630896282387177
11317,0.6170865589375691
11318,0.5293670675070324
11319,0.5073756910855183
11320,0.529731656182721
11321,0.5005171895881011
11322,0.4973376463523782
11323,0.4491220116651755
11324,0.607381277628104
11325,0.5521250170857264
11326,0.34336940208696864
11327,0.6325053915046637
11328,0.5970479314612714
11329,0.43579633697415443
11330,0.5285215754796418
11331,0.5385888855352947
11332,0.4715910896753908
11333,0.3581887749538894
11334,0.49730718896967296
11335,0.5896403231197903
11336,0.5561270005713677
11337,0.40569735536720425
11338,0.35435259302100497
11339,0.4837643984670097
11340,0.5072018617356613
11341,0.6170854641768568
11342,0.5460539549751124
11343,0.6821898982924939
11344,0.4119160905089791
11345,0.4108263178915367
11346,0.5096305528465365
11347,0.4897287699455122
11348,0.404970111673494
11349,0.4733733587210312
11350,0.5688189658071359
11351,0.4917062686583193
11352,0.6738565815585525
11353,0.547132198119064
11354,0.48074766327626295
11355,0.5159453862048815
11356,0.3751314519704195
11357,0.45137752697856737
11358,0.5331082904352639
11359,0.5035438354185485
11360,0.48446560521457915
11361,0.3945513564794676
11362,0.40574590138159017
11363,0.6095260183457502
11364,0.5307340648617587
11365,0.5594785741849633
11366,0.5364931746035324
11367,0.4817362641617111
11368,0.41144144152100554
11369,0.5024206551583724
11370,0.5741867734271433
11371,0.4729439322707424
11372,0.8049118943941586
11373,0.4790528999397977
11374,0.27387306418028967
11375,0.43667808903149863
11376,0.500562449464584
11377,0.45135850846028425
11378,0.38522204424699746
11379,0.5576453646541772
11380,0.4762959782953741
11381,0.48231440902916367
11382,0.4695604558389422
11383,0.4734881728924066
11384,0.40751418144784846
11385,0.5094675092328955
11386,0.45866622354384706
11387,0.5815247823202679
11388,0.5869539479666244
11389,0.5208925243442669
11390,0.4843233191079603
11391,0.5404204985520795
11392,0.48289700846104977
11393,0.5469862084553101
11394,0.4281438853832663
11395,0.46708321965969485
11396,0.533452940042238
11397,0.5020221516562023
11398,0.49458370770761795
11399,0.602074205481389
11400,0.6305037359062899
11401,0.5659170656215847
11402,0.4823929581962569
11403,0.5756280694112771
11404,0.4651101107169652
11405,0.5764317941297561
11406,0.46161306026041016
11407,0.38738789377344435
11408,0.4066373259585755
11409,0.5126876071038838
11410,0.588750339341667
11411,0.5448489387386524
11412,0.5872773378628752
11413,0.39892710985791746
11414,0.5146546227613579
11415,0.5496481193065231
11416,0.4514775320265018
11417,0.5097792926966042
11418,0.6728948438582265
11419,0.4217096850953054
11420,0.4762417545841274
11421,0.45738613512118376
11422,0.5612493437798857
11423,0.2897901092219257
11424,0.47256001013720605
11425,0.6707828265187844
11426,0.4913078920686606
11427,0.5095836943768834
11428,0.5962907948175995
11429,0.5076863301136867
11430,0.45874684985902525
11431,0.4999494562881472
11432,0.3757293601067765
11433,0.6129013884519505
11434,0.4326051780257252
11435,0.6127741847878485
11436,0.6354744643783142
11437,0.5559809635551428
11438,0.545988289594879
11439,0.6370614347922586
11440,0.578728170971352
11441,0.620735169024529
11442,0.49360891455282296
11443,0.5534542429215215
11444,0.5531103489488968
11445,0.3872667872234503
11446,0.6056369803194515
11447,0.5327972458824635
11448,0.6499553530854242
11449,0.7026704041411233
11450,0.65653065326546
11451,0.4306520972486135
11452,0.38285665695040816
11453,0.45548431426363284
11454,0.5817551337290736
11455,0.519679596753712
11456,0.39300519037386566
11457,0.5490047424445175
11458,0.4050911143916659
11459,0.5647066594858442
11460,0.5874431264985774
11461,0.32961759641524724
11462,0.4776386394763695
11463,0.7466825034698515
11464,0.446741642216276
11465,0.5146048778507238
11466,0.5024620541525024
11467,0.5600708849359581
11468,0.5446458447550013
11469,0.43239823979261993
11470,0.4691390617129254
11471,0.4671445924946258
11472,0.4715777832391632
11473,0.3839267537000913
11474,0.6699074310736914
11475,0.582579261625503
11476,0.46553475230422686
11477,0.5621347319797854
11478,0.4696318773106565
11479,0.543186410986682
11480,0.4873347690226365
11481,0.5322277507071068
11482,0.4788679708856773
11483,0.772123209604421
11484,0.632237486407813
11485,0.5314878293879401
11486,0.5999627000359293
11487,0.3458224413617918
11488,0.46274449033105264
11489,0.5276581576948555
11490,0.5592181411106815
11491,0.47704387871507326
11492,0.4239399618699914
11493,0.41233959905526507
11494,0.46829827583497186
11495,0.4851671509409321
11496,0.5470643860320953
11497,0.724453647869973
11498,0.474312380832971
11499,0.46143000408872326
11500,0.5370044982360465
11501,0.4511490155199252
11502,0.38774802414435006
11503,0.508769754030784
11504,0.6617569781639203
11505,0.41883627711034443
11506,0.5602920157646386
11507,0.6691977147985335
11508,0.46823349550226534
11509,0.6706386680088176
11510,0.35499337454357105
11511,0.46155044203050344
11512,0.5471814258644107
11513,0.5310732295076137
11514,0.6801901641887457
11515,0.42961835805520954
11516,0.5148496155535103
11517,0.5631139830297829
11518,0.4832191438944756
11519,0.4201376038730287
11520,0.4994055102316761
11521,0.5280921234294226
11522,0.6598236162922371
11523,0.3682724030908516
11524,0.5109127446142497
11525,0.7333323921051812
11526,0.4163364795221542
11527,0.5945936660688945
11528,0.6074786973732007
11529,0.5687571348310241
11530,0.5112222066111874
11531,0.4551726030238829
11532,0.5425156660847008
11533,0.46326755758942934
11534,0.5759374981309389
11535,0.5133220316839106
11536,0.5167714457988254
11537,0.5218993125048709
11538,0.41503905331203683
11539,0.4304082084252756
11540,0.3873634114012526
11541,0.5602217087053571
11542,0.47751162833160965
11543,0.4622288890642645
11544,0.4527501422764371
11545,0.5395752931878066
11546,0.41873328489379286
11547,0.5765493810138074
11548,0.533598422850987
11549,0.4895686474427747
11550,0.48675656309812054
11551,0.48398196697291235
11552,0.5758986884351841
11553,0.6141112374649483
11554,0.4579295372997297
11555,0.4580280999198234
11556,0.5788179491888538
11557,0.4052558683355877
11558,0.3939977028435992
11559,0.5834661399245737
11560,0.41746304284792946
11561,0.4601276650041882
11562,0.6947177751543667
11563,0.616450113993571
11564,0.6037229566277007
11565,0.5781577926988813
11566,0.5452311203650355
11567,0.5215141834756463
11568,0.5347824938354605
11569,0.6773211798338868
11570,0.5332481508851121
11571,0.561662508435559
11572,0.42010829477156275
11573,0.5755067632843223
11574,0.4838187418635233
11575,0.44282412833439927
11576,0.7901792760451468
11577,0.46184440094476087
11578,0.6293929224317905
11579,0.49831534305109115
11580,0.43818141851236714
11581,0.4461905722473747
11582,0.4651667984928721
11583,0.5267176146794158
11584,0.5563382219845928
11585,0.4617999940884759
11586,0.36087331034761466
11587,0.48757580900185604
11588,0.4177684737763803
11589,0.3730151486434572
11590,0.3929753636784965
11591,0.5058210241564413
11592,0.4754960178357012
11593,0.496475321063417
11594,0.48274156749750047
11595,0.5469991795017617
11596,0.5333916042561105
11597,0.49954770666233783
11598,0.6147823543075353
11599,0.5064177264733429
11600,0.4717447999793975
11601,0.6487382791061206
11602,0.40288954404778704
11603,0.5943065775930249
11604,0.3717274108759807
11605,0.4727989420546268
11606,0.40242305153841385
11607,0.5268329413776345
11608,0.48599876397908476
11609,0.5983025239827785
11610,0.5763046662543662
11611,0.763959552539329
11612,0.4653988883919835
11613,0.3801726025883069
11614,0.5357875360008412
11615,0.6282120309512206
11616,0.5651212377666619
11617,0.36788357673493155
11618,0.5733533852208723
11619,0.5252472798691582
11620,0.43530608432356066
11621,0.5620581330052863
11622,0.5478582000476937
11623,0.609186830947509
11624,0.4136449354353105
11625,0.47497715220256853
11626,0.4135279996051745
11627,0.4566708735186761
11628,0.6232207102626054
11629,0.5080610125835152
11630,0.47300594183421724
11631,0.5873114958926905
11632,0.39258371408742354
11633,0.45683544755770805
11634,0.40074771090742445
11635,0.43359863037351004
11636,0.528306556760054
11637,0.6315335526994449
11638,0.45445542368418146
11639,0.5699169698778802
11640,0.46727488620763985
11641,0.37029638801887566
11642,0.5749491933329417
11643,0.7088468053653243
11644,0.32206177063900654
11645,0.722006007325247
11646,0.44416709933969245
11647,0.38546059121713466
11648,0.5065530480219153
11649,0.6282469277143646
11650,0.5024349990407498
11651,0.5110202442696204
11652,0.7944070380867836
11653,0.4614186137270392
11654,0.631714840222271
11655,0.6571226105278432
11656,0.5680916094920995
11657,0.5116010190987946
11658,0.45182696023922936
11659,0.5773296599932711
11660,0.6263728608227247
11661,0.48678883571241627
11662,0.5282216584853688
11663,0.5477220773338819
11664,0.5941796545365858
11665,0.3914545845634405
11666,0.471519457060656
11667,0.5433254656992758
11668,0.5217950185914341
11669,0.4599598789464
11670,0.6189766373130645
11671,0.41682655078219333
11672,0.5813801631114719
11673,0.4541904574025349
11674,0.25757156277055465
11675,0.47199444654070477
11676,0.5861041247143646
11677,0.5334251726386764
11678,0.5215443549273012
11679,0.5593626386387409
11680,0.5503066931595747
11681,0.5245201162729843
11682,0.3209903057609567
11683,0.5312639648577883
11684,0.4419835572195421
11685,0.4966395052990234
11686,0.5509074275836354
11687,0.44068608983901025
11688,0.4425691031266662
11689,0.5032468851949514
11690,0.632004608722639
11691,0.5082904861963881
11692,0.6892903518916466
11693,0.3259008910882194
11694,0.567221608776749
11695,0.44800457329695154
11696,0.4581855983782043
11697,0.6198426230187494
11698,0.5322079513419261
11699,0.5297202295630912
11700,0.377492986327719
11701,0.45274644162512356
11702,0.41457197743417346
11703,0.5742586153753575
11704,0.5856865556624093
11705,0.5699920735357563
11706,0.44072579876205265
11707,0.41621342651232773
11708,0.4026529711346443
11709,0.49144174784928807
11710,0.45054355667000284
11711,0.3404368875018583
11712,0.44240896458286355
11713,0.47611873178765957
11714,0.5064585036734149
11715,0.6174861369915081
11716,0.630820585917068
11717,0.39046989012503824
11718,0.3982026789346574
11719,0.5501902990559522
11720,0.4728313166704651
11721,0.5165878188173673
11722,0.5386065341765996
11723,0.519665313151145
11724,0.49562398672208696
11725,0.5412918073670087
11726,0.5690747241125653
11727,0.48752920357657586
11728,0.3915458379090766
11729,0.49560353761764575
11730,0.36108860305066937
11731,0.5943079679818111
11732,0.4644587802280735
11733,0.5403530293383779
11734,0.4420056747055866
11735,0.6434142909642292
11736,0.6190503816720544
11737,0.5128909404798765
11738,0.516822518722584
11739,0.6351093576016893
11740,0.38785400996924313
11741,0.39787275373764835
11742,0.6381003818282663
11743,0.588120124908023
11744,0.4729575626437496
11745,0.685293152569429
11746,0.4315706834127333
11747,0.3410368554992001
11748,0.4717899600463318
11749,0.507187256239288
11750,0.38535513037567004
11751,0.3524308692196841
11752,0.5297046626820117
11753,0.4615926962610516
11754,0.3960705895838158
11755,0.5679980670064815
11756,0.4175905085967488
11757,0.6949553730805742
11758,0.5866010217602288
11759,0.5244733884285743
11760,0.4587263177720139
11761,0.43925690789472543
11762,0.5099532568473816
11763,0.4845965771285504
11764,0.5053058757600489
11765,0.3424705655368379
11766,0.3700104824950322
11767,0.36850291150267733
11768,0.6565505197364244
11769,0.3458809453710664
11770,0.6675289196161803
11771,0.5603698704585133
11772,0.48652113195758756
11773,0.4538237746040856
11774,0.6835818207901925
11775,0.527056665304946
11776,0.39618099440798143
11777,0.39436192558542055
11778,0.35951920140865523
11779,0.5264502039578526
11780,0.7181307571338728
11781,0.5000784801509877
11782,0.4612621573062084
11783,0.39963219128820715
11784,0.4006120667822224
11785,0.4639488971466
11786,0.5318000729853269
11787,0.5642972617203846
11788,0.5233837515762108
11789,0.5182483959547465
11790,0.30045866844054814
11791,0.4213466125048836
11792,0.5168765543817032
11793,0.6258196025707708
11794,0.5158411356480359
11795,0.445839978157657
11796,0.47448202452710875
11797,0.47946499971052653
11798,0.800312211770509
11799,0.7135307693621151
11800,0.3984631772141126
11801,0.38395204215284606
11802,0.5536539764007907
11803,0.5190227726514631
11804,0.4682437267710113
11805,0.6188063695414325
11806,0.4420310317330601
11807,0.5936468087787483
11808,0.5205970823479821
11809,0.49739192278877437
11810,0.5020849830292256
11811,0.6421359376408213
11812,0.29986071406453974
11813,0.5479623705635
11814,0.4190571419697705
11815,0.46792785043574947
11816,0.5203216529946246
11817,0.44896823538410313
11818,0.4637350442216292
11819,0.5388782682454152
11820,0.4988064586145745
11821,0.3937675559227394
11822,0.5750994457747386
11823,0.5778157328964781
11824,0.5092698016784858
11825,0.49990398882267195
11826,0.3967965643520026
11827,0.4656040082715172
11828,0.5687452810976401
11829,0.48546555718540674
11830,0.45472548840273597
11831,0.6056853226288965
11832,0.45645917435376365
11833,0.565001438512172
11834,0.47663926404039075
11835,0.4785014137765225
11836,0.7330474949318418
11837,0.36075254045850913
11838,0.3372485463634242
11839,0.48792111460209175
11840,0.37384238603478026
11841,0.28719900215925886
11842,0.6016876561930257
11843,0.5102336601835716
11844,0.5234165585472916
11845,0.4611567843225991
11846,0.564884258163307
11847,0.4376135259315529
11848,0.5709613477588715
11849,0.47965207645561025
11850,0.6085013373582843
11851,0.5891135245292689
11852,0.5667019336158661
11853,0.5369923768927661
11854,0.4564978573533313
11855,0.5193356518414972
11856,0.5344689239547892
11857,0.493087962875027
11858,0.49967529748136696
11859,0.4860111331411798
11860,0.44354673624578966
11861,0.4321494052583964
11862,0.5768049883770204
11863,0.38470474709371866
11864,0.5699312867166553
11865,0.6196401472006273
11866,0.41898332234993085
11867,0.4447274816986274
11868,0.5170446346202711
11869,0.5092003493635195
11870,0.5319738551641373
11871,0.4895692448513212
11872,0.5493682367832025
11873,0.45053299272867126
11874,0.6676607685407848
11875,0.4467746402821785
11876,0.5003663763296761
11877,0.6076645688304917
11878,0.5484690557400704
11879,0.5464087689901171
11880,0.5591276664818419
11881,0.3244404634285523
11882,0.47310918470572244
11883,0.5423774042012475
11884,0.5176171505621795
11885,0.3638059304323912
11886,0.5847957829139927
11887,0.4811551785466446
11888,0.672776430315845
11889,0.6156986988707817
11890,0.5578670089247303
11891,0.7420041591949029
11892,0.43834383697667023
11893,0.4789979777852944
11894,0.6411594566755486
11895,0.532803989479897
11896,0.6701071058718332
11897,0.49158834201995116
11898,0.6243729917634195
11899,0.47917958930898974
11900,0.4742557225661139
11901,0.59416069548934
11902,0.42862349306062275
11903,0.4041105198758639
11904,0.6729532261863524
11905,0.5868641010760907
11906,0.5585309649022965
11907,0.540978180977778
11908,0.2782257343226729
11909,0.5278533480403952
11910,0.4542624577997748
11911,0.5265232575980189
11912,0.5547567027720266
11913,0.23948474283415805
11914,0.5337291310843368
11915,0.4683860220759919
11916,0.4681325427056962
11917,0.4945609696319026
11918,0.46767702151278423
11919,0.44528271876200504
11920,0.5175702017274395
11921,0.47618046873959863
11922,0.5213107601518866
11923,0.7519127619104804
11924,0.4185455736225418
11925,0.4668512409498876
11926,0.6207428080957651
11927,0.46363268141657477
11928,0.4983706213833909
11929,0.5502202189229458
11930,0.4504564059916025
11931,0.6561799382983142
11932,0.5791294928510128
11933,0.3550764337363491
11934,0.4597096211092714
11935,0.4469847118062209
11936,0.7415459184403633
11937,0.5911989824290411
11938,0.6908508227636903
11939,0.48407978426155385
11940,0.4770201521638697
11941,0.5953109761002319
11942,0.44065981816074135
11943,0.7872655069512676
11944,0.5855776387151961
11945,0.5544198083033899
11946,0.5278081399129274
11947,0.4275421327850978
11948,0.44288071579668054
11949,0.3079855434249823
11950,0.5180558547016761
11951,0.46756501894403946
11952,0.5994673818254793
11953,0.5930266148977228
11954,0.5008371881123961
11955,0.5200337341030995
11956,0.38293069049012984
11957,0.6225161904119099
11958,0.46892593269864635
11959,0.6598081737847958
11960,0.5332936507409981
11961,0.6515657542052865
11962,0.5544372330966248
11963,0.5352796090217206
11964,0.538836844892086
11965,0.4102345404772716
11966,0.43994066928636993
11967,0.5028432307552428
11968,0.3973185542458532
11969,0.45961124981192075
11970,0.4916290207078985
11971,0.46448310102816803
11972,0.5450157404844534
11973,0.6698179590998978
11974,0.5180161615619985
11975,0.5022412922321511
11976,0.5373841186948298
11977,0.5468028930521043
11978,0.4260778605325022
11979,0.6910628007623993
11980,0.4284597299192713
11981,0.44624739919933587
11982,0.44582531763666955
11983,0.579894504559737
11984,0.5854855168469693
11985,0.46123180401987457
11986,0.6776895813535929
11987,0.5128864193074117
11988,0.5666084659396547
11989,0.5354297988995577
11990,0.30504544967994635
11991,0.4631226600205056
11992,0.4317363556711117
11993,0.538184183504719
11994,0.5044693847196527
11995,0.5578550856455061
11996,0.4544294689898408
11997,0.5998610813808215
11998,0.4286785638088355
11999,0.5545900813125059
