id,efficiency
0,0.4145071539513956
1,0.5656773839205232
2,0.5270809133121745
3,0.4641174364160726
4,0.4790427519275399
5,0.6701450681059651
6,0.6016188499186178
7,0.49668933990284975
8,0.46815200598749246
9,0.448144013178707
10,0.6149552945446003
11,0.4005844531113254
12,0.612904787813956
13,0.7494111267367766
14,0.5601103559641091
15,0.5022678882765454
16,0.3755265070608845
17,0.3738689077540842
18,0.6792573182813226
19,0.5472609693327277
20,0.6058625012560299
21,0.5155498795743859
22,0.6542128552268933
23,0.47686608152153387
24,0.5818546581774073
25,0.4032681507762942
26,0.6220747232491483
27,0.6439393665040009
28,0.4922918333521874
29,0.507314109970686
30,0.6441489691085531
31,0.6535384477337812
32,0.42704493988516123
33,0.5041532533121655
34,0.6618575500393601
35,0.47221852896094646
36,0.507710202474558
37,0.5216771051647598
38,0.4116509070102573
39,0.4679849034575172
40,0.46024406156566217
41,0.6348458355414056
42,0.7789636108858833
43,0.7065509205111956
44,0.5991713698428329
45,0.6560833010190052
46,0.5751097834756931
47,0.6329774940022462
48,0.7385786351823151
49,0.6841264712653468
50,0.5596430423602524
51,0.49789126774678016
52,0.6212061622678743
53,0.5891862740354676
54,0.4919809007983921
55,0.46746690368666544
56,0.665400086087527
57,0.36099509765409843
58,0.4066701710566539
59,0.5037112727153334
60,0.48987698395826457
61,0.4539870610232871
62,0.5818990677278839
63,0.5837379547081686
64,0.5233885932888896
65,0.8120206773945751
66,0.47799604447453975
67,0.7074713586375301
68,0.389708051387218
69,0.4486225319287059
70,0.6674183537145366
71,0.5765713015444723
72,0.43992338166301087
73,0.5651689741923936
74,0.4640332917900732
75,0.5328145860882686
76,0.4729454264527254
77,0.4324619443928546
78,0.4474011030393094
79,0.40847454452859217
80,0.41287078206210537
81,0.44421263237780495
82,0.6708886276103924
83,0.6622216083882966
84,0.4094809318175028
85,0.7369672632739583
86,0.6509894625701563
87,0.5323066069673068
88,0.5607470956508719
89,0.46067101354395446
90,0.618127677121542
91,0.720780959941535
92,0.5524790242497746
93,0.5851634569995156
94,0.5337521600768937
95,0.4398839578530788
96,0.6646616827110123
97,0.37238003732159686
98,0.5636156241649103
99,0.851871719609
100,0.5095937766944657
101,0.6804389714724739
102,0.5198122523043996
103,0.49357516349061603
104,0.4545534380825324
105,0.5769758574561956
106,0.6235794058018937
107,0.429982748734538
108,0.5002574258019482
109,0.6455069167818708
110,0.48275104994548557
111,0.6629948060588042
112,0.6037950750115942
113,0.41667237162717674
114,0.5409769302678176
115,0.6150219512453308
116,0.427308772958617
117,0.6784091691766804
118,0.40232038970246337
119,0.31777967564552534
120,0.5782994106371687
121,0.5456150565174012
122,0.3769636839537872
123,0.4272466699312154
124,0.6398149659088972
125,0.49101386078509357
126,0.5265407738927528
127,0.616722198813586
128,0.6030828731427473
129,0.632177886373802
130,0.39045950560303944
131,0.4728972156998415
132,0.6622569825084683
133,0.5766723587271476
134,0.48229279109847206
135,0.33953123049332967
136,0.5901962821234604
137,0.656678795068825
138,0.6494009280152845
139,0.4481888135962831
140,0.47841561948279704
141,0.5214600864767381
142,0.4786797765168249
143,0.47398003434542424
144,0.5181122875207986
145,0.45235676987086815
146,0.5274561023948154
147,0.4661786316343673
148,0.4715151652944959
149,0.5524204731027171
150,0.4978097505157224
151,0.535803618565523
152,0.39938214435477926
153,0.623497201997088
154,0.5510459789340107
155,0.3743922734566834
156,0.5342219533208659
157,0.5598491125732313
158,0.3148400758515072
159,0.4727424303332534
160,0.5417774987935691
161,0.5174807538951082
162,0.8803441658177256
163,0.5969401769989513
164,0.7079144637610677
165,0.75014585353592
166,0.5754418580598343
167,0.4487361237843253
168,0.4432951578551607
169,0.4734314074622986
170,0.6098615680369285
171,0.5196118811450746
172,0.6072700528353434
173,0.6735205338048955
174,0.5910469960224652
175,0.4179857784933673
176,0.5013054023427146
177,0.6270623320221923
178,0.524932230355727
179,0.5623658919137284
180,0.4739623637721294
181,0.5781509078430259
182,0.3972998315097542
183,0.47410318208535035
184,0.6124787453578646
185,0.35871973452194517
186,0.5014079941643445
187,0.3932885950977955
188,0.5336560577775068
189,0.4175780107883247
190,0.5459473559465332
191,0.6711943461485681
192,0.47600189851840635
193,0.436644942172673
194,0.6108550954224354
195,0.3994687889304268
196,0.497018212382145
197,0.6616240051007078
198,0.7040081512293588
199,0.5879793568337701
200,0.6291562956867538
201,0.5059928962566848
202,0.5057606711488877
203,0.5586504465340087
204,0.5582638964924496
205,0.5124710706823145
206,0.5447872943697869
207,0.44859970921594394
208,0.32256857709938197
209,0.5823065210636748
210,0.3968384917583746
211,0.5487698857851958
212,0.41196343332304436
213,0.444968887775984
214,0.4537977118376415
215,0.531249739879008
216,0.42808688834620445
217,0.43096022879257917
218,0.5518687160630635
219,0.5300261692261787
220,0.6024572575735244
221,0.4489120785843592
222,0.49978029752941505
223,0.6947481158425368
224,0.45971153935155906
225,0.5742685398976749
226,0.36909042347355775
227,0.4455628483200552
228,0.6412693193138597
229,0.49407976440525314
230,0.6769482793726475
231,0.5751809078167548
232,0.5537561544080937
233,0.6114163264581033
234,0.415941419231513
235,0.42416409528239807
236,0.4375638939510308
237,0.6344420171365119
238,0.4568753636813653
239,0.5710573632485584
240,0.6129229263313829
241,0.5228274306003011
242,0.6786554293692009
243,0.49855081260017314
244,0.5017512112802588
245,0.6545223815436071
246,0.6888744839251814
247,0.6544860664312057
248,0.4678455214120151
249,0.5378799618745019
250,0.42914412191200046
251,0.5464528139720748
252,0.43749546277426765
253,0.5451477491146379
254,0.5086022324050565
255,0.45167897678948205
256,0.4652399684559323
257,0.6073017871892961
258,0.662280126725837
259,0.6690783475427409
260,0.5078011952106294
261,0.4844149573327512
262,0.35240696116549897
263,0.6537223413358781
264,0.2665491454996831
265,0.4929108712938153
266,0.44941009077511207
267,0.513263339213016
268,0.5592404120759643
269,0.8065494563414644
270,0.650384425889108
271,0.4790063868671269
272,0.6952315976787656
273,0.5261671572601647
274,0.49923290592103714
275,0.3704088314685279
276,0.5658565263278439
277,0.50008755333674
278,0.563895303303671
279,0.5188973777150818
280,0.4103754374989026
281,0.48884659468433905
282,0.47566724087988443
283,0.7005019546645498
284,0.41397078072837185
285,0.5135801214322765
286,0.4458041131661643
287,0.4236833524726825
288,0.40692226512352225
289,0.546071739335541
290,0.5820567120728414
291,0.6143367582517946
292,0.34849882243471586
293,0.4981664768288714
294,0.47148656088688
295,0.5902337031636169
296,0.5570047809529192
297,0.5645106422659448
298,0.4047905437186816
299,0.6624352529577386
300,0.44284766149243204
301,0.48386944664723486
302,0.5077564430226336
303,0.5571532352236973
304,0.5599084148035558
305,0.3688667227416056
306,0.47960845552229
307,0.4564753251868454
308,0.6957343351066126
309,0.4808650602482108
310,0.526108645270281
311,0.40119290349978465
312,0.5621760160431178
313,0.5025618759693968
314,0.45208865108974805
315,0.464858309335494
316,0.4354642806628183
317,0.5107534475904492
318,0.36593087802813223
319,0.47899319753243863
320,0.557451300861078
321,0.5664433777118338
322,0.5949256905802354
323,0.38339946425707194
324,0.5269587466410809
325,0.4537627485807115
326,0.6793509305582817
327,0.5271621960517566
328,0.48036303363541943
329,0.4102598127227761
330,0.6630076483813407
331,0.4874204705355524
332,0.5169416370212605
333,0.5739620771910253
334,0.4885193548869937
335,0.6012271014966903
336,0.4552442162766296
337,0.48344977420304175
338,0.5392623055550605
339,0.509280064253165
340,0.5370733091999061
341,0.43529560400360623
342,0.6112437465455531
343,0.5372017850520717
344,0.33365736720919004
345,0.4619208226522483
346,0.5131150120100871
347,0.5318529946600209
348,0.49461173876888326
349,0.5714112072255807
350,0.5234358809491841
351,0.41214167012409275
352,0.48303366471446196
353,0.5436071480750834
354,0.5958688560054726
355,0.5326022532012554
356,0.5114718541169337
357,0.49546627838324414
358,0.5642439761871304
359,0.4542833017469183
360,0.6567068010766415
361,0.3466656320486359
362,0.6752038094570927
363,0.5517145141655279
364,0.6947642544351351
365,0.4805212355484356
366,0.6580319407879819
367,0.5474110497976983
368,0.5015994866117882
369,0.4739170097108421
370,0.477395579440591
371,0.43452881057327325
372,0.4810552016028601
373,0.4374137796497124
374,0.8060915048574026
375,0.34869566105594574
376,0.4828143939121643
377,0.5509412575437748
378,0.6309128196173871
379,0.6231982510046816
380,0.5225810777008492
381,0.49204549814080384
382,0.5816430395383113
383,0.536183774111737
384,0.5940412821696552
385,0.5605169365484839
386,0.47574611419522733
387,0.28657415699921984
388,0.5815530952709335
389,0.6593668754442602
390,0.5454283228167428
391,0.5256942075834937
392,0.7222758820064104
393,0.5972471213712581
394,0.5398633340921788
395,0.5204108014031311
396,0.3775132051261434
397,0.5174675769897509
398,0.5704183545500014
399,0.4843943963850291
400,0.4821387345786476
401,0.715411269083073
402,0.4535273581986189
403,0.572097060814227
404,0.571859424094994
405,0.3997592424918908
406,0.4187956077071288
407,0.3860438034006386
408,0.5920646625511992
409,0.5395883458024013
410,0.46919635591585307
411,0.3778727087298895
412,0.6184882260679562
413,0.51760384288747
414,0.536892016012088
415,0.4881107899964728
416,0.4780338760945833
417,0.6037037077905036
418,0.48425216774812047
419,0.37978415450843095
420,0.5449368416822347
421,0.5327848874545291
422,0.42974213832633656
423,0.5195074237781817
424,0.5081802836015851
425,0.4119956448442965
426,0.4205406294265668
427,0.3615736632780804
428,0.6899308848860469
429,0.614423553339518
430,0.5268052785387909
431,0.579676891002786
432,0.5891199489007775
433,0.5250769327610056
434,0.5064841020130734
435,0.5460129363595292
436,0.639628939848632
437,0.5124725296737089
438,0.6194928670860573
439,0.6143721891251592
440,0.670022853958427
441,0.4374606625746462
442,0.40286004187955465
443,0.5369019899101565
444,0.5374353105567037
445,0.4408299154782679
446,0.5145599221653303
447,0.4185875337703391
448,0.46384544958258833
449,0.427990132172678
450,0.46843164616751776
451,0.3678154435848954
452,0.4205164643133156
453,0.5992514117473027
454,0.5104020524589507
455,0.43866961260795256
456,0.5626874350230977
457,0.6953027820408306
458,0.515992764473328
459,0.5068983090026228
460,0.5959560682337178
461,0.49914898386395923
462,0.383807841398667
463,0.7449684746989254
464,0.7187231037231148
465,0.38081565827596997
466,0.4348952145477577
467,0.5199646914175325
468,0.5351235129297999
469,0.5943677793499864
470,0.500114506388612
471,0.7084386862448129
472,0.5432599787549912
473,0.7085179863258193
474,0.5980817918577288
475,0.3561014570915725
476,0.5082372508037356
477,0.4938299256239191
478,0.6499130494120602
479,0.6469057347666899
480,0.3951329071198285
481,0.4039085012423952
482,0.5845225296044464
483,0.6531377808348564
484,0.5481894323224982
485,0.8122844773756499
486,0.6534664520813375
487,0.5251709166777618
488,0.5568701272025653
489,0.6711913374414975
490,0.5939563676221511
491,0.5190153618889921
492,0.48086172995925813
493,0.2672982098405939
494,0.5250872013897102
495,0.5525956796297795
496,0.5494868446921862
497,0.6423800297167898
498,0.5485504795854197
499,0.32827118134134337
500,0.772796503835883
501,0.5293487026316178
502,0.4918000501699814
503,0.544940909376403
504,0.5553141699373844
505,0.5217126426185824
506,0.51751512148919
507,0.49267156635085785
508,0.43968592054954375
509,0.668272788201809
510,0.5115992858233293
511,0.5116355376529167
512,0.48009774770753183
513,0.5364730514914174
514,0.5898898260575806
515,0.437072778693789
516,0.2684155102950048
517,0.6846415196710742
518,0.43134178829180836
519,0.5339560752792065
520,0.3118165818015417
521,0.5870986024489381
522,0.6111350656846207
523,0.5889771076831938
524,0.5030591371879448
525,0.3832907756192457
526,0.49655480553805786
527,0.4875628846523981
528,0.46430369702739427
529,0.43013750137739926
530,0.4976497614897302
531,0.7011279323500375
532,0.4525499914374227
533,0.5431834053030652
534,0.5273028736808748
535,0.45520687223155865
536,0.5741905595412488
537,0.48834987972468574
538,0.5126842417956436
539,0.5849709418195828
540,0.5427658651051684
541,0.5073330069749524
542,0.4313971329618418
543,0.5652005241945802
544,0.5980793236568199
545,0.4576445732394484
546,0.5393612012711672
547,0.6472789656965915
548,0.47993899752160907
549,0.5680684893798285
550,0.45615272394362144
551,0.396138139926838
552,0.7694294115190379
553,0.47599693028711676
554,0.5057758834395714
555,0.39894977562035794
556,0.4605310198778714
557,0.5417333862390834
558,0.7921427448113105
559,0.4227772058454092
560,0.37759837477140956
561,0.6122838583348834
562,0.44959897994423514
563,0.5774302468602924
564,0.5374924426721626
565,0.5087150224823085
566,0.5617828575904822
567,0.4626818179814738
568,0.4161346073833858
569,0.4617871921032972
570,0.4120470349809324
571,0.5236398726062594
572,0.3568800611231314
573,0.5069086046583132
574,0.5680072809679684
575,0.6081057278371182
576,0.5496574513955125
577,0.5195083698200911
578,0.5112122707975649
579,0.7093945658569815
580,0.48818116992183763
581,0.6663789566425762
582,0.48881150446253296
583,0.513543550071292
584,0.4767591392139984
585,0.4588586663198942
586,0.4776160956834342
587,0.5099646639225632
588,0.6566127568263053
589,0.543558378968787
590,0.6654176189747014
591,0.4121067787701199
592,0.4241931066807457
593,0.5751146768832114
594,0.6412117286276074
595,0.4826011287741062
596,0.49876051582289926
597,0.7913302084887134
598,0.636983276279292
599,0.4744706534626899
600,0.5165881614346671
601,0.4705850313802142
602,0.5675397148589626
603,0.5014319024934866
604,0.5397893558665602
605,0.4743905002518429
606,0.47512695164039975
607,0.49653310582008453
608,0.3924436372455228
609,0.6449258408690048
610,0.445522213498322
611,0.517510620942554
612,0.4725538322369829
613,0.5734851536908029
614,0.5213862648871109
615,0.5610674670960313
616,0.41284731364216776
617,0.628455469373105
618,0.5718267405168008
619,0.5688669216269856
620,0.41232782537988
621,0.49964693315355235
622,0.5093022925802823
623,0.5982282733554912
624,0.5036362753712184
625,0.3751682439620584
626,0.6144401780935679
627,0.5069291718984255
628,0.4915361795717416
629,0.7439821514126165
630,0.27864234529241483
631,0.6074927081240524
632,0.6547279610103228
633,0.4788300063876598
634,0.5663238473831612
635,0.5484403069909373
636,0.6117081975279588
637,0.5133841013265232
638,0.4132522156515557
639,0.5872204293242332
640,0.5301820105868196
641,0.6262881078539699
642,0.5288827807747675
643,0.5806564854707834
644,0.579978441611695
645,0.3205337932735953
646,0.42987264095731836
647,0.5677122423194401
648,0.4594716520624275
649,0.5231016589182724
650,0.37314933873250056
651,0.42551664844571757
652,0.48257502638008154
653,0.60714241940608
654,0.6778839691135787
655,0.7296029881834172
656,0.4833092712469884
657,0.6427909428389023
658,0.5095931103894081
659,0.6020303828389068
660,0.4461605895110365
661,0.5109398049062109
662,0.44611756251193624
663,0.46166620955324444
664,0.601409490267658
665,0.4814364480459947
666,0.5024478435052105
667,0.501042019054994
668,0.46376850458285473
669,0.47090095543211846
670,0.5750433412547283
671,0.5161104377507942
672,0.3865671117662468
673,0.566489264830796
674,0.5781203756623532
675,0.4657387771691418
676,0.4519777929985876
677,0.4473062226944344
678,0.5051858452103193
679,0.43452001046168387
680,0.4986003136150863
681,0.5835909369516817
682,0.5045242298594076
683,0.7689771877219607
684,0.3937442445250465
685,0.5089227353456981
686,0.3916174164711733
687,0.6292275785393948
688,0.7672886189561281
689,0.42606675653077736
690,0.4078800713253363
691,0.5496543659031315
692,0.5248931473343985
693,0.4369500067636774
694,0.463543955329708
695,0.49495688844529917
696,0.43889418221220033
697,0.4733557321534859
698,0.47005505926336366
699,0.5454439366972998
700,0.4132433386873545
701,0.534916569329546
702,0.5305049088526637
703,0.6554544033363107
704,0.524837134373497
705,0.5506642312483735
706,0.5246881977829123
707,0.3484316171196666
708,0.3605611860493201
709,0.5390380572300995
710,0.5156672092124643
711,0.49553607589035475
712,0.48210547595070513
713,0.5034612833867751
714,0.41117772892575905
715,0.5260716434773174
716,0.7173003143329858
717,0.4608987317151719
718,0.507745977312242
719,0.5441734892099459
720,0.4428953670896169
721,0.615052225711089
722,0.46995402356209914
723,0.5498959628195657
724,0.45892463952307283
725,0.49336995056766053
726,0.38068559865038243
727,0.5451940375138492
728,0.4791171495774857
729,0.2648304832200518
730,0.5784372592121526
731,0.4951518323163133
732,0.6655828652119526
733,0.39839743528892096
734,0.5210410022116715
735,0.46566261866281783
736,0.6809854456837542
737,0.43307010102702104
738,0.6052322442262172
739,0.6579827983790636
740,0.5491819636022768
741,0.49159342048662485
742,0.5118169575178924
743,0.5203512045272937
744,0.5192079777878792
745,0.6071437810877482
746,0.5744505055540338
747,0.7394168173552829
748,0.5373061820594636
749,0.28266731846755677
750,0.4477593972850572
751,0.5010888353499778
752,0.5559228746172525
753,0.710062524179693
754,0.44312661615078125
755,0.6503063719243887
756,0.5204923420203167
757,0.45956165820291084
758,0.5151087400854641
759,0.6888346098833424
760,0.5624481159925205
761,0.537750835049718
762,0.5071477629287363
763,0.4462053663750351
764,0.43176801944705634
765,0.5284044195691827
766,0.39089857399309735
767,0.7079283643563965
768,0.4579589848816769
769,0.5020486789298702
770,0.47865584312306647
771,0.6651078509966508
772,0.5252662679671789
773,0.59485005390373
774,0.5306074777517921
775,0.575512558766508
776,0.48784559257428917
777,0.5520756769055202
778,0.5707466075123689
779,0.520256451699272
780,0.5357099377539478
781,0.5232360907477016
782,0.4014258349072549
783,0.517257772587744
784,0.5216637536260106
785,0.6181656190548783
786,0.6311453057195765
787,0.4960206016198727
788,0.5069539574749191
789,0.48570163719877324
790,0.501118998943288
791,0.6856456603671854
792,0.6697926814232881
793,0.4617253175085001
794,0.3889828790613072
795,0.4003253261593178
796,0.48540276686370537
797,0.5875521698326012
798,0.45047895953561745
799,0.4787766147754038
800,0.388093014861971
801,0.6740810677996981
802,0.5313602150472941
803,0.503701619919216
804,0.44612861155229394
805,0.6942833988484437
806,0.6803943904746054
807,0.7513983957287549
808,0.4080674722772385
809,0.5374311735379843
810,0.5291919647185142
811,0.5847413791450301
812,0.5170754234407018
813,0.5336769355401569
814,0.41507162708986
815,0.4757368971742768
816,0.45337484212344203
817,0.5017726596488044
818,0.47598941997419913
819,0.431016193381908
820,0.4821773466577541
821,0.49533066345972177
822,0.5938259999200545
823,0.6747953817208532
824,0.6554006972805524
825,0.5562980488785493
826,0.5294771547591258
827,0.3838604041878977
828,0.3971631613065335
829,0.5210765435542478
830,0.4152819996497573
831,0.5464884057677875
832,0.5425832713902496
833,0.5460155203217243
834,0.5762088477814822
835,0.6261055451630921
836,0.5320326988254199
837,0.605210895813913
838,0.5183477950181725
839,0.42195193653174695
840,0.6497681593701625
841,0.6374141055778512
842,0.6069293674431224
843,0.5503257368881828
844,0.6236996955508549
845,0.5424538071683427
846,0.5456451782925257
847,0.6139636111305216
848,0.4447553003530043
849,0.4808078886953467
850,0.490757690230853
851,0.6183752362761773
852,0.4423251801791505
853,0.50423797619206
854,0.5288943666941677
855,0.4460634785008139
856,0.2778797259124828
857,0.4813192046561683
858,0.5798665454403971
859,0.5902344044000061
860,0.6549500799637129
861,0.5507687019807128
862,0.4675757809126817
863,0.4452332320729192
864,0.5869486520183563
865,0.5356751699541831
866,0.5674018012201467
867,0.5827162087628034
868,0.6587202980807773
869,0.5031836989592695
870,0.5314631452419196
871,0.6585687147592418
872,0.5524358664222443
873,0.5446157217569659
874,0.40615953130435567
875,0.6567930240312605
876,0.5586801471144706
877,0.5527776363029169
878,0.5762417730253693
879,0.4835840186428063
880,0.5569571930225802
881,0.6273203448675229
882,0.5013889258316658
883,0.5244638265720158
884,0.4733881094404529
885,0.4796021025386095
886,0.467132783492896
887,0.5468663128939274
888,0.3705618829040803
889,0.5514033166354897
890,0.7522647527007116
891,0.5556827225595365
892,0.5709890401542407
893,0.4544239547473563
894,0.43504011512673574
895,0.4874939976323839
896,0.5463103582660154
897,0.48092825574013004
898,0.5339831704831555
899,0.6053401335974342
900,0.5318700023578263
901,0.479935850460523
902,0.6018890815447864
903,0.5665030931568877
904,0.5057372062505974
905,0.5674267550207909
906,0.5273435579701482
907,0.41885051027995507
908,0.4999213122910773
909,0.6128320747093389
910,0.5959185575778643
911,0.6718953434351396
912,0.5774227611021094
913,0.6268254035641069
914,0.6284320075594321
915,0.4206457425155571
916,0.5396532377682978
917,0.4226422956878229
918,0.4512051759486418
919,0.39050031890453224
920,0.3274625509767395
921,0.37748295817897426
922,0.3699789978104318
923,0.5965747357866573
924,0.3888918241796367
925,0.4103030578251663
926,0.5484029226552358
927,0.4356871801039396
928,0.41261793045810813
929,0.45817935544826394
930,0.5444132769816467
931,0.438696310641272
932,0.48179678588308417
933,0.5115612859220674
934,0.8613622666789897
935,0.5233905184146478
936,0.460649834295103
937,0.45523132143897305
938,0.5641697636910461
939,0.5752302398888923
940,0.5522882565603439
941,0.5519200476272506
942,0.3785459668555776
943,0.5905776370207804
944,0.5539883866724492
945,0.47147677947197547
946,0.6699025639190987
947,0.505593269142268
948,0.5850244312112315
949,0.8170119481555866
950,0.5445640750588959
951,0.35734612798436405
952,0.4495791573702125
953,0.7057639435461287
954,0.43201905733607376
955,0.635647706131736
956,0.279287593679006
957,0.473582341336978
958,0.5601521907919688
959,0.4247894733455394
960,0.5420542690142376
961,0.46718913497328307
962,0.35564118859495986
963,0.5234865417008403
964,0.5065299486810564
965,0.3821512958301142
966,0.42111876666324766
967,0.6797479144113767
968,0.476426904927133
969,0.5490197524198827
970,0.5382660230720874
971,0.49257533542726906
972,0.507676215354408
973,0.5742295029763126
974,0.6090253158327698
975,0.5883020434507787
976,0.4929619604782758
977,0.6875244905992667
978,0.5925601678632391
979,0.5142728304969715
980,0.4170697204769244
981,0.6646942452800334
982,0.6238587499780628
983,0.3990302694566182
984,0.8015874433661396
985,0.635249256654524
986,0.5697647894849412
987,0.5176803545893371
988,0.6366519851030461
989,0.5302363025074588
990,0.4630683789016275
991,0.3604651538230188
992,0.33530086981920826
993,0.6840972315100625
994,0.6007149472184973
995,0.49862390024746794
996,0.5768959548889843
997,0.4541818714050821
998,0.45531954680998665
999,0.6207573302429525
1000,0.5196897278043886
1001,0.5176951564334268
1002,0.5551631298944839
1003,0.5275392512027532
1004,0.5240807236125508
1005,0.6765679655008635
1006,0.5624882376236218
1007,0.48914264878327246
1008,0.6297682938968033
1009,0.5721810544265321
1010,0.35819957967247623
1011,0.630897082351102
1012,0.442003227449332
1013,0.4565956656778271
1014,0.5673398838716195
1015,0.4926883822111041
1016,0.4042321134273834
1017,0.675909762195259
1018,0.3669580749393094
1019,0.5914044370773821
1020,0.4026022872684617
1021,0.49319871911005825
1022,0.505346168025218
1023,0.4582696547681807
1024,0.4495666871513719
1025,0.604140670049541
1026,0.5970076182593947
1027,0.37872976059418323
1028,0.6099520073146112
1029,0.5689038115265035
1030,0.3451941439832394
1031,0.478057085724014
1032,0.4453809710994892
1033,0.6788143533285086
1034,0.5445634274627563
1035,0.41965876120403384
1036,0.621214728909237
1037,0.3287835110037671
1038,0.41149246363582515
1039,0.47296064965991186
1040,0.6285439057973946
1041,0.5073321640353246
1042,0.524656018189292
1043,0.48782149533975
1044,0.5580373171932287
1045,0.6925231953460935
1046,0.5924353167394043
1047,0.5697919229146152
1048,0.5277938141166586
1049,0.6245897219146941
1050,0.587782932179562
1051,0.4870704972636928
1052,0.42799307266947634
1053,0.5699435245127966
1054,0.42797292741979964
1055,0.6835679365286693
1056,0.41479202541586946
1057,0.5783282975341898
1058,0.5881927144098061
1059,0.5279238811266144
1060,0.4459824484221761
1061,0.5423121551566568
1062,0.4927619006880441
1063,0.5711038355719938
1064,0.4708263233365997
1065,0.4528212394012324
1066,0.6386445383647537
1067,0.41256069479134716
1068,0.5585171946460957
1069,0.6663507139224836
1070,0.569877275577899
1071,0.4895499348756728
1072,0.3140962973096364
1073,0.4360001783348021
1074,0.6048888142881558
1075,0.42955278387937135
1076,0.45359549396390025
1077,0.5797945944347259
1078,0.4902856004794946
1079,0.43661693358315656
1080,0.5079366589627827
1081,0.47620986530530895
1082,0.49070384531375677
1083,0.5344334728027751
1084,0.6042313212878401
1085,0.5965877359625259
1086,0.6030434398437022
1087,0.728300178530108
1088,0.4107887284808668
1089,0.5092111098421479
1090,0.4754298681234259
1091,0.503441220206585
1092,0.6438129377473157
1093,0.5642300777960867
1094,0.3779599310012287
1095,0.6843783549165301
1096,0.644990537050584
1097,0.5167697457813796
1098,0.5553744139494337
1099,0.4294467452901151
1100,0.5176305939769139
1101,0.4915788998949548
1102,0.5332377667981413
1103,0.47978851971278613
1104,0.4432445907504502
1105,0.5535137304832904
1106,0.5900941458071316
1107,0.4426453423915143
1108,0.4212322442111099
1109,0.5976468398466322
1110,0.6501326012711679
1111,0.5714179366084191
1112,0.40047642364379704
1113,0.532981933656485
1114,0.36871593869615416
1115,0.4437470188441596
1116,0.4914818532989817
1117,0.591254908647172
1118,0.37152881505300084
1119,0.4330518072751302
1120,0.46391201458197484
1121,0.6187150409337652
1122,0.472296087984409
1123,0.5468163317838033
1124,0.4898255079996953
1125,0.4617746423174745
1126,0.5190023009761974
1127,0.4607279290793093
1128,0.3927009736546107
1129,0.5971229193395032
1130,0.5324438808163144
1131,0.6036100242511881
1132,0.559904014051126
1133,0.4023223542930974
1134,0.4530324915694507
1135,0.5457964860735908
1136,0.7089012037815525
1137,0.4874654684872804
1138,0.6162320282055392
1139,0.5962842149605563
1140,0.5893522120640812
1141,0.5990633416971244
1142,0.43664214090247944
1143,0.30733522969053173
1144,0.5518077807983006
1145,0.534461901865791
1146,0.3661900547497897
1147,0.5758953052956486
1148,0.5784776570417808
1149,0.46563339804314713
1150,0.5094934839523604
1151,0.4975057079308512
1152,0.430301815386418
1153,0.5485730391958881
1154,0.5694945501232823
1155,0.31319570831414567
1156,0.4718268345181977
1157,0.5285259833988682
1158,0.622288921354369
1159,0.5245554756196545
1160,0.7202781757226222
1161,0.2674669112010816
1162,0.5762121324342447
1163,0.5140035622181762
1164,0.5730708661939969
1165,0.43418496120068495
1166,0.3617579393827177
1167,0.5425698484684369
1168,0.4483659714613101
1169,0.5302452252198268
1170,0.5865134182491899
1171,0.571154157752096
1172,0.6864000908678758
1173,0.5799723028107568
1174,0.4145300613943514
1175,0.4597650157696698
1176,0.5139565591468597
1177,0.3892656382398058
1178,0.5554405446020729
1179,0.3038097962071469
1180,0.508284682447471
1181,0.47767921841487393
1182,0.4917067009211019
1183,0.5256380184533219
1184,0.4256765160193428
1185,0.6144299650464123
1186,0.44162629632119305
1187,0.605276598715962
1188,0.6573291604199071
1189,0.3874975467286243
1190,0.2654844850816681
1191,0.4402850328806169
1192,0.5489635218097894
1193,0.5291731011842928
1194,0.43673486739242884
1195,0.6184489709695997
1196,0.3843910615198719
1197,0.5771378207043691
1198,0.6589502674638559
1199,0.6127243123597989
1200,0.5342005822320569
1201,0.48781214646919674
1202,0.5389186709093522
1203,0.5056918492435748
1204,0.5991706092651147
1205,0.41451546811550416
1206,0.6976466123454638
1207,0.35283612279945786
1208,0.5881580142343527
1209,0.48430382725242277
1210,0.5604958473147378
1211,0.6784283758940111
1212,0.5060904789526051
1213,0.4754230648398751
1214,0.49315218258989024
1215,0.39810024130552
1216,0.4836339549168893
1217,0.6465159742665879
1218,0.6317055035148231
1219,0.5681883689716036
1220,0.7147776715884896
1221,0.6027293774603282
1222,0.5285414424207496
1223,0.4732444842036358
1224,0.5070290232266159
1225,0.6000548320480764
1226,0.5536460307242329
1227,0.45464958281571677
1228,0.41675103523134505
1229,0.5097163727789219
1230,0.6425248431309456
1231,0.524191752087075
1232,0.5779730153046959
1233,0.43636866402043184
1234,0.4616289355617875
1235,0.5235701757529319
1236,0.6242699978594609
1237,0.5516575729416071
1238,0.42790501718732155
1239,0.532034665115719
1240,0.660151458998201
1241,0.6739943604107661
1242,0.5668404395477825
1243,0.5109041458923642
1244,0.5373771638175368
1245,0.4677154617947519
1246,0.4924763067215425
1247,0.4640737047965353
1248,0.5395298060881256
1249,0.502462169360589
1250,0.43008408600290116
1251,0.6570918221345126
1252,0.5230672198471208
1253,0.40703274179971766
1254,0.428398926934479
1255,0.46260178442237637
1256,0.5859055823962075
1257,0.4906622770745145
1258,0.5977841811580904
1259,0.6141247336818356
1260,0.5399363407983518
1261,0.4773653460830616
1262,0.48769832918026107
1263,0.6219455221813301
1264,0.5172735233700102
1265,0.5252174590317715
1266,0.6051932388965267
1267,0.5065319374805434
1268,0.4358095800678783
1269,0.5216629972613667
1270,0.5317342145067875
1271,0.4656792194787543
1272,0.5260597737059504
1273,0.5167727738252693
1274,0.35249259338443256
1275,0.5114031689901359
1276,0.4789895906002769
1277,0.5793937627153218
1278,0.608869540242786
1279,0.33936966278495106
1280,0.4907802476381859
1281,0.570072040018661
1282,0.3760243000660395
1283,0.49329771258316624
1284,0.5245129704688005
1285,0.5360355579216604
1286,0.4550854530281726
1287,0.3392970432465014
1288,0.48484418101707116
1289,0.5953949036186246
1290,0.624427018074075
1291,0.5239975708197894
1292,0.393111767480652
1293,0.5794394167456607
1294,0.43676952600257246
1295,0.587542301619993
1296,0.5473729940357202
1297,0.47919675697983066
1298,0.6599974565757832
1299,0.5105309165727566
1300,0.5369883486834753
1301,0.43103562422857283
1302,0.3218992179099208
1303,0.4704883345135743
1304,0.425278615789656
1305,0.48488691806143774
1306,0.52649304841749
1307,0.5353457915972499
1308,0.5990379333697213
1309,0.45250815034485364
1310,0.5327045895604247
1311,0.592958644792109
1312,0.5073965605207541
1313,0.5072704630423398
1314,0.48549697455740515
1315,0.6113238663148431
1316,0.47483619990697123
1317,0.41877977591983073
1318,0.5329274146268347
1319,0.6558204732188841
1320,0.5361129102944038
1321,0.6308715415107395
1322,0.5381577677091147
1323,0.6759888816879793
1324,0.4875750479864545
1325,0.48910863415600353
1326,0.3495609915582516
1327,0.4703419463386076
1328,0.6627510307089626
1329,0.5572818816862403
1330,0.34597126699299885
1331,0.47629124713419624
1332,0.5271806069337502
1333,0.4815189670913055
1334,0.49007675422263525
1335,0.49789413180563963
1336,0.7009188008365017
1337,0.5831611207935561
1338,0.5599284447829392
1339,0.5403921055160337
1340,0.6306196445956633
1341,0.497400586590539
1342,0.4532836430418949
1343,0.5862100736945742
1344,0.33631293166173193
1345,0.49556886347897966
1346,0.5993330749021439
1347,0.5191040515688122
1348,0.36003431159095556
1349,0.5485807334721959
1350,0.4516977890968768
1351,0.6809346010533748
1352,0.5964490897042813
1353,0.48348002661613126
1354,0.5839645985891565
1355,0.6338380658351088
1356,0.5652268928006565
1357,0.5502198051032793
1358,0.6624927251921549
1359,0.560121572247011
1360,0.6293440686336822
1361,0.634002952421069
1362,0.3974778659656151
1363,0.5714612872057879
1364,0.7178809539399894
1365,0.5654314379443042
1366,0.3621712807316182
1367,0.4159505449736506
1368,0.6312088880329982
1369,0.4575367378774072
1370,0.5301854065935646
1371,0.46227749853903277
1372,0.5632661044076345
1373,0.4835405868880645
1374,0.6953810164385439
1375,0.5617376134861612
1376,0.4371230296606912
1377,0.5968354511112975
1378,0.6260532927944914
1379,0.5256723325046068
1380,0.588296758105149
1381,0.4959644648395854
1382,0.5640247148292283
1383,0.4253851973485263
1384,0.4537671761992524
1385,0.5480876169807779
1386,0.5359242150723162
1387,0.6434805932994977
1388,0.45193102323040163
1389,0.3229944144763347
1390,0.4817643029721831
1391,0.6256711231751216
1392,0.5770672823943486
1393,0.5125279428855319
1394,0.6201148220777725
1395,0.5279312250620829
1396,0.5522619443402778
1397,0.4144548541078518
1398,0.436960112573985
1399,0.6266346910272366
1400,0.4850340715169934
1401,0.41005963720273375
1402,0.46863532217076564
1403,0.4667168085427148
1404,0.6241182779151433
1405,0.41288151419108404
1406,0.6462334508595617
1407,0.5410137532899834
1408,0.508853202817012
1409,0.5010700778916395
1410,0.5454510045136707
1411,0.5715943060461749
1412,0.5616035637556546
1413,0.5292678428272111
1414,0.5474392900388748
1415,0.5009686810644381
1416,0.5444695226711619
1417,0.4748974303633618
1418,0.6377339012105316
1419,0.5154535117243045
1420,0.5783319890741022
1421,0.43470934226107805
1422,0.44980707745935244
1423,0.5686073118395732
1424,0.5083920020863634
1425,0.6124589035012424
1426,0.64983573653091
1427,0.5626925885020366
1428,0.36992609370541496
1429,0.44542027569514103
1430,0.419540550507248
1431,0.5164985835234736
1432,0.5188754944812167
1433,0.6117212465705795
1434,0.5415559161159197
1435,0.4887962809544668
1436,0.4521910932633942
1437,0.4640014401030773
1438,0.5606238796398375
1439,0.401743324418771
1440,0.45657657589481876
1441,0.3197438880192395
1442,0.5172710940564772
1443,0.5215017101403324
1444,0.9160529153399658
1445,0.45092366700354375
1446,0.4555053962414214
1447,0.4895280784733985
1448,0.5771243850329161
1449,0.4181542074115841
1450,0.43343959079084704
1451,0.49325175296877766
1452,0.49381382423095166
1453,0.5306907788072208
1454,0.4306956808571826
1455,0.4353183653147268
1456,0.546974741958755
1457,0.4319371384366427
1458,0.4671288916203197
1459,0.5654672077163118
1460,0.4290378258214617
1461,0.40228978999331955
1462,0.6647931819749415
1463,0.5599858623270246
1464,0.4331644835241011
1465,0.4712997673562082
1466,0.45549159432158814
1467,0.5705692012336556
1468,0.6104722465183045
1469,0.48901821204663687
1470,0.5622754948344697
1471,0.37824736301230377
1472,0.4070348594985814
1473,0.5098006764135601
1474,0.487156328496467
1475,0.49171447580769595
1476,0.6779999238427789
1477,0.5784153993782193
1478,0.6407490078820918
1479,0.6628087336981915
1480,0.5530502517522934
1481,0.4781715735091002
1482,0.3747978870976455
1483,0.3520066450459103
1484,0.6492037608739479
1485,0.46379500865973255
1486,0.6083686105275057
1487,0.6478511051010231
1488,0.43411699093410094
1489,0.4139392400098409
1490,0.7079991823027451
1491,0.433528012205984
1492,0.5044768445120711
1493,0.5064585852168926
1494,0.5917848914055511
1495,0.7369766517267755
1496,0.553515558871546
1497,0.4968677145957421
1498,0.7080399161005141
1499,0.4896658083232326
1500,0.5091920031964589
1501,0.7212827858811317
1502,0.45300163601043536
1503,0.6324172700671439
1504,0.5801333321092241
1505,0.6417822884105111
1506,0.5496315323674702
1507,0.5627702477914837
1508,0.8609573393568097
1509,0.6851223677693804
1510,0.5621048831194317
1511,0.4977614968119026
1512,0.5892689118489066
1513,0.4038209869989131
1514,0.7089140022203393
1515,0.513948581631908
1516,0.49320760320358087
1517,0.7537391910144541
1518,0.5917970312350805
1519,0.5499954573832496
1520,0.6480473972304682
1521,0.4552066371977489
1522,0.514539717600443
1523,0.41134404566019656
1524,0.5559872610258157
1525,0.5796951558510127
1526,0.39999716892400256
1527,0.4827062880980747
1528,0.6944302317173523
1529,0.5106853354771723
1530,0.30185958676800134
1531,0.510951497446564
1532,0.374833619920376
1533,0.4946235520140814
1534,0.5716955095088357
1535,0.33208617060344503
1536,0.5014060299297833
1537,0.6660703920393829
1538,0.4979246300099099
1539,0.42165453603916375
1540,0.753721681449125
1541,0.6180651021416734
1542,0.699936928695774
1543,0.6456826319388079
1544,0.6138932179219275
1545,0.5151508404240152
1546,0.6068052303761957
1547,0.4305187895192386
1548,0.48985894970686983
1549,0.5553122446090639
1550,0.4427450240825188
1551,0.5569565002149877
1552,0.5433168921542985
1553,0.5637883942413721
1554,0.5750578849341357
1555,0.6033665210412528
1556,0.4101437676384338
1557,0.4885063577819938
1558,0.4763084640012748
1559,0.6291466537814077
1560,0.4353421604829206
1561,0.4876941841851972
1562,0.4486687446652018
1563,0.8005852236937043
1564,0.5079677637907004
1565,0.5243669689137908
1566,0.400883223664561
1567,0.5340726665844856
1568,0.3552753734308951
1569,0.48868262027826703
1570,0.4796328150090301
1571,0.5028703434603747
1572,0.4155595825375441
1573,0.47309598861971064
1574,0.5471723544967885
1575,0.42666787890795205
1576,0.5758904432467562
1577,0.49710547206975486
1578,0.5147018952400448
1579,0.584933305264707
1580,0.2398934415749116
1581,0.544473603093035
1582,0.5178723233388941
1583,0.5032854568700083
1584,0.6727465175265921
1585,0.4650112477558914
1586,0.6901518458590314
1587,0.5287335292924825
1588,0.5658460415992016
1589,0.5224511616916642
1590,0.5610124677771499
1591,0.5442437173724551
1592,0.6027417378986983
1593,0.48750258125565366
1594,0.5031557462135452
1595,0.532081994016701
1596,0.5132609264969925
1597,0.6425364035122996
1598,0.5490390449801859
1599,0.4595224233591957
1600,0.6420242978594637
1601,0.5338936566760086
1602,0.502223195343818
1603,0.7569567015244176
1604,0.4086202037302336
1605,0.4480257859418689
1606,0.5812094429845226
1607,0.6197825525808849
1608,0.5592734464815604
1609,0.5468325471121909
1610,0.5137790802192074
1611,0.5602235381115551
1612,0.40585025208412173
1613,0.4595872168153435
1614,0.4480135990684926
1615,0.7011934296785436
1616,0.7635264097882174
1617,0.40485858805964864
1618,0.5107181484610445
1619,0.591620099510737
1620,0.4152394718668378
1621,0.5009775330303433
1622,0.5575957746386339
1623,0.5296502555595409
1624,0.5764197849294215
1625,0.4784132909007718
1626,0.5477618976055779
1627,0.41679497814978284
1628,0.5921272216419826
1629,0.48806349062005383
1630,0.5845176280881361
1631,0.5490473535611888
1632,0.6247992278964439
1633,0.42780073599914276
1634,0.37650461676152736
1635,0.6557057882464217
1636,0.6414012193947513
1637,0.4731491974195665
1638,0.37854191983394353
1639,0.5475437381671999
1640,0.5492697569824617
1641,0.5720519154737499
1642,0.4133869817185213
1643,0.5590714847268903
1644,0.4985304147993409
1645,0.6026213371572845
1646,0.4029774554225455
1647,0.5389729201271054
1648,0.4588475137582221
1649,0.5799956291674121
1650,0.6352613591527029
1651,0.5313420488236962
1652,0.4250957997469058
1653,0.5918894648094508
1654,0.46042567286557234
1655,0.4674884194662543
1656,0.4930178095053242
1657,0.4554274996286647
1658,0.5473468213392437
1659,0.5322357411669076
1660,0.7328073577947447
1661,0.5727831758811079
1662,0.3856649554327606
1663,0.3795167708779901
1664,0.562598057897244
1665,0.5177039850643883
1666,0.5204481571458595
1667,0.557972221232077
1668,0.30660604273088715
1669,0.42804546411470723
1670,0.4244309111463852
1671,0.49912681341633736
1672,0.4575305022129244
1673,0.5354236646468529
1674,0.38914780977345353
1675,0.5598722079883323
1676,0.590124929679168
1677,0.5687140630603721
1678,0.5532222189416063
1679,0.43786934718501075
1680,0.6009755664105969
1681,0.49527141252877505
1682,0.577808056713091
1683,0.5081879227488708
1684,0.5883481128168729
1685,0.424980538989855
1686,0.566947759985854
1687,0.5498212210722464
1688,0.47394932358915637
1689,0.5414387579846344
1690,0.523057173697707
1691,0.4260434744957946
1692,0.38401759991514245
1693,0.5870374087660282
1694,0.505080844321021
1695,0.5464573041523638
1696,0.5368260646635871
1697,0.6096083585389674
1698,0.46695881187876215
1699,0.4519506091309284
1700,0.5389872351809213
1701,0.5250041723368469
1702,0.500001137802827
1703,0.45676003390512343
1704,0.4933196620708577
1705,0.5263968635696465
1706,0.46708381011114264
1707,0.7025252086648285
1708,0.6038745774030941
1709,0.5669993492032338
1710,0.5757383151797819
1711,0.5323898166565689
1712,0.483003942176255
1713,0.3568284139355502
1714,0.6050794977648031
1715,0.5994274357558957
1716,0.4975773239861081
1717,0.5795573775062667
1718,0.5431174207021204
1719,0.605641130558003
1720,0.47952660092332544
1721,0.5805699495881609
1722,0.6799575301890508
1723,0.52316500133329
1724,0.5124460984942233
1725,0.44515404020523475
1726,0.5515547970744751
1727,0.4064441564647685
1728,0.3643881192267777
1729,0.442249900078005
1730,0.5942305930445648
1731,0.6059574894041497
1732,0.7248603233833573
1733,0.5369772299640121
1734,0.4546029411073576
1735,0.5400121477491868
1736,0.44350605703801455
1737,0.34965333627389494
1738,0.47811139480724135
1739,0.5259745312985933
1740,0.8487348857230494
1741,0.469321534453166
1742,0.3740155991176026
1743,0.4991319393739779
1744,0.5233713133627383
1745,0.4949565030988433
1746,0.5770156676375068
1747,0.4074202038084177
1748,0.5220911157572052
1749,0.6448778109796579
1750,0.5904974981051743
1751,0.5182000056007089
1752,0.6809269146449586
1753,0.5252101584333516
1754,0.5218846421575617
1755,0.5391553142228349
1756,0.36587534273973343
1757,0.4820522722038921
1758,0.6891075938112357
1759,0.5638863563228839
1760,0.558091522655789
1761,0.5600043636202348
1762,0.49939820511786837
1763,0.6743255054745513
1764,0.6021116255599537
1765,0.4755006313213226
1766,0.47194599572639856
1767,0.6336806974615605
1768,0.6474373326766826
1769,0.4357623105583493
1770,0.6088495246472808
1771,0.5974092868234646
1772,0.29895711581880957
1773,0.5192979460818635
1774,0.5218110501173147
1775,0.5397532418173193
1776,0.5442384523269778
1777,0.5399772301618203
1778,0.39917560158684573
1779,0.4619146408168769
1780,0.5738416035670689
1781,0.4984512050953182
1782,0.47413625055455266
1783,0.5889406426310877
1784,0.4222159779291335
1785,0.6444283445685258
1786,0.5768746892945971
1787,0.5276960071825383
1788,0.40263356553637253
1789,0.4537926989468942
1790,0.6420868397123342
1791,0.668034942985291
1792,0.683495622186989
1793,0.5198294376472954
1794,0.3204003655076172
1795,0.3980491704396134
1796,0.6595456137291167
1797,0.5313953592528424
1798,0.4926357357981722
1799,0.2613828234917216
1800,0.5631408975542249
1801,0.38493613201006294
1802,0.49436209528817315
1803,0.6802042774085595
1804,0.47634609380783766
1805,0.45968279205879303
1806,0.5041316438246985
1807,0.46670589855885924
1808,0.47908974869338405
1809,0.7239956836223393
1810,0.4706021316169594
1811,0.38374348664655955
1812,0.350565148590165
1813,0.4097547713683132
1814,0.5878026781864284
1815,0.4269150110844858
1816,0.3983416561081291
1817,0.6353616399974206
1818,0.4810492785685186
1819,0.6657803154280493
1820,0.6209104913829399
1821,0.4134165820491471
1822,0.5675919809795336
1823,0.5210107494988885
1824,0.5056104206761288
1825,0.5068073588968741
1826,0.3734018553021957
1827,0.5050785525066231
1828,0.5255958815301184
1829,0.7149691831505268
1830,0.7342475720982877
1831,0.5441959961521813
1832,0.5365832949121481
1833,0.5687686600179368
1834,0.37450685372510445
1835,0.45278504120215013
1836,0.5581237069818771
1837,0.6218675298738586
1838,0.631548018148446
1839,0.6195505623612776
1840,0.6209905834487579
1841,0.5919634766880781
1842,0.3778844959369144
1843,0.49189490002409697
1844,0.44454651694368164
1845,0.6886338557890733
1846,0.5876451213594495
1847,0.4294897383251137
1848,0.5834837117874461
1849,0.45707151989836287
1850,0.5615850858638686
1851,0.41083105819305865
1852,0.5165721386870875
1853,0.5515985519423446
1854,0.6367219896785193
1855,0.42889216609123526
1856,0.38399541807867543
1857,0.6243300571376412
1858,0.4273170064807776
1859,0.45024383916140376
1860,0.5123772172800585
1861,0.5867166465488721
1862,0.565419088029369
1863,0.5993506218767536
1864,0.41377845252134454
1865,0.5584659399348768
1866,0.39127288188417175
1867,0.4326260047936826
1868,0.3891723920953317
1869,0.5320488415713232
1870,0.5453373446527076
1871,0.5005068485721812
1872,0.49429426647939917
1873,0.5420254285627268
1874,0.46717293291850903
1875,0.5398948118080222
1876,0.5115051251508603
1877,0.4437069992849213
1878,0.4967193442574586
1879,0.3905826518162027
1880,0.5082620113304398
1881,0.4432919712812341
1882,0.6881929979937896
1883,0.2828848467034327
1884,0.6598909603365858
1885,0.4067447308939014
1886,0.4522841109932616
1887,0.5349982444460218
1888,0.5762128899972923
1889,0.5832976918748335
1890,0.49970201539586573
1891,0.4431703537521988
1892,0.45159735940699597
1893,0.49158077919077575
1894,0.4689206270902454
1895,0.41204948742562125
1896,0.5345468052483356
1897,0.5899276356363254
1898,0.5640469508894185
1899,0.42033371263257047
1900,0.425480805542382
1901,0.5396681992677986
1902,0.5855520054114333
1903,0.5433479063975594
1904,0.6182820425359823
1905,0.5807008710734496
1906,0.8439296998636059
1907,0.6431447585765895
1908,0.40157827395075874
1909,0.4995391284294604
1910,0.4916713184602489
1911,0.48982136222417305
1912,0.5607288647903463
1913,0.5157816177703437
1914,0.5071724098537594
1915,0.6005189670917778
1916,0.4896505091229098
1917,0.5312808463388468
1918,0.3698182282680946
1919,0.4866602089741873
1920,0.7942015808297698
1921,0.4185489399023089
1922,0.5726566836898898
1923,0.7078125661816429
1924,0.4688968812688249
1925,0.712287193566057
1926,0.6169836531064914
1927,0.5300648055022511
1928,0.48878418453099015
1929,0.40366833200556196
1930,0.5083480362130619
1931,0.541084356851709
1932,0.5766387295550417
1933,0.6902331060882714
1934,0.5609650433352568
1935,0.703565774392565
1936,0.5725307318729478
1937,0.47616062687150407
1938,0.5022821425942552
1939,0.5599165011833672
1940,0.45768022133091546
1941,0.6625560384080399
1942,0.4833670098383473
1943,0.6056961401828919
1944,0.4839906505278884
1945,0.5492648000608512
1946,0.5616598031771947
1947,0.500139891024288
1948,0.6941825223494109
1949,0.5710920397612481
1950,0.5119442932609911
1951,0.6505123526040293
1952,0.4703413898681431
1953,0.32877287405756295
1954,0.5481728794204626
1955,0.6091637166253283
1956,0.5682855357274222
1957,0.5670423092085045
1958,0.5389610930465822
1959,0.6513055854115637
1960,0.4970015264066219
1961,0.5287039116004808
1962,0.41852826541547783
1963,0.5644460275080218
1964,0.5278901765832503
1965,0.6164916716252575
1966,0.5680997406136701
1967,0.4116385890163518
1968,0.4216052613393255
1969,0.6529787934105488
1970,0.48541513248406976
1971,0.6759713254844691
1972,0.41624921262944736
1973,0.5403312003756029
1974,0.5844304017557993
1975,0.5928885937168883
1976,0.36625908457618384
1977,0.31086222632339694
1978,0.5366582690231139
1979,0.6781084848508074
1980,0.5311551190652667
1981,0.559239121514248
1982,0.6785030323188451
1983,0.585878139370159
1984,0.5741128621366077
1985,0.5512482397354985
1986,0.35803252819838605
1987,0.634363892619273
1988,0.5691249371737737
1989,0.6033977214405245
1990,0.3758249806664675
1991,0.5130445027329567
1992,0.6362853014268075
1993,0.5813951764366495
1994,0.5022902844270422
1995,0.7168397721941158
1996,0.4622410823723051
1997,0.5596509676030156
1998,0.5363562852548605
1999,0.4342327841564983
2000,0.535435509167491
2001,0.5900243509975964
2002,0.6005566215579556
2003,0.4530053883930597
2004,0.4482612266555272
2005,0.43696490545572303
2006,0.4964114981281497
2007,0.5505550579356767
2008,0.38660208380371597
2009,0.5106390335163496
2010,0.49113712181934555
2011,0.37527847693620425
2012,0.5029445287980211
2013,0.48246368241485105
2014,0.6620552390236341
2015,0.48195876831254936
2016,0.6096643290955988
2017,0.6736755111478399
2018,0.42432831938547866
2019,0.461693710859029
2020,0.6705511460725407
2021,0.6212157991973356
2022,0.47684209735763317
2023,0.4127825053124093
2024,0.6256815262680746
2025,0.5703273247392562
2026,0.38950029086142046
2027,0.44905028277576897
2028,0.44189985179081903
2029,0.4873486851178556
2030,0.5522469521437617
2031,0.6855121089596319
2032,0.5406358000327853
2033,0.4028082516143342
2034,0.5477775384608142
2035,0.5617327562950143
2036,0.7107798273193676
2037,0.40004678219677897
2038,0.4258562159040409
2039,0.7051561525386556
2040,0.4543104848230484
2041,0.5754090570686298
2042,0.4814461341597419
2043,0.6163766074604843
2044,0.5283427389782153
2045,0.5730612352325405
2046,0.6924262441786169
2047,0.5094251496545779
2048,0.5084770667684365
2049,0.44561877653544507
2050,0.4424108281280738
2051,0.510008913196292
2052,0.5707867248153492
2053,0.4879542003980068
2054,0.4355335585168938
2055,0.37066984255631164
2056,0.5335444389465638
2057,0.45454477906970187
2058,0.42871399140512484
2059,0.5443159610936004
2060,0.5394008059100115
2061,0.48725510561652247
2062,0.496128365933254
2063,0.5604789485239593
2064,0.5352357802263179
2065,0.5348161602381512
2066,0.4252332085047433
2067,0.44119458238149245
2068,0.5753238932956084
2069,0.47388548679989567
2070,0.5525682944734805
2071,0.525211433424318
2072,0.5345270846905502
2073,0.4466477340768753
2074,0.6506514796282707
2075,0.4312381586175641
2076,0.5670672515080553
2077,0.37710461415396557
2078,0.47504275293289583
2079,0.4717388726619354
2080,0.48852511142534744
2081,0.6180104712354428
2082,0.599370288589245
2083,0.558846119988111
2084,0.5776245624094771
2085,0.6479768327618908
2086,0.4356952588600064
2087,0.6645493689349307
2088,0.5062750513431452
2089,0.5409056267416129
2090,0.5092766371636811
2091,0.5472684047022585
2092,0.607766195330532
2093,0.5932945128318713
2094,0.5179554724868137
2095,0.5378123412158307
2096,0.48152392356709406
2097,0.6725349927424638
2098,0.5847069924501967
2099,0.620251433892462
2100,0.5256019273306793
2101,0.5067346085990099
2102,0.4853324617071628
2103,0.33540006602833494
2104,0.689787500096877
2105,0.41093716191719665
2106,0.5412455617950227
2107,0.438638787282852
2108,0.45739361491239994
2109,0.5499002178338944
2110,0.45605620657287005
2111,0.3948662940250279
2112,0.4887619259200704
2113,0.3882802315470788
2114,0.5989562838780595
2115,0.5958352133014301
2116,0.3072813459758533
2117,0.4968523072349278
2118,0.604140767873514
2119,0.4026606230916834
2120,0.5831680782564699
2121,0.6143665691414901
2122,0.4518591609810721
2123,0.5480394125590672
2124,0.616952438567955
2125,0.4653175619895762
2126,0.41876166446838614
2127,0.6618714378890034
2128,0.46948337441821125
2129,0.5454381638767677
2130,0.4334976893601031
2131,0.44198162615963116
2132,0.6277507358351606
2133,0.3351917535194806
2134,0.454009106050147
2135,0.6033939920858854
2136,0.6525634616778119
2137,0.5020616543352294
2138,0.42941540084552376
2139,0.6673766015356245
2140,0.4745990268059269
2141,0.5869944109708086
2142,0.4853885297023998
2143,0.5827150697920601
2144,0.5643482416692702
2145,0.5547397734176684
2146,0.6530324666004339
2147,0.6142347273026277
2148,0.5834746630787605
2149,0.5200336138265371
2150,0.6457909331973531
2151,0.542814250883168
2152,0.4953292990732575
2153,0.47045968382571474
2154,0.4401104586209721
2155,0.63008219775412
2156,0.4721960504590406
2157,0.5622548512364418
2158,0.5555785758868346
2159,0.5046112241884347
2160,0.4194664328408524
2161,0.48098532988893894
2162,0.25935438201587674
2163,0.5845424651207457
2164,0.5927631090694268
2165,0.5462063606453365
2166,0.5096740144642018
2167,0.4427633671539735
2168,0.6472597599787547
2169,0.5639727437209233
2170,0.5882351802648726
2171,0.5258744644889303
2172,0.5397095708333993
2173,0.4720945643787289
2174,0.7933422966068151
2175,0.5621740668860445
2176,0.8245825578365272
2177,0.4552602973912996
2178,0.6663592878935489
2179,0.5240445216342418
2180,0.6188766483330003
2181,0.3582918147843863
2182,0.5983569991904513
2183,0.40461173307319487
2184,0.6145623752734256
2185,0.4164491253493573
2186,0.5190467530244182
2187,0.690757865567131
2188,0.5737497001927107
2189,0.4318870890545866
2190,0.43200809321289957
2191,0.618339221306762
2192,0.6648673055207918
2193,0.4224720416899842
2194,0.43143680660080314
2195,0.5204610620486905
2196,0.35717618656742944
2197,0.35058159883103523
2198,0.534716352812344
2199,0.49321641068221367
2200,0.684446047608745
2201,0.36232348595459746
2202,0.5994377422818848
2203,0.5194459648048065
2204,0.5642273693426176
2205,0.5880830503237534
2206,0.5482735351102362
2207,0.5247161580684412
2208,0.4689624775763261
2209,0.5655827900363379
2210,0.5515597018151013
2211,0.4270511547191816
2212,0.4113204464451748
2213,0.7200612524130052
2214,0.47212393107121403
2215,0.5387657220527682
2216,0.5375100860503381
2217,0.449886353578254
2218,0.3951946724389167
2219,0.46839602516782247
2220,0.48425280497692685
2221,0.5178717068958187
2222,0.525297294948691
2223,0.5180175231019873
2224,0.6419231745448637
2225,0.5515550444111341
2226,0.3572511946520786
2227,0.48307783040139995
2228,0.6683660534241354
2229,0.5213505330089969
2230,0.6737853232044245
2231,0.4039602599147358
2232,0.5394208486535931
2233,0.5712201437701239
2234,0.47721544617143474
2235,0.47814949959338277
2236,0.5014756152623838
2237,0.6229399226487432
2238,0.48022952299006355
2239,0.7311792335709772
2240,0.6436511856095403
2241,0.47000673900847595
2242,0.5415576802326509
2243,0.5763134656521497
2244,0.3329590797495674
2245,0.46755413239341537
2246,0.4866392213237795
2247,0.5750755217362038
2248,0.5702118332531761
2249,0.6043694037244284
2250,0.36321940268539876
2251,0.4501814605416594
2252,0.5273924889021343
2253,0.5462292489542812
2254,0.5302178087873785
2255,0.5646821626249022
2256,0.6156704259801971
2257,0.4867824815656748
2258,0.5052606393780691
2259,0.4431503730017615
2260,0.5044052162334178
2261,0.4836268833535804
2262,0.3693541042628544
2263,0.4817868130746198
2264,0.687320491443504
2265,0.48676727813358733
2266,0.643383780931599
2267,0.39759995928692105
2268,0.46231923285687865
2269,0.5192170499840297
2270,0.48781117925411716
2271,0.5428737230868924
2272,0.4576148099609295
2273,0.5060458605804976
2274,0.5040304047246656
2275,0.598243856005118
2276,0.4511128795847994
2277,0.5272255601934479
2278,0.4901475165552605
2279,0.44372406665340264
2280,0.5976771461918413
2281,0.6956856764669702
2282,0.574616928763518
2283,0.5242235822967721
2284,0.4121409151264173
2285,0.495033659598466
2286,0.6566113122912527
2287,0.3459025972365516
2288,0.4598002040802066
2289,0.6451370872798339
2290,0.4273055996931828
2291,0.4848154692335135
2292,0.5154151032005686
2293,0.37226476862123903
2294,0.5988768176510705
2295,0.4027052574648313
2296,0.5581908194701075
2297,0.6820002449817548
2298,0.4914540876082426
2299,0.6476229156985851
2300,0.5902469079080369
2301,0.3764191569907091
2302,0.4998113774549988
2303,0.5076153985205268
2304,0.5466384215491843
2305,0.4565029526338232
2306,0.6466753019018356
2307,0.6881398191754384
2308,0.4973883942723853
2309,0.5019616302724224
2310,0.48164666970322045
2311,0.48086797365759876
2312,0.4350443959357601
2313,0.6153641819248786
2314,0.4030131026014405
2315,0.42352656880726797
2316,0.4959852826149326
2317,0.5294291464664245
2318,0.4972072185677559
2319,0.6478135011264455
2320,0.4704731531089274
2321,0.4978452735493308
2322,0.4833653226764836
2323,0.4564511464905339
2324,0.6410647592220071
2325,0.4582904261984764
2326,0.47341743680038256
2327,0.6401062262493168
2328,0.4277675274338173
2329,0.4580259328656693
2330,0.5468076032089062
2331,0.5216277922955669
2332,0.5535467897637395
2333,0.4934236646039203
2334,0.6600589718638794
2335,0.42135379063328554
2336,0.6462079649163421
2337,0.44012906406776603
2338,0.46743272093050875
2339,0.46086596137439
2340,0.6047905452549691
2341,0.7149391249386828
2342,0.6021517133981759
2343,0.6866106861775929
2344,0.34196913481192615
2345,0.44166370811280437
2346,0.5660391591834824
2347,0.49119885696751253
2348,0.4369194651842604
2349,0.49025558306558964
2350,0.45353865949107036
2351,0.8379298721312984
2352,0.43081541020488734
2353,0.46062688220520703
2354,0.5137717425067864
2355,0.5036366904607819
2356,0.5577638931326512
2357,0.5902421203347816
2358,0.4109959349863589
2359,0.6945069715142523
2360,0.3273476562419362
2361,0.6095189122449316
2362,0.5531614446008143
2363,0.6254775367306765
2364,0.6427772998041046
2365,0.42277562835139176
2366,0.5023846107224719
2367,0.751655214624579
2368,0.5745137454200324
2369,0.5295605815898542
2370,0.55939551530397
2371,0.5153713671550584
2372,0.5999773070722705
2373,0.543209769373361
2374,0.49218934097192096
2375,0.3793039619694959
2376,0.6384392249533543
2377,0.6097414968303412
2378,0.4156300414485543
2379,0.6335030579289899
2380,0.49960139684793337
2381,0.557751092252354
2382,0.5277882345129118
2383,0.6740923046499917
2384,0.4568203865728208
2385,0.5529749892737709
2386,0.6361286309401964
2387,0.4602241259639595
2388,0.615994445954608
2389,0.5186417488583382
2390,0.5948784775881861
2391,0.6835267279158938
2392,0.5920728985566065
2393,0.587775480178446
2394,0.49542369270510705
2395,0.5229381871903919
2396,0.5778135084653098
2397,0.5684152481714864
2398,0.4311724458172514
2399,0.5879889672915745
2400,0.3641446024073305
2401,0.5860512433171277
2402,0.43343724344290396
2403,0.4880887937708737
2404,0.5622140619147917
2405,0.549987233548618
2406,0.50860742314223
2407,0.4596652513835045
2408,0.7389185663260098
2409,0.43468929874326057
2410,0.4492970819175619
2411,0.543814648809796
2412,0.30169123581225543
2413,0.5678793656194572
2414,0.5865529465288597
2415,0.4008635072615836
2416,0.434300469880433
2417,0.37850072932109274
2418,0.5873363544736784
2419,0.40370595319895186
2420,0.6244171617355045
2421,0.49030556273026105
2422,0.5581863677382094
2423,0.6056822274630358
2424,0.5232691286024559
2425,0.550296518312599
2426,0.49226133553339374
2427,0.4822615269936191
2428,0.4805523565964165
2429,0.5521945831838527
2430,0.4774368521425936
2431,0.46407061045818865
2432,0.5060679243255111
2433,0.6507306069501158
2434,0.48682975690945995
2435,0.4930280069594377
2436,0.5706395535912053
2437,0.46656518275737435
2438,0.45017167065488006
2439,0.38756699529221406
2440,0.6224854897545469
2441,0.4818988335345386
2442,0.5550182167648713
2443,0.5464167601253896
2444,0.6405522690138582
2445,0.5343606030876106
2446,0.5385821772455425
2447,0.4386112539844948
2448,0.5715298976801413
2449,0.49983758748198226
2450,0.4512411342284676
2451,0.5077421622501346
2452,0.45508503570888637
2453,0.4804233505201264
2454,0.5778421093738831
2455,0.5415076017350543
2456,0.5071667242590774
2457,0.5748805799122041
2458,0.3889642921900109
2459,0.589851516560593
2460,0.5107812601971378
2461,0.6033617623787897
2462,0.5523963657844407
2463,0.3885885769904835
2464,0.4519519964502786
2465,0.4790465265648324
2466,0.7333331791395211
2467,0.35355617403176104
2468,0.5177809404738039
2469,0.5836490504666816
2470,0.4648603420384179
2471,0.5738164948255049
2472,0.4259590273508431
2473,0.43156308639336716
2474,0.666555297294595
2475,0.5728885670445645
2476,0.5337517456921836
2477,0.47119152244003054
2478,0.5243265735867148
2479,0.5267484689864158
2480,0.44937571326614456
2481,0.5428731314624475
2482,0.6421452428661781
2483,0.5046442730941673
2484,0.3541984147382459
2485,0.45488179127608946
2486,0.5599629342765329
2487,0.3772153187717243
2488,0.49291949762456166
2489,0.570253639125716
2490,0.3650391357046069
2491,0.5187486193450436
2492,0.5120613254225126
2493,0.6401120960703874
2494,0.5594448489352618
2495,0.47132502636609974
2496,0.5697383823972977
2497,0.5105243444495733
2498,0.5888857416621304
2499,0.45912141530112416
2500,0.6690474259648033
2501,0.44354244748475624
2502,0.8542649796684445
2503,0.5024059231229342
2504,0.7145978949491949
2505,0.5310893380263623
2506,0.6331036381414877
2507,0.5876386444591152
2508,0.4706916701275872
2509,0.33605849001808713
2510,0.6703047643108926
2511,0.6021752515147417
2512,0.29003479177908775
2513,0.5670451517138536
2514,0.7216839165466431
2515,0.4408328051024095
2516,0.48315435756592984
2517,0.5857884785016184
2518,0.6263594407468938
2519,0.6206950942153877
2520,0.6769493007714811
2521,0.707710047473723
2522,0.5616851535218319
2523,0.38446295847908546
2524,0.41790315302685754
2525,0.588619803103112
2526,0.5091147976640997
2527,0.5089916571367576
2528,0.5810750107631835
2529,0.6169560031648557
2530,0.4677727535020101
2531,0.45431188570176356
2532,0.6808730182755272
2533,0.37578688468106103
2534,0.6283941965052544
2535,0.6528512966776188
2536,0.48052998633368504
2537,0.603439902340117
2538,0.6461562970389744
2539,0.3403909234177732
2540,0.6288860248452339
2541,0.5440413074450375
2542,0.49780201895769555
2543,0.5115753219922773
2544,0.5737826094718114
2545,0.44611799721663453
2546,0.5395348633633636
2547,0.4905828005409188
2548,0.5656693163337896
2549,0.4839979533805137
2550,0.5515897871020982
2551,0.474642408973512
2552,0.6223040857607534
2553,0.6086691079654315
2554,0.5909115599195256
2555,0.4753690364822012
2556,0.4340596335620034
2557,0.566071302214805
2558,0.48632229349096634
2559,0.624222669978
2560,0.5962640820937919
2561,0.617545573972029
2562,0.5804323535425031
2563,0.5016528297776748
2564,0.4770881460213146
2565,0.44322949453832616
2566,0.5420611817741019
2567,0.5103506623415037
2568,0.4076659303246283
2569,0.5815655056139094
2570,0.48585972125752513
2571,0.5445377865187899
2572,0.4926862177933654
2573,0.622695651824658
2574,0.30879211395309425
2575,0.5735452093715183
2576,0.5812564065297673
2577,0.7265682262689455
2578,0.5272987021596857
2579,0.6238562171873727
2580,0.42570950117146233
2581,0.4428489826375176
2582,0.6078769025834427
2583,0.4446173829381147
2584,0.5072340622304492
2585,0.4610507078046931
2586,0.5916129142693387
2587,0.4856748987912259
2588,0.3855251677385349
2589,0.6609262596276948
2590,0.5164963988520838
2591,0.5425892500378726
2592,0.5334118380785482
2593,0.7686175031528166
2594,0.4674393821536182
2595,0.48790180891510626
2596,0.5591679254171568
2597,0.5331912385618166
2598,0.6544982023878079
2599,0.2753627195975896
2600,0.5674426650721844
2601,0.5033047769336672
2602,0.5145332921166179
2603,0.43194730887905974
2604,0.5385679612079998
2605,0.4972653431305283
2606,0.595848957312876
2607,0.47162170152281646
2608,0.5702375717423747
2609,0.6652026359482963
2610,0.5647445463206523
2611,0.6815180254151414
2612,0.5916966275708626
2613,0.5360823966718898
2614,0.5745806252764164
2615,0.5272668618357255
2616,0.63722936386595
2617,0.5653410703447848
2618,0.4139594093108519
2619,0.48013118880933714
2620,0.39706687783466815
2621,0.5377752103123788
2622,0.5222535123452177
2623,0.8148547886209123
2624,0.5829603669684196
2625,0.43024880714416863
2626,0.5681682869146858
2627,0.5551394118208896
2628,0.4957462264153767
2629,0.44066699826616784
2630,0.5195484485066835
2631,0.7254326846739293
2632,0.474809901572746
2633,0.6145973653112125
2634,0.26757066727515083
2635,0.7214604541103566
2636,0.49914749852517815
2637,0.43999141246600715
2638,0.5144774281581291
2639,0.4408070662270685
2640,0.4285618583756684
2641,0.6795638574535503
2642,0.5128063759838896
2643,0.6537353811886952
2644,0.49440162425766576
2645,0.6812448545845766
2646,0.5793134911177851
2647,0.6922446453579181
2648,0.43882585496170107
2649,0.5637991080705079
2650,0.4958977938831105
2651,0.31040534738179304
2652,0.37522226019875093
2653,0.5547232333407622
2654,0.5111894399448675
2655,0.5104288154528659
2656,0.5417652664288121
2657,0.42401348982333
2658,0.6009034801698437
2659,0.47641795581568724
2660,0.5387436127601852
2661,0.33329036994122785
2662,0.46285665128792836
2663,0.3288100625170562
2664,0.5160268379963674
2665,0.6237591528721763
2666,0.6111298756295228
2667,0.4931669812155093
2668,0.530681490241471
2669,0.486361418109282
2670,0.631615914393697
2671,0.5653202595953156
2672,0.5040849614013634
2673,0.5681722053418586
2674,0.42177688016446674
2675,0.44978740828842256
2676,0.48095144490331054
2677,0.450394806881091
2678,0.5330487798227818
2679,0.5321340523927695
2680,0.4525435946002895
2681,0.4263624036608454
2682,0.522368062488389
2683,0.37383477723364633
2684,0.5388175148907295
2685,0.5454112932224066
2686,0.5481481611307666
2687,0.5940987130135663
2688,0.6527297220191546
2689,0.6145526571182954
2690,0.6184384729810247
2691,0.5649791817361226
2692,0.6114389058570121
2693,0.575293523053116
2694,0.33774430968354896
2695,0.670412674151575
2696,0.4506057321799039
2697,0.6216270237563264
2698,0.4503524538153384
2699,0.40728569435725887
2700,0.3965157274222796
2701,0.4213984722228381
2702,0.6237589553052071
2703,0.665422008201325
2704,0.518373882587429
2705,0.4349494820183004
2706,0.48263185945319453
2707,0.7191862063317663
2708,0.4504356988422471
2709,0.6480590268323027
2710,0.8192400327917193
2711,0.732200802023806
2712,0.5120620024702996
2713,0.41455602203625797
2714,0.4993923767792575
2715,0.6117342657738079
2716,0.48997219428610117
2717,0.4512299563790741
2718,0.440455179041644
2719,0.4569040053239725
2720,0.7179161609496383
2721,0.5273948680713744
2722,0.47178403942735475
2723,0.6479035249217142
2724,0.5935965317229575
2725,0.4821801357934861
2726,0.585035895622613
2727,0.4626891188745068
2728,0.527192751310835
2729,0.7422922153732407
2730,0.40939343019630564
2731,0.6884338393627065
2732,0.49820454244137286
2733,0.5600668217836212
2734,0.5360245006091694
2735,0.5410953762325762
2736,0.4754303093889272
2737,0.48335095621914
2738,0.4931873396953257
2739,0.5231696799340899
2740,0.4308393235762442
2741,0.4301927781958933
2742,0.43825170117220824
2743,0.41035371088005584
2744,0.569240495255727
2745,0.4872379375269852
2746,0.6846895693572698
2747,0.5700239263533621
2748,0.5183019794543839
2749,0.48481309566840913
2750,0.495322498289084
2751,0.4189466809816885
2752,0.6560955044322467
2753,0.7098975434211598
2754,0.5671245056794743
2755,0.5447343547770651
2756,0.5724137466729472
2757,0.6521168466795493
2758,0.512291142030201
2759,0.46058123916182714
2760,0.4935842082278537
2761,0.46696198333100664
2762,0.5359328346689333
2763,0.6996215040766718
2764,0.4993936347872961
2765,0.5573496807400624
2766,0.5140402193968375
2767,0.38778092742760817
2768,0.4918948446219357
2769,0.49074252119021056
2770,0.4541051708000578
2771,0.5033385091023543
2772,0.5530436475002899
2773,0.5665392744180949
2774,0.4946217174606801
2775,0.37995497885737006
2776,0.4937581705286024
2777,0.5250878903181357
2778,0.4562129721094759
2779,0.4807230969007628
2780,0.5076392386418134
2781,0.5552005183732682
2782,0.5661677204834987
2783,0.530226157280971
2784,0.4424956862514832
2785,0.44025418553632883
2786,0.6026985072698929
2787,0.5845949661163327
2788,0.30595767053459194
2789,0.5615626819082327
2790,0.49388684388892734
2791,0.5028108173678452
2792,0.5409383573684868
2793,0.43745860786422586
2794,0.7061044319202893
2795,0.48372871491805314
2796,0.5191760730097446
2797,0.4305842390012049
2798,0.5941793172039963
2799,0.43321657805254554
2800,0.4813423076318539
2801,0.7304597494989267
2802,0.4153201039696724
2803,0.6129396241072687
2804,0.5311558701637344
2805,0.47009201167163966
2806,0.6741532435105309
2807,0.47656442195112625
2808,0.5942380618581109
2809,0.46080003142552445
2810,0.47745298241938683
2811,0.5571722241702514
2812,0.5611356162127435
2813,0.5706202125433024
2814,0.46313148359769685
2815,0.4865917711444142
2816,0.7737294273705189
2817,0.6675257128805074
2818,0.6618075110920555
2819,0.6340784871181567
2820,0.548070324549608
2821,0.4775985503971227
2822,0.6735460525196487
2823,0.5584303605390496
2824,0.4096281713224813
2825,0.6144696514178918
2826,0.48930616615170136
2827,0.5101081005147716
2828,0.3681061260878327
2829,0.42908547011022813
2830,0.5516835103315144
2831,0.4468637295570459
2832,0.42255460136865564
2833,0.5532237328771739
2834,0.46734166703555946
2835,0.5701379233360893
2836,0.5078436626751734
2837,0.5412313492169395
2838,0.4764899415132934
2839,0.36654834418237836
2840,0.45894914075144977
2841,0.41632927359187094
2842,0.5521417461368178
2843,0.4817203858086483
2844,0.4770809174525184
2845,0.4660024745762875
2846,0.520929830232211
2847,0.539374080233305
2848,0.53159942180123
2849,0.49046463547371
2850,0.5427789018510647
2851,0.5276626821832806
2852,0.8277504029676408
2853,0.46854512925372366
2854,0.5851149522981608
2855,0.5687424359987157
2856,0.6938898406110177
2857,0.46518308728258184
2858,0.7060818347816948
2859,0.5142889446527283
2860,0.7870790370235002
2861,0.6108275372514504
2862,0.41668962037316337
2863,0.48874746646854184
2864,0.6481149804044591
2865,0.4776941672840442
2866,0.47351959774421254
2867,0.537122359133772
2868,0.5527250004902113
2869,0.4495657295984201
2870,0.4936674880026512
2871,0.7284204101087511
2872,0.474873881905097
2873,0.5146840748454795
2874,0.4451193178705824
2875,0.5399024872987486
2876,0.5354209534491319
2877,0.5366539209104233
2878,0.5564790895813722
2879,0.47490017112333727
2880,0.4258020580656996
2881,0.452597091600177
2882,0.4848562501456338
2883,0.6726869222196719
2884,0.45324905780114755
2885,0.4755506688427508
2886,0.5891965791319754
2887,0.44945650755789873
2888,0.48197213167592756
2889,0.44129001009101765
2890,0.38184393198931443
2891,0.5110834538530267
2892,0.490393771916617
2893,0.4046381759528563
2894,0.49763834764032205
2895,0.5103239380924938
2896,0.4936178348884861
2897,0.5741254273621625
2898,0.5005629093848994
2899,0.6714793757719172
2900,0.5423662994785391
2901,0.4079587157323569
2902,0.46325390671886735
2903,0.5171861231324698
2904,0.5488685850877462
2905,0.435655878250747
2906,0.4937795611020449
2907,0.4492140336401966
2908,0.44451209433356437
2909,0.45786110729107043
2910,0.4981806287362868
2911,0.44801020153724125
2912,0.7195716315074716
2913,0.604705308690986
2914,0.36331776140909
2915,0.5166386599344183
2916,0.4034713002183683
2917,0.673055764676428
2918,0.7579547829510466
2919,0.46870225465106635
2920,0.4473472790598127
2921,0.5254829320169453
2922,0.5387185999655093
2923,0.4621652897597509
2924,0.7623032430656933
2925,0.4747736504811194
2926,0.6608181304221776
2927,0.44085683045117896
2928,0.4362745612474508
2929,0.4515855388232505
2930,0.5755902107607339
2931,0.3802648606473876
2932,0.6800529994517719
2933,0.5640733036712364
2934,0.6756476566286707
2935,0.4953199422454103
2936,0.3980729334401757
2937,0.6773447245115694
2938,0.41293914032843876
2939,0.4321558061213812
2940,0.6415683890044455
2941,0.6533268208314792
2942,0.5606595294708961
2943,0.41993602857544454
2944,0.48760825329841967
2945,0.6209263209862061
2946,0.45626823053544985
2947,0.5587159744158899
2948,0.41523233301257106
2949,0.4757886226606377
2950,0.4508832181805036
2951,0.4224118427708013
2952,0.458407287075403
2953,0.6113472962352869
2954,0.549887357951093
2955,0.4546548003770197
2956,0.45710938012643954
2957,0.6263940725311534
2958,0.6586778402505107
2959,0.4133629516208389
2960,0.44615082684791396
2961,0.48683578161296537
2962,0.5141148359545661
2963,0.47162345380310744
2964,0.42705958886281614
2965,0.6757946657954568
2966,0.5645128858977629
2967,0.442898943863536
2968,0.7858545312378509
2969,0.752908741739876
2970,0.5776857782373113
2971,0.5699852838855942
2972,0.40607275508165835
2973,0.6303846484839452
2974,0.5506859867779688
2975,0.4112708208566695
2976,0.6753289317424488
2977,0.42503272345516707
2978,0.6775456505664221
2979,0.4797506667268187
2980,0.5347822425772667
2981,0.5265907040419668
2982,0.5369016799717198
2983,0.4612682322890437
2984,0.46802706050354326
2985,0.4443829308920707
2986,0.6014643351460406
2987,0.41740519295413603
2988,0.8082637361087404
2989,0.48429563701611833
2990,0.49555779779907416
2991,0.5113132923350939
2992,0.4958252742338668
2993,0.5400591728781147
2994,0.57032060678706
2995,0.48232836774524057
2996,0.4729983087494471
2997,0.553486072037087
2998,0.5718444913020644
2999,0.4456027718943272
3000,0.6191372091556253
3001,0.620247125901025
3002,0.4398159304655091
3003,0.5955162255904007
3004,0.5755829519607865
3005,0.41316466391177836
3006,0.4903900847255983
3007,0.5721957424414146
3008,0.4828425995272544
3009,0.5727353416702863
3010,0.5035264149421786
3011,0.4332346230483283
3012,0.6050021210191195
3013,0.49341835974660286
3014,0.5868691962910201
3015,0.7798365026534622
3016,0.5942686979735279
3017,0.5373457294739018
3018,0.5679366675863754
3019,0.5173835541382132
3020,0.4631625295975349
3021,0.5192776637965015
3022,0.5516754852715531
3023,0.32905145607442166
3024,0.5836463541306525
3025,0.4566744965003633
3026,0.6280093504422816
3027,0.5673651583953097
3028,0.5451114197684935
3029,0.5359907379263781
3030,0.5284253947100008
3031,0.6759287650660967
3032,0.43931880610825924
3033,0.47982307902433935
3034,0.7002156947287554
3035,0.4531421718741056
3036,0.3862556712265348
3037,0.5141759934887499
3038,0.6426509250413959
3039,0.4562290695372312
3040,0.620306630180574
3041,0.4679458972117078
3042,0.5648037402770192
3043,0.609954130608741
3044,0.5258867445078466
3045,0.5052780953990218
3046,0.4386376230517948
3047,0.581894121773563
3048,0.4508226780062701
3049,0.6301275178299149
3050,0.584188695615625
3051,0.45880947057163063
3052,0.4828288514637771
3053,0.5306259135377985
3054,0.4213345064083313
3055,0.4469382172456584
3056,0.45190243543215913
3057,0.5269457613407202
3058,0.7325973273521673
3059,0.4596759608030303
3060,0.4566259289676905
3061,0.5487462160498324
3062,0.3489235594814397
3063,0.5016296215468555
3064,0.5460544373944184
3065,0.6260265566697716
3066,0.5940296962466142
3067,0.47875012134720457
3068,0.43790637216946154
3069,0.4654396890459668
3070,0.5523998790472945
3071,0.570879274102682
3072,0.439063296100489
3073,0.5642076375335439
3074,0.6817156971722151
3075,0.7567021210069933
3076,0.4821691408757085
3077,0.5534610797054229
3078,0.41983502911328385
3079,0.5685779219888936
3080,0.5214521021099178
3081,0.5450222450360478
3082,0.4627877191765226
3083,0.5564448773078322
3084,0.6940503323815341
3085,0.7016877088792016
3086,0.5410388926094931
3087,0.5989569134733825
3088,0.7422158711049633
3089,0.5905484682768463
3090,0.5966103116914282
3091,0.3896102702965761
3092,0.5192709687886291
3093,0.6964639887163465
3094,0.42870188664166775
3095,0.583894485289758
3096,0.4907429431387279
3097,0.5419871553102591
3098,0.6159854457657851
3099,0.4462126648066499
3100,0.633676428496297
3101,0.49609978074642497
3102,0.3913363414230492
3103,0.6251063939241065
3104,0.4842746924812112
3105,0.7624856851444678
3106,0.5258878099368212
3107,0.6510834476473811
3108,0.6018032709673277
3109,0.5045558258480296
3110,0.5873367427994161
3111,0.5779367233360206
3112,0.43759562435316235
3113,0.4709483407250425
3114,0.6439137431001708
3115,0.3905797224494091
3116,0.41355123055987975
3117,0.5824427042896484
3118,0.4694486366796723
3119,0.5711062292855196
3120,0.7454830530923617
3121,0.538659913742013
3122,0.5596362681289772
3123,0.5117596465672624
3124,0.6505122547353543
3125,0.6385585657994317
3126,0.44157248872185906
3127,0.46908695778024373
3128,0.5125083668255671
3129,0.37390276602628003
3130,0.5441607636638668
3131,0.587117820360398
3132,0.32490248330002824
3133,0.6601401241302755
3134,0.6774058239673377
3135,0.4458221903719518
3136,0.46468659971591086
3137,0.5603674185152265
3138,0.7360667578446983
3139,0.7144244356704621
3140,0.5003103826208236
3141,0.48210107719761475
3142,0.7075870907132994
3143,0.4245818588566551
3144,0.6242075809500546
3145,0.5635417513188427
3146,0.5214843401113503
3147,0.7527541646673909
3148,0.42236567314254286
3149,0.41107511178036565
3150,0.5741060238061467
3151,0.4886597504990994
3152,0.5042681566277138
3153,0.5411372481010346
3154,0.6255456850516353
3155,0.37507272726170465
3156,0.5217724534296774
3157,0.5630196040266912
3158,0.6353873296975476
3159,0.4725349379694483
3160,0.6176286925385568
3161,0.482575757879185
3162,0.6044436790484569
3163,0.5685428972084827
3164,0.44404147174563846
3165,0.5523432302138214
3166,0.5330242611620244
3167,0.5815276051773127
3168,0.6670819594309018
3169,0.77993448971671
3170,0.43812762600039673
3171,0.4684588776714012
3172,0.4571663551327922
3173,0.4412805053820451
3174,0.4517966594035762
3175,0.46501124564865015
3176,0.6225786660119883
3177,0.47051547906403174
3178,0.4862560256136633
3179,0.5720759565662747
3180,0.4349198917675511
3181,0.49796180933925055
3182,0.4707896477285679
3183,0.6167807513256967
3184,0.5867129976429156
3185,0.41577904467700166
3186,0.48625702630781165
3187,0.4419107102221877
3188,0.5691110222750405
3189,0.5044016187240464
3190,0.7217005700943039
3191,0.5284185941798037
3192,0.6702313147042628
3193,0.5391821943096118
3194,0.4005491876992453
3195,0.612937794336937
3196,0.45193540272492094
3197,0.6582901012035262
3198,0.35019504053298034
3199,0.5741643314886178
3200,0.5160079459395671
3201,0.41565607510975805
3202,0.5682106569958792
3203,0.518528256790191
3204,0.6372695704435646
3205,0.5817122735480673
3206,0.5394459701699469
3207,0.6697947379388449
3208,0.800149754512639
3209,0.4550399288870976
3210,0.5048230183959646
3211,0.4853699895673691
3212,0.5720354822654129
3213,0.5043909285586726
3214,0.3936681413635849
3215,0.3635216158799086
3216,0.5325844702446095
3217,0.6417163148796864
3218,0.5343472029139997
3219,0.49457505260593093
3220,0.635021316868432
3221,0.429539270003738
3222,0.5621582267894872
3223,0.5141541234277419
3224,0.48554122252659515
3225,0.5271968068977886
3226,0.6273721970101058
3227,0.6048715780786077
3228,0.4627480714642897
3229,0.4509214714735421
3230,0.7533317383255435
3231,0.5443173952131438
3232,0.4769787662003997
3233,0.502143026014748
3234,0.558143115364418
3235,0.6104986813060076
3236,0.5225782651954027
3237,0.5344742181657619
3238,0.5136354505912948
3239,0.7400344121906248
3240,0.4950305187432823
3241,0.6602368238073587
3242,0.5623499622884766
3243,0.4064498179944004
3244,0.4110402021952982
3245,0.553238403290249
3246,0.5314020750779227
3247,0.6593051898363298
3248,0.462070869112662
3249,0.5758572773346997
3250,0.4868285604217561
3251,0.6538819827464535
3252,0.35685344516290646
3253,0.5724718222105246
3254,0.6772870176655836
3255,0.5677161420423136
3256,0.7276465107407825
3257,0.4511661915561525
3258,0.5027753258781464
3259,0.40204849972127127
3260,0.5820179564758403
3261,0.5496958534464157
3262,0.5787189010193945
3263,0.41436387505441347
3264,0.7114763647263072
3265,0.4068635206058606
3266,0.5553874279203824
3267,0.4972846503942559
3268,0.5075605021334025
3269,0.5900884437808849
3270,0.5518166364735284
3271,0.632254673854444
3272,0.5272418599593648
3273,0.4934435084067883
3274,0.6220625566867182
3275,0.583282409487054
3276,0.6945591037244611
3277,0.7059690513907001
3278,0.4154492073151762
3279,0.5810277425711415
3280,0.445656659378015
3281,0.5147235825115878
3282,0.49305016094248777
3283,0.6062512447110026
3284,0.45874397867610794
3285,0.5823166976791863
3286,0.5901847392832038
3287,0.6241711312357054
3288,0.5643535247132285
3289,0.5841181194903904
3290,0.5255308426758902
3291,0.4854007636918827
3292,0.4917476847007737
3293,0.3509521327578609
3294,0.4810427204141152
3295,0.4576279617587014
3296,0.4200172777264809
3297,0.5388168777656466
3298,0.6438296345679032
3299,0.701725665634757
3300,0.43247167358470084
3301,0.4276366860193267
3302,0.5057090385012492
3303,0.49255544225772446
3304,0.4121309930422681
3305,0.5916150293265671
3306,0.6967515314769595
3307,0.501630633850211
3308,0.4754595700896326
3309,0.46642441981103255
3310,0.4475570732954793
3311,0.5866280561496224
3312,0.5313775314567452
3313,0.5360030089744282
3314,0.7300814383632057
3315,0.49241294644065603
3316,0.40609728195891337
3317,0.5476795320285202
3318,0.6210099594381995
3319,0.6412238114503583
3320,0.6161917633666082
3321,0.5168109106623947
3322,0.3943570269992439
3323,0.5709183372369904
3324,0.47966429752108797
3325,0.582880484550239
3326,0.5041266767525255
3327,0.5538571116067074
3328,0.6326057936285127
3329,0.5815274471150664
3330,0.47081233917644055
3331,0.5427888905644839
3332,0.6624743536415633
3333,0.3199979055203821
3334,0.5636669193937149
3335,0.6093427779570791
3336,0.49969119998066325
3337,0.5692100060084946
3338,0.4998503127146023
3339,0.5060787748891578
3340,0.5186824282642134
3341,0.6842147928672846
3342,0.41684656220831406
3343,0.39201847305893056
3344,0.5576858149858317
3345,0.49823062263365264
3346,0.39363449664504074
3347,0.5989684439242668
3348,0.5942693260574319
3349,0.6405295474495475
3350,0.38486917225376815
3351,0.5549144931992679
3352,0.5665128039871493
3353,0.5595927165917269
3354,0.7538299117994482
3355,0.3978119211356874
3356,0.5012070370014134
3357,0.5339575932133712
3358,0.45178707013165276
3359,0.46221924276397847
3360,0.5682137179536881
3361,0.606456961371345
3362,0.4118564184420514
3363,0.5533964303063191
3364,0.556986464356348
3365,0.37674695173900963
3366,0.31936306775306966
3367,0.48077384646313204
3368,0.5602445652390425
3369,0.37558222369250605
3370,0.6467025749121891
3371,0.4625942111778408
3372,0.49822696932427163
3373,0.5145241704803157
3374,0.52992589014948
3375,0.604496959663041
3376,0.34631056142147065
3377,0.4007705987729707
3378,0.4818855217616344
3379,0.519451662420389
3380,0.5771169486567271
3381,0.7004303998759666
3382,0.4202865194950058
3383,0.48334513629212467
3384,0.618740770263107
3385,0.48540042772730424
3386,0.5568764142209657
3387,0.6986078415766513
3388,0.6498199520560711
3389,0.46243590351421837
3390,0.5942587870832591
3391,0.550642022345142
3392,0.6252519198658377
3393,0.4872719930171699
3394,0.5937691111652241
3395,0.4558368182730485
3396,0.5343767215773326
3397,0.4980906486465039
3398,0.4695191905927133
3399,0.4870913038034627
3400,0.542504395769056
3401,0.7034840886380929
3402,0.3735645797715418
3403,0.5059346285131984
3404,0.5341551961187377
3405,0.4009418634615632
3406,0.7038033279889646
3407,0.44105213480579436
3408,0.4453887545402877
3409,0.5386634614582603
3410,0.7529770834556164
3411,0.5383948142890278
3412,0.39491848119187223
3413,0.4330649056254404
3414,0.6348950705443139
3415,0.3753180682743781
3416,0.7042351246555624
3417,0.49601947492384385
3418,0.471450302638771
3419,0.6088572357030414
3420,0.45675316764836327
3421,0.56269736705904
3422,0.41564252897813725
3423,0.6961848952744228
3424,0.5037330652279588
3425,0.5296719031720235
3426,0.4706905615781643
3427,0.5729373571914751
3428,0.48087055224412667
3429,0.7799117338632506
3430,0.4955363552895696
3431,0.4959348259263133
3432,0.4247961548389423
3433,0.3496618260678579
3434,0.5741384317574368
3435,0.7668549472270179
3436,0.48167795931897067
3437,0.5549303923937174
3438,0.4111574977582145
3439,0.46714712325916136
3440,0.5028338855654209
3441,0.4392950850188798
3442,0.4921160675562551
3443,0.5178519048655904
3444,0.5986596885704958
3445,0.5646999643089864
3446,0.6580081675579119
3447,0.5493812782351148
3448,0.561153225021682
3449,0.5682448246436579
3450,0.43634132220826066
3451,0.36972938552191437
3452,0.46665174253076835
3453,0.46741310031722083
3454,0.5209456692226017
3455,0.4960354080673959
3456,0.5921935529079807
3457,0.5266516097328089
3458,0.4911748875539734
3459,0.43562114381569744
3460,0.6913537008905783
3461,0.5156350737761517
3462,0.44760390474038797
3463,0.7764137840263167
3464,0.5369214071378755
3465,0.5525764601794659
3466,0.7920632296701794
3467,0.6159005645605998
3468,0.6050694216208397
3469,0.44565203840099865
3470,0.6172164485192682
3471,0.49582768017073797
3472,0.5265632614709885
3473,0.6018361697277462
3474,0.48917593488538275
3475,0.5611000989703673
3476,0.5508563819954019
3477,0.572285386340831
3478,0.5871966177446685
3479,0.7091229755686608
3480,0.6196272761065195
3481,0.5330361690685824
3482,0.49339318167464535
3483,0.7330363798099147
3484,0.4579699696380715
3485,0.7332970190501693
3486,0.5065619016672525
3487,0.7330763663212629
3488,0.6024944718734114
3489,0.6021328340431125
3490,0.421180557990047
3491,0.5963797975682127
3492,0.4090213792284801
3493,0.36491395723207126
3494,0.653984371525437
3495,0.775312756014963
3496,0.5239823075184192
3497,0.5434409122268836
3498,0.6580832980144538
3499,0.5268152341060474
3500,0.6839113489362691
3501,0.5340824641209593
3502,0.591613932526114
3503,0.4061181620547604
3504,0.4277376849035172
3505,0.5910332144201668
3506,0.6592563776206835
3507,0.4781572870501091
3508,0.6427397893141806
3509,0.6750743031876154
3510,0.5597513314061239
3511,0.35538464249318563
3512,0.5064596883544072
3513,0.46761277626171976
3514,0.6161898839043675
3515,0.5113769975135445
3516,0.38095981664726986
3517,0.35389130290397447
3518,0.4941416268196742
3519,0.32840123644528385
3520,0.4413540432271773
3521,0.5385619288680835
3522,0.4340906007541827
3523,0.43944320392681147
3524,0.4224494344572307
3525,0.49699599076212625
3526,0.578726044527289
3527,0.438959883940322
3528,0.6241195327460212
3529,0.5384449542118108
3530,0.5383780472829156
3531,0.7077081069528582
3532,0.6136493548800361
3533,0.4271708521204257
3534,0.4550225210413721
3535,0.498279801393579
3536,0.4461937276877377
3537,0.49005128757334193
3538,0.6799883540981839
3539,0.564558370761754
3540,0.4776104296071976
3541,0.5180815953197948
3542,0.5200618479701129
3543,0.6394796702217218
3544,0.49150966954950887
3545,0.7131456739972032
3546,0.865089534716684
3547,0.4293703426487318
3548,0.6346714857910704
3549,0.675358073689202
3550,0.5836365725054463
3551,0.412731686286547
3552,0.7124574041131244
3553,0.48398005487884926
3554,0.597410448247005
3555,0.6044417342373194
3556,0.4897149825842526
3557,0.44426730388220825
3558,0.48408492402939163
3559,0.45351397182960046
3560,0.7091009362616025
3561,0.5039070202196243
3562,0.4753017189761736
3563,0.733960105760666
3564,0.5323146418711787
3565,0.5317183761011396
3566,0.6031100971856945
3567,0.7425932869073093
3568,0.6186809485804687
3569,0.5584373721836811
3570,0.45990995306407145
3571,0.5634137901510692
3572,0.4366326478470982
3573,0.4171533653134186
3574,0.5150370473063131
3575,0.5519484381728197
3576,0.5380212984337842
3577,0.5887064704342942
3578,0.5659116511416591
3579,0.5421486690318876
3580,0.5358030977339205
3581,0.6050690383340092
3582,0.6562083177097078
3583,0.5457631680537853
3584,0.5889456403429986
3585,0.5615535771664415
3586,0.49635487079382534
3587,0.7013483256260129
3588,0.4464182919809313
3589,0.31170327856796554
3590,0.4704268369137402
3591,0.3913112559557335
3592,0.4743371265803606
3593,0.4738159922935636
3594,0.6107260961985765
3595,0.39230624981648676
3596,0.6646286946628748
3597,0.40624798659967215
3598,0.46839820791432696
3599,0.4535240664508209
3600,0.5441077460844005
3601,0.5761407412691437
3602,0.5895961224144738
3603,0.5530306946358323
3604,0.4877626576505463
3605,0.5042195032012542
3606,0.509006525522144
3607,0.5231342282918875
3608,0.5952042362070175
3609,0.6223378217065961
3610,0.6294755820814089
3611,0.4648719675408326
3612,0.8547022194818384
3613,0.42195094419066087
3614,0.5194132785404807
3615,0.48296273766025916
3616,0.5139736351343694
3617,0.3525682182563635
3618,0.5347781073275283
3619,0.544047914748029
3620,0.5267646760031247
3621,0.6205840660310967
3622,0.6435911548118443
3623,0.6071333641216393
3624,0.34101821069794575
3625,0.43014159294621285
3626,0.48523046303763256
3627,0.5015746934964195
3628,0.5231330366487776
3629,0.4435541458754509
3630,0.7099405475008371
3631,0.4093149891614299
3632,0.4683133282536618
3633,0.5603848082106113
3634,0.4452431544055642
3635,0.45801109168717974
3636,0.326666964560258
3637,0.579852112828547
3638,0.5157788826803843
3639,0.5694749814856918
3640,0.6472322518758628
3641,0.6323020229572658
3642,0.592671822599386
3643,0.5242543762238889
3644,0.6104054791865287
3645,0.5592253358560643
3646,0.6432560946197737
3647,0.43910832343025347
3648,0.44897893139362766
3649,0.5155571740049645
3650,0.48485932445673485
3651,0.2755368043720955
3652,0.4229392224952424
3653,0.5361447206044418
3654,0.4799179717823781
3655,0.443934033351912
3656,0.5119456308945664
3657,0.4849279079603291
3658,0.6377483255729739
3659,0.485292003425336
3660,0.6232015970321497
3661,0.4032133160612169
3662,0.4889025260571107
3663,0.5071872719115127
3664,0.45078198208688247
3665,0.46308256885334154
3666,0.4595670951125287
3667,0.4930658682030178
3668,0.5541570327532579
3669,0.5800094360591664
3670,0.5015140885496508
3671,0.5413933027208713
3672,0.3713786727145395
3673,0.5219913364183227
3674,0.419498912032318
3675,0.5737731146538143
3676,0.5884738021243017
3677,0.5198303807266799
3678,0.5579464955080198
3679,0.6112688537657773
3680,0.5653971004097412
3681,0.6126376649642326
3682,0.4355042328544603
3683,0.47752251463757184
3684,0.5345153284062589
3685,0.513833648877029
3686,0.4406223257394598
3687,0.7100538490297592
3688,0.4886796891158116
3689,0.6030494222320272
3690,0.4510159603846441
3691,0.4988971058920306
3692,0.5804155830484845
3693,0.6426035075116712
3694,0.48146150700085233
3695,0.38075196364808694
3696,0.4160878526267656
3697,0.5453046384194689
3698,0.5329041890376011
3699,0.4106126546729212
3700,0.4384522853450363
3701,0.6082416185566352
3702,0.6780352579675911
3703,0.695677550466567
3704,0.5228183657270741
3705,0.683284624620251
3706,0.5649511756500827
3707,0.42581543221861584
3708,0.5345844089606824
3709,0.47275277613648087
3710,0.46694276534302215
3711,0.6178138792008148
3712,0.5306881090154401
3713,0.7421098882136874
3714,0.6116056941322213
3715,0.5111660115442881
3716,0.2865380388919837
3717,0.7213316739553323
3718,0.6012097612398849
3719,0.5107378742058257
3720,0.5275820517145624
3721,0.6427451564186424
3722,0.6266973172477471
3723,0.41311576293123126
3724,0.6854305160134326
3725,0.4382016699509942
3726,0.679205876508749
3727,0.5327361924086801
3728,0.4676350641212488
3729,0.5112614402845137
3730,0.8091393569149017
3731,0.5042266094613653
3732,0.6557691047497232
3733,0.5106925269146584
3734,0.48628286177122937
3735,0.6224537203443795
3736,0.5494343757581664
3737,0.4216323638888983
3738,0.5868051615789347
3739,0.5176771291037575
3740,0.6958444517633621
3741,0.4723468733944078
3742,0.39916288752199514
3743,0.5763975306546485
3744,0.3992182759975273
3745,0.5611659074723295
3746,0.4915415495649404
3747,0.41816820155574186
3748,0.43438338390723086
3749,0.736635377743695
3750,0.6360765927117443
3751,0.5081968708370418
3752,0.50523856250504
3753,0.5366655114321175
3754,0.4275516664068176
3755,0.459943530104698
3756,0.5607541237011628
3757,0.43481298905501736
3758,0.4430577232784715
3759,0.46260653464186163
3760,0.5529585066992009
3761,0.5050254205725347
3762,0.47253101882418647
3763,0.467628070563189
3764,0.5465271871436927
3765,0.5321531612034937
3766,0.645822924032111
3767,0.4929918740335017
3768,0.679820921071264
3769,0.5704281345932635
3770,0.5777037027496763
3771,0.5823205668260747
3772,0.57374632005391
3773,0.6982104360634154
3774,0.580217634644893
3775,0.4162763395106488
3776,0.5159599953813847
3777,0.5031606497633638
3778,0.5499904776892898
3779,0.6337743312548058
3780,0.4970537760486769
3781,0.5707060820216817
3782,0.4797109330220386
3783,0.42675361667119155
3784,0.470215430544525
3785,0.5942793006741468
3786,0.5706239079344952
3787,0.6261922965594758
3788,0.721189334105876
3789,0.5304058250955239
3790,0.6046924003281489
3791,0.546179996203275
3792,0.46907986900406035
3793,0.47426615533748767
3794,0.5867075304638031
3795,0.3083562124752041
3796,0.6254261084012295
3797,0.5513671954717555
3798,0.4686795567599025
3799,0.544419209555051
3800,0.4065627355149656
3801,0.6422886241104069
3802,0.4685727429090084
3803,0.5065496256361145
3804,0.49922173780913304
3805,0.5433924645960776
3806,0.48231147564990273
3807,0.47464490606438214
3808,0.5927383657834674
3809,0.7478007114023012
3810,0.5056914325381754
3811,0.5387381815499842
3812,0.5570389817982608
3813,0.5130192439135917
3814,0.5667834894871892
3815,0.5017379989965882
3816,0.4300679633484441
3817,0.44826482392223527
3818,0.39810844779089194
3819,0.5458247718871413
3820,0.7253980485468264
3821,0.4811468189241201
3822,0.5329547791313509
3823,0.48118388859396455
3824,0.6925081990051709
3825,0.5825808270049078
3826,0.7394208144253818
3827,0.5191620608204296
3828,0.595396651250427
3829,0.545890858867939
3830,0.4100158241138848
3831,0.5032922653081788
3832,0.48822722695933446
3833,0.5840151272042196
3834,0.5373170306882727
3835,0.4548339859633367
3836,0.4680410848323177
3837,0.5194894007806564
3838,0.3705957960628093
3839,0.5152652264116678
3840,0.550677419022099
3841,0.4703111631338123
3842,0.5259955132223122
3843,0.41277907007739
3844,0.5590756513476575
3845,0.5809134071957653
3846,0.519235026459996
3847,0.5015752538842834
3848,0.5022559908087816
3849,0.48348520163476943
3850,0.5531006647579526
3851,0.6120384725074333
3852,0.44315523783424704
3853,0.8470124288721057
3854,0.5204164656937813
3855,0.6022362977713365
3856,0.5278944535015838
3857,0.4241131069842162
3858,0.6994496080646735
3859,0.6420778713194231
3860,0.5713115675788895
3861,0.4878675740662162
3862,0.4602616194529841
3863,0.4845164551729258
3864,0.5495516237876973
3865,0.515471168114168
3866,0.47782511723487914
3867,0.5899970618342515
3868,0.47790354461268525
3869,0.581692344327348
3870,0.5738731830008323
3871,0.5067466585941784
3872,0.4706458295486169
3873,0.720296909723466
3874,0.4554977773858148
3875,0.5567274988278961
3876,0.6242751820688742
3877,0.5588450055974302
3878,0.42773574712700074
3879,0.4603932567975455
3880,0.6696319454317641
3881,0.48156845375941726
3882,0.4906216352875585
3883,0.4886012518911608
3884,0.5562257978803533
3885,0.44140774709961367
3886,0.4393464025011212
3887,0.5322025183572199
3888,0.5686516978789241
3889,0.5792707402670845
3890,0.5606008204783168
3891,0.44564934250964877
3892,0.5460286171461998
3893,0.5298999726136157
3894,0.6156803861955278
3895,0.5667684682219142
3896,0.5518427133111672
3897,0.40264447333452974
3898,0.4991337221361692
3899,0.4144702445764607
3900,0.5776458282948933
3901,0.49450306522191034
3902,0.5326350609661107
3903,0.5308969925861576
3904,0.5305879798456333
3905,0.5557797900018323
3906,0.6488968599606784
3907,0.5707827321786594
3908,0.6320337334117535
3909,0.5824610285498426
3910,0.470884031956317
3911,0.41145698420927024
3912,0.5627803328826096
3913,0.517522986689421
3914,0.493171561815925
3915,0.5024398194469848
3916,0.5604531622877332
3917,0.6061347588028841
3918,0.4669387011499513
3919,0.471732064190408
3920,0.6682140919819572
3921,0.39611246178886256
3922,0.37212042797093936
3923,0.8372822378874827
3924,0.6289479557678895
3925,0.46738148169474125
3926,0.4015094992051992
3927,0.42090856879887406
3928,0.5642432150646624
3929,0.5601351219881332
3930,0.5193158947251431
3931,0.36110100165704395
3932,0.419398263446126
3933,0.5757383483801233
3934,0.9271913508219597
3935,0.6074676866358387
3936,0.4513667441161916
3937,0.36817453632337804
3938,0.3348911781689103
3939,0.4812953451122076
3940,0.507819050229351
3941,0.5027110291761232
3942,0.47781277688044416
3943,0.4232124600858518
3944,0.37638062945337636
3945,0.6393915691162428
3946,0.4157994827340785
3947,0.5392587733519651
3948,0.5055050780975112
3949,0.5649945223636998
3950,0.4358024878965088
3951,0.5928640302077098
3952,0.45424454608370923
3953,0.46281725561955916
3954,0.6045778700386149
3955,0.41371098208928336
3956,0.6017941710039854
3957,0.59079912720332
3958,0.46766359418999237
3959,0.45707277923937245
3960,0.7229348929679505
3961,0.6001736507275087
3962,0.5098701611926374
3963,0.4777090514088662
3964,0.45370709679512516
3965,0.5092700133285
3966,0.5817550019917301
3967,0.4261489080613634
3968,0.5058010523443826
3969,0.4106676045123479
3970,0.5221458908568946
3971,0.4712293849209709
3972,0.548203342706148
3973,0.4936706282917375
3974,0.454033044515027
3975,0.46793058155315037
3976,0.43151034108858266
3977,0.6151570702513578
3978,0.3915434804130373
3979,0.6397671144063087
3980,0.4995018992227891
3981,0.5377826750969078
3982,0.5403037774056564
3983,0.48038018066512106
3984,0.5566656037089528
3985,0.49101445556763007
3986,0.5515231209596986
3987,0.43374894019963817
3988,0.518579901035055
3989,0.2650875493851518
3990,0.38823951762726305
3991,0.5704079103551304
3992,0.5862968757677797
3993,0.4770869567519264
3994,0.5512431790669043
3995,0.526040992303982
3996,0.46911962796070644
3997,0.5263425589839424
3998,0.34564836226029255
3999,0.48944145792730986
4000,0.5122886745439473
4001,0.5803999554468733
4002,0.4490815280122338
4003,0.6428402549523693
4004,0.4583140345119387
4005,0.576599377208734
4006,0.5961409942946712
4007,0.5436240960435994
4008,0.43109937751313016
4009,0.6077167261313839
4010,0.5438798610931024
4011,0.5878753755714453
4012,0.4552952494713234
4013,0.4776699424533324
4014,0.3786306272431632
4015,0.4800992055027177
4016,0.5742534952132541
4017,0.48568253927028593
4018,0.36382605299850945
4019,0.5363678095293809
4020,0.301707051901669
4021,0.45254771404130467
4022,0.4706861903942002
4023,0.48365285759676824
4024,0.5039876678465941
4025,0.46755458203825895
4026,0.4718294861863788
4027,0.5297519838861151
4028,0.4939739846118536
4029,0.6158955688621417
4030,0.40677911448725795
4031,0.5756323400772202
4032,0.4789752809989032
4033,0.5701490363208306
4034,0.37322518550158246
4035,0.49366016601934787
4036,0.48834082704543214
4037,0.6678794717901155
4038,0.5101154026093404
4039,0.49400551929246245
4040,0.5330331642018817
4041,0.6178348642172677
4042,0.4967275262402622
4043,0.4945862262942677
4044,0.5429538568884433
4045,0.577607991427841
4046,0.5719923351732863
4047,0.6333756120382529
4048,0.49491338901795207
4049,0.32776629105660493
4050,0.44600136443515337
4051,0.4877413805336151
4052,0.6199634621161614
4053,0.5699527411199327
4054,0.599585116432892
4055,0.29436195508727797
4056,0.42776220878128857
4057,0.8462833953161082
4058,0.5031809433943628
4059,0.42987320252496714
4060,0.5367309936353643
4061,0.4297490140018153
4062,0.5301302867790564
4063,0.4209286843255506
4064,0.4633046285061695
4065,0.4604301568672678
4066,0.6821266163793979
4067,0.6212599555221292
4068,0.5300121515195313
4069,0.5114854853067746
4070,0.6520376241918039
4071,0.4585941206142795
4072,0.4742851007750722
4073,0.4676408942190637
4074,0.5251772399113444
4075,0.5001192876274839
4076,0.5374685178594933
4077,0.5966305152118245
4078,0.7231723611207095
4079,0.45182179077326307
4080,0.4013629579601684
4081,0.497895992235763
4082,0.46591696695730767
4083,0.5928070568883794
4084,0.6619370316487161
4085,0.48615193549392777
4086,0.44411937062969487
4087,0.4047952407976904
4088,0.5895052731381959
4089,0.44819327370088113
4090,0.631662253124657
4091,0.6013741576180051
4092,0.528134855056043
4093,0.45194432903356163
4094,0.43076105860374037
4095,0.6902305346237754
4096,0.43045946861746476
4097,0.43062628173662726
4098,0.5719394454285226
4099,0.45244451021900967
4100,0.481498696403832
4101,0.5446165023720747
4102,0.5567912527771081
4103,0.6005300873006717
4104,0.40994845695261545
4105,0.6026959761110594
4106,0.4768808507929913
4107,0.6314059048732847
4108,0.5301242037448669
4109,0.5170644587170978
4110,0.5092825330073165
4111,0.5155211138455758
4112,0.4389266126990988
4113,0.7978787519038113
4114,0.5190262782890301
4115,0.5475050424690767
4116,0.678990091735572
4117,0.590234799826967
4118,0.5111101006051034
4119,0.5076408661711643
4120,0.66232984349237
4121,0.5065576935192727
4122,0.40682576548879523
4123,0.3548774013002398
4124,0.7717428476978132
4125,0.2850081607319901
4126,0.4963055504879287
4127,0.4844250410714551
4128,0.546032216489595
4129,0.4491900420965341
4130,0.6021156944588991
4131,0.5502079822759538
4132,0.7907205230032894
4133,0.4630428861531479
4134,0.7660723503748885
4135,0.4095733759900932
4136,0.6041717549512285
4137,0.4713602397765112
4138,0.5017279170235992
4139,0.45327564710583884
4140,0.6730249779084829
4141,0.4552893547980945
4142,0.46930695653146004
4143,0.39699396557119326
4144,0.5174798640276306
4145,0.5767466247374822
4146,0.42517608644014193
4147,0.6490946252513411
4148,0.47469867535651034
4149,0.5428366406966743
4150,0.40000410750416826
4151,0.48011271556985097
4152,0.4334551794560856
4153,0.6023214430548489
4154,0.5553395827097374
4155,0.47049816764453156
4156,0.678693670143949
4157,0.5267453527238591
4158,0.7876203754726403
4159,0.5274720607520398
4160,0.7417475079048859
4161,0.3645661872921946
4162,0.5771796411739077
4163,0.5055299287910243
4164,0.5821168205975246
4165,0.42777070559718344
4166,0.46458461532130446
4167,0.5703566529085196
4168,0.5624011493046727
4169,0.4044038707739709
4170,0.5639159582059574
4171,0.5089498536195631
4172,0.5528929191118176
4173,0.6249298521682496
4174,0.5361456602012554
4175,0.5051203375089196
4176,0.5228616243321224
4177,0.5327668375162994
4178,0.46863771933221887
4179,0.6305988552618885
4180,0.3644355122568852
4181,0.5714422709439075
4182,0.4973483960437452
4183,0.3392421066412405
4184,0.4427700853057139
4185,0.485114469623694
4186,0.6475422553854787
4187,0.3863434709859349
4188,0.5117965360455417
4189,0.6769753517187704
4190,0.6183888931528227
4191,0.5229210848029213
4192,0.5459277844166496
4193,0.6136162730460815
4194,0.5351016136352957
4195,0.3395422585185347
4196,0.541925872940023
4197,0.4793185868246083
4198,0.5063286759110708
4199,0.4013779953647517
4200,0.49298327793956803
4201,0.43767014068730636
4202,0.4256897058976182
4203,0.5454951771376326
4204,0.5208187655972418
4205,0.5775016248368927
4206,0.5713085045849965
4207,0.60279983770884
4208,0.492400758096202
4209,0.489800649137999
4210,0.47657989752278557
4211,0.4977552049397668
4212,0.5162942814983922
4213,0.49598581534818953
4214,0.6136304369188468
4215,0.6891688875219297
4216,0.25716873133119567
4217,0.5075946338913923
4218,0.5625971107172296
4219,0.4927160047543162
4220,0.5266177443164908
4221,0.5357881243449593
4222,0.5746861158035995
4223,0.5747538190328161
4224,0.39492107968868784
4225,0.47380786748376297
4226,0.5904796857059125
4227,0.5015724365161784
4228,0.4124750522870243
4229,0.875996521517258
4230,0.5342512520522216
4231,0.43157874336500995
4232,0.5547098694632667
4233,0.7036010046072618
4234,0.580023928406426
4235,0.8043969051463373
4236,0.4264220954718652
4237,0.6379329442836238
4238,0.5243365808750422
4239,0.325575569828642
4240,0.5264960766138856
4241,0.41690303542999774
4242,0.6333664745862018
4243,0.4112641812405117
4244,0.5404398095825945
4245,0.5401957740131953
4246,0.5277012939057587
4247,0.47222795134368145
4248,0.684403640905457
4249,0.5172812218631275
4250,0.48311885857547004
4251,0.7285738189608991
4252,0.6538504199643494
4253,0.5135376710773955
4254,0.5389840505810174
4255,0.4836590700077473
4256,0.44767389629770243
4257,0.4889322896872465
4258,0.6115770188371471
4259,0.5281651381615716
4260,0.47729801651231646
4261,0.41430943938350623
4262,0.47967957182283
4263,0.5955003528705243
4264,0.7214546522661947
4265,0.47774546981789207
4266,0.6634505601258167
4267,0.5700847413399477
4268,0.5880554306800511
4269,0.559140041171681
4270,0.574007055896267
4271,0.3870919194757513
4272,0.459633940416892
4273,0.5391671793491685
4274,0.4895081299147096
4275,0.6924256578276586
4276,0.5477965996224028
4277,0.5657014883281839
4278,0.46972592029486876
4279,0.5170011008950988
4280,0.4678339936932333
4281,0.5048013270345717
4282,0.5651326582962829
4283,0.3418215717432813
4284,0.4347638082195702
4285,0.6495328119823033
4286,0.4363997781295408
4287,0.658596024000395
4288,0.5881290230603878
4289,0.4940019549519154
4290,0.5620530887174814
4291,0.7402146653930992
4292,0.6608837779989185
4293,0.6244779766860586
4294,0.6146336102962803
4295,0.5957615481061349
4296,0.5410693148280702
4297,0.4657272583498052
4298,0.6955984383505158
4299,0.4240495554271134
4300,0.5693471518993761
4301,0.4626156120698242
4302,0.6491728013566666
4303,0.5359518104642039
4304,0.4609815675224269
4305,0.657471345410934
4306,0.5022384172451236
4307,0.5538635106999537
4308,0.6342979613554822
4309,0.3620199823208311
4310,0.6355223691574384
4311,0.6563524993348735
4312,0.602867815961685
4313,0.5227073069905473
4314,0.47396256334578496
4315,0.4281081804652591
4316,0.5309356273927618
4317,0.4719820944592693
4318,0.45519396404998635
4319,0.5566961076557214
4320,0.7225568682879169
4321,0.5836498836163692
4322,0.7316786875036627
4323,0.7860130785204162
4324,0.41802943185077296
4325,0.5394986535202362
4326,0.5146163265512392
4327,0.40162887593055396
4328,0.5778194914104987
4329,0.5742625335834307
4330,0.4941759795242383
4331,0.45389957831728855
4332,0.5558433925775035
4333,0.37971146506540226
4334,0.4938888285053508
4335,0.5560558921299606
4336,0.5463326195586965
4337,0.564506035665618
4338,0.5180317762291767
4339,0.5213475202234293
4340,0.459986460525878
4341,0.5415810073564268
4342,0.68138213668018
4343,0.5753239829888855
4344,0.5363218766732085
4345,0.6652244573652037
4346,0.40671894637490796
4347,0.5012237607848197
4348,0.49610283810775996
4349,0.7066451637677593
4350,0.3676701531373118
4351,0.5459913597202057
4352,0.4654846904374048
4353,0.5026410909366058
4354,0.5436461609229474
4355,0.4579823896628976
4356,0.556885696914458
4357,0.5488668811833637
4358,0.5380077583179204
4359,0.6593606144558526
4360,0.5522367100747168
4361,0.6828843545882055
4362,0.3379136547902378
4363,0.5198789128397955
4364,0.5130867101594299
4365,0.6904764835861011
4366,0.5931811142393089
4367,0.519549573422016
4368,0.6850813888153878
4369,0.47041770599500243
4370,0.4006260662391837
4371,0.585978358512085
4372,0.48046284983419457
4373,0.6308157737485983
4374,0.5321516022520203
4375,0.5008367946379275
4376,0.4561673589992259
4377,0.4133375436248823
4378,0.447473150250807
4379,0.6303594671527658
4380,0.40769340144169736
4381,0.4492794225992534
4382,0.4385692214047817
4383,0.441794226303405
4384,0.502821507321917
4385,0.6072746833088611
4386,0.5116398339480458
4387,0.42925966916524744
4388,0.5982456256514695
4389,0.5518815943901105
4390,0.439647320297303
4391,0.5903984366285772
4392,0.4055924539554133
4393,0.6030742196553542
4394,0.49828665033092046
4395,0.5645818906168596
4396,0.5024083403244138
4397,0.633256379320152
4398,0.6452207646033874
4399,0.5597378465945007
4400,0.5543250971766159
4401,0.5096190613278295
4402,0.3538366054513308
4403,0.3838078493645743
4404,0.5424557728430153
4405,0.584469657889694
4406,0.6452330699625528
4407,0.4555506336227222
4408,0.7708209876224369
4409,0.4967546061694325
4410,0.5122617277880621
4411,0.4230428955099568
4412,0.4559058865720533
4413,0.5039171686904811
4414,0.5143677381544487
4415,0.49790089130346105
4416,0.5998192403018183
4417,0.49684844676354845
4418,0.49523998614051346
4419,0.6660038324128628
4420,0.523639240864043
4421,0.5071624114174831
4422,0.4744479385555432
4423,0.45344760248584964
4424,0.49562938454532735
4425,0.4118165030941105
4426,0.47037428451591207
4427,0.4516861634347761
4428,0.5461543002392863
4429,0.4395147526550798
4430,0.4540325568935228
4431,0.43682091920467897
4432,0.447862637730509
4433,0.465621636697354
4434,0.607439155943275
4435,0.5399125677833777
4436,0.5675900733396674
4437,0.531062813271384
4438,0.43365415052414114
4439,0.5011102024899845
4440,0.566513840333
4441,0.5804125242850068
4442,0.39011248450281816
4443,0.527936447942153
4444,0.5139098214138603
4445,0.5859471713047018
4446,0.4628950945255757
4447,0.562509302670445
4448,0.3887793005877065
4449,0.4983779610566203
4450,0.44965912324860247
4451,0.47971137754227744
4452,0.5221084747236927
4453,0.7352362047988675
4454,0.5317776991713746
4455,0.4628240617225622
4456,0.8843768141879356
4457,0.6063013362384377
4458,0.48651810572525694
4459,0.4558525293377238
4460,0.6140874738303823
4461,0.5356947980400616
4462,0.5575352949660963
4463,0.5160224847326388
4464,0.615756035078872
4465,0.45306783466099004
4466,0.6374959592709426
4467,0.7635027741027014
4468,0.5583380071914327
4469,0.5909926939251804
4470,0.5692386103333934
4471,0.43067875312265824
4472,0.4522103324181921
4473,0.33688248200244875
4474,0.7199796439256667
4475,0.5874055518296815
4476,0.3544238143485651
4477,0.5858569767796287
4478,0.5505897788347385
4479,0.527118215353853
4480,0.4861083627749958
4481,0.3499065371257914
4482,0.5069739625061512
4483,0.5529408135538707
4484,0.5470843988124322
4485,0.4572892980759583
4486,0.6150061825085026
4487,0.5778435545060655
4488,0.5651858497909016
4489,0.5062765700442103
4490,0.6599916433852102
4491,0.4556116921448059
4492,0.5918955590416374
4493,0.5060206170823377
4494,0.7089706738868506
4495,0.49262862026806253
4496,0.6068434917668251
4497,0.5911712373995689
4498,0.43169987954823386
4499,0.43936057762308134
4500,0.5253850380839861
4501,0.6762099382130603
4502,0.5115752154730032
4503,0.4839111474832076
4504,0.5102865493956876
4505,0.35810402972666117
4506,0.41916179915856216
4507,0.27536753245868606
4508,0.6276225435090431
4509,0.5162112246102146
4510,0.54645620973718
4511,0.606697748848051
4512,0.5403763576926046
4513,0.5064077353900521
4514,0.5120483959612017
4515,0.5734631415151197
4516,0.5799374434707144
4517,0.5845981181285568
4518,0.38637102940698453
4519,0.5618648738040138
4520,0.6038947373980248
4521,0.4417281448118969
4522,0.5122711086630115
4523,0.4867613549071528
4524,0.45889284397866104
4525,0.46642386772954664
4526,0.5740566161305772
4527,0.5226854859234409
4528,0.4980629732511577
4529,0.6152109125079737
4530,0.5641531898226851
4531,0.5879851630545118
4532,0.38491832878445914
4533,0.3809085463259042
4534,0.4964633837931171
4535,0.5436105679718897
4536,0.5672896577377367
4537,0.5344337433464155
4538,0.604497911452402
4539,0.41783005085245095
4540,0.5623325572904282
4541,0.5612999488825718
4542,0.4866343404243177
4543,0.4724643317488681
4544,0.526053948734385
4545,0.6394102364671509
4546,0.7563658766302839
4547,0.35782397664558035
4548,0.48567908971792073
4549,0.4488526389747484
4550,0.5691647269001462
4551,0.5560814420715249
4552,0.5259824776937785
4553,0.5943788812612173
4554,0.597925642459593
4555,0.5349833706611234
4556,0.42180028380222884
4557,0.7442906779552355
4558,0.5917554273121516
4559,0.5545199909252133
4560,0.49355965516900413
4561,0.6020916143585291
4562,0.6508460855139535
4563,0.5208861304694039
4564,0.5631070966253944
4565,0.4033288012169356
4566,0.4239442574128426
4567,0.41288847221089686
4568,0.5280623736895173
4569,0.48993838401541817
4570,0.5506579841713489
4571,0.41294408715071057
4572,0.5094131215402535
4573,0.38979249340189714
4574,0.4705520768739187
4575,0.41082691309049746
4576,0.637141380840506
4577,0.5994574409987483
4578,0.5014933479671053
4579,0.407413140979886
4580,0.6148498627087537
4581,0.5257789986638295
4582,0.516067423163744
4583,0.3256037764406052
4584,0.3890054446116454
4585,0.5681143073445514
4586,0.6236238491012158
4587,0.4920685196416266
4588,0.44549537408616147
4589,0.4944916922809328
4590,0.36181552884437074
4591,0.5309389290458155
4592,0.6363660720221149
4593,0.5429822187231532
4594,0.6932401529717251
4595,0.4443880437952555
4596,0.5507957263600913
4597,0.3808488479081151
4598,0.6494632282705802
4599,0.5574714818244784
4600,0.457103772394567
4601,0.6042180198569956
4602,0.6708170407220253
4603,0.46748088663134046
4604,0.6072656048226331
4605,0.5744013651169327
4606,0.6270544434208644
4607,0.5192288504733603
4608,0.3902086212867921
4609,0.48138984457559836
4610,0.5924807460298043
4611,0.4094893684297112
4612,0.5010235367789065
4613,0.5763145053133123
4614,0.448585269852964
4615,0.5886112572083328
4616,0.5118264489065802
4617,0.5168128098199015
4618,0.5300721893892649
4619,0.5563643112337738
4620,0.5779358033285817
4621,0.5782868058277478
4622,0.5389419703348532
4623,0.6964445358783524
4624,0.5585574228254622
4625,0.6445477492344532
4626,0.6207378874156767
4627,0.56674176800161
4628,0.32616128777207076
4629,0.6265097386093349
4630,0.6594892428251831
4631,0.627725886401761
4632,0.5556643721111335
4633,0.5036200037991239
4634,0.5672565499141881
4635,0.4990660828933453
4636,0.5773432144472835
4637,0.496176172584062
4638,0.5361766260424556
4639,0.5339877157642386
4640,0.5492610173470897
4641,0.5032503888533388
4642,0.509889885261079
4643,0.3198944571691119
4644,0.531482645341531
4645,0.4888363015312885
4646,0.5780708692367433
4647,0.509871996006766
4648,0.5285085724239573
4649,0.8075004030491165
4650,0.7539509110794524
4651,0.6095923146393293
4652,0.5892781875960235
4653,0.5037690663163644
4654,0.8347724042787925
4655,0.4545947403266399
4656,0.4574471583236731
4657,0.5542684798892936
4658,0.4090660162054243
4659,0.38568885949876
4660,0.38318706086724275
4661,0.4596564650241004
4662,0.36259334833103635
4663,0.43886814546194086
4664,0.5675421055546976
4665,0.41224979759908487
4666,0.7003267857801461
4667,0.4375493103092878
4668,0.5887719029463753
4669,0.6119681591654361
4670,0.5189563057723063
4671,0.43798496706490025
4672,0.6379244011982643
4673,0.5283600378803363
4674,0.3851532154570746
4675,0.5664395976896069
4676,0.4126906412995599
4677,0.6808014110304393
4678,0.5614016690820282
4679,0.3962396547652107
4680,0.5363587548561535
4681,0.519299039395623
4682,0.5361547792995063
4683,0.5960531693226647
4684,0.4494791705495014
4685,0.5992147662383251
4686,0.46427210811055436
4687,0.39435546189500736
4688,0.49415868020524134
4689,0.6801902181361394
4690,0.501716840301853
4691,0.4982253039549484
4692,0.3350212739816549
4693,0.6035002371603359
4694,0.4994007291178086
4695,0.5496426720966042
4696,0.7117951849529363
4697,0.629587458113935
4698,0.4975627559941915
4699,0.49617527208018697
4700,0.5479038717515753
4701,0.6967371632500906
4702,0.502618708890123
4703,0.4658775406656699
4704,0.4808439035951012
4705,0.8014324908886286
4706,0.5596066593933169
4707,0.610613301261749
4708,0.6689625417924878
4709,0.5910024279127547
4710,0.5964666678887192
4711,0.5501497667208449
4712,0.6143735785185808
4713,0.47839207423240887
4714,0.5223456350628152
4715,0.517801537449989
4716,0.844803222507964
4717,0.5241335074241474
4718,0.5592866925340069
4719,0.41906327503453944
4720,0.4093913777343805
4721,0.5265260247783085
4722,0.6195613604663528
4723,0.6081322383307874
4724,0.7364366667496487
4725,0.604792575356253
4726,0.6194680237432278
4727,0.4425231265916074
4728,0.4357308681846028
4729,0.5130146385842927
4730,0.5810915536188815
4731,0.5273138296575992
4732,0.48590866123856724
4733,0.6368164969924933
4734,0.39073723220279843
4735,0.48097051981527583
4736,0.43463938771960575
4737,0.48107531060630054
4738,0.7514353086379695
4739,0.4525953196193738
4740,0.59232878083715
4741,0.48920939410631564
4742,0.4600486855216888
4743,0.5748109309336548
4744,0.5957970771114559
4745,0.39705044569829595
4746,0.5011368692391149
4747,0.5488362738920686
4748,0.5423824873083096
4749,0.6037417822902593
4750,0.5194135077015046
4751,0.44647411669014914
4752,0.5522684615395482
4753,0.4621546871015187
4754,0.5806533751648902
4755,0.4969669637997487
4756,0.5449429998887857
4757,0.5942103745613676
4758,0.3776870342579876
4759,0.6579057348983535
4760,0.34925502019044863
4761,0.4831919994617573
4762,0.7062310588866215
4763,0.685180369610451
4764,0.4715649982742922
4765,0.8088599110213364
4766,0.4063383237608699
4767,0.29664133437151413
4768,0.5765768907668105
4769,0.31770303319065774
4770,0.3857106789339399
4771,0.5217813194147584
4772,0.4633186089870905
4773,0.5570819191248284
4774,0.4628123738841069
4775,0.6477383594274558
4776,0.42402773331533905
4777,0.5589216451495512
4778,0.5707910324647815
4779,0.7721367299727568
4780,0.41281710675462874
4781,0.7054353403483475
4782,0.4577850600966226
4783,0.3899850419864771
4784,0.5015598795858545
4785,0.5988674923547583
4786,0.5633166759618252
4787,0.689048869059657
4788,0.6743465926839105
4789,0.49788052481344763
4790,0.6665865486308937
4791,0.4700494811642356
4792,0.5280257798698387
4793,0.5559073583361482
4794,0.5394432220346422
4795,0.7177947917402161
4796,0.47820041158874027
4797,0.5063471268494294
4798,0.4498026713126212
4799,0.6191514824174028
4800,0.5527845979560667
4801,0.6336224729033324
4802,0.42745179141266754
4803,0.5830674124889548
4804,0.5174541920734517
4805,0.7533813603245791
4806,0.6252502938238954
4807,0.5369669473425136
4808,0.4652949201478134
4809,0.5144443007417323
4810,0.5278972799778937
4811,0.3398631595251806
4812,0.3510233383489209
4813,0.4113222451936937
4814,0.5609418486312296
4815,0.621305169719023
4816,0.41718152415519605
4817,0.4526612057389061
4818,0.5667891008465623
4819,0.6570336217940418
4820,0.42842923504204355
4821,0.5386638751710774
4822,0.5307538712814078
4823,0.6767401580759514
4824,0.5660497125726064
4825,0.49016821282310813
4826,0.5960729508146636
4827,0.5351982032295365
4828,0.506601605692208
4829,0.40610522266699645
4830,0.4629962589239848
4831,0.5391959462944916
4832,0.6743734391308034
4833,0.47434521453660294
4834,0.46799630763323313
4835,0.4758108621758454
4836,0.46877604544661056
4837,0.4476975806381993
4838,0.5567989576042384
4839,0.5296060712641066
4840,0.40392467442903257
4841,0.5737181988409513
4842,0.5740242679118824
4843,0.5727919241869325
4844,0.5733236299113511
4845,0.4468594626191298
4846,0.5588033863255045
4847,0.6461607008698206
4848,0.5017877025451638
4849,0.6187351510478479
4850,0.4543620962314967
4851,0.5144205021371365
4852,0.5083790121886126
4853,0.7365974389128024
4854,0.5434217411054344
4855,0.5114073752322109
4856,0.46171753298350104
4857,0.44928111738859566
4858,0.572906062345303
4859,0.6746197648278135
4860,0.543605977923911
4861,0.2682575688998304
4862,0.5519892414781068
4863,0.5549491093151158
4864,0.5925783716229724
4865,0.3298040537611817
4866,0.5509964916046776
4867,0.5466321350290227
4868,0.4312486934694205
4869,0.3335882443536764
4870,0.5843181319736578
4871,0.5325544844035361
4872,0.7427813105035791
4873,0.5870495725197535
4874,0.5286106244358098
4875,0.4901620044751201
4876,0.6887506631122187
4877,0.39919770361077156
4878,0.5381543201325557
4879,0.5128924687287602
4880,0.5537256470365499
4881,0.6057649709905173
4882,0.7036046234201434
4883,0.5817722259562119
4884,0.3876982399969373
4885,0.34936420242875865
4886,0.5609686518522314
4887,0.5118975131482743
4888,0.6014565013822349
4889,0.5772911032832206
4890,0.4896057146979091
4891,0.5347721949172639
4892,0.42406680460616086
4893,0.5646674359254286
4894,0.5580669791731385
4895,0.5513674435777893
4896,0.5559143502733892
4897,0.36933283123580585
4898,0.5192048793257419
4899,0.4995598593990948
4900,0.5072233805074258
4901,0.4884858248023957
4902,0.6904166355739318
4903,0.6041388141269955
4904,0.37053969588596136
4905,0.5408510152018169
4906,0.4929458498644558
4907,0.5991925836986465
4908,0.5979815640117286
4909,0.5080499096295817
4910,0.49333589755744356
4911,0.45979066979082184
4912,0.406127843298431
4913,0.4924006226445815
4914,0.5116623763063815
4915,0.6456113129527474
4916,0.47529569519029846
4917,0.5572933664017694
4918,0.790402257992149
4919,0.44452104476170107
4920,0.6184454173292625
4921,0.6590443607638017
4922,0.5668251476270271
4923,0.47301215722103923
4924,0.4463611745152433
4925,0.5946133904211038
4926,0.3615023833632912
4927,0.6139159453124732
4928,0.47103455913341374
4929,0.5312341482325805
4930,0.47316043210657366
4931,0.7672254695018892
4932,0.5555120771512198
4933,0.5013958524445284
4934,0.47229829348887864
4935,0.5018350882921729
4936,0.5521294980989558
4937,0.40586565412342246
4938,0.6050041961801873
4939,0.5558718454899271
4940,0.581822362018913
4941,0.4819730292400008
4942,0.543306250762366
4943,0.5838862018565316
4944,0.5678744761757044
4945,0.6401945311431537
4946,0.6153396439937756
4947,0.4546743283452879
4948,0.4472820907267386
4949,0.4389988259810178
4950,0.5608817213982265
4951,0.4422225829287132
4952,0.5059855167130191
4953,0.40698981215125096
4954,0.5560891364210067
4955,0.49209775062090855
4956,0.40602590677597455
4957,0.423695563679409
4958,0.3950175237761063
4959,0.46513065608660875
4960,0.44161861481182496
4961,0.48777895899659784
4962,0.5106705685211193
4963,0.5552331413675705
4964,0.6039468325459761
4965,0.39982703681351495
4966,0.412229293010279
4967,0.6847000454815766
4968,0.46038936906825506
4969,0.6777952783476036
4970,0.3842852324629214
4971,0.4978481750683694
4972,0.49512935344663805
4973,0.5023506149424297
4974,0.5751848983907581
4975,0.6516146683616781
4976,0.43624827837291424
4977,0.7601843988723996
4978,0.581172502042768
4979,0.430935532103995
4980,0.5678619108881696
4981,0.5800326008909172
4982,0.47428055496507515
4983,0.49381549625743776
4984,0.4581504047499699
4985,0.41441360619482864
4986,0.5198265150363445
4987,0.4411448087242765
4988,0.6359277817402061
4989,0.38940175806653327
4990,0.5333890578911309
4991,0.5938539751370012
4992,0.5374499787646705
4993,0.48080143575830353
4994,0.4978836229237045
4995,0.6436349283977921
4996,0.4983424469665094
4997,0.4380399692301164
4998,0.5091078212524647
4999,0.5602785962506096
5000,0.49983806488513777
5001,0.5062894599614932
5002,0.46192901573328954
5003,0.5065805276112472
5004,0.6152415332473739
5005,0.5160392898529962
5006,0.39716572055784327
5007,0.4998790017829255
5008,0.6913433325305804
5009,0.7063404672258571
5010,0.4499827824908337
5011,0.4711041435839803
5012,0.5712778519081665
5013,0.5051069138802163
5014,0.5098290721425423
5015,0.5078382080642483
5016,0.47923444680413396
5017,0.6242608322124665
5018,0.4716680656532115
5019,0.499642172632493
5020,0.4100823935664992
5021,0.6538284417363368
5022,0.4403580004511596
5023,0.6426861565480451
5024,0.4089343188297019
5025,0.44348768960121
5026,0.5103673092199824
5027,0.5951945722215108
5028,0.5910713809378454
5029,0.3794831096394769
5030,0.5758600984958341
5031,0.44308284208999604
5032,0.49091669537955973
5033,0.6077432186285835
5034,0.5356449924438144
5035,0.5908857053675992
5036,0.5058195061657361
5037,0.4543359359323944
5038,0.4359643365638684
5039,0.6630208598726689
5040,0.7687861969953629
5041,0.5377345534740285
5042,0.6238636853822571
5043,0.44301591354362924
5044,0.3775577536716693
5045,0.519745018378925
5046,0.5722059787011421
5047,0.5203351375529552
5048,0.4723564027042536
5049,0.4545033516937274
5050,0.5982487409718611
5051,0.5630353328033657
5052,0.42821351286364306
5053,0.5711914638463921
5054,0.44385693336804394
5055,0.4605747821339016
5056,0.4482134963543376
5057,0.549838612320225
5058,0.4715374258349258
5059,0.6985590500936734
5060,0.5156405296128
5061,0.4946221417495742
5062,0.6977528670506401
5063,0.5141357769917331
5064,0.46549177777640116
5065,0.46928638403148
5066,0.3686892728477109
5067,0.49218365480697357
5068,0.6139148559333878
5069,0.3370083865159625
5070,0.42543654961145727
5071,0.4622044773628741
5072,0.45638169120714456
5073,0.6101104928711079
5074,0.4867185106232603
5075,0.5715779465932654
5076,0.5986029121544966
5077,0.4456056071465834
5078,0.4453662265589006
5079,0.5314952664784977
5080,0.5405833263507241
5081,0.5366114048774877
5082,0.47311223758921905
5083,0.5389101039354535
5084,0.5122284287523186
5085,0.6399013543295969
5086,0.5359585707135103
5087,0.47043851657425517
5088,0.5167135205278565
5089,0.6355139578329514
5090,0.44139475923779214
5091,0.4232539170922869
5092,0.4987032312167656
5093,0.39949445336797
5094,0.534357208970046
5095,0.5518728956112194
5096,0.6581656398324174
5097,0.45659371395185094
5098,0.6066333828745735
5099,0.4802702239170767
5100,0.37031156475887794
5101,0.540513994422984
5102,0.49529591810559054
5103,0.676579218981181
5104,0.47956929758358996
5105,0.5287641626239674
5106,0.5408273524335003
5107,0.3949958262230109
5108,0.4744202981817413
5109,0.7154712748823724
5110,0.4818780574099414
5111,0.5715841100096961
5112,0.6784688879002254
5113,0.5130971387751592
5114,0.3519643630154162
5115,0.4382721027653912
5116,0.6101969965787603
5117,0.5972863019691241
5118,0.40670334795959284
5119,0.45283981826879494
5120,0.3695479387661508
5121,0.4509045090516055
5122,0.5476382105378517
5123,0.7733151455120117
5124,0.5911365975092041
5125,0.46622560277909914
5126,0.4871120239084713
5127,0.6544733351820995
5128,0.7666211292449223
5129,0.534218420625629
5130,0.5860130325357323
5131,0.4350921070295869
5132,0.5154046301091912
5133,0.5995634101471473
5134,0.3737544856801227
5135,0.4649546264445635
5136,0.46414107826963136
5137,0.4272156820268861
5138,0.3663065525620259
5139,0.37484555110684725
5140,0.6404753780246757
5141,0.5243937693049878
5142,0.5290662107023651
5143,0.525326325171126
5144,0.6952227041675509
5145,0.48921105691954236
5146,0.4561363017865506
5147,0.465373358501073
5148,0.6980518685719663
5149,0.4620815103416359
5150,0.5595409889913511
5151,0.4621941602573932
5152,0.6839945908778448
5153,0.6329907989913024
5154,0.5068881875086738
5155,0.4563178972216436
5156,0.7281156364068511
5157,0.6736645514797807
5158,0.4633081293252311
5159,0.493248320861487
5160,0.33810397556587796
5161,0.5820317680121199
5162,0.5976043753704784
5163,0.3736044515965402
5164,0.6865769986724147
5165,0.45370208392830225
5166,0.5434047216651785
5167,0.39024806355308184
5168,0.5015601532638416
5169,0.5109637113739691
5170,0.48137958577056994
5171,0.5272395606433863
5172,0.6472335309710048
5173,0.443008153081113
5174,0.47033585531597877
5175,0.5454818740960253
5176,0.4504684136226955
5177,0.3737320653785108
5178,0.6710324875639178
5179,0.502818611870451
5180,0.5405324948425615
5181,0.5873997236113374
5182,0.5475366949799614
5183,0.5640130258330623
5184,0.5028391383878548
5185,0.5829526889820859
5186,0.5645464175974781
5187,0.4295467095309333
5188,0.5918016761111251
5189,0.3753331585324273
5190,0.5023235603737317
5191,0.3924089258034785
5192,0.4877613506037646
5193,0.46813461001501266
5194,0.45322292127403313
5195,0.4896070229892694
5196,0.5121465495912734
5197,0.5149144986855176
5198,0.6441384921981653
5199,0.8024659127045708
5200,0.5263012196580277
5201,0.5508505937609108
5202,0.6081108018485593
5203,0.6205528688635162
5204,0.6564738025073533
5205,0.5772651525755446
5206,0.5562077360854503
5207,0.5502873070936756
5208,0.5711529811117991
5209,0.39198006942023267
5210,0.49996985839760993
5211,0.5421153183525551
5212,0.35727987310723297
5213,0.4469000702374481
5214,0.47075465941358735
5215,0.5348028478010702
5216,0.4214098992016179
5217,0.9411283115101374
5218,0.318418833963525
5219,0.661566008391272
5220,0.4910357924321946
5221,0.5555424914416905
5222,0.5688796127988787
5223,0.529708000245756
5224,0.5087610633961179
5225,0.5787444530215906
5226,0.6533001465543831
5227,0.6360877986646983
5228,0.5478167864880449
5229,0.5156715935029508
5230,0.7279436391138029
5231,0.5212480830492648
5232,0.5775619684114465
5233,0.4807634490084055
5234,0.48921420666488175
5235,0.5573612845183396
5236,0.4019813232051743
5237,0.5223042069841172
5238,0.5252877539135464
5239,0.4687031507937142
5240,0.4566659258176474
5241,0.637019749662193
5242,0.7275284728374165
5243,0.5796457528576949
5244,0.41713102639516003
5245,0.5304886138907273
5246,0.5154164566612982
5247,0.4502366691170272
5248,0.5493534752468341
5249,0.5879647866207419
5250,0.49510785212842406
5251,0.575105619211812
5252,0.4806145837411311
5253,0.46521901233848423
5254,0.6442040953367123
5255,0.44821073716418075
5256,0.4830980582757925
5257,0.4010542206055092
5258,0.4390471744364922
5259,0.5910471596609665
5260,0.46832916532593777
5261,0.7467305173378189
5262,0.4922519494656011
5263,0.6910256981054442
5264,0.3946983430713855
5265,0.6114113005022764
5266,0.6712804336909215
5267,0.6031741328836957
5268,0.7751100659249983
5269,0.4408691712700688
5270,0.6059734142404102
5271,0.5223333951691626
5272,0.4927839021251744
5273,0.4959222158143683
5274,0.4299863850396914
5275,0.44923403090868896
5276,0.4875087401435256
5277,0.5215295596244196
5278,0.6145901269694263
5279,0.443306631441374
5280,0.38701461442434915
5281,0.5809425107373547
5282,0.4165033027376631
5283,0.41426814990274036
5284,0.5301932550759646
5285,0.5350410929220033
5286,0.5346902508095537
5287,0.5947804384173732
5288,0.43567828877279524
5289,0.7008264679755051
5290,0.4840509976012789
5291,0.4622660239319084
5292,0.5545389918246224
5293,0.4922977503857162
5294,0.48189799516486886
5295,0.6738372305270086
5296,0.37367795336378484
5297,0.44693085462820537
5298,0.614940998627804
5299,0.6354981374637234
5300,0.5452021930339935
5301,0.8718955647587912
5302,0.5794361769891107
5303,0.31906835523269783
5304,0.43984444201235107
5305,0.5264433621775831
5306,0.40933550703633653
5307,0.509208519816161
5308,0.5120623093704254
5309,0.44031151464073287
5310,0.459456398412412
5311,0.6976183131083293
5312,0.37695034641955927
5313,0.5434728380939445
5314,0.4769762600054345
5315,0.4934424372360482
5316,0.45503858770298694
5317,0.5014361960912825
5318,0.4752270756097635
5319,0.4174109941851721
5320,0.7530600656855928
5321,0.3908690816937234
5322,0.4363972890127398
5323,0.48087415720220983
5324,0.4992016943212598
5325,0.6492691503192961
5326,0.4515193079771004
5327,0.4983095094161876
5328,0.515704533876416
5329,0.5398949586236707
5330,0.604178926583199
5331,0.5187907946044483
5332,0.5557267489477914
5333,0.500235128054068
5334,0.582850367325151
5335,0.5011766523657226
5336,0.4996204724798959
5337,0.7187078940570697
5338,0.4566573196182755
5339,0.7638467097701572
5340,0.4309140916606564
5341,0.4346580751318162
5342,0.5412903392825698
5343,0.500072679212639
5344,0.5980610196965476
5345,0.5733061959909824
5346,0.48509439283576306
5347,0.5236393735755384
5348,0.4827204012950188
5349,0.4261700160311084
5350,0.4888496524513493
5351,0.5749323839213316
5352,0.5350099740442116
5353,0.5254497874357263
5354,0.4709006595945095
5355,0.6429057921967529
5356,0.75245200510652
5357,0.5149055379029392
5358,0.7375671283580119
5359,0.6261163308155518
5360,0.7234979690087446
5361,0.6478832512199675
5362,0.49922074150366835
5363,0.5754746601228863
5364,0.5257040151916313
5365,0.5441806790468873
5366,0.7045363486053242
5367,0.5976729384944246
5368,0.5533010130212286
5369,0.4903498547458642
5370,0.5106575187366557
5371,0.49603496709357675
5372,0.607547958450475
5373,0.5844709553122327
5374,0.46666573687471
5375,0.6132123466304524
5376,0.6301055248204225
5377,0.5301254604271377
5378,0.5626748501465667
5379,0.5193955986260473
5380,0.5517669884547342
5381,0.4371415417171973
5382,0.5197268017881751
5383,0.4396558433814516
5384,0.7000913121627466
5385,0.5464855020587901
5386,0.8103422096595969
5387,0.4677856930412109
5388,0.4912777009865972
5389,0.4882298288419298
5390,0.5621079905753552
5391,0.3748167859525706
5392,0.5692429314201491
5393,0.4685321470749537
5394,0.4730613725799531
5395,0.4540654907261114
5396,0.48677461819588025
5397,0.4820382750185324
5398,0.40521546316462626
5399,0.5473263717941717
5400,0.4769225638983689
5401,0.5973778553222121
5402,0.49513137668694507
5403,0.5400027784472143
5404,0.45869503030048125
5405,0.6143846230306147
5406,0.6456857413535095
5407,0.5928143612241117
5408,0.5125384972318112
5409,0.5632976278574031
5410,0.5330718382286562
5411,0.5737606542971976
5412,0.5027387629839831
5413,0.4407638082911834
5414,0.654516245335286
5415,0.38435082694337336
5416,0.5493567317509412
5417,0.5701512004874666
5418,0.36494587040692006
5419,0.47081426907992896
5420,0.49186444201377544
5421,0.4590937464631489
5422,0.667266303483119
5423,0.5298907289171247
5424,0.3516012621123191
5425,0.563103234827426
5426,0.5793076969581845
5427,0.5252298581559495
5428,0.6847830974753233
5429,0.383644983146758
5430,0.5247131249751718
5431,0.7028099062194086
5432,0.5291225195110401
5433,0.5517947349481802
5434,0.44101907027129106
5435,0.7003497903455965
5436,0.44100188927032236
5437,0.6015554749019891
5438,0.48663075573733117
5439,0.5126867278062262
5440,0.5472147643783712
5441,0.4694441361998749
5442,0.7170850322795806
5443,0.5504806496708432
5444,0.5731210532784878
5445,0.27539477084996317
5446,0.496614807853796
5447,0.5758025406917191
5448,0.6606403141894698
5449,0.6897664336015201
5450,0.6129062604844704
5451,0.5200318115070466
5452,0.48220837225330104
5453,0.4732292792348572
5454,0.5415976330459097
5455,0.6613882233781976
5456,0.6264060590306253
5457,0.44579819662159725
5458,0.6411756086557483
5459,0.6036484613500784
5460,0.5413410218110043
5461,0.46279506596344355
5462,0.4827860156114648
5463,0.5221122828462461
5464,0.46320393189892584
5465,0.3478508758659439
5466,0.6352480233150063
5467,0.44769808249545184
5468,0.42714752425229524
5469,0.3808890955021583
5470,0.6903250073714352
5471,0.5897393410176635
5472,0.4817958020031923
5473,0.5651277314976908
5474,0.4911538161345441
5475,0.47191123157658343
5476,0.3095092178128046
5477,0.44042330059162393
5478,0.3968916589160262
5479,0.6482038678228352
5480,0.570822972235541
5481,0.7246838917885939
5482,0.3467754563978099
5483,0.48569772559156776
5484,0.5120215257151598
5485,0.5934488589897017
5486,0.5689008319644613
5487,0.8003296635368999
5488,0.5981337727158521
5489,0.4889501527069715
5490,0.4889868043381464
5491,0.5198297863855851
5492,0.4866827474991301
5493,0.6060347818713518
5494,0.7201597790122883
5495,0.5592739020755756
5496,0.48013166528334383
5497,0.40783691713005893
5498,0.6109984360743047
5499,0.5674560089174363
5500,0.6242267823011265
5501,0.6554266894400516
5502,0.49657093446259826
5503,0.5525468703607836
5504,0.37002178661329366
5505,0.4262123842486415
5506,0.49035047765039147
5507,0.737389425519462
5508,0.4534317173529932
5509,0.5743034784016346
5510,0.5053057377671649
5511,0.655141827409361
5512,0.6960023515804343
5513,0.7799335073891241
5514,0.6000472410266245
5515,0.6605038597267263
5516,0.5397995608059913
5517,0.446987632706071
5518,0.6970113508220622
5519,0.565138865588351
5520,0.42620263792132
5521,0.5161059477408613
5522,0.5818664864422192
5523,0.46310514195735386
5524,0.5139924435938357
5525,0.624893347408803
5526,0.6522153515947565
5527,0.7125608362566317
5528,0.6495027904330881
5529,0.46373820332945226
5530,0.3392511227666559
5531,0.6053688904540994
5532,0.5365391285910398
5533,0.4858308803620972
5534,0.489176696646319
5535,0.655557996162428
5536,0.563292416649087
5537,0.4117078583344807
5538,0.3435713102446062
5539,0.678758034145615
5540,0.6114378809983545
5541,0.568224464233749
5542,0.6042947305173914
5543,0.5780199161592446
5544,0.5432592455017846
5545,0.45297509609915204
5546,0.48799212691357097
5547,0.554528255154278
5548,0.5620067084633015
5549,0.4400178426284399
5550,0.3901030728580369
5551,0.552795292053513
5552,0.6847651091857385
5553,0.6997440450509126
5554,0.5440242524268818
5555,0.4413011440665979
5556,0.3642464231825273
5557,0.5905597339918481
5558,0.48864893217822297
5559,0.5816287445099084
5560,0.4301280680536974
5561,0.5046245970362373
5562,0.6829247002290446
5563,0.6824447395063997
5564,0.455174437574883
5565,0.6439674401119291
5566,0.42982940097577543
5567,0.5029459584831119
5568,0.48904214593338224
5569,0.43743597446773747
5570,0.5155524620349043
5571,0.5398256539646435
5572,0.5620700041047043
5573,0.546942186790873
5574,0.4821683374342015
5575,0.4399532055452322
5576,0.45554125113552063
5577,0.5865378463646447
5578,0.5018050922606884
5579,0.49823580442665044
5580,0.5260794319027182
5581,0.4774578096402405
5582,0.5806097205350416
5583,0.5968681691887151
5584,0.5436295701406294
5585,0.2737220475152838
5586,0.5443976578107729
5587,0.5459015537610421
5588,0.44423597948336024
5589,0.6397498325633454
5590,0.6937467379600036
5591,0.4038114968602242
5592,0.5337612321042872
5593,0.7986688904529426
5594,0.4092987211687883
5595,0.501181151671805
5596,0.49906011291989044
5597,0.694140526884924
5598,0.5896655121837797
5599,0.5442341781862464
5600,0.5446700295911993
5601,0.4102498217460345
5602,0.6721137511135461
5603,0.5611026590463648
5604,0.5107700835136066
5605,0.5235350897548705
5606,0.5393791447435414
5607,0.499539451323156
5608,0.5388472770974168
5609,0.5965755065857303
5610,0.5973593034934379
5611,0.3898605563836003
5612,0.5583245259598411
5613,0.6273151954500097
5614,0.4379767817776318
5615,0.4257518635005826
5616,0.5536085159723153
5617,0.5957752802420654
5618,0.5915437846991314
5619,0.5663049216738332
5620,0.3518380498325868
5621,0.6099858532668413
5622,0.47492603323141225
5623,0.48550059301573545
5624,0.4037991728424641
5625,0.474355179333605
5626,0.5753644223578483
5627,0.46206523718913006
5628,0.5455668849572367
5629,0.4818953718093308
5630,0.4696583894360064
5631,0.5326169485037708
5632,0.6335654123857035
5633,0.6178754679383678
5634,0.5111915401021193
5635,0.4746090640881207
5636,0.5091724829535222
5637,0.6120189881209765
5638,0.39872178754970766
5639,0.5707800662164311
5640,0.6403993167713903
5641,0.5038845006793564
5642,0.5092344050587785
5643,0.650077057073796
5644,0.42349908855780527
5645,0.5716220847770268
5646,0.36019777883402904
5647,0.5049233678334969
5648,0.7124140526519391
5649,0.5456410765422359
5650,0.44908976252832333
5651,0.7381176368798238
5652,0.48925846284089597
5653,0.47186543248979673
5654,0.487928664633459
5655,0.4469542993339292
5656,0.4021231849427516
5657,0.67660600869747
5658,0.48315984888045366
5659,0.3787396930233377
5660,0.5133894295968434
5661,0.43504598233279956
5662,0.6003699750244866
5663,0.6706259326971469
5664,0.5202910387268154
5665,0.5835290205164316
5666,0.5604656523133549
5667,0.7054689031773678
5668,0.542495210530246
5669,0.6350551944190264
5670,0.41074204424852206
5671,0.49421823651358343
5672,0.6340984802611898
5673,0.3831166744562956
5674,0.6191569870891469
5675,0.5235149277847285
5676,0.483618870585375
5677,0.44225168186617875
5678,0.5325432696580858
5679,0.5257586005007474
5680,0.6404534176420634
5681,0.7428562911825672
5682,0.5259893045926659
5683,0.477532078735255
5684,0.5778972608948076
5685,0.5229479173794458
5686,0.34471174430697404
5687,0.6568057465641756
5688,0.5089214649415379
5689,0.3776709639216418
5690,0.45950411858551954
5691,0.5228645385706051
5692,0.5739816717686149
5693,0.5270452743917161
5694,0.6645308424731216
5695,0.4420575827950898
5696,0.5609320726782085
5697,0.5312884986610312
5698,0.7707142245973243
5699,0.44438383278114874
5700,0.5081605991924524
5701,0.6136253425921205
5702,0.6154628049258009
5703,0.5979052749688254
5704,0.35608766523086754
5705,0.6233080063303205
5706,0.4772519856665991
5707,0.5266595579929884
5708,0.5182741679952574
5709,0.7458790661720343
5710,0.5332041893788071
5711,0.6405945372469332
5712,0.5916385829646437
5713,0.6239719432021511
5714,0.44260100556512205
5715,0.6114828757721682
5716,0.5596475926022042
5717,0.5035048629098771
5718,0.6399075856557783
5719,0.44905403788995707
5720,0.5805137599953137
5721,0.39410351748375655
5722,0.6701241867009065
5723,0.507818729429593
5724,0.4598738021434798
5725,0.6614820688175415
5726,0.6951855873146089
5727,0.3987036570446741
5728,0.605114527335639
5729,0.6809278515767586
5730,0.695682964851605
5731,0.5963852834732224
5732,0.41001942517455287
5733,0.6183197557505331
5734,0.546710736084304
5735,0.5258583312723006
5736,0.536685936721585
5737,0.5648490516785976
5738,0.4547458985181483
5739,0.4394017200560443
5740,0.5919157864278648
5741,0.404844264712364
5742,0.8671063798316189
5743,0.4536002204566081
5744,0.4266769096268377
5745,0.6120323164120485
5746,0.6648518549908295
5747,0.48329987918159256
5748,0.46331595715231055
5749,0.4358712457991407
5750,0.4277621779653621
5751,0.4609646908492846
5752,0.48795370087917633
5753,0.49617812083820956
5754,0.5669045114948292
5755,0.6235419981814552
5756,0.5113491587247246
5757,0.4158565321277674
5758,0.6300114320574591
5759,0.44610943476191434
5760,0.5830036794980259
5761,0.46491760537516724
5762,0.6318976065822892
5763,0.5357980601893426
5764,0.5058388961827531
5765,0.6567671255123546
5766,0.42935029473579234
5767,0.5448727086359137
5768,0.3553456115357093
5769,0.40853330338320815
5770,0.3794171304671618
5771,0.5068050511482041
5772,0.5703854689036544
5773,0.49097693255903346
5774,0.6102264349181867
5775,0.6706230500242542
5776,0.4956258913406346
5777,0.4720953359679643
5778,0.6661133052911251
5779,0.6310000653570588
5780,0.41436670613866666
5781,0.5575093601928353
5782,0.39755939690367104
5783,0.4842464285952491
5784,0.5096098770289341
5785,0.4779619287868838
5786,0.44517672285202486
5787,0.4784040739949334
5788,0.5077661242617658
5789,0.5658825886784634
5790,0.714943088314985
5791,0.5923163842522091
5792,0.4734753292704462
5793,0.48542589363159333
5794,0.39553540865661924
5795,0.6608498504606983
5796,0.5305345720773246
5797,0.5836039499599429
5798,0.48086270371404494
5799,0.6432415162790459
5800,0.5214513836275052
5801,0.48123238958016235
5802,0.6178568396868639
5803,0.38108401024880983
5804,0.5051714312451325
5805,0.777475370735531
5806,0.7345509610747522
5807,0.48168682382604516
5808,0.26319483980496705
5809,0.4851950119137775
5810,0.4958856369313858
5811,0.4735901567402317
5812,0.569040371376734
5813,0.5577449137143204
5814,0.5231121907137697
5815,0.5288069621629148
5816,0.5277051460225869
5817,0.48478275870517096
5818,0.5490860537378962
5819,0.4719968490102004
5820,0.37022457063699465
5821,0.7561597811898547
5822,0.40093893962959887
5823,0.5483237088610272
5824,0.5724488205074834
5825,0.5157689370999067
5826,0.5094291016811161
5827,0.6193624861866412
5828,0.49222300787005135
5829,0.485814886562028
5830,0.5232832345902297
5831,0.48186754664653886
5832,0.32806456698682873
5833,0.5901070016308932
5834,0.7605732972872581
5835,0.32107989386781083
5836,0.4780557900157002
5837,0.5060682721133745
5838,0.6016941022796957
5839,0.4102337563772437
5840,0.48266689845970395
5841,0.5055780147153491
5842,0.555627245782533
5843,0.467875048194512
5844,0.5915840303934371
5845,0.46339083757654076
5846,0.4869691846290689
5847,0.5799487541972977
5848,0.4569973270613751
5849,0.5346178424755506
5850,0.5088623669689383
5851,0.6037748856660576
5852,0.5523239290857422
5853,0.45161074728426087
5854,0.6660867364055133
5855,0.4204824532668456
5856,0.35274076093593587
5857,0.6897799825603882
5858,0.5143986935642875
5859,0.560672479887491
5860,0.38094597287636994
5861,0.36810734866243067
5862,0.4184620507747918
5863,0.49362338067008027
5864,0.43784609227633575
5865,0.5460563710924614
5866,0.49317447095293093
5867,0.7506274415079383
5868,0.6387146221516645
5869,0.45355950594062927
5870,0.5426257651610406
5871,0.5075166613768956
5872,0.4687069605501172
5873,0.5104840170417159
5874,0.48530818913797846
5875,0.44712120073225525
5876,0.5654647735561451
5877,0.715456793886079
5878,0.4596018550743458
5879,0.5411796002501986
5880,0.5437574969913999
5881,0.5576712251715474
5882,0.4209648099640354
5883,0.6017488762388041
5884,0.6556612074594642
5885,0.4880057051313349
5886,0.4511968374180154
5887,0.46157004534837
5888,0.48988594226535653
5889,0.4694490406377442
5890,0.6113841919983805
5891,0.48064864403211605
5892,0.46793291226549977
5893,0.5617001818316136
5894,0.4745218013643239
5895,0.2707239683789438
5896,0.6251539375381066
5897,0.5879157869429631
5898,0.43509572865051993
5899,0.4257332950689088
5900,0.5523822786681298
5901,0.5194862874245517
5902,0.3740581780840089
5903,0.4590188753730511
5904,0.6688865943254645
5905,0.6029631876226691
5906,0.41932461651397235
5907,0.5899968135041546
5908,0.5180711217222901
5909,0.3226138508563642
5910,0.586768460136733
5911,0.693971298602778
5912,0.5482023312497996
5913,0.5272308655504266
5914,0.6369053575889448
5915,0.48993437088680025
5916,0.4248406675462415
5917,0.4804319022740079
5918,0.5109974064371403
5919,0.34167142318013427
5920,0.4014471759216507
5921,0.5064166514182485
5922,0.30701585354609007
5923,0.31272393535510434
5924,0.5312395302113802
5925,0.5427230547078478
5926,0.4643117208354479
5927,0.3123633239233267
5928,0.5733863300418515
5929,0.43350458879245723
5930,0.46524737808353706
5931,0.3737801746414788
5932,0.6533766093227646
5933,0.4932780496918921
5934,0.549244248534516
5935,0.4565854095937215
5936,0.5414813846130153
5937,0.4430906784037433
5938,0.5607067124954143
5939,0.4501343419534379
5940,0.5502842857512782
5941,0.49714464601844854
5942,0.42909206140932366
5943,0.37789080460398494
5944,0.5197103997955577
5945,0.45084868923119875
5946,0.5245232558973661
5947,0.546851993041773
5948,0.5231376167503133
5949,0.4189580124991389
5950,0.6565205339053604
5951,0.5646296370491577
5952,0.7883390024671939
5953,0.5196106566722787
5954,0.5561235892248848
5955,0.5411311042882906
5956,0.4442744523717135
5957,0.5890095272606879
5958,0.7082548801656019
5959,0.3941242549043793
5960,0.5454808128356844
5961,0.5374377532171128
5962,0.5809692648777184
5963,0.6527625641648223
5964,0.7175760781485903
5965,0.5897530138772177
5966,0.4348290410754132
5967,0.38483036391872316
5968,0.6192075826195433
5969,0.5297892822453074
5970,0.38945767757142224
5971,0.5512089698669814
5972,0.6027650659688046
5973,0.377936672873287
5974,0.5735000392484448
5975,0.622321517565059
5976,0.5119461496046032
5977,0.4456641369996048
5978,0.5896194747212865
5979,0.48360794323694484
5980,0.5327777698628162
5981,0.33788903349317134
5982,0.5557552752585754
5983,0.6132582441019713
5984,0.6575965390357695
5985,0.7020614738421156
5986,0.46199397987437596
5987,0.6340208698083407
5988,0.457889047304626
5989,0.3649500467203752
5990,0.5250697001573189
5991,0.5514298056051429
5992,0.6959062639145027
5993,0.6728324567641044
5994,0.5217598506942643
5995,0.5395597193873772
5996,0.5940035864772101
5997,0.5816995677487417
5998,0.5346772706083551
5999,0.4479487693095239
6000,0.44718825206037166
6001,0.6221091835401024
6002,0.5445288570524642
6003,0.5254498288494207
6004,0.434438440118415
6005,0.43245720308255975
6006,0.5013029327888171
6007,0.5993380527332611
6008,0.6429240991889511
6009,0.5904004464880651
6010,0.5033356167139027
6011,0.49074844935908774
6012,0.5586773900294946
6013,0.5253246469116201
6014,0.5190144497183607
6015,0.40640450240543036
6016,0.41237488362107944
6017,0.5682139031351522
6018,0.5510391757642948
6019,0.3925204229841043
6020,0.6140629778070903
6021,0.5911941784916676
6022,0.585662156033318
6023,0.44979324707314017
6024,0.4609025979210801
6025,0.4932908931490587
6026,0.630077059612146
6027,0.6219713428373908
6028,0.4040727047317254
6029,0.5976526568093667
6030,0.376194650753497
6031,0.5159666026414361
6032,0.5715088263467467
6033,0.5569122560562737
6034,0.4038060119625104
6035,0.4386148215068871
6036,0.5282444527459277
6037,0.4378329955286371
6038,0.5420640551966535
6039,0.5038087099631952
6040,0.42500238356378656
6041,0.5179102080357855
6042,0.4467411095518342
6043,0.548992588726173
6044,0.5207500683779263
6045,0.5660701673903324
6046,0.39093729308409275
6047,0.5333068160423591
6048,0.7417124161066915
6049,0.5138237887627233
6050,0.5048215675210785
6051,0.5967277150473502
6052,0.690764582540525
6053,0.6752098641247299
6054,0.6027456455021547
6055,0.5191594798329984
6056,0.42064990724069085
6057,0.4865963740594343
6058,0.6001322489082497
6059,0.4224199283941887
6060,0.6094366861968519
6061,0.664034761858498
6062,0.444232829934807
6063,0.5960648083159493
6064,0.468351433810863
6065,0.5142622727639251
6066,0.7733064597688522
6067,0.4549195583833353
6068,0.6536208775228317
6069,0.4984856756248482
6070,0.467971172052853
6071,0.5354969911545171
6072,0.43865029960684804
6073,0.38799658407591464
6074,0.543813602341981
6075,0.46333233911862054
6076,0.5653919191071278
6077,0.590121828172065
6078,0.4950410413224618
6079,0.455048074480511
6080,0.46746851421526836
6081,0.5082060703488894
6082,0.535955727673389
6083,0.4713841036143097
6084,0.4133556242845815
6085,0.5271018771499831
6086,0.6157627297895507
6087,0.49350408013957703
6088,0.42702572434621666
6089,0.6403145425901559
6090,0.47158267507281504
6091,0.6044764607473654
6092,0.47341771550337114
6093,0.7213358927204326
6094,0.5424524685040375
6095,0.5480498289880543
6096,0.4431459943035333
6097,0.5881582942073975
6098,0.6317597324786863
6099,0.6132224925274858
6100,0.6142397868337194
6101,0.5846022176105458
6102,0.5427714146957834
6103,0.6112307312451736
6104,0.46144435348221613
6105,0.3701989054248712
6106,0.475581725815226
6107,0.49696764690560363
6108,0.6320108473401361
6109,0.35917281167750137
6110,0.5051518730992269
6111,0.4683922459246479
6112,0.621833051802118
6113,0.5338077673498492
6114,0.7895998015022434
6115,0.5320251011941843
6116,0.5263598072494338
6117,0.515947523132601
6118,0.4310711896534184
6119,0.3586112154748372
6120,0.4759910194047066
6121,0.47508713686451176
6122,0.494017980168582
6123,0.49472578444780696
6124,0.5446611823679748
6125,0.5062318520333946
6126,0.5889979576494981
6127,0.6237400564320398
6128,0.6204438337619599
6129,0.4637285291852169
6130,0.5276143321213641
6131,0.5507923295208196
6132,0.6120542961722234
6133,0.37471290721858086
6134,0.6336440279944737
6135,0.6917089044147646
6136,0.569586818414058
6137,0.4871714065666515
6138,0.48130336089582115
6139,0.5706617944786989
6140,0.6089963998628777
6141,0.3379020035180106
6142,0.7049702952411816
6143,0.46551965597598577
6144,0.3693971718882262
6145,0.3504198473571375
6146,0.671705234399889
6147,0.6030505892559304
6148,0.45576035768083784
6149,0.5031022865886606
6150,0.4736576468734547
6151,0.6467669780154334
6152,0.6004462551809855
6153,0.5014619483083593
6154,0.4275503851888964
6155,0.45646668648981836
6156,0.6291145207650556
6157,0.530648963452642
6158,0.4593221132488365
6159,0.5128460767547756
6160,0.5667102654158881
6161,0.5224005280414489
6162,0.6806664045162185
6163,0.47652382500389057
6164,0.6047362609846026
6165,0.5351987771782386
6166,0.5410201429674592
6167,0.384396370450799
6168,0.5543718226403532
6169,0.4820618499539385
6170,0.5305638364994483
6171,0.3139566900553913
6172,0.5629133012785418
6173,0.4297575309270618
6174,0.6831483288700634
6175,0.6023808982611268
6176,0.4992416714185137
6177,0.6746653189681633
6178,0.4851877455863182
6179,0.6121828748241209
6180,0.5750684889905427
6181,0.5638536943737928
6182,0.5258615881317018
6183,0.616933825640704
6184,0.5599782058229743
6185,0.5895726122466892
6186,0.4890224559620615
6187,0.5079539361145544
6188,0.4640774052608827
6189,0.41329062601764655
6190,0.4895388280736459
6191,0.5834986195510369
6192,0.6176402425419707
6193,0.5304333930736215
6194,0.41284670517908495
6195,0.44948492673644624
6196,0.43458996276823303
6197,0.49176905337390103
6198,0.2987163102806892
6199,0.42521190482541016
6200,0.5671891529238573
6201,0.5268221546171616
6202,0.4758853036149177
6203,0.3790291134783551
6204,0.6240374420678643
6205,0.5599401521729529
6206,0.5686428899245655
6207,0.36140249021364257
6208,0.5212337747312468
6209,0.5278735240944988
6210,0.5588130015515028
6211,0.5301330897700361
6212,0.49929798496749705
6213,0.46229161454574375
6214,0.5205510295038653
6215,0.4603361405357925
6216,0.45102477598906143
6217,0.45808136258029797
6218,0.5570464679268108
6219,0.6066723700355174
6220,0.4931302959487338
6221,0.4999605953295928
6222,0.5863846438297431
6223,0.6097992716996641
6224,0.5528311628338228
6225,0.5978539733604611
6226,0.43584110539624593
6227,0.8803897509844012
6228,0.3957887848271392
6229,0.5554252505324929
6230,0.42632116123294544
6231,0.5661360179765965
6232,0.7098048168318738
6233,0.5972449948085783
6234,0.7100541586531317
6235,0.454736811817841
6236,0.3120561655881531
6237,0.590206974796736
6238,0.5451390674061954
6239,0.5200026347363687
6240,0.4538008305989176
6241,0.5608991058323022
6242,0.49881288635532656
6243,0.5329506488050042
6244,0.7244464839684792
6245,0.6115214837681049
6246,0.6577246378701934
6247,0.4774522438061529
6248,0.5512428449814191
6249,0.4410027189185734
6250,0.5073762169419543
6251,0.5351951043610267
6252,0.4118248750100787
6253,0.5484217091925861
6254,0.49429448815040433
6255,0.6168555028756681
6256,0.5595243551125562
6257,0.7096770600593921
6258,0.4244348168345332
6259,0.48892977609554444
6260,0.5967085175176364
6261,0.4808997460694253
6262,0.3574323453617021
6263,0.426257427135732
6264,0.6410283786495212
6265,0.5994200470738589
6266,0.43408684465425007
6267,0.5074365286696939
6268,0.741590498569447
6269,0.7419667132085379
6270,0.604166577065445
6271,0.5533099047252951
6272,0.6749817852174875
6273,0.6716662172897341
6274,0.4045710697530568
6275,0.42541111115199254
6276,0.47725550100919256
6277,0.6852652819491445
6278,0.5492649849982012
6279,0.5523886007459385
6280,0.5053440407971312
6281,0.5210716436824391
6282,0.5749421577006447
6283,0.6982021199349536
6284,0.3887103158027668
6285,0.5665013031168827
6286,0.45769303388024424
6287,0.593584414600398
6288,0.50417947783872
6289,0.5694259536357733
6290,0.5836783726427582
6291,0.44703297170458284
6292,0.45741654543888166
6293,0.8103957687381269
6294,0.4108591264713158
6295,0.46224932214550823
6296,0.6009210140091293
6297,0.509778583106167
6298,0.4651274152823314
6299,0.5261557569304086
6300,0.44706098663636545
6301,0.5864677936206285
6302,0.508348823590941
6303,0.44536532335495244
6304,0.4795936788079932
6305,0.33114072575256814
6306,0.4631239974846903
6307,0.5134318171984538
6308,0.6775423050298424
6309,0.7666075823174208
6310,0.47602129237027585
6311,0.4493021529693403
6312,0.5457167395173554
6313,0.5118153645413905
6314,0.7397707220008677
6315,0.3799824883377605
6316,0.513853155672455
6317,0.5050300121405396
6318,0.7310379070687725
6319,0.6103792365699143
6320,0.4840379780319274
6321,0.5628474174899185
6322,0.5227206090651769
6323,0.4264878228223207
6324,0.5302682607370532
6325,0.6002547448252207
6326,0.44006770991873495
6327,0.6450304549992463
6328,0.6187762799054244
6329,0.4795323315243584
6330,0.6092453494124852
6331,0.49492421280856835
6332,0.43315164972773357
6333,0.36006452876168865
6334,0.6871215618958726
6335,0.6044913310245068
6336,0.4676015392571995
6337,0.46586883052406847
6338,0.5239972447443769
6339,0.5827772375794464
6340,0.4605638058933639
6341,0.5863766447214654
6342,0.6755188787422917
6343,0.36008036100768687
6344,0.5321224941246432
6345,0.47159418137053155
6346,0.41122325043847857
6347,0.5370824233652474
6348,0.5649882236763735
6349,0.7292676155711053
6350,0.5209242725482027
6351,0.5310749848313474
6352,0.5104468236640705
6353,0.5899930311125432
6354,0.42234761671000565
6355,0.5526176827411522
6356,0.5021704618825448
6357,0.6434686146514408
6358,0.5424141647218834
6359,0.41091749689324575
6360,0.5368971166452557
6361,0.7019221564419317
6362,0.35000959472063475
6363,0.5856023012294356
6364,0.6730447478794747
6365,0.6740203419497787
6366,0.7244593416484512
6367,0.6712963122943204
6368,0.637904376679562
6369,0.5072029057388187
6370,0.5670396704126254
6371,0.6026833003331522
6372,0.4368971273523447
6373,0.4517740710902436
6374,0.4197168738392326
6375,0.4973017168585301
6376,0.4032288853851059
6377,0.5177484879865143
6378,0.35633635553620396
6379,0.5742345735356944
6380,0.585703873195709
6381,0.5320002103582375
6382,0.6352629799231934
6383,0.5893807870828517
6384,0.5372260422764167
6385,0.42158403663597205
6386,0.6515156141341816
6387,0.4995725630050358
6388,0.48480155476647474
6389,0.5507479166187829
6390,0.4969518346081398
6391,0.5631263879437672
6392,0.560920916182915
6393,0.4561755386042834
6394,0.5019551318305336
6395,0.44469813486766746
6396,0.5415807468609026
6397,0.6680372012292242
6398,0.5205377772357798
6399,0.5573921710448724
6400,0.4552465298728349
6401,0.3189350145797217
6402,0.41260909443895233
6403,0.44159176326312083
6404,0.5815240682964211
6405,0.4721860308197018
6406,0.5076430034680374
6407,0.5728153811038892
6408,0.4508458476391191
6409,0.5782011235933322
6410,0.45922616073946004
6411,0.3773604367612051
6412,0.6127328515679642
6413,0.5142529528950218
6414,0.617832643299876
6415,0.6867300673610747
6416,0.5928049603664234
6417,0.6458917467384871
6418,0.5949765173035951
6419,0.5065878391069195
6420,0.3735288334863112
6421,0.47944039246796616
6422,0.5853549499531857
6423,0.42552796508507706
6424,0.6635645064181944
6425,0.5916364153560797
6426,0.5266411127793555
6427,0.4217264991982582
6428,0.5856724949941519
6429,0.43623258455441527
6430,0.7238061640615974
6431,0.5511617426580111
6432,0.4584152374893482
6433,0.6290897561901427
6434,0.5265906713305673
6435,0.3979277779823316
6436,0.5348885269400897
6437,0.5600271958851573
6438,0.38361278694829803
6439,0.5428998481258501
6440,0.41610897058594337
6441,0.3412376240514542
6442,0.4518028006304423
6443,0.4770527019267909
6444,0.403478737452057
6445,0.6247819575344525
6446,0.504057541764012
6447,0.5522171650842643
6448,0.6216690675581348
6449,0.41282703096721596
6450,0.4631401186285238
6451,0.6834764445347432
6452,0.5115642146394551
6453,0.6037449336745023
6454,0.8205377901612043
6455,0.3935667187039147
6456,0.5095544903577938
6457,0.6768856370381243
6458,0.4666905745947458
6459,0.550828018972981
6460,0.45955567813351034
6461,0.4362356739792744
6462,0.43534516166206794
6463,0.6241160515664039
6464,0.5581000461292878
6465,0.6011391392403053
6466,0.5000146746461662
6467,0.4957191563946003
6468,0.5389835082395605
6469,0.5519139898180654
6470,0.6407104096329697
6471,0.5958723738808451
6472,0.5114345358721083
6473,0.6820746625300608
6474,0.6357868965311316
6475,0.4420157361093383
6476,0.4938487516251319
6477,0.8678487896070273
6478,0.6653813293364896
6479,0.5504114914310555
6480,0.5873486611844025
6481,0.4326444730101666
6482,0.4585331814990481
6483,0.465789807996105
6484,0.6263933444083987
6485,0.4938247842458039
6486,0.502523348202145
6487,0.49786150900234544
6488,0.3401848128068037
6489,0.6470650290046533
6490,0.35380989022538717
6491,0.4567869035567074
6492,0.44558847301243837
6493,0.43828981532482536
6494,0.4641154112532292
6495,0.5759873341400994
6496,0.38083985473715243
6497,0.5226855017899542
6498,0.3327278621434498
6499,0.45799453798278916
6500,0.5337823539982205
6501,0.5761140682131916
6502,0.3897383109226724
6503,0.6763027809718405
6504,0.5168729055281464
6505,0.4577157405707791
6506,0.5100323166280085
6507,0.6380638783923696
6508,0.45967858917133797
6509,0.4237060076022079
6510,0.530115875639452
6511,0.5299656312027274
6512,0.49418852540921987
6513,0.503857426120129
6514,0.530576545584227
6515,0.532807543177339
6516,0.7216086355444777
6517,0.45547316662178683
6518,0.6212249393170992
6519,0.46314623672343647
6520,0.35309101958337163
6521,0.49757160793794586
6522,0.3857979661090969
6523,0.5405475551956499
6524,0.4075461960657192
6525,0.7057267992206753
6526,0.6401048424340025
6527,0.6680877382118771
6528,0.5922944531956346
6529,0.5738071604982617
6530,0.46178165854667425
6531,0.6551760639284439
6532,0.5206303404402584
6533,0.5792449840518631
6534,0.5414496946355631
6535,0.4694981360827624
6536,0.46319538238065777
6537,0.48255567889741824
6538,0.5023894753333255
6539,0.5599839339380258
6540,0.5091307089991418
6541,0.6459043402801945
6542,0.5865682118862132
6543,0.5584649347499818
6544,0.7001621541431166
6545,0.5794648242781532
6546,0.7617290831743518
6547,0.5559650408634794
6548,0.3570189741670178
6549,0.5463044116045004
6550,0.4528855883735713
6551,0.5219184051692736
6552,0.39467403612122876
6553,0.5921669260681731
6554,0.3965506633785249
6555,0.5949845391534537
6556,0.454199506411405
6557,0.49420784425793196
6558,0.6138487761085543
6559,0.5381915386688509
6560,0.6817943580804199
6561,0.4242125687976523
6562,0.5367313428601601
6563,0.6108324136576971
6564,0.46609286097048813
6565,0.4139600052087614
6566,0.6198462426179747
6567,0.4500745275086603
6568,0.6217797204331589
6569,0.5630803535089968
6570,0.5336310007171152
6571,0.7986815227557966
6572,0.6899321312554987
6573,0.6187817933427721
6574,0.515348675014549
6575,0.5554524631186835
6576,0.5548113192259716
6577,0.538846141831205
6578,0.5107767440459898
6579,0.5615482635043864
6580,0.4774710940718562
6581,0.40178522717976584
6582,0.6602212498413715
6583,0.4538817972964435
6584,0.5773669516203369
6585,0.5049653331479884
6586,0.5188928499308166
6587,0.36906661870366064
6588,0.6846526659549632
6589,0.6657594057631238
6590,0.561423982150508
6591,0.5099153633770594
6592,0.34046356709601633
6593,0.5734314860127001
6594,0.466403306437
6595,0.45782139327305177
6596,0.519391029525546
6597,0.5312604950123553
6598,0.33297261662489874
6599,0.4257250500593264
6600,0.5813791795954655
6601,0.5552049367484848
6602,0.6461198326220781
6603,0.4532008602262272
6604,0.5262832883435764
6605,0.4470909149037528
6606,0.39658144501319625
6607,0.5018581234186914
6608,0.4234132894994573
6609,0.5700912770374659
6610,0.38219566394043547
6611,0.5169328328632425
6612,0.3722371410282863
6613,0.46119395043695666
6614,0.577540964251332
6615,0.5849121437012343
6616,0.4258290990642678
6617,0.48335994558372786
6618,0.3900152408825648
6619,0.443591030323435
6620,0.5359979278442718
6621,0.5582973592225066
6622,0.429961071611778
6623,0.6589856674678003
6624,0.44901806630635094
6625,0.5460578340585192
6626,0.5327886434535954
6627,0.627413226024622
6628,0.42625143050805164
6629,0.3958450241188808
6630,0.5653539246460157
6631,0.6104993580186752
6632,0.4920376725442424
6633,0.5567478829740324
6634,0.6840051127823128
6635,0.7039119531098427
6636,0.571520564965201
6637,0.38993426994644
6638,0.5144201477551463
6639,0.5358160840534907
6640,0.4818314203715777
6641,0.658575462904377
6642,0.5493565257496684
6643,0.6581390642760534
6644,0.4086178092192823
6645,0.559667992259449
6646,0.4520013885196093
6647,0.5866502044514041
6648,0.5891295651614546
6649,0.474292169698428
6650,0.46750551367723453
6651,0.6278421384722288
6652,0.6290695244601752
6653,0.5158078192280828
6654,0.4646150027527237
6655,0.5256983359140525
6656,0.5529177601767729
6657,0.4505830095744241
6658,0.35736285900212694
6659,0.7683795978863482
6660,0.5123152846568575
6661,0.3876466879807534
6662,0.5438440735252194
6663,0.6468839283962253
6664,0.5045768346028445
6665,0.5365736156065745
6666,0.49861779714490273
6667,0.3628014451568752
6668,0.5602139313520169
6669,0.37895079951506727
6670,0.6177003009545151
6671,0.4843480285362174
6672,0.6297519787089045
6673,0.5502466512559306
6674,0.456587277142486
6675,0.4987127694780035
6676,0.6040698852131365
6677,0.45767604916635324
6678,0.5318907809748694
6679,0.4236165569816495
6680,0.4575436976771725
6681,0.49153158010515935
6682,0.5553046251483852
6683,0.439259221696633
6684,0.5352157491961371
6685,0.4915418727133305
6686,0.546937336553915
6687,0.4620467775430618
6688,0.5634563049600696
6689,0.5334031976509461
6690,0.40904510195320437
6691,0.5845251853818006
6692,0.528784215106616
6693,0.7743031634406161
6694,0.4980800793925227
6695,0.4257678969398144
6696,0.5779681610329797
6697,0.47928870998927764
6698,0.655934390274775
6699,0.6304162620910236
6700,0.5848923669425168
6701,0.6057111058481388
6702,0.49387623239420275
6703,0.4795518611721552
6704,0.4829484670401849
6705,0.5427968582073502
6706,0.5381787733695789
6707,0.5196560512318774
6708,0.5063865135986584
6709,0.7302751897441918
6710,0.7895828076629481
6711,0.7830432512227449
6712,0.5632669507912226
6713,0.5091213268314757
6714,0.5176093580672597
6715,0.6599337081176468
6716,0.36878158759406465
6717,0.6445522205080542
6718,0.41578788197324923
6719,0.7157034459506917
6720,0.5146312339705122
6721,0.6811204003443635
6722,0.8277004453395477
6723,0.5017087882764609
6724,0.4942264357125753
6725,0.5730043822028759
6726,0.4372045640258456
6727,0.47072481781463704
6728,0.4341019710719095
6729,0.42466795016126735
6730,0.5087161949069507
6731,0.5114887821564514
6732,0.40287084813240415
6733,0.4790076546466009
6734,0.6365790350705716
6735,0.37924031242981915
6736,0.7967359385122958
6737,0.4442644129588552
6738,0.45029176957624695
6739,0.668915959187619
6740,0.4750996057686575
6741,0.5120768982508133
6742,0.506173761123149
6743,0.4661294281283737
6744,0.5063564843108276
6745,0.782119862783849
6746,0.47306375669319645
6747,0.6279985218382623
6748,0.43513755843846247
6749,0.4599069343622122
6750,0.5825823683888851
6751,0.4938130805302222
6752,0.4998677432228601
6753,0.3788036977198547
6754,0.5097334042853465
6755,0.6587173239441121
6756,0.4744468674675234
6757,0.6668548746964954
6758,0.2786847275278098
6759,0.4788073275919037
6760,0.333640572414152
6761,0.5261192332932616
6762,0.6660530259998848
6763,0.39023779572355133
6764,0.5942075261211757
6765,0.5605654096931886
6766,0.5694358698821471
6767,0.509966936176949
6768,0.32018265341046126
6769,0.38689711083830225
6770,0.4802905206303544
6771,0.7114875718096931
6772,0.5057588450888533
6773,0.466636027679858
6774,0.7259515745055728
6775,0.5186190609673593
6776,0.36892668222897773
6777,0.5055766351091513
6778,0.5492655638342552
6779,0.44040097068608425
6780,0.6799807430123543
6781,0.4317821944899663
6782,0.401665046142367
6783,0.5350743151955002
6784,0.5857017644065436
6785,0.5432252294698345
6786,0.5969646248021259
6787,0.8854838438534791
6788,0.47845628381923233
6789,0.493954072701603
6790,0.4453668652276732
6791,0.6796927756042351
6792,0.6516303572805567
6793,0.5700364120377747
6794,0.7758392982119113
6795,0.4061910471328655
6796,0.697248507911731
6797,0.5903072678149646
6798,0.4090750463189381
6799,0.6517860909985735
6800,0.31238406172872274
6801,0.64902052735536
6802,0.3798133551860193
6803,0.5287218832441455
6804,0.6022481927788266
6805,0.546113265511827
6806,0.6165657377958692
6807,0.5775531575480918
6808,0.5168818854976605
6809,0.5867323796361014
6810,0.3610740557289518
6811,0.5550277880026667
6812,0.4389271647722034
6813,0.4365017614070381
6814,0.39516232418779396
6815,0.46156035164124043
6816,0.3405924741141957
6817,0.519353493108062
6818,0.5507707311719455
6819,0.30845906151191627
6820,0.5703005418220138
6821,0.5560002762512655
6822,0.3952961533905278
6823,0.47038610759054816
6824,0.6022233925266227
6825,0.4724619998727265
6826,0.5255476442203226
6827,0.6079565931704607
6828,0.42957962171502245
6829,0.6867184387650596
6830,0.5041752410965756
6831,0.5352873378127587
6832,0.684075382774951
6833,0.6528238910954907
6834,0.3423336654235426
6835,0.5015997244872433
6836,0.6640554736190485
6837,0.41034231993834747
6838,0.502166708578767
6839,0.6555094787643698
6840,0.5615745854239954
6841,0.4982672792406005
6842,0.6120803471182354
6843,0.579602447933763
6844,0.38831116571031343
6845,0.49539513727496437
6846,0.5486843491386179
6847,0.48193049183228587
6848,0.7484136747830099
6849,0.45552049394280225
6850,0.7693425490934697
6851,0.4518034556575628
6852,0.5185364186024991
6853,0.3906827963448616
6854,0.6913933835716521
6855,0.48154585017681717
6856,0.3221508883308023
6857,0.48834468246017976
6858,0.6166339208877851
6859,0.4461601168490786
6860,0.613231031544139
6861,0.25186964465922135
6862,0.4616882435076282
6863,0.5294083454167952
6864,0.6273080336909644
6865,0.8140750648148736
6866,0.48983705561424806
6867,0.502948130023058
6868,0.7851070096190862
6869,0.5992529143904924
6870,0.5494861956690729
6871,0.41163249620799863
6872,0.6420867158334297
6873,0.514534756971672
6874,0.6320267206078792
6875,0.49578028581342537
6876,0.544697640629592
6877,0.4552966062006886
6878,0.42483978409079
6879,0.6204334730009297
6880,0.7062553667872085
6881,0.548175083282102
6882,0.5082813621535194
6883,0.5258061298044509
6884,0.863522328617951
6885,0.5266633168618136
6886,0.663133333915992
6887,0.6159859707582461
6888,0.7088789809901336
6889,0.5307699971982974
6890,0.47379700187430085
6891,0.6268293093434666
6892,0.5622075837042176
6893,0.5251173955698496
6894,0.6359522106026998
6895,0.6522880564090852
6896,0.5867768412961801
6897,0.5108447856659528
6898,0.6152086916661252
6899,0.5511007226158638
6900,0.47541661733186036
6901,0.4421717686944066
6902,0.5090865744250066
6903,0.45768973648497535
6904,0.5003131893065994
6905,0.534404054472772
6906,0.5082967767400202
6907,0.5087426303562828
6908,0.5066061487376228
6909,0.4535506852167157
6910,0.5559856361704487
6911,0.4234042159544078
6912,0.4719405387489514
6913,0.44273777642589385
6914,0.4711835442622074
6915,0.4070678977144896
6916,0.364553877634365
6917,0.6596988685376762
6918,0.5092399368406479
6919,0.7933492492168672
6920,0.4853122615887116
6921,0.7101637868047259
6922,0.5769055701630937
6923,0.5146453462823655
6924,0.43472593208692023
6925,0.7705234895468547
6926,0.5650349020493537
6927,0.6710809921948244
6928,0.5292510864639085
6929,0.5970101136572653
6930,0.551584505801853
6931,0.5176232999094076
6932,0.5902072809062058
6933,0.5230989682344114
6934,0.5999192895663098
6935,0.8310721641494596
6936,0.511478650480009
6937,0.391608322298906
6938,0.42628151510997003
6939,0.4090550293518865
6940,0.4225055245857687
6941,0.5236847570666943
6942,0.5687262078606573
6943,0.5005415264784219
6944,0.637757196664666
6945,0.547963492644266
6946,0.6280246873051439
6947,0.6813662821160664
6948,0.6959661055968582
6949,0.575740877122867
6950,0.4798400217217512
6951,0.5833563320231333
6952,0.5295470469911141
6953,0.6619353395996124
6954,0.611933362074113
6955,0.508999881690347
6956,0.6005083857394069
6957,0.47595150987041257
6958,0.44997933027464143
6959,0.41084512327593764
6960,0.5352231180408286
6961,0.49001271194680507
6962,0.49391466373855614
6963,0.6284460601427365
6964,0.4598837838965994
6965,0.4575241958330227
6966,0.4737527497526113
6967,0.42504631590871644
6968,0.36204962502087235
6969,0.40030059369941073
6970,0.5371772549769674
6971,0.6911721108606949
6972,0.5587908199282328
6973,0.5024657017511889
6974,0.4049897355741748
6975,0.6016919409960779
6976,0.5446363315312658
6977,0.6093224765974055
6978,0.6839523036956873
6979,0.4318946894260989
6980,0.5573497903052389
6981,0.5356336164690967
6982,0.9346959727979669
6983,0.37737822996894466
6984,0.4240144388474646
6985,0.41956202062191134
6986,0.46819705442833737
6987,0.5900175645301657
6988,0.5144489817452739
6989,0.5884765349052884
6990,0.48830456676073725
6991,0.38141288365548365
6992,0.7630920893746735
6993,0.6856747338319311
6994,0.6162723333145321
6995,0.4246255850303985
6996,0.44476320347642906
6997,0.5202871037783156
6998,0.44551314526444097
6999,0.4736078952297969
7000,0.5184273755131219
7001,0.6061290405738518
7002,0.5936326191049884
7003,0.5168384850766434
7004,0.47994987162020675
7005,0.6143017220949996
7006,0.5482538825225732
7007,0.4412084472076114
7008,0.628764242053012
7009,0.6263031931435619
7010,0.5895887943622354
7011,0.440161346792139
7012,0.5190022800986385
7013,0.47997235590908954
7014,0.4338854188870549
7015,0.4212603762788436
7016,0.6291020703527326
7017,0.5425417346512607
7018,0.6180690234010682
7019,0.6618527688676413
7020,0.4285390793110739
7021,0.6294817539921047
7022,0.5420967102813123
7023,0.31663410354377974
7024,0.5001306077905429
7025,0.5049797151340306
7026,0.6020562098621227
7027,0.31027756139764584
7028,0.6004183774241163
7029,0.5942237442745586
7030,0.34331663764915804
7031,0.5731303777072725
7032,0.5416260681223611
7033,0.4708356691115018
7034,0.4484780694352788
7035,0.4420604376432532
7036,0.2569547351693557
7037,0.4964713795177631
7038,0.5641193764890585
7039,0.37613252767816385
7040,0.46975434329435334
7041,0.5208336559322608
7042,0.48496027393405644
7043,0.48727746161521035
7044,0.6462193554145272
7045,0.6474775450006447
7046,0.45094362793523385
7047,0.5851056748310495
7048,0.7075639240515057
7049,0.5471656638139503
7050,0.7821903484717116
7051,0.5007423310430597
7052,0.5424322381973221
7053,0.4398977968708698
7054,0.6135541591800329
7055,0.4807819295980738
7056,0.4848313023470248
7057,0.6051057274995513
7058,0.6296287728375407
7059,0.4887275957471126
7060,0.40746929628229567
7061,0.6942723591941768
7062,0.5709028998061272
7063,0.6448376945398423
7064,0.6575788315481782
7065,0.37455075889745537
7066,0.5119693904235001
7067,0.6279077604779979
7068,0.5185320047378333
7069,0.47342460628674476
7070,0.5431608850092775
7071,0.46723191375916523
7072,0.5330755558810792
7073,0.5946364194891978
7074,0.5852404244250801
7075,0.5518464987485636
7076,0.40589925396696486
7077,0.5833317521928322
7078,0.4616354577735811
7079,0.5875886931319017
7080,0.5634464766693071
7081,0.6411744341019852
7082,0.6103588948943093
7083,0.44968826330638256
7084,0.493820213952706
7085,0.4843285079684667
7086,0.5562905519536552
7087,0.4257426549935913
7088,0.725310440467759
7089,0.5248392831761121
7090,0.5829044699474725
7091,0.36688683651923026
7092,0.5743491383312272
7093,0.6309497829742203
7094,0.44695571906327564
7095,0.6545605884298626
7096,0.49505104694585034
7097,0.620885620039326
7098,0.5688778695105275
7099,0.535996840654347
7100,0.6288621711993121
7101,0.6355412214306577
7102,0.5012370707062173
7103,0.5344546908336837
7104,0.5407956722121676
7105,0.44026755912150567
7106,0.2732221647927577
7107,0.4499655118287535
7108,0.5920191126191633
7109,0.4945786982457294
7110,0.5182547523251563
7111,0.5532151226845313
7112,0.6586290251593162
7113,0.43873909050223914
7114,0.4214450963246519
7115,0.4333928211802264
7116,0.6327489840688464
7117,0.5632067467928448
7118,0.526169480503214
7119,0.4540236161115313
7120,0.7574347948036473
7121,0.34387130267239374
7122,0.5427735776749922
7123,0.462627585759339
7124,0.5784253798748138
7125,0.6223960006740178
7126,0.558427637546698
7127,0.5306673411735254
7128,0.6916033967921347
7129,0.4542214315469263
7130,0.7498241617514938
7131,0.41375698921844084
7132,0.34961112611799827
7133,0.6274552157871317
7134,0.5132836473474381
7135,0.5229071619860054
7136,0.5108822269156712
7137,0.5180012520378815
7138,0.6105570357015353
7139,0.4566586630695863
7140,0.6115322186645207
7141,0.3768159901583129
7142,0.4959377732490297
7143,0.7308500171550902
7144,0.38787132760130383
7145,0.3862969219681602
7146,0.4882327549949616
7147,0.36263850871626185
7148,0.5242528030305376
7149,0.5564762342591302
7150,0.4116761326407691
7151,0.6568402887653613
7152,0.6571099005270141
7153,0.5734789357327629
7154,0.391352572677818
7155,0.5737188614344494
7156,0.4772687630492019
7157,0.42641435676602135
7158,0.4908042491045659
7159,0.7536701600534912
7160,0.47083612281983617
7161,0.3954650626547641
7162,0.5595199642713043
7163,0.5483528877028276
7164,0.490833838527715
7165,0.631713589325711
7166,0.6960482063913015
7167,0.41808984210649114
7168,0.46247653497058505
7169,0.5951016467372809
7170,0.47932371774117877
7171,0.42540491504784933
7172,0.41692322775771623
7173,0.5543883567683467
7174,0.6352251093124787
7175,0.5250741620691551
7176,0.42424435301105234
7177,0.6301117183241046
7178,0.5151791172859574
7179,0.6738509211994237
7180,0.36716073401243277
7181,0.47778797252922395
7182,0.4188123095348257
7183,0.5427705686121854
7184,0.623769495443713
7185,0.4636294155266547
7186,0.4588076700860798
7187,0.5093276985206969
7188,0.5143370666223278
7189,0.4437991238884481
7190,0.5447222673252395
7191,0.4509582872943644
7192,0.6473762224201698
7193,0.6788431864263077
7194,0.5969919198812796
7195,0.5186271741185384
7196,0.5638524963040963
7197,0.5242443241273206
7198,0.4799905903327917
7199,0.36545029226518044
7200,0.49137446062821416
7201,0.4653621581446897
7202,0.4718307964870245
7203,0.5179603683506939
7204,0.530157448178547
7205,0.38619347460929415
7206,0.5481822383541725
7207,0.6183392208948315
7208,0.38442971057249964
7209,0.4591619554799815
7210,0.567276715432444
7211,0.5943684161851606
7212,0.4824900876577181
7213,0.47514987015760385
7214,0.5159706539667314
7215,0.42294429635459496
7216,0.5490533194872367
7217,0.381830559621243
7218,0.4301731735508452
7219,0.4496714918877943
7220,0.6120810790523085
7221,0.4363221594419511
7222,0.5716655641473998
7223,0.5445148278954566
7224,0.4287021514919239
7225,0.5589674724189932
7226,0.5738347670532484
7227,0.5152023143652976
7228,0.5256878963950106
7229,0.6503413946624463
7230,0.5213500766857054
7231,0.30012230057182476
7232,0.5581366922901351
7233,0.6573524673752081
7234,0.48462331289911
7235,0.39658314496363
7236,0.5984334290605471
7237,0.5049263151394413
7238,0.4753946392664978
7239,0.4776196904008373
7240,0.46817742111503935
7241,0.698181993603482
7242,0.5807393663581176
7243,0.4283696205156702
7244,0.5861158853055419
7245,0.4935979441549026
7246,0.6592697618024836
7247,0.5097692240920044
7248,0.4415799427280663
7249,0.5841811500423848
7250,0.5909240682449596
7251,0.5124861118354597
7252,0.5362467014664849
7253,0.6299633027949186
7254,0.5030590806211176
7255,0.5912149949544557
7256,0.5515657584618491
7257,0.47656369661709147
7258,0.5094451865611493
7259,0.45363711496049797
7260,0.41407475502566343
7261,0.4829808207331908
7262,0.5838097124203663
7263,0.4235041370711335
7264,0.5270245125095214
7265,0.4999069194419276
7266,0.42613885719800787
7267,0.5191461527311466
7268,0.5639988257166408
7269,0.5754987211600416
7270,0.4756765816247195
7271,0.5065991289047573
7272,0.47319453683242024
7273,0.5848549708504597
7274,0.551815947224202
7275,0.6173540829578499
7276,0.550322373470806
7277,0.6037976947172439
7278,0.6210464497466731
7279,0.49641883231185036
7280,0.4482712495736474
7281,0.45082714049988637
7282,0.4542578500781849
7283,0.5141162644651419
7284,0.6737639208039263
7285,0.6635294594939545
7286,0.400605354891691
7287,0.5289034940023583
7288,0.5313933623199847
7289,0.4664307561384999
7290,0.46521770429499465
7291,0.6356974651441306
7292,0.4877620597793651
7293,0.5927826528337901
7294,0.5278036358183198
7295,0.6574747047899847
7296,0.5369880725300521
7297,0.6416868406287793
7298,0.4889664169884032
7299,0.4992950342964775
7300,0.4432811821018372
7301,0.4842511884882841
7302,0.5782798772803773
7303,0.5055098679314484
7304,0.5141565350165458
7305,0.541346428901405
7306,0.5536561018918976
7307,0.5971039273526503
7308,0.5653173366239248
7309,0.7934126598180231
7310,0.8905595110267831
7311,0.4960936423924534
7312,0.5420167243458833
7313,0.5272222342400317
7314,0.4838307039917133
7315,0.7062535414613275
7316,0.5605535312376015
7317,0.5420346961639936
7318,0.416758471727823
7319,0.46373612869813174
7320,0.32739451340889636
7321,0.5428234254913682
7322,0.6168240419242714
7323,0.610011651302748
7324,0.5016184957224682
7325,0.3595487646784209
7326,0.5945789406222841
7327,0.3923274937681237
7328,0.4210386822687592
7329,0.2984016803286126
7330,0.39529490217759056
7331,0.6207946529502473
7332,0.6056272508792181
7333,0.5950506096567332
7334,0.781581383318164
7335,0.5653584306029977
7336,0.512657027988095
7337,0.7225861869329042
7338,0.419466456814746
7339,0.3660683121801181
7340,0.48031705366824173
7341,0.5636973747627038
7342,0.5524895231339064
7343,0.3780739132000835
7344,0.43186880383053394
7345,0.43836293644277546
7346,0.39205878085968454
7347,0.7078088898488244
7348,0.5537718022138308
7349,0.7610420094031063
7350,0.4964780279168471
7351,0.661389760597625
7352,0.5412278189738453
7353,0.49731988390317244
7354,0.5063035439869001
7355,0.5989816759225234
7356,0.5927071813043711
7357,0.4007061682588746
7358,0.662222233256064
7359,0.5421794369110099
7360,0.43452204025448415
7361,0.562638176496031
7362,0.6428050587601649
7363,0.4640359107777164
7364,0.4838357271217811
7365,0.4788823313508417
7366,0.37169114413057236
7367,0.5109790990747236
7368,0.4810475786339996
7369,0.4777214194386752
7370,0.6416066054898901
7371,0.5315661541244934
7372,0.5487592346600219
7373,0.46622935227652157
7374,0.7274832148364873
7375,0.385501396137537
7376,0.5275805603181669
7377,0.38833883089774324
7378,0.4763864108681238
7379,0.5936475701903946
7380,0.46257039984422393
7381,0.6148118300560672
7382,0.5512875458885489
7383,0.5007915582596857
7384,0.6052866528112849
7385,0.7667716494041856
7386,0.48714028142099347
7387,0.5452295701592426
7388,0.5811098674751249
7389,0.4953735355083761
7390,0.5930331027597266
7391,0.6531881796229124
7392,0.4814405373938184
7393,0.6414739909349975
7394,0.4882259671921852
7395,0.7431742926885719
7396,0.6523702062281754
7397,0.6116939477519457
7398,0.5086730278774655
7399,0.560853014820407
7400,0.5495868711977994
7401,0.4881377439875427
7402,0.5332009651679896
7403,0.653820941274553
7404,0.3706360101401226
7405,0.5152762391235632
7406,0.584332620810941
7407,0.5807437279320734
7408,0.5735127818816653
7409,0.7001918088940554
7410,0.38807157840157247
7411,0.5063250410153919
7412,0.3911016278960916
7413,0.47675391123816807
7414,0.605238665262286
7415,0.516924338192663
7416,0.43174776733101256
7417,0.6276336196015462
7418,0.6038519979668473
7419,0.5363631184756357
7420,0.4593005247826746
7421,0.3554947791468758
7422,0.5258770223392144
7423,0.4402628640313678
7424,0.5536729865992625
7425,0.46037800313294497
7426,0.4898045232403273
7427,0.5188364529999866
7428,0.6107537074033107
7429,0.4927985372060541
7430,0.5713611455486663
7431,0.4900708604679939
7432,0.6608589635230464
7433,0.5031119840528945
7434,0.5011992628475918
7435,0.34577889774676085
7436,0.4533603744174275
7437,0.45388678932111104
7438,0.4289062207101338
7439,0.4219555607534218
7440,0.5389447120677872
7441,0.6971403412656358
7442,0.4342613596654237
7443,0.6469970903117271
7444,0.616821216499843
7445,0.508296267720103
7446,0.5525954110788905
7447,0.4654834413816717
7448,0.6183480649635932
7449,0.4228482459084126
7450,0.4481219143144783
7451,0.46848045189685195
7452,0.43701749826984176
7453,0.5073907736405756
7454,0.4464383157837874
7455,0.492472580615737
7456,0.5860849397183595
7457,0.6924009665502123
7458,0.40780921262127073
7459,0.4410993912657961
7460,0.4898964064655471
7461,0.4431489400064761
7462,0.6006663550311497
7463,0.586121651839751
7464,0.5964508766482368
7465,0.5429716463808396
7466,0.5487965341775651
7467,0.6610555242434077
7468,0.3276826438515242
7469,0.5036440258282555
7470,0.539554878256696
7471,0.6062696774098849
7472,0.3717522252763193
7473,0.5635521097452434
7474,0.40768968916650467
7475,0.42260333668342265
7476,0.5430696606436481
7477,0.6203855543112646
7478,0.7389342340401555
7479,0.5035578524315535
7480,0.6605663636471244
7481,0.49148619467185556
7482,0.5165970102129747
7483,0.6730687379663733
7484,0.49481826247487165
7485,0.6810454516312396
7486,0.36105891667289725
7487,0.597814871884777
7488,0.6359397596244158
7489,0.6050201087669782
7490,0.4697129709198236
7491,0.5221064599743228
7492,0.6683780265886472
7493,0.5355050033851284
7494,0.4413995510863078
7495,0.7260343803169619
7496,0.4609637986891848
7497,0.5146569941362958
7498,0.4028026207898093
7499,0.5218020776073409
7500,0.6543146223812863
7501,0.6184900250881653
7502,0.5914858105890686
7503,0.6035307056483579
7504,0.5506791612214937
7505,0.5239560593479254
7506,0.492877504066735
7507,0.576414259477856
7508,0.31555129179350666
7509,0.5558727369644921
7510,0.5415413737514501
7511,0.5137851586334037
7512,0.5599541098135308
7513,0.40738536359944993
7514,0.49635675243020716
7515,0.5656026089439439
7516,0.5918408551553808
7517,0.4498875731611295
7518,0.5180505442485731
7519,0.5022651523845097
7520,0.5621524093448443
7521,0.7137947694932315
7522,0.5600984093216436
7523,0.4746392730391925
7524,0.6726333106818883
7525,0.5087256545151219
7526,0.5986888298312312
7527,0.4899617856978169
7528,0.4862776489843843
7529,0.4521382287537899
7530,0.4462885031868386
7531,0.5735055228227994
7532,0.5149738335599112
7533,0.46115467000266475
7534,0.4984700784508929
7535,0.5584040010548426
7536,0.45247143739210005
7537,0.48812270061732427
7538,0.39227176832059785
7539,0.5347494408169683
7540,0.4257560689490917
7541,0.5925186416583668
7542,0.4284714792032538
7543,0.6295447741343276
7544,0.40362495492748207
7545,0.6234690265907163
7546,0.48695539809685984
7547,0.5365232427981967
7548,0.4799625943688461
7549,0.6902570356923771
7550,0.5916790739494505
7551,0.528093744733284
7552,0.5653268050491603
7553,0.5367544867538938
7554,0.3930596800561051
7555,0.5341367446928144
7556,0.6605821150462423
7557,0.33580902686975567
7558,0.6004769509555723
7559,0.54294634370824
7560,0.49459775966772074
7561,0.41951932582017204
7562,0.5463997489983572
7563,0.7043278739316088
7564,0.6267470753252058
7565,0.6531373949377438
7566,0.43447980904431477
7567,0.48935179272250623
7568,0.6712452644494273
7569,0.3874371834904979
7570,0.6356002227406606
7571,0.5658324550003939
7572,0.5704031864630961
7573,0.5956183718957535
7574,0.46274243348879573
7575,0.4666347611970775
7576,0.39571281423505145
7577,0.5310410252911056
7578,0.6627844610163655
7579,0.5285573350084798
7580,0.45572803475660195
7581,0.5074337923976483
7582,0.45074001574417105
7583,0.5078436579541374
7584,0.5196788632809543
7585,0.5026466078880983
7586,0.8173856346530074
7587,0.4835761201069065
7588,0.6395282011005068
7589,0.5585691192449578
7590,0.5610217707173901
7591,0.4677076459812287
7592,0.5496683214159529
7593,0.5795468137367663
7594,0.5689702744795367
7595,0.4152463080622176
7596,0.624227725267198
7597,0.4536813907761458
7598,0.5984545659514717
7599,0.5858920111965211
7600,0.5497288367817419
7601,0.33737267744645794
7602,0.6227534960529421
7603,0.4424739003500786
7604,0.43431852858373216
7605,0.43049221465965193
7606,0.5830072663210625
7607,0.49950870505411493
7608,0.5292734436287142
7609,0.5656526049977546
7610,0.51071396511473
7611,0.43897099224007774
7612,0.4765750688195988
7613,0.4777883928032658
7614,0.350667359911638
7615,0.6352388843066104
7616,0.5260550704626334
7617,0.5391181890943426
7618,0.4088703891799182
7619,0.534906187219221
7620,0.46854178546946523
7621,0.5118557804199111
7622,0.3453569380398918
7623,0.4157235514152983
7624,0.46848228581616236
7625,0.5469357842514304
7626,0.4832897377599103
7627,0.4313310033071736
7628,0.6394555427926752
7629,0.5002419215466462
7630,0.4243388954574524
7631,0.4019089251954705
7632,0.4365721254385007
7633,0.4296150511779917
7634,0.7418495656433852
7635,0.574087860073766
7636,0.6766115421447564
7637,0.665293298870085
7638,0.4928581962353074
7639,0.4731135221937595
7640,0.5442249408463959
7641,0.5629171905175979
7642,0.5282601214640467
7643,0.6380871374859431
7644,0.5789953061367774
7645,0.6829079704016642
7646,0.6714180685523574
7647,0.4701522229267081
7648,0.6090413557293299
7649,0.4793528550561654
7650,0.6243109252998104
7651,0.47253443373344495
7652,0.3817101451288663
7653,0.6189011775108422
7654,0.45796838100401094
7655,0.44882328719874115
7656,0.5394413905580348
7657,0.5530836869315241
7658,0.5321232410722713
7659,0.2989249775768865
7660,0.4930017417886268
7661,0.5874286923057389
7662,0.570616522211224
7663,0.6129881537545161
7664,0.5198856737605256
7665,0.47222610973211254
7666,0.4673867927178462
7667,0.5349774615363666
7668,0.5741512159747457
7669,0.548765572084319
7670,0.5562504612508796
7671,0.3892680726529632
7672,0.42819304404955455
7673,0.537469567543793
7674,0.4121178506828286
7675,0.633826388900379
7676,0.36868663095147847
7677,0.607664244013925
7678,0.4446377751690606
7679,0.6520493829217515
7680,0.4618069652479621
7681,0.46007278689081393
7682,0.7138913916276425
7683,0.5217990408778415
7684,0.5127961169038355
7685,0.45098995977426304
7686,0.5639951481781814
7687,0.5509270474321956
7688,0.46180793027431033
7689,0.5077541863581564
7690,0.4806543426233044
7691,0.6138108628853725
7692,0.5762812588876473
7693,0.4577954761530741
7694,0.5024363879928055
7695,0.4717622922599493
7696,0.426250441063324
7697,0.6371100761799258
7698,0.43339223757612455
7699,0.5189835845445163
7700,0.5381918293027934
7701,0.45159754326516266
7702,0.5570616914637257
7703,0.4532245691391822
7704,0.6367767451012063
7705,0.4957060576076796
7706,0.5330569186341494
7707,0.5123455155823051
7708,0.6144897117276925
7709,0.4292927231703345
7710,0.478796131210855
7711,0.7089666813724905
7712,0.4750152627093367
7713,0.455438024589201
7714,0.641591536075622
7715,0.6262023353372039
7716,0.42950883711042975
7717,0.4820330110898509
7718,0.5614266333172054
7719,0.6399492687577065
7720,0.5484808878553747
7721,0.4082215013799687
7722,0.699536193195014
7723,0.45853095512259945
7724,0.5269610421962908
7725,0.4731752666833616
7726,0.4292817678123456
7727,0.4289537660170665
7728,0.4521767890794095
7729,0.523889713273754
7730,0.442544038261192
7731,0.4238916754575381
7732,0.7115724182816088
7733,0.5952205959729819
7734,0.48550868428675864
7735,0.7673203612810044
7736,0.5187141276278799
7737,0.42736289900707203
7738,0.6149283388597524
7739,0.6303931938579546
7740,0.541321505102397
7741,0.6596240041587484
7742,0.6893499624662071
7743,0.5707477068877427
7744,0.508787669019957
7745,0.5914392193015148
7746,0.5352420434699086
7747,0.48600243114812763
7748,0.588077601697024
7749,0.5228434912899632
7750,0.5293569487455858
7751,0.5798348870941556
7752,0.5042638210080083
7753,0.4501922999482997
7754,0.33235221679019455
7755,0.3382326705399263
7756,0.5209163268721401
7757,0.42530560110528165
7758,0.5938471336779914
7759,0.6897109259891678
7760,0.5472942694184977
7761,0.4442897607263085
7762,0.69211377485268
7763,0.7253346469646077
7764,0.45916763363027835
7765,0.4136896053283493
7766,0.5229751097367197
7767,0.6418930465022727
7768,0.546832830912786
7769,0.6035165315632698
7770,0.8134619981519504
7771,0.4207225429000686
7772,0.5041351804589806
7773,0.3432206200955403
7774,0.4731052448102188
7775,0.5091986697660936
7776,0.43410194907007976
7777,0.6057884887637899
7778,0.529869665439971
7779,0.5490821748447436
7780,0.555278057483959
7781,0.4576866912945367
7782,0.5790951663010926
7783,0.48255637063193696
7784,0.639976088506118
7785,0.3233462972132034
7786,0.6151035503133061
7787,0.4805953637824693
7788,0.4572548767954311
7789,0.36855135913655684
7790,0.4116835254168689
7791,0.4989258072516831
7792,0.48931378701658274
7793,0.44065696774363783
7794,0.5420645037159936
7795,0.5240501777523268
7796,0.4638562063770989
7797,0.5706151522391253
7798,0.34886700424048933
7799,0.47949636390591904
7800,0.5035551049552427
7801,0.697584303720676
7802,0.40533708611247204
7803,0.5570678372425196
7804,0.6297638866415758
7805,0.39613179086279204
7806,0.7277200567641458
7807,0.43579031693965575
7808,0.5585153197982587
7809,0.3937413677538526
7810,0.4511903683022424
7811,0.4683046351328598
7812,0.4823320821916123
7813,0.5481273801549383
7814,0.49099982818597343
7815,0.3833582423767984
7816,0.5033040109364277
7817,0.7090462025394517
7818,0.5846264887082316
7819,0.6139102097309003
7820,0.5416862342374247
7821,0.5354852870818455
7822,0.8545353185405931
7823,0.5714066733497732
7824,0.590239218685155
7825,0.482231231811997
7826,0.41475312448192353
7827,0.42838749174664675
7828,0.403665712330995
7829,0.5585522207594141
7830,0.36183756917810467
7831,0.5198728845094703
7832,0.5219560564015728
7833,0.3373660531742466
7834,0.5392279398001781
7835,0.4621449932369529
7836,0.42985906570455484
7837,0.6709841681006519
7838,0.6433345250878558
7839,0.6128301112550879
7840,0.5541552192109751
7841,0.43706567080993536
7842,0.46868264360991385
7843,0.49855318065966114
7844,0.4732037315852754
7845,0.5661705790064651
7846,0.431821494024894
7847,0.5052886554172372
7848,0.6028833782765604
7849,0.3836598095145042
7850,0.5762962140411134
7851,0.37381123457323995
7852,0.34379566832441677
7853,0.4396926785718148
7854,0.7247644308630251
7855,0.6332802195237867
7856,0.5889691305158246
7857,0.5224282786074388
7858,0.5961039427582221
7859,0.5558512620652357
7860,0.42600293849952153
7861,0.6027256197344468
7862,0.6075727970292311
7863,0.542073637082321
7864,0.7099442642238302
7865,0.502511267756765
7866,0.5903382319969291
7867,0.4351878394761777
7868,0.741591103862142
7869,0.6237675707117792
7870,0.5646657538637375
7871,0.39627226179737496
7872,0.43432866452237673
7873,0.4127209025261823
7874,0.5252895781531829
7875,0.41035075291997164
7876,0.48548042429120697
7877,0.4580482176972279
7878,0.5417251773115771
7879,0.41730592840477515
7880,0.4931692317323326
7881,0.472018823776739
7882,0.768504502987838
7883,0.44155898103934027
7884,0.4747325466456386
7885,0.6211482497352983
7886,0.535608975751222
7887,0.5147302779468718
7888,0.595859832756831
7889,0.5463638564608407
7890,0.5358447128079697
7891,0.38264485886295224
7892,0.6551772907919701
7893,0.5662904797355458
7894,0.7165908193345886
7895,0.42645309089765043
7896,0.42188725661683907
7897,0.5297578962165346
7898,0.49556660019750576
7899,0.30889921582000146
7900,0.5723917306194422
7901,0.5793604486113011
7902,0.5094543331478826
7903,0.6407445520754174
7904,0.5841007603848952
7905,0.4891910556134067
7906,0.4436606225377596
7907,0.735420639188145
7908,0.48160847470226226
7909,0.6737187242486408
7910,0.4835271558107662
7911,0.4437020594904197
7912,0.7060460993400752
7913,0.4356227059290727
7914,0.49696201213870905
7915,0.6808193704602148
7916,0.6443613239322861
7917,0.48277872207125583
7918,0.4233046504788047
7919,0.5754514236358673
7920,0.7359291848140386
7921,0.4257661769927925
7922,0.460945848663629
7923,0.5903085643424953
7924,0.41368234269731446
7925,0.4819350704967937
7926,0.5092216931975925
7927,0.4742115870226404
7928,0.38592895304557534
7929,0.5049015232151317
7930,0.6385332708626552
7931,0.4855341475079679
7932,0.7420850743416813
7933,0.5319481952653918
7934,0.43573499666925386
7935,0.4954390517776359
7936,0.45765079893800686
7937,0.5771677552721239
7938,0.565925292816657
7939,0.49595804114906855
7940,0.4409122429576138
7941,0.4534805776197247
7942,0.5110183782409351
7943,0.5614277263870593
7944,0.7266390838493354
7945,0.39494849854550185
7946,0.5850210814001796
7947,0.5316514967159262
7948,0.5278939598289952
7949,0.6675423231717179
7950,0.41788803530571894
7951,0.584473902065922
7952,0.41346685843449593
7953,0.4275331733712711
7954,0.4056303447109778
7955,0.5007756211062997
7956,0.4678619314209385
7957,0.6075068213780899
7958,0.617965873564985
7959,0.4977451549408408
7960,0.4349167307168702
7961,0.6054011614835868
7962,0.6188612115654836
7963,0.4545871671057646
7964,0.37538720727164687
7965,0.565327934632879
7966,0.5048915253905172
7967,0.48258478049915365
7968,0.6553184790667088
7969,0.5009009633483108
7970,0.4859711532589777
7971,0.5161826349543679
7972,0.5492533840016778
7973,0.5446520336291119
7974,0.5604798086977378
7975,0.5908613282853143
7976,0.43118246467651933
7977,0.5505983276236458
7978,0.5394872938689592
7979,0.5269279586333386
7980,0.3656021843654901
7981,0.46355809630620515
7982,0.5555970240997068
7983,0.459444932174684
7984,0.5615658121213314
7985,0.4750721753577361
7986,0.654030947646876
7987,0.6585649099450791
7988,0.4534004360205497
7989,0.6820275495171286
7990,0.75105265234041
7991,0.4466073869252352
7992,0.4815933964453935
7993,0.34581493793720997
7994,0.6159464044606224
7995,0.45874255095716376
7996,0.5960582766003517
7997,0.5240587376272534
7998,0.4874520855811515
7999,0.44343830446022975
8000,0.39710226651535174
8001,0.456852084856708
8002,0.47380153083076126
8003,0.5302948699123787
8004,0.4707688911215336
8005,0.4750599556457819
8006,0.6952178421778155
8007,0.4619789157102563
8008,0.505181485304079
8009,0.6127832333987109
8010,0.5560058695192014
8011,0.5180721092557956
8012,0.46437210522450934
8013,0.5515465357206224
8014,0.7322063376449781
8015,0.6320529162865653
8016,0.44284381194260347
8017,0.6737328772054145
8018,0.5195370629172391
8019,0.5394208821355068
8020,0.450947727913506
8021,0.48282036028480513
8022,0.4159740532351941
8023,0.4990527429430783
8024,0.49909774263316964
8025,0.47436404895501505
8026,0.4483462228010008
8027,0.6542807032825961
8028,0.5040331631254026
8029,0.62352907797703
8030,0.3970943882106235
8031,0.48910470165708364
8032,0.48729041629718506
8033,0.5097215375336858
8034,0.5072696021072826
8035,0.5180721359701599
8036,0.45305809057957536
8037,0.548459453588045
8038,0.5066154333794609
8039,0.48094331621553205
8040,0.4970656057868851
8041,0.49905749983293635
8042,0.5386972275137559
8043,0.5293497102206217
8044,0.5468904693490112
8045,0.3119620272190551
8046,0.47404454808338675
8047,0.4471332940788825
8048,0.4747384637753773
8049,0.4984558573181723
8050,0.4848674709162954
8051,0.4995999566107525
8052,0.5825164296178983
8053,0.4972169578696246
8054,0.47472698790961376
8055,0.3250704669192359
8056,0.7445238340915508
8057,0.42579910078181094
8058,0.7299154787056127
8059,0.5189246050806158
8060,0.5901991539569066
8061,0.5066040219002058
8062,0.4382597360172049
8063,0.500174461026746
8064,0.5694852054416062
8065,0.4955642803964567
8066,0.5918932716920732
8067,0.6292688188883395
8068,0.339046943510794
8069,0.49082777665218
8070,0.490012756025495
8071,0.4711740087231181
8072,0.4191825597444309
8073,0.5990913293752558
8074,0.5275592618161596
8075,0.517362980971472
8076,0.5270870788512731
8077,0.48621419973592556
8078,0.4348563931916174
8079,0.4588044117623497
8080,0.3099832032292678
8081,0.6113159539576041
8082,0.5055630149676683
8083,0.5160748156385293
8084,0.6986779623261777
8085,0.4865219654719869
8086,0.6043577668590161
8087,0.5271977917598706
8088,0.6648208870406187
8089,0.5428146966112593
8090,0.35715162527289257
8091,0.5403713190767842
8092,0.4452225657756207
8093,0.32475180397860537
8094,0.6496708361161062
8095,0.44483059260935437
8096,0.4196780176288209
8097,0.47787265111930705
8098,0.6494797024798106
8099,0.46637827692163397
8100,0.5053271016144465
8101,0.4173868029319505
8102,0.4878125613984559
8103,0.4214673272242623
8104,0.5747565126147127
8105,0.5655133878742826
8106,0.5373078346183406
8107,0.5693277281702944
8108,0.4741608935737107
8109,0.5582401089588812
8110,0.7047677033367532
8111,0.4331239203853718
8112,0.5965739628087273
8113,0.5866128229429183
8114,0.4365434971759766
8115,0.7011933802320733
8116,0.5853480750086918
8117,0.416587012377013
8118,0.5275531422612842
8119,0.5630665472264561
8120,0.462078779091238
8121,0.44643723916248856
8122,0.38993384939654807
8123,0.7788912411047485
8124,0.6201242995367997
8125,0.49971727488226664
8126,0.49030060271672304
8127,0.5108429487231194
8128,0.4258779609338996
8129,0.4563696639899813
8130,0.41606936633259495
8131,0.758050844390201
8132,0.3661230149686013
8133,0.4333526021610761
8134,0.2985245492441002
8135,0.46206944983334575
8136,0.42958813158008285
8137,0.6338733749413746
8138,0.4561302938088412
8139,0.417193233978823
8140,0.597664080804376
8141,0.45900790267373065
8142,0.7570096652584973
8143,0.4567227206603526
8144,0.4605083247827682
8145,0.6442977339084829
8146,0.4817370718355888
8147,0.4904086259934617
8148,0.4336779827411411
8149,0.5500512122972743
8150,0.5942225271081099
8151,0.5084213091537414
8152,0.39271719468038707
8153,0.7771459844128599
8154,0.5652860371317967
8155,0.4084937582098313
8156,0.4694905716730708
8157,0.40694823993175294
8158,0.649536830080923
8159,0.5310618196706092
8160,0.5693731444661075
8161,0.5213855891581308
8162,0.4890900883593067
8163,0.4765436247003355
8164,0.616801324607455
8165,0.6678930947054671
8166,0.441576347994348
8167,0.5858873797682369
8168,0.562697421839529
8169,0.4225698824923326
8170,0.3845576802597145
8171,0.4404573096366085
8172,0.6493127385080345
8173,0.39225507875573407
8174,0.5095239403542612
8175,0.5538795774584615
8176,0.49356655193653365
8177,0.5716530350773713
8178,0.6559365404889035
8179,0.590978499040621
8180,0.5240289429066205
8181,0.5369554358034192
8182,0.3807112095677708
8183,0.6270735914809462
8184,0.6028337309440266
8185,0.3856559743892689
8186,0.626289777146175
8187,0.46866056620809105
8188,0.5095732602202688
8189,0.6894493139986151
8190,0.446144031413372
8191,0.49150568208967504
8192,0.6410065911399677
8193,0.6654993249527262
8194,0.6231871870890029
8195,0.44282602175140584
8196,0.39999857625900964
8197,0.5885682698024071
8198,0.6372035844921021
8199,0.48776694269401316
8200,0.5136310665683338
8201,0.8565361059876374
8202,0.5066602417079357
8203,0.47927554426381874
8204,0.643470449889412
8205,0.8731826859024023
8206,0.48877374294572395
8207,0.570399082931113
8208,0.4913427908965013
8209,0.48084118410937726
8210,0.49678514207466823
8211,0.3487992585241554
8212,0.4236797878909911
8213,0.5052005837674876
8214,0.49110857788475365
8215,0.405705125543215
8216,0.725415778555121
8217,0.4387115253063408
8218,0.5225935900794482
8219,0.5426894719227743
8220,0.5161904457420043
8221,0.5780781590659905
8222,0.527763351435895
8223,0.6395622479450348
8224,0.6440108204527187
8225,0.44290705149607545
8226,0.5530774171527151
8227,0.4915353733702816
8228,0.5111538541853415
8229,0.437047221571617
8230,0.5650095352714246
8231,0.46271865005218743
8232,0.4686195353345285
8233,0.49725525507956325
8234,0.4153197386379463
8235,0.44139891474926823
8236,0.4654425692577193
8237,0.5971853316938146
8238,0.5044275096020218
8239,0.5329804302671233
8240,0.4159963960572545
8241,0.7332982167829943
8242,0.5447134584623181
8243,0.5017787706803041
8244,0.6396163691448773
8245,0.41742125089293874
8246,0.42691994705396974
8247,0.49922514503822357
8248,0.3861991588232264
8249,0.3900193523834373
8250,0.49673430975484545
8251,0.408404989920215
8252,0.4691950374721238
8253,0.46093364058965786
8254,0.5736488970014347
8255,0.6323356833852594
8256,0.5583868918243591
8257,0.5702966756693836
8258,0.516686562481996
8259,0.6099570176722157
8260,0.5605381278160124
8261,0.6057024332478363
8262,0.5806792575875586
8263,0.5149045170509372
8264,0.5672874139190012
8265,0.5340254524761602
8266,0.4230985657886978
8267,0.4369538196839199
8268,0.42540490835002737
8269,0.41176617127611176
8270,0.5272697992548634
8271,0.44431989421829304
8272,0.5529972926396926
8273,0.4549516162561218
8274,0.36736427323899445
8275,0.4345136072914932
8276,0.6868408735709596
8277,0.5627114217256788
8278,0.49998946134394695
8279,0.545079272151928
8280,0.4908542498458109
8281,0.5593209824223175
8282,0.41655398886752526
8283,0.43731916863914533
8284,0.4648924785151978
8285,0.40456605268640716
8286,0.36155885143788313
8287,0.452552199520075
8288,0.42102497619506535
8289,0.5212418561583743
8290,0.44428612660285116
8291,0.5469820242920921
8292,0.6278811444475623
8293,0.6998431274753252
8294,0.47901242774339986
8295,0.5076373461516505
8296,0.5333091532661295
8297,0.5796437242445498
8298,0.43049181849348406
8299,0.5992512736388924
8300,0.636206412921265
8301,0.4580293371614334
8302,0.5593274640960075
8303,0.5030000757523035
8304,0.5091375537989516
8305,0.47403731192126247
8306,0.6201833266135406
8307,0.5465503906776367
8308,0.5017279039153983
8309,0.5801267241418039
8310,0.33681659782647033
8311,0.4428916413941359
8312,0.43164182788223293
8313,0.47552839483229925
8314,0.675450126191758
8315,0.526910400305478
8316,0.430583546325031
8317,0.5181411801168799
8318,0.4542084506386721
8319,0.6645421825025386
8320,0.5186909942986445
8321,0.5338743160830612
8322,0.3098427377560835
8323,0.4920560555267951
8324,0.5827561718116558
8325,0.5032951057519328
8326,0.6082129122578412
8327,0.6062194203099951
8328,0.4594115006531065
8329,0.39804731188682263
8330,0.4123216111618181
8331,0.43881303542451777
8332,0.49106160130737236
8333,0.486075615454311
8334,0.5945977078676193
8335,0.4445202613808757
8336,0.5324874736160818
8337,0.5525211656327857
8338,0.5993109319585491
8339,0.679522912694019
8340,0.30011245031169476
8341,0.41668852745231366
8342,0.6179568977935093
8343,0.4361381388575232
8344,0.4863787327328588
8345,0.5343083960001398
8346,0.5757130673791144
8347,0.4982208531509527
8348,0.742381223793328
8349,0.4569706717280234
8350,0.4336447995840605
8351,0.36852532257516196
8352,0.4600946118316346
8353,0.4509048506869593
8354,0.7423099850431963
8355,0.5784297875332378
8356,0.6440106010209523
8357,0.590760936986705
8358,0.6176754778753026
8359,0.2945557347039969
8360,0.4721403843645803
8361,0.6897061418387078
8362,0.631836691338326
8363,0.45973527183790375
8364,0.3338130867276446
8365,0.5390960875633496
8366,0.6548184007838149
8367,0.5940607798113428
8368,0.5648451759645241
8369,0.3273787388362166
8370,0.5238158905703668
8371,0.5270548920392945
8372,0.5108246224126642
8373,0.37166858371485567
8374,0.5968434958978739
8375,0.6960069987518163
8376,0.4786860616818403
8377,0.5891078250851169
8378,0.47260765183501546
8379,0.4895418626102974
8380,0.6488004563902849
8381,0.5836032804519107
8382,0.6664130652053301
8383,0.5823660417974413
8384,0.569649918682653
8385,0.7067701189851215
8386,0.6890224450343552
8387,0.45995257317072824
8388,0.5347812536780568
8389,0.33409352223089256
8390,0.5531830304755601
8391,0.8427792819878863
8392,0.6920253172918394
8393,0.542349244458018
8394,0.5414084388397933
8395,0.6036599208874371
8396,0.7191210077611822
8397,0.49056927511926113
8398,0.5209070848184445
8399,0.45912899943798785
8400,0.4883849234075312
8401,0.4560914010741347
8402,0.5137737116250729
8403,0.5129098548425972
8404,0.37220070362399615
8405,0.4673171150893977
8406,0.6693669865885301
8407,0.7040239886766603
8408,0.5268647851865059
8409,0.6445899097269349
8410,0.5043341211885128
8411,0.5735601586706912
8412,0.33665306710679266
8413,0.5401508882135733
8414,0.5273300970731419
8415,0.6308882057996784
8416,0.3737517008125982
8417,0.5088470594776165
8418,0.43885776629325834
8419,0.49075806151741896
8420,0.5544381898291583
8421,0.5251362327494782
8422,0.502885614614982
8423,0.47603033563259134
8424,0.5490027433416858
8425,0.6840586033263073
8426,0.47186921413021793
8427,0.7387995468590229
8428,0.49460507150460126
8429,0.6401905069617126
8430,0.42469863785928125
8431,0.48426133739631866
8432,0.5658666201058626
8433,0.3905347515206967
8434,0.5327246950961203
8435,0.8068583330138879
8436,0.4250498447370238
8437,0.5686809269607004
8438,0.5379666689834217
8439,0.4976593227509066
8440,0.3580079136064657
8441,0.616633019306459
8442,0.52806254992894
8443,0.5712620900685509
8444,0.46160613314350485
8445,0.575894424863968
8446,0.48279586056604923
8447,0.4463670454694991
8448,0.5691296013469288
8449,0.5106158193524732
8450,0.44828555791856534
8451,0.5360989162063072
8452,0.4705512101739794
8453,0.5081534680026328
8454,0.6311855760628349
8455,0.6310089861083554
8456,0.5224844439196913
8457,0.512125364359951
8458,0.44005484109894827
8459,0.5018284580773712
8460,0.660912956333417
8461,0.5340333439228704
8462,0.52989780355052
8463,0.48232743279169726
8464,0.4523735683497033
8465,0.6130730290262095
8466,0.5965512330928698
8467,0.4846972621528964
8468,0.3945473168395732
8469,0.5303875240475217
8470,0.48662419355184505
8471,0.7893550608201289
8472,0.6171099387630559
8473,0.6977678481597711
8474,0.6163677852482025
8475,0.4853521293131647
8476,0.5469826780355836
8477,0.5203355407342003
8478,0.5776185161703635
8479,0.29740071584577177
8480,0.5306131314487111
8481,0.5533113589169131
8482,0.4475909677371791
8483,0.38984729897318515
8484,0.5500042249869941
8485,0.3553262384891124
8486,0.8170702073826683
8487,0.5544231479834824
8488,0.34014614359087714
8489,0.5226200752428825
8490,0.6801622345474568
8491,0.4787874541362151
8492,0.37454272602908123
8493,0.5109980646846237
8494,0.40679770669083004
8495,0.530103968561801
8496,0.3983209272426177
8497,0.5051156756892067
8498,0.4232132101614751
8499,0.6369129193250705
8500,0.550623630643231
8501,0.4531688252521373
8502,0.4848395490717366
8503,0.504887347238346
8504,0.49766666410988264
8505,0.4741009970091583
8506,0.48399695512005997
8507,0.5345292126038947
8508,0.6690363468987273
8509,0.4962165629126113
8510,0.41893992041763456
8511,0.5310361953302302
8512,0.740368354261352
8513,0.5380250191173845
8514,0.4916130590011352
8515,0.462522070004395
8516,0.5492730435416455
8517,0.5932770935426269
8518,0.454521703188935
8519,0.620652971674561
8520,0.5263337251310856
8521,0.4290250076928692
8522,0.4091653783316661
8523,0.49676080371558895
8524,0.5677515910126552
8525,0.42448737133547054
8526,0.379587410715138
8527,0.5829866772706099
8528,0.5252648241865767
8529,0.5901500320744463
8530,0.5516595945853766
8531,0.4582802511355458
8532,0.602285306286075
8533,0.5117226337035248
8534,0.5006499480651581
8535,0.5362101879889598
8536,0.5380360961186867
8537,0.5700122916900765
8538,0.560337282388824
8539,0.39259306245864234
8540,0.5341613183454865
8541,0.679676693007089
8542,0.5908314237045682
8543,0.5884653995539728
8544,0.47572569172050067
8545,0.5317023251169554
8546,0.3834594685210909
8547,0.4066445712116483
8548,0.614075303650358
8549,0.451163366084781
8550,0.3811631004941243
8551,0.36152045521575776
8552,0.7022144620986486
8553,0.5273860930793696
8554,0.5095956369239997
8555,0.627862138600434
8556,0.6719563276892018
8557,0.5288963685969161
8558,0.43383272121396843
8559,0.5641159259138808
8560,0.5696392496546158
8561,0.5433054507892311
8562,0.5169859548495337
8563,0.6091193784505342
8564,0.5961138499174744
8565,0.47782216691587137
8566,0.5838522560918449
8567,0.5933074250441299
8568,0.5169650639024522
8569,0.659643623279887
8570,0.5404276120913366
8571,0.4889286142394175
8572,0.5058613651214292
8573,0.6767147637960341
8574,0.5841170739988414
8575,0.503822566193951
8576,0.448092723751465
8577,0.48148864959088594
8578,0.5060299165037613
8579,0.41307072281236157
8580,0.542790072049155
8581,0.43585259109699503
8582,0.5023794669600856
8583,0.584789779936601
8584,0.4003427388051508
8585,0.5249360291059951
8586,0.41742164871494036
8587,0.38929199118838265
8588,0.3879322102593772
8589,0.5982506639335898
8590,0.5495094594320786
8591,0.6257859863703197
8592,0.7024798817866104
8593,0.4221318831876549
8594,0.539996748563052
8595,0.46358630020415603
8596,0.5366273548946706
8597,0.6035249537321152
8598,0.32829714089022444
8599,0.7806846311021246
8600,0.5063348693514221
8601,0.34788007767095946
8602,0.46162686303347966
8603,0.5244538768011775
8604,0.4601522039615612
8605,0.34980910521051245
8606,0.524770165621244
8607,0.4900434162610702
8608,0.6289101443493897
8609,0.64416654207602
8610,0.5928540518924986
8611,0.47467902524834626
8612,0.5457618887278499
8613,0.5104929134617704
8614,0.33237209514762633
8615,0.4894141119671125
8616,0.6054454988744515
8617,0.4756350976668228
8618,0.5458016318782538
8619,0.4410778203082804
8620,0.5603150655230499
8621,0.44589569055788925
8622,0.4421960829685738
8623,0.727488814670722
8624,0.34005288820282376
8625,0.4766036576481706
8626,0.4131685589005216
8627,0.424198584976782
8628,0.4365944854805478
8629,0.4389283288342344
8630,0.5667919176132504
8631,0.37860473708950715
8632,0.684505432386723
8633,0.7704341329952092
8634,0.6165761137946576
8635,0.5405836052467418
8636,0.5377767050207499
8637,0.6483885096596699
8638,0.4002774524933608
8639,0.5744012165154858
8640,0.4437630607444227
8641,0.49319888664686573
8642,0.45160536765704223
8643,0.5550537458595041
8644,0.4121823324899151
8645,0.37204856340896014
8646,0.541603007590937
8647,0.5177588473085931
8648,0.5297508972892491
8649,0.5797602366721644
8650,0.5406082768494642
8651,0.48659196348720274
8652,0.6521878056004238
8653,0.5389300524208974
8654,0.4365596338155142
8655,0.45833600225705495
8656,0.493577433687743
8657,0.49025268121784854
8658,0.5409337780060823
8659,0.4483063216351682
8660,0.5476561133442499
8661,0.5224940789530901
8662,0.411323305696712
8663,0.593814164767911
8664,0.5168262323411107
8665,0.6759218167956188
8666,0.4296258340276643
8667,0.5613843802787062
8668,0.6045735073596765
8669,0.4063066278642644
8670,0.6400365316026098
8671,0.5802107975414258
8672,0.4726191600030943
8673,0.42202199064386325
8674,0.6935412209791255
8675,0.43681010467779274
8676,0.4051694291480336
8677,0.45936425549377646
8678,0.6306034396800306
8679,0.4655405848401027
8680,0.47769350150498424
8681,0.40538853734928926
8682,0.44102235616425023
8683,0.5042430425343766
8684,0.3796046668113701
8685,0.3578086570853787
8686,0.6992979179146461
8687,0.5371021322676512
8688,0.6802086201258001
8689,0.4657991568294507
8690,0.5539289104830618
8691,0.5623590832386177
8692,0.458189141510524
8693,0.5725668957113463
8694,0.5433575935641765
8695,0.6657472586993272
8696,0.5367693830939472
8697,0.41070921360561696
8698,0.49065401178989554
8699,0.47508443457276484
8700,0.4744886079176308
8701,0.4169234602608568
8702,0.6671889010714235
8703,0.5354508645563725
8704,0.40759199294431636
8705,0.4760099530122022
8706,0.527938518584748
8707,0.6086952325926942
8708,0.48574928402240475
8709,0.7683306131485383
8710,0.4696498099273679
8711,0.5504110563135302
8712,0.44434940986957866
8713,0.5235471739745885
8714,0.4671547041305954
8715,0.40041934384020716
8716,0.6319566554345611
8717,0.4804409553126873
8718,0.6596889156472804
8719,0.32646780507463147
8720,0.5139577322435213
8721,0.6458389002740706
8722,0.6237669682976184
8723,0.5257916336352103
8724,0.44244060918716466
8725,0.5505126603074302
8726,0.46786943104599593
8727,0.508093268405291
8728,0.6370925074804925
8729,0.5575468487742328
8730,0.5676521851426287
8731,0.5328802532042596
8732,0.46647912529811036
8733,0.4718619107112188
8734,0.407312754260421
8735,0.48139939556603994
8736,0.47721095569276817
8737,0.44307778597534897
8738,0.40258228866277307
8739,0.5887023114877102
8740,0.4823860634595806
8741,0.4052102811575867
8742,0.7728295449988007
8743,0.41218078526814245
8744,0.5043596452804805
8745,0.35399949720444035
8746,0.48777465716661117
8747,0.4132467996167606
8748,0.417569947471799
8749,0.5975370746300448
8750,0.44350466084439766
8751,0.42720066944409796
8752,0.5532944852532631
8753,0.47661044365576105
8754,0.5627420063412261
8755,0.4209707561899659
8756,0.43437488969704363
8757,0.5024506062891605
8758,0.6406720415568379
8759,0.49421872522883026
8760,0.47736014435724644
8761,0.6122854437136006
8762,0.4962346597814909
8763,0.531417462690105
8764,0.5233435279281353
8765,0.4972949062081738
8766,0.4975713940156979
8767,0.5086330996812313
8768,0.6861940839930968
8769,0.5193652791834037
8770,0.4525085822004042
8771,0.4361539397661865
8772,0.5441267004037135
8773,0.47084918198554915
8774,0.6040232942727312
8775,0.5628545724957162
8776,0.5802694081789882
8777,0.47060432617238906
8778,0.4765396761171951
8779,0.5476043070671851
8780,0.48436273187597634
8781,0.532451531432566
8782,0.5143403840508013
8783,0.5188139823857436
8784,0.5805573095299223
8785,0.43544984705256057
8786,0.4628582463818901
8787,0.40595838323200706
8788,0.4152814881879496
8789,0.5102798623445652
8790,0.37570530271254443
8791,0.4436658997667342
8792,0.5813218821090033
8793,0.467365772813636
8794,0.5933195964530964
8795,0.4292722961478307
8796,0.5570879548634986
8797,0.4923176722702252
8798,0.523435565739159
8799,0.34506418061305844
8800,0.5380467818049621
8801,0.48670553494687885
8802,0.5112318557777424
8803,0.5645078690723172
8804,0.50362269405543
8805,0.6303707477915721
8806,0.7613861077701218
8807,0.5519929332677229
8808,0.368331177253499
8809,0.3567382470177455
8810,0.561441761583869
8811,0.4439500891527501
8812,0.5814559913144821
8813,0.4786265294915878
8814,0.5421700148261153
8815,0.5905025926667303
8816,0.6567877711833245
8817,0.4164279436770489
8818,0.3641674953288092
8819,0.44028020576157634
8820,0.4432081035359561
8821,0.40208080143402636
8822,0.729126045879108
8823,0.3336503200265606
8824,0.5271153883606307
8825,0.5185903477760863
8826,0.6442098274680704
8827,0.6082571954391393
8828,0.6405571375604199
8829,0.6286644245423256
8830,0.5434325631245945
8831,0.5441726004189357
8832,0.7011462394410631
8833,0.44893023321162695
8834,0.5674476051863968
8835,0.5305979743999638
8836,0.5654811893560039
8837,0.395159923259667
8838,0.7667511966423275
8839,0.5741399494810077
8840,0.5176535612161658
8841,0.3250219719871514
8842,0.5806104830343897
8843,0.724563811338023
8844,0.5621633018491103
8845,0.32851227105891045
8846,0.647967412917285
8847,0.5589973682974803
8848,0.6575098929535654
8849,0.4789183282402239
8850,0.7112925564457379
8851,0.5262190302362748
8852,0.5169558422829418
8853,0.5395818058010259
8854,0.5544297557157778
8855,0.4578601876342218
8856,0.5145392944963516
8857,0.5826457722282247
8858,0.46405301761149287
8859,0.5583293745321176
8860,0.5845057050166971
8861,0.7269320023166087
8862,0.4671895493499374
8863,0.5348151913949608
8864,0.612568668321398
8865,0.4150748004711961
8866,0.5045947936997377
8867,0.48278668362009497
8868,0.45157593128688805
8869,0.5167067857873814
8870,0.49382774443235933
8871,0.5141541851576982
8872,0.45987082891536724
8873,0.4898933370387965
8874,0.3541093750085015
8875,0.5665114282309089
8876,0.6744285059992274
8877,0.6227660900916261
8878,0.5848615044206174
8879,0.6900200229367299
8880,0.6397074099039893
8881,0.5243558942984822
8882,0.59775516022096
8883,0.380683507235013
8884,0.4185807109338663
8885,0.45601691705006264
8886,0.5995100308681071
8887,0.4956684557390652
8888,0.4870435790540002
8889,0.4630832145783241
8890,0.42358768971269123
8891,0.5710157462394955
8892,0.3807277753902486
8893,0.4605943761438814
8894,0.5278132186636382
8895,0.3846997936756892
8896,0.5773216962606915
8897,0.5586877850009442
8898,0.5584312483475846
8899,0.5408937128857009
8900,0.5527687067508297
8901,0.4576369554566543
8902,0.7255788993115472
8903,0.523396391961581
8904,0.7578596748560908
8905,0.5285102772651006
8906,0.5097754878269384
8907,0.42393424295801474
8908,0.6478290415673763
8909,0.5827675184939552
8910,0.6101426379309711
8911,0.513489923820387
8912,0.40674966390066924
8913,0.37320919629743676
8914,0.46099113399946345
8915,0.4745944538763277
8916,0.5316965745466709
8917,0.5701526059060426
8918,0.5357289826840601
8919,0.6310132114723677
8920,0.46267732183821597
8921,0.3761153207064407
8922,0.4833525306991891
8923,0.33831907555783025
8924,0.4235369892653489
8925,0.5309061552870544
8926,0.5410575238366165
8927,0.6249655874730653
8928,0.4772279832267771
8929,0.45402269197312306
8930,0.4376274320016942
8931,0.46873574118668976
8932,0.47127746367730083
8933,0.6968367299113598
8934,0.5558515388003084
8935,0.5270729776223966
8936,0.37527615850175544
8937,0.5362990899828561
8938,0.6258071366712539
8939,0.36026586231508173
8940,0.5916365164489619
8941,0.3971555999123369
8942,0.6111723586328179
8943,0.5688628213798648
8944,0.6246835589859349
8945,0.42767963795215413
8946,0.5044880582146365
8947,0.55906126045387
8948,0.4437220272482069
8949,0.4880491009057562
8950,0.4966075687438113
8951,0.5777463372396392
8952,0.38710062127301276
8953,0.6384003755628117
8954,0.5086823546469972
8955,0.5365602658000581
8956,0.5587139697754356
8957,0.549748585653118
8958,0.6321487512139832
8959,0.5245458418516245
8960,0.6928634277897724
8961,0.49216830343314655
8962,0.5845869085352415
8963,0.6083993168614082
8964,0.6074845510672211
8965,0.6050381554820159
8966,0.3743496882132281
8967,0.3566240958997078
8968,0.5151377876502524
8969,0.5351817403354173
8970,0.777906993750004
8971,0.517396716646681
8972,0.5305200725532893
8973,0.5212579279263144
8974,0.6713065623905871
8975,0.4081607140973667
8976,0.3921921956829088
8977,0.3902827131582342
8978,0.5405988174676701
8979,0.5222760122729219
8980,0.6061563764777304
8981,0.5837931110632327
8982,0.5059342881506237
8983,0.4513609236559019
8984,0.4035760741304654
8985,0.4261373293728702
8986,0.6285861016743043
8987,0.4050670355671614
8988,0.36169455575748966
8989,0.5631979286028268
8990,0.5567099749768819
8991,0.4956627291421443
8992,0.397101765476671
8993,0.6790346534767511
8994,0.4725688330303405
8995,0.7055730415973139
8996,0.5598404980811569
8997,0.6163256609422509
8998,0.6057620475562301
8999,0.39522735457864744
9000,0.4324414132236884
9001,0.5405439117486207
9002,0.46264720608988336
9003,0.8680926131964875
9004,0.4302666157519243
9005,0.4049286210772874
9006,0.4059524707129126
9007,0.5592165571409907
9008,0.5251903318421524
9009,0.4762321697589253
9010,0.41201873729266114
9011,0.5196677984137605
9012,0.5016059393097927
9013,0.552127491776537
9014,0.836520945718022
9015,0.4324311417801051
9016,0.45136335786033643
9017,0.5438170206765454
9018,0.4926007946937594
9019,0.37540409257333984
9020,0.541785633959993
9021,0.6047301249629325
9022,0.5459666749016726
9023,0.6159085834107705
9024,0.5099436231116086
9025,0.3988669771312079
9026,0.5130836236619267
9027,0.5264812171742725
9028,0.41425780435465615
9029,0.5754166544034559
9030,0.40565981926726313
9031,0.42839560622404516
9032,0.461290727774781
9033,0.600593935246435
9034,0.6120496708577885
9035,0.546470591385328
9036,0.5353705434327015
9037,0.5628462950086491
9038,0.6047510638703699
9039,0.5853772654282023
9040,0.5778897261648623
9041,0.42551904859821865
9042,0.4906185689266538
9043,0.3306644128183716
9044,0.6119184784981219
9045,0.4742280916914281
9046,0.36724628441167273
9047,0.6068687340860517
9048,0.560099714594496
9049,0.43617237774904316
9050,0.4569585301156689
9051,0.4121175723501352
9052,0.4806444578742778
9053,0.5416713301198994
9054,0.5959122924720277
9055,0.5523688734885137
9056,0.7503712836030495
9057,0.5940315717232633
9058,0.5043516746363143
9059,0.442243373845018
9060,0.5687905799190952
9061,0.5160115208785234
9062,0.65674654286515
9063,0.4622485802863175
9064,0.6596562982502888
9065,0.5773816648936889
9066,0.4890960854996025
9067,0.5009717887477729
9068,0.46434384417354846
9069,0.6855203797626319
9070,0.45573568906028944
9071,0.66306262771177
9072,0.5199009283938537
9073,0.611414761138934
9074,0.39088199292807246
9075,0.6818261739623819
9076,0.4083646875421365
9077,0.49019369081598835
9078,0.4979171706280903
9079,0.39169287110661144
9080,0.5592258382830805
9081,0.5712223145283276
9082,0.4725660283981185
9083,0.5694553782315591
9084,0.4400003086988332
9085,0.6943494751169941
9086,0.4969626051790647
9087,0.7179744282409458
9088,0.513561897801265
9089,0.6208486116499428
9090,0.6196331446799538
9091,0.4902672784700293
9092,0.4566213398674922
9093,0.5832692087626197
9094,0.4532239981590371
9095,0.6264116291039654
9096,0.479432860075646
9097,0.48678236937378455
9098,0.6501207482162994
9099,0.6821983805537597
9100,0.6548477576970531
9101,0.5884182034923475
9102,0.4213322872748176
9103,0.4600020238981541
9104,0.748682668898818
9105,0.6905283743132602
9106,0.605056820635571
9107,0.7350621207932272
9108,0.5703983362904345
9109,0.4973776051945737
9110,0.5007616403122673
9111,0.5544557407504203
9112,0.6759427885779032
9113,0.5770885503632459
9114,0.6129496663512259
9115,0.5284611100798433
9116,0.458070869869806
9117,0.5754213928540965
9118,0.6548577347431256
9119,0.6129949692921762
9120,0.6759175210729176
9121,0.5565961935758316
9122,0.4998989068445362
9123,0.6145623460392883
9124,0.6966239212295295
9125,0.5696990783302973
9126,0.37999786295112326
9127,0.4644595672702338
9128,0.4480457173615207
9129,0.5189460113091848
9130,0.4308700278281807
9131,0.5821306481463956
9132,0.568951238818817
9133,0.7546673220486579
9134,0.46751462516998044
9135,0.4641661701938343
9136,0.5348677016334156
9137,0.5411129123620549
9138,0.6608793303761075
9139,0.4978850231075496
9140,0.6001302540708687
9141,0.3567802994352499
9142,0.6513704881073892
9143,0.4049544735018378
9144,0.6472481643644805
9145,0.5495212031244975
9146,0.5978853651741047
9147,0.40778493400561777
9148,0.535651737198997
9149,0.5767034131300444
9150,0.5572222163530914
9151,0.5231769265834413
9152,0.35072714874459243
9153,0.5539654253523534
9154,0.6471482247580698
9155,0.4979961413170686
9156,0.6075260052606338
9157,0.6121799174499796
9158,0.6462500862343582
9159,0.5127198072278563
9160,0.5218119272408575
9161,0.48781700710843295
9162,0.6019819765566023
9163,0.5237212266550003
9164,0.3481527122837539
9165,0.6046834211148062
9166,0.6489447537095212
9167,0.6105397333804974
9168,0.6108168529183369
9169,0.44192876766946004
9170,0.5496905590789408
9171,0.6319713226508763
9172,0.669871706222368
9173,0.7275970183739656
9174,0.48929618683258713
9175,0.47079246972738165
9176,0.5317986014247642
9177,0.43187805511970684
9178,0.429315896953959
9179,0.5436712514762854
9180,0.5643760149725178
9181,0.49328668497982203
9182,0.5608802177588896
9183,0.4460737719783016
9184,0.525766748688971
9185,0.5581231710792911
9186,0.5015939254185554
9187,0.3910638292616426
9188,0.41704055199687695
9189,0.43331429993107967
9190,0.656177744512641
9191,0.5501854352494944
9192,0.5513681902556152
9193,0.5303902131247932
9194,0.5112031354402736
9195,0.6249346233457475
9196,0.60251774597325
9197,0.49753309323179234
9198,0.41183116316327284
9199,0.4340069269478925
9200,0.6074022978134102
9201,0.7249172836415696
9202,0.47545225137034064
9203,0.5784512422503123
9204,0.6654014201160399
9205,0.5718702946523548
9206,0.4627476180663226
9207,0.5455078121829395
9208,0.445910270905066
9209,0.45792512873294955
9210,0.529729051201375
9211,0.5620329023427716
9212,0.5039668644561661
9213,0.5027417800266177
9214,0.6522671827466333
9215,0.622971920826641
9216,0.5379836261401382
9217,0.512020818960345
9218,0.5698319817024781
9219,0.61823212768151
9220,0.4313857032477122
9221,0.5293661250101058
9222,0.4719545330479981
9223,0.5074770342570145
9224,0.6515571887321766
9225,0.49606218223148096
9226,0.5778932839884826
9227,0.5100206045102861
9228,0.5379493766951509
9229,0.37075385619198575
9230,0.6073894939850597
9231,0.5780766370405088
9232,0.3448581257732132
9233,0.3558401572114608
9234,0.755702963571491
9235,0.4765418702521317
9236,0.6231781965711172
9237,0.49560572304293204
9238,0.5841614014750857
9239,0.41752839280826737
9240,0.6023288883739659
9241,0.6177038158492334
9242,0.4879704739703895
9243,0.44853028009355883
9244,0.5806563406108126
9245,0.3984796191381178
9246,0.4806983926490353
9247,0.5236470655087432
9248,0.516302285904327
9249,0.31605557766474646
9250,0.5497637662977091
9251,0.4945609206191644
9252,0.5446876500051635
9253,0.5076233168292164
9254,0.5739606967009784
9255,0.43570052794769387
9256,0.3908511000977714
9257,0.5962489800788218
9258,0.41210738978106076
9259,0.4407032407032897
9260,0.6815583325407255
9261,0.6062638561242837
9262,0.6729302777105513
9263,0.5402109738155524
9264,0.6763146288694415
9265,0.44618299755099994
9266,0.49254943800624157
9267,0.41289413255863044
9268,0.5259309991927066
9269,0.4711162679964549
9270,0.5639966803005088
9271,0.5429818918472459
9272,0.4903405048951242
9273,0.4597546102060681
9274,0.5384097459099904
9275,0.7164816747901808
9276,0.5367737152052359
9277,0.45828395763375845
9278,0.49262237322599495
9279,0.6607207623167638
9280,0.4493072270478766
9281,0.5410690685451767
9282,0.5405772435366973
9283,0.5286449270351375
9284,0.7223845526648379
9285,0.5147637447811719
9286,0.5024187292203183
9287,0.5313581317117104
9288,0.46451532239357873
9289,0.5927266509284679
9290,0.3699885770866864
9291,0.5242098578474785
9292,0.6066680152004245
9293,0.4595884235335926
9294,0.48860175097027037
9295,0.5824867714480273
9296,0.5269927171302741
9297,0.5682406605210928
9298,0.42160760619855564
9299,0.4666724998264173
9300,0.4279728984994052
9301,0.507551519202734
9302,0.5129503527663697
9303,0.4320547672050419
9304,0.565102176851579
9305,0.5070236904797606
9306,0.5988153270174734
9307,0.677878309227358
9308,0.4298900155218588
9309,0.4432662405039105
9310,0.615728281658741
9311,0.543853479613872
9312,0.6142596983441654
9313,0.5248422840725775
9314,0.4550470470185407
9315,0.3997492633349164
9316,0.4013683961630826
9317,0.5555638663567499
9318,0.4482018619326851
9319,0.6181690425327511
9320,0.34561845012710324
9321,0.524353504424974
9322,0.4514998714884725
9323,0.6244253673961068
9324,0.4556562022656924
9325,0.6839922606499049
9326,0.7079508545205307
9327,0.5184704027960181
9328,0.6789494302944554
9329,0.6513573996529151
9330,0.7281504315340943
9331,0.5509925700691225
9332,0.6120791037312878
9333,0.42705396347208224
9334,0.48809800889190663
9335,0.7984855257305556
9336,0.47440165071567736
9337,0.4859681307022417
9338,0.3357045309174136
9339,0.4604882319563952
9340,0.46590095582398056
9341,0.517307311425851
9342,0.5131764730946665
9343,0.48800515941591444
9344,0.42442395588408655
9345,0.4254370131613961
9346,0.43832311356269504
9347,0.7289915921587662
9348,0.7347341196746854
9349,0.3690367539625823
9350,0.5147632271816989
9351,0.6433713428987161
9352,0.35368559145972184
9353,0.4978827185459838
9354,0.5463699771752816
9355,0.47889637214567893
9356,0.5235916247394664
9357,0.5740992535809165
9358,0.6504073981344201
9359,0.5473835411517906
9360,0.3837566343007457
9361,0.4898070792407545
9362,0.48440134422151815
9363,0.643559978351492
9364,0.2696321879930273
9365,0.6079667803366056
9366,0.35821369434067957
9367,0.4105400605455157
9368,0.5580905644123955
9369,0.4991290299225823
9370,0.3641563048031814
9371,0.501121686282818
9372,0.7256751792419265
9373,0.3623183759372507
9374,0.5225750596328979
9375,0.7542575750039444
9376,0.5373775231060058
9377,0.6870363295971743
9378,0.41551629353587766
9379,0.7250459263787641
9380,0.6797459670496463
9381,0.5526335684942654
9382,0.3672114814267103
9383,0.4637350190738516
9384,0.5455018407541068
9385,0.5612728633904294
9386,0.5603123127378046
9387,0.46044764719098186
9388,0.5544580625271858
9389,0.7981135727235298
9390,0.5133212215224774
9391,0.5474833401283036
9392,0.6287982292543458
9393,0.6733684406137481
9394,0.5099416196135393
9395,0.4776835849264324
9396,0.5298339907169419
9397,0.5305540678375309
9398,0.450698695259816
9399,0.4823894801955497
9400,0.5066789743210414
9401,0.5558186359164902
9402,0.6572029507744586
9403,0.5246864168489144
9404,0.678347660748222
9405,0.5897518549000594
9406,0.46662888987024653
9407,0.5502364715424528
9408,0.3842977921018262
9409,0.32431661791024957
9410,0.5628233686891015
9411,0.4371051737475371
9412,0.3501619443772639
9413,0.4881347614496472
9414,0.5845048049626211
9415,0.5148538524562422
9416,0.7172819904803555
9417,0.6111173009714039
9418,0.43533637359869715
9419,0.5763297830538493
9420,0.5290014560644283
9421,0.4119935381842005
9422,0.4809061810997883
9423,0.5340957056110746
9424,0.4573774665491146
9425,0.5591550469948047
9426,0.5064637610400782
9427,0.4872429019823727
9428,0.5488526909421144
9429,0.42646276822206575
9430,0.48840611424885466
9431,0.4113548307189359
9432,0.5536021291042368
9433,0.6824262004907915
9434,0.4454765286837139
9435,0.7733229015675752
9436,0.49150136369740843
9437,0.5864050396006847
9438,0.5280117277703799
9439,0.5111465195462881
9440,0.4409389162924951
9441,0.5541895164418816
9442,0.5023524934359203
9443,0.364676775452276
9444,0.4444135551471763
9445,0.6745497894083581
9446,0.49113791742568946
9447,0.605418605556245
9448,0.6245191815964005
9449,0.34151013138173414
9450,0.5483106915009757
9451,0.42816012723190844
9452,0.5981479354597314
9453,0.5549317285482848
9454,0.6707826136358234
9455,0.43421066686445353
9456,0.6086864818609776
9457,0.40439325724783337
9458,0.40550875312087437
9459,0.5762875379410662
9460,0.5415350100395434
9461,0.6123940687390048
9462,0.7246346107036505
9463,0.4512082037504572
9464,0.6028539039041394
9465,0.4651144316117702
9466,0.6646775506601206
9467,0.567638121384614
9468,0.6186851225049088
9469,0.5020393089953203
9470,0.8363925176693017
9471,0.7244705308987769
9472,0.44350709575029507
9473,0.7302813934353465
9474,0.49051692468561237
9475,0.4463447913594756
9476,0.5396516055999073
9477,0.4657300603346807
9478,0.7727162567798811
9479,0.5321187555193914
9480,0.5081542949812373
9481,0.5539378979240122
9482,0.7283688480034043
9483,0.5639075146538399
9484,0.44309581711289836
9485,0.3882084788624922
9486,0.59751849480001
9487,0.5802908293804518
9488,0.7151686555115648
9489,0.6283376781151049
9490,0.49111397232555465
9491,0.6227459136435516
9492,0.677563064362637
9493,0.5156280532468833
9494,0.5547619276909528
9495,0.6372718078161848
9496,0.5395653635929832
9497,0.5660084125055893
9498,0.5744838131191295
9499,0.49090541961560913
9500,0.731415684664133
9501,0.4474640377981114
9502,0.4384650500290517
9503,0.545651997164168
9504,0.4549079259185239
9505,0.3809465039709811
9506,0.4105810170651679
9507,0.566222305462124
9508,0.541125950827908
9509,0.48282607149806367
9510,0.5511615053564676
9511,0.6711772838842686
9512,0.41433986728736183
9513,0.6525096354490671
9514,0.5218728384808531
9515,0.36144522469649665
9516,0.4741401118874846
9517,0.6228714574678753
9518,0.5038725839851053
9519,0.6196194614236921
9520,0.6145378781960785
9521,0.6827456294449279
9522,0.5738911066094622
9523,0.7526153897824776
9524,0.6655816954882197
9525,0.40156065969021837
9526,0.5112914616987633
9527,0.6142935308436753
9528,0.674662087877242
9529,0.5103578285900543
9530,0.6511032176810547
9531,0.47891855282172446
9532,0.5046841002527173
9533,0.648445024707585
9534,0.40970338055555516
9535,0.45068706896800254
9536,0.7387752483688309
9537,0.4241901489550823
9538,0.5072084197419939
9539,0.3640820476182315
9540,0.4272583808294841
9541,0.47406139556422106
9542,0.5708883226941532
9543,0.4946478220047002
9544,0.6581365166145945
9545,0.4225859064095701
9546,0.4822272830102435
9547,0.5277405438258844
9548,0.3809811031575215
9549,0.45861065419154634
9550,0.5656688407911052
9551,0.5542948367896463
9552,0.4650428407260074
9553,0.46907624484674704
9554,0.5663793478691873
9555,0.7466643983679906
9556,0.43592140929341133
9557,0.3944061673892662
9558,0.4454501079744273
9559,0.44007920126501243
9560,0.5515740580441679
9561,0.4367881235284692
9562,0.5548001286283938
9563,0.5300182275495362
9564,0.5799862822457648
9565,0.29573580471796307
9566,0.5524082135930514
9567,0.756346701768891
9568,0.5051687248483374
9569,0.5392799189381436
9570,0.5006096898837837
9571,0.5489006907572552
9572,0.4805450588236043
9573,0.663265740368846
9574,0.5449680762377334
9575,0.4630806190909328
9576,0.6569727237628019
9577,0.515684440844262
9578,0.5546021135352349
9579,0.5531228831932257
9580,0.5757673392584809
9581,0.5077098905975204
9582,0.4925455684557333
9583,0.661709199019781
9584,0.4258322164890782
9585,0.48015428111122904
9586,0.43500057145781923
9587,0.33616810656613094
9588,0.46338636763199814
9589,0.5041153562621287
9590,0.4909892245366154
9591,0.5393590966311648
9592,0.3844760235514703
9593,0.5298220156165808
9594,0.4987421010227183
9595,0.7315651177083426
9596,0.5913618446794087
9597,0.44796031705152217
9598,0.6114820350738607
9599,0.7008821603444524
9600,0.42006304997377286
9601,0.5946044585633881
9602,0.6445844148357146
9603,0.5429631034230139
9604,0.25856780370174925
9605,0.5374074217087823
9606,0.5088757000935784
9607,0.743483525939716
9608,0.4866368271934685
9609,0.46270101465630503
9610,0.41478081605365724
9611,0.49937245200428537
9612,0.5936333091545608
9613,0.49486719425064546
9614,0.5618783287399082
9615,0.4891913436292888
9616,0.3040679636907536
9617,0.5021760644652326
9618,0.6714733831685318
9619,0.5872478164534634
9620,0.5396405334522316
9621,0.6132370444042659
9622,0.6381720800498738
9623,0.4014827948465821
9624,0.5116477890974515
9625,0.36507865255423283
9626,0.5001975218840675
9627,0.5015843367700888
9628,0.5937774175320997
9629,0.4181780108321187
9630,0.5475906859317073
9631,0.41541064372768627
9632,0.41430629232343885
9633,0.45589934915700175
9634,0.32790368099412726
9635,0.46793867361563113
9636,0.5864598097135278
9637,0.5632123385795494
9638,0.5896237050646282
9639,0.38503117769548206
9640,0.47348597853885943
9641,0.4426068562475243
9642,0.41768089125708396
9643,0.6493100400807141
9644,0.5091575561990841
9645,0.40049542534560345
9646,0.39913927659143256
9647,0.6094911363720782
9648,0.36804247954553293
9649,0.5404203792637543
9650,0.7111116985526489
9651,0.6432933167696376
9652,0.5231385886125782
9653,0.5100073892710149
9654,0.5217029226820815
9655,0.4438810671606081
9656,0.5617772414175248
9657,0.6274777455619212
9658,0.5071459108351879
9659,0.6748090641614359
9660,0.49659883832271634
9661,0.5529668085666508
9662,0.4921700542721251
9663,0.3505242290716549
9664,0.6056019820022748
9665,0.5129671689300305
9666,0.5768170751375523
9667,0.4597868465657316
9668,0.5066667001705932
9669,0.5827776338634726
9670,0.4025528751332763
9671,0.3121500868274168
9672,0.5594971667316865
9673,0.5647369775073908
9674,0.4819916030588623
9675,0.581191548193382
9676,0.6882357466172158
9677,0.5305451668196886
9678,0.6739396656058397
9679,0.6847148246979411
9680,0.45221313474920777
9681,0.5453527475943104
9682,0.5560376220382643
9683,0.7516810888425818
9684,0.5510510285374143
9685,0.46820803450514886
9686,0.5262920513376829
9687,0.7721138887421982
9688,0.5283780465024617
9689,0.6495090426881511
9690,0.5873526522182083
9691,0.6568628863770123
9692,0.6163293690385543
9693,0.5399873971721412
9694,0.4839759893788425
9695,0.39987321862271635
9696,0.3857015514458871
9697,0.5673233173565815
9698,0.5095443076195384
9699,0.521824156246607
9700,0.39616343082630767
9701,0.4700741655223935
9702,0.5063341890932166
9703,0.5199261082034919
9704,0.40734763248708294
9705,0.5042799735979948
9706,0.5503114985871728
9707,0.4812549252111554
9708,0.44931719540962267
9709,0.5999128721978898
9710,0.5452720771982102
9711,0.5279340676052119
9712,0.5230636438808004
9713,0.5504016129648117
9714,0.4439307064559931
9715,0.42073593506192286
9716,0.6338993769548535
9717,0.7791351822338011
9718,0.4214300308170137
9719,0.6448115862157707
9720,0.5406589256653479
9721,0.5142303491238485
9722,0.5406163295961383
9723,0.7005912547116051
9724,0.46112911142797536
9725,0.6263324613301298
9726,0.48154818092088875
9727,0.50582464006492
9728,0.460375607741279
9729,0.4681772446488472
9730,0.5305869398461068
9731,0.6074662332389952
9732,0.6449007404833047
9733,0.6337642788935207
9734,0.5590012883835682
9735,0.43251850784985457
9736,0.6072840689252431
9737,0.6159292586112862
9738,0.6638190805439728
9739,0.49285287087225355
9740,0.5540069735182792
9741,0.4541498285659966
9742,0.3843836872324644
9743,0.463046901977898
9744,0.4614048796796784
9745,0.5021007051709678
9746,0.5255173786779912
9747,0.4242979810170741
9748,0.40031904112787403
9749,0.5839502256457435
9750,0.4618935900383126
9751,0.4698819989362557
9752,0.46413507378294505
9753,0.4705820875982031
9754,0.4662089784040991
9755,0.6289721746598584
9756,0.47774814458602255
9757,0.4643405187263556
9758,0.5510868259507681
9759,0.48198439175937446
9760,0.707977154707404
9761,0.6139534989091543
9762,0.5901914781078516
9763,0.5697385766046424
9764,0.6627222859388849
9765,0.48610522184972216
9766,0.5358070166635462
9767,0.35349519805793717
9768,0.5647593323070283
9769,0.442277823859355
9770,0.5268564677706516
9771,0.36992735292986145
9772,0.4966494719102509
9773,0.5015288068916782
9774,0.6051980428894173
9775,0.5513506256270497
9776,0.5120183797339525
9777,0.38075727102953494
9778,0.3257409936975193
9779,0.5030712107598718
9780,0.40374371345202237
9781,0.5983727453122566
9782,0.4731267226280118
9783,0.5793759714942869
9784,0.5141390124716755
9785,0.5577511039738066
9786,0.4273082631724271
9787,0.5051108242331742
9788,0.6966752050532605
9789,0.5197983524479369
9790,0.5783056945348182
9791,0.3518707588366058
9792,0.3429875063722819
9793,0.4819583478227895
9794,0.5909057082149113
9795,0.5673532657557735
9796,0.7622695558580844
9797,0.4045530012927474
9798,0.45400036194186233
9799,0.4820656789533853
9800,0.5000935738162241
9801,0.4269357817250085
9802,0.41724672558438103
9803,0.5971110099209236
9804,0.5052108467410145
9805,0.5017664590416747
9806,0.4535132294708891
9807,0.41743644062199087
9808,0.45162914818291966
9809,0.4348238205384105
9810,0.48069212599621486
9811,0.4667445544000688
9812,0.5386898462464708
9813,0.5245517588338204
9814,0.4118527156440259
9815,0.4920306731614807
9816,0.5700230594391766
9817,0.4676006077693949
9818,0.5867129901821788
9819,0.49056415615458504
9820,0.44666923145908627
9821,0.600050315956481
9822,0.5677864426534439
9823,0.3849676025332983
9824,0.40207627757946185
9825,0.46723486941160997
9826,0.39191640242820897
9827,0.6021295267285107
9828,0.5710430340075452
9829,0.6262730798068115
9830,0.5673399553749732
9831,0.7140500932637054
9832,0.4469917350443815
9833,0.6858346155661839
9834,0.4999758920320155
9835,0.4802888696972901
9836,0.5173308342466963
9837,0.4427705300573396
9838,0.5525767715616361
9839,0.42709407253601495
9840,0.4664010287013939
9841,0.4650107826989486
9842,0.527560044222497
9843,0.4133014786092542
9844,0.5499132716391194
9845,0.5052517791688063
9846,0.5713537127808623
9847,0.5297898430423388
9848,0.5036136121981407
9849,0.4788625832229693
9850,0.5066379010265264
9851,0.5401463509194091
9852,0.7096561842354391
9853,0.459305277143518
9854,0.5541158202741454
9855,0.4568449751697982
9856,0.323176419097022
9857,0.5184533621592974
9858,0.41422230464030624
9859,0.45469586120032757
9860,0.4040186728898301
9861,0.738624716958596
9862,0.49462717624699976
9863,0.7105183020093532
9864,0.517372268254611
9865,0.4518464222156547
9866,0.49911795943493503
9867,0.7110759613539462
9868,0.4444719590645797
9869,0.525485380354002
9870,0.5453739106024161
9871,0.5114767941896402
9872,0.48362324225565656
9873,0.5426461755787284
9874,0.5389018883661051
9875,0.32502278896873765
9876,0.5211071189123005
9877,0.5734873971793315
9878,0.5853501850435093
9879,0.44345492446247076
9880,0.3059677540091204
9881,0.7094699380752457
9882,0.4941035066013503
9883,0.8223421383909273
9884,0.5860405077894565
9885,0.43392827047427257
9886,0.3015753187831032
9887,0.4576029571267289
9888,0.49582355501270375
9889,0.5747324493776007
9890,0.4856666578336084
9891,0.5338911203499705
9892,0.5848491407208626
9893,0.607770369627884
9894,0.49320173234760706
9895,0.5144537091392151
9896,0.5505483193988687
9897,0.5788972946700098
9898,0.4790867514263504
9899,0.3053269245897014
9900,0.5129089937945748
9901,0.5276922922746147
9902,0.4425765081345157
9903,0.4144778408180633
9904,0.5129627921518064
9905,0.48789482845113397
9906,0.5108892619379436
9907,0.380752878347018
9908,0.3255638473012189
9909,0.5210616417881071
9910,0.5213832579643854
9911,0.5623441214778067
9912,0.44594385889217125
9913,0.5257959852290409
9914,0.5221319937074114
9915,0.45688128474051554
9916,0.4500413878849632
9917,0.4553979327796056
9918,0.6410373220018825
9919,0.500054512717206
9920,0.6791958877640597
9921,0.5202623957263202
9922,0.4891302984219188
9923,0.4539181287850951
9924,0.6298823360260271
9925,0.6622774788632697
9926,0.48273674094747965
9927,0.5216393598258526
9928,0.5592892030556815
9929,0.320555643581017
9930,0.6288118903951039
9931,0.5560195727020456
9932,0.43892166243441066
9933,0.513295772009593
9934,0.5390186725664409
9935,0.43134213904475166
9936,0.5500104143419107
9937,0.5566340137513235
9938,0.5040065906542206
9939,0.42955754016460446
9940,0.6122973920582657
9941,0.80841545220718
9942,0.5830898451281821
9943,0.5746487237123744
9944,0.5339474797516476
9945,0.6681736108632131
9946,0.4134008177599419
9947,0.36539145724323613
9948,0.4762931478819075
9949,0.5935166929083504
9950,0.26609602287153156
9951,0.5462342864255614
9952,0.5780858570525821
9953,0.5830423722214193
9954,0.4720054708332765
9955,0.3554060998391684
9956,0.48112698657366965
9957,0.4170145204676747
9958,0.7010490246439893
9959,0.5861494297341653
9960,0.5135166954709854
9961,0.5110227738545219
9962,0.4117501392815939
9963,0.7173450510888837
9964,0.6394418157280911
9965,0.6564465249071514
9966,0.7251894281453745
9967,0.590439685061346
9968,0.5284688244347336
9969,0.6115816188519884
9970,0.7538739680213419
9971,0.5039016874631644
9972,0.48414833010571595
9973,0.766510253168532
9974,0.43952622909417216
9975,0.3434496018937138
9976,0.6244319201517728
9977,0.504671786701228
9978,0.6211978364975328
9979,0.6267433182879799
9980,0.44793946664325557
9981,0.5178206647446206
9982,0.5745858862566122
9983,0.5811678332847824
9984,0.5585031428984932
9985,0.858470468068143
9986,0.45250623725670835
9987,0.6518389951163561
9988,0.699782078929943
9989,0.49481300183179167
9990,0.5479629467748016
9991,0.487229430943005
9992,0.6965534406081055
9993,0.46938754601758337
9994,0.4197413504118392
9995,0.4793953902174962
9996,0.48680269352714023
9997,0.7287131815711487
9998,0.5476789092996708
9999,0.479902818977318
10000,0.44057826439875736
10001,0.4748891589077304
10002,0.3914681551186731
10003,0.4633408972281125
10004,0.43223087771649454
10005,0.5165283425266544
10006,0.7000371864892975
10007,0.4742323859747844
10008,0.25003677443141764
10009,0.39629625644127164
10010,0.4898481483849979
10011,0.4480606663519693
10012,0.45349973631644375
10013,0.5780752275391008
10014,0.6509995885749139
10015,0.4957541578183043
10016,0.5912662090393244
10017,0.4455663889505871
10018,0.4718218179003104
10019,0.5652448170032301
10020,0.6804789481458337
10021,0.40171689420931367
10022,0.4745133952768634
10023,0.5035896150423076
10024,0.42716752522857965
10025,0.7675551825729549
10026,0.8099066181881575
10027,0.4477400393556871
10028,0.4496339583299136
10029,0.49118442416611807
10030,0.4684762792615655
10031,0.44593752922523733
10032,0.5809223235497315
10033,0.5503043689691673
10034,0.6390499471747573
10035,0.48178142580052064
10036,0.3849283456465187
10037,0.32752100392086136
10038,0.664950398107063
10039,0.7719315909984075
10040,0.5221984883413106
10041,0.6670886093664858
10042,0.6320549569540351
10043,0.6177218490344707
10044,0.650273953636945
10045,0.4160678614571895
10046,0.47264046215694094
10047,0.6935764152500513
10048,0.5033498291870133
10049,0.5251514967003466
10050,0.584605462536492
10051,0.6107601043637101
10052,0.63577810797571
10053,0.5225783134881309
10054,0.48799446517032546
10055,0.49313913264146336
10056,0.5767044862020176
10057,0.3575230927125441
10058,0.5156211998827271
10059,0.5614343190629777
10060,0.6452774820246823
10061,0.36838449838747855
10062,0.5067295324072154
10063,0.5588201948732373
10064,0.625599959226943
10065,0.5280331017362891
10066,0.6860086120307113
10067,0.7225243781182275
10068,0.5183026122662153
10069,0.5892211371271422
10070,0.48063167830856957
10071,0.5652276620173818
10072,0.4905753681446206
10073,0.7278613145420059
10074,0.5134050331873456
10075,0.47114531912836877
10076,0.5453181278246714
10077,0.5437725985813633
10078,0.6291716289342544
10079,0.45753168684754897
10080,0.7096763616412098
10081,0.5068917688703825
10082,0.6407038242339391
10083,0.50026721393885
10084,0.49664411715491547
10085,0.6372803349683914
10086,0.48163450211328035
10087,0.4936048977958696
10088,0.4356638317393333
10089,0.5256315624210077
10090,0.7034341882945079
10091,0.5214597397282704
10092,0.4203013270435553
10093,0.5274451269492915
10094,0.5888101893798398
10095,0.39149260849411616
10096,0.4691456718780157
10097,0.5672899619282608
10098,0.5269034778324518
10099,0.48938163003215296
10100,0.3228750867193963
10101,0.681327000563713
10102,0.4515359481263921
10103,0.6952673288494818
10104,0.5285912376384578
10105,0.4821935670488547
10106,0.4559967434504137
10107,0.47036520783849944
10108,0.5152281525556306
10109,0.4724016418528283
10110,0.562557708384039
10111,0.5672527085088643
10112,0.4658470033324747
10113,0.49201970245857096
10114,0.6222663767213774
10115,0.45370477674180587
10116,0.5504726015774642
10117,0.567317887148953
10118,0.44605687426713053
10119,0.4613555428733316
10120,0.581862915827596
10121,0.536388844171578
10122,0.6723433716997407
10123,0.7421636827130165
10124,0.3788010540201034
10125,0.6215092739891068
10126,0.4726352920012802
10127,0.44605927949761875
10128,0.4625176602980912
10129,0.5382903523486114
10130,0.46918315774840025
10131,0.4904605248544367
10132,0.5207015039586906
10133,0.8557252373213479
10134,0.3487417715128327
10135,0.4870013210241009
10136,0.4808434119785482
10137,0.5333294300931652
10138,0.3674979054432976
10139,0.5344582434567742
10140,0.4178690361033637
10141,0.6213924389362908
10142,0.7091857348803888
10143,0.4192604369878587
10144,0.5778078339032932
10145,0.4907282017050909
10146,0.37417866239284303
10147,0.42278588173763826
10148,0.5428450688636355
10149,0.4636976623610657
10150,0.4454781530681815
10151,0.577214688123178
10152,0.699150073136724
10153,0.6783361220902898
10154,0.491142435026377
10155,0.4908212736918646
10156,0.6116211217925794
10157,0.5363792449532815
10158,0.4694554054171532
10159,0.5654079453326821
10160,0.48814376157884337
10161,0.5682263509610023
10162,0.4706363273117367
10163,0.6130764256101293
10164,0.5376054051593762
10165,0.4124547836051663
10166,0.5878470964214701
10167,0.6767705972618376
10168,0.6032531064091402
10169,0.6812934447938794
10170,0.5247344813617828
10171,0.507261226718762
10172,0.5207008443079619
10173,0.5244197077479084
10174,0.5651330814957263
10175,0.4219054228196125
10176,0.5627274220142426
10177,0.5600313378213296
10178,0.5697935090683945
10179,0.45222693251270185
10180,0.5286277347091527
10181,0.35266835442248995
10182,0.5806703353637308
10183,0.537663639970561
10184,0.4223534985149401
10185,0.4038431666435442
10186,0.4611765491571341
10187,0.5743224864917116
10188,0.5823509063014475
10189,0.44062691340842075
10190,0.4118672017155403
10191,0.5584835321170462
10192,0.575833757617725
10193,0.48545952232661493
10194,0.5292808434744958
10195,0.5472347320252402
10196,0.38727014162671713
10197,0.6076349379279202
10198,0.6106261520467849
10199,0.3852710657334764
10200,0.3995268802280313
10201,0.4702815352268848
10202,0.5316389827869299
10203,0.4589398553394947
10204,0.6004827156572238
10205,0.6076337038722537
10206,0.5766892710644588
10207,0.5280261440730483
10208,0.6016912341370879
10209,0.6298443489967757
10210,0.6584638327951535
10211,0.5506324467232956
10212,0.5340450179651532
10213,0.5123377264987029
10214,0.786842643757864
10215,0.46635765556786124
10216,0.6779541371834711
10217,0.5213516395053582
10218,0.5235658921336326
10219,0.7058548597625771
10220,0.5211248170258417
10221,0.5433956558438976
10222,0.47223588162999564
10223,0.48297265439389037
10224,0.570491324200023
10225,0.5371920176651209
10226,0.4706964387856858
10227,0.7027217001402769
10228,0.43479278498988116
10229,0.5182365212314393
10230,0.5615224451570614
10231,0.4304841914549443
10232,0.6843909484113534
10233,0.7287208784367655
10234,0.5394504100123504
10235,0.48584240629252495
10236,0.397211511986237
10237,0.45864105085257884
10238,0.5855548452103227
10239,0.44553007389135535
10240,0.3961724780598016
10241,0.528438518372471
10242,0.5888414172384575
10243,0.4330706854342994
10244,0.6077583909333555
10245,0.5138406239907436
10246,0.5777268891277163
10247,0.7736462508859192
10248,0.6071874686987528
10249,0.6007782277150823
10250,0.49450220326364425
10251,0.5910219981337241
10252,0.600687930190675
10253,0.4587940729311498
10254,0.5361175479610955
10255,0.4534077654300507
10256,0.5932681142979934
10257,0.3956406050209144
10258,0.3988625595134212
10259,0.4685737073469726
10260,0.6350944214891595
10261,0.4779305928010793
10262,0.6125745930269527
10263,0.5275382015711692
10264,0.4601166812213615
10265,0.6108402481182638
10266,0.6152442567288455
10267,0.5165089412764564
10268,0.534509665431498
10269,0.5849472412191401
10270,0.5014690469962869
10271,0.5131491661737373
10272,0.43757554782734875
10273,0.6759913345382731
10274,0.49408716703277
10275,0.5724650359185243
10276,0.665778143524041
10277,0.574826182630955
10278,0.5995910134156575
10279,0.5456351892431278
10280,0.6075984372808267
10281,0.5582523410534251
10282,0.5231505653528382
10283,0.4592167597745955
10284,0.598763349879733
10285,0.5127039422132647
10286,0.5874567656320155
10287,0.5337851328736519
10288,0.437028600400697
10289,0.6573533347873438
10290,0.518632140195211
10291,0.5198072205361841
10292,0.49295697072862343
10293,0.6950004004144206
10294,0.5811873874720439
10295,0.5575672843288026
10296,0.46421799007121706
10297,0.4786069918501898
10298,0.534757017069959
10299,0.5594702674707362
10300,0.6457422089255644
10301,0.49217488477892374
10302,0.5497708749488243
10303,0.6518317645620674
10304,0.7335414756547765
10305,0.49775289866394273
10306,0.5508719148687851
10307,0.604998637450386
10308,0.5125817781801838
10309,0.39449888750894035
10310,0.48994209940506844
10311,0.6134373946704399
10312,0.3865898295315933
10313,0.3630372177229324
10314,0.4154313838542199
10315,0.4781692183973198
10316,0.3830455810536332
10317,0.633645900893079
10318,0.5166167077788387
10319,0.45334491123624954
10320,0.4416682040161098
10321,0.5474878789982568
10322,0.5302267313187302
10323,0.5911059838035342
10324,0.536686816482581
10325,0.567120558539605
10326,0.54119126509028
10327,0.6465058847735707
10328,0.43486228361249424
10329,0.6664543286379186
10330,0.6286641420513275
10331,0.5314233936940852
10332,0.5605687988433453
10333,0.6014820929731981
10334,0.36930584267639177
10335,0.5103877741153061
10336,0.6395984063898675
10337,0.5320801661945277
10338,0.5233080832626931
10339,0.5031637181338069
10340,0.6064572925599085
10341,0.6622381718114351
10342,0.5284614299741499
10343,0.7939588893233124
10344,0.5026289548943504
10345,0.7657949143627542
10346,0.588320308779509
10347,0.5331276399038117
10348,0.6052901121985059
10349,0.40976648665371046
10350,0.5159042884611457
10351,0.4443179906518474
10352,0.46319191050708625
10353,0.4244182170124213
10354,0.5255264900456272
10355,0.403568175866141
10356,0.5260274468794989
10357,0.5975558679541932
10358,0.5638029389303997
10359,0.5997324834336671
10360,0.5715678929020354
10361,0.5016989635175313
10362,0.6530318120003418
10363,0.6431906843216488
10364,0.7788732822420485
10365,0.5008480623053261
10366,0.5182418000108869
10367,0.4115167730952741
10368,0.5521913186905684
10369,0.520644730516091
10370,0.7863020520495794
10371,0.4497099253241216
10372,0.5758620565089387
10373,0.3783737323113255
10374,0.5120974601771908
10375,0.3948469211658582
10376,0.6870964275835587
10377,0.3661299427893355
10378,0.5058902851947739
10379,0.4875924474010644
10380,0.5380005079695709
10381,0.4981095776879313
10382,0.48217547277481154
10383,0.5416796485375469
10384,0.4609673306953831
10385,0.7507474759885323
10386,0.48313325519376565
10387,0.4795368572613191
10388,0.5420516586228662
10389,0.4888654463656602
10390,0.6296980516838193
10391,0.47334264708422763
10392,0.39131702806659296
10393,0.5307996981576123
10394,0.6588962025723326
10395,0.6808897094513915
10396,0.48839810197965844
10397,0.5552171644851851
10398,0.3880073208159125
10399,0.499625647527549
10400,0.42445838046178824
10401,0.48553497091752035
10402,0.6129688148896288
10403,0.5037815086659824
10404,0.4773661236147657
10405,0.5191810302952934
10406,0.47124231108276293
10407,0.5638249448732738
10408,0.4303332547137322
10409,0.5028954625167606
10410,0.45449625939222105
10411,0.6390325325642855
10412,0.3874675106281188
10413,0.57515274892562
10414,0.28022913258983906
10415,0.5997640520388231
10416,0.578328515874818
10417,0.5103139490982924
10418,0.47701516616234224
10419,0.4855583720220983
10420,0.48503575141714783
10421,0.450737388908696
10422,0.504622092768668
10423,0.6231163290017669
10424,0.3820510046833251
10425,0.7587996211047445
10426,0.44298492054939703
10427,0.48570457194720495
10428,0.6285648719608352
10429,0.5327577513583283
10430,0.6165036488177723
10431,0.4729716697071657
10432,0.6196314854789037
10433,0.5876757269562741
10434,0.3823435497862204
10435,0.5533220373294891
10436,0.5500297748617438
10437,0.5198098511254551
10438,0.6296430377688582
10439,0.3054785375711796
10440,0.5186961903019813
10441,0.7138793644312122
10442,0.48234640089027225
10443,0.39108548104434665
10444,0.5617119838409392
10445,0.3807301667946378
10446,0.533605791895295
10447,0.7356284440985734
10448,0.5927188862285314
10449,0.5709357868697652
10450,0.481635554530199
10451,0.5046970910478311
10452,0.49311663581674836
10453,0.4878690513145352
10454,0.4988853196522409
10455,0.4373695243326518
10456,0.6587986224733182
10457,0.2367426826202409
10458,0.6796501843130729
10459,0.5310511504403715
10460,0.45142240188705984
10461,0.39343140068846516
10462,0.5334178279987244
10463,0.713927938623643
10464,0.5156230264986236
10465,0.48588331743252683
10466,0.5042703968625956
10467,0.5690827025493843
10468,0.4976223348204967
10469,0.4158810355054857
10470,0.5992116198655648
10471,0.5367655465091586
10472,0.6225775164525924
10473,0.600076581771109
10474,0.6535384183442763
10475,0.5145757209857156
10476,0.49147725371250905
10477,0.5002877810514809
10478,0.5736570641256399
10479,0.4075233865526364
10480,0.5719301267119696
10481,0.5566539985040813
10482,0.7116639962559851
10483,0.35767880232678373
10484,0.6231825651529049
10485,0.5660576375247033
10486,0.5599071870108401
10487,0.5988394789604718
10488,0.4991454052221341
10489,0.6391503648830217
10490,0.5122868664631578
10491,0.6212492048241652
10492,0.510647551737046
10493,0.5136113057255715
10494,0.4827726973609462
10495,0.48376289063176947
10496,0.5406315484597749
10497,0.5484476036513077
10498,0.6802307507712313
10499,0.45756746473458465
10500,0.5267893151010273
10501,0.654658587343914
10502,0.45507217494113555
10503,0.5314197596895751
10504,0.671343122056505
10505,0.3971382329546608
10506,0.4681142568652688
10507,0.4637409202823068
10508,0.49318655334062866
10509,0.45976564784479557
10510,0.7271779947814515
10511,0.4598707346157959
10512,0.6601076940415701
10513,0.5742892440531905
10514,0.5092746312673618
10515,0.49934392348344214
10516,0.4968404912683077
10517,0.36355142687463804
10518,0.6018352976472288
10519,0.7364254737150528
10520,0.630814664434175
10521,0.6592370519694146
10522,0.5152727543837817
10523,0.4706252370085434
10524,0.5601061560992824
10525,0.4483039904317308
10526,0.46629118392225344
10527,0.5704114987568085
10528,0.5837140508266498
10529,0.5325320905582034
10530,0.6419166617481943
10531,0.4336336993636084
10532,0.47367780012684485
10533,0.5426146104294155
10534,0.3045742233538673
10535,0.5460139987242264
10536,0.5415080866719788
10537,0.522834731055629
10538,0.6167922587398315
10539,0.5081226347576646
10540,0.5485239326635665
10541,0.4194057327916072
10542,0.3775481454485878
10543,0.5645939666132342
10544,0.4809997930253503
10545,0.47628035607468555
10546,0.6404219136522779
10547,0.8214297280333357
10548,0.6440579561923642
10549,0.5652104974155325
10550,0.47167948948041427
10551,0.5563475168765204
10552,0.5923735606011675
10553,0.5753870911166539
10554,0.41307195834732674
10555,0.6407364522281568
10556,0.426990789621552
10557,0.5600110507331583
10558,0.4008511961583744
10559,0.3754668262440762
10560,0.3759086035704289
10561,0.5617454848121252
10562,0.646088305538734
10563,0.6371376319789411
10564,0.5302370798556005
10565,0.5203051500257054
10566,0.5819148673486267
10567,0.6597196394094114
10568,0.5802206317605072
10569,0.5057668810518965
10570,0.48108400350368385
10571,0.2734735977212985
10572,0.6214897744839161
10573,0.40637606749405847
10574,0.5542987616169212
10575,0.42776867635218074
10576,0.4749875243750609
10577,0.7082674299238525
10578,0.5520409707498715
10579,0.5096129609209316
10580,0.6415549704137105
10581,0.6847937575348909
10582,0.6106427280451976
10583,0.405971784098467
10584,0.4844073550792789
10585,0.5370185553327453
10586,0.4753715205844353
10587,0.6479453542333817
10588,0.3971830323691361
10589,0.5438527279666199
10590,0.5393578346068485
10591,0.5278585176247339
10592,0.4570112799058345
10593,0.5130890412599962
10594,0.549669402223668
10595,0.5011191068946893
10596,0.4768313307738854
10597,0.535794438655394
10598,0.4213895080511522
10599,0.431822494770872
10600,0.44641960564448857
10601,0.4107016594751729
10602,0.5241989812332725
10603,0.6509481944029982
10604,0.49457249952759513
10605,0.4001547362242154
10606,0.5319733397602191
10607,0.5371084630689591
10608,0.5787156251636931
10609,0.5393857871809145
10610,0.3984702324413222
10611,0.5438690488057989
10612,0.648825042356099
10613,0.5966364614372892
10614,0.3382725290652043
10615,0.47306473746110705
10616,0.5713642579139986
10617,0.6766386256461104
10618,0.5358052109282861
10619,0.6195892331536159
10620,0.549236784357212
10621,0.6844840551563235
10622,0.5861463754960267
10623,0.5915621819496912
10624,0.5052224211693824
10625,0.5837096134020946
10626,0.4611458583836705
10627,0.5300771116651035
10628,0.605842546294013
10629,0.6178530348608997
10630,0.6284688560238397
10631,0.5305062050579585
10632,0.5771071692445785
10633,0.4305701886676367
10634,0.49644183426640215
10635,0.443888588733538
10636,0.5042171233829033
10637,0.6733587082758767
10638,0.3790731329724135
10639,0.5253639837091065
10640,0.5003422182198293
10641,0.5189220014091435
10642,0.46392178467736034
10643,0.6136446137109034
10644,0.4363465213641225
10645,0.40427883665161846
10646,0.5677958685039053
10647,0.5488809026096411
10648,0.48766047590690875
10649,0.5408284130487605
10650,0.5816592190332208
10651,0.40977414446617255
10652,0.5193109693473458
10653,0.5989065680736994
10654,0.5375166626623737
10655,0.5692929997758429
10656,0.5775362655176448
10657,0.5770311604557057
10658,0.45304296989728254
10659,0.533293390484776
10660,0.43136392985382577
10661,0.4972657907714175
10662,0.454464906181527
10663,0.3951468854200971
10664,0.43899998855869504
10665,0.5358226766851913
10666,0.44982560987112585
10667,0.5236859384091532
10668,0.5621157585224567
10669,0.5160052341697848
10670,0.5905642620880276
10671,0.6015102600260325
10672,0.42146018755299247
10673,0.37869622661397007
10674,0.4151097655802879
10675,0.5911120044523911
10676,0.621071110520719
10677,0.4361013738011319
10678,0.619605879420452
10679,0.5681992053087767
10680,0.6860226066314633
10681,0.5604569714121619
10682,0.3010957594029182
10683,0.5915594659223813
10684,0.5449622901191797
10685,0.43637742005294755
10686,0.46138221951673225
10687,0.515769156076548
10688,0.4563910736949893
10689,0.4746033173673139
10690,0.4531975459079852
10691,0.41332146591362473
10692,0.5314423516448376
10693,0.5884111919398719
10694,0.7512451435150292
10695,0.5282619674050726
10696,0.609935766101659
10697,0.43183301608037306
10698,0.5403957406001083
10699,0.5487168409116444
10700,0.48051822314527637
10701,0.5287501025839672
10702,0.5659862340453556
10703,0.628290837164734
10704,0.3603250863332159
10705,0.4884293285435847
10706,0.6356014670199489
10707,0.4226884330480181
10708,0.45457404041997296
10709,0.5748623088363414
10710,0.2594315655701225
10711,0.6059442924090833
10712,0.6227102770917845
10713,0.33587554680557824
10714,0.7031160908959877
10715,0.5286055745393816
10716,0.38427906133667117
10717,0.47188176797858716
10718,0.6922818268404769
10719,0.37007435810695655
10720,0.44695584082832296
10721,0.5179081824258306
10722,0.5235177198763951
10723,0.5073450674798266
10724,0.5345412270202476
10725,0.43243009417450173
10726,0.46246816767208354
10727,0.637182318921601
10728,0.538120608112726
10729,0.5037218832857842
10730,0.5021644367855306
10731,0.4655381122503641
10732,0.4278443399612694
10733,0.6127232784860736
10734,0.6946436118774464
10735,0.33966656851077703
10736,0.5849799036245796
10737,0.6007205674561608
10738,0.42692711850674175
10739,0.42519155803326597
10740,0.5101684794253085
10741,0.6896762410517432
10742,0.5915767666083119
10743,0.45793045895128415
10744,0.40704194449048675
10745,0.5883671278552829
10746,0.6487183233668586
10747,0.6742491337122017
10748,0.6192330583635441
10749,0.4814013138901031
10750,0.4373236649075234
10751,0.5169946374139066
10752,0.5198492469033433
10753,0.745069804755165
10754,0.5215764204258296
10755,0.51854345556665
10756,0.5471843520990184
10757,0.5882293446392572
10758,0.5024282881978659
10759,0.8400980493697939
10760,0.5701510504845293
10761,0.46992754742665455
10762,0.5480884257388591
10763,0.6827502379673146
10764,0.591317767303948
10765,0.5051664991092775
10766,0.5298045896069103
10767,0.3912731700448858
10768,0.619887287667351
10769,0.7360671422639873
10770,0.6238629529001551
10771,0.5257052879198656
10772,0.5033107693675516
10773,0.42591409458342744
10774,0.5431747714680558
10775,0.4280313417038278
10776,0.5962685406094508
10777,0.40135855458197245
10778,0.633633014613845
10779,0.7246373266421701
10780,0.592626028106414
10781,0.5755210692158301
10782,0.5806693640180187
10783,0.623559087197324
10784,0.4659021178777213
10785,0.5524200841268027
10786,0.5877509309273244
10787,0.5364252018729713
10788,0.38099135324073663
10789,0.5075127959457246
10790,0.6592530447231333
10791,0.5077249090914571
10792,0.5386167666340198
10793,0.8199745900282763
10794,0.5232396395700815
10795,0.45381613448569813
10796,0.4302153403654308
10797,0.5107943660282901
10798,0.7067143382055067
10799,0.4594029803407851
10800,0.5559047703388194
10801,0.6435665836880783
10802,0.5102418665627882
10803,0.5372118186684799
10804,0.46289561710941207
10805,0.7542082140341314
10806,0.515730587410345
10807,0.5212326222067398
10808,0.4801643602643674
10809,0.4107442545800089
10810,0.5126987491648386
10811,0.4464386475523886
10812,0.45057944789872584
10813,0.40904455720068533
10814,0.5699488618503661
10815,0.6470586329909865
10816,0.45248124790175287
10817,0.4548732553723531
10818,0.4932543447263558
10819,0.6032805547855149
10820,0.6172574187022254
10821,0.517466619637079
10822,0.5389865704950481
10823,0.6405308739541464
10824,0.4630861477658176
10825,0.43436253562378235
10826,0.37393524167074454
10827,0.5015577094242694
10828,0.48130873072543046
10829,0.5245309240867058
10830,0.47386644153515256
10831,0.47853303694403565
10832,0.5690791993420637
10833,0.47954366109957763
10834,0.6545954972957807
10835,0.7104868306121906
10836,0.7999806761420347
10837,0.4756413753405762
10838,0.5327157885695337
10839,0.4842399779386555
10840,0.5530248555680365
10841,0.5191579799956803
10842,0.5479846350293915
10843,0.647035473904686
10844,0.48508111182228364
10845,0.8301461385404179
10846,0.44268748109834366
10847,0.55628756247238
10848,0.6166077140338502
10849,0.49264735884993227
10850,0.6660996620046813
10851,0.7356733384669176
10852,0.7274953498318738
10853,0.5515277630683855
10854,0.3686311080002643
10855,0.5832366196092362
10856,0.6321664374124316
10857,0.5243978059334388
10858,0.5082791359009627
10859,0.49602930764247466
10860,0.4767663930248553
10861,0.6717282874436269
10862,0.5223001409936123
10863,0.4330599062822187
10864,0.6598334287648912
10865,0.4476776670321211
10866,0.5866211196385006
10867,0.5872221790993266
10868,0.380802293148389
10869,0.4789943210842776
10870,0.5210081019998746
10871,0.4919356944846287
10872,0.5294950482809582
10873,0.6128696411483183
10874,0.6385958630589307
10875,0.5554982868545174
10876,0.45662349386687817
10877,0.5712334405168754
10878,0.5056873041019454
10879,0.4416858389890098
10880,0.5779725185134165
10881,0.4256038652758927
10882,0.4060506485878145
10883,0.49288971968337736
10884,0.7162073562167072
10885,0.527629802351609
10886,0.5113833917845776
10887,0.5107626210728446
10888,0.4472285801479321
10889,0.5518066837927392
10890,0.6481558283166271
10891,0.5121423728438643
10892,0.4741788012011003
10893,0.3968318303272913
10894,0.5043286447380455
10895,0.49286805425309566
10896,0.7598041305337542
10897,0.38995476592036826
10898,0.513809046716297
10899,0.5520531390552244
10900,0.5858043047718619
10901,0.5929070517196015
10902,0.5127942354068916
10903,0.3447754703091342
10904,0.548869114007872
10905,0.5952413443715698
10906,0.6336309508623502
10907,0.3913439153141216
10908,0.4631203500668154
10909,0.4453017561655561
10910,0.6307644979752736
10911,0.426520089761796
10912,0.5175607835604918
10913,0.5388335821552452
10914,0.7925597917793412
10915,0.6567473982420253
10916,0.6955859169583246
10917,0.498969697303151
10918,0.6411439185065241
10919,0.4884694646841395
10920,0.5835613963313508
10921,0.4311506109365312
10922,0.6634811100938239
10923,0.4273253625630576
10924,0.627268469759054
10925,0.4701495852005067
10926,0.5896524375458945
10927,0.4069634483779262
10928,0.5055810683114681
10929,0.5771838003916985
10930,0.531869936384008
10931,0.7268271677008976
10932,0.38453070343843654
10933,0.42858165080189176
10934,0.4162591240311596
10935,0.4496139404698786
10936,0.7025315850116616
10937,0.6421030911281326
10938,0.47279097808339393
10939,0.7793487450094938
10940,0.6112667863609449
10941,0.3969553260849929
10942,0.43826019027882057
10943,0.39661630721241475
10944,0.48871746643299047
10945,0.5313444691120521
10946,0.4728193096955332
10947,0.3618831413111885
10948,0.4260997114564076
10949,0.5302935078282971
10950,0.552628348874922
10951,0.3634443189205018
10952,0.37607598223009625
10953,0.7190906449423977
10954,0.4539897536606752
10955,0.5700742272654847
10956,0.36659178944812765
10957,0.6535698731486582
10958,0.3817808477763497
10959,0.597835272318861
10960,0.6378814069650844
10961,0.6359187613327952
10962,0.49554421393963416
10963,0.4470370765877699
10964,0.5259834233396927
10965,0.37514895256249386
10966,0.5684171650767732
10967,0.5541363952110261
10968,0.5920210087256808
10969,0.5545374512790893
10970,0.4145614227897477
10971,0.5142267627600026
10972,0.527817152917578
10973,0.5659475783800831
10974,0.5211326114891603
10975,0.42972729388721537
10976,0.45799161955920586
10977,0.41825677709910963
10978,0.5025981076196584
10979,0.47726412802419504
10980,0.5966778910039539
10981,0.517885526439451
10982,0.5186209792547071
10983,0.5047052428335429
10984,0.529063402987315
10985,0.42747139022756375
10986,0.3349630776295955
10987,0.3907846309719197
10988,0.5426484365762863
10989,0.6201191153091038
10990,0.3747923186857852
10991,0.5480741629431952
10992,0.6757596582304042
10993,0.731706963433968
10994,0.6094663733212535
10995,0.5743703806574867
10996,0.49210435161582367
10997,0.6233640707079009
10998,0.46740415615564684
10999,0.7103408404012408
11000,0.4141941835633676
11001,0.49144342258596435
11002,0.4567360994131928
11003,0.68863401283607
11004,0.5481108858689956
11005,0.4896248912682436
11006,0.5148076874130942
11007,0.7010045056017823
11008,0.3759869974055584
11009,0.5856292464891267
11010,0.5200671253463356
11011,0.3623394852274616
11012,0.5195003790765778
11013,0.5516185816447882
11014,0.452777413896458
11015,0.40064155544747004
11016,0.6244429179196236
11017,0.3555892688893222
11018,0.7289581403810342
11019,0.7465412908999205
11020,0.6891620885761328
11021,0.5534213929025014
11022,0.7594524364860856
11023,0.7564411426787392
11024,0.5250670053548604
11025,0.6756068845379473
11026,0.4811013042419893
11027,0.46671531379884934
11028,0.3509032992584611
11029,0.4668383099832765
11030,0.4687722440296866
11031,0.5243766319024069
11032,0.4291388357088367
11033,0.5284788563824441
11034,0.4548181657107177
11035,0.5391046251631603
11036,0.4339302786596132
11037,0.6170620875471768
11038,0.5176012210313938
11039,0.44773110980186237
11040,0.598892899521522
11041,0.4856278939346281
11042,0.519764046142976
11043,0.5751969576356024
11044,0.42027893189556953
11045,0.4210524504047839
11046,0.5796679294507017
11047,0.564426522573156
11048,0.5819435359180608
11049,0.6126560986763652
11050,0.5969566044744218
11051,0.5265280303831822
11052,0.583304387556159
11053,0.39923356500332763
11054,0.45080076885774245
11055,0.5704592474985493
11056,0.41861414583535994
11057,0.48821483961854206
11058,0.400426847802914
11059,0.44101338750429503
11060,0.46378227968860625
11061,0.4466899584435958
11062,0.4853859818563468
11063,0.5843723373066158
11064,0.4601328867614104
11065,0.6814302090133115
11066,0.4713013160376217
11067,0.49887999237171476
11068,0.4684624821046804
11069,0.486548934661338
11070,0.5094300258148114
11071,0.5495199701946736
11072,0.5869649992109045
11073,0.46065270572356176
11074,0.44809435470790965
11075,0.5103560197804339
11076,0.5734938617442108
11077,0.5724774340682756
11078,0.6826749687505361
11079,0.5214761420647952
11080,0.6117637717395208
11081,0.5418525168635387
11082,0.4898315004600065
11083,0.41089382584322276
11084,0.3427858217552646
11085,0.6080671039230073
11086,0.7638448274566393
11087,0.7661321816958272
11088,0.4068736771775671
11089,0.5659565317717694
11090,0.4457970418740316
11091,0.4127611419363073
11092,0.4767402038934271
11093,0.47672586872446876
11094,0.49337687792689516
11095,0.5495807941775132
11096,0.6210776459057148
11097,0.5303072031949072
11098,0.6125490627626956
11099,0.5437121348661185
11100,0.4310497006641512
11101,0.5371500118068839
11102,0.6209803336597133
11103,0.4229363270920238
11104,0.5461081151049849
11105,0.5089303670712478
11106,0.5366085790736832
11107,0.4381629767498891
11108,0.5666941896130285
11109,0.464105901400258
11110,0.409108113117706
11111,0.5348763746141753
11112,0.28223183759402315
11113,0.3977175343106433
11114,0.63801273082777
11115,0.4712092097047899
11116,0.4768707169297184
11117,0.6654280934892933
11118,0.5408081284701112
11119,0.4672457567529323
11120,0.46724482681486973
11121,0.7351105582714244
11122,0.505190605712467
11123,0.6284985243963805
11124,0.6658708959702079
11125,0.39539930208227436
11126,0.5062923359421261
11127,0.5987755105063579
11128,0.4894924016100491
11129,0.6122237503890238
11130,0.48280976816532756
11131,0.5228311624296694
11132,0.5835622879461049
11133,0.6271049609981667
11134,0.5323775979898752
11135,0.522964923325781
11136,0.400109868202541
11137,0.5062847352749273
11138,0.5376952275609432
11139,0.5162035522820759
11140,0.5782722097971439
11141,0.6001888963361652
11142,0.46663555350700936
11143,0.7248721438156842
11144,0.38605923838006295
11145,0.5287133054457327
11146,0.6889197272872644
11147,0.5115075264375741
11148,0.6479838713952679
11149,0.5027029674250325
11150,0.5478333863851905
11151,0.5658201693588416
11152,0.5129553959316234
11153,0.6314124090528728
11154,0.44191599740672294
11155,0.3847562741923193
11156,0.5354930414238559
11157,0.49337703107294395
11158,0.502194150755455
11159,0.6596830785603973
11160,0.7055704348116276
11161,0.4226002980081653
11162,0.41021105224615156
11163,0.41428468927781253
11164,0.4285781324138447
11165,0.4185854203653666
11166,0.5010631594360291
11167,0.5882177634385738
11168,0.5265577749676263
11169,0.6292287745222258
11170,0.46762296556526867
11171,0.5880189491845439
11172,0.5278110852066813
11173,0.4825206085590841
11174,0.6566026601134923
11175,0.4697071011367345
11176,0.4774711275264056
11177,0.6650829019281826
11178,0.5099661566543884
11179,0.6267950781082694
11180,0.4216872588461665
11181,0.4840512991371088
11182,0.6200512670937401
11183,0.4990652535780781
11184,0.3624816407564787
11185,0.5790834922852761
11186,0.5435809255497435
11187,0.3524862129220819
11188,0.5525933464029378
11189,0.46503766712979
11190,0.4693314847085032
11191,0.4655476904682144
11192,0.5879280263543479
11193,0.4598985657990978
11194,0.5173060351863195
11195,0.6307002779858163
11196,0.527335028463243
11197,0.5529727732460081
11198,0.6190669642434465
11199,0.573613822738439
11200,0.43270504005278865
11201,0.5836773077321527
11202,0.5595544983048931
11203,0.586699557744498
11204,0.4641193071245265
11205,0.3961306855659226
11206,0.652253943980691
11207,0.5772504963417222
11208,0.6971188811225953
11209,0.5756738149796533
11210,0.47918381550757333
11211,0.5566552533884945
11212,0.3709350312290173
11213,0.5409290398888063
11214,0.47737004417984397
11215,0.7184196955302834
11216,0.7054384648133573
11217,0.39342646168448325
11218,0.45312943503262526
11219,0.41667752333081565
11220,0.6163662764487874
11221,0.4979663274007213
11222,0.4037180655514747
11223,0.6427415712306772
11224,0.5437302556484126
11225,0.5477676487394149
11226,0.47170742893689405
11227,0.5526125522580785
11228,0.45137685033827285
11229,0.47791107702074775
11230,0.46323181404203173
11231,0.49603896688675736
11232,0.6221114327275391
11233,0.5564969444029727
11234,0.492458568181926
11235,0.5333755479727709
11236,0.6506911722777363
11237,0.7601365301570651
11238,0.5364499903509721
11239,0.613838272013858
11240,0.47795003534426
11241,0.4451745158077415
11242,0.3895502205449861
11243,0.47825707725010724
11244,0.7810605087707109
11245,0.4146462949586449
11246,0.5024432321239879
11247,0.31815796177479294
11248,0.48556795996386837
11249,0.5311209199499798
11250,0.3894853780573203
11251,0.5279900785099897
11252,0.41712006957179076
11253,0.5710662678814236
11254,0.43372285822312695
11255,0.5126103120341355
11256,0.39397576214572644
11257,0.28925118598970123
11258,0.5429013732320975
11259,0.5150533782112314
11260,0.5016837094209914
11261,0.5532888185083519
11262,0.4881486603882601
11263,0.5611498416821993
11264,0.5925393171747051
11265,0.5035972926292985
11266,0.5405379536625944
11267,0.4995136896859343
11268,0.42270346373838363
11269,0.4724921503869733
11270,0.48617189742094497
11271,0.6341260213602321
11272,0.38902006797137645
11273,0.5188324363758487
11274,0.4528568947731915
11275,0.4374731369643994
11276,0.5253759260665657
11277,0.693005127362234
11278,0.5417285415279488
11279,0.4189509973952322
11280,0.6267895859906026
11281,0.40280131168842975
11282,0.5586303724615513
11283,0.7043240968954831
11284,0.6009497819898885
11285,0.6903570997657563
11286,0.4795225424506497
11287,0.6948235411466803
11288,0.5677129159782116
11289,0.4810741702541771
11290,0.5558641825598807
11291,0.5205413568378745
11292,0.5613967783445696
11293,0.5789666816170811
11294,0.30530710799826644
11295,0.42097643881205454
11296,0.5280053273980808
11297,0.538473204086289
11298,0.5363815658162802
11299,0.43580156783189705
11300,0.5440642763099983
11301,0.5481060641729584
11302,0.446782276673743
11303,0.459755707780615
11304,0.535761347314556
11305,0.5793754570624314
11306,0.32932585920583335
11307,0.4378298793785931
11308,0.5623501957269417
11309,0.6728066184848533
11310,0.4842182284524901
11311,0.5246582345077158
11312,0.6234074133855452
11313,0.5384803389206402
11314,0.46389609381046537
11315,0.5102971154426995
11316,0.46592009558952235
11317,0.6589453423551141
11318,0.5511774087870099
11319,0.5013654567470222
11320,0.573491303187297
11321,0.5228968248286893
11322,0.5039942604951352
11323,0.4699403236488685
11324,0.6246071521014419
11325,0.582253126297184
11326,0.3689032657590009
11327,0.6671275376959425
11328,0.6295149059056203
11329,0.4496193380416349
11330,0.5332154329513713
11331,0.5583559046005657
11332,0.4962282683908691
11333,0.37577294563762276
11334,0.5199137262670016
11335,0.6022387956399344
11336,0.5804134316523043
11337,0.43254682841704006
11338,0.3735000066124601
11339,0.5027496744018909
11340,0.5043292541746228
11341,0.6309925556226162
11342,0.5702216831914967
11343,0.6838508635401724
11344,0.4260841050189458
11345,0.4523452869652378
11346,0.5121395572466816
11347,0.5198823800294015
11348,0.4158241415104681
11349,0.49355204513206674
11350,0.5841589055884364
11351,0.502707223702386
11352,0.709119649416111
11353,0.5238210188119324
11354,0.4654893727216872
11355,0.5200977481077013
11356,0.39919929338517757
11357,0.46591115771859076
11358,0.5528440755272389
11359,0.5094245206732811
11360,0.5022415841100605
11361,0.38112237824547324
11362,0.42446913256875207
11363,0.6572707966667166
11364,0.5678733602861237
11365,0.5698339756617798
11366,0.5332436229329847
11367,0.5192395004913867
11368,0.44720157537351424
11369,0.5158332008493444
11370,0.6284556658822389
11371,0.5089335840071126
11372,0.8113186243283381
11373,0.5119929063557566
11374,0.2851909903292672
11375,0.47511909287084353
11376,0.5975860340285556
11377,0.46190339581875084
11378,0.3943962192321945
11379,0.5934851617647451
11380,0.48201845605708205
11381,0.503816416336778
11382,0.46809877727999377
11383,0.4919629007652351
11384,0.40792742020224076
11385,0.5055325277849677
11386,0.48982714336233346
11387,0.597456047875125
11388,0.5853054662422664
11389,0.5526436956419809
11390,0.48699403300863353
11391,0.5468288310747474
11392,0.47178086288374005
11393,0.586174795507249
11394,0.4153325001539908
11395,0.4661498404676144
11396,0.5623725697198291
11397,0.5065265466892384
11398,0.5207348208729589
11399,0.598974761090934
11400,0.6383221720345487
11401,0.5889801312406908
11402,0.5197675961648289
11403,0.6669318400547155
11404,0.4765948804876719
11405,0.5486340819382233
11406,0.48230686431234204
11407,0.4158235320169189
11408,0.4117385870411643
11409,0.49975969877855886
11410,0.6357645344270769
11411,0.5677341445112016
11412,0.6020751840144102
11413,0.43377634413785376
11414,0.5324610548942089
11415,0.5642642329337264
11416,0.47056238748235835
11417,0.5259716740383946
11418,0.676626311799255
11419,0.4289333690239751
11420,0.49784446673621574
11421,0.4854064589576145
11422,0.5663103881833306
11423,0.3267375842956825
11424,0.4803478638491696
11425,0.699526070202672
11426,0.48456101447542604
11427,0.4805194693230996
11428,0.6076459482054579
11429,0.49009796853262116
11430,0.47487804402281186
11431,0.5095055253475492
11432,0.3809902246626432
11433,0.627132732672815
11434,0.4520315490777249
11435,0.6614409890087534
11436,0.6477380947922117
11437,0.5671351457447436
11438,0.5360065614487284
11439,0.682193821910507
11440,0.5982036751831544
11441,0.6443797783281503
11442,0.5337498605610089
11443,0.5612682130367598
11444,0.5778307959599177
11445,0.41287071021067256
11446,0.6433644377527464
11447,0.5299387180645759
11448,0.6728335237498173
11449,0.7174279003597797
11450,0.6601238064425725
11451,0.46457972890218885
11452,0.3965742302852393
11453,0.4787946355142205
11454,0.6147222179964025
11455,0.5332033216065079
11456,0.4033913511407823
11457,0.5773266078613466
11458,0.4368161141556424
11459,0.575845108113721
11460,0.5799258550855527
11461,0.335003084847286
11462,0.4889078280773408
11463,0.7735588215079353
11464,0.4671837217112157
11465,0.5218418194164955
11466,0.5361255868135668
11467,0.5696288788363333
11468,0.5581162914194927
11469,0.43355352955417803
11470,0.46732878147695234
11471,0.5097878524308442
11472,0.4882673157260894
11473,0.39105466827692825
11474,0.6910008711061824
11475,0.5839036889864386
11476,0.46115354517005064
11477,0.5799584271191948
11478,0.48101286735531684
11479,0.538941762296925
11480,0.5379605093309628
11481,0.5286209976905194
11482,0.453662281854408
11483,0.7727199205094765
11484,0.6275805525991554
11485,0.5548358032150327
11486,0.5975217134944306
11487,0.3528774641700826
11488,0.4845245652173853
11489,0.5375643988133887
11490,0.5789870878156911
11491,0.5004303466952338
11492,0.4427338073608328
11493,0.4165418927417054
11494,0.5066084883858287
11495,0.4965606606329337
11496,0.5477430241649045
11497,0.7339694837045356
11498,0.5181298254831113
11499,0.46569149064681276
11500,0.5282742865910125
11501,0.46722059595175036
11502,0.4192468589410141
11503,0.5277022074848655
11504,0.6523338959897916
11505,0.45591419274639006
11506,0.5945858084682136
11507,0.7289474113154537
11508,0.48241089774100304
11509,0.7032806393841979
11510,0.38332100624412313
11511,0.476251199351133
11512,0.5685315384851095
11513,0.5714668775257681
11514,0.6781185987655394
11515,0.4474755184192064
11516,0.5216128898033576
11517,0.5622031333841461
11518,0.4863476425338702
11519,0.440737549979118
11520,0.5096080945610021
11521,0.5218721228043574
11522,0.6698269405479461
11523,0.386952094858381
11524,0.5366323110864815
11525,0.770299234684279
11526,0.4453588215779455
11527,0.6142032616384454
11528,0.6118162916794303
11529,0.5792149812034999
11530,0.5527365637833542
11531,0.4799988996698873
11532,0.564965013258089
11533,0.49577463016248624
11534,0.5760456647305084
11535,0.4945819773402094
11536,0.5288450269255942
11537,0.53593723513649
11538,0.438856191755367
11539,0.4444580595846973
11540,0.40874179329447624
11541,0.5872468195383307
11542,0.4795019064305965
11543,0.49423851064453794
11544,0.4829908848141069
11545,0.5640461071387466
11546,0.4518246252854343
11547,0.6475064743139339
11548,0.552588331208649
11549,0.49266816138091013
11550,0.4447426360139561
11551,0.5142006029796035
11552,0.6116337508189216
11553,0.6320689515648584
11554,0.4811336537782531
11555,0.483867626690025
11556,0.6170114485705223
11557,0.44386722520537863
11558,0.43961355760424736
11559,0.5819996808523205
11560,0.4576922121851126
11561,0.4695115956105387
11562,0.7368231810022314
11563,0.6469070857195328
11564,0.6362148975382755
11565,0.6196895095955731
11566,0.5584814268149431
11567,0.5192371254889337
11568,0.5623148611134806
11569,0.703771627198816
11570,0.5759869224922556
11571,0.6136776739888385
11572,0.44924227654400806
11573,0.5938247559927761
11574,0.5022216087446595
11575,0.4600084841963269
11576,0.813876903953934
11577,0.47816102075372363
11578,0.641490623489695
11579,0.5424026753383078
11580,0.47780277710488417
11581,0.4612018535619306
11582,0.4705233206245189
11583,0.5221435808531109
11584,0.5777682341399835
11585,0.49598623654025376
11586,0.36711473453419696
11587,0.5001884505833439
11588,0.4240186780217398
11589,0.39943363868193976
11590,0.40200681886371226
11591,0.5321734854736468
11592,0.4903872639008616
11593,0.49091800674866765
11594,0.5129543399166275
11595,0.5784059231630414
11596,0.5532333301655259
11597,0.5104876522712565
11598,0.6440756050261554
11599,0.5381100702776886
11600,0.49321378235793734
11601,0.6575524419246158
11602,0.4309707183497147
11603,0.6149800028435143
11604,0.3966501432514801
11605,0.4779926055410846
11606,0.4046370640585105
11607,0.48636872929430525
11608,0.4909415799463722
11609,0.5986648789805404
11610,0.6039382609436359
11611,0.7758156719457906
11612,0.4681050731755788
11613,0.37865094102490593
11614,0.55672115384305
11615,0.6168167502301082
11616,0.5461313175447948
11617,0.3812376260361547
11618,0.5792314497011407
11619,0.5481852364445595
11620,0.44477714748000324
11621,0.5617822092903256
11622,0.5701783783794133
11623,0.6366518203900867
11624,0.4280835884566476
11625,0.4699492519406737
11626,0.45773600558800487
11627,0.4815431283355057
11628,0.6381468971430226
11629,0.5285855363468476
11630,0.48916028776532056
11631,0.6098742296690617
11632,0.3928770684900708
11633,0.4735661604866244
11634,0.41800509843731415
11635,0.4343738650063444
11636,0.5424807765509346
11637,0.6438931635424949
11638,0.4629547213043088
11639,0.5687235596053751
11640,0.48772960515093133
11641,0.4016222338559162
11642,0.5837897203382777
11643,0.7496199855359125
11644,0.3279760526157871
11645,0.68150924576027
11646,0.47151356163345504
11647,0.4072063287792251
11648,0.5113317213474721
11649,0.6350543322507013
11650,0.5282704556416925
11651,0.5161218324131909
11652,0.8191619462060145
11653,0.4743469315189475
11654,0.6578238778185481
11655,0.6953189849414001
11656,0.5970450307781436
11657,0.5057937639388982
11658,0.4749211783169498
11659,0.5963455267041813
11660,0.6373056791395697
11661,0.5151170299039073
11662,0.5194334350342805
11663,0.5700604143203142
11664,0.5907781517166318
11665,0.40545503969702923
11666,0.4956808455301294
11667,0.5706631683009129
11668,0.5330669969922944
11669,0.4638718463873426
11670,0.6914551984684411
11671,0.41402126401429895
11672,0.5818586668134901
11673,0.47685323265944246
11674,0.2809132935633126
11675,0.48974243300193926
11676,0.6272315358311691
11677,0.5266496870741352
11678,0.560188219229801
11679,0.6266935689735642
11680,0.5821132237234781
11681,0.5525577385164078
11682,0.3479598169865816
11683,0.49784090139560133
11684,0.46287373533294524
11685,0.5196659937838788
11686,0.5637864841781273
11687,0.44783789655554296
11688,0.4473742862644693
11689,0.5340769401547176
11690,0.6386479562397029
11691,0.5316162917249734
11692,0.7080147570410696
11693,0.34003058331684255
11694,0.6159466133263762
11695,0.44444780638373454
11696,0.479474665861498
11697,0.6342895895824658
11698,0.5481908738931572
11699,0.5292624561557883
11700,0.3992041040708693
11701,0.4817512631974786
11702,0.4182041480255963
11703,0.599668338376194
11704,0.6060114594188497
11705,0.6046796677803525
11706,0.47222136177479684
11707,0.4440922082925269
11708,0.4273626636262091
11709,0.4992178089492058
11710,0.46999411823907417
11711,0.34296545636446374
11712,0.4275782178559197
11713,0.4794485696499723
11714,0.5164575671786894
11715,0.6381939747277567
11716,0.6601784851396891
11717,0.4059644734946268
11718,0.4311070105535211
11719,0.5572686378149116
11720,0.49975276901678484
11721,0.5527390917273582
11722,0.5643139085145638
11723,0.5436946959322019
11724,0.5086050733671162
11725,0.5537831400435718
11726,0.5896465349261736
11727,0.4844402930617298
11728,0.41449800255457636
11729,0.523366790065136
11730,0.3822572256840657
11731,0.6210777976389551
11732,0.48892434701997517
11733,0.563027736725875
11734,0.48061299928617074
11735,0.6771118275154426
11736,0.6467552641941952
11737,0.541289262948081
11738,0.5404752979682642
11739,0.6766734039264926
11740,0.4070724441740665
11741,0.4262314185545215
11742,0.6471525883025425
11743,0.6231550654039696
11744,0.4898373382036051
11745,0.7197078157140766
11746,0.4712316783037415
11747,0.3349893379004968
11748,0.5028906921830413
11749,0.49633036298142363
11750,0.42066795506051735
11751,0.3774143906800509
11752,0.5689463856733425
11753,0.4796146206208862
11754,0.3898587799255341
11755,0.5638245110876515
11756,0.4293964446623743
11757,0.7303738233557839
11758,0.6074697466648176
11759,0.5363330309021995
11760,0.47848577638221834
11761,0.456031383037829
11762,0.5197325358383608
11763,0.4988579408723809
11764,0.5120563452129863
11765,0.3661891952079272
11766,0.394405780998771
11767,0.4055968451145724
11768,0.6599360198334486
11769,0.3588171654167256
11770,0.660218694983579
11771,0.5343025139895113
11772,0.5056945800005671
11773,0.48598998800690063
11774,0.7062402152738047
11775,0.5446431216276895
11776,0.39518247038642784
11777,0.4335500026297525
11778,0.37703309612006053
11779,0.5477251536279334
11780,0.7405459916052487
11781,0.5343165421089272
11782,0.4606818900856465
11783,0.4142326716640427
11784,0.40281966747554904
11785,0.47735063338187333
11786,0.5560842029341908
11787,0.5853776423421994
11788,0.5345168285523617
11789,0.5133807360914212
11790,0.32733816711754876
11791,0.4432940379360181
11792,0.543065866621366
11793,0.6378359067709578
11794,0.5337060476356412
11795,0.4424526196083817
11796,0.4876741989210226
11797,0.47182717054849477
11798,0.8333197394819356
11799,0.7365161333797549
11800,0.41600194987349565
11801,0.3772468625874413
11802,0.5586925495108839
11803,0.5237434341712865
11804,0.46241883994541744
11805,0.6220057428304749
11806,0.46231962460728615
11807,0.6050629878817196
11808,0.5338703668613899
11809,0.5253923080254146
11810,0.5344083287626352
11811,0.6235522344820967
11812,0.34743087140427587
11813,0.5413889045114735
11814,0.4233231201293278
11815,0.46119480647939914
11816,0.531364544798885
11817,0.47693487667948375
11818,0.48262395580008993
11819,0.5832936698527755
11820,0.5100209516178247
11821,0.4280650030167412
11822,0.5805073747702457
11823,0.6171718430111939
11824,0.5229456811535297
11825,0.5333968903752976
11826,0.41972647415171077
11827,0.4767446477070784
11828,0.5758999213268868
11829,0.4910467891378578
11830,0.4930698580451982
11831,0.611740805506584
11832,0.45673305747197707
11833,0.5800162262899677
11834,0.48059237229534824
11835,0.4853030672959249
11836,0.7415371601540273
11837,0.3931574481123391
11838,0.3426623019684082
11839,0.5223490906659822
11840,0.395593624469884
11841,0.32350585260087483
11842,0.6465356716282112
11843,0.5249664203852127
11844,0.5338783069765412
11845,0.4630724794543836
11846,0.5709033412849024
11847,0.47157125946555944
11848,0.6032856923972272
11849,0.49940970740504564
11850,0.627196265301267
11851,0.6208359061942074
11852,0.5814330407190694
11853,0.5360704756026614
11854,0.5026112191881387
11855,0.5241014766745328
11856,0.5648553535261349
11857,0.5150978295336872
11858,0.509405017668175
11859,0.48189081314092036
11860,0.4797626475410637
11861,0.47698960843311805
11862,0.5722790934306822
11863,0.41576106058383955
11864,0.5823559258060043
11865,0.6322337969108103
11866,0.4472841425140112
11867,0.45705403774251985
11868,0.5345754269791737
11869,0.5388696996575906
11870,0.5620036949863841
11871,0.5303413319031232
11872,0.5724729886330422
11873,0.45995447542442325
11874,0.6993440285043644
11875,0.4731633027454993
11876,0.5146306148615235
11877,0.6307808108958113
11878,0.5683927766297963
11879,0.5639281603913163
11880,0.5722378048016478
11881,0.3541309646409688
11882,0.513898310173837
11883,0.5732163093731277
11884,0.5389707481360396
11885,0.36705023415948546
11886,0.63581745761918
11887,0.4813073748505527
11888,0.68459148233175
11889,0.6200039956487104
11890,0.5504219648208913
11891,0.746444813972971
11892,0.4455100172822033
11893,0.4906105859051193
11894,0.6814240614026937
11895,0.5631361185329253
11896,0.6742855464773709
11897,0.5175871477256705
11898,0.6366262162996456
11899,0.514462149348159
11900,0.4739863850568505
11901,0.6249094604641967
11902,0.46546978079616913
11903,0.41626802610654945
11904,0.6864244649542679
11905,0.6166739952826362
11906,0.5743821113492626
11907,0.5520370782311503
11908,0.3271690779295642
11909,0.5343245151481777
11910,0.5001594477027977
11911,0.557932088808869
11912,0.5804857008284405
11913,0.2735679088503195
11914,0.5639854563842857
11915,0.46564273510210186
11916,0.4948860217119824
11917,0.5140784955709998
11918,0.48134594779226647
11919,0.4463465869802426
11920,0.5331575875180822
11921,0.5030229391240225
11922,0.5547587473605402
11923,0.7682119770094666
11924,0.47478083430546747
11925,0.5049124152576487
11926,0.6665936616788358
11927,0.487595871242069
11928,0.5194003131024356
11929,0.5604286801501347
11930,0.45931837154570826
11931,0.6652593772752892
11932,0.5919583285598422
11933,0.3727691694540506
11934,0.5258117418398055
11935,0.498111616581202
11936,0.7532383180576249
11937,0.5962103825148984
11938,0.6959411561003354
11939,0.5314381273636289
11940,0.5230867237567037
11941,0.6224440420057902
11942,0.4484199155474772
11943,0.7915297733838327
11944,0.634094125937176
11945,0.5650244538796856
11946,0.4636864126987026
11947,0.44195535806277175
11948,0.46485730706647976
11949,0.3251868038057547
11950,0.5384156397770498
11951,0.463085906851339
11952,0.6073887356802434
11953,0.6948985824966055
11954,0.5220601987015852
11955,0.5265099908662827
11956,0.419763125425959
11957,0.623698717239181
11958,0.48947603444287563
11959,0.676026956199581
11960,0.5388729174915604
11961,0.6555754735815772
11962,0.5619026647821309
11963,0.5617003669920895
11964,0.5469106036152402
11965,0.38300920438729646
11966,0.4504496568887597
11967,0.5208753160366427
11968,0.40973038626866687
11969,0.4653967231813936
11970,0.5000621434364477
11971,0.48788346699704815
11972,0.5706036182251826
11973,0.6927638216452451
11974,0.5402670643890641
11975,0.5047605561723647
11976,0.5404391536513833
11977,0.5519575650274531
11978,0.4580621476748616
11979,0.7030529347474112
11980,0.46259485354478536
11981,0.45124582126827484
11982,0.47110585961910834
11983,0.6109079101965872
11984,0.6162381389409526
11985,0.4752591613700924
11986,0.7021354883588995
11987,0.5573017861748555
11988,0.5931768371782515
11989,0.5308480912281862
11990,0.3399769364590476
11991,0.4807904881587216
11992,0.45104235384539887
11993,0.5504905732269204
11994,0.49825154783602676
11995,0.5626720066595552
11996,0.4841410134695249
11997,0.6435315323295014
11998,0.45544652621987824
11999,0.5650099014084033
