id,efficiency
0,0.3940263301244671
1,0.5405156707330542
2,0.5197994348964308
3,0.4577190073660825
4,0.47005022153977793
5,0.6539144536861432
6,0.5880484952730518
7,0.45831897556493945
8,0.466365366169711
9,0.45068913806504685
10,0.5705084605291907
11,0.38594354337536046
12,0.5841764271033151
13,0.7290221479240535
14,0.517915264911156
15,0.46815451075824166
16,0.3614691879971259
17,0.36713109054922877
18,0.6530658583215361
19,0.5138458497988835
20,0.5935284595708907
21,0.49330275139039415
22,0.6101338734072222
23,0.45501417315364123
24,0.5619181421182535
25,0.39516854113582905
26,0.6118379408381356
27,0.6262548216670142
28,0.4763486898510908
29,0.46163887366836004
30,0.6087135925217317
31,0.6237429961075512
32,0.4125102357462604
33,0.48396714235690846
34,0.6548919890069497
35,0.4686525025835132
36,0.4993742150729698
37,0.5387309622713657
38,0.3722242530667963
39,0.43748228510493475
40,0.4102708499777714
41,0.6045946512842458
42,0.7421388911713428
43,0.6735361537992074
44,0.6215353843381086
45,0.6074589814713015
46,0.5854166497614962
47,0.5967313234554146
48,0.7171986695731674
49,0.6976637599093316
50,0.531417041927716
51,0.49562140848356817
52,0.5915943549059862
53,0.547716812993515
54,0.46737538137662654
55,0.434052445696579
56,0.6348006173946995
57,0.34218062826804596
58,0.4062549649433591
59,0.49936959736268943
60,0.4948922282669134
61,0.43708807119608395
62,0.5778924939577985
63,0.5616663321838813
64,0.5758203773408717
65,0.8108223131370087
66,0.4621385549698692
67,0.6669534149930159
68,0.39363220021363804
69,0.4070212864500685
70,0.6575794594863853
71,0.5534415100418727
72,0.4281040133661018
73,0.5529704550446362
74,0.4375543529446657
75,0.5105432541071067
76,0.4456679565453026
77,0.41809873269369335
78,0.41730914922946316
79,0.3650180622636834
80,0.37623451307865013
81,0.46395577101542484
82,0.6565278878591465
83,0.6529468512116261
84,0.36921707936873893
85,0.7170780904301017
86,0.6312402021129677
87,0.5044929940698425
88,0.5367399328410478
89,0.46194140102074477
90,0.5926752039919153
91,0.7285004090017173
92,0.5402401195306469
93,0.5720210049727743
94,0.5105237941972535
95,0.4378120030366488
96,0.6507901407924555
97,0.36112872019490283
98,0.5429192577008859
99,0.839225762304877
100,0.5131897622148407
101,0.6669589013612727
102,0.4910353957881374
103,0.4839673023194014
104,0.43303373415900537
105,0.5092019985068229
106,0.5867080141282945
107,0.4184026736754865
108,0.5056083979011244
109,0.6233814245157987
110,0.48181120139198097
111,0.6137483087362612
112,0.6022064217364281
113,0.38940912861150634
114,0.526040111225098
115,0.5779994537205032
116,0.4259539903693221
117,0.6538399962313519
118,0.36088609575029584
119,0.2939025991139016
120,0.5339987747558917
121,0.5408994366218423
122,0.3689620765413043
123,0.4065053295485282
124,0.6401358286980007
125,0.4939464425439285
126,0.5049717861851132
127,0.6119932447812475
128,0.5975700892524883
129,0.6267932349479043
130,0.36712675895231983
131,0.45155821302607824
132,0.6622416959044091
133,0.5677894448340499
134,0.49079757944203767
135,0.34288176221444616
136,0.5760182410714223
137,0.6567537489986275
138,0.6248770953298952
139,0.42688303754139056
140,0.4878914495853635
141,0.4986006363932343
142,0.45969617154183234
143,0.47677471733649457
144,0.5088960278198273
145,0.4367641490016694
146,0.5103018776058647
147,0.4217393702422897
148,0.47820646152540575
149,0.5169401946086548
150,0.46635700535817104
151,0.5276343897630132
152,0.41031433245072824
153,0.5669213439635834
154,0.5491772017156834
155,0.37044180500430357
156,0.550704208876196
157,0.5527992575609837
158,0.33018220696897305
159,0.4424158378867483
160,0.5101746573421237
161,0.5060083158974505
162,0.8861302867322424
163,0.5689590960774729
164,0.6835506572506651
165,0.73134906778235
166,0.5357527751798766
167,0.4583375625565887
168,0.4252425479163133
169,0.44656133642890283
170,0.574146852162232
171,0.5071175509380181
172,0.5771980039772827
173,0.6477983293589127
174,0.588530935974042
175,0.3916673654166444
176,0.5174535776491995
177,0.5661019167917091
178,0.49183121859070567
179,0.5297829460222093
180,0.4796345215565131
181,0.533371672339645
182,0.3873265113472049
183,0.4651438132904171
184,0.5956537999956253
185,0.31373585131274884
186,0.48549208771901026
187,0.34740346255010895
188,0.5246646836228669
189,0.4171031084917712
190,0.5407404697525438
191,0.6688055498985297
192,0.4480185195867106
193,0.3933925765342884
194,0.5729789059958229
195,0.3550469883412998
196,0.47176719737502154
197,0.6358591544497356
198,0.7044297040747054
199,0.5492477746851949
200,0.5815302702831708
201,0.47590522925892104
202,0.5030169322829453
203,0.5287857862719691
204,0.5736581656669366
205,0.49931585420960073
206,0.5070585468520182
207,0.4283093198234559
208,0.3391750635573708
209,0.5432931336087948
210,0.38605621909724924
211,0.5323002410188442
212,0.4020819005830367
213,0.4166809813092494
214,0.44353337588724384
215,0.5290814148844845
216,0.4018143059681937
217,0.412774010866783
218,0.5494625747674559
219,0.49758900863718575
220,0.5692775518797396
221,0.47284877394246
222,0.48250888704727946
223,0.6979298326645529
224,0.4391091174405937
225,0.5575445397225669
226,0.34473327507480434
227,0.4272286967549552
228,0.6368473768622598
229,0.4851159780360302
230,0.6504603131616671
231,0.5856357468673746
232,0.5921382539742605
233,0.577921950447208
234,0.3752424205820176
235,0.39125783585808865
236,0.45393045249416913
237,0.622428446576339
238,0.45264713042518867
239,0.5601121172573695
240,0.5870378504149791
241,0.5148928617354739
242,0.6660927689414118
243,0.47282974379333575
244,0.5068856360282429
245,0.611975671933035
246,0.6766543192725527
247,0.6443090677832555
248,0.46218443375809054
249,0.5112821162489392
250,0.4419579223204783
251,0.5035959927692023
252,0.42905172906504696
253,0.5474428447411063
254,0.49342665252523144
255,0.4375992997593154
256,0.4725111313466264
257,0.5861836990197349
258,0.6774032421891638
259,0.6788702378601739
260,0.49112944335072944
261,0.47177649437660024
262,0.33434570712681644
263,0.6101182330284503
264,0.2745586568383005
265,0.4786560924207542
266,0.4313715634235299
267,0.50804543490985
268,0.5669113827253739
269,0.7818829356212673
270,0.6541489589511039
271,0.44839069936056386
272,0.7081190302071098
273,0.5969429747616409
274,0.47723637605023
275,0.506278285746486
276,0.5365595688094804
277,0.4665336718602428
278,0.5695448850383873
279,0.5057797369414424
280,0.36042045623122154
281,0.453742614923496
282,0.47065043565308606
283,0.7050720769525194
284,0.39401715003984006
285,0.5313289312201769
286,0.42811798347152463
287,0.3996216861634073
288,0.40328915303060314
289,0.531154381396715
290,0.5471457709970987
291,0.5813382802046552
292,0.32675385847666705
293,0.47776635969236814
294,0.4520946466385768
295,0.5325257896562191
296,0.555353821406321
297,0.5439846916803814
298,0.39949715547690706
299,0.6207760112433098
300,0.4473548364789384
301,0.4677072189528223
302,0.5099094780057983
303,0.5754536069045901
304,0.5268493483244453
305,0.3677610308829759
306,0.46240135463515075
307,0.45963203881143827
308,0.6782948211086974
309,0.535218474865594
310,0.5420635942730654
311,0.4325379035146146
312,0.5347642308891558
313,0.4742090798953618
314,0.44631929444221563
315,0.4675516588759037
316,0.3903646450523167
317,0.5069919484193679
318,0.32958653409839345
319,0.4684588972220358
320,0.543818294912828
321,0.578395108104511
322,0.5877900591800738
323,0.3671475676893531
324,0.49961199124478567
325,0.4519579442996863
326,0.6588061029022237
327,0.4957125613412461
328,0.4639565407362086
329,0.38430913437578057
330,0.6627888187988171
331,0.4790301498329999
332,0.5197081476704757
333,0.5627500066142186
334,0.47141953064568054
335,0.556342457485537
336,0.4258941420959812
337,0.4762993223513506
338,0.5289193390247996
339,0.49339051862901606
340,0.5212356086788821
341,0.4198758329878872
342,0.6073371047287393
343,0.4699459157444835
344,0.34198586231314365
345,0.44750621413073244
346,0.4842406042590383
347,0.510953168170097
348,0.5125017213831827
349,0.5460587721370186
350,0.5141174745808756
351,0.4135223456952276
352,0.46061981800489904
353,0.5200536040842467
354,0.5772541564873505
355,0.5054836463950071
356,0.5281701788035092
357,0.481338714137212
358,0.5628558462267355
359,0.4354784413745501
360,0.6539574796196894
361,0.3234278965113241
362,0.6459668085811376
363,0.5412634236344535
364,0.6856756612849492
365,0.4526044955388938
366,0.6460442485217086
367,0.5409837199689109
368,0.501952233228691
369,0.4538822367476056
370,0.47199749839877925
371,0.4157818144534078
372,0.4446821804029328
373,0.42056013453096625
374,0.7890931382128307
375,0.3226299809201632
376,0.4609434615410769
377,0.5235651844293061
378,0.6154614136925521
379,0.5792410913856945
380,0.520646721647126
381,0.4896254505690546
382,0.5647611897108913
383,0.5197471185001319
384,0.5403758012124591
385,0.5226612718303628
386,0.4301940310252598
387,0.2934999829118437
388,0.5791147919368747
389,0.6271770754383075
390,0.550320380746164
391,0.5350845544596544
392,0.673287610823472
393,0.5709347485539547
394,0.5421755117228019
395,0.5208227231608474
396,0.3676177105350815
397,0.4854297862885634
398,0.535575248046283
399,0.45865926578468325
400,0.4954879650477235
401,0.6972301798352987
402,0.4139135788927958
403,0.5445056004887684
404,0.547112914975829
405,0.3991229008637175
406,0.40433846585844285
407,0.36946552728810594
408,0.5551135061527329
409,0.4981143682712931
410,0.4445171846278164
411,0.3834145071723617
412,0.5939721943559803
413,0.4986076635824589
414,0.5329510663025652
415,0.4812530066529287
416,0.4615684942664915
417,0.5973139464695125
418,0.45940790871092696
419,0.3434940030490079
420,0.5215712144428062
421,0.4968437068017885
422,0.42816204418851206
423,0.4981273471696731
424,0.49041634878166407
425,0.42130305399730705
426,0.39652304402661354
427,0.33105969391504986
428,0.6812915200738343
429,0.5988108341634565
430,0.5250118067588841
431,0.592516657765251
432,0.5912446998085313
433,0.4818860762645629
434,0.4913568571117566
435,0.5082147037117658
436,0.6277589919404957
437,0.4989890719608347
438,0.6001240662058122
439,0.5687636274269076
440,0.6315055105110589
441,0.4306968417432884
442,0.4130535318838931
443,0.5233279079590984
444,0.523228209560296
445,0.43303936749423394
446,0.5023138269840401
447,0.41104071634526906
448,0.4963153612417886
449,0.4037965837091717
450,0.483255189561067
451,0.33345903351829564
452,0.408004166325199
453,0.599327789152917
454,0.49593398386935683
455,0.42359497642179034
456,0.5285739699962817
457,0.6827968769429699
458,0.5023059076498201
459,0.4989751294023693
460,0.572211540236857
461,0.4760867581590443
462,0.39175374279977254
463,0.7145889022640933
464,0.6802478201807085
465,0.3925790543307063
466,0.41070314716383866
467,0.5073205335293112
468,0.5158924763450549
469,0.5812363427913175
470,0.4724810907248975
471,0.7031122946660131
472,0.5216086928925786
473,0.6836909039430846
474,0.5764808561550583
475,0.3492244462233913
476,0.5342190721497749
477,0.47518845271456156
478,0.6194915033314595
479,0.6320127291653465
480,0.41018722263173835
481,0.40147906197368877
482,0.5720061272710394
483,0.6228815853407045
484,0.5202519926584329
485,0.7877295157273393
486,0.6260620042001944
487,0.5353939361972646
488,0.5259086231426552
489,0.6240072535670081
490,0.582275634355487
491,0.5005883048495388
492,0.4687996670720433
493,0.2634689958022329
494,0.530494186334851
495,0.5328141729819614
496,0.5048993784559737
497,0.6229299049324203
498,0.5268528227149399
499,0.32644545722718876
500,0.7540277661188051
501,0.49980451577822815
502,0.47610796446084014
503,0.5363643548489557
504,0.5557678745296859
505,0.5135357499908436
506,0.5118903454004067
507,0.504369280093005
508,0.4433009013606276
509,0.6326945123679089
510,0.48819444819136726
511,0.47104041862914464
512,0.48542467648967647
513,0.5233128627838819
514,0.578561837774652
515,0.4096979068626986
516,0.28989923068204504
517,0.6864067373254618
518,0.39244993660351546
519,0.49813175589725384
520,0.27751173115746697
521,0.5888147998191449
522,0.5726987629024355
523,0.5616405835667772
524,0.4972752585307265
525,0.3736920730831295
526,0.48739331668628083
527,0.4717542692674699
528,0.4250282000797235
529,0.43255104820803436
530,0.4943859403339475
531,0.7319099572827038
532,0.43918898493699476
533,0.5407334464418883
534,0.5007336145602378
535,0.445764323295273
536,0.5776738433837038
537,0.48603074171310684
538,0.5280482411611325
539,0.548103078014403
540,0.5105833788601971
541,0.48536021503045135
542,0.4302481371766862
543,0.5325984685632751
544,0.5743508800732231
545,0.44399823964886515
546,0.4956603870700867
547,0.6542438534807097
548,0.4788611146850946
549,0.5585917304773556
550,0.4074956436985754
551,0.3768186595015488
552,0.7873149075275963
553,0.4470571416882714
554,0.49725951052709777
555,0.35796095264370387
556,0.4374158351300341
557,0.5166593809851444
558,0.7589392896107742
559,0.3942625859775404
560,0.35348157509547634
561,0.5941671415722476
562,0.4510420851519685
563,0.5550632119204699
564,0.48841990118979817
565,0.5036877861831258
566,0.5309614224608481
567,0.4238590436558048
568,0.39051870497528746
569,0.44012409296242105
570,0.3872786220592265
571,0.49284616241217666
572,0.3544503769629249
573,0.480090931136238
574,0.5519941951002213
575,0.5853014519403382
576,0.5144593939251821
577,0.5410219154112758
578,0.4822722384365148
579,0.6898271725297227
580,0.45141241113665104
581,0.6411714029667721
582,0.47905099943967916
583,0.48002519780033176
584,0.5180871904916673
585,0.4562712881984895
586,0.4597805590321857
587,0.5115015864353816
588,0.6270205814363443
589,0.5410338341923431
590,0.6308507524978655
591,0.423591843294515
592,0.4033323001153222
593,0.5602503223730998
594,0.6102326767931934
595,0.4519630106554593
596,0.49276238659754457
597,0.7479693748497317
598,0.609275702002319
599,0.4639549538644292
600,0.5178164186328373
601,0.4387195631057311
602,0.548916199584563
603,0.46938931448035986
604,0.5361631690099748
605,0.4483997140418704
606,0.4506949883325186
607,0.49881401627509553
608,0.3645322467372571
609,0.6246578570655024
610,0.41745090349691216
611,0.48648748627031274
612,0.47332449596919207
613,0.6183804664084243
614,0.4826045193725393
615,0.5393590255407669
616,0.40441462944799594
617,0.5852475284149987
618,0.5103618769702724
619,0.5398194891344388
620,0.4261427957085807
621,0.5114702817001644
622,0.5007326949654199
623,0.5757589955790865
624,0.47814711582915
625,0.34552278395782315
626,0.5999741422019491
627,0.48959565518699716
628,0.4813275769073228
629,0.7333890379079546
630,0.277161984142121
631,0.5765087744645389
632,0.640201349449768
633,0.4624520494113856
634,0.5696474380150335
635,0.5447696040750307
636,0.5904537349684101
637,0.47889997538892815
638,0.36813611139981317
639,0.5823913522807092
640,0.49034812958714274
641,0.5874953518850866
642,0.4883461858479013
643,0.5598769310357018
644,0.5510395445649191
645,0.32506713727349157
646,0.40920637469590126
647,0.568154500373377
648,0.43698768308912206
649,0.5383803406194736
650,0.35865997340392974
651,0.44245131324554565
652,0.45069244180851464
653,0.5816351703746083
654,0.6565075667931037
655,0.7215819565119163
656,0.46737599659520557
657,0.6317369032324893
658,0.4714513883603485
659,0.5962626537179074
660,0.4478850977628147
661,0.4836745007590584
662,0.4415443857144095
663,0.4468846994412746
664,0.571339141671014
665,0.44763385860122007
666,0.47541615161738193
667,0.4526258019052911
668,0.48287360636625215
669,0.4445425005314671
670,0.5358804724294298
671,0.48652793267905503
672,0.39828622637242533
673,0.5557557895863992
674,0.5892628770437793
675,0.441465231993163
676,0.44277033180767417
677,0.43800286063038585
678,0.4907079258837771
679,0.4500816385377643
680,0.502478092891024
681,0.5713627629617075
682,0.4870202394726742
683,0.71338634806558
684,0.4046419139043699
685,0.4704886876216454
686,0.3731612958406195
687,0.608767840942988
688,0.7524901171438262
689,0.40134867811039643
690,0.3730852521215102
691,0.5435533639926238
692,0.4827619875891378
693,0.41982552816767965
694,0.4805727061256659
695,0.4909844227899804
696,0.4039792357775803
697,0.4516057687920485
698,0.43943286093653483
699,0.5198348325544465
700,0.38031816044994005
701,0.5260276922939995
702,0.5171743688341787
703,0.651464722536135
704,0.4839031390238882
705,0.5094638737530344
706,0.4839945043297513
707,0.3210822491002877
708,0.3589415876433269
709,0.5441633879974626
710,0.4895025021910954
711,0.478716364491507
712,0.44416203964520945
713,0.5042197246624582
714,0.3926246963973435
715,0.5056784181543471
716,0.6644496702774509
717,0.43194093178568643
718,0.48160334429742957
719,0.508089627313045
720,0.4399821039313462
721,0.5842084814316102
722,0.451630483659556
723,0.5249777435897285
724,0.4254453617869406
725,0.46948236426939016
726,0.3672115744251363
727,0.5319187894364099
728,0.47295392076172643
729,0.2911568139302356
730,0.5228196673245089
731,0.4955030480577198
732,0.636748596512425
733,0.3680081125268123
734,0.5196039776116623
735,0.4585137210097581
736,0.6807098492997469
737,0.4183769438183201
738,0.6085323128765607
739,0.6969259659784692
740,0.5093461292009396
741,0.5057743816314443
742,0.4850900168852441
743,0.5133520753115131
744,0.45516605939336097
745,0.5940893865701469
746,0.5541495720281714
747,0.696103206103849
748,0.5219805360158014
749,0.2853707524633819
750,0.43172652338919304
751,0.49665361815779163
752,0.5551446064238792
753,0.6984133667130714
754,0.43808577967225054
755,0.6330719583669191
756,0.5050472618219684
757,0.4650111610002463
758,0.549775846344948
759,0.6892307053093759
760,0.5627698732456559
761,0.4868673321332533
762,0.49389113248992395
763,0.422987082772419
764,0.4317398944357681
765,0.48451465076767786
766,0.3923379353486939
767,0.6881621289913229
768,0.46187309578780417
769,0.4697175809674807
770,0.44390423133030077
771,0.6417218954373144
772,0.49832783649379797
773,0.5730908809861601
774,0.5343591801869741
775,0.5296486306264293
776,0.4874580702613931
777,0.5179953320563306
778,0.5087695309419739
779,0.5119491682091204
780,0.49402377067269154
781,0.49985258333438026
782,0.41108174638757033
783,0.5260038189907453
784,0.5133173323363857
785,0.5926253610445739
786,0.6022093578062926
787,0.4702318723400888
788,0.47390801199905
789,0.457148279400014
790,0.46546225974528255
791,0.6494788523442102
792,0.6361730576348922
793,0.464887289605986
794,0.36305001491040223
795,0.38640384726096977
796,0.45715285715776455
797,0.5818567459683656
798,0.4581214644351053
799,0.4682862486568521
800,0.36845336471118373
801,0.645185767775888
802,0.49582585418607
803,0.4629986803755364
804,0.4199338908191109
805,0.6836687553185531
806,0.6452051589120602
807,0.7066096291656672
808,0.4142580664489351
809,0.5411898292143081
810,0.49471948424198525
811,0.5662213183726893
812,0.5192559141796487
813,0.534337932648411
814,0.4135712063150743
815,0.4743648475325982
816,0.46503923548559006
817,0.4648897152719329
818,0.4941555092098654
819,0.4118268982867692
820,0.474505951725383
821,0.5135053625962498
822,0.5365934096464378
823,0.6477595410123074
824,0.6287569191555538
825,0.5604437616291128
826,0.5420588491163185
827,0.3629395841413151
828,0.3759658071487071
829,0.5244905039543755
830,0.40517945906984043
831,0.5385732675805596
832,0.5337453620640498
833,0.5017710514324507
834,0.5500205507093389
835,0.6304423684349053
836,0.5127332218856147
837,0.581018854009294
838,0.5261587101630096
839,0.3983011809864299
840,0.6008807328520644
841,0.6124279956204787
842,0.5581382602740119
843,0.537753055243548
844,0.567995551072478
845,0.5388813365532483
846,0.5575175375438157
847,0.6188067587599656
848,0.4458024013753346
849,0.4587544280777076
850,0.47146080251607236
851,0.5930909836070452
852,0.41314988994940494
853,0.5008908804627008
854,0.500625001883468
855,0.4202590727658804
856,0.34388555637931906
857,0.4345790323903596
858,0.5548408929441724
859,0.5670894330012566
860,0.6290344288128273
861,0.5322166801821416
862,0.44439448280036953
863,0.44191029544943894
864,0.5429558988388967
865,0.5269302690983307
866,0.5302505145408607
867,0.5594658085713979
868,0.6339264474006392
869,0.46960140141789614
870,0.5105784007615767
871,0.6108628342551825
872,0.5189047173498302
873,0.5228987261048765
874,0.3965538440863431
875,0.6575359594147454
876,0.5270034966963558
877,0.5456881850148262
878,0.5750610674418442
879,0.46712906650542035
880,0.5191746252660262
881,0.6180366538112619
882,0.5169927836606144
883,0.4772270797483523
884,0.460634409769711
885,0.4964579667277235
886,0.46591198602401757
887,0.5307142583560089
888,0.36411369550817385
889,0.5108759537429133
890,0.7023278026870547
891,0.5552925511356103
892,0.5534619208631102
893,0.452166642886091
894,0.4290867484235839
895,0.4679365679068172
896,0.5274112490165695
897,0.46160880288759765
898,0.48919206706225893
899,0.5783678987363156
900,0.5092813438485482
901,0.4784560870177722
902,0.608888588298226
903,0.5628785151633715
904,0.5023147281016797
905,0.549089137466022
906,0.536952361009582
907,0.3969681768646509
908,0.4636689930376495
909,0.605278995507612
910,0.5818325548676511
911,0.6448450213183086
912,0.570080238742176
913,0.583817016171732
914,0.5905104421431894
915,0.4049664557055043
916,0.5288913434379745
917,0.37917492128124314
918,0.4620232699188933
919,0.3937466900349161
920,0.3273375153553801
921,0.4325101832860597
922,0.3601029838935531
923,0.5673635607529061
924,0.372346422659227
925,0.3829655054178679
926,0.5202812652127248
927,0.42284993577613944
928,0.3772834369768623
929,0.41732451815068644
930,0.5476148934160057
931,0.42473619281118746
932,0.45671273836501347
933,0.5156312738003804
934,0.8697106430282249
935,0.5288459980182988
936,0.43564784592809475
937,0.4417915778744679
938,0.5369402358673636
939,0.5749712413575987
940,0.529377581379015
941,0.5207308021856786
942,0.35161627641369464
943,0.5517369812424974
944,0.5311642748967045
945,0.4739007256773668
946,0.6478742296154448
947,0.5062480797479257
948,0.5412234399234761
949,0.7919223993753524
950,0.5320283078523182
951,0.346073991144511
952,0.42826284681116816
953,0.6736740081967574
954,0.43580302164769
955,0.6044858177251322
956,0.30907963442080255
957,0.43691153724856674
958,0.560914832326017
959,0.4127026261896434
960,0.510128524552135
961,0.46659920305323677
962,0.3091622737105881
963,0.5097402738988726
964,0.5013331464623112
965,0.36821334461792693
966,0.4329821338649315
967,0.6359215551452474
968,0.45277284793146155
969,0.5324302627965304
970,0.5333366659468153
971,0.46253499094489303
972,0.4826164047093704
973,0.5436634200446291
974,0.5907741549151946
975,0.5823722051270636
976,0.44443505415538076
977,0.6612424109091318
978,0.5509092796430872
979,0.49355140465605873
980,0.3943915736072954
981,0.6455169795592788
982,0.592567841082424
983,0.3644643235175306
984,0.782299717112462
985,0.5773375285268322
986,0.5166377970435158
987,0.48321606191496047
988,0.5956370627981368
989,0.5017660284843516
990,0.46316002386965943
991,0.36502247940167964
992,0.35631930630803493
993,0.6871407536975739
994,0.60204939034278
995,0.4959521901839469
996,0.5715077667117548
997,0.4412690499533279
998,0.43607227186363673
999,0.61165548622384
1000,0.5148311689283411
1001,0.474645947892292
1002,0.5647653221989863
1003,0.5040065065019376
1004,0.5210126548598738
1005,0.6556178326551336
1006,0.5613931539003167
1007,0.49963462355466165
1008,0.6090984531868398
1009,0.5254226483589215
1010,0.34785626141765563
1011,0.6136586275791021
1012,0.4641841887878912
1013,0.43622924857350676
1014,0.5268604798922066
1015,0.46023224650044076
1016,0.38729395641312714
1017,0.633068299678724
1018,0.3594787118139113
1019,0.5789313880750405
1020,0.40708074048599363
1021,0.46136742678922493
1022,0.4594324916752875
1023,0.4632823982438241
1024,0.4159426088351815
1025,0.5723711901381558
1026,0.5515308015296116
1027,0.3681913066558645
1028,0.5786290059881996
1029,0.5685266450504138
1030,0.32976553504212325
1031,0.47463929386865245
1032,0.4254818955165606
1033,0.6445816165737673
1034,0.5432042245709267
1035,0.3945238395561502
1036,0.5685906505077195
1037,0.2924545698430566
1038,0.40953089612302607
1039,0.4884386279566694
1040,0.6041746854997081
1041,0.4650462007820618
1042,0.47587149183311583
1043,0.47474678542248905
1044,0.5219829941740167
1045,0.6716517920397413
1046,0.5796402203452888
1047,0.5711076173404117
1048,0.5424975838430912
1049,0.6168021428561673
1050,0.5665584740694638
1051,0.4775930736654875
1052,0.3946561038218174
1053,0.5677274861471359
1054,0.41613317100534186
1055,0.6706800091322797
1056,0.4084401945061564
1057,0.5497942976357691
1058,0.5751889528166849
1059,0.5377093430928609
1060,0.42297605851589026
1061,0.5176629557598466
1062,0.4876225046166962
1063,0.5567812833885374
1064,0.4519750069928427
1065,0.46382967018225507
1066,0.6118661479809404
1067,0.37979270023129197
1068,0.5489827943986291
1069,0.6262960866872604
1070,0.526918725225334
1071,0.47012122552128566
1072,0.2943826413306132
1073,0.4259785720204358
1074,0.6026422435088934
1075,0.40108596410980973
1076,0.4334330360701567
1077,0.5094163822740909
1078,0.46458309596754777
1079,0.41732156307323376
1080,0.49199166176447745
1081,0.4718671255700779
1082,0.46012539478541575
1083,0.519952832467281
1084,0.5670203081355757
1085,0.5680949545045675
1086,0.5756092097152461
1087,0.6938328357509287
1088,0.44186649897018754
1089,0.4788445505235848
1090,0.4395591955160703
1091,0.46603563947021304
1092,0.6290810352379709
1093,0.5061211502656783
1094,0.3674148377050533
1095,0.6398278794803607
1096,0.5776662524382586
1097,0.5012636653805925
1098,0.5443499686722968
1099,0.395970200680318
1100,0.502241828653842
1101,0.5043806652257122
1102,0.5141394332530632
1103,0.47441552313927476
1104,0.4105344992350674
1105,0.5531178626477503
1106,0.594180130108486
1107,0.4388085705226319
1108,0.4408947791964084
1109,0.5888803062540088
1110,0.62190745651808
1111,0.5452175500947184
1112,0.4247068650042949
1113,0.48561633953438654
1114,0.3834541731334673
1115,0.41968134038565663
1116,0.49788562345077686
1117,0.5704587228502256
1118,0.3630907067257704
1119,0.42364116734046475
1120,0.45772073470065344
1121,0.6272253606404019
1122,0.45761666185175887
1123,0.5181936345408509
1124,0.49843060731060634
1125,0.4475315299920787
1126,0.5182465520931347
1127,0.42865721726500783
1128,0.38304507296705814
1129,0.5677192272970313
1130,0.5236632407310096
1131,0.5774266659440502
1132,0.5159524855086928
1133,0.3725745734193675
1134,0.4449967022266157
1135,0.5179631230096274
1136,0.7249554063437895
1137,0.46262005676752704
1138,0.5810033003879754
1139,0.5956007387057661
1140,0.5997003134679
1141,0.601080359047703
1142,0.4225443520084043
1143,0.30073964673965403
1144,0.5402351899571148
1145,0.5226387147465674
1146,0.3609684995470472
1147,0.5658174418420066
1148,0.5595688092637252
1149,0.4585736585416102
1150,0.4996313315301625
1151,0.475279747727713
1152,0.40873112736617323
1153,0.5370381297768939
1154,0.5335094094510455
1155,0.30147954404582145
1156,0.4680485715712148
1157,0.5272892683581656
1158,0.6217872583474754
1159,0.4904377805628364
1160,0.7330047255906843
1161,0.2571768333131823
1162,0.5406911969300201
1163,0.49130585409344435
1164,0.5502614907480319
1165,0.4439509247158902
1166,0.39870303586123246
1167,0.5197240925660495
1168,0.4165960468942874
1169,0.5261674497689889
1170,0.5506194332135539
1171,0.5435246860213061
1172,0.6758190691650081
1173,0.5491972270104886
1174,0.3740726587269162
1175,0.4509577031635783
1176,0.4948936386833247
1177,0.3993560962422263
1178,0.5363961863574969
1179,0.27948870477188126
1180,0.47787908808588075
1181,0.44802140278260316
1182,0.49277484572553026
1183,0.4923177612866484
1184,0.4433116963342025
1185,0.580876893362164
1186,0.4271041152763885
1187,0.5740443841250262
1188,0.6233786920096973
1189,0.36479921368786883
1190,0.26745540196525797
1191,0.42661074444487035
1192,0.521906179621797
1193,0.5233964484090696
1194,0.44136381168077643
1195,0.5869729116808462
1196,0.3952491015477256
1197,0.5392374622358418
1198,0.6058267386638209
1199,0.6235798129655172
1200,0.5202214037152272
1201,0.5375529899242606
1202,0.533145564084285
1203,0.47911660897305997
1204,0.5590735947244937
1205,0.4406857794980833
1206,0.6920524173987972
1207,0.33760023081167706
1208,0.5750715050641761
1209,0.4681514507327725
1210,0.5498628833834931
1211,0.6563084062784481
1212,0.4905631226675172
1213,0.431603496444618
1214,0.46915263065251156
1215,0.4080706423568079
1216,0.4566147592542142
1217,0.6051630954890187
1218,0.607952184125431
1219,0.5419138491181512
1220,0.6560405985991926
1221,0.5910511081210096
1222,0.47816039608987393
1223,0.43106674547677526
1224,0.4947857873602729
1225,0.5868997687557462
1226,0.5294257376434988
1227,0.44048956796755456
1228,0.39058667734286556
1229,0.5274284449804613
1230,0.6353748063646056
1231,0.5169328627769048
1232,0.5266607710913243
1233,0.4289810858551054
1234,0.43647352643683546
1235,0.4756558591223544
1236,0.5653664650339693
1237,0.5601312798673803
1238,0.4399077060835318
1239,0.5863829970086244
1240,0.6517366492839286
1241,0.6446722725270759
1242,0.5206558332074824
1243,0.48820131526043115
1244,0.5077920842166473
1245,0.47595793625678867
1246,0.5064426620392737
1247,0.490332388136465
1248,0.5112294807769171
1249,0.47822455221234916
1250,0.40747504455862604
1251,0.6326089242191815
1252,0.46915901243673863
1253,0.38318554856812226
1254,0.40217764402613093
1255,0.45060199943725393
1256,0.5661658264544743
1257,0.47775162980828956
1258,0.5393525300807693
1259,0.5909309803702896
1260,0.5311257585021555
1261,0.4778400716531975
1262,0.44790261558525546
1263,0.5894525716466922
1264,0.4856550889957367
1265,0.4977417284152389
1266,0.5819523337501054
1267,0.4952567196845229
1268,0.4181598414094134
1269,0.5266931605953995
1270,0.5072466495562686
1271,0.47333985092683734
1272,0.4974032474857865
1273,0.476464375847946
1274,0.3605979297873103
1275,0.4947838185940961
1276,0.4531729723517542
1277,0.5483458015145097
1278,0.6118370173939226
1279,0.2989423977565149
1280,0.4633404307756311
1281,0.5703956691741844
1282,0.3856802722572565
1283,0.5031346193361068
1284,0.5086408899321668
1285,0.5256161578829563
1286,0.4151551963338209
1287,0.319367746284522
1288,0.4709196997710016
1289,0.5875997281603192
1290,0.5953193751616547
1291,0.5385333045172731
1292,0.36741211201776647
1293,0.5624664808813828
1294,0.41533824835119415
1295,0.5702027837895187
1296,0.5497723582004203
1297,0.4773367031448555
1298,0.6416431161700205
1299,0.4936925474078006
1300,0.5152718558253891
1301,0.4285044557269915
1302,0.33828129008508984
1303,0.4834458370250769
1304,0.4067407246150795
1305,0.45954372166869134
1306,0.46744446557691643
1307,0.49665035514386907
1308,0.5738790280251133
1309,0.43406966854436146
1310,0.5190084444999397
1311,0.5788130950588848
1312,0.4829605388180993
1313,0.4822301854584702
1314,0.458099696803236
1315,0.5973760515646378
1316,0.4782494099802431
1317,0.40205216884142153
1318,0.5760937714527636
1319,0.6189233552214178
1320,0.5322550002425539
1321,0.6065292099372304
1322,0.5556202974972203
1323,0.6241717976971292
1324,0.49138827998871115
1325,0.487788950633368
1326,0.3489639685293785
1327,0.5414801006976611
1328,0.6340741044919457
1329,0.5293244259346389
1330,0.33590297901501276
1331,0.43538680505083904
1332,0.5040027469749062
1333,0.44562076483067986
1334,0.48203475579418026
1335,0.4801501795064496
1336,0.6879185827151703
1337,0.5980103900428698
1338,0.5547008370168106
1339,0.533976682136778
1340,0.6267607469551579
1341,0.5019964757618477
1342,0.41762718977097735
1343,0.6073104146593589
1344,0.33559087556431144
1345,0.47155174383234155
1346,0.5608743571266074
1347,0.507404708786044
1348,0.36417438768242816
1349,0.5027207303461931
1350,0.4339261749763553
1351,0.609979207871204
1352,0.5574596798136994
1353,0.4582839958699922
1354,0.5749964739754478
1355,0.6073354111033838
1356,0.556221415182614
1357,0.547297724812433
1358,0.6695591448022378
1359,0.5307363741081319
1360,0.6229733391401231
1361,0.6577333625126772
1362,0.3847116064411168
1363,0.5503402103722236
1364,0.74397980408539
1365,0.5538589885159547
1366,0.3599670603107268
1367,0.4144703317889461
1368,0.644174300869025
1369,0.42627504620280693
1370,0.5077073347823139
1371,0.45407431091664774
1372,0.5285810254225437
1373,0.49547110416825185
1374,0.6592215205729205
1375,0.5318860630156726
1376,0.4182259655216752
1377,0.5625074060592502
1378,0.6132969567377957
1379,0.5430853581914149
1380,0.5944452979708665
1381,0.483272272366068
1382,0.5304551664495974
1383,0.4022276193254743
1384,0.4267297807290468
1385,0.48986877979188764
1386,0.5314747591798611
1387,0.5962620745737924
1388,0.4349266058276667
1389,0.3373675339716654
1390,0.4594505153859828
1391,0.5980248347797277
1392,0.5815074488066851
1393,0.5104082925683002
1394,0.5911493811976409
1395,0.5373509706401145
1396,0.5700446786881356
1397,0.4331298698711456
1398,0.41490184904934013
1399,0.6300443127800911
1400,0.4641119371093985
1401,0.3737724803521366
1402,0.4685321973744775
1403,0.44849043357572677
1404,0.6334518172959268
1405,0.4148710466330776
1406,0.6126572834298778
1407,0.5450285042464506
1408,0.5068473861682425
1409,0.4790259083876039
1410,0.5149736330660575
1411,0.5735572718776675
1412,0.5455633070776569
1413,0.49296897684798996
1414,0.5023227504242321
1415,0.48917170198939053
1416,0.5280736385627339
1417,0.4525901113759383
1418,0.6162256629260094
1419,0.5073400116985052
1420,0.5731556844225792
1421,0.430164553866481
1422,0.4568805999300327
1423,0.5804599426790547
1424,0.49975542386555616
1425,0.5801270259216977
1426,0.6167371882554641
1427,0.5968430115621106
1428,0.36235778629522575
1429,0.44557240817146837
1430,0.41381447937185845
1431,0.5116553318880461
1432,0.4822538719278666
1433,0.6245097583126693
1434,0.5349702548932276
1435,0.46806078594040446
1436,0.43660194662192875
1437,0.47012688796750224
1438,0.5597011029746913
1439,0.36626362181120986
1440,0.4563307927080005
1441,0.3247786542117256
1442,0.5184919207826595
1443,0.5184595815047178
1444,0.86928207660443
1445,0.45059524238496973
1446,0.42883233819676086
1447,0.4836494285940568
1448,0.5790777026534122
1449,0.39286292798833083
1450,0.4393840327355785
1451,0.4934284162344089
1452,0.4663375880092052
1453,0.5427350666457951
1454,0.4011365316937182
1455,0.4072037391195829
1456,0.5145855364206606
1457,0.407392140442631
1458,0.48181803497269815
1459,0.5528297338012637
1460,0.40653248501558237
1461,0.36558546228884753
1462,0.6261581037488857
1463,0.5207891361779693
1464,0.40613484172441316
1465,0.4793902435510596
1466,0.42707938281430885
1467,0.5409444179591103
1468,0.5851862009259285
1469,0.5061133002431875
1470,0.5575798091001742
1471,0.36246099397823495
1472,0.4654544610028864
1473,0.5128977189045136
1474,0.4539321458941432
1475,0.5198058194798946
1476,0.6804052935665432
1477,0.5743492560248539
1478,0.6154490828494467
1479,0.6295758666645597
1480,0.5170323646902911
1481,0.4604979607815856
1482,0.3483512500731578
1483,0.3078878737600684
1484,0.6124152635247542
1485,0.4738369064020028
1486,0.5630200199550961
1487,0.6253057390089075
1488,0.3863112229233571
1489,0.4021534107762122
1490,0.6546296007245245
1491,0.43296194092621015
1492,0.4973927969682833
1493,0.47827692384412956
1494,0.5607067183796993
1495,0.7007326624517439
1496,0.5418467712240624
1497,0.47828640969563824
1498,0.699142725635166
1499,0.5223163052849253
1500,0.533223579916673
1501,0.6640501651702753
1502,0.4234374050728966
1503,0.6140442840333213
1504,0.5611669340026268
1505,0.6580516002353738
1506,0.532808541018658
1507,0.5442522728638924
1508,0.8339494588119404
1509,0.6494636497677078
1510,0.5464431393333378
1511,0.4634159185696314
1512,0.5948786853148305
1513,0.3800019162579684
1514,0.7169484034404248
1515,0.4960555497384569
1516,0.4816242946135369
1517,0.7189894625332518
1518,0.5745087370355727
1519,0.5313272438001883
1520,0.6012219737932369
1521,0.4564908180247097
1522,0.5159415977656002
1523,0.41332495668243463
1524,0.5470812327791456
1525,0.5503747162261126
1526,0.38832268310888735
1527,0.46547289735536207
1528,0.6738083143508504
1529,0.5077453686614319
1530,0.31399119278119314
1531,0.5182573439330386
1532,0.3471119910584154
1533,0.48115843211812764
1534,0.5266367221571877
1535,0.3444876152034154
1536,0.48667509625559296
1537,0.686368106995843
1538,0.46738265164267806
1539,0.4898862135697996
1540,0.7494621053428829
1541,0.6173164851584482
1542,0.679831455205779
1543,0.6285291600506334
1544,0.6063312031003485
1545,0.5094691399061756
1546,0.5902532901885872
1547,0.3846408309792468
1548,0.4977886320435863
1549,0.5745369341750995
1550,0.41618617812016045
1551,0.5493879970266472
1552,0.5206181235482683
1553,0.5644891542441443
1554,0.5427671874622773
1555,0.6064683494429678
1556,0.3886092407060698
1557,0.44705741106504293
1558,0.4783414612439821
1559,0.5647662167463847
1560,0.42716279344178
1561,0.4771965053014292
1562,0.4484998134058438
1563,0.7445074472659766
1564,0.48922410899902696
1565,0.49682676087139716
1566,0.37288369291600254
1567,0.5094361358580333
1568,0.3636334716283842
1569,0.5484915992076904
1570,0.4394272230390249
1571,0.493879114356865
1572,0.42913191251022714
1573,0.4837065330429413
1574,0.5209685767349486
1575,0.3798981878181647
1576,0.5391709247893686
1577,0.47846137881146905
1578,0.49734218406152564
1579,0.5492968422019614
1580,0.27132700420633216
1581,0.52817030646642
1582,0.47879638208137026
1583,0.4571304178549297
1584,0.6413649741118972
1585,0.45802403474998027
1586,0.6580286123155307
1587,0.5188201092876286
1588,0.546633291101971
1589,0.514137636024337
1590,0.5372482880205123
1591,0.5372868152851022
1592,0.5746741093232992
1593,0.4569048001412795
1594,0.48791317100472986
1595,0.5047153398384977
1596,0.5072204737026852
1597,0.609839830414838
1598,0.5189582433783552
1599,0.405896993851742
1600,0.619226358645917
1601,0.5065019575209078
1602,0.4609902777202487
1603,0.7509987313120893
1604,0.37435176685389915
1605,0.4683218980435995
1606,0.6052929834178167
1607,0.5683701882096192
1608,0.5411535197808787
1609,0.5490569895878202
1610,0.4813581321066916
1611,0.5222081506490192
1612,0.418626147909655
1613,0.4475732148692228
1614,0.3912171593743793
1615,0.6369089257920837
1616,0.7366063219597138
1617,0.3736973269897257
1618,0.47006727179106306
1619,0.5616913796538857
1620,0.37389728282816803
1621,0.49741013409667456
1622,0.5314653672001668
1623,0.5344035959783229
1624,0.5360381009702013
1625,0.44566341680506044
1626,0.5448022979364906
1627,0.3797113393162428
1628,0.5838682970246439
1629,0.48464674913889966
1630,0.554274273784841
1631,0.5303554088032983
1632,0.6038362975156233
1633,0.4216115389097185
1634,0.3812398089733411
1635,0.6403931163302067
1636,0.5860877444175469
1637,0.4507565625985474
1638,0.3731233567116905
1639,0.5333739387761255
1640,0.516462258149602
1641,0.5217845283845196
1642,0.3739952620853704
1643,0.5273635187581966
1644,0.49775358386626034
1645,0.5767023884209965
1646,0.4476213237491816
1647,0.5142043267842672
1648,0.4520245382013113
1649,0.5603741397292654
1650,0.6518153447743865
1651,0.49671013667138997
1652,0.38675168554795336
1653,0.568791961891137
1654,0.4345086141699708
1655,0.42457512272120757
1656,0.49057760840385645
1657,0.45884661874776433
1658,0.537432911713541
1659,0.5263094391275841
1660,0.6706555842999483
1661,0.5564214078901034
1662,0.35282267863214395
1663,0.3804003360745834
1664,0.5322609014996216
1665,0.4925502999657829
1666,0.5055085113442221
1667,0.5235896603722665
1668,0.3049220651040884
1669,0.43549400096895124
1670,0.4333309343538908
1671,0.4824488252303807
1672,0.43105351346236287
1673,0.5249758362509124
1674,0.37064459638609587
1675,0.545156058756908
1676,0.5831879810024508
1677,0.5430580189701966
1678,0.54008636572847
1679,0.41533970223616806
1680,0.5749148087628472
1681,0.4727571990349289
1682,0.573206456407623
1683,0.5035642368232423
1684,0.5648549883020457
1685,0.4006513738089764
1686,0.5285326690315777
1687,0.5386505908796749
1688,0.44165730753072374
1689,0.5281842931422328
1690,0.49358657821590574
1691,0.4322417727616729
1692,0.38710427172147066
1693,0.5580502935084943
1694,0.5040633280652143
1695,0.5225856523507854
1696,0.5215622247053492
1697,0.5755890954745799
1698,0.490814209206807
1699,0.430604601226252
1700,0.5526922211993002
1701,0.5259000193769862
1702,0.4926463617136
1703,0.4447038492862653
1704,0.47813450310941596
1705,0.48904683710676067
1706,0.44084308364951413
1707,0.6790218514402134
1708,0.5628435005197234
1709,0.5389992132826946
1710,0.543100570152024
1711,0.5315857931974938
1712,0.4612932426164517
1713,0.3501697205945328
1714,0.5729253863793154
1715,0.5602039290864327
1716,0.4927011914500632
1717,0.483221270224883
1718,0.517204701595796
1719,0.5876113100007279
1720,0.447430415817698
1721,0.5492394484538152
1722,0.6427326055281857
1723,0.48636786524819675
1724,0.5031629821746908
1725,0.4354904615608887
1726,0.5385279630268742
1727,0.4118299861592019
1728,0.3343806674225122
1729,0.43322285114631753
1730,0.5846436264861176
1731,0.5542985775977978
1732,0.712591893438665
1733,0.542611501923371
1734,0.47179173594610063
1735,0.5117846439316038
1736,0.42287610925080293
1737,0.39801446559666537
1738,0.4777089208213434
1739,0.5012959497913018
1740,0.8073990409328173
1741,0.4487843533614591
1742,0.3584396591718647
1743,0.4951222741643641
1744,0.4919174075053834
1745,0.5128180276943068
1746,0.5826433840010192
1747,0.38452722732223743
1748,0.4867665480370376
1749,0.619998987649857
1750,0.5551884774226732
1751,0.5259843550372225
1752,0.6505708525634344
1753,0.5013622595418354
1754,0.48682163550254814
1755,0.5017870712338816
1756,0.3815959722613923
1757,0.46706691825609936
1758,0.6748737135280158
1759,0.5890568337905493
1760,0.5384490163346989
1761,0.5322621607105835
1762,0.47133330807561846
1763,0.6785046498315406
1764,0.5655211784688285
1765,0.47989172823699117
1766,0.47303309186843784
1767,0.6191723525220784
1768,0.6169348934889225
1769,0.42875636122488303
1770,0.5710617437333758
1771,0.5653526075307174
1772,0.2906922350059775
1773,0.5000194583190565
1774,0.4733661385316971
1775,0.5315338965831538
1776,0.5293713923627886
1777,0.5231603667637771
1778,0.39933306448353684
1779,0.44899813274025424
1780,0.5666760425531409
1781,0.4871053205504665
1782,0.47647660320483065
1783,0.5807329391251385
1784,0.43527158708795594
1785,0.6266125641000486
1786,0.5335121621624581
1787,0.4930665585337298
1788,0.3993218725805525
1789,0.43841999494988665
1790,0.6462410962166341
1791,0.6088831816630564
1792,0.6600830125523324
1793,0.49762723752884097
1794,0.32408165972332004
1795,0.40139890760100266
1796,0.6239213923941431
1797,0.5187167725336029
1798,0.4672096723253887
1799,0.3104852470562749
1800,0.5856476704150751
1801,0.3827445634472456
1802,0.46927401222882736
1803,0.6729310854035877
1804,0.49714369867235403
1805,0.443800693903148
1806,0.4891679147951693
1807,0.4571075847646445
1808,0.4711039863672132
1809,0.7298800930047604
1810,0.4169605774500903
1811,0.36432414123795853
1812,0.34098020132054596
1813,0.4004547466425586
1814,0.5798109251553106
1815,0.44241661373490626
1816,0.3748838483362066
1817,0.6170742471516777
1818,0.4574341735444484
1819,0.6772051799153662
1820,0.6069587200945006
1821,0.41280417373555267
1822,0.5593676239012705
1823,0.5534618984638909
1824,0.5040875960614098
1825,0.48646684153661013
1826,0.3671901167958268
1827,0.4848057813362783
1828,0.5342723306480427
1829,0.675757890708313
1830,0.6996545864961591
1831,0.5045597843190784
1832,0.5104352135758257
1833,0.5358480983961567
1834,0.35530692722019847
1835,0.4377563353820737
1836,0.61316237781884
1837,0.603612703391032
1838,0.6557094233092893
1839,0.5903406769176978
1840,0.5820496449835846
1841,0.5962011005846536
1842,0.34002942567186634
1843,0.4965194043204731
1844,0.42246318544158656
1845,0.6703204495030191
1846,0.5847910404753267
1847,0.4326051561216392
1848,0.5456857741846526
1849,0.4170049010641723
1850,0.5708114748952128
1851,0.3930510732943583
1852,0.5284937539877399
1853,0.5482194024741118
1854,0.6036852793728689
1855,0.4203198147544269
1856,0.38435337355792526
1857,0.6064167156401707
1858,0.4052694963390872
1859,0.4446318626002995
1860,0.4865330538761277
1861,0.584461100929765
1862,0.5517433043027081
1863,0.5409697538671099
1864,0.40318907165235146
1865,0.554181516636652
1866,0.3879628314470297
1867,0.411516856891047
1868,0.38872508850288223
1869,0.525293548293061
1870,0.541129287656947
1871,0.5021199678404072
1872,0.4618315799764711
1873,0.5204530016746679
1874,0.46870101047053747
1875,0.5041303123940799
1876,0.4945110818107529
1877,0.44290265686614366
1878,0.5087339339225857
1879,0.35476345583683006
1880,0.5080912611657699
1881,0.42174176698746224
1882,0.6615279245445492
1883,0.3026025331468847
1884,0.6168502597613734
1885,0.3958854813518059
1886,0.4459202362024945
1887,0.5532590569725525
1888,0.5895632650605298
1889,0.5604518467964698
1890,0.5111499577828201
1891,0.43007317557915836
1892,0.41128494868781906
1893,0.46439581877899155
1894,0.453877513159066
1895,0.38533992479733314
1896,0.5301473106538626
1897,0.6073767795191267
1898,0.5543249562999756
1899,0.37220272148696026
1900,0.42203296467856166
1901,0.523597965965486
1902,0.5680745542356926
1903,0.4878454471745858
1904,0.6278726604627461
1905,0.5621998778141095
1906,0.8165674416352259
1907,0.6458601456291924
1908,0.4033398159928658
1909,0.4443273157827442
1910,0.5038296030474255
1911,0.47528228873233214
1912,0.5296529263282993
1913,0.488692976653775
1914,0.471278059814403
1915,0.5772189575536413
1916,0.4901055266070133
1917,0.5229887704275062
1918,0.3511690536853136
1919,0.4728885316793819
1920,0.7689228390606694
1921,0.3975282665388512
1922,0.5751866828760169
1923,0.6832555248132715
1924,0.47891784474263105
1925,0.6555559956332215
1926,0.595656557861222
1927,0.5244034670310415
1928,0.4717498419039323
1929,0.3942282134602637
1930,0.47328328739386705
1931,0.5201875417052239
1932,0.5708755997785203
1933,0.6494702446261614
1934,0.5519570723996235
1935,0.6693093187995036
1936,0.5701406963380337
1937,0.49520568414765775
1938,0.48740745357020504
1939,0.5261306975997664
1940,0.4270774251851476
1941,0.6571429564234609
1942,0.4560545490330282
1943,0.5948603310147467
1944,0.4534388390133919
1945,0.5133136583167085
1946,0.5435446526957837
1947,0.47066123258029535
1948,0.7029316247779327
1949,0.5887596896718479
1950,0.5198987176268325
1951,0.6446081185076884
1952,0.4650131790407663
1953,0.3149731857582281
1954,0.5446174103989893
1955,0.5909895760788981
1956,0.541000885838389
1957,0.529528274379137
1958,0.5444764673809798
1959,0.6449028869594228
1960,0.4853938618071062
1961,0.4953103689619176
1962,0.43472358291917146
1963,0.5414061438202499
1964,0.5201926810826913
1965,0.5676221354831993
1966,0.5533397326220286
1967,0.38776913242425587
1968,0.4269699773941198
1969,0.6358054561957042
1970,0.4512392856894688
1971,0.6440630512891456
1972,0.4088221732380858
1973,0.5235925455046941
1974,0.562811947873247
1975,0.5851361025052293
1976,0.3590115106882
1977,0.330123733775235
1978,0.5249884208006009
1979,0.6506630415366119
1980,0.5176294651067469
1981,0.5404061864362568
1982,0.6627053444910094
1983,0.5827074803555886
1984,0.5298881882219689
1985,0.5474424893475264
1986,0.35760713467273775
1987,0.619808350086825
1988,0.5581699868411242
1989,0.5383996088106725
1990,0.3805947660543149
1991,0.48146018273245067
1992,0.6329045906828277
1993,0.5522663374757618
1994,0.47065458978451535
1995,0.7122479384091024
1996,0.44313986533332705
1997,0.5212264841919625
1998,0.5052479259736511
1999,0.4337153218882798
2000,0.5304324718845582
2001,0.5883479681010642
2002,0.5803716314628852
2003,0.4173014463111923
2004,0.4386918482289785
2005,0.4273845012899533
2006,0.4628694764825079
2007,0.5491298913816861
2008,0.37399150273706
2009,0.5234085753726903
2010,0.4561507542722355
2011,0.3631928711387006
2012,0.4820856848977546
2013,0.4855826578551939
2014,0.6317777098175708
2015,0.47222031812692133
2016,0.6131575623070408
2017,0.65417721635244
2018,0.4445103411048221
2019,0.44115041019054324
2020,0.6358946320266436
2021,0.601712586212779
2022,0.46985520813333226
2023,0.4096613977421499
2024,0.6149487276866783
2025,0.5411013217705886
2026,0.3753811368286609
2027,0.40980353694124527
2028,0.444133349485224
2029,0.4818617641764864
2030,0.5215269274820283
2031,0.656944217214578
2032,0.5265732174304234
2033,0.38021704650533317
2034,0.5142570865974836
2035,0.5512724591903353
2036,0.6491948285326279
2037,0.35467620971866565
2038,0.43174153876692345
2039,0.7250671770465994
2040,0.45193989188577827
2041,0.5504902708987979
2042,0.4468616155570868
2043,0.5922557167356952
2044,0.5473324472714215
2045,0.5764367553026688
2046,0.6726784980540964
2047,0.5043347252671313
2048,0.4692549241506899
2049,0.42797617497826795
2050,0.4357974145440769
2051,0.5090639812564587
2052,0.544700094994468
2053,0.4864944239111829
2054,0.4075641374912801
2055,0.35961509852515505
2056,0.49999309417044857
2057,0.4245540468807295
2058,0.41892606323685305
2059,0.5381676053802531
2060,0.5046368152836043
2061,0.4586691623100522
2062,0.4948541385817872
2063,0.5482714923155098
2064,0.5281653830108628
2065,0.5205656212370149
2066,0.39422422088045206
2067,0.5063104899705293
2068,0.5582197693119878
2069,0.45151140685403435
2070,0.5630693203285293
2071,0.5201481797411143
2072,0.5092553526049265
2073,0.43837807709557397
2074,0.5949631879169351
2075,0.48743435756844566
2076,0.5334117726773551
2077,0.35287392102045806
2078,0.46371828654960356
2079,0.4404063866179913
2080,0.4604408932129024
2081,0.6077812920626243
2082,0.5636566639940241
2083,0.5423877816598199
2084,0.5469514016217849
2085,0.6438529909179551
2086,0.4026401371825103
2087,0.6192281873784433
2088,0.5010059043663038
2089,0.5094506439290464
2090,0.5047840724531482
2091,0.49994856027783013
2092,0.557715542423791
2093,0.5918384202014679
2094,0.49616366490452873
2095,0.52233650857419
2096,0.478053062981018
2097,0.649389597160687
2098,0.5524923758892568
2099,0.6066168506347358
2100,0.5030078766486343
2101,0.4742444111396192
2102,0.47692258798540377
2103,0.33702311320400935
2104,0.7015581851563693
2105,0.3764708590221967
2106,0.5177165186865142
2107,0.3966731674856413
2108,0.4287490492153008
2109,0.5227368041416891
2110,0.4491239744129881
2111,0.3949056588322414
2112,0.47179655095640816
2113,0.385591152883907
2114,0.5739051224711537
2115,0.5823002072190975
2116,0.3225218899559633
2117,0.4878334465162057
2118,0.5718082906661147
2119,0.4003910426966715
2120,0.5246579527935085
2121,0.563698673226962
2122,0.4651341130336995
2123,0.574667799725985
2124,0.5988341710893049
2125,0.4537565862669857
2126,0.46687215262436554
2127,0.6473016214211179
2128,0.4496967564396708
2129,0.49707796755039024
2130,0.4057140527334618
2131,0.4165795811744275
2132,0.6236970997897204
2133,0.3204956285673432
2134,0.4132590178967171
2135,0.590893402456005
2136,0.6401776668466705
2137,0.4766652294707423
2138,0.4093724415794111
2139,0.6470862127227788
2140,0.4279069503127022
2141,0.5771742207591576
2142,0.566145570043374
2143,0.5567519009982954
2144,0.5575684388366873
2145,0.5487960488234301
2146,0.632251843168184
2147,0.5593356870033896
2148,0.5716303880250286
2149,0.49714545866169535
2150,0.5791110262373288
2151,0.5314243439044765
2152,0.48927472723773835
2153,0.4805930656509347
2154,0.4072055310961088
2155,0.5920661220404818
2156,0.43475623582711204
2157,0.5407178781866993
2158,0.5452647332247373
2159,0.4902679222501401
2160,0.3970424251103522
2161,0.4888299224857378
2162,0.26472505108818534
2163,0.5551635223990703
2164,0.5970363240442489
2165,0.5128361836174977
2166,0.49857301739641763
2167,0.4356163027251526
2168,0.6142907470408353
2169,0.5329958989810694
2170,0.5681570163523516
2171,0.4976531408173439
2172,0.5132932646043673
2173,0.43239462923424626
2174,0.7777200932161419
2175,0.5548093577332578
2176,0.8102411397771012
2177,0.4180515558020369
2178,0.6394314046712982
2179,0.503071519087347
2180,0.6124520303346385
2181,0.33882918797492934
2182,0.5931138194397538
2183,0.3607121182664572
2184,0.5830908792571134
2185,0.38618047112090315
2186,0.5252402599800163
2187,0.6667691118428376
2188,0.5150139342364536
2189,0.41132982843466476
2190,0.3999346635726583
2191,0.6296923106611625
2192,0.6496427632560751
2193,0.4211249057337956
2194,0.4589335620715266
2195,0.47926740227305237
2196,0.3714645970015995
2197,0.3478843368417659
2198,0.5020039738036172
2199,0.4738591946247259
2200,0.6433385469192021
2201,0.3345314747729502
2202,0.5750794832979635
2203,0.4975484000426377
2204,0.5462034617788136
2205,0.5970216468806157
2206,0.5232591663878052
2207,0.5061038805695507
2208,0.4630622301228578
2209,0.5553079082306512
2210,0.5201190719524441
2211,0.41074438114432665
2212,0.3899467352847854
2213,0.7070723406456264
2214,0.4495534670070924
2215,0.5210337671116808
2216,0.5091062799654936
2217,0.43045486403990724
2218,0.3704814179971904
2219,0.43346815664038085
2220,0.45556730102945303
2221,0.5176819189379783
2222,0.5139291983035217
2223,0.506520550842139
2224,0.6061325757269925
2225,0.542183470119421
2226,0.35838471045983195
2227,0.4780710679822738
2228,0.6372623242682192
2229,0.5395686833904974
2230,0.6666056038289646
2231,0.39484088153117886
2232,0.5365050293869449
2233,0.5648904702426429
2234,0.4653556627048787
2235,0.4530204098976054
2236,0.4774898707210191
2237,0.5922616865089351
2238,0.4867491871626328
2239,0.7417733474786489
2240,0.6315860458872287
2241,0.48575643710588917
2242,0.5329601022240525
2243,0.5419691553432519
2244,0.3061066883857104
2245,0.4847526288596122
2246,0.4776535342601286
2247,0.5291702258642903
2248,0.5633590389401645
2249,0.5864261310700861
2250,0.3475053162084585
2251,0.4313465359736279
2252,0.5023525737174614
2253,0.5533000639734572
2254,0.518127695206519
2255,0.549749749455769
2256,0.5776300674161958
2257,0.46436900932239267
2258,0.5129962476899894
2259,0.4247426508996085
2260,0.5111337136926759
2261,0.4448258105918036
2262,0.3725401896348786
2263,0.4623365999460196
2264,0.620720636767091
2265,0.488256406499649
2266,0.6185855408610138
2267,0.3483990008494186
2268,0.44374137212212517
2269,0.4988290238058712
2270,0.4484026619006847
2271,0.5378253332725661
2272,0.4909451698028358
2273,0.4438365552605793
2274,0.4691845934403215
2275,0.5649867734930288
2276,0.41853405061342075
2277,0.5019960564837428
2278,0.47904634460533635
2279,0.4252401837680545
2280,0.5788096076472575
2281,0.6809006849335626
2282,0.5530879473422305
2283,0.5052418407960377
2284,0.37719816599764444
2285,0.4799403804278785
2286,0.6455853234538165
2287,0.351223407560235
2288,0.42133579731562854
2289,0.6175698427394257
2290,0.40306525513204594
2291,0.5085710970132047
2292,0.4913572257650409
2293,0.3479619435656489
2294,0.5722333816286209
2295,0.40725028050292167
2296,0.5113045617821885
2297,0.619555499665937
2298,0.4746223918210801
2299,0.5857582379941668
2300,0.5758208953577164
2301,0.35951493411874613
2302,0.48701134589909106
2303,0.4968643638821182
2304,0.5052170520539041
2305,0.4624430453504288
2306,0.6132066732917824
2307,0.6643805745221615
2308,0.49967512748440845
2309,0.48090794646219504
2310,0.4522853049371687
2311,0.5485687938760434
2312,0.4189016043561581
2313,0.6133283194601151
2314,0.37248607251471255
2315,0.3877791534831031
2316,0.4919261981418548
2317,0.5298759610367051
2318,0.49293207255959803
2319,0.6268013615520999
2320,0.45542822850404713
2321,0.5146546918160726
2322,0.467809639025567
2323,0.43152272154722104
2324,0.6291606994161842
2325,0.4874402066676134
2326,0.4573680126079832
2327,0.5918914312984604
2328,0.4273677620702886
2329,0.4594801510704159
2330,0.5201850165107048
2331,0.5307558457080483
2332,0.5452348698830797
2333,0.4511390936562869
2334,0.6630678126401565
2335,0.40631464929732486
2336,0.6653938214959537
2337,0.40956973640503824
2338,0.4229111328086615
2339,0.4207482611066863
2340,0.5614918025750076
2341,0.6776203503413357
2342,0.5668537409990372
2343,0.6653719615020262
2344,0.3374055827058688
2345,0.45501460058165444
2346,0.5364460158067375
2347,0.45618555268619854
2348,0.4251334235136254
2349,0.4762533866600572
2350,0.435710403318548
2351,0.7772586123312617
2352,0.425707963414009
2353,0.4524304095554128
2354,0.47775195034001683
2355,0.508065082942612
2356,0.5591095984155208
2357,0.5984257733802554
2358,0.4080237696246292
2359,0.7123012276486433
2360,0.3491012244952766
2361,0.5833589925985398
2362,0.5592351965650324
2363,0.6043159945968726
2364,0.596027793248559
2365,0.38875576837064624
2366,0.48798535943710925
2367,0.6838148435690028
2368,0.53124488608453
2369,0.5263433249581391
2370,0.559935223648873
2371,0.4871435447662047
2372,0.6055109468816486
2373,0.5267605932097231
2374,0.4788491934428225
2375,0.38289649510151635
2376,0.6335059291817314
2377,0.5955283310609812
2378,0.4022191683654551
2379,0.6284969184004822
2380,0.5051701758887451
2381,0.5243949339236422
2382,0.5036927380310161
2383,0.637571443516844
2384,0.43288390254824094
2385,0.5752684430462763
2386,0.6317259867138263
2387,0.41875190829029585
2388,0.6012583010026958
2389,0.5212223032094351
2390,0.5785113799227959
2391,0.6471836936190545
2392,0.5825487906072488
2393,0.5587972030758255
2394,0.48504861774744185
2395,0.5031753607285055
2396,0.5334883156000807
2397,0.5263318760655245
2398,0.4361962306490097
2399,0.5793320603905
2400,0.3724203314572081
2401,0.5780065410886035
2402,0.3850324919689052
2403,0.4821262607109684
2404,0.5307620191863988
2405,0.5356247641530254
2406,0.47785683919784366
2407,0.43917827734496273
2408,0.7045033558115559
2409,0.4054360504245416
2410,0.40488420698298655
2411,0.5132455386030583
2412,0.2790959255175087
2413,0.5792337353411406
2414,0.5591692295021876
2415,0.3872262448405457
2416,0.4306310665754876
2417,0.37426690896750336
2418,0.6030483438632037
2419,0.3776388327687108
2420,0.5863195463623003
2421,0.4663474505204393
2422,0.5257049120293601
2423,0.6009693062654323
2424,0.5309115299448663
2425,0.5457578862066332
2426,0.4497705744295925
2427,0.4538500234016194
2428,0.47322621396855136
2429,0.5538163047804183
2430,0.42159167677692905
2431,0.4756484218368602
2432,0.48939592336238663
2433,0.6342426702854864
2434,0.45650864102062805
2435,0.5096793611727648
2436,0.5521167948460493
2437,0.43156028847620304
2438,0.4797886275172561
2439,0.37128226935561126
2440,0.6053248636034149
2441,0.4423540745293024
2442,0.5311204726094018
2443,0.5392959804474176
2444,0.6749430857322759
2445,0.5545282123644953
2446,0.4941755330827183
2447,0.4525318160490855
2448,0.5629233093295403
2449,0.4760698988240836
2450,0.4115513385640212
2451,0.46269861190530237
2452,0.4349444568679394
2453,0.46318252796535786
2454,0.5507599956092063
2455,0.4971404106810025
2456,0.5045077835890887
2457,0.5432829644696557
2458,0.3708503040753855
2459,0.5797340645341366
2460,0.47703882744661585
2461,0.5739457861676859
2462,0.5368916822519978
2463,0.38342459343732943
2464,0.42921010571847346
2465,0.4816072056427155
2466,0.7154895121212641
2467,0.35353148367167586
2468,0.4850735341822398
2469,0.5636399058224395
2470,0.4649009358977486
2471,0.5568963107316076
2472,0.39670993315618636
2473,0.44239470969776096
2474,0.6306012597870609
2475,0.5412765447775663
2476,0.5285620679830485
2477,0.46843608467206
2478,0.5183716806773369
2479,0.5081505198085177
2480,0.45842362118314645
2481,0.5272339493037447
2482,0.6370013240677243
2483,0.468999741198897
2484,0.33720952656181646
2485,0.44373009790226114
2486,0.523811927498056
2487,0.3591144768337624
2488,0.4777052814929402
2489,0.5853937299026302
2490,0.32793667124271514
2491,0.5109027405116022
2492,0.5279293779555156
2493,0.64400040506918
2494,0.5234889640063486
2495,0.4439804323934128
2496,0.5796516577734003
2497,0.5083781404588611
2498,0.5486893113274817
2499,0.4440794028788446
2500,0.6293011443558099
2501,0.4227743575975082
2502,0.8285720426041487
2503,0.46185627735029067
2504,0.727014843471873
2505,0.5182541784527608
2506,0.5911247446234624
2507,0.5612292506542839
2508,0.4267047701035142
2509,0.3301894636007394
2510,0.6419302219020219
2511,0.5620622531069678
2512,0.27445796934720523
2513,0.5536977153482007
2514,0.6787189044333353
2515,0.408324732175138
2516,0.4485979632183104
2517,0.5571097388440315
2518,0.6303363080447565
2519,0.5985460689765971
2520,0.6723373278381332
2521,0.7007248147640289
2522,0.5289532375602181
2523,0.3467174041195594
2524,0.42367666122949543
2525,0.5366622534168732
2526,0.4876070997845681
2527,0.5003530529772272
2528,0.5809747450566893
2529,0.6274067254844699
2530,0.45599237229451584
2531,0.45403581842576024
2532,0.6563822846750641
2533,0.34622106823664356
2534,0.5908405774165948
2535,0.6165065856235689
2536,0.4754929328684835
2537,0.6361566466177503
2538,0.635973401568764
2539,0.31199460251697586
2540,0.6068142135459832
2541,0.49565435921199874
2542,0.46049086606519635
2543,0.4809156331969461
2544,0.5538455013926731
2545,0.42222499913204925
2546,0.5038308624202745
2547,0.46637184817029054
2548,0.546303472215995
2549,0.4459765110609035
2550,0.5433068376082533
2551,0.4884495642791171
2552,0.6220836880435843
2553,0.6363779074884346
2554,0.5896304097242577
2555,0.467979362632364
2556,0.434173211497061
2557,0.5471856089990728
2558,0.46149119672706385
2559,0.6163533722332236
2560,0.6076207378237007
2561,0.6032357353474411
2562,0.5518801879528752
2563,0.5052991015932766
2564,0.4588777066975098
2565,0.3991315461596337
2566,0.5397273403353587
2567,0.47936004613810546
2568,0.3985890496617567
2569,0.54451315217184
2570,0.47977746588251
2571,0.5271317489304201
2572,0.47495461496191527
2573,0.6030419524216737
2574,0.3152585927252478
2575,0.5395545769414715
2576,0.5543819171743891
2577,0.694081107837039
2578,0.4960150314673621
2579,0.6031924351093134
2580,0.3972924639845599
2581,0.45242470209684155
2582,0.6127817653884006
2583,0.4533893225564919
2584,0.5175056003132537
2585,0.4307189246489787
2586,0.5469378339829241
2587,0.46469266024541944
2588,0.3528004405567273
2589,0.6193862305987996
2590,0.4994788706958608
2591,0.5188998831195093
2592,0.5262239481200931
2593,0.7974047831662849
2594,0.44254453012943423
2595,0.4839566878728276
2596,0.5460036760792073
2597,0.5035533518116176
2598,0.6208592511985086
2599,0.2729177869530449
2600,0.5655605487258114
2601,0.518858231432547
2602,0.4657922473860115
2603,0.4047611262429777
2604,0.5361162934165339
2605,0.49674168766687354
2606,0.6039367361550774
2607,0.46823421200373694
2608,0.5896002677543489
2609,0.6218509912277524
2610,0.564261775529623
2611,0.6484675940470443
2612,0.5492679352702977
2613,0.497086273067974
2614,0.5533001185961159
2615,0.5222182818938128
2616,0.6059177760994323
2617,0.5820259474060394
2618,0.4014579723720942
2619,0.4606365373602427
2620,0.4086703052500077
2621,0.5233784548954735
2622,0.4943115799109254
2623,0.79263293606157
2624,0.5539814926897635
2625,0.40727041321604524
2626,0.5356959837023864
2627,0.5262564115001983
2628,0.4989995083867677
2629,0.42656290929221163
2630,0.4827210771949339
2631,0.6663496372666903
2632,0.46420260318655104
2633,0.5823081349827897
2634,0.2907214528965084
2635,0.6584159145708433
2636,0.5006259067330219
2637,0.43319642859004875
2638,0.4844858320871032
2639,0.43211594269892195
2640,0.4254419808808137
2641,0.6542886821514847
2642,0.4572715040973858
2643,0.6474748691930676
2644,0.4601029258264758
2645,0.6536938512312396
2646,0.5247473752906681
2647,0.6893241370435043
2648,0.3849610404649706
2649,0.5692593709240704
2650,0.4779390718317428
2651,0.3217263249466341
2652,0.4009747196702159
2653,0.529743032460691
2654,0.5066471754141217
2655,0.47802388698858445
2656,0.5204293837544441
2657,0.4134357801924941
2658,0.5368928484595896
2659,0.4611196603592067
2660,0.505153394051879
2661,0.33719419258660166
2662,0.4455764753221747
2663,0.3215646266115096
2664,0.5000335576864147
2665,0.5981491963457357
2666,0.6012646745607086
2667,0.4849936055696065
2668,0.5287706159083023
2669,0.4841348537431962
2670,0.5664050468421619
2671,0.5308356274533729
2672,0.4978676820629481
2673,0.5708273640655315
2674,0.42663220690137865
2675,0.4247595809905345
2676,0.4638352394171983
2677,0.4501779850048872
2678,0.5461838281859255
2679,0.5542415081486138
2680,0.45643853473349294
2681,0.4323020585531108
2682,0.5283432355110351
2683,0.3669061918162538
2684,0.524711121861936
2685,0.5444908475912245
2686,0.5346471601526024
2687,0.5818445899229252
2688,0.6081288015958422
2689,0.5942158304824844
2690,0.5942780333296787
2691,0.5629175313937421
2692,0.5921159106380756
2693,0.5410823535105851
2694,0.35618772408107185
2695,0.6802782480838813
2696,0.46822486322542195
2697,0.5955889106837942
2698,0.4514234473572507
2699,0.40410266961735697
2700,0.3987021583614167
2701,0.40540430486461293
2702,0.6086998103940634
2703,0.5913903299054813
2704,0.5329829393053681
2705,0.39683497242882726
2706,0.4551065447406212
2707,0.6888530593874452
2708,0.45385026255223754
2709,0.6485338366610651
2710,0.7929188031517831
2711,0.7287618782111933
2712,0.4820293737326398
2713,0.3947650134980405
2714,0.48172463436426116
2715,0.5541745475738169
2716,0.4741635317378916
2717,0.427755663241366
2718,0.5528414132733325
2719,0.4374766944438217
2720,0.7219153328731824
2721,0.49782359663936165
2722,0.4592055123642545
2723,0.6600691312602245
2724,0.532415750042081
2725,0.4772730070623653
2726,0.5593015409204903
2727,0.4263497649146655
2728,0.5371355716046881
2729,0.7250081663949385
2730,0.4301392359904327
2731,0.6533979651410036
2732,0.4464475740755894
2733,0.5144651633397036
2734,0.5208365651853968
2735,0.5156432724259895
2736,0.4781147883078841
2737,0.4467760797547379
2738,0.4695516084687018
2739,0.5037643194006717
2740,0.39377365730150626
2741,0.38256629150121885
2742,0.4048957190864664
2743,0.3927904528218378
2744,0.5525352927266589
2745,0.5301983585486023
2746,0.6659540862889514
2747,0.5589074995778824
2748,0.49011393003574055
2749,0.4942104057514156
2750,0.49055842262468313
2751,0.40027668643613995
2752,0.6165857224816154
2753,0.6976215173953847
2754,0.5541523145096124
2755,0.5332084814579153
2756,0.5472333142649627
2757,0.6437931548227798
2758,0.48008683777819716
2759,0.44603109990087714
2760,0.48103448470271276
2761,0.4512056248237155
2762,0.5180605293866312
2763,0.6862850664827439
2764,0.47532840881603977
2765,0.5187563613272584
2766,0.533744395853078
2767,0.3867316999307268
2768,0.48609496046293205
2769,0.48239369334120896
2770,0.4405613809958988
2771,0.48747670984919245
2772,0.5150593602628732
2773,0.5298172459356725
2774,0.4789801865333369
2775,0.36179462141069096
2776,0.4824560619140015
2777,0.502134499507279
2778,0.4659714968200501
2779,0.5551153065240296
2780,0.47231007030331346
2781,0.5636543775017874
2782,0.5532109444100043
2783,0.5192747384039694
2784,0.41829627669432234
2785,0.4358011951382038
2786,0.5883836698960418
2787,0.5747395946452768
2788,0.28202344477079777
2789,0.5458383870734963
2790,0.45734161847790256
2791,0.4949910689980905
2792,0.49770608869531097
2793,0.41862579647559683
2794,0.7234793391124714
2795,0.47542696338311424
2796,0.5197844608643734
2797,0.4547716366415568
2798,0.5854720397344274
2799,0.4162834884523636
2800,0.46559171892965273
2801,0.7203507777778951
2802,0.38933565947626386
2803,0.5691834101192585
2804,0.5191785540459904
2805,0.4577565058217394
2806,0.63645073442877
2807,0.4344534301057967
2808,0.573786969962375
2809,0.44771901417014676
2810,0.48152684528162476
2811,0.5197318915566613
2812,0.5257379786268089
2813,0.5247921184409086
2814,0.4355531581780248
2815,0.47890618530070267
2816,0.7672418387808875
2817,0.6298873771986487
2818,0.6474300269587236
2819,0.6101713793507579
2820,0.5151023851135441
2821,0.46131228151462417
2822,0.6609510470560541
2823,0.5383843008623365
2824,0.38973397744524985
2825,0.5804423332938332
2826,0.47712485833646023
2827,0.530585378462994
2828,0.35177500207687035
2829,0.39332869209289134
2830,0.58365275607395
2831,0.41249979565389816
2832,0.4054666495362655
2833,0.5210338485277355
2834,0.47726947138126946
2835,0.5266574082141888
2836,0.4525637263319059
2837,0.5624538936752719
2838,0.4788766674146627
2839,0.3436218940606014
2840,0.4486381627527395
2841,0.39853074781290915
2842,0.5058881566492117
2843,0.4620983593846841
2844,0.5027427723572125
2845,0.45955983842740455
2846,0.5164677673428135
2847,0.5170898957180602
2848,0.4999241479699337
2849,0.49125668675797757
2850,0.5123565381907201
2851,0.4925376198504621
2852,0.8182958879975739
2853,0.42931800064472947
2854,0.583478868325337
2855,0.5369582231231574
2856,0.6787978588877395
2857,0.4373750855366183
2858,0.6918103660709071
2859,0.502146875132342
2860,0.7939399927469084
2861,0.5636623043953465
2862,0.3890609318370782
2863,0.45896022722891305
2864,0.6533491501372708
2865,0.4427715771444043
2866,0.48843452804185183
2867,0.5121803634660327
2868,0.5167424999921281
2869,0.45316217037531864
2870,0.4957161511324016
2871,0.6805431341189947
2872,0.4456203507839193
2873,0.49621284660413534
2874,0.4623541672342974
2875,0.5691546300881477
2876,0.5418720508383206
2877,0.48646087206564254
2878,0.5473666112197393
2879,0.44115236330103647
2880,0.3715333654568319
2881,0.4340082634482024
2882,0.47679125916046367
2883,0.6824726862016224
2884,0.457226167047392
2885,0.4364814453021342
2886,0.6115658009787441
2887,0.41383682022412993
2888,0.47168381944215965
2889,0.43655664277214895
2890,0.35913112482362264
2891,0.5106027898366505
2892,0.48059435582880294
2893,0.39599449265669684
2894,0.510347187940136
2895,0.4845475884880166
2896,0.44994075049220306
2897,0.5534176343802212
2898,0.470961785467853
2899,0.6789956343977996
2900,0.5402900735011162
2901,0.3869234280883431
2902,0.44975592679337956
2903,0.4879454584675435
2904,0.5323449612764679
2905,0.4036219805415443
2906,0.4868132783263568
2907,0.44018252787783363
2908,0.44637768899014624
2909,0.46963554232811267
2910,0.4872163732675768
2911,0.42499584355025727
2912,0.6950276821838467
2913,0.5874522748621025
2914,0.3771861695868586
2915,0.5073097348415675
2916,0.39816147528386675
2917,0.6240156989845067
2918,0.7132640512067022
2919,0.4648154431884898
2920,0.41697917877831736
2921,0.4894521867397392
2922,0.5462467159681349
2923,0.4509335975316612
2924,0.709366984210532
2925,0.545513913686704
2926,0.638628483526698
2927,0.4501000260415576
2928,0.40004010067393897
2929,0.43073273922502947
2930,0.5489009087822219
2931,0.36142872652959485
2932,0.6647985525294554
2933,0.5426793392245913
2934,0.6389747831159215
2935,0.47549456092707154
2936,0.3864479209840842
2937,0.620721161625691
2938,0.40406650246034626
2939,0.4309122898529435
2940,0.6318941048656559
2941,0.6396418593288682
2942,0.5372618450686276
2943,0.39028775375165536
2944,0.4826447890305542
2945,0.6031374196341087
2946,0.397386199493302
2947,0.5908361403756449
2948,0.4095747648222962
2949,0.46835094872963223
2950,0.4485548936691377
2951,0.4136700736829275
2952,0.43686420631102635
2953,0.5991574131830637
2954,0.5382870212707287
2955,0.43182683562073554
2956,0.46424299086916265
2957,0.6328502060362284
2958,0.644895497468152
2959,0.4198690265282639
2960,0.3939149160309382
2961,0.46357189387062836
2962,0.5047141812383535
2963,0.4800127499081359
2964,0.433321525123183
2965,0.6234706203435644
2966,0.5496253856049726
2967,0.4519530460607408
2968,0.7661131746827644
2969,0.75918555239718
2970,0.5374369415257639
2971,0.5545220335454293
2972,0.4042935046159134
2973,0.6221988243087854
2974,0.5361851539375974
2975,0.4270504249442888
2976,0.6427220087380412
2977,0.42612518710025643
2978,0.6691169897053388
2979,0.4952636212151082
2980,0.5068945490473159
2981,0.5266408571409043
2982,0.5454439680269726
2983,0.4675756307679293
2984,0.4461760699272274
2985,0.45789604310225673
2986,0.5941912636069528
2987,0.43524211033794785
2988,0.7728167268475286
2989,0.4541425755929899
2990,0.4660242021158718
2991,0.5199088025973935
2992,0.48588764925177474
2993,0.5382626282786938
2994,0.5510639241386739
2995,0.46494387551500344
2996,0.45358467188832746
2997,0.524783537121994
2998,0.5435867272494129
2999,0.44781066310604783
3000,0.6044720725078173
3001,0.5857773639953636
3002,0.4142650514094742
3003,0.5657731125990267
3004,0.5592054396971511
3005,0.4277993946172252
3006,0.47547892875046865
3007,0.5697349725917826
3008,0.4697239114934542
3009,0.5395273244901436
3010,0.5088509116126293
3011,0.3900293934509082
3012,0.6046696185215459
3013,0.46022966118131353
3014,0.552138058122344
3015,0.7720985016506574
3016,0.6068458976225415
3017,0.49921589450140685
3018,0.5423761467836069
3019,0.5079659878101007
3020,0.44250087969145224
3021,0.5192419979187551
3022,0.5114994757257421
3023,0.3164843096929787
3024,0.5779575022244587
3025,0.41615852372884105
3026,0.5942323054508728
3027,0.5633416520483593
3028,0.5433094863222936
3029,0.5327682354247221
3030,0.500419543539525
3031,0.6631253839827481
3032,0.419833481546122
3033,0.4802680076069425
3034,0.6896099392399498
3035,0.4334260425988308
3036,0.40027071981442913
3037,0.5059633220009447
3038,0.5770850619978003
3039,0.4362834217287425
3040,0.5936260629656593
3041,0.47030547255643007
3042,0.559034778054328
3043,0.5904701193042124
3044,0.5248300775515907
3045,0.5226038652135033
3046,0.40737692575174134
3047,0.5868194132263215
3048,0.42675169399018137
3049,0.5975983373131899
3050,0.5850273641291169
3051,0.4124985265261715
3052,0.4687118390165101
3053,0.5602611884623417
3054,0.36624223984691173
3055,0.4062115948460783
3056,0.4327528422230743
3057,0.4930956672929414
3058,0.7162756960948542
3059,0.4305692138242623
3060,0.4458429832562949
3061,0.5406578950252269
3062,0.3105001863419126
3063,0.5023977476599334
3064,0.5296454864381136
3065,0.5650472230731005
3066,0.5865569446057705
3067,0.44986378371360203
3068,0.44976519505701784
3069,0.46791110652975093
3070,0.5362191109328552
3071,0.5324258566670922
3072,0.46427231804183877
3073,0.540456676102604
3074,0.668374738349367
3075,0.7177586903711322
3076,0.49016407193645517
3077,0.5356366697501934
3078,0.4089777262882575
3079,0.5598451970633815
3080,0.5030787402305239
3081,0.5400598282802376
3082,0.4312061284689104
3083,0.4980022379657457
3084,0.640617743663611
3085,0.7078904133291785
3086,0.528419748472141
3087,0.5764639789135589
3088,0.7362820796241032
3089,0.5880031326187873
3090,0.5662052471345929
3091,0.36001296252860293
3092,0.528828974587732
3093,0.6863083486541854
3094,0.39123658099310216
3095,0.5536550199479708
3096,0.49240623625738505
3097,0.5228645708165447
3098,0.570911703889917
3099,0.42822563660645235
3100,0.6231624102870479
3101,0.4639582462278787
3102,0.3633502278945069
3103,0.5861732465414484
3104,0.48454108509110233
3105,0.7280390811231774
3106,0.5040757347325414
3107,0.6262104857634488
3108,0.6191411239058511
3109,0.47738989369511803
3110,0.5790962561144407
3111,0.5574868169316102
3112,0.4115663504718116
3113,0.46288997726956693
3114,0.586258940964034
3115,0.3834820429608238
3116,0.3771988890220926
3117,0.5734764163033597
3118,0.4278640690611621
3119,0.5140589840149081
3120,0.7382013108252629
3121,0.5419776527628266
3122,0.5763502906775543
3123,0.49639858391638925
3124,0.6422346648198471
3125,0.6101199229875698
3126,0.424503008480584
3127,0.47805188654640973
3128,0.4808052082475938
3129,0.37754386296259235
3130,0.5133939689610071
3131,0.5218486697000283
3132,0.2903820254831073
3133,0.6692660458388129
3134,0.6208002608549948
3135,0.41226613179287025
3136,0.480492556396223
3137,0.5329086348128906
3138,0.7123912395352276
3139,0.687136974799117
3140,0.4708427348698302
3141,0.484042399146628
3142,0.6811833605479363
3143,0.40863031418554385
3144,0.5920455925796718
3145,0.5255138310979256
3146,0.5267381745983845
3147,0.7393247930568966
3148,0.43648854687938726
3149,0.3933110842553277
3150,0.5553238105459957
3151,0.5010302437372617
3152,0.4893862253275153
3153,0.5432858513724188
3154,0.5886449195252681
3155,0.3558345192802289
3156,0.479303196435113
3157,0.5574117662603134
3158,0.6003613663242372
3159,0.47653368022557735
3160,0.5820142763250449
3161,0.4666631977060904
3162,0.5708618421645397
3163,0.562828037608209
3164,0.414419503828224
3165,0.5271391359527248
3166,0.5180136451437609
3167,0.5568763939725401
3168,0.649698809371529
3169,0.7833139427512544
3170,0.4292668085363846
3171,0.4539894694910387
3172,0.44270815669140984
3173,0.40981591504345716
3174,0.43698238911514803
3175,0.5019067635359452
3176,0.6220429993983703
3177,0.46226737266764517
3178,0.45784741357418884
3179,0.5524320605857017
3180,0.40704255674450596
3181,0.49039804612997995
3182,0.4649344240992072
3183,0.5645420678514876
3184,0.5733232149647
3185,0.37710640101283616
3186,0.5106774605167324
3187,0.4628662543806855
3188,0.5756201138285816
3189,0.5098707764547644
3190,0.7038343837654671
3191,0.5204964112075734
3192,0.66579219854188
3193,0.525404214996677
3194,0.40901582473195897
3195,0.6164727316184562
3196,0.4336500074050219
3197,0.6457938696658604
3198,0.29996257094094614
3199,0.5604788056701995
3200,0.5123026239721946
3201,0.4088873797613204
3202,0.5709781442637634
3203,0.5060295418762877
3204,0.6110113692659007
3205,0.597280953160402
3206,0.5153633175949104
3207,0.6444175266565219
3208,0.7482235437494041
3209,0.43461871348369446
3210,0.47472743557969627
3211,0.46129971910211437
3212,0.5606208591277827
3213,0.4916476249674661
3214,0.3761654833276477
3215,0.3827980743866764
3216,0.5054497064926231
3217,0.6244991239032285
3218,0.4959104388793215
3219,0.4878886595505089
3220,0.6027282167669852
3221,0.4000007378546796
3222,0.5574517336247209
3223,0.49648176027356433
3224,0.47178375363461933
3225,0.5192714717831514
3226,0.5879653848662052
3227,0.5558656904091386
3228,0.42945324266246065
3229,0.42742853392454094
3230,0.7596120265515642
3231,0.5169028577057019
3232,0.445930615096385
3233,0.4748812966905662
3234,0.5415202186490413
3235,0.6227855386932101
3236,0.5058211766625827
3237,0.5038149279375119
3238,0.48196222789258125
3239,0.7017386485685366
3240,0.46896318046835395
3241,0.621473454106449
3242,0.5365460865531051
3243,0.3706961051053458
3244,0.41158868924951936
3245,0.5416808786281414
3246,0.4922607905494068
3247,0.6319064716473649
3248,0.5005628744800402
3249,0.5208592972122378
3250,0.46101036726606087
3251,0.6295826050987505
3252,0.369849757137633
3253,0.5611688768672615
3254,0.6584041583822223
3255,0.5326536375644689
3256,0.7200954567109341
3257,0.45101557865228853
3258,0.4850052624868166
3259,0.39124684956499634
3260,0.5463469531980102
3261,0.537643244375818
3262,0.5415638406092328
3263,0.37590984958861207
3264,0.6789043397409649
3265,0.37750018552056236
3266,0.5243734860378174
3267,0.4812475094057878
3268,0.4969834598140123
3269,0.5682728673675762
3270,0.5706117246092977
3271,0.6079250523026006
3272,0.49337104009299476
3273,0.47416288815054863
3274,0.6122077779721445
3275,0.5568481936838671
3276,0.673733517899046
3277,0.6968828611420778
3278,0.38230172428028797
3279,0.5758641541588215
3280,0.44130121023895963
3281,0.5031683187033407
3282,0.4917900424526124
3283,0.5737711472625799
3284,0.4812120672424812
3285,0.5653597502128045
3286,0.5811371634567388
3287,0.5858144343598414
3288,0.5701698349188626
3289,0.5537457165818114
3290,0.5209098703057039
3291,0.5472379108145696
3292,0.4916459535477163
3293,0.3347107784965706
3294,0.4542383362854238
3295,0.4207101888648992
3296,0.3987687762752759
3297,0.4934016284491189
3298,0.6017544724692079
3299,0.6892025968677066
3300,0.4200856726891889
3301,0.4382430863927199
3302,0.4711471425347342
3303,0.47316944696708446
3304,0.3724994736432816
3305,0.5898053266692861
3306,0.6770356914844796
3307,0.4568650287198029
3308,0.443902549145588
3309,0.43295258874551235
3310,0.4272408005681696
3311,0.5622517196931541
3312,0.5249526837508065
3313,0.5214910749412774
3314,0.7287709751852004
3315,0.4842102642320199
3316,0.38441460788484305
3317,0.5687219429454856
3318,0.6204380639028076
3319,0.6435090408579482
3320,0.5930693372606459
3321,0.49962260339122583
3322,0.3906380330813051
3323,0.5521135831151949
3324,0.4628311492134415
3325,0.5405776529420103
3326,0.4934336212508572
3327,0.5278823509713395
3328,0.6049540404504241
3329,0.5338641808472191
3330,0.4834576407226929
3331,0.5202658919506309
3332,0.6288378102370455
3333,0.31528529946674183
3334,0.5672244376061518
3335,0.5853183215840254
3336,0.5201274203362779
3337,0.5765632041193602
3338,0.4856554227546333
3339,0.4708264595724632
3340,0.4994643770896776
3341,0.6516122564002875
3342,0.40891621644808196
3343,0.3759385009096775
3344,0.5386026146054808
3345,0.5403739232941825
3346,0.3669735463271302
3347,0.5791295413728608
3348,0.5751529441334406
3349,0.6256860032629613
3350,0.3855678593604347
3351,0.5504589334411805
3352,0.5524146177695273
3353,0.5461050474257205
3354,0.7491810720997851
3355,0.38929839217658474
3356,0.5244990960265352
3357,0.5234064559797085
3358,0.46335717206712246
3359,0.4613606822727713
3360,0.5510128501433055
3361,0.560395484307384
3362,0.3728926349858894
3363,0.537305441948175
3364,0.5088491109624367
3365,0.3823205126392155
3366,0.31496867396508443
3367,0.47958465372123815
3368,0.5248161101759555
3369,0.34360252520731077
3370,0.6037856661484752
3371,0.4334010801067862
3372,0.48574398262549706
3373,0.4753764856633301
3374,0.5103620732763754
3375,0.5773371362020532
3376,0.3496722232163835
3377,0.3914508681073722
3378,0.4800207643253303
3379,0.5031348262877964
3380,0.5687777359988175
3381,0.6606962602195525
3382,0.4165980050263483
3383,0.4711177933810502
3384,0.6024166139304519
3385,0.4857210221887908
3386,0.556226486302957
3387,0.6235505761846489
3388,0.5941938577883665
3389,0.44734615175230164
3390,0.5724901257785101
3391,0.5373583206314172
3392,0.6131628737941772
3393,0.46838022304759075
3394,0.556689291683158
3395,0.4060227454192907
3396,0.5241593683448695
3397,0.48911371814455135
3398,0.4382412321185641
3399,0.44230722454732596
3400,0.5427359118558686
3401,0.6946541975795977
3402,0.36301955550580256
3403,0.4826682391417682
3404,0.49838661484202645
3405,0.4008528205921389
3406,0.6710735687280971
3407,0.44477869156472144
3408,0.4031725997900809
3409,0.5289262151992572
3410,0.7220250410379223
3411,0.559668229145915
3412,0.3913906238482759
3413,0.40085945187073674
3414,0.6287406289515991
3415,0.35843892965809254
3416,0.6714794505490776
3417,0.4674129625657129
3418,0.46914664302760783
3419,0.6103329944769813
3420,0.43489589043060234
3421,0.5428210460337376
3422,0.38679744576563574
3423,0.6398896333307553
3424,0.47803507973641096
3425,0.5124414401442753
3426,0.475140509486939
3427,0.5637154640219864
3428,0.47972282791429055
3429,0.751512934809267
3430,0.458135344767744
3431,0.46666314307065815
3432,0.40854836991345206
3433,0.3285743949307899
3434,0.5828899597132801
3435,0.7152693246427801
3436,0.4754086896482942
3437,0.5411962094842503
3438,0.407763125810619
3439,0.45223148552877485
3440,0.5063767154028609
3441,0.397913904135359
3442,0.45688968607316205
3443,0.507514345368207
3444,0.5663414319331606
3445,0.5197982105901908
3446,0.6380015073414347
3447,0.5303905105801712
3448,0.5421951612504659
3449,0.5569702796879321
3450,0.42245184320336193
3451,0.3817511369577765
3452,0.43649720009817466
3453,0.4555067753538032
3454,0.5005977708948179
3455,0.49278911582795565
3456,0.6007635878689737
3457,0.5117160606996725
3458,0.47418013254289976
3459,0.4179571148114704
3460,0.6606598947832737
3461,0.5126337968246003
3462,0.4225369920720448
3463,0.75660037799386
3464,0.4953134824179573
3465,0.5245951991254402
3466,0.7810766813856621
3467,0.6029378933149233
3468,0.6082939626526097
3469,0.44156652036456523
3470,0.5897848673126544
3471,0.5049248968473314
3472,0.5238317050235758
3473,0.5432968611976214
3474,0.4370857654461817
3475,0.5339272284615435
3476,0.5138291142906001
3477,0.5411071649396888
3478,0.5637751915859038
3479,0.7116398883714605
3480,0.6192548578606557
3481,0.5107550886786931
3482,0.48855172395414886
3483,0.7180694378172873
3484,0.4271194113143779
3485,0.7156432465167059
3486,0.46521947799184854
3487,0.7407263911056929
3488,0.5807672208738025
3489,0.6163244207235683
3490,0.3910690684698414
3491,0.5906047452468751
3492,0.39260629369827427
3493,0.34883194819492164
3494,0.6589754121252631
3495,0.7639140894666632
3496,0.5073737554790102
3497,0.5491772064444823
3498,0.6219709190015861
3499,0.5144434417767445
3500,0.6361147785529473
3501,0.5233984107980543
3502,0.5677033301461536
3503,0.3585622529533332
3504,0.39332898444015446
3505,0.5795847445176577
3506,0.620771111439266
3507,0.47768900243326684
3508,0.6172310232432908
3509,0.7031905730854445
3510,0.5223968589606339
3511,0.35085567109336374
3512,0.5076760675553667
3513,0.4594139354903064
3514,0.5865466947624903
3515,0.48415748062875746
3516,0.36951112478070747
3517,0.3275468135033821
3518,0.46875867393052395
3519,0.32554634422161616
3520,0.4452056150708101
3521,0.5180969492661377
3522,0.4062886786222322
3523,0.4323450395192211
3524,0.4548571906113522
3525,0.49729220265482005
3526,0.5585469159381039
3527,0.44288624627511985
3528,0.6198029923983412
3529,0.524014570005798
3530,0.5164932236514979
3531,0.6709211446700746
3532,0.5890949553180213
3533,0.42894558593951493
3534,0.4346196562049851
3535,0.47927323793428633
3536,0.43581379495938016
3537,0.4752199611473228
3538,0.6866570267862109
3539,0.5796528166311216
3540,0.4439291230854686
3541,0.4886698180693247
3542,0.48604494453309316
3543,0.6082019023802673
3544,0.48558389227744997
3545,0.6700699226403025
3546,0.8481990051345148
3547,0.40207658245211775
3548,0.567208420183772
3549,0.6526689240975206
3550,0.5455635446919112
3551,0.4195275613270445
3552,0.7108797781563042
3553,0.48056618513678295
3554,0.5860423918754916
3555,0.6078089544833866
3556,0.4862429226637948
3557,0.4327716452274428
3558,0.4491868870325022
3559,0.43946833453920436
3560,0.6918689845647501
3561,0.4827565401998706
3562,0.4726929973537726
3563,0.6878480119883139
3564,0.5067206406665932
3565,0.4918285218622494
3566,0.594253565022962
3567,0.7304137252909141
3568,0.6268007937590763
3569,0.5529992271915267
3570,0.438723870667756
3571,0.49595494274985275
3572,0.4115085817182909
3573,0.4032078218701151
3574,0.44254632797542415
3575,0.5509828082828006
3576,0.5259952708515389
3577,0.5361261480368584
3578,0.5489700240908583
3579,0.5409432592052356
3580,0.5229943536863717
3581,0.6001741544823792
3582,0.6324812910212979
3583,0.5556541162653555
3584,0.5960773693070002
3585,0.5371721207962589
3586,0.4943254963068893
3587,0.711850609340425
3588,0.4124528020902078
3589,0.33078411398218094
3590,0.45372931494213903
3591,0.3648545832839426
3592,0.45314816776531636
3593,0.4596397880375123
3594,0.6000976094647725
3595,0.35684293256236155
3596,0.6434180274979577
3597,0.39712231376429474
3598,0.4673597780052069
3599,0.44036293315374997
3600,0.5346998031789356
3601,0.5899858215525191
3602,0.5714207438258433
3603,0.5305234969119421
3604,0.46825416895607713
3605,0.48807552185854386
3606,0.4849127241633164
3607,0.5085117816392366
3608,0.6024494590167049
3609,0.6240524260408953
3610,0.6136372806522075
3611,0.4635744964819252
3612,0.8446484414009265
3613,0.41106233926856417
3614,0.49133655944268945
3615,0.46679956988193383
3616,0.49749114321658605
3617,0.3651038023536586
3618,0.5089556012174432
3619,0.5195688576737139
3620,0.4935712458160515
3621,0.5910121579066824
3622,0.6138825695776796
3623,0.594884619844795
3624,0.29576010558090193
3625,0.44180832739365017
3626,0.47162468274581915
3627,0.5171187107922733
3628,0.5119574537322611
3629,0.4411558928069161
3630,0.6992234303411945
3631,0.40243078346084143
3632,0.46629652939148797
3633,0.5442695178213224
3634,0.43163927517075945
3635,0.44857386081352985
3636,0.3049853955524332
3637,0.5729393609104256
3638,0.5866492586621969
3639,0.5612586145287827
3640,0.6341274721165847
3641,0.5970366752347667
3642,0.5921849617367136
3643,0.5064683181931088
3644,0.6062658908180333
3645,0.5486453862157257
3646,0.6223814777791921
3647,0.42715215134049234
3648,0.4513466522508972
3649,0.4928018452172022
3650,0.4740115182629821
3651,0.27935035783476636
3652,0.38988201603922384
3653,0.5090298866187328
3654,0.46252754688774034
3655,0.43662128777778697
3656,0.5142998613307158
3657,0.47718007936672124
3658,0.6044337019179601
3659,0.4753468424778702
3660,0.6113034020322846
3661,0.38806348592715867
3662,0.4627741594186985
3663,0.5109710709885239
3664,0.44689807427349715
3665,0.45380540203235353
3666,0.43453417896623714
3667,0.45233865293114994
3668,0.5598176706447101
3669,0.5469652550103847
3670,0.4826604805983763
3671,0.5262065440396205
3672,0.32919110279524766
3673,0.4597088200953678
3674,0.42289659202002705
3675,0.555362652152332
3676,0.5810946394022041
3677,0.487386089700252
3678,0.5381695230029162
3679,0.5812435674548014
3680,0.527357904697281
3681,0.5548273578690012
3682,0.39485460367956154
3683,0.5135691953103284
3684,0.5113138910557535
3685,0.479333896769348
3686,0.4434288783379735
3687,0.6890397352884217
3688,0.46576637838640544
3689,0.5846409267363448
3690,0.4309765890895487
3691,0.5059010307311308
3692,0.5885043837740064
3693,0.6069442650113499
3694,0.46551860497698117
3695,0.36551651775999033
3696,0.42482196992811905
3697,0.5281542368352653
3698,0.5517055745468977
3699,0.40135131362360865
3700,0.41829064049756004
3701,0.6051787753053066
3702,0.679594995973096
3703,0.7044346752020899
3704,0.517154282220114
3705,0.6798466185436258
3706,0.581219304079158
3707,0.42473275866171356
3708,0.5457125776361755
3709,0.44695613167888637
3710,0.4416176569221334
3711,0.565346007603984
3712,0.49561831156578867
3713,0.7184235386766061
3714,0.5782645889896054
3715,0.5442980339146092
3716,0.2807237113791382
3717,0.6818539879205548
3718,0.6044716962358438
3719,0.4867601314892984
3720,0.5230698529729954
3721,0.6131433801763584
3722,0.5995646085555691
3723,0.3954184417048059
3724,0.6835531165258808
3725,0.4230260950976459
3726,0.6487585572184505
3727,0.5172129896949317
3728,0.42607291779534784
3729,0.491675935631646
3730,0.8049860998807885
3731,0.492931702231135
3732,0.6316655667050884
3733,0.5010448479018654
3734,0.47739418517732757
3735,0.6196164390499415
3736,0.5406111532420251
3737,0.3917549954285759
3738,0.557636926493187
3739,0.4924053244176806
3740,0.6392596623745539
3741,0.4605455650965671
3742,0.37219263138795255
3743,0.5690840196317153
3744,0.3752733669066297
3745,0.5630830748569167
3746,0.4975127287309324
3747,0.4312430897075617
3748,0.4206758688417291
3749,0.7347692619025198
3750,0.6105233890166244
3751,0.4910500594030725
3752,0.4900006105961343
3753,0.4990043218415821
3754,0.43147969703612293
3755,0.4527068187448215
3756,0.5329769337214534
3757,0.4297423570653763
3758,0.42922069792570616
3759,0.4491724513912697
3760,0.5757399320871027
3761,0.5041171086009915
3762,0.46758336816834656
3763,0.4655063595819426
3764,0.5278407612930096
3765,0.5285804873327837
3766,0.6854820380828566
3767,0.4823709711147424
3768,0.6729698460353367
3769,0.554192540634448
3770,0.5732865714168336
3771,0.5733882093682148
3772,0.55023743653053
3773,0.678175607915593
3774,0.5494043328064548
3775,0.37809153051866534
3776,0.5004250871226948
3777,0.49305310669920904
3778,0.5473569943748706
3779,0.5922586610536106
3780,0.4823864632450202
3781,0.5520622790182284
3782,0.4678532735728863
3783,0.42265470908236435
3784,0.4412592280662836
3785,0.5416273004349302
3786,0.5353011493288835
3787,0.6145150460139742
3788,0.7408162142435237
3789,0.5076833082246379
3790,0.5761192737318286
3791,0.5524933653414381
3792,0.4389395672375678
3793,0.47428789683317474
3794,0.6035684193688812
3795,0.2950576632353757
3796,0.6135419844320652
3797,0.5362581788811185
3798,0.4688855827369692
3799,0.5471630692268791
3800,0.42329968729930995
3801,0.5989366517421564
3802,0.44403478895385257
3803,0.4837686221869448
3804,0.49821808952383906
3805,0.5482074181185826
3806,0.47786522732356185
3807,0.44722877705548825
3808,0.5927745187252247
3809,0.7431332542374913
3810,0.4674633679775019
3811,0.5152370230180657
3812,0.5529997750647867
3813,0.48141103287525616
3814,0.5570980320426355
3815,0.4643311296639443
3816,0.44260474274873796
3817,0.42071610727267394
3818,0.4093841163453183
3819,0.5470446863896533
3820,0.6906917676416754
3821,0.4785111410422647
3822,0.5155145703712576
3823,0.4602862938428661
3824,0.6407457980663547
3825,0.5450938877159826
3826,0.7150530137565533
3827,0.48059497553416136
3828,0.5779715223282487
3829,0.53513037325295
3830,0.4398351779175941
3831,0.49902588478746646
3832,0.48008575133411413
3833,0.5777092682343151
3834,0.5418779573366109
3835,0.41705828610623175
3836,0.4516100698523212
3837,0.4979686493192484
3838,0.3752128831265085
3839,0.5092977224651604
3840,0.5444712565955039
3841,0.4416455813976137
3842,0.5156974839824132
3843,0.3912262926611995
3844,0.5452791043468882
3845,0.5692721254946365
3846,0.5229829182825332
3847,0.48759896361128796
3848,0.4994914126600452
3849,0.45636621904296065
3850,0.4976818663592036
3851,0.5707773447934625
3852,0.42329166967149573
3853,0.8469692024078284
3854,0.5196533572378946
3855,0.5789771329108139
3856,0.5089296132462398
3857,0.42243549000553954
3858,0.6483557518506213
3859,0.617520152406726
3860,0.5353470887263123
3861,0.5242549159781521
3862,0.4559588952899196
3863,0.4870242985427494
3864,0.5272999811793018
3865,0.49374895144741515
3866,0.48227812869060843
3867,0.5895727640559987
3868,0.463652317571047
3869,0.5829309526746357
3870,0.5526966494029768
3871,0.4854415184165296
3872,0.4456261778016114
3873,0.7195589788618673
3874,0.4291983341980412
3875,0.527580065881859
3876,0.5862044518810071
3877,0.5210232067844396
3878,0.394461576627449
3879,0.4363450127495375
3880,0.651345696056967
3881,0.4473912400726154
3882,0.4700831543511287
3883,0.46422529354134456
3884,0.5581709025038445
3885,0.4469717348054649
3886,0.44003547563404466
3887,0.5071278451409655
3888,0.5396984850692732
3889,0.5342875156660352
3890,0.5668526651149739
3891,0.4563221834204127
3892,0.532247478799795
3893,0.5493508244768536
3894,0.5612461906618752
3895,0.5270210081185263
3896,0.5026669566811297
3897,0.3867243973540335
3898,0.493090058447586
3899,0.3947953153385285
3900,0.5496075677500853
3901,0.46738102302086926
3902,0.5396220170720122
3903,0.5095645704343921
3904,0.5241021510223698
3905,0.5463619046930926
3906,0.6399674326678444
3907,0.5561951413537489
3908,0.6306941008789122
3909,0.6016864301640149
3910,0.4373687622494283
3911,0.3858184946846387
3912,0.5394356549949829
3913,0.5100881426423637
3914,0.49983368598392564
3915,0.4973218944142859
3916,0.5613282293482426
3917,0.5997069418218864
3918,0.419498683949962
3919,0.4461234831285001
3920,0.6662723185294863
3921,0.3953824808613764
3922,0.3578299123763546
3923,0.8075732837900602
3924,0.6234642749333849
3925,0.4679487892444956
3926,0.3611048655542825
3927,0.42855401267511034
3928,0.5242211524876652
3929,0.5523504891785744
3930,0.5940041498938272
3931,0.3697095211448311
3932,0.41487904001221887
3933,0.5350642682710683
3934,0.8689344026142705
3935,0.6133410424942293
3936,0.43088976649299643
3937,0.3385241366857932
3938,0.31912395685101813
3939,0.46598946557245857
3940,0.47987419954331384
3941,0.4716673628777734
3942,0.5688017971729933
3943,0.4216489865011458
3944,0.36164701454396253
3945,0.5820234245701238
3946,0.39943805558604173
3947,0.5257441369860524
3948,0.4969455685780528
3949,0.5232452634963518
3950,0.41310307237617994
3951,0.5972069420522048
3952,0.44537024670077285
3953,0.44675923133192846
3954,0.5487988192359408
3955,0.4128563728553266
3956,0.6066710869000258
3957,0.5548068214843254
3958,0.46162890184383726
3959,0.4878966390049926
3960,0.7421065387739947
3961,0.5819738326423259
3962,0.5026202950398769
3963,0.4335180888015719
3964,0.4260712378855128
3965,0.5038304788919984
3966,0.5673165782139515
3967,0.3879864519472266
3968,0.47614074296286485
3969,0.38800603428832947
3970,0.512462940888767
3971,0.45877013338353145
3972,0.5453031401310313
3973,0.46207570087654765
3974,0.4531684927105927
3975,0.4745513019290943
3976,0.44908657586569856
3977,0.5765271628684819
3978,0.3971625047422088
3979,0.6046647320499849
3980,0.49784762267599186
3981,0.5120353953895913
3982,0.5052899652482864
3983,0.47318052202864613
3984,0.5031253648248784
3985,0.4866973694233555
3986,0.5478344923002497
3987,0.4411683770115215
3988,0.4929484194129441
3989,0.2856070035394998
3990,0.40419185067853924
3991,0.5656610416257603
3992,0.5349354919324223
3993,0.44523935686396143
3994,0.5588258437191297
3995,0.4987593197034924
3996,0.44603992899260547
3997,0.5372953287448365
3998,0.36374982637971587
3999,0.49514934250742604
4000,0.47454402265293
4001,0.5453713544223748
4002,0.4261711176972665
4003,0.6135683887150559
4004,0.45460141528479897
4005,0.5715343703485021
4006,0.5889978768037902
4007,0.5028583251846604
4008,0.41991313729613666
4009,0.5939086715230718
4010,0.5101938116806922
4011,0.5639407527406792
4012,0.5455275975764854
4013,0.4646785965841117
4014,0.3740678593310117
4015,0.4647963840525983
4016,0.5435793776070988
4017,0.4732784314610678
4018,0.37273301215159926
4019,0.542874784119251
4020,0.27938770910383526
4021,0.4578877088516126
4022,0.43666559637672575
4023,0.47542249201825104
4024,0.47480827862134023
4025,0.47811191729960517
4026,0.47871717287028787
4027,0.5056066065664824
4028,0.496019278045256
4029,0.6365683946118357
4030,0.3763924939024796
4031,0.6047717779027099
4032,0.46855629102607127
4033,0.5298938697884272
4034,0.35811474121533354
4035,0.4731606834589266
4036,0.532743586047888
4037,0.6427995551501977
4038,0.4649351977118334
4039,0.4586532671921194
4040,0.5099850110884249
4041,0.6232902796628944
4042,0.49637805290326975
4043,0.48594906026855805
4044,0.526890016150023
4045,0.5673258520544892
4046,0.5674646182450199
4047,0.5960106673239156
4048,0.5323193312271558
4049,0.3558067543588449
4050,0.44491398222347134
4051,0.4570988745588882
4052,0.5964792802276623
4053,0.5442727689565656
4054,0.5716310045648302
4055,0.28870793997445127
4056,0.41811234520359847
4057,0.8396997714413731
4058,0.4692274572974676
4059,0.40562361787994866
4060,0.48946481880141474
4061,0.41515943917199283
4062,0.5103210166202496
4063,0.3830845080290302
4064,0.4521369797072731
4065,0.45562273095952127
4066,0.69958058265277
4067,0.5989939093700383
4068,0.5261189927751857
4069,0.4942984937172431
4070,0.6332015890734615
4071,0.4293975380325985
4072,0.4402066978441266
4073,0.4519145415222806
4074,0.4796582846088704
4075,0.522012038351481
4076,0.5014346893473083
4077,0.5445869330212231
4078,0.6927439605286743
4079,0.44401918868408446
4080,0.3874789310882952
4081,0.48789199403215106
4082,0.46502497795058284
4083,0.5472844460150683
4084,0.6457788304041998
4085,0.4668670839932873
4086,0.4437002265723642
4087,0.4046721559666092
4088,0.563473541039853
4089,0.4624905569691446
4090,0.6133256121966074
4091,0.5732752767136371
4092,0.5775501471380806
4093,0.45199946235211713
4094,0.40633083798208947
4095,0.6712146168916094
4096,0.4642399970055059
4097,0.4258339538871583
4098,0.5631794101166656
4099,0.46806560995200064
4100,0.4940407265043102
4101,0.5482993771507747
4102,0.5348695667384823
4103,0.5356047455195203
4104,0.3927450706817221
4105,0.5766836758206692
4106,0.45415454213973633
4107,0.6271979295410474
4108,0.5184804697405674
4109,0.4713138496487993
4110,0.49735209524450513
4111,0.49173034921948167
4112,0.43349805374160355
4113,0.7968738061992502
4114,0.49043840431449093
4115,0.52419915577225
4116,0.6785691900312047
4117,0.5653368386183145
4118,0.4799475213731026
4119,0.4815916308675308
4120,0.6217439268407259
4121,0.497829111595275
4122,0.3862991314980675
4123,0.3436961245315649
4124,0.7597933502084948
4125,0.29390257505117556
4126,0.4923003084252649
4127,0.47229076033487005
4128,0.5509887775193185
4129,0.4031771217056679
4130,0.5988477063259355
4131,0.5322020223900803
4132,0.769145923244702
4133,0.44513185103387265
4134,0.721177103689871
4135,0.4117082827584596
4136,0.6308743974639254
4137,0.45463250045728343
4138,0.46638729061099893
4139,0.4416953910652525
4140,0.6340156178040348
4141,0.4464926415226091
4142,0.43183147132998834
4143,0.4054226981301905
4144,0.5064894049123667
4145,0.5467631817873893
4146,0.4108450957964405
4147,0.6243698920163934
4148,0.4547547455444582
4149,0.5192706497361006
4150,0.3818826763711818
4151,0.458821016324088
4152,0.4134065843029684
4153,0.5799053164728629
4154,0.538265565631962
4155,0.49311736394471095
4156,0.5879828317594424
4157,0.5094537668344801
4158,0.8023839663191847
4159,0.4854436532175447
4160,0.7252610517069055
4161,0.37182946801736216
4162,0.5687850119525854
4163,0.48369542382434516
4164,0.5548807297228187
4165,0.3982610113992559
4166,0.46519313052743866
4167,0.5418994146115576
4168,0.545636388333274
4169,0.400102550419865
4170,0.5487793250141637
4171,0.5055158696046756
4172,0.5079116828364968
4173,0.5929427562276235
4174,0.5220178902108179
4175,0.48711148470761545
4176,0.52293023700832
4177,0.510506451584634
4178,0.45132665601406535
4179,0.6200492988412184
4180,0.3651340641186015
4181,0.552166805231206
4182,0.5016222851848963
4183,0.3224057669922285
4184,0.4337359611603119
4185,0.46488121769199225
4186,0.6082824510045872
4187,0.3652393291373588
4188,0.503354994002978
4189,0.6408002616900155
4190,0.5798537196415297
4191,0.4979417501030141
4192,0.5401097864656511
4193,0.5818871083547971
4194,0.5354754857016861
4195,0.3307335115573037
4196,0.520750051351261
4197,0.46003824198251636
4198,0.47834366308348253
4199,0.3671907754678167
4200,0.5068673908521978
4201,0.41235815424128375
4202,0.42091478952498035
4203,0.5005304818186881
4204,0.507230078161601
4205,0.5443411587223983
4206,0.5381668714455652
4207,0.5956385108698298
4208,0.4597233008218321
4209,0.49078034995001074
4210,0.4561976739759875
4211,0.47593311553888634
4212,0.5143901754973957
4213,0.44531485477207033
4214,0.5545121082073032
4215,0.6724132487011875
4216,0.26884445223922165
4217,0.49383067323473706
4218,0.6038248752731976
4219,0.49011301497503534
4220,0.5410254962997659
4221,0.5230040505061748
4222,0.5772321686488273
4223,0.5402969487095717
4224,0.3980705871329245
4225,0.46386686543967975
4226,0.5868686142143436
4227,0.4955068161433371
4228,0.41307522146225223
4229,0.831869016701853
4230,0.5641271267355726
4231,0.40960633363949467
4232,0.5214490078433252
4233,0.6983114473011687
4234,0.5504571018023747
4235,0.7752257252443966
4236,0.43999979228902314
4237,0.5947276744360567
4238,0.49412516865093115
4239,0.32658206629489195
4240,0.5223865086428625
4241,0.41186469551338856
4242,0.6054595554503766
4243,0.3967795984220311
4244,0.5108582103274528
4245,0.538474319104133
4246,0.5142055309270634
4247,0.5077294726016253
4248,0.6531866240820946
4249,0.5055059735275623
4250,0.4439614889675476
4251,0.7105535273389153
4252,0.6102192753522687
4253,0.5057144816448922
4254,0.5358270521224557
4255,0.4648423280263593
4256,0.42873491394624
4257,0.46419222501239676
4258,0.5682284774769036
4259,0.4930302038410872
4260,0.4744598005924588
4261,0.39624845217460614
4262,0.43167257995449765
4263,0.5872892075108181
4264,0.7399521661500443
4265,0.41999307910617295
4266,0.5965114986898787
4267,0.5704719722749334
4268,0.5828797745777077
4269,0.5599806958316909
4270,0.5592888351376185
4271,0.4014742517484063
4272,0.4613747480959311
4273,0.5033003070835741
4274,0.4786962115307395
4275,0.6541143857121534
4276,0.5198141387422124
4277,0.5303161457503581
4278,0.46084608778267405
4279,0.5021446804266474
4280,0.4455856702948625
4281,0.4852795211912168
4282,0.5501334650365031
4283,0.34214763428524064
4284,0.3842852624642963
4285,0.663365929879614
4286,0.39435408511091474
4287,0.6315639997944172
4288,0.5908886022537582
4289,0.5473942261148212
4290,0.5226693992170266
4291,0.7386266437357227
4292,0.6350622708116844
4293,0.5844960685446806
4294,0.5635976033219539
4295,0.5682231309192534
4296,0.5342961330695998
4297,0.4515740192332299
4298,0.6819446254253713
4299,0.4058755873154737
4300,0.5463417174330716
4301,0.44681140722044316
4302,0.6121539032178027
4303,0.49040736646810484
4304,0.5363051132880428
4305,0.6723240681621452
4306,0.4730068739832927
4307,0.5466763998425507
4308,0.6209668982513372
4309,0.36069769652030936
4310,0.6185927795490611
4311,0.6417273399308591
4312,0.5837953193617187
4313,0.48171732460435435
4314,0.5032835656616075
4315,0.42416778627635504
4316,0.5151615811809008
4317,0.47436175103913863
4318,0.4653679936872984
4319,0.5260922310307996
4320,0.7108120230470479
4321,0.5400303797845483
4322,0.6986479572943111
4323,0.7409187085991945
4324,0.41808856344636736
4325,0.5188400356290225
4326,0.5047567048514277
4327,0.3985983353642589
4328,0.5473527343923591
4329,0.6108065542599698
4330,0.4966493621107318
4331,0.4209052980949999
4332,0.5325361102777131
4333,0.3540440155517963
4334,0.4845393694585215
4335,0.5483992746232564
4336,0.5310170738555227
4337,0.5337891807856847
4338,0.5104089520319615
4339,0.4870327060718018
4340,0.46081366869910584
4341,0.5232391834899418
4342,0.6736947831760765
4343,0.5558667346471524
4344,0.5295161290882441
4345,0.6337588650176033
4346,0.38381127005860316
4347,0.4898298296392921
4348,0.4622057802968672
4349,0.6841762528837884
4350,0.3571738391449205
4351,0.5444833331421501
4352,0.4470169415070432
4353,0.47392060447185547
4354,0.5171947321933476
4355,0.41205712976707226
4356,0.55240283204962
4357,0.5168883889022854
4358,0.4979541140024074
4359,0.6407312690346008
4360,0.5204500567259586
4361,0.632164604641496
4362,0.3563401399476296
4363,0.5169168768620777
4364,0.47001175474021345
4365,0.6589524808273947
4366,0.5485665805100947
4367,0.488049634282749
4368,0.696554354363139
4369,0.5219772624849798
4370,0.39534396029515007
4371,0.5603535162429537
4372,0.4539221910747314
4373,0.6084500832410474
4374,0.5117738764117449
4375,0.48360915820555217
4376,0.42038923952055873
4377,0.4071808770657985
4378,0.4512555427316244
4379,0.6270755691696679
4380,0.3973266066899696
4381,0.43954754897810716
4382,0.4544080496484859
4383,0.41542145853129475
4384,0.4674019563323315
4385,0.5644787744869469
4386,0.4917855669409908
4387,0.4210065748078853
4388,0.5844052361471501
4389,0.5257668349417768
4390,0.4195757721701887
4391,0.5602573592018383
4392,0.35457528703702906
4393,0.5647647350465689
4394,0.4861045071648655
4395,0.5376997666498792
4396,0.49028191687023515
4397,0.6271982147707607
4398,0.6321859807059156
4399,0.515548399613183
4400,0.5450720268449973
4401,0.49866628290546017
4402,0.3624039750278101
4403,0.37749051205069245
4404,0.5173357145647128
4405,0.5818293231521289
4406,0.6063107021076677
4407,0.437795359987593
4408,0.7629567895374316
4409,0.4976073762769967
4410,0.4911486787035139
4411,0.4218678073095578
4412,0.4452846017102705
4413,0.4692546141848586
4414,0.5067012120097979
4415,0.48536562724909366
4416,0.5609070305218964
4417,0.5047400555082397
4418,0.48133121997865635
4419,0.6720807538246778
4420,0.5059902157964214
4421,0.5135052603694258
4422,0.414819942948068
4423,0.43898611681457456
4424,0.45949645224084934
4425,0.39576782045871917
4426,0.4672418942737549
4427,0.4423819773524723
4428,0.5540978081877439
4429,0.4343293540956697
4430,0.4539961946597459
4431,0.4360668432202928
4432,0.43273225790744074
4433,0.44327342350390175
4434,0.5937955490244585
4435,0.5232379358390807
4436,0.519953134143333
4437,0.5037263323767154
4438,0.4434092478224597
4439,0.48589651590182453
4440,0.5599141741172833
4441,0.5387703958500806
4442,0.4161552922671239
4443,0.5163756672784675
4444,0.506908302546142
4445,0.5828910112715358
4446,0.4512950367047208
4447,0.5395552702629529
4448,0.3367756087246573
4449,0.47732475702719124
4450,0.40810506829238136
4451,0.48354781885698217
4452,0.5048295187444243
4453,0.7168001292550344
4454,0.5245782408637509
4455,0.45032253885740897
4456,0.8439323206351517
4457,0.5984454513121116
4458,0.483453596947223
4459,0.46314538668021127
4460,0.5863027631028915
4461,0.5350258183943727
4462,0.5221275671384704
4463,0.5199782740894784
4464,0.608072284194958
4465,0.46094463483145864
4466,0.6162933030588318
4467,0.6988388594678212
4468,0.5765016341462974
4469,0.5476325117265993
4470,0.5543613229238991
4471,0.4174916846917263
4472,0.45508696783178737
4473,0.31491401145296327
4474,0.7115051759928818
4475,0.555328803419153
4476,0.3564198627073919
4477,0.5828375419698291
4478,0.5371801589881012
4479,0.5139807970096923
4480,0.4770953414841364
4481,0.3589614299932984
4482,0.505395776507623
4483,0.5405256987175105
4484,0.5218792184901574
4485,0.39127987194328584
4486,0.5753073446317987
4487,0.5590095631012023
4488,0.5230919547781411
4489,0.49036304891601346
4490,0.6181052157437265
4491,0.44424670624803203
4492,0.591482595156802
4493,0.5099054765517534
4494,0.7086364436029103
4495,0.49137837853087785
4496,0.580716825996514
4497,0.5749186782256753
4498,0.3801042984100739
4499,0.4422390376370252
4500,0.4831770345207349
4501,0.6378541335784589
4502,0.509537139469321
4503,0.48464827352422896
4504,0.5575406515416774
4505,0.3644522818637567
4506,0.37760336266882405
4507,0.2992229267549221
4508,0.570040765009778
4509,0.4950138335325897
4510,0.5242971271682568
4511,0.5955047928061965
4512,0.5175585416856451
4513,0.48407993824387174
4514,0.5157962639633495
4515,0.5500187687006394
4516,0.5576724173609439
4517,0.5601225033709517
4518,0.36580429350046184
4519,0.567853100514484
4520,0.5609999741696481
4521,0.42289684412587303
4522,0.5075762930975773
4523,0.4723126981239984
4524,0.47951342285476045
4525,0.45607293165799073
4526,0.5473499311378435
4527,0.5337334120089507
4528,0.45477792928606553
4529,0.604863547016216
4530,0.5557503188611269
4531,0.5618176587134578
4532,0.332635636266319
4533,0.3795709029160078
4534,0.4776004197261921
4535,0.5257924148247944
4536,0.5196195242414047
4537,0.5052993926763115
4538,0.6093666852493493
4539,0.3769279060731436
4540,0.5418775794326226
4541,0.5239703915276409
4542,0.47715595904090496
4543,0.44776304964198466
4544,0.508533942475088
4545,0.5967785043059995
4546,0.7683587636066082
4547,0.36916553367966676
4548,0.46491449066069684
4549,0.41013809496493525
4550,0.5485653545534904
4551,0.5488417633464462
4552,0.5324827919029502
4553,0.5820739756262103
4554,0.5741134176556251
4555,0.5483141682182558
4556,0.4167042347801022
4557,0.7248110177974219
4558,0.6120633377553365
4559,0.5542877530927384
4560,0.4902848969236856
4561,0.5998750580476341
4562,0.592999253021131
4563,0.49703123712132946
4564,0.5284843499776023
4565,0.3736324502089601
4566,0.39174831715431035
4567,0.3756242011649822
4568,0.49964162626182473
4569,0.47759421741627267
4570,0.5432398146634612
4571,0.4120230589487638
4572,0.49409555416583484
4573,0.38234860210660737
4574,0.4470566043690133
4575,0.4164657897049
4576,0.6130611860533114
4577,0.5527583284521135
4578,0.48082554297143903
4579,0.41004595553760975
4580,0.6120876676609169
4581,0.5124458823041926
4582,0.5100761268829838
4583,0.3343814104982592
4584,0.4066171611869693
4585,0.551655601405618
4586,0.6050096027323201
4587,0.48004675866750285
4588,0.4402368613061526
4589,0.46113390389838627
4590,0.34818881959127757
4591,0.51035923328248
4592,0.6115400358568455
4593,0.559247675749126
4594,0.6708960781614963
4595,0.41789395128430096
4596,0.548991771679276
4597,0.37511635421775236
4598,0.6228946446522777
4599,0.5280134357334585
4600,0.4160483716507123
4601,0.5742812836783152
4602,0.6192745926556869
4603,0.4466858449103169
4604,0.5850940203921716
4605,0.5530598565834633
4606,0.587192093921352
4607,0.5180699134149707
4608,0.3997438663679114
4609,0.46689809078890904
4610,0.5515061374574094
4611,0.38841281571167685
4612,0.4774273370330386
4613,0.6074401909407625
4614,0.4363069298558881
4615,0.5684910478188725
4616,0.49342076760665937
4617,0.5391006338249027
4618,0.5217514324603654
4619,0.5403715566220105
4620,0.5638176055439225
4621,0.5460521804475736
4622,0.5413716345103127
4623,0.658178001920837
4624,0.5142312023429843
4625,0.6378310429563934
4626,0.5952457250361842
4627,0.5489110431116913
4628,0.34053121016452725
4629,0.6045652077265039
4630,0.662797109973906
4631,0.6224601012456084
4632,0.5577131876082543
4633,0.5087074628845499
4634,0.564051425535553
4635,0.5005564317768952
4636,0.539903745468156
4637,0.4829829401108811
4638,0.5432017370624709
4639,0.5035488180052743
4640,0.5579928478867415
4641,0.5120591031729427
4642,0.4936379549398187
4643,0.2912659665534694
4644,0.5176698912331519
4645,0.47883947831292545
4646,0.562789133915951
4647,0.49194102070383255
4648,0.5152019571115257
4649,0.7942961926513629
4650,0.6776799757413038
4651,0.5889561346731023
4652,0.5696273383387045
4653,0.48494477081817533
4654,0.822289236148538
4655,0.45083335398540386
4656,0.4581075514174352
4657,0.5446980058660625
4658,0.3996972265669234
4659,0.36315961638325084
4660,0.3612935123169353
4661,0.4556488106806474
4662,0.37561397952380715
4663,0.4319577698477492
4664,0.5544380708048867
4665,0.3932325142524423
4666,0.6868588514928121
4667,0.4113844656373075
4668,0.5668084474269455
4669,0.5960423368919682
4670,0.5196471018798128
4671,0.4619775956649066
4672,0.6389173636099212
4673,0.538603053476213
4674,0.3845221947184775
4675,0.5280617949000436
4676,0.40312842458055664
4677,0.6897776871888703
4678,0.5308832602522671
4679,0.39658106323209374
4680,0.510706028619039
4681,0.5153753932062037
4682,0.5255259137021654
4683,0.5593095534445586
4684,0.45793639327983576
4685,0.5961324799530149
4686,0.4517663734624252
4687,0.3783451626533777
4688,0.49022512957984304
4689,0.6821431668078672
4690,0.48664702546930244
4691,0.48551539916049746
4692,0.3173864934104089
4693,0.5961343246467914
4694,0.4877782605539214
4695,0.4998264664257725
4696,0.7065197489364154
4697,0.6149227153921695
4698,0.49503072299294326
4699,0.551489381081943
4700,0.5411247774315017
4701,0.6678599340972516
4702,0.46529084084605526
4703,0.48188511988881466
4704,0.45748809652820827
4705,0.7532806654525318
4706,0.5779666093302851
4707,0.5878097812951686
4708,0.6540291423200006
4709,0.5423218521502818
4710,0.5733306220925518
4711,0.5204292296387054
4712,0.6285606566686405
4713,0.47319841249592604
4714,0.4982971381668846
4715,0.5023962673649639
4716,0.8117112082831337
4717,0.5029232873065625
4718,0.5445543554306087
4719,0.3785923510497128
4720,0.41483694025878126
4721,0.5113870874588775
4722,0.5608930659018821
4723,0.5751853081564928
4724,0.615147136855059
4725,0.5553060633760941
4726,0.612542799347454
4727,0.42325680983610353
4728,0.5022005291439331
4729,0.5132685338869301
4730,0.5458280389998611
4731,0.5148321850913457
4732,0.4618954519071375
4733,0.6199876893354634
4734,0.38631883921839727
4735,0.4713221134584992
4736,0.4432133517257136
4737,0.46136783192372705
4738,0.7092856759694677
4739,0.44650477913184206
4740,0.5636076777981371
4741,0.4609541374523332
4742,0.4583073019700471
4743,0.5437603731027602
4744,0.5747436950916324
4745,0.36286096499934345
4746,0.4912930680681932
4747,0.534171966967076
4748,0.5197291588577905
4749,0.5639855988288902
4750,0.5429704504831233
4751,0.4362988740532973
4752,0.5468366922342044
4753,0.42988897655669034
4754,0.5486917347446372
4755,0.46409187772904015
4756,0.5163056218915957
4757,0.580414208369067
4758,0.34562989022044527
4759,0.6663087695588763
4760,0.32106028177020646
4761,0.4939521047401341
4762,0.6699304933347288
4763,0.6679120219116923
4764,0.4463576214660224
4765,0.7831579765433834
4766,0.3901030856043296
4767,0.2859729271327962
4768,0.5643784947993531
4769,0.31555166315867594
4770,0.33812154266041117
4771,0.4697251574773321
4772,0.4541419737673831
4773,0.5182866662891141
4774,0.46682687945557705
4775,0.6439518088678832
4776,0.3925481964201908
4777,0.5469344924275151
4778,0.5366375424014215
4779,0.7488070138394773
4780,0.3812082541080034
4781,0.6738426326174147
4782,0.4398461650946053
4783,0.3832196593325228
4784,0.49452439118392394
4785,0.5627572599601594
4786,0.5410834121231323
4787,0.6539196500507015
4788,0.5812194214603144
4789,0.4839276390246472
4790,0.6404351254208343
4791,0.4399438503351643
4792,0.49402492442635865
4793,0.5522019138055493
4794,0.5411581507264612
4795,0.7136599083670351
4796,0.46743409534671254
4797,0.4956937316299883
4798,0.41090710051551355
4799,0.6329644587716912
4800,0.5105289001770509
4801,0.6228748797089473
4802,0.4214956769469139
4803,0.5636756675528897
4804,0.5130308243926915
4805,0.7440935971019269
4806,0.6068286189785784
4807,0.49083805702927774
4808,0.4739958170832704
4809,0.4744722437138549
4810,0.5346387094902748
4811,0.3159865826421344
4812,0.3487889446318353
4813,0.3801300937277416
4814,0.55482038606642
4815,0.6737213314841516
4816,0.40745489874461804
4817,0.4604227660550173
4818,0.5693036959076445
4819,0.6434192539769397
4820,0.4006498495093767
4821,0.5209215857018172
4822,0.5272385557750564
4823,0.7057446383179066
4824,0.548754866469806
4825,0.47801451441743115
4826,0.603443397733786
4827,0.5118697077675596
4828,0.5050470969805924
4829,0.3997267956930625
4830,0.4587825777169299
4831,0.5096286591716003
4832,0.6060925414351657
4833,0.4735432525737559
4834,0.4462326723222443
4835,0.4714720073989622
4836,0.4870378876410454
4837,0.43753735720219306
4838,0.5057714774806936
4839,0.5104005515649699
4840,0.36745239362974497
4841,0.6228116492516369
4842,0.5755492592655177
4843,0.5634009386860545
4844,0.5692331358937406
4845,0.4502564688410309
4846,0.5520951064286638
4847,0.6049239913076006
4848,0.4694971002336714
4849,0.6215029198807953
4850,0.4683746143400919
4851,0.4923965694639335
4852,0.4950051084943472
4853,0.7226425691739352
4854,0.5417015507653148
4855,0.49664427186756693
4856,0.4634780420708603
4857,0.43407803826334146
4858,0.5619415760805797
4859,0.6484870789401782
4860,0.5485791780132022
4861,0.2849069851651088
4862,0.554134295333895
4863,0.5426025767778847
4864,0.5848242565280386
4865,0.3554441812788487
4866,0.548763316257387
4867,0.5444833403749361
4868,0.42255332348692043
4869,0.3086711925258806
4870,0.594168279024211
4871,0.4942761685430196
4872,0.7199276208085043
4873,0.5526954751446612
4874,0.49555922997966595
4875,0.5016976950071229
4876,0.6863571738570253
4877,0.4155040171368625
4878,0.5324020590758352
4879,0.4805877841837511
4880,0.5462069626327348
4881,0.5706392147479802
4882,0.7103035994540016
4883,0.553524965166305
4884,0.33497081953482294
4885,0.3295791262650018
4886,0.5607965475690393
4887,0.4852880243959061
4888,0.5604949340345905
4889,0.5577406174153433
4890,0.46999780974204075
4891,0.5162181121574434
4892,0.4205548734674076
4893,0.5253648835140509
4894,0.5679629669790428
4895,0.5255516782008571
4896,0.5163445073561015
4897,0.36886622353029475
4898,0.4956844589839808
4899,0.4966275875954975
4900,0.4802451637435918
4901,0.4604917133884683
4902,0.6530863555298461
4903,0.5751755084593995
4904,0.385240392732345
4905,0.5324634545388698
4906,0.5182127368425163
4907,0.5618980004957463
4908,0.5597336622523141
4909,0.5059017427782284
4910,0.4974334790277693
4911,0.45357565484103174
4912,0.4139360821031086
4913,0.5077573238479144
4914,0.4914875368520596
4915,0.5591301132271506
4916,0.4604938797207158
4917,0.5578603034702747
4918,0.7873182970614281
4919,0.43263115407108677
4920,0.6060084771446969
4921,0.6326603082627974
4922,0.5378985560946272
4923,0.4452122766598388
4924,0.44312789719212503
4925,0.5558339782778118
4926,0.3558857336430108
4927,0.6119367540526732
4928,0.4604278528413891
4929,0.5031443927791546
4930,0.45148013829077965
4931,0.7552026267905219
4932,0.5309945451105871
4933,0.46791612445478786
4934,0.43886941435642385
4935,0.48870305418544585
4936,0.5596460666687736
4937,0.39991215408465997
4938,0.579228252370647
4939,0.5422935396318328
4940,0.5534165379650439
4941,0.4621941682694564
4942,0.5417438939606272
4943,0.5500729172265495
4944,0.56983420367378
4945,0.6208579629185104
4946,0.5772615126031184
4947,0.440491372289662
4948,0.41499117543170044
4949,0.42099374953427354
4950,0.5416800043024168
4951,0.42149277969791504
4952,0.4907262254371852
4953,0.37994203267406035
4954,0.5315120692411491
4955,0.4945808004542686
4956,0.38708642449683706
4957,0.37809279101075244
4958,0.38959521911868794
4959,0.46912800452588954
4960,0.43011430332903167
4961,0.4715973184913823
4962,0.5122968989808887
4963,0.5189587995558773
4964,0.5843836240476972
4965,0.36462728482586637
4966,0.3770497359188733
4967,0.6569915821551198
4968,0.45674367857012343
4969,0.6773988127244284
4970,0.3555737465606718
4971,0.49050621488769625
4972,0.4734715160942452
4973,0.4930872659427366
4974,0.5581446337422447
4975,0.6461964154349931
4976,0.41850243708332446
4977,0.7262803635882022
4978,0.5812341921310813
4979,0.42401841135870355
4980,0.5343832942030456
4981,0.6036154150127058
4982,0.45825615414744947
4983,0.4804162568295191
4984,0.4484270208710406
4985,0.39042674060080207
4986,0.5089894329995538
4987,0.42773247132395376
4988,0.6181769696910545
4989,0.36283226514026795
4990,0.5233234057961519
4991,0.581814862414256
4992,0.5326761548310435
4993,0.47655553490852953
4994,0.4898074303943424
4995,0.6161853782830652
4996,0.4890485499816748
4997,0.44239553565587253
4998,0.505222263243935
4999,0.5767644799204635
5000,0.4853134249320681
5001,0.49223760547160067
5002,0.4521466407144925
5003,0.4938563850246148
5004,0.5637877277594621
5005,0.4879142753072733
5006,0.38902706184038155
5007,0.47668190968366114
5008,0.6502725831674435
5009,0.6652856822829959
5010,0.41610602809616987
5011,0.44046704485664523
5012,0.5408274802872826
5013,0.4790927956711427
5014,0.4749956636980399
5015,0.4932462674932933
5016,0.4913927452487519
5017,0.6164675467723517
5018,0.43292640455432885
5019,0.4818886346347603
5020,0.3679621360804335
5021,0.6355135827221764
5022,0.4101728842036378
5023,0.6036231616624345
5024,0.38002219189495057
5025,0.39653555676836416
5026,0.48940521280058225
5027,0.5622370062035922
5028,0.5807771662930136
5029,0.38324715289707256
5030,0.5514757248586342
5031,0.41407587955232794
5032,0.46071737753478176
5033,0.5767926492573396
5034,0.527151991966581
5035,0.5790788788674628
5036,0.48445311106178807
5037,0.4314605980455467
5038,0.40353693179059297
5039,0.6701626386011204
5040,0.7604642370644731
5041,0.5380011482226904
5042,0.6077512660853996
5043,0.42609492908290164
5044,0.3554431344276515
5045,0.49940096445585647
5046,0.5443292794966802
5047,0.5325331204572783
5048,0.4509537985183366
5049,0.4427819538016635
5050,0.574689228475834
5051,0.5628841148223661
5052,0.4279796033763581
5053,0.5717476158965127
5054,0.4327670356344113
5055,0.43481104831576356
5056,0.43441411045198774
5057,0.530578654507593
5058,0.4433736571869263
5059,0.6811831591179105
5060,0.5010712969479499
5061,0.48523147493226876
5062,0.6886229643759378
5063,0.48754239546610534
5064,0.4510641122279019
5065,0.4478646072526964
5066,0.36314215036960085
5067,0.46887165118045615
5068,0.5986669334198023
5069,0.33034402390459405
5070,0.41082369528227297
5071,0.4215167724184622
5072,0.43591641843731277
5073,0.6020430190027464
5074,0.47905844839200745
5075,0.5833450677658262
5076,0.5729257320905309
5077,0.4247795598382833
5078,0.4534956420091614
5079,0.504430715789033
5080,0.49405843804273
5081,0.5112845500835382
5082,0.4291336685810676
5083,0.4909358726112353
5084,0.5074489642876058
5085,0.6320762221593522
5086,0.502009023582008
5087,0.44351384930204885
5088,0.5021223655507783
5089,0.6357261934023062
5090,0.4221312391841967
5091,0.39576352876272075
5092,0.4962176185864385
5093,0.41615286609671776
5094,0.4980134759809893
5095,0.54579324063688
5096,0.618591916641203
5097,0.44775376476092743
5098,0.5884675485325301
5099,0.4624815288296098
5100,0.3496327302658314
5101,0.5322247776292451
5102,0.4840817775220515
5103,0.6157132510862607
5104,0.4489817153001758
5105,0.4971832333142641
5106,0.5258473148310401
5107,0.3681293298933167
5108,0.4542778174348879
5109,0.6609587008601367
5110,0.4716362678147256
5111,0.5673986005131484
5112,0.682522773977012
5113,0.4776842037971359
5114,0.3267538410980071
5115,0.4232677705548465
5116,0.6070991319161498
5117,0.5542159514068965
5118,0.39782863798435786
5119,0.49363129105804593
5120,0.3369774959237775
5121,0.4247247454983877
5122,0.5505599755633822
5123,0.7702442299484454
5124,0.5606055147213669
5125,0.4266450246329855
5126,0.508701608124053
5127,0.6561068033048593
5128,0.7145469970379729
5129,0.5037954888272625
5130,0.5514512126587487
5131,0.4318532430309402
5132,0.49913641155074207
5133,0.5748495100693031
5134,0.3701059719163427
5135,0.43808142760595586
5136,0.43889537059535877
5137,0.4262780436012411
5138,0.3433846654623502
5139,0.33544742414230067
5140,0.631103885963209
5141,0.4836459777231637
5142,0.4985568378115958
5143,0.5056651001636664
5144,0.6701109063864615
5145,0.4465747963801626
5146,0.4223558477335978
5147,0.4339018657647077
5148,0.6475915083156304
5149,0.4639008948995298
5150,0.5389380468669465
5151,0.488578233196197
5152,0.6376201138118944
5153,0.6208708398921438
5154,0.501462522573222
5155,0.44385799392539776
5156,0.6896810372346482
5157,0.6598018957152139
5158,0.43849005869924845
5159,0.4806723023575622
5160,0.31065702169049975
5161,0.5816092648916622
5162,0.5910609913218634
5163,0.3802590006007118
5164,0.6878110735290746
5165,0.4367897261301542
5166,0.5373535439399602
5167,0.3524638968681606
5168,0.47629173863968144
5169,0.5039249765764802
5170,0.46053915827381514
5171,0.5306112496235302
5172,0.6469296887427923
5173,0.43436491797074545
5174,0.4529153360589977
5175,0.514750219076572
5176,0.40566720336211004
5177,0.3561815013952735
5178,0.6678636472020901
5179,0.5070579172426425
5180,0.5405959621000102
5181,0.5485205022009655
5182,0.4865459955491247
5183,0.5418044216983183
5184,0.47443900114623877
5185,0.5520993323226969
5186,0.5031924031592567
5187,0.4162510821481784
5188,0.5448650119218899
5189,0.36705359104566304
5190,0.4804636127839853
5191,0.35580013454752624
5192,0.4679845603142357
5193,0.5338186990824425
5194,0.4369307880139489
5195,0.4972765551785432
5196,0.49978003473659144
5197,0.4970300843178811
5198,0.6243376047165905
5199,0.7489785529574299
5200,0.515223903040009
5201,0.5349663158863195
5202,0.594853753811676
5203,0.5850805837456982
5204,0.6192344151279183
5205,0.578829648535656
5206,0.5270434141832994
5207,0.5251593009722505
5208,0.5494719533644021
5209,0.390338882953264
5210,0.48617054053878006
5211,0.5085066792934715
5212,0.3483433469897701
5213,0.44654383252488683
5214,0.46855691363825336
5215,0.5286886292609952
5216,0.4773340035321981
5217,0.867885135253184
5218,0.338909561376894
5219,0.6513839825004016
5220,0.48974354151526306
5221,0.5570483178680333
5222,0.5571909281055498
5223,0.4996519503003061
5224,0.5010159913460382
5225,0.5763170230948146
5226,0.6391628635088912
5227,0.5674001183905267
5228,0.49884618300434697
5229,0.4731834441145423
5230,0.66113048560701
5231,0.500432444968181
5232,0.566996088162744
5233,0.4807029409626473
5234,0.48105650516410997
5235,0.5242626800345824
5236,0.37323977783782203
5237,0.5077025936891185
5238,0.4983321823762083
5239,0.4670936634333482
5240,0.4503372388994401
5241,0.6264693491038855
5242,0.7080269898366789
5243,0.5544686454277287
5244,0.3966408894588749
5245,0.5110284259084803
5246,0.495154674861919
5247,0.4194176959128136
5248,0.5441587201076891
5249,0.5620806178624491
5250,0.49980776464049853
5251,0.5386709475078455
5252,0.4649364496394894
5253,0.4333654752034922
5254,0.5952204462540868
5255,0.4505592442004567
5256,0.47869674385237865
5257,0.38655127373805354
5258,0.4456680965716486
5259,0.5727650629587732
5260,0.4497406343528871
5261,0.7135591419642677
5262,0.4756213769519182
5263,0.6815690031805306
5264,0.37015400137000887
5265,0.5699600665079149
5266,0.6300214957835265
5267,0.5881659479157857
5268,0.7651831051083964
5269,0.4151376628067882
5270,0.5880061920410117
5271,0.5024182812581548
5272,0.4955421729780146
5273,0.4527334459134826
5274,0.3974128918889811
5275,0.4406407076462076
5276,0.45642947483350743
5277,0.5205570140464071
5278,0.5850192014671651
5279,0.40998864268743096
5280,0.3730705635713332
5281,0.5820233798387482
5282,0.38403576559865826
5283,0.4092484350376915
5284,0.5181495185151295
5285,0.5190586045560474
5286,0.5368350369718793
5287,0.6030930743764005
5288,0.4387104277287195
5289,0.6860397799089466
5290,0.47799010401880754
5291,0.4411007774193434
5292,0.5347819487036046
5293,0.45444139235493375
5294,0.4215787408038319
5295,0.6494356903744466
5296,0.3700563511139861
5297,0.4384112618638046
5298,0.6088625971335138
5299,0.5871339804377301
5300,0.5214456125298228
5301,0.8575226356122563
5302,0.5714778386122168
5303,0.3489834250684546
5304,0.43857024964964475
5305,0.5293115564656364
5306,0.37221512986312977
5307,0.4969548352772019
5308,0.5121491724932896
5309,0.42950862926738836
5310,0.480104127815533
5311,0.6631623064998691
5312,0.3587657575914479
5313,0.5417444688263371
5314,0.4787758693817642
5315,0.4976264112464521
5316,0.4392832795953119
5317,0.49672203189552544
5318,0.46867730327160023
5319,0.4524624073684109
5320,0.7366345953791725
5321,0.37745382700553975
5322,0.423789358270971
5323,0.509217084144934
5324,0.5254466328916166
5325,0.6247316518300563
5326,0.42906648703825023
5327,0.48198218798231224
5328,0.49485581007835233
5329,0.5286084155114209
5330,0.5928294215367563
5331,0.5018912312843311
5332,0.5206618683696241
5333,0.4792851069964333
5334,0.5709666862528475
5335,0.47108555983056
5336,0.5080447727501132
5337,0.694389501786014
5338,0.4191771119523797
5339,0.7966835075289814
5340,0.42092991500582655
5341,0.441887397540772
5342,0.5141403002705169
5343,0.490492313671383
5344,0.5755886558436571
5345,0.5708018799933882
5346,0.47708700214366534
5347,0.5476029767945001
5348,0.49354455445194423
5349,0.42366005545262014
5350,0.47250938992196806
5351,0.5355447596563037
5352,0.5044713116032953
5353,0.5404933746412312
5354,0.47492558356597264
5355,0.6571420073241638
5356,0.7195754559882301
5357,0.4984605156073613
5358,0.7316180681150627
5359,0.6353740626577934
5360,0.6653896851474719
5361,0.610263946605345
5362,0.4943631511129465
5363,0.5909770705325066
5364,0.5417880498590761
5365,0.5310041413549516
5366,0.680817935548803
5367,0.5893925558528622
5368,0.5187412678039631
5369,0.4910821032641626
5370,0.5238886086396026
5371,0.47826981358015486
5372,0.6052438060065873
5373,0.5880560444920082
5374,0.46704806962510287
5375,0.5306584176304039
5376,0.6088458039910198
5377,0.5024884042007994
5378,0.5664025104916747
5379,0.5086671692580477
5380,0.5421359812620334
5381,0.4063411906368517
5382,0.48531694119676805
5383,0.4353127345314545
5384,0.6894048895175163
5385,0.521645098819024
5386,0.7934995319297744
5387,0.44211733602033154
5388,0.47559827801128957
5389,0.49111464043862235
5390,0.577597668081187
5391,0.36908330361210384
5392,0.5175790071401961
5393,0.45132965586272417
5394,0.46273114824811085
5395,0.40455079861639226
5396,0.4763966443143955
5397,0.4805092953911575
5398,0.37435748430790927
5399,0.5533129234581058
5400,0.4763730789525463
5401,0.6184867286585197
5402,0.483644105869032
5403,0.518622279373119
5404,0.43328119791609965
5405,0.5924557050026887
5406,0.6263221392398473
5407,0.5601003966933956
5408,0.49439433730895777
5409,0.5160627083650418
5410,0.5111734440270806
5411,0.5404670393105472
5412,0.46635824584005503
5413,0.4067237491897886
5414,0.6435664570506503
5415,0.34774053777527286
5416,0.5349148044641268
5417,0.5664882172736793
5418,0.35045091227248115
5419,0.43941448899583657
5420,0.48622423887304
5421,0.4274222724759402
5422,0.6458443015815214
5423,0.5137613567653795
5424,0.3320520002004796
5425,0.556997981665075
5426,0.5549648540137971
5427,0.4979326821353643
5428,0.655966273117738
5429,0.38919303978475095
5430,0.48793091508260067
5431,0.6782300427882089
5432,0.4908723606252821
5433,0.5439664425143081
5434,0.42502015715914027
5435,0.6772356925313701
5436,0.4234620681452124
5437,0.564963655298384
5438,0.4694557723468871
5439,0.4641787723318867
5440,0.5485599888234093
5441,0.47755987906834246
5442,0.6956818705751413
5443,0.5470078288941154
5444,0.5579483549215164
5445,0.2913385768745207
5446,0.49780679344174045
5447,0.5590355859578939
5448,0.6347045041513862
5449,0.6897178414896912
5450,0.5964654688621831
5451,0.510718026775959
5452,0.4920583769028337
5453,0.4524236265414465
5454,0.5095730993986278
5455,0.6772485670106143
5456,0.6199457091726153
5457,0.4178388833716332
5458,0.6259635175634892
5459,0.5305702950579574
5460,0.5478286898424949
5461,0.44218626724951365
5462,0.4625411242349205
5463,0.5066704305834486
5464,0.43247762532280787
5465,0.34913171813955657
5466,0.5723658535587832
5467,0.42239739016954725
5468,0.4184976321647339
5469,0.39796187478534173
5470,0.6742126621978564
5471,0.5563117994560676
5472,0.4708349237633043
5473,0.5477245442682244
5474,0.47102078669439607
5475,0.44931234860933206
5476,0.3162671637878145
5477,0.4311627026293229
5478,0.3622079307164847
5479,0.601819195053221
5480,0.548673942377265
5481,0.6909548974212195
5482,0.31238486262571596
5483,0.4708734755866651
5484,0.5093517792113482
5485,0.5790100189966256
5486,0.5274129051574131
5487,0.7425616446370846
5488,0.5997600959217395
5489,0.4721086312358713
5490,0.4630860612688044
5491,0.5002607826148157
5492,0.4736527038835119
5493,0.6190412230696711
5494,0.6973249277554024
5495,0.5468991704351973
5496,0.4670516491519033
5497,0.39596454927840485
5498,0.6084360406398703
5499,0.5422898476002002
5500,0.6319840598456719
5501,0.6028307015839703
5502,0.47990591633889185
5503,0.5292284646394577
5504,0.40503763706317575
5505,0.40277432181834466
5506,0.45904140801946997
5507,0.7426797354085282
5508,0.42271246557779063
5509,0.5590601571313188
5510,0.5029484204992378
5511,0.6282362155054423
5512,0.6824596745205187
5513,0.7481842681654752
5514,0.5734254966073353
5515,0.5867715868272417
5516,0.5128139455628175
5517,0.4336304134555682
5518,0.706323819164042
5519,0.5648172097409477
5520,0.38878275676476914
5521,0.4992459698075125
5522,0.5712409207927319
5523,0.4473393353582046
5524,0.4826302785300731
5525,0.6350221349451282
5526,0.6371740310445666
5527,0.6596814460252238
5528,0.6464315796652986
5529,0.47629836291167704
5530,0.3164174891322622
5531,0.6244735163801534
5532,0.5185684738979539
5533,0.45537579256161975
5534,0.4580007085489211
5535,0.6330314216244248
5536,0.5607580155000623
5537,0.3881874443833211
5538,0.3249371481793093
5539,0.6664530448749918
5540,0.5862355011702729
5541,0.5605717879441702
5542,0.5883652134894193
5543,0.5773148864174914
5544,0.5391310335247201
5545,0.4476997954793549
5546,0.5060798587899659
5547,0.5410937578278001
5548,0.5280456236081987
5549,0.4281290084250922
5550,0.3892793250785869
5551,0.5331787846505399
5552,0.6862301095320488
5553,0.6811133331556174
5554,0.5065214702379842
5555,0.44032955453882205
5556,0.3593085051913617
5557,0.5946511572222029
5558,0.46564033749952766
5559,0.5758279767487408
5560,0.4222472612252366
5561,0.4818144085028286
5562,0.6587083979357384
5563,0.6765645061029721
5564,0.4870742811910204
5565,0.6147597758845935
5566,0.4162706871293758
5567,0.48350599591436894
5568,0.4667497877568524
5569,0.42179551668116483
5570,0.5143405449650833
5571,0.5107780936494101
5572,0.5721347085412998
5573,0.537684151679168
5574,0.4843869291921119
5575,0.42499627720667943
5576,0.41330930999635856
5577,0.5462926078339609
5578,0.4953954297498727
5579,0.454995460708863
5580,0.4906985868591351
5581,0.44619895937838694
5582,0.5319023002290666
5583,0.5743358896797355
5584,0.5440942049640698
5585,0.2764656588716029
5586,0.5079740820599737
5587,0.5328896697650176
5588,0.44388291238915156
5589,0.6443859177937236
5590,0.688908744248476
5591,0.3876812920304922
5592,0.5045064398075002
5593,0.8111566626786144
5594,0.39228055948201307
5595,0.4655554504603746
5596,0.47988888708478056
5597,0.669766758320318
5598,0.6202456315849766
5599,0.5358268973750852
5600,0.5281739478498545
5601,0.389019478531768
5602,0.6301591200112756
5603,0.5601122003968475
5604,0.5030201873063859
5605,0.5206755735807804
5606,0.5549600158993753
5607,0.5056479486516311
5608,0.5347626900189859
5609,0.5739135080997333
5610,0.6063632268405436
5611,0.3806332669802236
5612,0.5361973630396308
5613,0.6125227817062426
5614,0.41651958991467264
5615,0.3802472406005468
5616,0.486621125470072
5617,0.5991972276911048
5618,0.5718548316709399
5619,0.5421144039764856
5620,0.35900357492805635
5621,0.5841064562180958
5622,0.46330629684444674
5623,0.43755399257524236
5624,0.42938050364522073
5625,0.444279439576882
5626,0.5700009990491073
5627,0.4182263079735573
5628,0.5323813522020687
5629,0.4848295328584909
5630,0.4369233885952589
5631,0.5173836727780866
5632,0.6377298094712784
5633,0.5969559936747388
5634,0.4937508073426331
5635,0.46547732241257417
5636,0.47771828280960327
5637,0.5665423781229844
5638,0.39143544578330747
5639,0.5500695689122643
5640,0.6007906651093371
5641,0.48423795284802074
5642,0.4940699138853994
5643,0.6117187606944419
5644,0.4244465362493507
5645,0.5460971668879242
5646,0.423616185800001
5647,0.49069281058718534
5648,0.6597931098588616
5649,0.5050436256569466
5650,0.4496415134302478
5651,0.7338865323116999
5652,0.47315114829866783
5653,0.4566755957060848
5654,0.4706942049047388
5655,0.41433362761597897
5656,0.3952253003063638
5657,0.6515945931654308
5658,0.4415564971414744
5659,0.36875981970887484
5660,0.49994394627979666
5661,0.42125913366076356
5662,0.5864827949562383
5663,0.6492861025607318
5664,0.49011005076916575
5665,0.5566335632895046
5666,0.5559660048983672
5667,0.7033922903224216
5668,0.5430648044659433
5669,0.5861988351604485
5670,0.41242221385299743
5671,0.4725108283026657
5672,0.6068423716001081
5673,0.36056151852311236
5674,0.6025827188068388
5675,0.5022500946139936
5676,0.47291655053290177
5677,0.4491574968327983
5678,0.5281506872386474
5679,0.5336082793752259
5680,0.6202438742012477
5681,0.7283064033521053
5682,0.5120694752717064
5683,0.44444611193901423
5684,0.5399057485292129
5685,0.49821061645688425
5686,0.35429642007495143
5687,0.6386999573323218
5688,0.4790291569333046
5689,0.3773981461274015
5690,0.4368788378478042
5691,0.5041648922712418
5692,0.5926595756943296
5693,0.5200842933007086
5694,0.6220757050665444
5695,0.4207097663024467
5696,0.5363587573349449
5697,0.4897482822110066
5698,0.7581527901803694
5699,0.43074065725603544
5700,0.4858049812200875
5701,0.6245281087189152
5702,0.5805044534027611
5703,0.5896000439641225
5704,0.32170915171985237
5705,0.5961660666762149
5706,0.48584874573389203
5707,0.5115763318724905
5708,0.5079556203506648
5709,0.7098885518131688
5710,0.5315686305424056
5711,0.6249203099556487
5712,0.6071863185594756
5713,0.5991546598145083
5714,0.39552654558145517
5715,0.5756440580144397
5716,0.5510285502685572
5717,0.4814220294901513
5718,0.5976010326517041
5719,0.4495123322599699
5720,0.5522980119861519
5721,0.36167120194091873
5722,0.6728038909707408
5723,0.49033062574971203
5724,0.4651372078233076
5725,0.6335159848060591
5726,0.6977337363945926
5727,0.3561975791524913
5728,0.568676363133126
5729,0.6455377820624788
5730,0.6847813614667476
5731,0.5762826887604365
5732,0.39242455369180784
5733,0.5737260489822766
5734,0.5247852083353469
5735,0.4910064804351881
5736,0.5214637824598353
5737,0.5532719441120434
5738,0.4377303600284874
5739,0.44412891014905664
5740,0.5858562675626128
5741,0.38227466413606087
5742,0.8346794145306555
5743,0.4141602493392853
5744,0.41759411949622965
5745,0.6068166576118873
5746,0.6360041454045813
5747,0.5054340759769215
5748,0.45468640154550866
5749,0.4119924248695941
5750,0.4193367034026243
5751,0.440954262672572
5752,0.47456564648737076
5753,0.47079836644581263
5754,0.5330117110728632
5755,0.6066524190475593
5756,0.5119925272215072
5757,0.4046407588024926
5758,0.5823437514144186
5759,0.45149585112534435
5760,0.5669119669150242
5761,0.44221522012802683
5762,0.6012114095427207
5763,0.5303870393409387
5764,0.4921923608350279
5765,0.6439467698784787
5766,0.3919090661494184
5767,0.5179750510421632
5768,0.3396541218882476
5769,0.3770734397759874
5770,0.3811943304162794
5771,0.5084900850043828
5772,0.5499167395046909
5773,0.46520408655259476
5774,0.5833101276102513
5775,0.6632476935027468
5776,0.5076606883126605
5777,0.4471367338362644
5778,0.6342193734186268
5779,0.6244803558894856
5780,0.37326485779776025
5781,0.5568765284258695
5782,0.3730759979859568
5783,0.4773091767758443
5784,0.4758325994855457
5785,0.4443705419422453
5786,0.415943443578331
5787,0.4760404222704977
5788,0.5151765809897028
5789,0.5379569161059855
5790,0.7267365016051077
5791,0.5855582490832864
5792,0.468643888059316
5793,0.4771212076023249
5794,0.3556976363161354
5795,0.660805726024645
5796,0.5300702964319163
5797,0.5632989187344236
5798,0.45921077311553027
5799,0.6431053001178039
5800,0.5023990961842186
5801,0.46619147694881286
5802,0.5954320368277869
5803,0.3680654901884654
5804,0.4849850160426967
5805,0.7776968882763289
5806,0.7260859786552383
5807,0.47641216935988984
5808,0.24495701944015735
5809,0.4824108195671349
5810,0.4824926708711966
5811,0.5134254352974806
5812,0.5412679889995824
5813,0.5109366669994054
5814,0.47248794615359024
5815,0.5546781816499482
5816,0.5241237025780257
5817,0.4590148668802726
5818,0.5460101131340123
5819,0.44697263189536973
5820,0.3758083135528544
5821,0.7449952326143852
5822,0.38464375378133875
5823,0.5285994038382261
5824,0.5290597766810498
5825,0.49567354374541395
5826,0.4700084335684908
5827,0.6063339253679437
5828,0.4610876150111697
5829,0.49495489803329284
5830,0.5289033159149419
5831,0.47226710628340096
5832,0.3092993748221136
5833,0.520402773754696
5834,0.7281244508019673
5835,0.32121352421394983
5836,0.45556738298944943
5837,0.4908659869737628
5838,0.5723592906137301
5839,0.3898822344978353
5840,0.4344190632681645
5841,0.4965588171404853
5842,0.5438205197440574
5843,0.4428753189172861
5844,0.5676061965978675
5845,0.45876343267251757
5846,0.4291245824392722
5847,0.5472539300638528
5848,0.5485332811174067
5849,0.5009826447531329
5850,0.5176611134035296
5851,0.5722170522541001
5852,0.5324593018265268
5853,0.43721913320088124
5854,0.6182199916201724
5855,0.40096566390953114
5856,0.34431628959414173
5857,0.6668388409134265
5858,0.49619327421267584
5859,0.5175227220255063
5860,0.3609477703385943
5861,0.35107478083150134
5862,0.39556477060991513
5863,0.5028825972046055
5864,0.42264468352946105
5865,0.5147037678392452
5866,0.47904143113804504
5867,0.7232303345335633
5868,0.6103609003357633
5869,0.4565405452177327
5870,0.5355020797791524
5871,0.5058279798985741
5872,0.4605822992225761
5873,0.4948814204443638
5874,0.46078659828006774
5875,0.44329675780636457
5876,0.5395250133476374
5877,0.6818550373375872
5878,0.4496419950680363
5879,0.5222267484164185
5880,0.557798524385253
5881,0.534934264479782
5882,0.4060678649970107
5883,0.5950128139729635
5884,0.6255474977786444
5885,0.4729929048423336
5886,0.4378758640467886
5887,0.4552896630901988
5888,0.5440781351186245
5889,0.4961194346344386
5890,0.6073796921192913
5891,0.45864332711649447
5892,0.4743594835121196
5893,0.526798720832415
5894,0.44626849596732276
5895,0.27081926460336936
5896,0.578612128326778
5897,0.5621835968143836
5898,0.4466650880502889
5899,0.4197600908564436
5900,0.5423748055738803
5901,0.5245869843884851
5902,0.36824214585731674
5903,0.42714954429591767
5904,0.6582706207771264
5905,0.5819861357743353
5906,0.5014256640071305
5907,0.5704897780460152
5908,0.48869623825402797
5909,0.2995052423235802
5910,0.5473255263330142
5911,0.6588311576460325
5912,0.5254746657816055
5913,0.5181089482321717
5914,0.6005743281851825
5915,0.47529065139128623
5916,0.42089113173743137
5917,0.44964942236884325
5918,0.5087094547525668
5919,0.3153593231906606
5920,0.3889260875909094
5921,0.5083702271497645
5922,0.3209620702469851
5923,0.3137556591462106
5924,0.5336820416646217
5925,0.5323564119694754
5926,0.4537548357278668
5927,0.28558452429094594
5928,0.5517687066601046
5929,0.4371012031809507
5930,0.4088223647376033
5931,0.3630435093065588
5932,0.6474859864226461
5933,0.49169838877865457
5934,0.5099771304159332
5935,0.42375608607289894
5936,0.5342618824678023
5937,0.4270394159184505
5938,0.5443017284722084
5939,0.4756982394305655
5940,0.5202646074487244
5941,0.4515300791625786
5942,0.38930540685522286
5943,0.3592736412128643
5944,0.5239066949781223
5945,0.4423406139619235
5946,0.5267956123564632
5947,0.5371544762929337
5948,0.4786913917838209
5949,0.4163867011382855
5950,0.6661751368980998
5951,0.5406489316663128
5952,0.7698829298822629
5953,0.5148361460418793
5954,0.5418199858469303
5955,0.561454842669315
5956,0.4280027979578381
5957,0.5655313275706364
5958,0.6862004407993519
5959,0.34449731512012816
5960,0.5440678697710998
5961,0.5237550949872366
5962,0.5504154466394525
5963,0.640183407782952
5964,0.7145510554857046
5965,0.5843461202149687
5966,0.43546208049309176
5967,0.3845714859362518
5968,0.5902988843559118
5969,0.4696326436179529
5970,0.3121440407027726
5971,0.5595226297854121
5972,0.5893638793307181
5973,0.3754420117260212
5974,0.5471753604362659
5975,0.6153697595786022
5976,0.5101904370649544
5977,0.4104763502686415
5978,0.5689551851960019
5979,0.4580234543755364
5980,0.532057025758479
5981,0.34414433213468576
5982,0.5221745409948166
5983,0.6124573819137468
5984,0.6466114201387987
5985,0.616893213329448
5986,0.43367917242093845
5987,0.5994325679366229
5988,0.4715445586940014
5989,0.33923500272279694
5990,0.49411513185792394
5991,0.5412837925860909
5992,0.6961691414391036
5993,0.6328151390353635
5994,0.5021397531288956
5995,0.5235401077176183
5996,0.5841062689427223
5997,0.567933321864996
5998,0.5078921920988015
5999,0.4425910266243382
6000,0.4336661688187281
6001,0.5892213658338206
6002,0.5281110620918554
6003,0.5169324491804379
6004,0.44643733236269567
6005,0.39766410105835925
6006,0.4708431728026281
6007,0.5717373634216594
6008,0.6150854480767258
6009,0.5769693991656025
6010,0.49137598168793134
6011,0.4571079381290175
6012,0.5693631694414553
6013,0.5216752122005394
6014,0.510413232771683
6015,0.405591045471803
6016,0.3979957481314277
6017,0.5440222744696477
6018,0.5576681237187309
6019,0.39934569564239897
6020,0.5973423369093752
6021,0.5628674623997358
6022,0.5592812787090607
6023,0.4260559832483653
6024,0.4368717714775929
6025,0.48127954843104437
6026,0.6410022298497948
6027,0.634729599944092
6028,0.3637473790624902
6029,0.559235440442763
6030,0.38580445456006507
6031,0.48251198590836414
6032,0.5550612574374018
6033,0.52493511251789
6034,0.3769935325113762
6035,0.4206476054653924
6036,0.5059434759602406
6037,0.4399136882184789
6038,0.5506919217244366
6039,0.49942953095044307
6040,0.389100859328302
6041,0.4934985441025285
6042,0.40161716451102386
6043,0.504198704109696
6044,0.5430857682700883
6045,0.518234819430586
6046,0.3609799266079471
6047,0.5552109144330645
6048,0.70573074930514
6049,0.5026589750167436
6050,0.4845736172219265
6051,0.4855510684546101
6052,0.689594132434867
6053,0.597800077775835
6054,0.5795668961994089
6055,0.502474476320921
6056,0.4186246634186003
6057,0.45679934962009633
6058,0.5766608467772667
6059,0.41305827294678804
6060,0.5806476399841706
6061,0.6060147748839323
6062,0.4309877187660669
6063,0.5629390370539997
6064,0.4457885213859123
6065,0.5003972029468833
6066,0.7492564792466098
6067,0.4246895320893213
6068,0.6646636226456941
6069,0.5011713822940542
6070,0.4495629983010537
6071,0.5067574384210332
6072,0.43224852270226993
6073,0.3732414219983035
6074,0.5102850555844108
6075,0.4409546465292902
6076,0.5292397192122587
6077,0.5612838476487955
6078,0.46458670251955553
6079,0.42472882293609626
6080,0.47804847023614083
6081,0.47643804061186434
6082,0.5526836479666962
6083,0.4704485244098182
6084,0.3874708822611733
6085,0.47339287693861876
6086,0.6092311997760366
6087,0.5024527018166858
6088,0.41450221119667335
6089,0.6113004385963977
6090,0.47783670938746364
6091,0.5821257978855595
6092,0.4738046762281657
6093,0.7183876788669576
6094,0.5082809199060953
6095,0.5348803942817838
6096,0.4271943920235517
6097,0.5952898303394178
6098,0.594973173245692
6099,0.5863328977244303
6100,0.5988887836175257
6101,0.5752346697647583
6102,0.4990289823770093
6103,0.604769144603913
6104,0.4452441497394474
6105,0.3432450772899963
6106,0.46890501851388333
6107,0.4645077271980914
6108,0.6021900762583471
6109,0.3675195864672762
6110,0.5003934746967915
6111,0.4833402182571388
6112,0.5999831441755912
6113,0.5223892966712335
6114,0.7578283411753579
6115,0.49929881514006186
6116,0.5171878392617199
6117,0.5108719607467835
6118,0.4182209423478947
6119,0.3265726652190062
6120,0.47130640982293137
6121,0.46502291065637663
6122,0.5061153717677813
6123,0.46493353270286497
6124,0.5241890083776628
6125,0.5173327729487185
6126,0.5954279257249487
6127,0.5988750103479894
6128,0.6021499400057411
6129,0.46975936364647264
6130,0.505809584070647
6131,0.5274243493757685
6132,0.5761110471698784
6133,0.3593826695744785
6134,0.6160640319441831
6135,0.6952500385208945
6136,0.5248288776519576
6137,0.4614673154790619
6138,0.49262340110389297
6139,0.5911822219005831
6140,0.6020991255946377
6141,0.3010644480786646
6142,0.672782244650941
6143,0.4486603384208253
6144,0.37664119126085377
6145,0.34471271565013895
6146,0.651243586582087
6147,0.5807174304687652
6148,0.4444695312687506
6149,0.4651479637647937
6150,0.4465311886765335
6151,0.6225519922811641
6152,0.5906115891263659
6153,0.4911197070251573
6154,0.48776271186288056
6155,0.42821207135292316
6156,0.6221713346783938
6157,0.4951633281995789
6158,0.4300121850959143
6159,0.48513744389079755
6160,0.5434647000083528
6161,0.4936586099177481
6162,0.6819945530691902
6163,0.4829969370771546
6164,0.581760040231756
6165,0.5221385455603551
6166,0.5253894787655583
6167,0.3859798934329568
6168,0.5292706815058397
6169,0.4751792355521562
6170,0.5026571839607876
6171,0.3250376394942382
6172,0.5534583327761221
6173,0.41305061175144253
6174,0.6503241600038066
6175,0.5499691138949451
6176,0.5007967518655356
6177,0.6422499073526813
6178,0.4854905673627149
6179,0.5621061747853519
6180,0.5691721982874536
6181,0.5652696268179767
6182,0.5121391610997196
6183,0.5866168371556005
6184,0.5557446058992793
6185,0.5894448684967866
6186,0.4786822577247007
6187,0.5730197582980687
6188,0.44435830613187227
6189,0.4103184769189808
6190,0.4922360869589316
6191,0.5500350332614038
6192,0.6157511219817116
6193,0.5300831221625332
6194,0.37991719057583695
6195,0.43536923872039485
6196,0.4308963174132272
6197,0.47510722075032197
6198,0.28439200032178025
6199,0.4158711508821358
6200,0.5321403231061171
6201,0.5145152551179295
6202,0.44470997658478206
6203,0.36796955706442813
6204,0.5925923222181029
6205,0.5594678743176025
6206,0.5852697470963338
6207,0.34464981791795835
6208,0.48680371588523336
6209,0.552710403359921
6210,0.5731398794108231
6211,0.5111539274853699
6212,0.4808326899086188
6213,0.46046103007995687
6214,0.5038289395188529
6215,0.4541913707950146
6216,0.40638028175523616
6217,0.43516646334847225
6218,0.5441745211266765
6219,0.5955104356621733
6220,0.4883885529354461
6221,0.4701215231639772
6222,0.5636470115563148
6223,0.5962464884249337
6224,0.5076792343723551
6225,0.6015905370794634
6226,0.4134145812766069
6227,0.8581940519461541
6228,0.3803793315242695
6229,0.5386388754335926
6230,0.4196145880978231
6231,0.5280341802427445
6232,0.7179791742547651
6233,0.5959820672334463
6234,0.7124229109413162
6235,0.4600900544752169
6236,0.32612240224396327
6237,0.5723121100457025
6238,0.5545049249843018
6239,0.4596201633074871
6240,0.4357254056677538
6241,0.5327402813057165
6242,0.4641061117336025
6243,0.5268885657578737
6244,0.6829868222215533
6245,0.6110105839753806
6246,0.6437254500445789
6247,0.4601450943843493
6248,0.5106933754380497
6249,0.4224979120984742
6250,0.5100495698902221
6251,0.5371597138364576
6252,0.4179527172530799
6253,0.5165444821502109
6254,0.4659541491462502
6255,0.5770639920616145
6256,0.5497094285849908
6257,0.6722326740261592
6258,0.4177866527468753
6259,0.47792704315737927
6260,0.5721549542781458
6261,0.462090437804846
6262,0.33638786448309643
6263,0.40633769431015565
6264,0.6199016149738298
6265,0.5921853362404123
6266,0.4150086279820025
6267,0.5145803406743334
6268,0.7132611277695124
6269,0.6756721978639524
6270,0.5851314664798795
6271,0.5307509996711084
6272,0.6585028258442892
6273,0.6521569476893616
6274,0.3892177101427963
6275,0.4243026891773445
6276,0.4357228583616757
6277,0.6499367800384777
6278,0.509141373451892
6279,0.5394235476243062
6280,0.49938106293867623
6281,0.5067517033131667
6282,0.5427508040187412
6283,0.6923961460689642
6284,0.35753278795841814
6285,0.5236370342419587
6286,0.42449769006531374
6287,0.5770627031463545
6288,0.4702739671062695
6289,0.5711526656777393
6290,0.564605594894899
6291,0.43048561853654377
6292,0.42321349364507344
6293,0.7693751922682184
6294,0.40153796567854405
6295,0.4309993321804765
6296,0.6167176043484759
6297,0.4692230479263375
6298,0.45151810542093695
6299,0.4993187478700236
6300,0.42287968084057154
6301,0.553808217472811
6302,0.4832540264400362
6303,0.43215977945635425
6304,0.4746422134798572
6305,0.32359943660751594
6306,0.4456935077955654
6307,0.513679881406719
6308,0.6394968908678516
6309,0.7589477324882181
6310,0.45109890066544944
6311,0.4245234498588254
6312,0.5403594686157552
6313,0.5165711246015564
6314,0.7342252459409773
6315,0.35062681623971137
6316,0.4922348869095853
6317,0.500762061407519
6318,0.683784708978707
6319,0.609512517705243
6320,0.4584243004837902
6321,0.5236130141444473
6322,0.5147777932427283
6323,0.38900796601020327
6324,0.5063056485369727
6325,0.6054919217908563
6326,0.445087489672314
6327,0.6292825512181289
6328,0.5941879213275839
6329,0.4776211581974992
6330,0.5606391692783199
6331,0.4793304465560775
6332,0.45466770044377736
6333,0.36539065897338263
6334,0.6758094927428704
6335,0.5847003072008768
6336,0.4540955295133472
6337,0.44517130729131854
6338,0.5264722100299771
6339,0.5591167396725844
6340,0.4194626791646274
6341,0.5742370643864085
6342,0.6666689765333349
6343,0.3575727154703367
6344,0.49360885751565625
6345,0.4397205229295427
6346,0.36462680778815604
6347,0.5139499362491814
6348,0.5488351086261941
6349,0.7340418212802067
6350,0.5078798658888795
6351,0.5269320882429935
6352,0.510181651165156
6353,0.5730597518828147
6354,0.42456174500418276
6355,0.5546389325173633
6356,0.491654678019145
6357,0.6072160618556438
6358,0.5214160644937744
6359,0.41350388337340016
6360,0.5068358199635988
6361,0.6506821292898847
6362,0.360288027485843
6363,0.5475681311877694
6364,0.6451453768571809
6365,0.6496323619516248
6366,0.6883591735234262
6367,0.6544476774680353
6368,0.5906382198876455
6369,0.49218955708649637
6370,0.5436427149145793
6371,0.552252985488388
6372,0.44373371604618994
6373,0.42807839921942775
6374,0.40005491443078356
6375,0.476666825677609
6376,0.36514666427472436
6377,0.5146276737210723
6378,0.3506634051780235
6379,0.5368971954670999
6380,0.5504996803810328
6381,0.5286847187003078
6382,0.6346241670572078
6383,0.5189530561311081
6384,0.5019485370851793
6385,0.4372517018436286
6386,0.595697463606577
6387,0.4634901004128904
6388,0.48048006983144304
6389,0.5511393138163408
6390,0.45808600478794675
6391,0.5398156892670574
6392,0.5486785156856928
6393,0.4538480292634053
6394,0.5055837932523987
6395,0.4255332040787578
6396,0.51954990630254
6397,0.6790633933981526
6398,0.4734569723829096
6399,0.5534156817898561
6400,0.4435607359913666
6401,0.2973631864219417
6402,0.4457349610564107
6403,0.4330271233166996
6404,0.5668918044015594
6405,0.46031490481079884
6406,0.4944392786213851
6407,0.5454450400843923
6408,0.44594497454919246
6409,0.531128853842001
6410,0.4565539375896712
6411,0.3609678729021041
6412,0.5856448615658487
6413,0.49901983947331635
6414,0.6107066348686389
6415,0.7178773683694429
6416,0.549965139620343
6417,0.6346981052206665
6418,0.5785006017924061
6419,0.46883973356958764
6420,0.3527456384463218
6421,0.4756239968504261
6422,0.5560172903046064
6423,0.4142015373119661
6424,0.6100197010306312
6425,0.5568740431085827
6426,0.5384148469574501
6427,0.38434828616929484
6428,0.5549471131704891
6429,0.41539807780184357
6430,0.7075269676052975
6431,0.5646287206748677
6432,0.4560992150382028
6433,0.6086713652076025
6434,0.5068204137578316
6435,0.39729695458461584
6436,0.49223959414182555
6437,0.5424573657825096
6438,0.3578036383467974
6439,0.5567301979797248
6440,0.4110043078368093
6441,0.36207902868221165
6442,0.4422619867352069
6443,0.44430315092157596
6444,0.4184419381054293
6445,0.5928613810102339
6446,0.5041579117870851
6447,0.5665868628795871
6448,0.5691920185180751
6449,0.41760380513903655
6450,0.455933034273272
6451,0.6400259373276692
6452,0.5168339333882974
6453,0.6190501576711418
6454,0.7817096524208903
6455,0.37338566537971296
6456,0.48293575202706207
6457,0.5859947932254533
6458,0.44953882940188505
6459,0.5049926767564139
6460,0.458171865148171
6461,0.4254416663279709
6462,0.458046378399134
6463,0.6218135906013045
6464,0.5494289695899807
6465,0.5784185871830876
6466,0.45905161906064124
6467,0.4715362734962171
6468,0.5257961662037487
6469,0.5183496405684357
6470,0.6523817706839669
6471,0.576622544806054
6472,0.4973871898939965
6473,0.6468305159768596
6474,0.5948541048173358
6475,0.42632675310492596
6476,0.49234838286137955
6477,0.8416630763767936
6478,0.6420738308766951
6479,0.551150003947147
6480,0.5700201077282528
6481,0.4214338912695849
6482,0.46583029867598513
6483,0.43274742821243617
6484,0.5931490114455258
6485,0.49217733180951323
6486,0.46054003168487984
6487,0.4742546738471225
6488,0.3432430600538171
6489,0.642658081701125
6490,0.3609561975744702
6491,0.4483581820522286
6492,0.4263288977965664
6493,0.41883638517340016
6494,0.45485725404835076
6495,0.5475764283265658
6496,0.3545858154252568
6497,0.4780607782601265
6498,0.3230928326721638
6499,0.4663887254790865
6500,0.5303514399884094
6501,0.5437210875291913
6502,0.3619342337168441
6503,0.6326892509652704
6504,0.47339550211519565
6505,0.4380828138093371
6506,0.47211037589111193
6507,0.6158881051607145
6508,0.4362711174100445
6509,0.4263113234821545
6510,0.5317561900468983
6511,0.5112267882701265
6512,0.4924521310722058
6513,0.5002071238806282
6514,0.5392537005186228
6515,0.4918060499874044
6516,0.7274866356391828
6517,0.4341333473778928
6518,0.568520943308633
6519,0.4298556003074981
6520,0.33567076258700845
6521,0.48764978774781903
6522,0.3429793556427763
6523,0.5464609479678112
6524,0.3785831419662459
6525,0.7259608632718726
6526,0.6662124341948096
6527,0.6418636194004684
6528,0.5681955823688734
6529,0.564504741375351
6530,0.4490605200203638
6531,0.6203816500580439
6532,0.4863264298820846
6533,0.5673051398750513
6534,0.5148101381299323
6535,0.45646843016217725
6536,0.46095842508049933
6537,0.4992169748185603
6538,0.46852410486460017
6539,0.5240862094925333
6540,0.508280452577201
6541,0.5954013224867523
6542,0.5659172383080984
6543,0.5270283141349139
6544,0.6753311670015872
6545,0.5644153756499082
6546,0.7865435309077681
6547,0.5308340901798518
6548,0.3502093625560851
6549,0.5233604593055363
6550,0.42881049403391563
6551,0.4896194184078262
6552,0.3935713138269695
6553,0.6117095729667381
6554,0.3935606336978074
6555,0.5809855161419628
6556,0.4432986973621953
6557,0.4811531573896777
6558,0.5840601439866698
6559,0.5139245045826557
6560,0.6770174149407927
6561,0.3977478178317484
6562,0.5033504857259459
6563,0.602270076727454
6564,0.46215841324050433
6565,0.3737659105870008
6566,0.5901671033616586
6567,0.407153869857684
6568,0.5369926078688488
6569,0.5529726273603341
6570,0.5165530218440102
6571,0.7972955818823029
6572,0.6521448676149834
6573,0.5841626598333903
6574,0.4816728421163524
6575,0.5457475677978318
6576,0.5581164730963127
6577,0.5258458613443865
6578,0.4983343178486201
6579,0.539104500985169
6580,0.4779250409564979
6581,0.42028876231496876
6582,0.6408931234805797
6583,0.4190464028147711
6584,0.5437712652335821
6585,0.4655775461041164
6586,0.4659159586677085
6587,0.35244347223186734
6588,0.6668025522771523
6589,0.6386484590400414
6590,0.5241677818547115
6591,0.5042906322395635
6592,0.3236551944694507
6593,0.5586710595000743
6594,0.456557388797021
6595,0.4507766899573621
6596,0.4991731956497846
6597,0.5331979295896561
6598,0.3069476384289732
6599,0.43844711669320324
6600,0.5686576225428275
6601,0.5327917153639009
6602,0.6186651220404424
6603,0.4284258769121322
6604,0.5567381284940893
6605,0.4356317677279511
6606,0.4605916131828838
6607,0.4738742869520097
6608,0.43275988490438383
6609,0.5428260514709605
6610,0.3683564758202177
6611,0.48127832818315563
6612,0.337034081558092
6613,0.45356988034427853
6614,0.5303543084048642
6615,0.5692704541611157
6616,0.41439521993338047
6617,0.4436989184045315
6618,0.3932969958826665
6619,0.3860945989749181
6620,0.5417993890527788
6621,0.5745461480628556
6622,0.40758720901757944
6623,0.6153616378884988
6624,0.42950842008741713
6625,0.5120671100289326
6626,0.5374470886834496
6627,0.588908938184824
6628,0.416318470996046
6629,0.3678111434201103
6630,0.5379672643553997
6631,0.5741517692677972
6632,0.4679971216586007
6633,0.517077974815569
6634,0.6968964332189076
6635,0.7118924436922505
6636,0.5483413034931354
6637,0.37207959078243014
6638,0.48699953303145077
6639,0.5393606713354204
6640,0.47705840553959916
6641,0.6409149677633548
6642,0.514201874207996
6643,0.6407226005944741
6644,0.3918592516004806
6645,0.5492120165904124
6646,0.4116007329861687
6647,0.5542747374733039
6648,0.5517102264298017
6649,0.459693286513321
6650,0.43965353001894447
6651,0.610240145057169
6652,0.6223431318535668
6653,0.49730986652881315
6654,0.44496630673426674
6655,0.5096608585046388
6656,0.5547673306564136
6657,0.42103123622265387
6658,0.35496242399854694
6659,0.7280616643940191
6660,0.5697623022995172
6661,0.38540927819397863
6662,0.5499508469822709
6663,0.6029149551645762
6664,0.54134217681465
6665,0.5193427025731222
6666,0.49208398543053256
6667,0.3439536868945149
6668,0.5279345625054828
6669,0.3828091085919198
6670,0.5839961003333148
6671,0.4785797743382483
6672,0.6225798045488755
6673,0.5349073577228458
6674,0.4285391927968833
6675,0.455565874703837
6676,0.5648606598277663
6677,0.4402437310708531
6678,0.5281469607556677
6679,0.4119620893783421
6680,0.4478740407792391
6681,0.501749802945244
6682,0.5517378038427807
6683,0.4290246707813343
6684,0.531986314779853
6685,0.46878028234017405
6686,0.49730396306218005
6687,0.45676519696982487
6688,0.5545193540623684
6689,0.4820486613703495
6690,0.39844845227867387
6691,0.5315000116679853
6692,0.5709645579115088
6693,0.7417638157826586
6694,0.47264292654389906
6695,0.41027385882700723
6696,0.5074718268848134
6697,0.4652653968825441
6698,0.6207014445425192
6699,0.6047777277731987
6700,0.5698625742712664
6701,0.5568546561408299
6702,0.49851182656315723
6703,0.4652846462879994
6704,0.4862310681436809
6705,0.5222678155864975
6706,0.49359075365032207
6707,0.5167000742791099
6708,0.49212135931285556
6709,0.7113854866103723
6710,0.7642163581749828
6711,0.764401510744529
6712,0.5402082395744688
6713,0.5009525307582651
6714,0.514728509198448
6715,0.6317874844168185
6716,0.35914142764203344
6717,0.6114272846741662
6718,0.404249528559695
6719,0.67066559457248
6720,0.49062546048716005
6721,0.6296070801410876
6722,0.8034350311583224
6723,0.512839705679635
6724,0.48600197158301256
6725,0.5549198281187624
6726,0.43344239256836586
6727,0.41976357405853926
6728,0.41837703637403406
6729,0.42449713182979987
6730,0.474196883144049
6731,0.4871833132083824
6732,0.37304776150307645
6733,0.4699572880343338
6734,0.6112962761162929
6735,0.3889206150768
6736,0.7493065335428738
6737,0.4272972270832174
6738,0.4359495777874246
6739,0.648410612084237
6740,0.4713432664674293
6741,0.46752108401419007
6742,0.47336005901411216
6743,0.4551608958948355
6744,0.4466404866031702
6745,0.7717738400752834
6746,0.44426576405187607
6747,0.6381942739302903
6748,0.3873604059983123
6749,0.4391275951173058
6750,0.587554580370052
6751,0.4726976814325026
6752,0.49354510325207546
6753,0.38749733097897754
6754,0.4826416656877681
6755,0.6491193950365463
6756,0.4578274085028881
6757,0.6823133938436654
6758,0.2835609848865278
6759,0.4659620411196109
6760,0.3255010459304082
6761,0.5122905488600376
6762,0.6522967971141882
6763,0.3815978245627441
6764,0.5650775034299959
6765,0.5636420876618634
6766,0.5283089871429155
6767,0.49065816908273785
6768,0.3418254419125224
6769,0.3750380011944143
6770,0.4967072014655052
6771,0.6808652766209029
6772,0.47044548074721104
6773,0.45205163236226975
6774,0.7221577895741771
6775,0.5450675622229237
6776,0.35706441156876606
6777,0.5137895661774533
6778,0.5607002530776553
6779,0.43115697367050065
6780,0.6644313403910327
6781,0.449054033176405
6782,0.41421886053421925
6783,0.4950713145378568
6784,0.556871050635268
6785,0.5259546243119951
6786,0.6045846878283965
6787,0.8680355931711702
6788,0.48422498945687575
6789,0.46961086062077706
6790,0.4106494021425465
6791,0.6670433746696813
6792,0.6167787831397796
6793,0.550293027458608
6794,0.7028778826356723
6795,0.3975215340103718
6796,0.6963648285760689
6797,0.5370394710156814
6798,0.3532197201989702
6799,0.6151343035859518
6800,0.3218284085833628
6801,0.6067363747532272
6802,0.37898321044599
6803,0.5165391324088653
6804,0.6066128404614468
6805,0.5472197210398024
6806,0.6142000232521881
6807,0.5683092114836813
6808,0.5199682860680467
6809,0.5894275868360682
6810,0.35846580576127524
6811,0.5232013431368339
6812,0.425530168682296
6813,0.4059632448223794
6814,0.39038910790466974
6815,0.4317025654716452
6816,0.31832850199555707
6817,0.49550643148734436
6818,0.5375333995174886
6819,0.2984101438287779
6820,0.582398843017176
6821,0.5199381877078548
6822,0.3718542190518741
6823,0.4541591508077812
6824,0.6009169548948106
6825,0.43643662751282364
6826,0.5116631000245562
6827,0.5722546056220403
6828,0.4019823991618729
6829,0.6755211460350418
6830,0.4907536886980247
6831,0.541537108314919
6832,0.6640224706425788
6833,0.6562021828901161
6834,0.3099244194991602
6835,0.4899079946904323
6836,0.6155901758929291
6837,0.39892071250757205
6838,0.48606520199315933
6839,0.6293682238155742
6840,0.5480045553711729
6841,0.4925875311319319
6842,0.6026203222332578
6843,0.5356973081472857
6844,0.37384900828360546
6845,0.48337937196904657
6846,0.5203633464345685
6847,0.4733100471320769
6848,0.7170911229389896
6849,0.4540549209979247
6850,0.7574006961515105
6851,0.45117598166989564
6852,0.523729568244455
6853,0.3714504485051045
6854,0.7184808490256726
6855,0.46443898271507056
6856,0.33794742982979775
6857,0.4953582842609985
6858,0.6157834734996209
6859,0.42705980178180214
6860,0.5950190470995094
6861,0.3125358172241315
6862,0.45614661194729667
6863,0.5051973108625787
6864,0.6208636748684973
6865,0.8059587641835365
6866,0.48448244848661753
6867,0.4999198887363355
6868,0.7409764613409282
6869,0.6097980963426198
6870,0.5372487858145978
6871,0.40538483227922206
6872,0.605728357354553
6873,0.5202368585035555
6874,0.6199199435313564
6875,0.47743041666051356
6876,0.5242247135379975
6877,0.4537947020005867
6878,0.4606944923616235
6879,0.6325265329774821
6880,0.7006650285739888
6881,0.478969956659553
6882,0.5144577457324647
6883,0.4993446248378026
6884,0.8474687642043456
6885,0.49341321000681043
6886,0.6431324090712286
6887,0.5935954142138324
6888,0.7119454632112479
6889,0.533641221932862
6890,0.4645211398348793
6891,0.5873632996858461
6892,0.5809093096518483
6893,0.502666272233661
6894,0.6055736459032155
6895,0.6164480165606093
6896,0.5888977046629903
6897,0.47907632190108057
6898,0.6107989402695365
6899,0.5345247759612518
6900,0.466952896637563
6901,0.43493753069119556
6902,0.49719904837704065
6903,0.4517050278164394
6904,0.48897426832716734
6905,0.4871460238110073
6906,0.5204550597091784
6907,0.5036402813634129
6908,0.5110688527341372
6909,0.4408882059387562
6910,0.5234336573239531
6911,0.3763976574558205
6912,0.42837938512077556
6913,0.43760312890323116
6914,0.46166240576365136
6915,0.38487276808427695
6916,0.3550971388603088
6917,0.636088500705042
6918,0.4841300628959269
6919,0.7312078836607716
6920,0.463216675740571
6921,0.7029658003442614
6922,0.5699314637544042
6923,0.5002226644310263
6924,0.40085746980851605
6925,0.7125490192970263
6926,0.5245665179322235
6927,0.6707429466144191
6928,0.48992397508335167
6929,0.5852507242397956
6930,0.5414264905412591
6931,0.5819810058575969
6932,0.5901603055637888
6933,0.4997907111807111
6934,0.5769077047628961
6935,0.842533517110033
6936,0.5014826026764936
6937,0.38645879436824915
6938,0.41143403018925157
6939,0.39661154715917524
6940,0.4293017436116205
6941,0.5153209320157163
6942,0.5544269996229841
6943,0.4838583539521067
6944,0.6299198527101226
6945,0.49450469110490863
6946,0.6527919361699556
6947,0.6808749167250419
6948,0.6729944415640533
6949,0.5768666822750481
6950,0.5235524489000558
6951,0.5715183342305118
6952,0.4845194397644691
6953,0.6557290995971342
6954,0.6158166988075836
6955,0.471383617471242
6956,0.598593233036504
6957,0.4388701083469887
6958,0.438351988147747
6959,0.3814539277631803
6960,0.5082810628123551
6961,0.4912913190349932
6962,0.4797486787005182
6963,0.6032306564494608
6964,0.4483624447545245
6965,0.4379459390768197
6966,0.4528086239899257
6967,0.4258355870698942
6968,0.36831024207412943
6969,0.3545818647933163
6970,0.5222689270418374
6971,0.6473301774649348
6972,0.5418328027790565
6973,0.5049203085584276
6974,0.42501578778156185
6975,0.6050103679637455
6976,0.5431388022111231
6977,0.57337292510007
6978,0.6355963886986369
6979,0.4670050060244117
6980,0.5626281560612097
6981,0.5225534059508529
6982,0.898803153812011
6983,0.3726541619471669
6984,0.4230033583582715
6985,0.41903081315525625
6986,0.5077791621732602
6987,0.6010307612689451
6988,0.5010721451425125
6989,0.5675602438909721
6990,0.46822852417318067
6991,0.3870823815400037
6992,0.7746325045838832
6993,0.6868626597635666
6994,0.6073181795954168
6995,0.4158804346502766
6996,0.42450786402674684
6997,0.5058598710589087
6998,0.40003129253270175
6999,0.4553394705536675
7000,0.4922038113237027
7001,0.5832736406159506
7002,0.5813982325082957
7003,0.5182340207260258
7004,0.4499187045469762
7005,0.5954078641432473
7006,0.4977991268169395
7007,0.43422244086497247
7008,0.5831264834360953
7009,0.6139943932925344
7010,0.5853988367127041
7011,0.4425522002501086
7012,0.47783712677353063
7013,0.4796275621483023
7014,0.42601670436367023
7015,0.38500313510059025
7016,0.6149702945303621
7017,0.5556555142330056
7018,0.598283772432298
7019,0.654633279127576
7020,0.40657441207433015
7021,0.6157589123042361
7022,0.5615891030170685
7023,0.3039595650666995
7024,0.5015060969717291
7025,0.4987937570167752
7026,0.5657451428207663
7027,0.2903501870485684
7028,0.6044601688210408
7029,0.5584885533773128
7030,0.33337936579690153
7031,0.5719040961993224
7032,0.5672208783415504
7033,0.4795009548388408
7034,0.43657919725518046
7035,0.41441292778285954
7036,0.2512442165753484
7037,0.4664420752161496
7038,0.54867013688976
7039,0.34595602340389786
7040,0.4652925270863825
7041,0.5010850413154521
7042,0.48031029830081706
7043,0.4483099978778303
7044,0.6572533677058805
7045,0.6073840193548032
7046,0.4341443447379355
7047,0.5375320093184172
7048,0.6728797811650262
7049,0.5255676590783711
7050,0.7544687769129311
7051,0.47015803715195337
7052,0.4952118888511417
7053,0.4291585312277756
7054,0.5885622222384516
7055,0.45555975316211017
7056,0.4570059005427845
7057,0.5697542296830513
7058,0.5979802480797707
7059,0.4604064777725395
7060,0.42961976853443173
7061,0.6925041118750953
7062,0.5483493167121958
7063,0.613354611748133
7064,0.6283471377553724
7065,0.3622200659828497
7066,0.4827783714883526
7067,0.6229604095608767
7068,0.49249150760134236
7069,0.48087964692572355
7070,0.6013802682924116
7071,0.42235954277176796
7072,0.5576752223345419
7073,0.5864359446372015
7074,0.5892267381681037
7075,0.5270160427207917
7076,0.39716397210809506
7077,0.5713850882468499
7078,0.4615594551396916
7079,0.5731939562485315
7080,0.5619010086028711
7081,0.6369264826966157
7082,0.6012849757143308
7083,0.4312421510798616
7084,0.47800165673045497
7085,0.4634209089287907
7086,0.5584194219260779
7087,0.4182437515923352
7088,0.6807914595613573
7089,0.513423762779688
7090,0.5675498722462629
7091,0.33913997883835323
7092,0.5592584889488778
7093,0.6100411933782209
7094,0.42358945557033884
7095,0.5983744411200739
7096,0.4615403021467981
7097,0.6054209792281986
7098,0.5556189098050703
7099,0.5327967037329814
7100,0.6143286114570451
7101,0.6345197572776266
7102,0.4963670998028919
7103,0.528448025780179
7104,0.5295893752462361
7105,0.39837101028584343
7106,0.30230953962726004
7107,0.433175674215931
7108,0.5756695811974718
7109,0.49546850009312793
7110,0.530276215808087
7111,0.5477382095945177
7112,0.6119819551266925
7113,0.3970188641705679
7114,0.40748354054752534
7115,0.4336212894547017
7116,0.6068975882871804
7117,0.5337281150568146
7118,0.49592293946658883
7119,0.44256758714496325
7120,0.7328811772321964
7121,0.3314694996158392
7122,0.545463579304774
7123,0.48274863420714664
7124,0.576696510593983
7125,0.5888740817642373
7126,0.5254733338186623
7127,0.5100662782667064
7128,0.6731029838664702
7129,0.46066608562568545
7130,0.709374715581315
7131,0.42821201614243953
7132,0.3414034152655113
7133,0.6275856904067372
7134,0.47459652370265004
7135,0.5159749709148905
7136,0.46693523006165083
7137,0.4994765111479493
7138,0.6264304098558336
7139,0.4434779420834681
7140,0.5941311376472178
7141,0.37429097584931487
7142,0.46620432301122683
7143,0.7006605233348311
7144,0.3904249120713685
7145,0.3996594786710955
7146,0.46692880636150913
7147,0.3663151509160498
7148,0.5147777897804879
7149,0.5332710830861198
7150,0.40331737318212363
7151,0.6521723428846907
7152,0.6190812571890902
7153,0.5607795474189754
7154,0.3900243218575443
7155,0.5658183890928409
7156,0.45648733766190785
7157,0.40160224152400403
7158,0.4599243732474135
7159,0.7627746188861138
7160,0.4845116695483497
7161,0.3731418211436561
7162,0.5878422460867794
7163,0.5253567315420186
7164,0.4678831544823304
7165,0.613310276943068
7166,0.6652210021889653
7167,0.37532563983655176
7168,0.4444376405216969
7169,0.5545301067264766
7170,0.4951015483612473
7171,0.4080884288349558
7172,0.39729516314735414
7173,0.5318622029584564
7174,0.5933200220734989
7175,0.5001680018213828
7176,0.3974900887655537
7177,0.5766689849660249
7178,0.5031049238448791
7179,0.6574713558817249
7180,0.3479675358559699
7181,0.4483244214773789
7182,0.3803169575931681
7183,0.5169257302198188
7184,0.6142160021354655
7185,0.4504765677495439
7186,0.4397338508573922
7187,0.5053716312683353
7188,0.513119551448469
7189,0.45291256385813217
7190,0.5214983045386632
7191,0.45099115592355976
7192,0.593759781555344
7193,0.6396330731887898
7194,0.5914496783445433
7195,0.5230827855997967
7196,0.5466196408868018
7197,0.49140432542593787
7198,0.46891088698099204
7199,0.33525244054613196
7200,0.47978780883182476
7201,0.4421399641308303
7202,0.46573187540577954
7203,0.5067846565009875
7204,0.5356762980422822
7205,0.3694881724863429
7206,0.5277853274339612
7207,0.5808004076613016
7208,0.3578726570050431
7209,0.43089891654669094
7210,0.5589885942268443
7211,0.5802762909174899
7212,0.473614856223876
7213,0.43144367320854404
7214,0.4709799243935796
7215,0.430626218752019
7216,0.5253412725914129
7217,0.3587908209589069
7218,0.4014229623314953
7219,0.39528281969527357
7220,0.5866223271296478
7221,0.42052759865961753
7222,0.5035193657839789
7223,0.5272035971906287
7224,0.4176189509699017
7225,0.5260600701299141
7226,0.5622300444945526
7227,0.5184769976807315
7228,0.5215441360000622
7229,0.5908519864794191
7230,0.5022897278336516
7231,0.26224746601066395
7232,0.5180530851881155
7233,0.6223009399525775
7234,0.4572506185506051
7235,0.36896919524702826
7236,0.5858783654310286
7237,0.4933499406661293
7238,0.4725356040951812
7239,0.4456618427087205
7240,0.46604365402568204
7241,0.6630718480960505
7242,0.5562179732469552
7243,0.42051178600605
7244,0.569891489398986
7245,0.44733122552436155
7246,0.6209247796622724
7247,0.4949193437886519
7248,0.4432912466801005
7249,0.5701943312603005
7250,0.5683262540558812
7251,0.4891438938850627
7252,0.5194756849963786
7253,0.5889696681684531
7254,0.49475127908234484
7255,0.5652691008598298
7256,0.5446922027734211
7257,0.48357354212260534
7258,0.47098296324110966
7259,0.41691767089027
7260,0.4117412142515062
7261,0.5041303556171314
7262,0.5643265857233611
7263,0.43341115760143856
7264,0.50507756546812
7265,0.5321722488576129
7266,0.43060086043863427
7267,0.534683382470452
7268,0.572479938729384
7269,0.5707073543224056
7270,0.45093999819976965
7271,0.44079098419966994
7272,0.4506145231035811
7273,0.5908001570992544
7274,0.54139868710509
7275,0.6104993332640896
7276,0.5479761760086128
7277,0.5935340035134877
7278,0.6081744888995338
7279,0.47365512701424356
7280,0.4089983236307616
7281,0.4513573061639839
7282,0.44390441103804845
7283,0.4933784430924291
7284,0.6810288485336574
7285,0.6422846367181848
7286,0.3813305930083149
7287,0.5120386858586337
7288,0.5405202974695967
7289,0.4504974453475356
7290,0.46726227511268886
7291,0.6045140135599679
7292,0.4696665110952008
7293,0.58069220332941
7294,0.5144049543775469
7295,0.648987961820573
7296,0.501480332243948
7297,0.6032281789608044
7298,0.4849920192903633
7299,0.46318208047834214
7300,0.4743950110839812
7301,0.4744404820804683
7302,0.5447721228735672
7303,0.5162658888489986
7304,0.4839443289824334
7305,0.49870907821623434
7306,0.5475992547715355
7307,0.5677440455187425
7308,0.5336813670430034
7309,0.7709414613407697
7310,0.868938290488934
7311,0.4716945225604948
7312,0.5411909128170883
7313,0.5047064765402306
7314,0.44570708623560135
7315,0.6607034422205388
7316,0.5318648152914875
7317,0.5092647605229191
7318,0.41583522689438573
7319,0.4533388845345644
7320,0.32810533985500245
7321,0.5235557860825351
7322,0.5707507309337738
7323,0.5759005791380482
7324,0.49070906167432005
7325,0.35355950080588167
7326,0.6036314423798119
7327,0.389807398080355
7328,0.3725871189298038
7329,0.31180042879754777
7330,0.36815520648282796
7331,0.6127230167586185
7332,0.6086999176862158
7333,0.5828743412021354
7334,0.7698294103114021
7335,0.5315864434289607
7336,0.47826826327228444
7337,0.7238086204587456
7338,0.3867252625653211
7339,0.3639484555343598
7340,0.45335639038343695
7341,0.5225389491680014
7342,0.5214074274708843
7343,0.38767877178905985
7344,0.4074431530839182
7345,0.3974850667679463
7346,0.38271921337788395
7347,0.6966832517050676
7348,0.5320112852504113
7349,0.7239435122605435
7350,0.4638444068857036
7351,0.6315049379420001
7352,0.5017377380708914
7353,0.4962200470446791
7354,0.48806294407655754
7355,0.6237563586912946
7356,0.6006156071289275
7357,0.3762945405704854
7358,0.647071691954645
7359,0.5079036266321045
7360,0.42307303595867296
7361,0.524240908667265
7362,0.6448075709744787
7363,0.46550409805317905
7364,0.4706980757789029
7365,0.4969947229073153
7366,0.3393702460630923
7367,0.5015451253016051
7368,0.4580054651470528
7369,0.4348146597904393
7370,0.5988895779798582
7371,0.540872868301755
7372,0.538900783231434
7373,0.44891470294478114
7374,0.7284771545680258
7375,0.3729404306967786
7376,0.5047003463527336
7377,0.3900889334631117
7378,0.4616307271228202
7379,0.5818546568915053
7380,0.4526028813335967
7381,0.6043010783689805
7382,0.5535071102165092
7383,0.45617758059507585
7384,0.5831839768305926
7385,0.7276234227802996
7386,0.4915237065576153
7387,0.5445474805298612
7388,0.5862249098456157
7389,0.4623808666240673
7390,0.5982539801892154
7391,0.6294340207258958
7392,0.4603091376989362
7393,0.5811248114133403
7394,0.47854751740649315
7395,0.671229903324484
7396,0.6522504117462367
7397,0.5876242621856266
7398,0.4778121454021227
7399,0.5340726824309932
7400,0.5053693335583404
7401,0.457008889917629
7402,0.533756882585748
7403,0.575397331651054
7404,0.3967543470185974
7405,0.5113361548057272
7406,0.5481375649205368
7407,0.5665452631958849
7408,0.5881346587919853
7409,0.674043181637785
7410,0.3898876740203906
7411,0.47948763487388946
7412,0.3777094111997071
7413,0.4687575968908039
7414,0.5775705175609338
7415,0.5200787610261417
7416,0.42436082716015056
7417,0.592792508700195
7418,0.5817544516842671
7419,0.5210126916564215
7420,0.43045237962271365
7421,0.3423530086550126
7422,0.5101196010379327
7423,0.43465993249569085
7424,0.5499816940655968
7425,0.4501542005532752
7426,0.4838276736655799
7427,0.4898758721693507
7428,0.5888619830647317
7429,0.4624620880511682
7430,0.5645180175815804
7431,0.48283750274554027
7432,0.6341271543139284
7433,0.48461823168078616
7434,0.4839603513537692
7435,0.3468108308971737
7436,0.4465460679299549
7437,0.4670956737600859
7438,0.41003091608887426
7439,0.4103134540095923
7440,0.5295663965677427
7441,0.6658920113201623
7442,0.4184527175118278
7443,0.6689827399915019
7444,0.6076760379162238
7445,0.4748828639769936
7446,0.5457882819280008
7447,0.4697615373238001
7448,0.6070479875417573
7449,0.39225300032348154
7450,0.4107195910337048
7451,0.44436867717405387
7452,0.4475650312010213
7453,0.4684531470219259
7454,0.447174426951822
7455,0.4931201891003303
7456,0.5552304352621281
7457,0.6812891337630226
7458,0.3971282828136029
7459,0.4401465338203024
7460,0.4849464145573913
7461,0.4425516454999239
7462,0.571120009118008
7463,0.5765220808845923
7464,0.6011231648724328
7465,0.5100965231537489
7466,0.5311274257571814
7467,0.6099037528340976
7468,0.33740691299334746
7469,0.5077092563942609
7470,0.5247391050439278
7471,0.5880535953230394
7472,0.37187685112943725
7473,0.577741477362879
7474,0.39431062803872396
7475,0.4406235301794844
7476,0.5081112192147702
7477,0.606394102888747
7478,0.6898355664880986
7479,0.47362679260666773
7480,0.6201429436610297
7481,0.4607301841571871
7482,0.4829207066570569
7483,0.6391294127395774
7484,0.5019471226954125
7485,0.6595887783642211
7486,0.33473663233555107
7487,0.5787028664802804
7488,0.6292566046908024
7489,0.5987098668966326
7490,0.4467685024387572
7491,0.5112256240841206
7492,0.6562827118624283
7493,0.5300882608230415
7494,0.4401800046631158
7495,0.6890793169859455
7496,0.40236274140976086
7497,0.49738294493288976
7498,0.3989558622711365
7499,0.5071047443485871
7500,0.6388696044349371
7501,0.6241097416075634
7502,0.5879220048754228
7503,0.5726245725318089
7504,0.5400462383787313
7505,0.5302940139861297
7506,0.4622599167639063
7507,0.5550294578291787
7508,0.3144745766509265
7509,0.5434421913256465
7510,0.5134734379696526
7511,0.49364822802299374
7512,0.5474512338174344
7513,0.3753588308585205
7514,0.486712880146017
7515,0.5600831885538677
7516,0.5636750524320565
7517,0.42896411687647923
7518,0.5188448265393585
7519,0.4835516298132903
7520,0.5615703048202125
7521,0.6877542962147087
7522,0.5256143155446296
7523,0.42957477908067077
7524,0.6299761308129267
7525,0.5106783859918015
7526,0.5606235433083712
7527,0.4656242024640978
7528,0.44692366338888573
7529,0.4197750656820905
7530,0.4099400144667076
7531,0.5609120798147132
7532,0.4674850483461093
7533,0.4590176508547977
7534,0.49221323987188337
7535,0.5188752426794051
7536,0.41760677113243105
7537,0.47636693781811834
7538,0.3861618917568967
7539,0.5089514397586472
7540,0.4348439630251526
7541,0.5911106592810403
7542,0.3800593429735388
7543,0.6084115487255644
7544,0.37946165707455104
7545,0.5898604170996199
7546,0.49823574950486604
7547,0.5186331208796391
7548,0.4922555585605979
7549,0.6507196838196284
7550,0.5760233317148885
7551,0.5200144739286741
7552,0.5275063219056421
7553,0.5173436973368455
7554,0.3817395103650204
7555,0.5268629165554519
7556,0.6398697064130158
7557,0.31132214855578266
7558,0.5820432271357646
7559,0.5332402452980439
7560,0.47072482416540234
7561,0.37556330691633744
7562,0.5244681133788688
7563,0.6813555793121213
7564,0.5835199714090158
7565,0.6471410473677888
7566,0.41533210028800815
7567,0.45833773431580943
7568,0.6338779945062843
7569,0.3511219843760994
7570,0.616441060213849
7571,0.5177451259662205
7572,0.5384788057341998
7573,0.5434616831447043
7574,0.4621395719503681
7575,0.4548829556732401
7576,0.3852817682427501
7577,0.5285690802414286
7578,0.6176872570551901
7579,0.5242591312701755
7580,0.46649631528057606
7581,0.49137231746407456
7582,0.41403402439355996
7583,0.5028025853484511
7584,0.5359909906155954
7585,0.5146445536117668
7586,0.8146130550206783
7587,0.4739135209390916
7588,0.6486878271674794
7589,0.5311748068535397
7590,0.5591048724907965
7591,0.44023032524971284
7592,0.5125094824971845
7593,0.5797863582980639
7594,0.5473278927953464
7595,0.4150333893614528
7596,0.6028138383848567
7597,0.4383064482898629
7598,0.5809619717961048
7599,0.553696458826873
7600,0.49481164054513566
7601,0.3237609055680481
7602,0.6201506336285717
7603,0.41863441033481585
7604,0.42262690457110136
7605,0.41939502056339356
7606,0.5720999640826955
7607,0.49474156862869223
7608,0.5468160960638049
7609,0.6270797103984325
7610,0.48003076378443427
7611,0.41529471531820206
7612,0.45481896088007523
7613,0.48314974674253974
7614,0.3626230237766997
7615,0.6182466079853152
7616,0.49352449637887524
7617,0.5132891657365793
7618,0.3793043953995583
7619,0.5098169689162818
7620,0.46847366336250773
7621,0.49919895653202584
7622,0.33491075140766347
7623,0.39831750059302967
7624,0.44425015600828394
7625,0.5367166134923836
7626,0.460867118070365
7627,0.4210239778650867
7628,0.6338820562714423
7629,0.47853647239907177
7630,0.4092770711253583
7631,0.398778203341291
7632,0.4167242209759094
7633,0.38720611491662377
7634,0.7214307049003339
7635,0.5874618718057127
7636,0.6492148765558111
7637,0.6380390334611278
7638,0.450370337903703
7639,0.443456377722837
7640,0.4975823683207138
7641,0.5274398814533857
7642,0.5193305329016905
7643,0.613048556409594
7644,0.5907992509665871
7645,0.6415187851625901
7646,0.6146975791464859
7647,0.45430115595200815
7648,0.5810913532311036
7649,0.47754846471141427
7650,0.6281314186331978
7651,0.45730978469529016
7652,0.3410373595441757
7653,0.6161062888621234
7654,0.42795447246765533
7655,0.41730090951115834
7656,0.5382121359089934
7657,0.5440571193223479
7658,0.5183096968534324
7659,0.29250897080130445
7660,0.4748090606302349
7661,0.5548535927565573
7662,0.545061284199615
7663,0.5920436828880487
7664,0.5052517712402737
7665,0.46614173855843244
7666,0.44547441968269597
7667,0.5148733605978761
7668,0.5342204381448626
7669,0.5402877208008073
7670,0.5431096447839643
7671,0.36099793466473284
7672,0.41268585095370836
7673,0.5142499170993219
7674,0.4004427230442014
7675,0.5773078093019645
7676,0.3337677256902263
7677,0.5737637312045536
7678,0.4276792628333455
7679,0.6521547087311481
7680,0.4629729748907546
7681,0.4328582795407487
7682,0.686764145120555
7683,0.5172816415812715
7684,0.48138863941361487
7685,0.4542191254835759
7686,0.5564216411069819
7687,0.5113736363974084
7688,0.42933177844146064
7689,0.5123502299279247
7690,0.47007469356388615
7691,0.5791418515962001
7692,0.5595507225937348
7693,0.4420185066396282
7694,0.4774828156838081
7695,0.4723566819255458
7696,0.41427379204771675
7697,0.6030654964031336
7698,0.41029718392886705
7699,0.4993393791264009
7700,0.5032787452700123
7701,0.43588200146813305
7702,0.5139997781464256
7703,0.4151500487107361
7704,0.6091715338735748
7705,0.49616508608654936
7706,0.5001405937267079
7707,0.49422820709458476
7708,0.6051758433448446
7709,0.4090419609497243
7710,0.46338541088168894
7711,0.6675417551219592
7712,0.4512799170428719
7713,0.4590161428349107
7714,0.6258985871042573
7715,0.5907788983621259
7716,0.4411849248294103
7717,0.4620061924377734
7718,0.5014186778214159
7719,0.6118789309825161
7720,0.5310352493475814
7721,0.38608736175018965
7722,0.6595840872389198
7723,0.42015696307652745
7724,0.5399193265398518
7725,0.4578860107255387
7726,0.40737176313817663
7727,0.3942644934909036
7728,0.4122633593003308
7729,0.5084883104452614
7730,0.4146335613285764
7731,0.4050553629720718
7732,0.6797360045897562
7733,0.5679649380375388
7734,0.4796590338113511
7735,0.7350824891099872
7736,0.5071612460633437
7737,0.44046646199125106
7738,0.5869674015891878
7739,0.6125503662874809
7740,0.5250962172257868
7741,0.6339062026183995
7742,0.6811022463360515
7743,0.5175465489593569
7744,0.5298666636649002
7745,0.5130406617412488
7746,0.522739791643503
7747,0.48610491972886233
7748,0.5855319261980658
7749,0.50093705773916
7750,0.5573891518677443
7751,0.5652566513399467
7752,0.4680818626449603
7753,0.42550405418177156
7754,0.34175584737615533
7755,0.3389628595178541
7756,0.4980658763244343
7757,0.39852379440182967
7758,0.5697456067089635
7759,0.6758209411125169
7760,0.5251271458360698
7761,0.4237234290383746
7762,0.7088930748428516
7763,0.7285094287348288
7764,0.44987271756779595
7765,0.399123125711242
7766,0.507118587981547
7767,0.6166302503468817
7768,0.5410771939484675
7769,0.5755589567458691
7770,0.8039755205757229
7771,0.4339105624586858
7772,0.49628757432381787
7773,0.3539094674402381
7774,0.4472189367531346
7775,0.4980513654091212
7776,0.4319339233220423
7777,0.6127302165925351
7778,0.5258396273701085
7779,0.5463248207381151
7780,0.5177408608453102
7781,0.47437633875013585
7782,0.5609601577917946
7783,0.43907685083551246
7784,0.617805676021313
7785,0.340237053408608
7786,0.6157925667263453
7787,0.44649451004585083
7788,0.45848445711120644
7789,0.35844548490012745
7790,0.3933161304978138
7791,0.4851611558738235
7792,0.46742498681576167
7793,0.4207390195267393
7794,0.5290533028658537
7795,0.5269441074949066
7796,0.43254082677468464
7797,0.531296588450821
7798,0.34832311430142127
7799,0.4354397029227854
7800,0.5166700487947722
7801,0.7081890486284114
7802,0.40247966636975424
7803,0.5672046041381941
7804,0.6241430338939927
7805,0.3552159672322367
7806,0.7038371987594955
7807,0.4112397693236749
7808,0.5571388289126825
7809,0.36482475427364525
7810,0.4535244338737119
7811,0.5655373833437165
7812,0.46623515583417274
7813,0.5237171237928012
7814,0.47585699773713297
7815,0.3724270861104101
7816,0.5015733074256186
7817,0.6646743073819091
7818,0.5897006036564691
7819,0.5540911233177747
7820,0.5256902366511953
7821,0.5180386292154122
7822,0.8061900533767028
7823,0.5417610892091583
7824,0.575395884833786
7825,0.4736325839208703
7826,0.4194902376036792
7827,0.391597311946153
7828,0.3959685634036931
7829,0.5655514694849482
7830,0.33523347585861496
7831,0.48164038068006493
7832,0.5062129640709389
7833,0.32908223560580296
7834,0.534200991073975
7835,0.4475480364857939
7836,0.434860084994573
7837,0.6359859207247409
7838,0.6173699333777951
7839,0.5648837743376665
7840,0.5291385498054109
7841,0.41148792092282244
7842,0.4347288316037438
7843,0.4918993768943804
7844,0.4474517546102493
7845,0.5343264950286433
7846,0.42061887665527226
7847,0.47446399263422706
7848,0.5794621485864768
7849,0.3842445328752295
7850,0.5789008258394608
7851,0.3622627629854026
7852,0.33984576596024374
7853,0.4358461126739376
7854,0.6416416626823628
7855,0.6393029444769561
7856,0.5507159435908658
7857,0.5148530844355563
7858,0.5701356842673697
7859,0.5325252159488563
7860,0.39521093042596067
7861,0.5964791528019778
7862,0.6096820580696705
7863,0.5182608607459375
7864,0.677232923525037
7865,0.4796847083690713
7866,0.5700113192510592
7867,0.4215837122585171
7868,0.7348161681534214
7869,0.6088381695751671
7870,0.5993125056493858
7871,0.3719261377439468
7872,0.4131888560266924
7873,0.4046267782298538
7874,0.5041773793429867
7875,0.40366978687474164
7876,0.5055896520828658
7877,0.4458767096324633
7878,0.5488970908171648
7879,0.4059429945763542
7880,0.48603633621994274
7881,0.46850720737172935
7882,0.7507061913275304
7883,0.42785235523502585
7884,0.464440839222873
7885,0.5916309633569802
7886,0.5201437156399149
7887,0.4803134951627852
7888,0.6038337203073136
7889,0.5372238164125999
7890,0.5087114749649575
7891,0.3798402515477392
7892,0.6426810653128878
7893,0.5466695799814849
7894,0.6877879846970063
7895,0.39789559920805617
7896,0.3858375742886796
7897,0.5177557566233423
7898,0.48819797501877954
7899,0.3088365653271302
7900,0.5559059541544471
7901,0.6065858729749136
7902,0.47624833975696806
7903,0.5903134107827106
7904,0.5658292434634588
7905,0.46426539837031733
7906,0.4173285528583335
7907,0.6791019149460364
7908,0.4827905135369658
7909,0.6664309305887484
7910,0.4630792711922099
7911,0.4226764418317593
7912,0.6639754934456031
7913,0.42067354222778003
7914,0.4521138879791562
7915,0.6497009238336947
7916,0.6542691040042296
7917,0.4762605447101514
7918,0.38553320881013126
7919,0.564892972070491
7920,0.7172034820725899
7921,0.3988787724763626
7922,0.4372494954688313
7923,0.5793313323827163
7924,0.40706704224164275
7925,0.48546706904024467
7926,0.49358626999870536
7927,0.477246225463588
7928,0.3600470407482962
7929,0.48666696604580134
7930,0.6334890418745374
7931,0.48114393204497286
7932,0.7130178168806534
7933,0.5199438926409965
7934,0.41895777381198973
7935,0.6054962260153907
7936,0.41819126581730764
7937,0.524979220572034
7938,0.5392335856698799
7939,0.4943646116136299
7940,0.4193527294920337
7941,0.42233306379433283
7942,0.48966248926054573
7943,0.558948287073219
7944,0.7207351785639766
7945,0.37554935414229307
7946,0.566106889864725
7947,0.511709008258362
7948,0.5059695559154157
7949,0.6630587305354944
7950,0.41040775050136924
7951,0.5696117528289546
7952,0.38937716188413407
7953,0.393465521643108
7954,0.3884564018006969
7955,0.4843989898678782
7956,0.4611445638861193
7957,0.5717018206299511
7958,0.6128792322764232
7959,0.47686542151963607
7960,0.407660972648028
7961,0.6280164700843557
7962,0.5924627305031649
7963,0.45993643350041896
7964,0.3419008570889681
7965,0.54563999546112
7966,0.5032161339456851
7967,0.4683674881070473
7968,0.6326864884776424
7969,0.5000556864768039
7970,0.4754746770039178
7971,0.4817095377311431
7972,0.5418800328273098
7973,0.5155564359768323
7974,0.5366116422362586
7975,0.5670827756703714
7976,0.3897476345880983
7977,0.5353949186603255
7978,0.5127069461118615
7979,0.5118945919754018
7980,0.34257941133082964
7981,0.45098134569716747
7982,0.5174906663651698
7983,0.5505456088860339
7984,0.5903293673025434
7985,0.46136648937115105
7986,0.6130245137327736
7987,0.5982089799490898
7988,0.42442805827555175
7989,0.6494106226533465
7990,0.7391706857332534
7991,0.4196753417153846
7992,0.4500277505296328
7993,0.34150609630431117
7994,0.557548798400312
7995,0.4461179597919532
7996,0.597668904221622
7997,0.49758880796099214
7998,0.45055940788603377
7999,0.41686350526952576
8000,0.37799720961735184
8001,0.44053705652662684
8002,0.4355978476511784
8003,0.5344004624417328
8004,0.44749657752064137
8005,0.4485320232445725
8006,0.7046422123479213
8007,0.44982833806039074
8008,0.5227405024898015
8009,0.6079012300913469
8010,0.5149977044804944
8011,0.5033650675585677
8012,0.4571693719367974
8013,0.5106458001035673
8014,0.7117074406160449
8015,0.6185474163208313
8016,0.42219738133720197
8017,0.6511968294845164
8018,0.5100336351377094
8019,0.49824774393976196
8020,0.45059891501988786
8021,0.47790445248966834
8022,0.3978156550744107
8023,0.48051030093603875
8024,0.46540423765404626
8025,0.4388336940770903
8026,0.41492947649181666
8027,0.6522321639442776
8028,0.4580245207300292
8029,0.6028907974863457
8030,0.3952449263640479
8031,0.46278348517178636
8032,0.4892845614557487
8033,0.48442603877364
8034,0.47547701906185835
8035,0.4980428814717137
8036,0.4449554367979964
8037,0.5212973088472964
8038,0.4891881119132205
8039,0.446175249710185
8040,0.5188418227540617
8041,0.5070697221855079
8042,0.5494951821039245
8043,0.5219097218805556
8044,0.508062914449661
8045,0.3212508137680713
8046,0.45682228978967243
8047,0.44531696887667044
8048,0.4583924757170327
8049,0.47631522022088857
8050,0.4509372065083139
8051,0.48470993922406186
8052,0.5539393827922086
8053,0.49194451956793395
8054,0.42958807524062126
8055,0.34574402444251373
8056,0.723187519453856
8057,0.41403611132117035
8058,0.7059491408604613
8059,0.48931083937565295
8060,0.6108763635090572
8061,0.47053085805709266
8062,0.42828913656061895
8063,0.475292273883149
8064,0.5342661367831087
8065,0.47021954887327894
8066,0.579988185374663
8067,0.5588904970628777
8068,0.35582306735518543
8069,0.48095052389531223
8070,0.4949771242884142
8071,0.5001351041466536
8072,0.4056768199494344
8073,0.5793220906043853
8074,0.5231131890625044
8075,0.525651600235602
8076,0.5128160898654073
8077,0.4905789656866924
8078,0.4150967553912741
8079,0.4215528065681861
8080,0.32961542573948793
8081,0.6239919631935573
8082,0.5015757902527161
8083,0.5206152804348951
8084,0.6621938904288059
8085,0.46682006568196904
8086,0.6195635797076076
8087,0.5105997229545535
8088,0.6392505181181166
8089,0.5459777024849678
8090,0.35044342093216035
8091,0.5171942676305856
8092,0.42653865832843424
8093,0.3238388650659816
8094,0.6192168083810412
8095,0.5604773348883024
8096,0.3885609562123894
8097,0.4561069802044208
8098,0.6149436327569302
8099,0.42743378035126023
8100,0.5096790352556435
8101,0.4046243344412025
8102,0.47129355930994943
8103,0.4091837372300456
8104,0.5586164196990456
8105,0.5255813656508717
8106,0.5386426823711009
8107,0.5602980441750255
8108,0.47683868478309316
8109,0.539712795343974
8110,0.6774759656745809
8111,0.40267884486291833
8112,0.5568407599674123
8113,0.5432784824402765
8114,0.4144304904211705
8115,0.7284508303762547
8116,0.5731556487228119
8117,0.43007796301902934
8118,0.5094525874545824
8119,0.5324121716424859
8120,0.44158655571845296
8121,0.41407294826504326
8122,0.34749737308340023
8123,0.7543124651589286
8124,0.5773331261911037
8125,0.4726325579251863
8126,0.4394038748283101
8127,0.5074274866997339
8128,0.393709583525337
8129,0.46858559860648075
8130,0.4078182525218319
8131,0.7347039968494314
8132,0.3660404066613535
8133,0.39468393290735376
8134,0.30042999307197393
8135,0.442735692168023
8136,0.4046956820120116
8137,0.6272967033765706
8138,0.45038103180567346
8139,0.3899760912186368
8140,0.5830484243437611
8141,0.46140872244223025
8142,0.7777331141560802
8143,0.4246827980226225
8144,0.4510700912252083
8145,0.6247926454943087
8146,0.4541557274858354
8147,0.4821418683472701
8148,0.39208895982895964
8149,0.5369457170706653
8150,0.5712961821348457
8151,0.4999385817058404
8152,0.3942871525906805
8153,0.7578890433487475
8154,0.5395951623374908
8155,0.4106708257304738
8156,0.4365415188479549
8157,0.430509472265028
8158,0.6219855809435761
8159,0.5204143611851256
8160,0.5343400221535527
8161,0.4909048038636288
8162,0.47681427660429393
8163,0.4678780443303945
8164,0.5963976495422952
8165,0.6856477635285531
8166,0.40687801523854095
8167,0.5680399569090887
8168,0.49588596022989817
8169,0.40068775661204414
8170,0.36769130359575686
8171,0.4307936702966688
8172,0.6382238061975615
8173,0.3850135929830226
8174,0.4826601022924292
8175,0.5145074550749559
8176,0.45760062836429344
8177,0.5714431386972527
8178,0.6209897290674875
8179,0.5720276609985087
8180,0.4998546607304743
8181,0.5251419029960853
8182,0.3849475815962039
8183,0.6103507876681346
8184,0.5413278737059914
8185,0.36219773684102113
8186,0.6112636060499262
8187,0.4599925309548028
8188,0.4955060737853559
8189,0.6884567140308003
8190,0.4175888302013028
8191,0.4591770201185997
8192,0.6120076144894988
8193,0.6426330943234577
8194,0.6185034269385596
8195,0.40921153171871794
8196,0.3844316759373173
8197,0.5475617793394458
8198,0.5582145791950266
8199,0.4487940906414047
8200,0.4932438564843788
8201,0.8163723668672052
8202,0.4997214959777959
8203,0.48052134598799184
8204,0.63536575964939
8205,0.8506503813195962
8206,0.4847435123635631
8207,0.5175864381392485
8208,0.4962070554320281
8209,0.48139763170233857
8210,0.47113091277907165
8211,0.33781580701372016
8212,0.435180857553344
8213,0.5040454218026362
8214,0.4932880434785595
8215,0.36579968557631826
8216,0.6501806786109762
8217,0.42675258502326174
8218,0.5358793695247487
8219,0.5337430333691274
8220,0.4912338315753704
8221,0.5451715296499574
8222,0.5150082252362708
8223,0.6113876429106692
8224,0.6350741007730252
8225,0.44128010538780893
8226,0.5491276754495277
8227,0.4483846789845125
8228,0.4762266299249253
8229,0.4337618331007351
8230,0.5397078021231162
8231,0.477375066621398
8232,0.44403507800751024
8233,0.49944599268223255
8234,0.4074076391312744
8235,0.43725891058755373
8236,0.4406506656102747
8237,0.5529404816397059
8238,0.4932698274015004
8239,0.5330892871419207
8240,0.3837400435105853
8241,0.7328080462860902
8242,0.5360804659006403
8243,0.5161642322646645
8244,0.6108679946558374
8245,0.3748968099865369
8246,0.42663749871643963
8247,0.4861332359795738
8248,0.3559532629288573
8249,0.3754494155378578
8250,0.47865729379606764
8251,0.39375364306725213
8252,0.4659409020428022
8253,0.43358625621565106
8254,0.5936580450604839
8255,0.6029394480601395
8256,0.5462394270292164
8257,0.5632811557339775
8258,0.5110371735528113
8259,0.5795838907443861
8260,0.5084573866627691
8261,0.5897266291822612
8262,0.5416393788020579
8263,0.5064097712598706
8264,0.532302917273451
8265,0.5303265151908803
8266,0.40215291796903346
8267,0.42578447516516194
8268,0.4333032489015695
8269,0.3658406815894055
8270,0.4935251103749849
8271,0.40409767516050416
8272,0.5294062653571846
8273,0.44822700041073005
8274,0.33541604451742396
8275,0.43669096752515074
8276,0.6461943724008263
8277,0.5505688547241332
8278,0.4812373010509753
8279,0.5071235711442614
8280,0.542396309592981
8281,0.5513988347888927
8282,0.3992235554365915
8283,0.4033084713314547
8284,0.4303444651166163
8285,0.41785855538309047
8286,0.3296279952487827
8287,0.4576135443307907
8288,0.4037513105745355
8289,0.5009053413171083
8290,0.4103172544505679
8291,0.5335643382335475
8292,0.5998892600822187
8293,0.7018876309230461
8294,0.48198265330273676
8295,0.48747901830305185
8296,0.5411606917199625
8297,0.5467926148277968
8298,0.37685864137992153
8299,0.5906378735833656
8300,0.6087524701187279
8301,0.4576194468544753
8302,0.5322326963295583
8303,0.48401711680394394
8304,0.4637990531041894
8305,0.46180855786866887
8306,0.6148081003798326
8307,0.5341598314049439
8308,0.47026584777322467
8309,0.5845857678842031
8310,0.3031081207765393
8311,0.39882181502422637
8312,0.40653479394737635
8313,0.48955999681167534
8314,0.6716662127586408
8315,0.5228441551406148
8316,0.40586554926226237
8317,0.4926055607559835
8318,0.45253685193681564
8319,0.6499278637787613
8320,0.48627795095793797
8321,0.5169711339581902
8322,0.2850667397276945
8323,0.527486514323026
8324,0.5562386508087772
8325,0.5211772589692474
8326,0.6088345171811367
8327,0.5927946755760715
8328,0.45664661089103253
8329,0.3640780338832264
8330,0.3813605613898007
8331,0.4269919691092556
8332,0.4861308057538555
8333,0.48676937491072136
8334,0.5755730533510371
8335,0.4614061242061315
8336,0.539981750609433
8337,0.5565941216301156
8338,0.6223459084901668
8339,0.6390571296270463
8340,0.2826208930461318
8341,0.4161334577793426
8342,0.629629157293227
8343,0.424338269399595
8344,0.44336852325583187
8345,0.4949485952584499
8346,0.5351151604615908
8347,0.48041226758506134
8348,0.7345181363063656
8349,0.46187494711324684
8350,0.4396969253647116
8351,0.3791791459495562
8352,0.4482592018528272
8353,0.4544073601918676
8354,0.749638029289388
8355,0.5536950457298314
8356,0.5771933169387293
8357,0.5609441114375731
8358,0.5820351970119272
8359,0.2742815721264712
8360,0.4435079970703091
8361,0.674822322531349
8362,0.5931300641619067
8363,0.45906060319556447
8364,0.3323597464274862
8365,0.5046866831852022
8366,0.6613499963265316
8367,0.5840229929870338
8368,0.555888469196073
8369,0.3032719426883168
8370,0.5231437824332407
8371,0.5049794494337955
8372,0.47200625621369796
8373,0.3839230120959046
8374,0.5790542125260962
8375,0.6973379099746926
8376,0.4410447552559117
8377,0.5759343803666042
8378,0.4644620968796265
8379,0.4741391480907208
8380,0.6304997202498402
8381,0.5585198095220387
8382,0.6455859529265078
8383,0.5444710003218266
8384,0.5432975227456974
8385,0.673104488648779
8386,0.6719052364566982
8387,0.4346591425536619
8388,0.49296483800531116
8389,0.33187227277618225
8390,0.557965555537944
8391,0.8001112631985425
8392,0.6616273152822321
8393,0.5195149731046778
8394,0.5402549381571912
8395,0.5838496448774798
8396,0.7347031315358792
8397,0.476972921369399
8398,0.5152314935651788
8399,0.43693517858245146
8400,0.44940929439673827
8401,0.435578857148134
8402,0.47907573209110277
8403,0.5298459962536254
8404,0.34177555659608605
8405,0.5038391950566695
8406,0.6487300150376654
8407,0.6596079676551924
8408,0.5005654547148533
8409,0.6121121253360559
8410,0.5035621957221407
8411,0.5600132054935827
8412,0.33471590753565
8413,0.5244872197630428
8414,0.5122195717494283
8415,0.6036114351288098
8416,0.37868906316812256
8417,0.47203519274828254
8418,0.4456640685197877
8419,0.4654863904827251
8420,0.5498104326604651
8421,0.49611843445055076
8422,0.5125704307227006
8423,0.48294059522932603
8424,0.5585192936162817
8425,0.6143911810442821
8426,0.4591517156921916
8427,0.6935868481231551
8428,0.4844635440533241
8429,0.6426015834071153
8430,0.4270248047107261
8431,0.5112963360448564
8432,0.5396805928146646
8433,0.3907299904317943
8434,0.5069096497102431
8435,0.7713251815630997
8436,0.42197883745000747
8437,0.5709651491353613
8438,0.5174427793880022
8439,0.48559476863380924
8440,0.3380415272412157
8441,0.5980456617008982
8442,0.5117644010461848
8443,0.5354833693545156
8444,0.43385600546678915
8445,0.5792423077029232
8446,0.46160584702393176
8447,0.414106838221581
8448,0.5531761281388706
8449,0.49409646943509183
8450,0.4545925982893832
8451,0.5342253581536065
8452,0.47495179635170326
8453,0.4942835050169485
8454,0.6158663667460544
8455,0.5958715152895859
8456,0.5240632585060057
8457,0.5062323439332119
8458,0.42723699728450537
8459,0.5292453647556838
8460,0.661706144768613
8461,0.521326342130122
8462,0.5285862144683741
8463,0.47252810503002873
8464,0.40965365292195477
8465,0.572136083766333
8466,0.5745865326447361
8467,0.4789539945758727
8468,0.3690487004789404
8469,0.4956909433508256
8470,0.4903067193102733
8471,0.7510053149602197
8472,0.5883639423160553
8473,0.6856201097208113
8474,0.6102880690098359
8475,0.47970005121498127
8476,0.5190870577696393
8477,0.4975170664765906
8478,0.5253397358764023
8479,0.3052770995338612
8480,0.5277959069518229
8481,0.5274930275693603
8482,0.4198375529223828
8483,0.38394602337651873
8484,0.5202532438585862
8485,0.3831339858267199
8486,0.7731059470444185
8487,0.5302486368322645
8488,0.32808090900533005
8489,0.542657063195552
8490,0.6914902647565546
8491,0.47786349993116795
8492,0.37262212858325827
8493,0.4665354238304986
8494,0.3945394600272091
8495,0.5029718236134807
8496,0.3851379969094012
8497,0.48877401803347165
8498,0.38456823616028013
8499,0.6168612725702779
8500,0.5611276565543863
8501,0.42772682590106187
8502,0.4744065289902211
8503,0.4682419314206736
8504,0.5289461013392502
8505,0.44314290147285823
8506,0.5025491909042662
8507,0.5080167726555324
8508,0.6453635368515102
8509,0.5104627739256616
8510,0.3825901791883816
8511,0.5145771702395046
8512,0.7072669585533926
8513,0.5659903809173601
8514,0.495603934174101
8515,0.46529400137996535
8516,0.5347749432043861
8517,0.5814391379552656
8518,0.4282395596946331
8519,0.6489580076460424
8520,0.5092627085750362
8521,0.4021539623077788
8522,0.39323275939612934
8523,0.46557614772939787
8524,0.5299341476374079
8525,0.41722509640851935
8526,0.37136813240958644
8527,0.6060754281899198
8528,0.5090342185298622
8529,0.6196340104930959
8530,0.5348672382619394
8531,0.43307292594646263
8532,0.5842414751424154
8533,0.4819454776363562
8534,0.5846795840468444
8535,0.5375054218670074
8536,0.5340253453061514
8537,0.5658835942754866
8538,0.5364002204604152
8539,0.37132067571745153
8540,0.51544891102504
8541,0.6424474470507968
8542,0.5862855086047318
8543,0.5628120974595607
8544,0.46966931632214093
8545,0.5219815040548601
8546,0.37360847941478137
8547,0.3936957424040278
8548,0.6055443645171503
8549,0.4232949706910452
8550,0.3789686794325642
8551,0.38476513697434445
8552,0.6624562659670106
8553,0.5214455934632543
8554,0.5310269681332811
8555,0.5816400659654606
8556,0.6664489226414106
8557,0.5401450676341076
8558,0.43238469364206367
8559,0.5571153766128613
8560,0.5770242092743431
8561,0.4763578753801889
8562,0.542510584391236
8563,0.5569320841339995
8564,0.560826065957327
8565,0.4630634615876064
8566,0.5598836559540984
8567,0.6080948479802071
8568,0.5069082363760542
8569,0.6400900613728019
8570,0.5192843788197214
8571,0.48818479505787465
8572,0.4982048306199145
8573,0.6328196742019933
8574,0.5677517426947347
8575,0.4963262397816389
8576,0.4181183316307854
8577,0.45617756626390826
8578,0.5039487851763644
8579,0.39212015018392454
8580,0.5186503498193471
8581,0.39616054108993315
8582,0.5424411435305933
8583,0.562297163922535
8584,0.36554763273801194
8585,0.5386815512632301
8586,0.39356812854613954
8587,0.3884533365004011
8588,0.38343665837944885
8589,0.5716236908263771
8590,0.5491227697149779
8591,0.6038740906842804
8592,0.692454228797708
8593,0.4353408121621031
8594,0.5014842725017153
8595,0.4494502679887536
8596,0.5406431003277851
8597,0.5818834445289419
8598,0.34997422275760937
8599,0.796021065609759
8600,0.489892761803837
8601,0.3506647349248413
8602,0.45226310200834074
8603,0.5085916970399126
8604,0.41830574581653734
8605,0.3609453363573994
8606,0.5071507488026347
8607,0.5047629191929931
8608,0.6009335965506716
8609,0.560290016079173
8610,0.5870609670219172
8611,0.47519173672925413
8612,0.5296472983775211
8613,0.4906783156193631
8614,0.31744087695731915
8615,0.4785899499785079
8616,0.5626960115360212
8617,0.4361510290435263
8618,0.5459503517911032
8619,0.40707023984465784
8620,0.5596693734793463
8621,0.4324006421364173
8622,0.41025671515963247
8623,0.6958126000271366
8624,0.3332404282830416
8625,0.4610129673958063
8626,0.4192812267495867
8627,0.38787352720598467
8628,0.4196155944220278
8629,0.40603492317578155
8630,0.5856598941561935
8631,0.3892532676016352
8632,0.6224675966203563
8633,0.7202785850512762
8634,0.5820179024319593
8635,0.501041251097266
8636,0.5235268519791437
8637,0.6018870769293804
8638,0.3788803202616684
8639,0.5839420847117289
8640,0.4211208338522591
8641,0.49438878946590487
8642,0.45378557529604274
8643,0.5363932451135476
8644,0.39261428939388643
8645,0.40002290997547973
8646,0.4943747750962771
8647,0.5033874024366836
8648,0.5089980329412116
8649,0.5718009953378468
8650,0.5623227016847239
8651,0.47574520011291777
8652,0.6191156631319924
8653,0.5234072870068363
8654,0.4348571707514841
8655,0.4458877080885953
8656,0.47823474219275375
8657,0.4821578981644574
8658,0.5280810016211239
8659,0.4243827470933258
8660,0.521080643372214
8661,0.4880085142311649
8662,0.38989706679836145
8663,0.5844511932027205
8664,0.5032444378504529
8665,0.6835755078278515
8666,0.4142177645598113
8667,0.5639505413162094
8668,0.6038524960872074
8669,0.4024619734955437
8670,0.6443732044557734
8671,0.5492961459550264
8672,0.45253963531792024
8673,0.3785932575098887
8674,0.6582069751278694
8675,0.4541628171203703
8676,0.37385576916686825
8677,0.422043681793503
8678,0.6135815591145157
8679,0.45177802875217615
8680,0.4486058719111709
8681,0.40484070623946417
8682,0.44787893601004064
8683,0.48355113211799966
8684,0.5073067657345482
8685,0.33352384331692164
8686,0.6822285494522256
8687,0.509700614741635
8688,0.6644862817060394
8689,0.41490598757888664
8690,0.5753280912064717
8691,0.5567584092100925
8692,0.44962219922105673
8693,0.5430342869154055
8694,0.5328530174074311
8695,0.6583219302993264
8696,0.5243082752515671
8697,0.4053638737431031
8698,0.4852704541578359
8699,0.4700217341720358
8700,0.45258203188347595
8701,0.3735703311564418
8702,0.6421360925217371
8703,0.5182242204340767
8704,0.40811419646826497
8705,0.4381398248758622
8706,0.48970629542417643
8707,0.5891925799979602
8708,0.45344700698811324
8709,0.7464350691283292
8710,0.49315606112573135
8711,0.534803576720527
8712,0.41316455257978396
8713,0.5025549258343776
8714,0.4610434736308797
8715,0.38133586291448895
8716,0.5984053729134484
8717,0.44833277106504626
8718,0.6730052424576806
8719,0.34225950511179204
8720,0.5148405955238888
8721,0.5994759161715396
8722,0.617101926440051
8723,0.5278218503819267
8724,0.4406182628162501
8725,0.5349129871086442
8726,0.48309953058959565
8727,0.5281526830392516
8728,0.6236124022368807
8729,0.5474623861634759
8730,0.5572731791478794
8731,0.5157150184302617
8732,0.4489781429306148
8733,0.45295868098400316
8734,0.36470782563033005
8735,0.45156679428383084
8736,0.46349996214604744
8737,0.4580616255955672
8738,0.39397143621902586
8739,0.5792600267473176
8740,0.48347012569127407
8741,0.38198963931385516
8742,0.7547336103581406
8743,0.4072246160059364
8744,0.4934652464786372
8745,0.34466650400731225
8746,0.4572566623717112
8747,0.4127901119977896
8748,0.39856862810758736
8749,0.5703179478000933
8750,0.43191543064033217
8751,0.4248296937392667
8752,0.5553565033060192
8753,0.4533792307969628
8754,0.5675638178099567
8755,0.4090179296753716
8756,0.4067112292231777
8757,0.46651889682146874
8758,0.6199729092136288
8759,0.45334860290130163
8760,0.4552816310681634
8761,0.5813016520344725
8762,0.47811368071353144
8763,0.5132405784312383
8764,0.47885891278257153
8765,0.49530961791381173
8766,0.4806969267445175
8767,0.4954775974136143
8768,0.682196138880813
8769,0.5164324772244143
8770,0.4400409705650832
8771,0.4404067784548476
8772,0.5172585122747452
8773,0.4666751483659271
8774,0.5534581151514159
8775,0.5370789550695334
8776,0.5880283743543773
8777,0.45342297512612784
8778,0.49052284254462486
8779,0.5077430665107393
8780,0.48618418215526943
8781,0.5187826802116776
8782,0.5100473212315761
8783,0.5053061187728305
8784,0.5628179500775313
8785,0.39905884511766554
8786,0.462516093914266
8787,0.40592164595888536
8788,0.39888179578487926
8789,0.49220871873624167
8790,0.3664636514020565
8791,0.4347194238363189
8792,0.5765790255782428
8793,0.46707389204459654
8794,0.5861445336178727
8795,0.410621565778157
8796,0.5365598386986763
8797,0.4700131343238046
8798,0.4966644398888606
8799,0.3399932825830799
8800,0.5324649271303876
8801,0.4555326405024577
8802,0.4856419364260863
8803,0.5395253098757711
8804,0.4995666366106013
8805,0.6376321106228506
8806,0.696446329544388
8807,0.5419802028471505
8808,0.3402892677116456
8809,0.3341361137892819
8810,0.5239932765788623
8811,0.42528281685080077
8812,0.5568946023465057
8813,0.4790953630870864
8814,0.5325005913221094
8815,0.5571457026711069
8816,0.6475905187338414
8817,0.4225086930152112
8818,0.361719088101189
8819,0.4107748702894901
8820,0.41060073166472627
8821,0.35936351887758733
8822,0.7000212412316033
8823,0.3393321566053651
8824,0.5435152179319559
8825,0.5584337892833682
8826,0.6186858048930336
8827,0.5805100663128231
8828,0.5832936445243231
8829,0.6149776624794013
8830,0.5342988687912337
8831,0.5369123034746971
8832,0.6612608828501092
8833,0.4260974371082532
8834,0.5313720638829448
8835,0.5083038674392549
8836,0.5392405386995751
8837,0.38225509300148286
8838,0.7160689589175172
8839,0.5611677404714653
8840,0.502657269328747
8841,0.3322514909200796
8842,0.588859399037788
8843,0.7192398793130123
8844,0.5521126671375323
8845,0.3534312924945362
8846,0.6592292979240574
8847,0.5351294862806597
8848,0.6494984801493783
8849,0.4671697686403458
8850,0.7079169616700849
8851,0.4882837815891561
8852,0.490418610529785
8853,0.5334547431248458
8854,0.5323058042166677
8855,0.4395522834221981
8856,0.48547160044953297
8857,0.5748504369687677
8858,0.4491788080336472
8859,0.5121065027261887
8860,0.5688496664781411
8861,0.7422313553741243
8862,0.4483864336895672
8863,0.525700326465378
8864,0.6177073245124178
8865,0.4126589769437824
8866,0.49708979414435095
8867,0.45124270640335395
8868,0.4390435238270341
8869,0.49103226244559733
8870,0.4754827054517279
8871,0.537661084121755
8872,0.4493288284897624
8873,0.4820335495599243
8874,0.34510814868024126
8875,0.5454069247447066
8876,0.6524930337063473
8877,0.6148420048448672
8878,0.5928127607271064
8879,0.666442036365406
8880,0.6508024370464236
8881,0.5047707761510236
8882,0.5862333428587823
8883,0.3587408116533136
8884,0.42505956491341457
8885,0.42591329364236097
8886,0.5379812950828078
8887,0.45925249054253375
8888,0.4775004827284595
8889,0.4478548539893603
8890,0.41151604417039667
8891,0.5227586045326297
8892,0.3318203463854038
8893,0.4457930446900408
8894,0.48232669258668953
8895,0.37253313028194723
8896,0.540595777471373
8897,0.5518900613340096
8898,0.534430153435873
8899,0.5404048331782172
8900,0.536444066397835
8901,0.409608652932405
8902,0.727226463984864
8903,0.48538298036438393
8904,0.7240639629702479
8905,0.5268181090227879
8906,0.4909996794401197
8907,0.47645177209981704
8908,0.6291300481184724
8909,0.549537631430539
8910,0.560334811424914
8911,0.49851625056853655
8912,0.4120882705927348
8913,0.3790353853603661
8914,0.4198740555305459
8915,0.4753001266145284
8916,0.5136348423677632
8917,0.5777641238133268
8918,0.479849353800635
8919,0.643104116967358
8920,0.43063410116701256
8921,0.3368631447217214
8922,0.44633105191312966
8923,0.3425382227084167
8924,0.42003232718286826
8925,0.4807791065672417
8926,0.5284703218698023
8927,0.586484884990249
8928,0.47479417925507894
8929,0.4406742231764888
8930,0.423167417834217
8931,0.46081168943453676
8932,0.43878502466248803
8933,0.6679799780265239
8934,0.5500227841043936
8935,0.5346252464441195
8936,0.37529156114804585
8937,0.5126353495612247
8938,0.59369534063518
8939,0.3386264088421336
8940,0.5661886793811225
8941,0.37469410492924693
8942,0.6163445358311621
8943,0.5136997965507817
8944,0.5770676903922376
8945,0.4143614158275722
8946,0.5015593489866591
8947,0.5319694385547159
8948,0.41508365869703706
8949,0.4652459358048005
8950,0.4828931547193692
8951,0.5599700834310228
8952,0.346754275138762
8953,0.6241965220027856
8954,0.46216122774082874
8955,0.5146067203307487
8956,0.5374271182190781
8957,0.5375366515617764
8958,0.6153408625247885
8959,0.5038107001816178
8960,0.6663070458009434
8961,0.44956809241750695
8962,0.5424802053225596
8963,0.6001735114729392
8964,0.5804446593608632
8965,0.5572225378693034
8966,0.3432907784602778
8967,0.3450417931879788
8968,0.48327617137455453
8969,0.5077683945488998
8970,0.7641356638324823
8971,0.5118508201397383
8972,0.5196322771471296
8973,0.4888932822831529
8974,0.6400556140930783
8975,0.4105526308065841
8976,0.3905926787421712
8977,0.4114463555709065
8978,0.4977862392023548
8979,0.5104034911037366
8980,0.5977793004416977
8981,0.5686105055449826
8982,0.4915147397452683
8983,0.42965482524534304
8984,0.3991749830400468
8985,0.4236715586818331
8986,0.6293152609003403
8987,0.4138204338682874
8988,0.3522423124557405
8989,0.5288225091316521
8990,0.5201076160562745
8991,0.5033613801565731
8992,0.35997679633892266
8993,0.6670159945579927
8994,0.4323591962840656
8995,0.6704081846078036
8996,0.552876255192977
8997,0.573075221139201
8998,0.5762859927991847
8999,0.3811309322724433
9000,0.4357222814862331
9001,0.5321460208140714
9002,0.42113572725014925
9003,0.8584239912964174
9004,0.42273506492280166
9005,0.37133252736771216
9006,0.38343588611364
9007,0.5584724327430372
9008,0.5122544616616532
9009,0.47082799024835603
9010,0.4270033921681333
9011,0.5213350742924828
9012,0.4844999822937454
9013,0.530611868179232
9014,0.8063008183278229
9015,0.41044118711662547
9016,0.45702506103181284
9017,0.5213059474842042
9018,0.47170237135231147
9019,0.37920551945506153
9020,0.5384807584609603
9021,0.5978716187108726
9022,0.5307939510155754
9023,0.5952989081823524
9024,0.49205222069307486
9025,0.35297288633725266
9026,0.46927355951451794
9027,0.5112612045333665
9028,0.3995042557197591
9029,0.534250566791848
9030,0.3921038828631496
9031,0.42557773779880803
9032,0.4625056451677337
9033,0.5902932224934556
9034,0.5669171992045013
9035,0.5147983588542583
9036,0.4820839991044822
9037,0.5305464148123974
9038,0.5816075458018394
9039,0.5748958776810541
9040,0.5581610427150098
9041,0.42826241890895245
9042,0.4751452508224949
9043,0.32760482320172635
9044,0.5588765808310032
9045,0.4722208213414831
9046,0.33363343348006314
9047,0.5843119745383472
9048,0.5417029891813427
9049,0.42332670369523806
9050,0.4355180283606741
9051,0.4190601806176101
9052,0.46197922231687205
9053,0.5189200169329558
9054,0.5813734343833953
9055,0.5499825339085158
9056,0.7524810236709497
9057,0.5473988837780402
9058,0.5014412679397733
9059,0.43116320947161696
9060,0.5671210938504235
9061,0.45991346334537997
9062,0.6537495831503782
9063,0.45799140167833785
9064,0.6415120397113554
9065,0.5712189940426213
9066,0.4408441768177005
9067,0.5098303329823777
9068,0.4472855335757148
9069,0.7068603978360102
9070,0.434228845659538
9071,0.6572379992627746
9072,0.49946472060179664
9073,0.603368374178277
9074,0.3770345934252385
9075,0.642317884310214
9076,0.4067472611561663
9077,0.4702529948520643
9078,0.5009195379583942
9079,0.3692131165314638
9080,0.5463482475963183
9081,0.59210024240493
9082,0.4451264435078681
9083,0.5462880408722082
9084,0.451608055703859
9085,0.7111532456007843
9086,0.5148784204396971
9087,0.7098518559174053
9088,0.5194265240885331
9089,0.5943334796176408
9090,0.5928257793886995
9091,0.4614874958683039
9092,0.41543207996705267
9093,0.5810863976374901
9094,0.40454307041272786
9095,0.5838740754043951
9096,0.4545614548957233
9097,0.4694200460143882
9098,0.631221367720949
9099,0.6734600017215087
9100,0.6599390958195528
9101,0.5733123079221009
9102,0.43806719762557433
9103,0.43547860874884836
9104,0.7663307703063764
9105,0.6778154581806364
9106,0.5976109966196239
9107,0.6975533154112722
9108,0.570244542483004
9109,0.5750526476336325
9110,0.4850750301421781
9111,0.5090041791358684
9112,0.6345889831935094
9113,0.583812834517212
9114,0.5759828455463601
9115,0.5022414101259938
9116,0.46599843086610954
9117,0.5521198450618455
9118,0.6331277968888596
9119,0.6053389770349019
9120,0.6666113977281048
9121,0.5388286160157308
9122,0.479068657991101
9123,0.5825281687920845
9124,0.6785283922739307
9125,0.5537983392300886
9126,0.3474162546792337
9127,0.45488261030728633
9128,0.4342149358419465
9129,0.5261940907701873
9130,0.3983411526075916
9131,0.5644201438658224
9132,0.5710905012515337
9133,0.737111688945913
9134,0.42334947181249566
9135,0.4634403520513608
9136,0.517201927020722
9137,0.520279292645654
9138,0.6729188486042237
9139,0.47982056260260464
9140,0.5770655499049722
9141,0.3285872756816025
9142,0.6464930293281866
9143,0.38804940929859494
9144,0.5520805329935001
9145,0.5257675961467877
9146,0.55025442163675
9147,0.40363785237888744
9148,0.5039756668936517
9149,0.5458608132178544
9150,0.5249084454305282
9151,0.4941432758650335
9152,0.3504621516312463
9153,0.540948855557131
9154,0.5918694846017017
9155,0.46372481791769693
9156,0.5942922339823092
9157,0.5767535824003206
9158,0.6018522898715721
9159,0.4942771879693984
9160,0.5223503120783094
9161,0.45747773357712
9162,0.5912094180056919
9163,0.5076454442750408
9164,0.34573054878152054
9165,0.5724523721110353
9166,0.6666744625071443
9167,0.5841866464691784
9168,0.5421169858524559
9169,0.4415820187187236
9170,0.5243738456048864
9171,0.5706134699797081
9172,0.6292724317708364
9173,0.710867295746124
9174,0.47056679168602383
9175,0.48525448642415037
9176,0.5118997502785835
9177,0.4069408082750655
9178,0.38734545220352257
9179,0.49095178689467844
9180,0.5459282091806127
9181,0.4578066412904723
9182,0.5309307358103473
9183,0.4515409424336953
9184,0.5236965817422816
9185,0.5524446571047141
9186,0.4788565610949782
9187,0.3953596474584775
9188,0.41035828171445576
9189,0.4148734601428019
9190,0.639391507645186
9191,0.53728230681737
9192,0.5411582292290434
9193,0.5138310417265145
9194,0.5205258929774346
9195,0.5954525266694279
9196,0.6024548692026737
9197,0.4892719445052956
9198,0.40500677316489997
9199,0.43304648350568953
9200,0.5995149405013811
9201,0.6934639808520537
9202,0.4772022473960187
9203,0.5574531973300522
9204,0.6865195783051132
9205,0.5555334830237093
9206,0.4752052073002779
9207,0.5042304368946672
9208,0.42578610001158124
9209,0.46192446951464
9210,0.5526548626897276
9211,0.5383771111744119
9212,0.48355685539908894
9213,0.4956667513969817
9214,0.6341334932615189
9215,0.6300437076119524
9216,0.5369769333694552
9217,0.5024012451871086
9218,0.5674066158978136
9219,0.6024047545544027
9220,0.3949521848201368
9221,0.5209728767672853
9222,0.45304488911550556
9223,0.5136840423331449
9224,0.6392363637774906
9225,0.4895240405191044
9226,0.5806972224553766
9227,0.49341218123779396
9228,0.5075134236864542
9229,0.3485922648159377
9230,0.5673072307436211
9231,0.5549571540302917
9232,0.3308302757889602
9233,0.36668388119961814
9234,0.7608421447084215
9235,0.4877315473136773
9236,0.5551498987710777
9237,0.4972353617101044
9238,0.5620322852526182
9239,0.39690664137488296
9240,0.5676778094779122
9241,0.613095452401184
9242,0.48799184761503744
9243,0.4151756283824929
9244,0.5574052860801981
9245,0.37348294577037433
9246,0.47932126481642007
9247,0.4988548110975386
9248,0.5130533264639163
9249,0.3223308486552895
9250,0.4972969279453613
9251,0.4696773377668408
9252,0.5323678264798448
9253,0.4998766265277308
9254,0.5511261051956838
9255,0.41262972411891574
9256,0.3839462089856393
9257,0.5806522728227019
9258,0.3846527739018284
9259,0.43213006479196364
9260,0.6660088477227828
9261,0.5924244611273324
9262,0.6526934198730353
9263,0.502499424752201
9264,0.6467911892554257
9265,0.4317552234745615
9266,0.47433553367657916
9267,0.4032572032883245
9268,0.5162749663356344
9269,0.44709060060861017
9270,0.5675651982608235
9271,0.5681175301884683
9272,0.47934950658190556
9273,0.4598005458357306
9274,0.5311527256719045
9275,0.7444270865682777
9276,0.5045132919990467
9277,0.4437337260714529
9278,0.4809935584635371
9279,0.6709727636368655
9280,0.42541746321329166
9281,0.5042664333212141
9282,0.5252769561477593
9283,0.4985030729176795
9284,0.6864351330184575
9285,0.4787483467767231
9286,0.46610972470730794
9287,0.497306567814814
9288,0.45285390421111865
9289,0.5782589286691455
9290,0.3838239695199033
9291,0.5032920763871539
9292,0.5792388010137992
9293,0.4247978009727639
9294,0.47309680838082807
9295,0.5689598060216675
9296,0.513874509405944
9297,0.5291310678731406
9298,0.4206729226783592
9299,0.45150303640154
9300,0.43202327512540806
9301,0.505076327792706
9302,0.5055375418956637
9303,0.41530971630086266
9304,0.5502958528710825
9305,0.5314258144960304
9306,0.5855077140716463
9307,0.6422053465076644
9308,0.40880415288194477
9309,0.4439211604060448
9310,0.6057874573690283
9311,0.5156700773624251
9312,0.5685369141886705
9313,0.5885936701191824
9314,0.434547354546203
9315,0.3879985828437286
9316,0.38710635150509753
9317,0.5640026154561754
9318,0.42418338331905164
9319,0.5874239960152818
9320,0.34253792576573466
9321,0.48253124158683985
9322,0.4198694078964641
9323,0.5987297499023926
9324,0.4348227660720133
9325,0.6742765928178648
9326,0.7101808610297935
9327,0.5330838648065314
9328,0.6501093237272811
9329,0.6424719424451819
9330,0.6891602395817837
9331,0.5421720012717821
9332,0.5881774013938291
9333,0.4321676901789676
9334,0.48199467369982396
9335,0.7697721998268643
9336,0.46139448617895495
9337,0.46511951953204717
9338,0.3441406642642336
9339,0.42756747569240794
9340,0.4264922024099891
9341,0.4931869565616685
9342,0.5098581432356327
9343,0.4643084459353829
9344,0.41464356977393146
9345,0.40347407443751926
9346,0.492582056900369
9347,0.7126177816792035
9348,0.6967756733978595
9349,0.3189014187227723
9350,0.5202181383915033
9351,0.612101882416073
9352,0.36859624141377645
9353,0.47063595396368835
9354,0.5272506313107233
9355,0.4691601129700107
9356,0.5281273209590804
9357,0.5657427730573042
9358,0.6396671477043541
9359,0.5433460819006429
9360,0.3720523408049651
9361,0.47901919184454106
9362,0.4806758886110883
9363,0.6043941532197268
9364,0.28442502772301226
9365,0.5490595676104929
9366,0.3441931154429071
9367,0.3804527895925275
9368,0.5625593659776653
9369,0.4713641460554282
9370,0.3539036712061009
9371,0.4584138844045204
9372,0.6734150887387788
9373,0.3638702058060475
9374,0.5399837315517292
9375,0.7324056713394919
9376,0.5141191983672733
9377,0.6673464772547192
9378,0.3901479057402261
9379,0.6929446793300373
9380,0.6136613494987853
9381,0.5249768365141043
9382,0.3554490729384025
9383,0.4406472683431046
9384,0.46499149739962437
9385,0.5511530097279825
9386,0.523676226888222
9387,0.45236901917022965
9388,0.5149134823310629
9389,0.7458180987920283
9390,0.4939900407560286
9391,0.5377721930910914
9392,0.5497137547044844
9393,0.6506784322221145
9394,0.48399967321192483
9395,0.4567798227369559
9396,0.4963406784527432
9397,0.5100033882738362
9398,0.44352578345652505
9399,0.4836621845139377
9400,0.5136839695390856
9401,0.5471143592111455
9402,0.6285095043883524
9403,0.4957722607290578
9404,0.6668079216839563
9405,0.5530558755515362
9406,0.44844023607960726
9407,0.5206746173569247
9408,0.3653889262231926
9409,0.3096062057739498
9410,0.5487317389827671
9411,0.4274437557896701
9412,0.3089384017479513
9413,0.4418420573202838
9414,0.5730451741565077
9415,0.48946822209620056
9416,0.7123076268151413
9417,0.6030428891588858
9418,0.43494103194615374
9419,0.5596951587231451
9420,0.5338189251831313
9421,0.4059198571444988
9422,0.4568810333109077
9423,0.5305253619889638
9424,0.4594110945058064
9425,0.5352124628080721
9426,0.46993815725326765
9427,0.462748723897237
9428,0.5303209189472816
9429,0.42697060458766967
9430,0.44433727716127985
9431,0.3789532080544271
9432,0.5637792039626508
9433,0.6480360018407451
9434,0.4147159569719978
9435,0.7573269570960912
9436,0.4525492095584144
9437,0.5619907648672188
9438,0.5076478472954565
9439,0.4910396250369763
9440,0.4600663327852642
9441,0.5443611779483908
9442,0.5014222686515486
9443,0.36020751496094194
9444,0.4317055986748915
9445,0.664350048849453
9446,0.49036677785439653
9447,0.5565518764646585
9448,0.5855297054745097
9449,0.3128755145635455
9450,0.5322294941999387
9451,0.4214974207717198
9452,0.590707416565703
9453,0.5589837969518955
9454,0.6539636787620257
9455,0.43487687664009433
9456,0.5842745667612466
9457,0.41687102649614394
9458,0.4010774020176462
9459,0.5479744326479916
9460,0.553480264270745
9461,0.5602063094831568
9462,0.7058979064831795
9463,0.4237451726515547
9464,0.5522078662442893
9465,0.4053222481971625
9466,0.5881222830624051
9467,0.5372410252820591
9468,0.6154992090424497
9469,0.45692896798507776
9470,0.8359602749691021
9471,0.7044873493351058
9472,0.42797166054624247
9473,0.6948125312910263
9474,0.48641237192984493
9475,0.42992437071295075
9476,0.5270647678349766
9477,0.4262654150483602
9478,0.7377818707447789
9479,0.5300096513906202
9480,0.49411912582513623
9481,0.58096425116814
9482,0.7467679628935504
9483,0.5410144991947228
9484,0.4310704930756239
9485,0.3897654010282746
9486,0.5786641825465924
9487,0.573450698042542
9488,0.6660006528988697
9489,0.5941626414916932
9490,0.47411773056406814
9491,0.6190615215379731
9492,0.6738461077999632
9493,0.47597382840750213
9494,0.5552883819165504
9495,0.6296997911458748
9496,0.4971098255591574
9497,0.544274710943297
9498,0.5393193675424953
9499,0.5253878696237206
9500,0.6857042387207041
9501,0.42727394967164956
9502,0.4144876404599358
9503,0.5258606667308054
9504,0.4502486277020926
9505,0.37889806881427335
9506,0.41762647965226185
9507,0.5563730189087116
9508,0.5343263107061373
9509,0.46431054516149484
9510,0.5211737549283544
9511,0.646953921620264
9512,0.38158538560607075
9513,0.6332948031062662
9514,0.5254480742697886
9515,0.3520936172935213
9516,0.45233912981274293
9517,0.6247372369192472
9518,0.49256818864991003
9519,0.5481238988135787
9520,0.612538229741816
9521,0.6273544049130951
9522,0.5758431510416614
9523,0.7498094859145611
9524,0.6652160332786577
9525,0.3947541667676718
9526,0.5073694594754968
9527,0.6055134674184433
9528,0.6667681394969388
9529,0.4804984353695
9530,0.6780950439186558
9531,0.44334888236222375
9532,0.5014107608974251
9533,0.608320591828126
9534,0.4038249428918447
9535,0.4071282015659342
9536,0.7186052641646132
9537,0.3970930472399416
9538,0.4975110739260824
9539,0.3473168990880686
9540,0.39307609600190196
9541,0.4727657418891514
9542,0.57076025078462
9543,0.4602946871241289
9544,0.6169597313866534
9545,0.43990202895413444
9546,0.45028102888890126
9547,0.4915913937683291
9548,0.37878049142596915
9549,0.4525022977822348
9550,0.5448075567270473
9551,0.5361626043798526
9552,0.4858397793604801
9553,0.441159431057774
9554,0.5441942074873585
9555,0.7106355486098739
9556,0.4328152116540145
9557,0.39472251228445143
9558,0.4227753196494072
9559,0.43669136335988035
9560,0.5367055904797428
9561,0.42686925051652647
9562,0.5245375347362982
9563,0.5060616089402511
9564,0.5809328602550977
9565,0.3338217765649838
9566,0.5425799859525704
9567,0.692128228294419
9568,0.47657966737330015
9569,0.49225795174024034
9570,0.4501738262731492
9571,0.5338050369544526
9572,0.4771946990660217
9573,0.6552998536547789
9574,0.5577524565270613
9575,0.46476314075005776
9576,0.6019110026996329
9577,0.5069160947074999
9578,0.5276891682561214
9579,0.5048751448963871
9580,0.5344944821191017
9581,0.4792823891892101
9582,0.47748141851082887
9583,0.6271672439236641
9584,0.4157316615311262
9585,0.4625237645143313
9586,0.41279609147914637
9587,0.3181100349993128
9588,0.46784316193485326
9589,0.4786398288590768
9590,0.4703069861322442
9591,0.5307713244028847
9592,0.3587884916751389
9593,0.5332116213229252
9594,0.49067355745837177
9595,0.6862541525382084
9596,0.6020476203216066
9597,0.4056057822787914
9598,0.6120219776345074
9599,0.6429959943292574
9600,0.4471613331910892
9601,0.5557419627748946
9602,0.6618684095392252
9603,0.5671914546764679
9604,0.27200174273254796
9605,0.518312651543436
9606,0.5005616855991276
9607,0.6646298906092956
9608,0.489510601407088
9609,0.4468044068812421
9610,0.4006365779090383
9611,0.4791393372415976
9612,0.625690265169277
9613,0.4839633653475716
9614,0.579086661569946
9615,0.45623571509251626
9616,0.32472987223519145
9617,0.5216407369614442
9618,0.638433297305792
9619,0.5880194152836123
9620,0.5303090258993617
9621,0.5819434056557035
9622,0.619088632501631
9623,0.387111625546308
9624,0.5704533918418924
9625,0.3517828309526866
9626,0.4949694598757376
9627,0.49326224318408995
9628,0.6273271805681767
9629,0.4215450672259486
9630,0.5188273497436722
9631,0.39887355894388365
9632,0.404149697938558
9633,0.45371978725718887
9634,0.31686979292531436
9635,0.4417696959456275
9636,0.5483076688496348
9637,0.5540534467178407
9638,0.5756975962505197
9639,0.40842648103138046
9640,0.4480348741490923
9641,0.4329308062725002
9642,0.3957890976151809
9643,0.6146508874187223
9644,0.5175114657445291
9645,0.39127903919347606
9646,0.3736332854173146
9647,0.5947107431818931
9648,0.3488128127257965
9649,0.5183291776120541
9650,0.6922538709775043
9651,0.6149498010489339
9652,0.49505397685910085
9653,0.49709428945523704
9654,0.5001929623324208
9655,0.4158797677264189
9656,0.550127535072461
9657,0.6195000515202208
9658,0.4789463700303737
9659,0.6458591698729891
9660,0.4796139831998997
9661,0.5290325017412272
9662,0.450048262516732
9663,0.35874050376274014
9664,0.5960145532150722
9665,0.5082820979406719
9666,0.5488193465025927
9667,0.4512149519509087
9668,0.47519837307020013
9669,0.5338119637572507
9670,0.3547623324882435
9671,0.3333651863362651
9672,0.5288659032389734
9673,0.5164812141706627
9674,0.4509932248376964
9675,0.5490568934465562
9676,0.6532496968233963
9677,0.5244726410470412
9678,0.6257190774661441
9679,0.671888598567431
9680,0.4206186655612062
9681,0.5206108237042825
9682,0.5441487897131602
9683,0.7302187652729406
9684,0.5335534790525945
9685,0.44610536609951834
9686,0.5148747069155528
9687,0.736515010684127
9688,0.4916156788575789
9689,0.6345012908080347
9690,0.5749705044578249
9691,0.6566449252926828
9692,0.5991443487076511
9693,0.5252148062323118
9694,0.4585868457135191
9695,0.39177834331202627
9696,0.3866396020643321
9697,0.5621714827396079
9698,0.46785185755558745
9699,0.5040534831636146
9700,0.3972415644489621
9701,0.45994216987911596
9702,0.4914161490115396
9703,0.5391154732825529
9704,0.3869598175444989
9705,0.45789830261207554
9706,0.5455122217078521
9707,0.4806656075051043
9708,0.40876010358190795
9709,0.5793371285378804
9710,0.5151368977129617
9711,0.5136776047290363
9712,0.4989152096413194
9713,0.5455930652278752
9714,0.42070252409117626
9715,0.39221577746911707
9716,0.6192389726080301
9717,0.7535756379019306
9718,0.37921512659753753
9719,0.6281821301336281
9720,0.5239809047554504
9721,0.4599593095919374
9722,0.5058169477161497
9723,0.7053557128487408
9724,0.4653455995919664
9725,0.589906639974793
9726,0.4430538328058636
9727,0.4982498259358984
9728,0.42144768167522817
9729,0.47716613789631296
9730,0.5103474945814529
9731,0.600885693034214
9732,0.6253857784215558
9733,0.6260290937960683
9734,0.5382450872150262
9735,0.4244887452652421
9736,0.5866525139103268
9737,0.5656097957516966
9738,0.6249064933335666
9739,0.46570224931215237
9740,0.5105037000523469
9741,0.44373245399206696
9742,0.3437786955131369
9743,0.45917129727131656
9744,0.4640524637480734
9745,0.4748590770270539
9746,0.5007336730644903
9747,0.414914945229721
9748,0.39800668267719186
9749,0.5558803192202787
9750,0.45964490844486283
9751,0.46562957003074157
9752,0.445290935038995
9753,0.45591797252554334
9754,0.45331937292286206
9755,0.6240449646471881
9756,0.4771117998849246
9757,0.457855371132485
9758,0.551083765622424
9759,0.4765275057320538
9760,0.6627556608154207
9761,0.584088169522793
9762,0.5538144502641359
9763,0.5140607275145386
9764,0.666472012039609
9765,0.4736209725208513
9766,0.49975648219621327
9767,0.3392411597084446
9768,0.5570977599473885
9769,0.42341726937344065
9770,0.5530022918443785
9771,0.34856478324391266
9772,0.4687323663276256
9773,0.49355590591526144
9774,0.6039918353216986
9775,0.5385037423757317
9776,0.49143391994528823
9777,0.3529485400418776
9778,0.3174692218120222
9779,0.4633577823307389
9780,0.40444153586348613
9781,0.6074594924614065
9782,0.4502162150552537
9783,0.5464775389903036
9784,0.4616185259160644
9785,0.5511057323897736
9786,0.42933068093576776
9787,0.5302515900546383
9788,0.6825213223364658
9789,0.5224205347888798
9790,0.5375495515524877
9791,0.344471145138445
9792,0.3025169396826421
9793,0.4722260511643209
9794,0.5780866112724083
9795,0.5194847989643917
9796,0.7755529508957157
9797,0.4234993766761445
9798,0.458930764341124
9799,0.44934717607441715
9800,0.4825438130457751
9801,0.40266087275041407
9802,0.4195352861329795
9803,0.5865845663250342
9804,0.4983309017032245
9805,0.48234567782854154
9806,0.43662210813931684
9807,0.4102264889776389
9808,0.4749646584744355
9809,0.423023530642414
9810,0.43350956052783407
9811,0.44904800739674966
9812,0.48901242958387103
9813,0.5068898180618878
9814,0.41185088975143747
9815,0.48057233678146105
9816,0.5331236596203616
9817,0.44193336310315945
9818,0.567490183143614
9819,0.489824360922651
9820,0.4365210864469529
9821,0.5764795059902084
9822,0.5402914007746844
9823,0.39214966445432786
9824,0.40508322703301475
9825,0.48219179729316597
9826,0.35165027479446065
9827,0.602869729833873
9828,0.5560579909247095
9829,0.5911576172103917
9830,0.582774768598734
9831,0.694413229800048
9832,0.4299576355690439
9833,0.6645383496960486
9834,0.49199546332207844
9835,0.4566807492158988
9836,0.5203389470369026
9837,0.4206431325546903
9838,0.5158266251914898
9839,0.41571655912111877
9840,0.4362896681500062
9841,0.45351007837457374
9842,0.5172533485712136
9843,0.38967206546027156
9844,0.5136462806817824
9845,0.4992986848261598
9846,0.5394141669348212
9847,0.5049535351728661
9848,0.4861657533402088
9849,0.4979789520135711
9850,0.5203405444600328
9851,0.5242767169244965
9852,0.6919897861843509
9853,0.4059721076255149
9854,0.5289005020874947
9855,0.4535348834278949
9856,0.3144433900783229
9857,0.4860885383092355
9858,0.372163012771787
9859,0.4411537281480068
9860,0.4096058445595664
9861,0.7321751845034012
9862,0.4897887910411764
9863,0.7064390198141758
9864,0.5008713162856739
9865,0.4485112352694414
9866,0.46021651206533
9867,0.654632018587952
9868,0.47799764172521253
9869,0.49618439194319197
9870,0.5398396364659716
9871,0.5176976123731143
9872,0.47551174645212874
9873,0.514261017145173
9874,0.523264972820262
9875,0.30505230453547094
9876,0.5518755425392805
9877,0.5555456811950701
9878,0.5563458557896999
9879,0.4410014701253664
9880,0.30584844164881925
9881,0.6631594916962845
9882,0.4857440787247251
9883,0.7880110014651966
9884,0.548551402148131
9885,0.4215805906966509
9886,0.2947190842479863
9887,0.44664813133593495
9888,0.47297222236220837
9889,0.5734212933316827
9890,0.44889717467721596
9891,0.5306435878317257
9892,0.5483382816947093
9893,0.5960740774650946
9894,0.48624937069172924
9895,0.5191091898707969
9896,0.5426189240688278
9897,0.5528491747992261
9898,0.4767061567619437
9899,0.3021774092205778
9900,0.48304631766639083
9901,0.5128923262415305
9902,0.4203748551028715
9903,0.42438008174873
9904,0.5082834124050944
9905,0.4609245755361544
9906,0.48262899437835194
9907,0.35582613897585347
9908,0.3396441701557533
9909,0.5061712213715033
9910,0.4975781186736074
9911,0.5307916831147423
9912,0.4210276737626889
9913,0.5099646934675826
9914,0.5031417451357436
9915,0.4419125139785052
9916,0.42425584192101407
9917,0.4367182863102159
9918,0.6486646615649665
9919,0.48880625976459585
9920,0.6649960761531692
9921,0.4891706350983118
9922,0.45012301055621085
9923,0.4336609877959192
9924,0.576518504110989
9925,0.6343348575159191
9926,0.4891504466247917
9927,0.5052964147135555
9928,0.5355751338115387
9929,0.3065566340352538
9930,0.626262233831671
9931,0.5681681093470372
9932,0.41772124776253344
9933,0.4854443969111505
9934,0.5446918306282704
9935,0.432940070724455
9936,0.5391176930514471
9937,0.530823703660176
9938,0.4755443016676303
9939,0.42772639579339516
9940,0.6071375678183658
9941,0.7767403575402055
9942,0.5430726836025283
9943,0.540916049774913
9944,0.5169686316313026
9945,0.6466108406908464
9946,0.4061928080979641
9947,0.3606229899303727
9948,0.46347515645688586
9949,0.5760248419979014
9950,0.26138097574724206
9951,0.5393311414147586
9952,0.5836286129618686
9953,0.5650129916577662
9954,0.4516082676745304
9955,0.3516670880521856
9956,0.4527764529643847
9957,0.3910512089030761
9958,0.6977254858098251
9959,0.5834261050599648
9960,0.5153341329691847
9961,0.49178656929566594
9962,0.39011469155220235
9963,0.7384234129396072
9964,0.6108154573342272
9965,0.6631571883128867
9966,0.6660840175257926
9967,0.5959729595831446
9968,0.5822750340442457
9969,0.5982785993847878
9970,0.684155831243189
9971,0.5163224514386918
9972,0.4564313650546788
9973,0.7667449849901711
9974,0.41857216777154904
9975,0.3286858389189175
9976,0.634721714693613
9977,0.4768671286416384
9978,0.6199413683898475
9979,0.5924109467180392
9980,0.41484970095950935
9981,0.48400818872856827
9982,0.5416690164622721
9983,0.5772699928327728
9984,0.5382895469689559
9985,0.835619196782253
9986,0.4500427192419748
9987,0.6217213951738619
9988,0.6942101204164609
9989,0.49289266766972567
9990,0.5273681292152653
9991,0.4707489252652005
9992,0.6426021915275623
9993,0.4458592776867503
9994,0.3976626619651288
9995,0.44791971134884107
9996,0.5306421221964258
9997,0.7281882528860931
9998,0.5027270444888864
9999,0.45834579211553883
10000,0.4260425335625058
10001,0.47015870064517234
10002,0.3879363801555832
10003,0.45358801558741507
10004,0.4190863826351779
10005,0.5279027804438793
10006,0.6765489343581673
10007,0.42709756557399015
10008,0.2825544668348321
10009,0.3788370494879562
10010,0.4919803001201826
10011,0.44789581942136725
10012,0.4380725794701818
10013,0.5748299797528449
10014,0.6480444158872232
10015,0.4982227821091012
10016,0.6066558529795412
10017,0.4500804385034408
10018,0.4894103448952665
10019,0.5511640435820571
10020,0.6423571945457492
10021,0.38995896242097733
10022,0.47684132479869973
10023,0.5156169267212144
10024,0.4141596323328699
10025,0.7738330737309638
10026,0.8036145298364725
10027,0.4436462828868474
10028,0.4379174256395163
10029,0.46324576884228796
10030,0.4622840377958294
10031,0.44567076971789077
10032,0.5871787548665387
10033,0.5442392641803514
10034,0.6122260764000361
10035,0.4573147675219157
10036,0.3490460418714408
10037,0.3146156788143759
10038,0.6617121331612984
10039,0.7321089852449115
10040,0.5102448234424326
10041,0.5951262367628799
10042,0.5783917096885065
10043,0.6036529780062003
10044,0.6164675601209266
10045,0.3853245119813157
10046,0.44779067313715737
10047,0.6308263190089145
10048,0.49542465922119017
10049,0.5057775712995257
10050,0.5944384430657692
10051,0.5863042153502618
10052,0.620067406070997
10053,0.520254010113239
10054,0.4401184462706438
10055,0.4528858010007808
10056,0.5826208533162215
10057,0.3503799774517271
10058,0.5042917734667265
10059,0.4979023757536001
10060,0.6260686726458027
10061,0.3587189770477823
10062,0.47946161200116844
10063,0.5182423680067503
10064,0.5960098367116629
10065,0.5148722439934198
10066,0.6937267369326435
10067,0.6768524241138555
10068,0.4884338118434251
10069,0.5674239402597009
10070,0.4964028662784911
10071,0.5757395727435928
10072,0.48703067854374643
10073,0.6415162024499025
10074,0.5241976241253234
10075,0.4662928936737411
10076,0.5706458410566309
10077,0.5723527499226214
10078,0.5877194150605594
10079,0.44684162646642445
10080,0.672745048081876
10081,0.483907526900327
10082,0.5931319611747452
10083,0.4963792240631703
10084,0.4739791748047958
10085,0.6080438984172831
10086,0.4868960516276984
10087,0.4793182868626728
10088,0.41397376679838477
10089,0.49744293194161665
10090,0.6913179855643019
10091,0.5155916110582123
10092,0.3902888569840651
10093,0.5076058831446303
10094,0.573845160258364
10095,0.3746137171855384
10096,0.426540266129134
10097,0.5524492116471756
10098,0.4860139988171978
10099,0.5073464016643116
10100,0.3159284455034028
10101,0.6613323860964893
10102,0.4105436767366782
10103,0.6564588192268717
10104,0.5215073049222055
10105,0.47987275757286685
10106,0.44912408347732163
10107,0.45088274980681387
10108,0.4825302822811919
10109,0.4584647005856853
10110,0.5426022760855241
10111,0.5602824945313285
10112,0.42923944740873654
10113,0.48117902215332925
10114,0.5904972713111722
10115,0.4307519751275087
10116,0.5152089476678964
10117,0.5616536248462896
10118,0.42124826024493967
10119,0.4812372988024489
10120,0.5674999678311705
10121,0.5195157971377062
10122,0.6533490228990934
10123,0.7042984489030307
10124,0.36213609123980317
10125,0.5954958569523708
10126,0.43689546889931014
10127,0.4315976617266998
10128,0.43548424569987365
10129,0.502494125416338
10130,0.4600808897582989
10131,0.4465967115062284
10132,0.5035065159528846
10133,0.85781242616693
10134,0.3313565544500672
10135,0.48893584089441683
10136,0.48499816450343175
10137,0.5177447754255979
10138,0.32881386252259215
10139,0.5257479223506378
10140,0.40671657594958865
10141,0.5922737179908595
10142,0.6547341357805695
10143,0.40246116310982516
10144,0.5533991624898218
10145,0.4783041111987186
10146,0.32403173620453307
10147,0.3934954848966534
10148,0.5038325047919933
10149,0.4740079477001884
10150,0.4349580652505304
10151,0.5561000206042035
10152,0.6554949176024103
10153,0.669147440236534
10154,0.49388404019352045
10155,0.48807162635347834
10156,0.6105770772198753
10157,0.545934537812793
10158,0.5226075661943977
10159,0.5700990437138677
10160,0.45044885220003067
10161,0.5384202222101837
10162,0.4673824217419186
10163,0.6191313345198837
10164,0.5589620431768584
10165,0.3926775458330606
10166,0.5595938085875336
10167,0.6321170917534199
10168,0.6208472829804552
10169,0.6503965687099759
10170,0.5238461739331313
10171,0.46278758550400967
10172,0.4938414447166552
10173,0.5189149930978226
10174,0.5590357574764558
10175,0.3950223045951523
10176,0.5019127515829312
10177,0.5683700225149948
10178,0.5389659839372142
10179,0.4586833802940777
10180,0.48663046222974093
10181,0.38023199595235013
10182,0.5555661032989184
10183,0.540108754959257
10184,0.4303046700753629
10185,0.37410102870813805
10186,0.45152280786605603
10187,0.5452582160601946
10188,0.5736999181143959
10189,0.4580254135660151
10190,0.43242122318207665
10191,0.5381931499110733
10192,0.5880488559364832
10193,0.4737342243662303
10194,0.5249554666090428
10195,0.5159787831189756
10196,0.3897322882598288
10197,0.6341454607656664
10198,0.5844053623071261
10199,0.38591293766632173
10200,0.40182461181961787
10201,0.4193502255083303
10202,0.5165785846468856
10203,0.44214150540591346
10204,0.5862535720050885
10205,0.6044935392657655
10206,0.5711286612130184
10207,0.542192052983625
10208,0.565153987778755
10209,0.5933335603855022
10210,0.6151619527282784
10211,0.5256819231223296
10212,0.5222777859068201
10213,0.4902746183083454
10214,0.7722321952069358
10215,0.4455103355393873
10216,0.6407409101675873
10217,0.505199260330277
10218,0.5248066135145646
10219,0.6495421624662927
10220,0.5120116650107
10221,0.5379623617417836
10222,0.4674103493057216
10223,0.4829782295604344
10224,0.5861504772171074
10225,0.54454744731892
10226,0.4632585861125648
10227,0.6718906019419435
10228,0.41506001354571986
10229,0.5009495914567751
10230,0.5515350137000158
10231,0.4403643006422629
10232,0.6651318789181531
10233,0.7141165165048833
10234,0.5534219256193496
10235,0.48227431166572204
10236,0.3896949775465543
10237,0.46443578041526745
10238,0.5852092396334951
10239,0.444366267743627
10240,0.40267942018208
10241,0.5289650994515089
10242,0.561032333626207
10243,0.422803902469711
10244,0.6187340114944763
10245,0.49733077966047523
10246,0.5588580476614251
10247,0.7424663635812061
10248,0.5353879218751043
10249,0.5821628870519673
10250,0.5039604482204604
10251,0.567239625211149
10252,0.558480427346599
10253,0.4356675071409219
10254,0.49698672321899495
10255,0.43814968832353185
10256,0.5809328866070085
10257,0.38701922188097715
10258,0.3856095806597596
10259,0.4912920157062571
10260,0.5400048967274087
10261,0.4677001653520061
10262,0.6096551767431316
10263,0.49880420157203953
10264,0.4174465412503404
10265,0.5832348602552953
10266,0.6098846657045672
10267,0.5058547495770648
10268,0.5350588650370394
10269,0.5671507103448111
10270,0.4794539593158451
10271,0.4807730896053964
10272,0.39199622640858045
10273,0.6557199893960546
10274,0.483598585770036
10275,0.5684587840082227
10276,0.6539474907185033
10277,0.4976576889545964
10278,0.5700788917646475
10279,0.541614187818345
10280,0.5698248033561405
10281,0.5419328550305397
10282,0.49872010949124423
10283,0.4514078111755126
10284,0.5986079282234463
10285,0.49314222288578435
10286,0.5382768233999334
10287,0.5068556292644477
10288,0.4078237550685411
10289,0.559878235752056
10290,0.5161405040462679
10291,0.4928944259585943
10292,0.4995867538906837
10293,0.6868898426208068
10294,0.5012875668941592
10295,0.5460734541473634
10296,0.4731192218783903
10297,0.46539543627483465
10298,0.48925141711387765
10299,0.5437221208108405
10300,0.6304506393735302
10301,0.47573833868712284
10302,0.5385522881717816
10303,0.6041080232950622
10304,0.723021124183672
10305,0.4956148414311309
10306,0.5613503446390157
10307,0.5531146509031168
10308,0.5116744945355103
10309,0.39938466270528533
10310,0.45039167342117803
10311,0.5672859775133772
10312,0.3687016037669275
10313,0.35428032643290064
10314,0.3910244851871533
10315,0.4843791938206997
10316,0.37810896444400677
10317,0.6066619545345672
10318,0.47945658196463914
10319,0.41039166604534616
10320,0.4034177723682266
10321,0.5355243498434833
10322,0.47620608997420344
10323,0.5681238765696358
10324,0.5297322225174048
10325,0.5265380410977222
10326,0.5327658727298086
10327,0.6199730539388117
10328,0.41449442570349043
10329,0.6428563744113069
10330,0.6290979406736702
10331,0.509944098997135
10332,0.5058950620096095
10333,0.5898401590602396
10334,0.3372682297803479
10335,0.48484952265959647
10336,0.6271390824322376
10337,0.4999971800299795
10338,0.4767086635732204
10339,0.47946351384406427
10340,0.5970342894840106
10341,0.6657859750845456
10342,0.5411069875479351
10343,0.7553289180803019
10344,0.4739295611669634
10345,0.7240880507149545
10346,0.5575405831924725
10347,0.538724909692133
10348,0.5499013130229129
10349,0.4040369205656606
10350,0.5314190044899512
10351,0.45550816845727166
10352,0.4540122196667802
10353,0.4256259261711284
10354,0.49822026852356593
10355,0.37197563077248474
10356,0.4951869009122439
10357,0.6129756794899907
10358,0.5393709953254339
10359,0.6179374373510832
10360,0.5629125813081464
10361,0.46797399539556317
10362,0.6157164199358686
10363,0.6411676265109033
10364,0.7964206123822217
10365,0.48871896156851846
10366,0.5065445065025349
10367,0.374226196901017
10368,0.54148146482577
10369,0.5244655876947198
10370,0.7590376700061104
10371,0.4428328619257117
10372,0.5744625763859531
10373,0.3605291573991211
10374,0.4969138798540551
10375,0.3708200708119111
10376,0.6633890731045948
10377,0.33969226028368404
10378,0.4895776661375685
10379,0.4772458720375622
10380,0.5196962881052155
10381,0.4763642048372362
10382,0.48853176198680576
10383,0.5268297721579435
10384,0.4413668218380995
10385,0.7755226738793408
10386,0.47104979456967516
10387,0.4595795378394616
10388,0.5036612993206722
10389,0.46977837988309207
10390,0.635898425432935
10391,0.48857490309793905
10392,0.3617625054847447
10393,0.51609640954232
10394,0.6331768848522449
10395,0.6643915591142542
10396,0.43770033782529233
10397,0.5183214913650372
10398,0.3755103067871651
10399,0.48077130397263446
10400,0.4214447405258429
10401,0.4737072256216499
10402,0.59579139486274
10403,0.48602860010871163
10404,0.4756691224244704
10405,0.49859796223269176
10406,0.465806345389488
10407,0.5484654786997828
10408,0.41363763510195795
10409,0.5251182707688947
10410,0.4520766399798594
10411,0.6273105778117517
10412,0.3702551287377612
10413,0.5589240202093019
10414,0.28087383898603047
10415,0.6186144764072993
10416,0.5652047153282068
10417,0.46978573804808205
10418,0.4980653861156193
10419,0.45816438836691104
10420,0.46068617187905164
10421,0.430587739856489
10422,0.48238002679578507
10423,0.6022601147764498
10424,0.3645284313879955
10425,0.6990965607685486
10426,0.46310837575924946
10427,0.4642563593754394
10428,0.6006704153034448
10429,0.5218884547467946
10430,0.6007182696648252
10431,0.47339300880965196
10432,0.600840240298523
10433,0.5793698002437393
10434,0.37769413652127815
10435,0.5194999659485854
10436,0.5194130359686309
10437,0.5346583882090656
10438,0.5851862485339582
10439,0.3097165344934069
10440,0.4916661865148126
10441,0.6990403397868443
10442,0.45499250978141187
10443,0.37319694792416724
10444,0.5600134852585723
10445,0.3668879193752612
10446,0.5195257656142195
10447,0.7076427214783161
10448,0.5669854737862681
10449,0.5539466224058383
10450,0.4588811338975057
10451,0.5203303992189611
10452,0.4656105280703395
10453,0.4558549235702623
10454,0.459401669318737
10455,0.4025133853236353
10456,0.6345661175569185
10457,0.2806512423217249
10458,0.6400300945533146
10459,0.5101232028894718
10460,0.465104276555028
10461,0.3769650996141112
10462,0.48777737465870574
10463,0.7025778506741298
10464,0.5035333116778393
10465,0.497599580396597
10466,0.4778252482250204
10467,0.5364540041911665
10468,0.500135430993545
10469,0.3995699257416332
10470,0.5880501476662543
10471,0.5303508961627366
10472,0.585271733715374
10473,0.5772067177566667
10474,0.6376739851979012
10475,0.4730756318734431
10476,0.4680606942695426
10477,0.4844169777885805
10478,0.5536946256909652
10479,0.40936284708246157
10480,0.5578251490478728
10481,0.5359656670437103
10482,0.6904502511001501
10483,0.33726935082573994
10484,0.6025146306958055
10485,0.5455365828296845
10486,0.5465640009088555
10487,0.6086282537031068
10488,0.465071927690242
10489,0.5813643762395052
10490,0.5098584368397383
10491,0.5933369090158959
10492,0.5083129029901408
10493,0.4824135193352856
10494,0.468831795646625
10495,0.4637749027993141
10496,0.5135132515233386
10497,0.5329451649612132
10498,0.6582706431689976
10499,0.4358970553808299
10500,0.5202349786436716
10501,0.5726890506686756
10502,0.46674800267286043
10503,0.5337551458081704
10504,0.6540528125999373
10505,0.37358374971869757
10506,0.45870174098512495
10507,0.4460042688555676
10508,0.47231524321711
10509,0.4358521208548515
10510,0.7397177444748012
10511,0.43763845400120166
10512,0.6157398086191443
10513,0.5332355537063294
10514,0.4773249479970223
10515,0.4917692054570631
10516,0.4982968252580129
10517,0.35140960747545047
10518,0.5932687986800835
10519,0.7137539388066649
10520,0.5848701796952982
10521,0.6370370975751274
10522,0.532627221032101
10523,0.4732759887665675
10524,0.5537230618584043
10525,0.4199364543487944
10526,0.43361517277720707
10527,0.5456602928241503
10528,0.5661663808557341
10529,0.5443503714311639
10530,0.6280954444200691
10531,0.43944148641717634
10532,0.446542865557075
10533,0.5350942744481759
10534,0.2984073562510944
10535,0.5531480288073092
10536,0.5511568649782783
10537,0.5050131715219125
10538,0.6011199912829946
10539,0.5018938559731178
10540,0.5467313765440731
10541,0.4035602829820817
10542,0.35143252161293087
10543,0.548727904157749
10544,0.43403085584032164
10545,0.4741714874330411
10546,0.6152642041076339
10547,0.786148797909942
10548,0.6587507550329137
10549,0.5284582765563827
10550,0.4600914886225647
10551,0.5385788557478242
10552,0.5877770456752264
10553,0.5224415122680266
10554,0.3849172102973014
10555,0.6289148949846834
10556,0.42224820680178454
10557,0.5034075063855796
10558,0.36323607696599425
10559,0.3501273369943575
10560,0.36320786102053537
10561,0.5534941906138755
10562,0.6509191190267378
10563,0.6323057257696699
10564,0.5149924954957737
10565,0.5091931620399633
10566,0.5626175780515811
10567,0.6178229578235408
10568,0.564236286456339
10569,0.5060021377962309
10570,0.4359537642174532
10571,0.2717437907241263
10572,0.6015687241166592
10573,0.39409204184765306
10574,0.5387914420826111
10575,0.42896686003892875
10576,0.45918783090676213
10577,0.6288633322959335
10578,0.5350050845125243
10579,0.5094178206378913
10580,0.6362397345168773
10581,0.6730050275446189
10582,0.6155384040012681
10583,0.36765556828190926
10584,0.4759696022456105
10585,0.49730300619475754
10586,0.45014459220617153
10587,0.6237593756728087
10588,0.38087587625429675
10589,0.5250603151423666
10590,0.4909427784384356
10591,0.5268616838748575
10592,0.42526470013948164
10593,0.4750979417101497
10594,0.5317208202796735
10595,0.4988101242225805
10596,0.45134079237274227
10597,0.5129340883094126
10598,0.4255050400757872
10599,0.48126511168600417
10600,0.4353843245900174
10601,0.3984246253404793
10602,0.5009943806693921
10603,0.6297730257389494
10604,0.4671842901507042
10605,0.4127729055654511
10606,0.5300705151481537
10607,0.5125178964622072
10608,0.5697072830734232
10609,0.5433684645961778
10610,0.3862945836863314
10611,0.5257464573672802
10612,0.6442629687164719
10613,0.5753926488096458
10614,0.3291629490125242
10615,0.4373051988093394
10616,0.5370123488135741
10617,0.6572104741055851
10618,0.5092643784656525
10619,0.591964464611435
10620,0.5369918718944457
10621,0.6561858334805415
10622,0.5392686521181109
10623,0.5702161639058226
10624,0.4914434947489815
10625,0.5390587006610489
10626,0.446540229334873
10627,0.5254530617970155
10628,0.5821010176889831
10629,0.628075271845389
10630,0.648101473776528
10631,0.540417221260611
10632,0.5436020228965294
10633,0.4388421359524053
10634,0.47021297736138146
10635,0.42076478834598197
10636,0.4837044917197777
10637,0.6136438413354268
10638,0.38153345561345975
10639,0.5106069223460581
10640,0.46776700506109836
10641,0.5068418785761637
10642,0.4686869841572297
10643,0.5672687842234119
10644,0.4106699809907026
10645,0.39351080293613566
10646,0.5161521988955212
10647,0.5145441719063679
10648,0.44859153668549234
10649,0.513074762070266
10650,0.571275835386136
10651,0.41655602643039447
10652,0.4996135895342492
10653,0.5568371002138853
10654,0.48374294567629694
10655,0.541850646835639
10656,0.5633672123471002
10657,0.5822350872415711
10658,0.4513132646329638
10659,0.5248229718027642
10660,0.4015978189834572
10661,0.47097548586732785
10662,0.39778074805410657
10663,0.38028022178622156
10664,0.4409319441664486
10665,0.530272889814017
10666,0.45234834260695256
10667,0.4951367031506462
10668,0.5811444379577518
10669,0.5602158879889995
10670,0.5850805695640128
10671,0.5672573004422324
10672,0.41632581598498525
10673,0.3922003696036389
10674,0.4229678613737969
10675,0.5686525213958102
10676,0.6364654946759792
10677,0.43888818116544176
10678,0.5961387416645932
10679,0.565865810896524
10680,0.6711266501261498
10681,0.5552904122915099
10682,0.31415396707017906
10683,0.5637843710333188
10684,0.5319419500971547
10685,0.422515916716942
10686,0.4531762602799617
10687,0.48505215252765194
10688,0.4520099067438883
10689,0.4500272534452673
10690,0.4288149162281663
10691,0.3795496431830411
10692,0.5187565972986946
10693,0.5508181761588726
10694,0.7461404803559928
10695,0.5408608949162563
10696,0.5900206762172029
10697,0.41327965583117054
10698,0.5153342144026499
10699,0.5364468647529483
10700,0.49560543312267885
10701,0.4923085253154744
10702,0.544004988378841
10703,0.6067460854668444
10704,0.33989996575207987
10705,0.5058811270782412
10706,0.6022924829498963
10707,0.40552546710316006
10708,0.43260098189763196
10709,0.5811226832245796
10710,0.27183545970840767
10711,0.5987855382074667
10712,0.6467077891457567
10713,0.31382178358927254
10714,0.6539724806849341
10715,0.5078255923834543
10716,0.34120356429615184
10717,0.5102588579827821
10718,0.6953332938942506
10719,0.34875829006365766
10720,0.40403577335405494
10721,0.5311913605285266
10722,0.537768495331414
10723,0.5004134325017199
10724,0.532577582031708
10725,0.4158231974865142
10726,0.45180660872410455
10727,0.6294466523212633
10728,0.4976977993546403
10729,0.5041385651211373
10730,0.48297513155529775
10731,0.4460466283332222
10732,0.39806184827645497
10733,0.5969575499063506
10734,0.6804650298024195
10735,0.35298550523786393
10736,0.5780000545705558
10737,0.5781132984947996
10738,0.4245640249387008
10739,0.42278939647755126
10740,0.4855663236827267
10741,0.6852368794056751
10742,0.5677024303084764
10743,0.42998131819753843
10744,0.38653835798441977
10745,0.5435759778102099
10746,0.6148572847774257
10747,0.6419878795613315
10748,0.5806006083672914
10749,0.4908107343013183
10750,0.42316686939170495
10751,0.49987953463648227
10752,0.508085034862836
10753,0.7472489720318075
10754,0.49974569358311005
10755,0.49500214072894505
10756,0.5451445262620059
10757,0.5765518433781796
10758,0.5356807451802451
10759,0.8269333258649854
10760,0.5624981113611008
10761,0.47635984908016166
10762,0.5455684410110617
10763,0.7092439514491415
10764,0.5659104878935939
10765,0.4664767047125703
10766,0.5225772124389536
10767,0.38102874437853984
10768,0.5790721224059593
10769,0.6961936586916864
10770,0.5929432422647253
10771,0.5179015149943229
10772,0.4835026980575412
10773,0.42683089087377524
10774,0.5436506555619997
10775,0.3984483621416656
10776,0.5246271192174619
10777,0.4000486015724121
10778,0.6108245562649464
10779,0.717958071613627
10780,0.5666943788701376
10781,0.5643823584522004
10782,0.5540891122651431
10783,0.5995554042183013
10784,0.42881995160096037
10785,0.5390324106099242
10786,0.5813781631890315
10787,0.5311473858774661
10788,0.3772627362180103
10789,0.4881170259317762
10790,0.6337115601126233
10791,0.5073397364191554
10792,0.5188826744923869
10793,0.8013918371352802
10794,0.5068215174411284
10795,0.4388155709242228
10796,0.41320671024406386
10797,0.48488714786678755
10798,0.6895252101421098
10799,0.46752802503933555
10800,0.5474981032457354
10801,0.6189627102482168
10802,0.4954393469755078
10803,0.5193008716275568
10804,0.47012555780533727
10805,0.7818013789817051
10806,0.503451631555962
10807,0.5235195523891766
10808,0.44682383762377437
10809,0.3832386394651026
10810,0.49511383000741993
10811,0.4384987987936194
10812,0.4195419015477031
10813,0.3929628069224674
10814,0.5806674844989584
10815,0.6116219970399629
10816,0.4433753739440487
10817,0.41598990482044185
10818,0.44781806386071943
10819,0.5613768402974475
10820,0.5655608142990375
10821,0.5749340534225436
10822,0.5156012535239118
10823,0.6238952599795758
10824,0.4556528143185588
10825,0.43787476941502035
10826,0.3734044759960924
10827,0.5047202173368603
10828,0.44898813405342386
10829,0.49982794178039625
10830,0.4307263946333624
10831,0.4745494507944201
10832,0.5329176236028368
10833,0.46240572454629764
10834,0.6325992505937309
10835,0.6737242659120746
10836,0.7868298963385705
10837,0.460374972039463
10838,0.5276536786090946
10839,0.4755532887426426
10840,0.5418075918926604
10841,0.49466466552395616
10842,0.5177093986345109
10843,0.6049393777252188
10844,0.48022483719755776
10845,0.8443699673433012
10846,0.41775693244972584
10847,0.5470677463774695
10848,0.5997290593960566
10849,0.48417951412418925
10850,0.6431614375617528
10851,0.7177554896806305
10852,0.7415132729011557
10853,0.5067088276151271
10854,0.37147472305051
10855,0.5673681518388278
10856,0.5735905158516459
10857,0.4928205820316291
10858,0.49813039632989364
10859,0.47746303655828265
10860,0.4499718809839219
10861,0.649093822028691
10862,0.49406258510057827
10863,0.41444174525373506
10864,0.5912314496060636
10865,0.4482247465371606
10866,0.5518324931227578
10867,0.5737702992640421
10868,0.37412761582879256
10869,0.46493962483891915
10870,0.4794573943838215
10871,0.45766873073029857
10872,0.5228789524859621
10873,0.63283445641852
10874,0.6101817657898689
10875,0.5227675632421943
10876,0.4339698489510234
10877,0.5758584258467168
10878,0.5058878229077988
10879,0.42910485445951785
10880,0.5390543904461971
10881,0.4205216429735464
10882,0.4143031555319713
10883,0.49184822316403404
10884,0.6627221784605026
10885,0.5353862716072088
10886,0.4760628327169631
10887,0.49149016322361944
10888,0.4653531506945268
10889,0.5335613482930923
10890,0.5780525097692757
10891,0.45893079299801626
10892,0.4767953796887514
10893,0.3554226967539734
10894,0.48937618020981405
10895,0.4807576307042665
10896,0.776031770783264
10897,0.380521925411743
10898,0.5028381838767416
10899,0.5514865479862288
10900,0.568596315927727
10901,0.568095637841096
10902,0.529746354519375
10903,0.33398111749667925
10904,0.5355734798203247
10905,0.5969196866693516
10906,0.6122799991407493
10907,0.35737094192920127
10908,0.45392524460271366
10909,0.43467745445024236
10910,0.6046977045691558
10911,0.424091405456349
10912,0.5128871465688373
10913,0.5331747904754527
10914,0.766283562745262
10915,0.6655246131403869
10916,0.6596175287043137
10917,0.546535371002077
10918,0.6191640692086327
10919,0.47646364510233585
10920,0.5514328179767644
10921,0.38281412847388774
10922,0.627130542184754
10923,0.39265793654793113
10924,0.5952231617917354
10925,0.46102738711484514
10926,0.5746053167028176
10927,0.4129627982772315
10928,0.498987143467383
10929,0.5631231274463792
10930,0.5187580939487223
10931,0.6837299225775844
10932,0.37438697960161627
10933,0.4260006663412442
10934,0.39773937043165386
10935,0.4352427947856404
10936,0.6736008069863286
10937,0.6095975406549017
10938,0.41142000246917954
10939,0.7572787712630111
10940,0.5929610338452085
10941,0.3826240026933293
10942,0.41445573843944994
10943,0.41985579939755935
10944,0.4749374171425813
10945,0.5159747549400063
10946,0.4618149870952317
10947,0.37697901492786634
10948,0.4243007446771649
10949,0.5089021708127116
10950,0.5327330234073567
10951,0.3829785637018736
10952,0.3536344438111862
10953,0.703806577905697
10954,0.4209811602577159
10955,0.5343147217670937
10956,0.3672126411877924
10957,0.6500762410252191
10958,0.3626352893936658
10959,0.5700362842291141
10960,0.6442201727582134
10961,0.6331230986324242
10962,0.47435206711959615
10963,0.4476102760820012
10964,0.5151692752600189
10965,0.3573186687346051
10966,0.5275711768290824
10967,0.5337283232958026
10968,0.5634279224893848
10969,0.528141225578441
10970,0.4063728235889763
10971,0.551842344391963
10972,0.49941763768163333
10973,0.560228193798366
10974,0.5048542612874628
10975,0.39977953387883636
10976,0.4296168385853601
10977,0.39153006548786157
10978,0.45735522976465237
10979,0.4547387210856178
10980,0.6210795444591143
10981,0.4982686791439283
10982,0.48495923283877357
10983,0.5010177147782376
10984,0.5020412336544647
10985,0.3958081378055303
10986,0.3189784755145194
10987,0.3949873436224457
10988,0.5118789795449663
10989,0.6186590939006682
10990,0.37340920470683114
10991,0.5269635981267441
10992,0.6667868791999457
10993,0.6943445268267657
10994,0.6109789849152016
10995,0.5333274759611254
10996,0.46878049668131616
10997,0.6184313637166233
10998,0.4443207451378635
10999,0.6932247117801668
11000,0.39362589663810105
11001,0.4726808111657728
11002,0.4460703891869322
11003,0.6828468985519054
11004,0.4981413573105078
11005,0.4810280787557864
11006,0.4816843126576092
11007,0.7017475976346866
11008,0.3765458858827251
11009,0.5368287029788931
11010,0.5145944415213565
11011,0.3410219419396716
11012,0.5022305758143958
11013,0.5100158715420141
11014,0.43682960068575777
11015,0.38410807691275495
11016,0.5858654886403885
11017,0.3531405724328701
11018,0.7163151558514528
11019,0.7597118127009176
11020,0.6493331101819967
11021,0.5234919446976936
11022,0.7440670807843801
11023,0.6915594487386625
11024,0.5204461258053843
11025,0.6547048298177063
11026,0.45014734441224324
11027,0.4750265842095492
11028,0.3484553427390974
11029,0.49866467082225197
11030,0.4721008106961906
11031,0.5142014202945939
11032,0.40789526888564864
11033,0.5277284145772062
11034,0.42887637740333767
11035,0.4932450553642575
11036,0.40389570656949236
11037,0.600867445134033
11038,0.5097830787941262
11039,0.44597210580858204
11040,0.6108560330719369
11041,0.47168434911097545
11042,0.5007954935236917
11043,0.5626871663638906
11044,0.42086952470704503
11045,0.3892650402410342
11046,0.5526636823517712
11047,0.5422324207572163
11048,0.5726503870758798
11049,0.5941823464829707
11050,0.5000940297769356
11051,0.5200128409901803
11052,0.5620369409234028
11053,0.37630931691453295
11054,0.45895924662431054
11055,0.5763850309096415
11056,0.39486135809150075
11057,0.49541272689764504
11058,0.36090630689596215
11059,0.4035616378093683
11060,0.501714619040337
11061,0.42640019691244024
11062,0.47942301797181647
11063,0.5661621510673136
11064,0.4373418622082711
11065,0.6645166406013097
11066,0.4747296783387686
11067,0.4725889222078531
11068,0.4550568803502766
11069,0.4949687829079827
11070,0.5068134755941278
11071,0.5202258493280898
11072,0.5460519708499164
11073,0.44246546932132136
11074,0.42316446260080476
11075,0.48462052826236796
11076,0.5634026601389849
11077,0.5541929733720748
11078,0.6555427169188432
11079,0.4664700190437869
11080,0.6102692253878148
11081,0.546195097613602
11082,0.49431729747780556
11083,0.4073359865647913
11084,0.3314614463172188
11085,0.5881532128945086
11086,0.7591662024501284
11087,0.6993698254300402
11088,0.4053561896477637
11089,0.5714621587077614
11090,0.4276425309461184
11091,0.4189132165309323
11092,0.4985164940877772
11093,0.4449187968726107
11094,0.49681383760515413
11095,0.540522579258142
11096,0.6463268573443881
11097,0.5628732830810933
11098,0.6177133391135743
11099,0.5273741400743798
11100,0.44599642446497323
11101,0.53602104338979
11102,0.5854020823903485
11103,0.4015966590143146
11104,0.5385479678657518
11105,0.5361532142962614
11106,0.5089945717105364
11107,0.41294879208511215
11108,0.5492630498983317
11109,0.4499609881714176
11110,0.4103781851931939
11111,0.5000054124408433
11112,0.29474676339254097
11113,0.4116345872384311
11114,0.6116926078526601
11115,0.45240615112014343
11116,0.4934229717934965
11117,0.6281503737399664
11118,0.5126153668262937
11119,0.4364092084276936
11120,0.4494859355768862
11121,0.7336365575752617
11122,0.5084667078752841
11123,0.6190310510803523
11124,0.6493867982620246
11125,0.3990184178433061
11126,0.5318946090698421
11127,0.5719822483823301
11128,0.4797029105242678
11129,0.6220563396393757
11130,0.44542837442863015
11131,0.5239534718518932
11132,0.5690787309239108
11133,0.5843664110188916
11134,0.5274853542249175
11135,0.4892806148313226
11136,0.38898954649950657
11137,0.49805646834820405
11138,0.5240427481868969
11139,0.5159571382148203
11140,0.5468483100318352
11141,0.5500029030745753
11142,0.4342962210767286
11143,0.6945735259855119
11144,0.3714199613115794
11145,0.5010767441544932
11146,0.6848927464356682
11147,0.4926750317957304
11148,0.6204431606405829
11149,0.4814290420341948
11150,0.5501786776407506
11151,0.5117055826368574
11152,0.5162630625359738
11153,0.635901658854735
11154,0.4480997090349092
11155,0.3663042883689706
11156,0.5226329974137618
11157,0.48508351094593216
11158,0.5087184708637204
11159,0.6202834747372564
11160,0.7060618001754657
11161,0.4241997601351404
11162,0.39637214831007195
11163,0.3931224004120422
11164,0.45901318502063454
11165,0.3833067987738078
11166,0.49617044215720424
11167,0.5483857571643341
11168,0.5311757240789754
11169,0.5990178449406163
11170,0.4438339247370959
11171,0.5442233856737251
11172,0.5180612517839362
11173,0.49900265429095036
11174,0.6323334093758965
11175,0.48941976666930975
11176,0.4603982467842555
11177,0.642633385785736
11178,0.4797815958861811
11179,0.6125642689684259
11180,0.40742845021061075
11181,0.4702288777589031
11182,0.5650815561148727
11183,0.46427929242341953
11184,0.3493835265854709
11185,0.577420484469215
11186,0.510222906184209
11187,0.36083648602378937
11188,0.5705718390508085
11189,0.461905218320625
11190,0.4621716871106871
11191,0.42391703722749674
11192,0.601055398666927
11193,0.4446603944310878
11194,0.4896827498906716
11195,0.5934773603812951
11196,0.515944106350772
11197,0.5507156453078808
11198,0.6214059821492436
11199,0.541095087575072
11200,0.4128122662056784
11201,0.5793812431553408
11202,0.550183279521199
11203,0.5619091817261528
11204,0.45176005200404107
11205,0.40638509446630466
11206,0.654480066271318
11207,0.5538218193829945
11208,0.6686593521367443
11209,0.5643278588356389
11210,0.4311940726708782
11211,0.5401245660241147
11212,0.36736210901329647
11213,0.5153706032157285
11214,0.4684886452893531
11215,0.7023428925942319
11216,0.7022054096431976
11217,0.3949528274428184
11218,0.410590759861589
11219,0.38315370571671303
11220,0.5765923561441426
11221,0.5061847631424538
11222,0.39719404962784294
11223,0.6429537884549537
11224,0.49442638996602695
11225,0.582135013774594
11226,0.4414334244080302
11227,0.5445394218146719
11228,0.465230965573501
11229,0.44815199918725757
11230,0.44422981914250775
11231,0.4651662113146035
11232,0.5928762670730792
11233,0.5325427583721661
11234,0.47029741232247346
11235,0.5503449896008628
11236,0.6224981573908894
11237,0.7440314053322998
11238,0.4672835856697984
11239,0.5840211718071981
11240,0.44370217364410625
11241,0.427184234250921
11242,0.40096638885283553
11243,0.4684832470979441
11244,0.759114067704684
11245,0.38828087964907504
11246,0.47019085855686
11247,0.30618725816675385
11248,0.46098100550234294
11249,0.5101311799695664
11250,0.40948755769356365
11251,0.5140308357059048
11252,0.39756077391941747
11253,0.5337382933342365
11254,0.40823685244439256
11255,0.4906414505989537
11256,0.4027337802592485
11257,0.25719112509581327
11258,0.5399648961796188
11259,0.5101162074891585
11260,0.5114810273509918
11261,0.5267230192813134
11262,0.4836630369890497
11263,0.5183137916911023
11264,0.5662844701145243
11265,0.5077614019753829
11266,0.5212290141775314
11267,0.46490215699954834
11268,0.42020097468689777
11269,0.42145320270402165
11270,0.47176663010055986
11271,0.6284646149276584
11272,0.3668572951205784
11273,0.4689068806824331
11274,0.46686990117813326
11275,0.41487448832876095
11276,0.49868707633741816
11277,0.67854659027721
11278,0.5240531213995678
11279,0.48440469675024295
11280,0.5815426054565039
11281,0.3676895484279753
11282,0.5619688786518763
11283,0.6908103535325093
11284,0.5608494957099258
11285,0.6709463216629551
11286,0.46074765826231656
11287,0.6843533659424426
11288,0.5624617635389743
11289,0.4605737523559519
11290,0.54889407021838
11291,0.4987798654710256
11292,0.5735819210714377
11293,0.5802104164256947
11294,0.3181280089643137
11295,0.4089244532397781
11296,0.5147048495946691
11297,0.4728122049814895
11298,0.5274610537243419
11299,0.4318570813586501
11300,0.5332682644688487
11301,0.5169160613363665
11302,0.409594013791973
11303,0.4424251660985569
11304,0.5216423034103663
11305,0.5864123461079134
11306,0.31296632114807066
11307,0.4115085227733295
11308,0.554454400658306
11309,0.6673576133799355
11310,0.4467566687308496
11311,0.4968828810575516
11312,0.6018130535404463
11313,0.5200722189106792
11314,0.4517432963780343
11315,0.49687939767421724
11316,0.4325907065518838
11317,0.633743660153795
11318,0.5297266372656295
11319,0.5010475793211594
11320,0.5387758073424208
11321,0.5269685531967364
11322,0.500167386324956
11323,0.44120536085655615
11324,0.6249468184919372
11325,0.543502924734185
11326,0.3697749093391307
11327,0.6484094681356922
11328,0.585082860496309
11329,0.42783240328939043
11330,0.528141487556979
11331,0.5309730994721774
11332,0.46630125929469823
11333,0.3501505759989083
11334,0.48005536341964977
11335,0.5730533462256424
11336,0.5470821539647583
11337,0.424074552817589
11338,0.35929477331504905
11339,0.4921440100865365
11340,0.5058193644457042
11341,0.6235109448167832
11342,0.5348721253868676
11343,0.6990373883356453
11344,0.4097314882651548
11345,0.4046686386564649
11346,0.4872631708131596
11347,0.49804928640332086
11348,0.4054881779339078
11349,0.4799016743040307
11350,0.5733938873374195
11351,0.4998591228879495
11352,0.6708447618363149
11353,0.5470346832609094
11354,0.4759246231969481
11355,0.5059450047537657
11356,0.35082970575314054
11357,0.4473906725287131
11358,0.5446070233020615
11359,0.5088311855391571
11360,0.47329311909875693
11361,0.3745628614599801
11362,0.4155478020795881
11363,0.621948007747191
11364,0.5427458415349877
11365,0.5476688409588818
11366,0.5356646805066712
11367,0.4956729707938634
11368,0.40895293478735745
11369,0.49049180108896206
11370,0.5703584014789012
11371,0.4729881269982583
11372,0.7898884841472195
11373,0.48354041095860945
11374,0.2534853767451914
11375,0.42370240089722455
11376,0.5118235187614637
11377,0.4483709513211821
11378,0.3753336904372838
11379,0.5642752029029592
11380,0.46391563120776663
11381,0.4600725803476048
11382,0.459678291578924
11383,0.469698067779
11384,0.397428286058207
11385,0.5008678621191425
11386,0.4702156142008971
11387,0.5681286684740837
11388,0.587708161809108
11389,0.522168641563726
11390,0.47294925907600605
11391,0.5209194342138668
11392,0.4836092574332506
11393,0.5345995801100746
11394,0.42682627673415985
11395,0.4698611811041575
11396,0.5534539875667858
11397,0.5180615123262647
11398,0.5019995552751036
11399,0.599796671713017
11400,0.619468651817129
11401,0.5508129461411969
11402,0.47040840754547186
11403,0.5960490117807069
11404,0.4597248529362471
11405,0.557232532760846
11406,0.4758442328786351
11407,0.3991890661162234
11408,0.39350041510749517
11409,0.49001450405858477
11410,0.6031295627406454
11411,0.5389779477587963
11412,0.6025315901185088
11413,0.38866383588714637
11414,0.5038076379989583
11415,0.5413932539012213
11416,0.4709059260137146
11417,0.5172806127142447
11418,0.6727890107359263
11419,0.40959372207155986
11420,0.49055917289476847
11421,0.47827063885211474
11422,0.5426320671778183
11423,0.3014243812931441
11424,0.47322204861887307
11425,0.6666802687392318
11426,0.5165912205401948
11427,0.5217316629768244
11428,0.5907366536262599
11429,0.4930740302695615
11430,0.45325123752756447
11431,0.47850911995121587
11432,0.3912109213191607
11433,0.6055778947299909
11434,0.40201479564808806
11435,0.6066163479343156
11436,0.615482143691775
11437,0.551868121724968
11438,0.546081903108793
11439,0.6248238969933675
11440,0.5879498424679321
11441,0.6343976793560419
11442,0.49506009070496004
11443,0.5423881682308207
11444,0.5461785894707274
11445,0.3680726213855743
11446,0.6036994721730906
11447,0.5233860382587526
11448,0.6501399504387494
11449,0.7232483730777259
11450,0.6698884776131553
11451,0.4378984948865519
11452,0.4055804104897272
11453,0.4557736022490453
11454,0.5722415784490836
11455,0.5055947899700615
11456,0.40870478175370833
11457,0.5801274631718882
11458,0.42607883773467276
11459,0.5829567836339178
11460,0.5648528134016407
11461,0.33801905415387845
11462,0.47040277410161246
11463,0.755110786807004
11464,0.46387406737228704
11465,0.521698143849363
11466,0.49661847518245567
11467,0.5579079410999659
11468,0.5282311080768144
11469,0.44382981618491846
11470,0.4719523095028921
11471,0.4810608593372606
11472,0.47817148159252504
11473,0.4011253795961495
11474,0.6905555465734772
11475,0.5797835040398347
11476,0.45902203034958616
11477,0.5626223972096855
11478,0.4698426096249545
11479,0.5432232180704527
11480,0.5007714583480148
11481,0.523514232180259
11482,0.46826561222976065
11483,0.7615161916029418
11484,0.6041819888564265
11485,0.5378220111758201
11486,0.6066612270498808
11487,0.36573076123290654
11488,0.46355433977186294
11489,0.506874457693129
11490,0.5509594266959656
11491,0.49078857616985794
11492,0.41556054382936153
11493,0.4010364940686657
11494,0.4675181596733791
11495,0.4990301809537093
11496,0.5506530749656061
11497,0.7316762110233739
11498,0.4974087330865545
11499,0.4789289542630504
11500,0.5320281774802046
11501,0.45550620592152874
11502,0.39585489464840873
11503,0.4979859125771672
11504,0.6488402152220684
11505,0.4386862565976944
11506,0.5726224452733896
11507,0.6649648406697417
11508,0.46426928311807675
11509,0.6701229974519518
11510,0.36153081495203354
11511,0.4653809192530524
11512,0.5394905947307538
11513,0.5337900600217603
11514,0.6644354648621561
11515,0.4515063663912103
11516,0.5179513340955055
11517,0.5500994048559819
11518,0.48047121478724436
11519,0.4276032538705375
11520,0.5021617462329974
11521,0.5386411691201982
11522,0.6813776929124667
11523,0.3743926861730983
11524,0.5199839733947763
11525,0.739326794781507
11526,0.39754977003094216
11527,0.5770679142927553
11528,0.6028574069651456
11529,0.5539656122053227
11530,0.5172530057748951
11531,0.4656786052147134
11532,0.5316140270013234
11533,0.4649263234588383
11534,0.6018406506950635
11535,0.5019624673567432
11536,0.5075190487770089
11537,0.5316701429889209
11538,0.4132111440147127
11539,0.4354449760805058
11540,0.38704652085422986
11541,0.5678687578236572
11542,0.4697802994039512
11543,0.442252768697326
11544,0.45519892740278844
11545,0.5406308150858145
11546,0.4104733428765889
11547,0.5797280244567012
11548,0.5447817443458378
11549,0.46928884728169473
11550,0.5109590129277035
11551,0.4801173156030955
11552,0.573643308445523
11553,0.5955137182482633
11554,0.47663771891965423
11555,0.45928239556560674
11556,0.562599556275397
11557,0.4251988757180438
11558,0.40410466400146783
11559,0.5899976483386129
11560,0.43783301301126054
11561,0.46284256503095283
11562,0.6980611393989298
11563,0.6257106050778932
11564,0.6042194683076987
11565,0.5828337061699664
11566,0.5225609691014296
11567,0.5251510039392018
11568,0.5360592891981472
11569,0.6620537243443122
11570,0.5210454715534465
11571,0.5715352927154322
11572,0.44413904546247907
11573,0.5706196918413714
11574,0.46053894235924514
11575,0.43267420797473155
11576,0.7743464509292315
11577,0.44777603486847156
11578,0.6279488830015476
11579,0.506454413560437
11580,0.4249477075365113
11581,0.4585209319415181
11582,0.43422217857429946
11583,0.5364865754996371
11584,0.5594400543006512
11585,0.4613154952959697
11586,0.3445865190264793
11587,0.48011728390443587
11588,0.409718522532742
11589,0.36129041255718364
11590,0.39220460066304624
11591,0.49982923059478584
11592,0.47974317252875553
11593,0.4875766141469044
11594,0.47942968944231645
11595,0.5680820009507632
11596,0.5525068429413411
11597,0.4953234137845544
11598,0.6140142706062097
11599,0.48893906439544205
11600,0.45898730701995094
11601,0.6331695887360808
11602,0.39775371743224835
11603,0.5948425614231859
11604,0.37949767464485784
11605,0.4597029316901798
11606,0.38557877089144754
11607,0.5207008613315004
11608,0.497558667222912
11609,0.5844050225038728
11610,0.5969235680188059
11611,0.7497165508134738
11612,0.4621551479171314
11613,0.36175264949808683
11614,0.5295560098477163
11615,0.6299192518364458
11616,0.5420746496939975
11617,0.3694611810052947
11618,0.5736117197728827
11619,0.5296053846089442
11620,0.4313087911222925
11621,0.5632730161018213
11622,0.5785965670977692
11623,0.5946519117316045
11624,0.41556803027777955
11625,0.4744494529331326
11626,0.40917787820000473
11627,0.4761410953855215
11628,0.6292939886119343
11629,0.4802003304619305
11630,0.46642006194849034
11631,0.5672159978685658
11632,0.3870668366637718
11633,0.45324003562853515
11634,0.3869046197898119
11635,0.43030629789675245
11636,0.5446489588230559
11637,0.629212057237503
11638,0.4504377900996276
11639,0.5639295635478114
11640,0.48282399455949576
11641,0.3559782379823999
11642,0.5531394946963911
11643,0.7213281079267511
11644,0.32646665407357056
11645,0.7006592061532002
11646,0.4514294753834676
11647,0.3872145094836619
11648,0.496923461145753
11649,0.6430295544498703
11650,0.5028509584397782
11651,0.5074933752550245
11652,0.7828300900769332
11653,0.460009154658779
11654,0.6208578373301766
11655,0.6373842767085072
11656,0.571413317684657
11657,0.5281661388436489
11658,0.444840557142701
11659,0.5580420903126335
11660,0.6127457806127001
11661,0.48569305191693246
11662,0.5342145213496237
11663,0.5419805120461985
11664,0.5519786096463064
11665,0.3929492940407723
11666,0.4723112551634858
11667,0.5403116579118752
11668,0.5223243238488356
11669,0.46239777242060026
11670,0.6244651039921517
11671,0.4124253813820309
11672,0.5741111341665893
11673,0.43832654068221927
11674,0.2758994590817514
11675,0.4688536311428039
11676,0.5830437471865436
11677,0.5524520663780207
11678,0.5103504369946698
11679,0.5838650269025979
11680,0.5567607869497363
11681,0.5457462314801844
11682,0.33214884850668236
11683,0.5469931429984124
11684,0.47101178347373474
11685,0.48627024960917115
11686,0.5444511129454355
11687,0.4418661139840926
11688,0.4426003766976398
11689,0.532644551030395
11690,0.6112232488958634
11691,0.5081504957656421
11692,0.6812270303706394
11693,0.33591520469321506
11694,0.5778897932720425
11695,0.45106992895791853
11696,0.45526417699893396
11697,0.5918574615351658
11698,0.5257928170690267
11699,0.5386986361108295
11700,0.3697269063215262
11701,0.47279323895562164
11702,0.4196057877615875
11703,0.5780478074953806
11704,0.5872304772013773
11705,0.5732485245733792
11706,0.45105376092749416
11707,0.4268072680221217
11708,0.4044529032668414
11709,0.48878189164403
11710,0.46254418295826727
11711,0.34511353528235067
11712,0.44499472212198987
11713,0.47076803280503493
11714,0.5066175274895985
11715,0.5987997990341936
11716,0.6398814705194206
11717,0.4071816256735526
11718,0.40586343358685745
11719,0.5332380545972515
11720,0.4727070104731341
11721,0.5303993556969806
11722,0.5227495174147678
11723,0.5127941446887617
11724,0.49689439706840133
11725,0.538878353020035
11726,0.5637172495687116
11727,0.4837080193603926
11728,0.403545275703489
11729,0.5028930966682333
11730,0.3562667211421908
11731,0.5893100767425035
11732,0.4787768934865583
11733,0.5389300967438521
11734,0.4406227161017413
11735,0.6505944215104584
11736,0.6272881560338653
11737,0.5112713974800831
11738,0.5010161824470238
11739,0.6370688703501839
11740,0.4058710334670217
11741,0.4084907695358649
11742,0.649723861989169
11743,0.608083348047796
11744,0.46186562840651235
11745,0.686519063839669
11746,0.4305488928454234
11747,0.33923954674438284
11748,0.487678385450121
11749,0.5160574999603701
11750,0.39058403200086067
11751,0.3605908912547273
11752,0.527462133125666
11753,0.4596432762959178
11754,0.39519732154416487
11755,0.5816044499645135
11756,0.40580754935631125
11757,0.7014376954702959
11758,0.5767462975478541
11759,0.5248173737907471
11760,0.4669342733788956
11761,0.4486247500167912
11762,0.5146084945733667
11763,0.4876146709910081
11764,0.4958249018785241
11765,0.3409839059011204
11766,0.3754358904173065
11767,0.3662576824902519
11768,0.6685473542177132
11769,0.3583632131115475
11770,0.6379445996691536
11771,0.5416801362416317
11772,0.47394074778312056
11773,0.4566893265584536
11774,0.689843098025278
11775,0.527427447808272
11776,0.38892385270381685
11777,0.40898002445417964
11778,0.3548326415602958
11779,0.5215450787458552
11780,0.7011159420754667
11781,0.5048283797564652
11782,0.4643720514998487
11783,0.3824107492896257
11784,0.406707789567595
11785,0.46122103706193546
11786,0.5317485197727553
11787,0.5436488603053693
11788,0.49739487835716334
11789,0.5028881252145404
11790,0.3137728102368864
11791,0.4070418998585774
11792,0.5102909067311051
11793,0.6193243427970656
11794,0.5052412828208436
11795,0.44426640749493673
11796,0.47637185585492137
11797,0.48747714540139503
11798,0.8225511833991468
11799,0.726041740593063
11800,0.38626563738595576
11801,0.3627769155458449
11802,0.5707513736754467
11803,0.5132882020727902
11804,0.4627478543555418
11805,0.6067482284163732
11806,0.43846819806935633
11807,0.6011900311366927
11808,0.5373895386743368
11809,0.49225233932872503
11810,0.5103019605784174
11811,0.6159443069248721
11812,0.3276578619131205
11813,0.5427292183229397
11814,0.41621025642029275
11815,0.4627114132628195
11816,0.5281681269413746
11817,0.4707163672073456
11818,0.45830951602867287
11819,0.5490641433166608
11820,0.4696893779717048
11821,0.39606656913521343
11822,0.5937488477469957
11823,0.5761804549716252
11824,0.49396354672800524
11825,0.4917833189087071
11826,0.4000732018821085
11827,0.4381429905226145
11828,0.551245126284813
11829,0.48029049672168017
11830,0.47238517814159375
11831,0.6132023521201695
11832,0.4502720531046891
11833,0.5686116274941861
11834,0.46416405144090345
11835,0.4909648843067005
11836,0.7443647370623102
11837,0.34304572241064213
11838,0.32666045477798145
11839,0.505350022438565
11840,0.3916398699505253
11841,0.3143170070023448
11842,0.5985624111634902
11843,0.5005055107146474
11844,0.5209918125368744
11845,0.44850398082504667
11846,0.5508952901333791
11847,0.4539134082922602
11848,0.5780233980448788
11849,0.4600019588155804
11850,0.6048781992845825
11851,0.6023112431925643
11852,0.549348153062409
11853,0.5387897798249468
11854,0.45394333303821666
11855,0.5272037159092936
11856,0.5215920666957609
11857,0.4902113772117682
11858,0.4926821981347565
11859,0.480782425930986
11860,0.44868428180572967
11861,0.4266635545935179
11862,0.5754775276358024
11863,0.3931329143330677
11864,0.5821646901108708
11865,0.6119701105860285
11866,0.4321022660546272
11867,0.4529700086960173
11868,0.5201503602538851
11869,0.5271281171399035
11870,0.5190578232399291
11871,0.49714315986474983
11872,0.5566569503649146
11873,0.44756062114446205
11874,0.6781781623487723
11875,0.4500284417280004
11876,0.4923704304631037
11877,0.6163750178593523
11878,0.5431227694695194
11879,0.5322662532851598
11880,0.5593404380239613
11881,0.32284561354486196
11882,0.4721496803408097
11883,0.5556148013568946
11884,0.5185524259641345
11885,0.3392360073465588
11886,0.5768396103006933
11887,0.492750485766588
11888,0.6601593334452244
11889,0.627439989500987
11890,0.5520244926393314
11891,0.719368336456483
11892,0.4213720240650598
11893,0.47260075945961655
11894,0.624392787759284
11895,0.5150923252527102
11896,0.6694372889189018
11897,0.49104796606568174
11898,0.6559168435945713
11899,0.4892146091860494
11900,0.45841591040014606
11901,0.5743521896777541
11902,0.4240965711942722
11903,0.3963114923258314
11904,0.6541886525665905
11905,0.5979289284152287
11906,0.5664960262090156
11907,0.5399380938550563
11908,0.27698830471978103
11909,0.5249079095415278
11910,0.4693230146847211
11911,0.5344971066553783
11912,0.5605773064034577
11913,0.2799394578943494
11914,0.5628287785760976
11915,0.4831234821396134
11916,0.4577782130109456
11917,0.4851184522321321
11918,0.45667653823891413
11919,0.4357974507418614
11920,0.5182825975464499
11921,0.47967437331177654
11922,0.5274096175453197
11923,0.7567211222799779
11924,0.42506840089140946
11925,0.4878642891927538
11926,0.6467432580768795
11927,0.45950634565405213
11928,0.5059464827996987
11929,0.5514599200439231
11930,0.4483531217822811
11931,0.6682870334247548
11932,0.5737838418951898
11933,0.366946071087037
11934,0.45968897114271484
11935,0.4506133902896089
11936,0.7269336684884087
11937,0.5754973278869125
11938,0.688278195519143
11939,0.5045197822403203
11940,0.48298818591979337
11941,0.5992968253957216
11942,0.4442972842600731
11943,0.8004243953183416
11944,0.6090040595016168
11945,0.5458198993956473
11946,0.5113605385440793
11947,0.42724452865398
11948,0.456751421516793
11949,0.3040479046778407
11950,0.5083516369433861
11951,0.46174008640635017
11952,0.5973923678874907
11953,0.5875452304798812
11954,0.5192928280665543
11955,0.504749928684932
11956,0.38058659294383446
11957,0.6361763133284852
11958,0.4670291280262344
11959,0.6453420309566512
11960,0.5485107441215878
11961,0.6498310183385775
11962,0.5650271719131614
11963,0.522272920803463
11964,0.561386670541311
11965,0.422252134395073
11966,0.4294530003543134
11967,0.49006735718538513
11968,0.4099417133850525
11969,0.4509300509252842
11970,0.5008174781251182
11971,0.4727962290244405
11972,0.5289842545828809
11973,0.67452891752367
11974,0.5232750385400547
11975,0.49631408701918095
11976,0.5310655609917316
11977,0.5523954516088392
11978,0.4363170403435657
11979,0.6933721382446905
11980,0.42129101564357374
11981,0.4334606720729351
11982,0.4522934307121057
11983,0.6039388319476917
11984,0.6011847492326373
11985,0.4502819800398447
11986,0.6984498955187899
11987,0.5109029352723329
11988,0.5607945297712871
11989,0.5354092353967898
11990,0.3223520860385811
11991,0.46269220264810085
11992,0.4372788818877966
11993,0.535875855245617
11994,0.5159105370981335
11995,0.5520769415884528
11996,0.4736492826284016
11997,0.625088714344177
11998,0.4469369924984501
11999,0.5380615649735162
