id,efficiency
0,0.4224042923972848
1,0.5672138033213578
2,0.5289992519169944
3,0.4665937173620648
4,0.47929740292763273
5,0.6715490306212312
6,0.5943099307119737
7,0.49328945070122887
8,0.46720886268907674
9,0.4554804814994221
10,0.607798704278707
11,0.40001488208091296
12,0.616939102995492
13,0.7656240462728572
14,0.5626786272626636
15,0.5038797998367304
16,0.3783012473801084
17,0.3740554784239096
18,0.683290720825674
19,0.5374323547579137
20,0.6079936110866913
21,0.510244149885577
22,0.6605377653661272
23,0.474197951427854
24,0.5744737510417511
25,0.40382351404321526
26,0.6235643084570864
27,0.6405028205043345
28,0.48559923279356687
29,0.5095987969362277
30,0.6454379676978966
31,0.6458574904099527
32,0.4270966168682736
33,0.5070767272096413
34,0.6673025758922396
35,0.47159537767653875
36,0.5098415577243622
37,0.5212121239500516
38,0.41288333120874887
39,0.46085705845803765
40,0.4641003711376251
41,0.6343793476234789
42,0.7850552672862274
43,0.7042079146776137
44,0.6080919258249787
45,0.6565375869529695
46,0.5760122443055714
47,0.6262186177641196
48,0.750276623078052
49,0.6917542357246853
50,0.562211669844064
51,0.4987264579176381
52,0.6061362313675183
53,0.586679187545618
54,0.49205868956554344
55,0.4679411822848362
56,0.6592342926339871
57,0.34895532309569505
58,0.40632196938673104
59,0.5022996115819364
60,0.4919521728576739
61,0.4536637027221815
62,0.5782528949056616
63,0.5815262496981212
64,0.5266674509641873
65,0.8148909603688341
66,0.48404279650562226
67,0.7114273656657916
68,0.38380518588572266
69,0.4374340680923405
70,0.6686941418643063
71,0.5795701818269621
72,0.4421372641112017
73,0.5612628588025217
74,0.4605125052935035
75,0.5276792104352871
76,0.47606388735056043
77,0.43494342488853516
78,0.44251123461028763
79,0.4042665079339494
80,0.4067121357014667
81,0.444766223500058
82,0.6568636192719353
83,0.6592773103004117
84,0.41007858394906993
85,0.7458184539125376
86,0.6549509195943628
87,0.5335490579742795
88,0.5588556793581824
89,0.46338194682589323
90,0.6176604164547848
91,0.7209783039111388
92,0.5596218982177836
93,0.5802967019392773
94,0.5334801175898185
95,0.4484507463154284
96,0.6691501605233
97,0.3725439001592029
98,0.5616421442328319
99,0.8593998011442143
100,0.5079253960169939
101,0.6817167091010321
102,0.520070365995045
103,0.49405823661305714
104,0.45041457004871976
105,0.5841830681057303
106,0.6198871253530636
107,0.4340481417841489
108,0.502463656554758
109,0.6502708676545528
110,0.48005305935115966
111,0.6679094645809399
112,0.6043380647613726
113,0.4169256381359622
114,0.5312119236844082
115,0.6185968416319432
116,0.4282715075694982
117,0.6760932389440776
118,0.40039866097755494
119,0.3216132653518065
120,0.5770827319442461
121,0.5402815339011481
122,0.38508661257036814
123,0.43644621633490077
124,0.6377424434204992
125,0.49533952297806944
126,0.5283558556801368
127,0.607523882303423
128,0.6034974271858242
129,0.6300336733435283
130,0.39241295098060025
131,0.4706141382519216
132,0.6584410245832135
133,0.5741193014813715
134,0.4762784445663073
135,0.33725841120586963
136,0.5905880245111671
137,0.6684394151018747
138,0.6546359041631035
139,0.45398480764566607
140,0.47763308412680716
141,0.5283501761419975
142,0.4752147361447886
143,0.46950321134946754
144,0.519039499588625
145,0.44953216092068493
146,0.5289118661429199
147,0.46732367952118176
148,0.4699364112970209
149,0.546650694426586
150,0.4942752142510757
151,0.5368312744179998
152,0.40757486872659554
153,0.6161583817707911
154,0.5437020488702968
155,0.36916411470586896
156,0.5308831160365293
157,0.5584225904172715
158,0.3059754331360769
159,0.4751591774256433
160,0.5423458597813119
161,0.5169878567625069
162,0.8830692239058817
163,0.5936837424729278
164,0.7232453181975713
165,0.7581755974637383
166,0.5685457517279433
167,0.4443242177141392
168,0.44980652194464105
169,0.46707476883013926
170,0.6065898115258342
171,0.5236592338679273
172,0.6085429729018305
173,0.6697152006654439
174,0.5887101179020995
175,0.4187482381406241
176,0.49547596285010514
177,0.6159364355084254
178,0.5337002119412813
179,0.5654889870353033
180,0.4725474701779875
181,0.5856864694336601
182,0.3956611631193947
183,0.4719772036152675
184,0.6196249426794654
185,0.3564105261243812
186,0.5015303450083434
187,0.3919944898540396
188,0.5384935985927053
189,0.41836755891229616
190,0.5525017479804547
191,0.6730836197223757
192,0.4713512613352804
193,0.4382955638196251
194,0.6156723285103154
195,0.4026920058660914
196,0.4940151529447043
197,0.6570239744965746
198,0.7117770054749969
199,0.5912261480144
200,0.6311112486564
201,0.5092605478798559
202,0.5072073201119027
203,0.5592071784700822
204,0.5670633616747068
205,0.5148198827759795
206,0.5414110952385942
207,0.4442548745289801
208,0.3238189753065541
209,0.5918615018770785
210,0.3952050958821747
211,0.5555150750436283
212,0.39933027323040327
213,0.44281698157879823
214,0.44862689922175264
215,0.5229578484320001
216,0.4254623756925776
217,0.42437021614412207
218,0.5486514194147313
219,0.5335767372005411
220,0.5976758543820577
221,0.45103917839892416
222,0.5003189562109374
223,0.7052867663607145
224,0.4573801654091935
225,0.5785656561715986
226,0.3711886007385762
227,0.4535353353798471
228,0.6458344235638773
229,0.4931674369217504
230,0.6771487923182281
231,0.5747481782812637
232,0.5566781656843532
233,0.61546156241132
234,0.41820489937972144
235,0.4235167152242833
236,0.4381985144416657
237,0.6415928775764493
238,0.45922218567392675
239,0.571204063375932
240,0.6100580161648744
241,0.5239416842998411
242,0.6797853836759967
243,0.5014943307642715
244,0.5062554036525097
245,0.6530594819064761
246,0.691852756338269
247,0.6595079165207659
248,0.46455341815081214
249,0.5372864444581575
250,0.4237980263467543
251,0.5505499515245375
252,0.4328561526871999
253,0.5481639427732581
254,0.5039694308112743
255,0.4390052924687278
256,0.4613349404532679
257,0.6003693024460222
258,0.6739078256891655
259,0.6688636224194339
260,0.5048530372224772
261,0.4851665986268795
262,0.34849361269674783
263,0.6565393396448085
264,0.2639628773468314
265,0.49119284692033044
266,0.45159831404377915
267,0.5134471475137323
268,0.5539802566828499
269,0.8106664348654455
270,0.6534842891197934
271,0.4816938750593385
272,0.6901974622182471
273,0.5233116959565154
274,0.5014688692045788
275,0.36768566879037345
276,0.570387207928118
277,0.49922980565187286
278,0.5610374820087095
279,0.5266259248615539
280,0.40953472856505274
281,0.4858537694299582
282,0.4803447173458573
283,0.7075371981635863
284,0.4127895667336928
285,0.5122154019194691
286,0.4479572975362561
287,0.42682263094175427
288,0.40456407238502884
289,0.543892814399063
290,0.576605289178584
291,0.6149781764671274
292,0.3463493555516275
293,0.5001354135345192
294,0.46874547132537486
295,0.589002040674273
296,0.552642618546104
297,0.5637973006221407
298,0.40165012475571293
299,0.6592091442345319
300,0.4371521304447585
301,0.49046432536027385
302,0.5002265832529877
303,0.5576920110401953
304,0.5598641199126456
305,0.3679315316797983
306,0.4856139965701367
307,0.45272261974434885
308,0.6980307817795152
309,0.47641495912049825
310,0.5238850828390439
311,0.40578595876802587
312,0.5633624120957642
313,0.4980713432236484
314,0.4549676250660915
315,0.4696984973253299
316,0.4361848611344717
317,0.5166384987047973
318,0.36186556527693503
319,0.4732702879578214
320,0.5613731007875021
321,0.5676102052411395
322,0.5913766152391612
323,0.38836353357897613
324,0.5324088810178891
325,0.45689993981194404
326,0.6849009290328081
327,0.5267055655066675
328,0.48354297135214275
329,0.4093280862988852
330,0.6527811458765892
331,0.48943736800102794
332,0.5130769823361333
333,0.57427604902853
334,0.48786839331393445
335,0.5914855703678482
336,0.4531150612792361
337,0.479870359162182
338,0.5436001716280052
339,0.5076375257712009
340,0.5314969897632654
341,0.4295244388064917
342,0.614087791853692
343,0.5419645950949261
344,0.336998727730476
345,0.4639220431004191
346,0.5094547002423653
347,0.5273034916647822
348,0.49181629540448857
349,0.5674443464261043
350,0.5240441388593488
351,0.41798358034484906
352,0.4809455507686572
353,0.5447106472790592
354,0.5972835855206522
355,0.5299236277259806
356,0.517601255571001
357,0.5003697422403647
358,0.5579506375795887
359,0.45336592602899456
360,0.6643663415078556
361,0.338234722756805
362,0.694108162637287
363,0.5501199104551687
364,0.6926386213942741
365,0.48290867128866244
366,0.6671774026343018
367,0.5533836738000594
368,0.5091990368236556
369,0.4716629054678608
370,0.4824775272425541
371,0.43849993914284435
372,0.47691211828831004
373,0.4339263720234667
374,0.8121545038216738
375,0.3442894894905105
376,0.4837286913701594
377,0.551796625088229
378,0.63243698359275
379,0.6203351475139754
380,0.5246289812924966
381,0.4909985686750629
382,0.581860143512584
383,0.5310770707473542
384,0.5830005486623552
385,0.555860858662566
386,0.4735568358254377
387,0.2857221305385601
388,0.576504696773539
389,0.6549442439299545
390,0.5440116387495127
391,0.5242551400356844
392,0.708952861135236
393,0.6005414086240297
394,0.5336476835675303
395,0.5249693248685187
396,0.3766592671627487
397,0.517092541596292
398,0.5738974574368222
399,0.49180946165621164
400,0.4866813118822892
401,0.7219994927811416
402,0.45313218200069705
403,0.5714728628435685
404,0.5728423547871372
405,0.40139422290254345
406,0.41753648253493203
407,0.39306013091151404
408,0.5956087382404313
409,0.5427897629391161
410,0.46627422651348893
411,0.3624596821307383
412,0.6238363668332882
413,0.5122798210169698
414,0.5334339101593276
415,0.49177050759650054
416,0.47639662873513305
417,0.6105736045492688
418,0.48558326427360715
419,0.3791212741343938
420,0.5456793622159581
421,0.5303433591514718
422,0.43008513071754495
423,0.5174192134347267
424,0.5090820248460055
425,0.4083675609237868
426,0.4226456926627689
427,0.3627789113902014
428,0.6905136182668893
429,0.6130962011157397
430,0.5237283694943003
431,0.5777384871026389
432,0.5884463108808007
433,0.5229442750156256
434,0.49980181707271054
435,0.5379409633582786
436,0.6362600401475791
437,0.5156209683121488
438,0.6243980563287355
439,0.6089340031697912
440,0.6702589803319459
441,0.4475437276082773
442,0.4069644264462281
443,0.5356037878312745
444,0.52457052545198
445,0.44160400214173157
446,0.5196388708551797
447,0.41677243657317586
448,0.4644275938951585
449,0.4329803277455316
450,0.4714778550742
451,0.36111133283781977
452,0.42001927226553776
453,0.6071418018735908
454,0.5149221703256254
455,0.43887598699559316
456,0.5653131596387417
457,0.6861683634494429
458,0.5184502318353971
459,0.5015154652038236
460,0.5967797125288414
461,0.49996458186650405
462,0.3814027584036445
463,0.7469781572685259
464,0.7253454849836973
465,0.3800961694479992
466,0.44011410566709525
467,0.5176003599775091
468,0.5407373020899897
469,0.5963921322254148
470,0.5003179912278382
471,0.7200183549878986
472,0.543257109800444
473,0.7091460936920577
474,0.6024037108404243
475,0.3510020402077515
476,0.5234238345001949
477,0.5012501753632693
478,0.6490295727295734
479,0.6404900466532368
480,0.4034427202419019
481,0.399015180031052
482,0.5919044749566084
483,0.6364618696111153
484,0.5529128535171356
485,0.8166757628008101
486,0.6547616366021254
487,0.5304671160239806
488,0.5563250094796554
489,0.6754547334927974
490,0.6003477827910495
491,0.5182105844448932
492,0.4849919849279548
493,0.26851256702939313
494,0.5252959212512226
495,0.5524098722108781
496,0.5506789717852943
497,0.6433199223472242
498,0.5496707852639859
499,0.32317394883334993
500,0.7729937157294483
501,0.5297290915529476
502,0.49349976724164896
503,0.5346490954419102
504,0.5651471371582446
505,0.5202243385810449
506,0.5224451222867413
507,0.4966979180359227
508,0.4434897272830507
509,0.6595698916388373
510,0.5144631609467927
511,0.5091451762449841
512,0.4887155965965698
513,0.5373801435786795
514,0.5895717512895822
515,0.4489152114449924
516,0.2736592601139601
517,0.6926500296052203
518,0.42981142451904414
519,0.5362122230809401
520,0.3127491494427693
521,0.5981500124547219
522,0.6164162013559193
523,0.5937154992350339
524,0.5032755003885985
525,0.3872316696828565
526,0.4909660420450496
527,0.4827376419810031
528,0.46413637209653924
529,0.42599408489994617
530,0.4964017417183359
531,0.7014356855825381
532,0.45097909230898753
533,0.5438616523315155
534,0.5220648131589077
535,0.4595557875851228
536,0.5884301585590413
537,0.4856787101704633
538,0.5180533051233285
539,0.5896985645078758
540,0.5396912818612153
541,0.5058354448079357
542,0.4310342059071977
543,0.560946169006221
544,0.59217751543165
545,0.4568528739413141
546,0.5397155431817711
547,0.6430778720471021
548,0.4807334293009032
549,0.5691685250446128
550,0.4560485913487827
551,0.3920598916481135
552,0.7709028461668368
553,0.47669671279821235
554,0.5007400453006052
555,0.39904321259701625
556,0.4655366521978281
557,0.5432004540379847
558,0.7975569297946776
559,0.4239089987643487
560,0.3688394158188907
561,0.6150456767886262
562,0.4474229757954749
563,0.5816958467306462
564,0.5351939417180427
565,0.5069229589914435
566,0.5577181706627994
567,0.4679520079269541
568,0.41518539971482904
569,0.45959889300137874
570,0.4203863404155758
571,0.5252676695325147
572,0.3521437975255546
573,0.5036971442964454
574,0.5650469662112831
575,0.6167449993342619
576,0.5523228403795325
577,0.5195035297098883
578,0.5141603383091837
579,0.7079465397312906
580,0.4828560802658623
581,0.6670767369777911
582,0.48665604560947934
583,0.5172473235880524
584,0.47816749591305724
585,0.4578136901271054
586,0.48573882526462925
587,0.5122173700054582
588,0.6587398793849013
589,0.5530987457330431
590,0.6679094058416388
591,0.4161837450477386
592,0.42125773190102733
593,0.5716282005917814
594,0.643857911213817
595,0.4793099199317814
596,0.4915981215535437
597,0.7888100518038406
598,0.6319786049388678
599,0.47759260500906736
600,0.511736642450611
601,0.47030911893406235
602,0.579365163130068
603,0.5014076675102516
604,0.5416920915609398
605,0.47580052044525917
606,0.4757909062882052
607,0.4950283713275164
608,0.3862702534619695
609,0.6469611391547813
610,0.4410805134851166
611,0.5162693998312498
612,0.4739413616619535
613,0.5659866197626315
614,0.5184581494224783
615,0.5591971213802476
616,0.4203391142696705
617,0.6209184242357542
618,0.5754871872745271
619,0.55956808911413
620,0.41588588187173825
621,0.4996155633548235
622,0.5156591999330973
623,0.5964303295461789
624,0.506635651808921
625,0.3381520570890004
626,0.6158223514714365
627,0.499850468398851
628,0.485408788408232
629,0.7538492798375677
630,0.28529782667621406
631,0.6147398048600596
632,0.6478229208596857
633,0.4714824091911049
634,0.5633008246087774
635,0.5419427483002033
636,0.605867303939148
637,0.5181877374662854
638,0.41175131870853754
639,0.587626801049166
640,0.5322546464938721
641,0.6245877133987104
642,0.5228891351553863
643,0.5764435583831399
644,0.574778011459225
645,0.3195823139724177
646,0.42622626234273675
647,0.5632414741540802
648,0.458615206624525
649,0.5206227007530924
650,0.3759858086214273
651,0.4294397023880329
652,0.4840660218810206
653,0.5998286203270734
654,0.6769280962589644
655,0.7265137292513579
656,0.48296329091494505
657,0.6450636825125072
658,0.5080239036446278
659,0.6017843792019599
660,0.45010648569367956
661,0.5152624519251456
662,0.44375323956434926
663,0.4672721942322357
664,0.6054277551922995
665,0.47922665385511765
666,0.5002539400545155
667,0.49771921467594
668,0.46672340610253477
669,0.4776997897120793
670,0.5701612880034778
671,0.5091404339034863
672,0.38602736032067664
673,0.5638351602627397
674,0.5762605879581258
675,0.46008326163219543
676,0.4471668138698216
677,0.44712123451166197
678,0.5066845668271894
679,0.43898230061209564
680,0.4954685990346039
681,0.5819729141787382
682,0.5042647401114765
683,0.7698719715780113
684,0.38831005640750405
685,0.5081880797128993
686,0.3901455183450018
687,0.6282452722108552
688,0.766947531632403
689,0.4224237939864546
690,0.40463571332554754
691,0.5510899087029407
692,0.5238018065459982
693,0.440613736342389
694,0.463126204640442
695,0.4934460998839686
696,0.4362077993011051
697,0.47513697915636355
698,0.4705294134254915
699,0.5514002122656119
700,0.4156613395336886
701,0.5371800808043788
702,0.5355461935343041
703,0.6628954679379647
704,0.5243563439268469
705,0.5514358324009231
706,0.5205170896437361
707,0.35149648908349884
708,0.3565224485500808
709,0.5254667019045026
710,0.51852767298383
711,0.4891284055086563
712,0.4800186798253118
713,0.502840813325366
714,0.4093074064164135
715,0.5229392448460254
716,0.7152491896049863
717,0.4634701145493382
718,0.5038050871824897
719,0.5437244695165457
720,0.4387736700148396
721,0.6086119177682796
722,0.4711020320244682
723,0.5485147969536174
724,0.46478094701627265
725,0.4956553344607182
726,0.39005684158216536
727,0.5449871813436686
728,0.4737083056459481
729,0.2758562214585959
730,0.5822256732340416
731,0.4899491464406742
732,0.6602916018162647
733,0.40405308639523996
734,0.5207931474593936
735,0.46418761491669563
736,0.6823359412867945
737,0.433644876560599
738,0.6034047988410466
739,0.6642582222475144
740,0.5469963911650263
741,0.494526744405049
742,0.5090863695658016
743,0.5174528374780948
744,0.5206508551724855
745,0.6060795108463706
746,0.5707625457023595
747,0.7355325959483457
748,0.5379583455085356
749,0.2767415817611319
750,0.448920851133585
751,0.502598923811516
752,0.5561768153372239
753,0.7120504771455655
754,0.44432796695177434
755,0.6460612560921711
756,0.5142333647788987
757,0.4472010613677495
758,0.5137112966500638
759,0.6948451294077378
760,0.5657936159363752
761,0.5336172996190124
762,0.5069862521415731
763,0.4480727608577377
764,0.4305359144282231
765,0.5269755064348925
766,0.39435703666502453
767,0.7007841687007189
768,0.4586725424685021
769,0.5030170240680322
770,0.4810198301986698
771,0.6670950228675938
772,0.5286246366657558
773,0.597003663461825
774,0.5279939965715075
775,0.5645772252377634
776,0.48735218947410597
777,0.5496620195421518
778,0.5721452152176332
779,0.5225745836452624
780,0.5412054887652452
781,0.5267378682089109
782,0.40241577127934697
783,0.5177907106981706
784,0.5180555594646117
785,0.6178433398139597
786,0.6344675960247671
787,0.4988596373104295
788,0.506981656544703
789,0.5011518924824313
790,0.5082174946502789
791,0.6802837501895767
792,0.6744924366226854
793,0.4632553134145318
794,0.38767736347404025
795,0.39833055831260084
796,0.4848655328884075
797,0.5846892742461897
798,0.449229736845055
799,0.4819612977599275
800,0.3857876307724199
801,0.6760591958534301
802,0.5294281385035065
803,0.4981417718909891
804,0.4447992806998132
805,0.6967611412115574
806,0.6765041804557934
807,0.7520332930977831
808,0.4022664015986556
809,0.5320679843680859
810,0.5309411569423342
811,0.5871556247859022
812,0.5123554144525582
813,0.5418323023772177
814,0.4182661996857494
815,0.48085336574360554
816,0.4598064961348762
817,0.4938908773538155
818,0.47370323340296117
819,0.4324918868969174
820,0.4813795824051964
821,0.49813794237820747
822,0.5929466064348978
823,0.674647173240769
824,0.6536548865900166
825,0.5568295521418084
826,0.5344625261738629
827,0.38193465248720065
828,0.39904622756568175
829,0.5193022996103724
830,0.4135131094657797
831,0.5461593323736462
832,0.5381647558947216
833,0.5399548965519237
834,0.5715314227892737
835,0.6243726430534395
836,0.5275822423203733
837,0.6052910746609642
838,0.5145053490148638
839,0.42404708997279783
840,0.6426254349432652
841,0.6333361209023591
842,0.6048362452689698
843,0.5570538066274149
844,0.6209216770073813
845,0.5389328566325662
846,0.5477696868052649
847,0.627129830323649
848,0.4442101043597645
849,0.4834115794042957
850,0.49091769208103725
851,0.618525603298466
852,0.4424991230152662
853,0.5053682927442549
854,0.529209310218573
855,0.445467128725245
856,0.28949692667198235
857,0.4844903399872428
858,0.5819571270943344
859,0.5906367594189765
860,0.6511137947807792
861,0.5444370932886903
862,0.4716703053877137
863,0.452237783368178
864,0.5831592691588382
865,0.5374184404565313
866,0.5762999097410476
867,0.583864626241912
868,0.6516498146395461
869,0.5036353421488464
870,0.52754175644485
871,0.6594891202394831
872,0.5511824623715526
873,0.5512606072498577
874,0.4076811854936311
875,0.6621574153112891
876,0.5615734810598422
877,0.5462609388925759
878,0.5674048574876192
879,0.4879612561879183
880,0.5586660307013244
881,0.6269522299409731
882,0.5043233983712102
883,0.5223021865677058
884,0.46716559885449394
885,0.48373413933903764
886,0.46524736929289856
887,0.5527095646042954
888,0.37112174172196255
889,0.546048133875709
890,0.7478647747244775
891,0.5594879720420961
892,0.5649399866729213
893,0.45181316512696507
894,0.4359918041253197
895,0.48391934725876895
896,0.5488680390191738
897,0.4784245401183522
898,0.53490244829385
899,0.6003931595336934
900,0.5316033790114195
901,0.47765429603737164
902,0.607384956725397
903,0.5684735280499711
904,0.503035600066989
905,0.5636783866584577
906,0.517813412944299
907,0.412940809946525
908,0.4979055852227067
909,0.6176665957431702
910,0.5916068955288406
911,0.6734537110207776
912,0.5780385486619277
913,0.6198804063797265
914,0.6256348609557733
915,0.4309210421217316
916,0.5447656387971337
917,0.42209002601113604
918,0.4502231710376472
919,0.37651345040744133
920,0.3310575715421775
921,0.3749674476554374
922,0.37134786321545765
923,0.6020954266233643
924,0.39029732500514325
925,0.4162896740515607
926,0.5511090573642474
927,0.4376451582183833
928,0.42082143454409804
929,0.45225322755357183
930,0.5422732855795498
931,0.435187864157295
932,0.4803879756075623
933,0.5044665464089082
934,0.8667322445167811
935,0.5255074834304564
936,0.46534381836120153
937,0.4559196226593185
938,0.567361605896569
939,0.5753443448177552
940,0.5489620486850444
941,0.5521555199771558
942,0.3832401725075077
943,0.5929185892342177
944,0.5571398502183951
945,0.47181181856753746
946,0.665917792533651
947,0.5033029191518318
948,0.5815236602390759
949,0.8218361998945389
950,0.5455273122233952
951,0.3616137647069172
952,0.44613767445367736
953,0.6989664791780124
954,0.43780404499512693
955,0.6440875377833145
956,0.27772953009608603
957,0.4797856574402722
958,0.5615306257461452
959,0.42568234859811355
960,0.5430496495289212
961,0.46947869459711716
962,0.3532159314484494
963,0.5159585555383729
964,0.49769400146828474
965,0.37561075060099636
966,0.42100168442834335
967,0.6763791758814061
968,0.48009834439231913
969,0.5491105015955997
970,0.5393599331653363
971,0.48912523420601683
972,0.5128779993504119
973,0.5719135454909192
974,0.6054690695818383
975,0.5843871647270515
976,0.4954106803414662
977,0.688989031842251
978,0.5922853572701979
979,0.5070066376810396
980,0.41725621931727036
981,0.6634577300607145
982,0.6140224293065282
983,0.3888493445202591
984,0.7967108573272665
985,0.6353702281319038
986,0.5671500644689828
987,0.52243242951572
988,0.6381147227268398
989,0.5323513809173939
990,0.4626707904107258
991,0.3538152073696234
992,0.3387414100262901
993,0.6844139969186152
994,0.6016620772310838
995,0.5012034690445307
996,0.5808026223740546
997,0.45608943341320846
998,0.4543662539123307
999,0.6206606401648443
1000,0.5190136888741194
1001,0.5187024237826602
1002,0.5581778863586263
1003,0.5286588699587194
1004,0.5241968000187477
1005,0.6756904559058302
1006,0.5653323259354608
1007,0.48572308668833375
1008,0.6467064711139285
1009,0.5743290865283724
1010,0.35772065958924915
1011,0.6250850346184113
1012,0.44867323169024875
1013,0.458141537678351
1014,0.5681505277600335
1015,0.4849250033474941
1016,0.4073199803012542
1017,0.6770079934709754
1018,0.36702284871305657
1019,0.5943128945456898
1020,0.39963567135334505
1021,0.5002017259603355
1022,0.5038470807889016
1023,0.45705442599170704
1024,0.44996991303707745
1025,0.5991471836875046
1026,0.5952927380592088
1027,0.37839301318035745
1028,0.6106769164543635
1029,0.5687469918992588
1030,0.34884118837427147
1031,0.4753385419796103
1032,0.44755956045182127
1033,0.6825824039145749
1034,0.5402482378197893
1035,0.41950546194959704
1036,0.6194265411439162
1037,0.32854703392100104
1038,0.4131717892468438
1039,0.46992645400729416
1040,0.6284802012744841
1041,0.5059001181104528
1042,0.5338309756823575
1043,0.49485909797807204
1044,0.5447409302414212
1045,0.6897263882235742
1046,0.5949614103035445
1047,0.5716829287588269
1048,0.5244223352224782
1049,0.6227690662706472
1050,0.5822394532469961
1051,0.4869946895248967
1052,0.42352972392895005
1053,0.573002538414806
1054,0.42486754763388546
1055,0.6807656714752722
1056,0.4147169760324076
1057,0.5575343265202709
1058,0.5866288915282512
1059,0.5198511446144285
1060,0.44502706942727477
1061,0.543165533531407
1062,0.48740675560567137
1063,0.5696261534435982
1064,0.47743097335246526
1065,0.45590824949352565
1066,0.6470880904947585
1067,0.41349386977837255
1068,0.5587098987898235
1069,0.6632002344582496
1070,0.5788845180500144
1071,0.4841290229144134
1072,0.31773962825621893
1073,0.43833815264906356
1074,0.6128383110508123
1075,0.4358637273782796
1076,0.4463002788194924
1077,0.5824861046345888
1078,0.4879318209766103
1079,0.42930848908091457
1080,0.5061861925597694
1081,0.4707447356151857
1082,0.4890911922737374
1083,0.5347486157408581
1084,0.6013472575714183
1085,0.5871390868830599
1086,0.5950099709401085
1087,0.7208016100712962
1088,0.4226327276817064
1089,0.5055121082487145
1090,0.47507609747547563
1091,0.4994293036256877
1092,0.6468887719184135
1093,0.567319730743693
1094,0.37972447870322223
1095,0.6833972291522804
1096,0.6401934315452334
1097,0.5114328928803151
1098,0.546791928814628
1099,0.4224153224394502
1100,0.5163110256887746
1101,0.4859497630469246
1102,0.5283642162658841
1103,0.4794980063664623
1104,0.44171965247984646
1105,0.5541321501647148
1106,0.5879805252587432
1107,0.44106566413602677
1108,0.42554027006805656
1109,0.5963361200287561
1110,0.6470119335746746
1111,0.5681096478429325
1112,0.3960648734288831
1113,0.5279205773691373
1114,0.3772069236961576
1115,0.44435700434015535
1116,0.4929204411309566
1117,0.5911411387532327
1118,0.367198318612008
1119,0.43644070023098874
1120,0.4710592278969956
1121,0.6284039855435647
1122,0.4743223983748665
1123,0.545722382550603
1124,0.4903000055677109
1125,0.4610008936976979
1126,0.5244936769457653
1127,0.45869035614280596
1128,0.39334825833546083
1129,0.595729854044635
1130,0.5364254797241989
1131,0.5966747566306124
1132,0.5611042766426707
1133,0.40464774206791954
1134,0.45384310857893456
1135,0.5451581379398918
1136,0.7124707803561278
1137,0.48504855223260557
1138,0.6155531867802164
1139,0.5933536621278503
1140,0.5913664882923105
1141,0.5994547637061206
1142,0.4441290312325699
1143,0.30104705675606325
1144,0.5461117650038099
1145,0.5339187663288357
1146,0.35744229975025366
1147,0.5741883485073604
1148,0.57152128862075
1149,0.4603465688444771
1150,0.5114120495516102
1151,0.49723315499250625
1152,0.43110264478611027
1153,0.54809471828447
1154,0.5692622509319907
1155,0.27964188798184203
1156,0.46854048475388804
1157,0.5311845532821743
1158,0.6275357727619201
1159,0.5218922567139233
1160,0.7193796651691649
1161,0.2579015407588079
1162,0.5771047956275956
1163,0.5217397767903122
1164,0.5659915064685979
1165,0.44025206231917824
1166,0.3689059350988716
1167,0.5495392857259525
1168,0.44908819941364325
1169,0.5320907290460615
1170,0.5897647396538803
1171,0.5510630551979405
1172,0.6912874131921919
1173,0.5758630272087942
1174,0.4134355587141849
1175,0.4573688295912851
1176,0.5067612182074211
1177,0.39322930550483726
1178,0.5509701406518811
1179,0.31814994234425453
1180,0.5059831847555545
1181,0.48153639155066025
1182,0.4935426974673198
1183,0.5246334698471911
1184,0.4303080678280146
1185,0.606141927429226
1186,0.4433702901719532
1187,0.6085439221350055
1188,0.6654977505839
1189,0.38295910948502765
1190,0.2611643532355263
1191,0.44271676731716264
1192,0.5405781710313293
1193,0.531320000992306
1194,0.43826338156286665
1195,0.6263887891239567
1196,0.39440340985619793
1197,0.5740122188590565
1198,0.6474057919704017
1199,0.6239255805616183
1200,0.5358469438888824
1201,0.48640262547370805
1202,0.5446922726363032
1203,0.5052178704863314
1204,0.600348926188298
1205,0.40669947074791774
1206,0.6997045953337275
1207,0.3529206257338172
1208,0.5861115435883828
1209,0.4872900540899313
1210,0.5596516549957671
1211,0.6776393331042105
1212,0.505902273830831
1213,0.47079916590488485
1214,0.4898217053194352
1215,0.3967899790150551
1216,0.48456323799829937
1217,0.652216660366329
1218,0.6335442555159367
1219,0.5749549030642175
1220,0.7208015543443099
1221,0.602292990688078
1222,0.521154716438985
1223,0.47156092321995857
1224,0.5002818302808395
1225,0.5931345239037685
1226,0.5502059727031137
1227,0.46442885764212616
1228,0.41614149069377254
1229,0.5204385945155615
1230,0.643167523931431
1231,0.5253737992022984
1232,0.5673887473778454
1233,0.4335153375335039
1234,0.45735348984177737
1235,0.5227519470754124
1236,0.6202766941026342
1237,0.5503723312065203
1238,0.4329651842052315
1239,0.5328991366090982
1240,0.6687255461163136
1241,0.6786673226197923
1242,0.5644894276826593
1243,0.5132343785180513
1244,0.5353618118441823
1245,0.46737733879324356
1246,0.4935532588967022
1247,0.4685411831638077
1248,0.5424879603493018
1249,0.5035561648704038
1250,0.4286032238364097
1251,0.6514679994755657
1252,0.523875888523678
1253,0.40828638464754263
1254,0.4244838310542753
1255,0.47239635953796355
1256,0.5907838352886716
1257,0.495631924586735
1258,0.6062549615920254
1259,0.6011845238677169
1260,0.5366143737906597
1261,0.4831388496851041
1262,0.48550090307996535
1263,0.6255506383490518
1264,0.5184555460667606
1265,0.523017483844278
1266,0.6041569057723116
1267,0.5011677964430227
1268,0.4450442137115916
1269,0.5275772344797846
1270,0.5288197475071599
1271,0.45468730637105
1272,0.5253752825768155
1273,0.5182529479861664
1274,0.35543591215001313
1275,0.5058742672763917
1276,0.48020963514725074
1277,0.5814300766708611
1278,0.6107329963037738
1279,0.3373142167915897
1280,0.4905039309022531
1281,0.567212688251607
1282,0.3844410609603307
1283,0.4853219245255716
1284,0.526513994264024
1285,0.534423230058182
1286,0.4595275422867145
1287,0.3197362543931117
1288,0.480461231169949
1289,0.595475773450405
1290,0.6241259314572106
1291,0.5313007211254617
1292,0.3990497953452623
1293,0.5767406467640784
1294,0.43849980395337523
1295,0.5913414948443184
1296,0.5495697099125108
1297,0.47657513499026377
1298,0.6673667611067569
1299,0.5052915610352653
1300,0.5394465447964681
1301,0.4340180051481081
1302,0.32126166975541187
1303,0.47463452852977595
1304,0.4250213323896184
1305,0.49011763973632005
1306,0.5260305143255729
1307,0.5370171677852417
1308,0.6092127558144392
1309,0.4512657192076602
1310,0.5292051522070852
1311,0.5901260196244665
1312,0.5037382345543252
1313,0.5130616465042063
1314,0.4866437008197494
1315,0.6096873907586777
1316,0.4846062993855766
1317,0.42268681358746724
1318,0.5336705890702284
1319,0.6543313071849852
1320,0.5323400521254804
1321,0.6356591913361821
1322,0.5365597784798172
1323,0.668121619078464
1324,0.4886664567458759
1325,0.49204411279773186
1326,0.3482706669220151
1327,0.4733526035059892
1328,0.6613987669831234
1329,0.5631892885254672
1330,0.3457751899270886
1331,0.47195715783874503
1332,0.5275499190971649
1333,0.48786824616191227
1334,0.48339511221324527
1335,0.4925919870384855
1336,0.7087786247160818
1337,0.5806263612042117
1338,0.560759741438238
1339,0.5479679356898675
1340,0.6278814172147849
1341,0.4933404603747558
1342,0.45226967023340725
1343,0.5853533413818728
1344,0.3396536247180974
1345,0.49043719458011714
1346,0.6035163350375475
1347,0.5152405747316943
1348,0.34940627858136375
1349,0.5442398872999049
1350,0.454469868422027
1351,0.6831728323345378
1352,0.5957777057430196
1353,0.482777302243447
1354,0.5781745489372968
1355,0.6255538634511517
1356,0.5594634342204541
1357,0.5482409581066097
1358,0.6614998907951611
1359,0.5560513370109422
1360,0.6338411981598766
1361,0.6424704171258812
1362,0.39302787875777545
1363,0.5747214949440407
1364,0.7268397692703452
1365,0.5652557284336334
1366,0.3559641616581092
1367,0.4156699221730403
1368,0.6386399907386641
1369,0.4612904388518677
1370,0.5313679629405887
1371,0.4650614000132711
1372,0.5620150362589933
1373,0.4807939505980275
1374,0.6943930747759095
1375,0.5579473207324079
1376,0.4390523381872592
1377,0.5954995013857819
1378,0.624341383788064
1379,0.531766339744918
1380,0.5919988564611718
1381,0.49030060957089566
1382,0.5691683831925003
1383,0.43464938908454687
1384,0.4530466512362108
1385,0.5497543843753402
1386,0.5347180182451357
1387,0.6477994742024856
1388,0.4542880344859065
1389,0.3133403453418806
1390,0.4844112431893205
1391,0.6314514866844868
1392,0.5821415637621581
1393,0.5167254207255675
1394,0.6303608851719963
1395,0.524909148154899
1396,0.5523772491091098
1397,0.41775633686363806
1398,0.4345710558299972
1399,0.6208741187064786
1400,0.481565388696934
1401,0.4087382802412006
1402,0.46837891253025815
1403,0.46872901655296234
1404,0.6232564203324306
1405,0.41619714536069086
1406,0.6484442450520543
1407,0.5398592753531148
1408,0.506437211001015
1409,0.49952147819944526
1410,0.5480302732476717
1411,0.5780488453234717
1412,0.5636343900984498
1413,0.5329220279724338
1414,0.5459510869277124
1415,0.49676478809515184
1416,0.543530674019574
1417,0.4758996122527921
1418,0.6358347494834177
1419,0.5171368948886563
1420,0.582855807272369
1421,0.43401480713761004
1422,0.45045196796928444
1423,0.5718817449617347
1424,0.5151867946996456
1425,0.6087103378643172
1426,0.6495452139016729
1427,0.5594419694316282
1428,0.3628824867734181
1429,0.43867928671719897
1430,0.41572513415754764
1431,0.5198163772407414
1432,0.5118130030768848
1433,0.6176549459230705
1434,0.5477781199830699
1435,0.4899654433847506
1436,0.45239411985397343
1437,0.4586181646194486
1438,0.5632963139604518
1439,0.4021525493993687
1440,0.45717012175791305
1441,0.32640922672569733
1442,0.5232572457898564
1443,0.5229784367613359
1444,0.9245508565803777
1445,0.44951529776028915
1446,0.45582575924806906
1447,0.4875225154396233
1448,0.5718189771340565
1449,0.42319651645893913
1450,0.43060130204104874
1451,0.48991057472165933
1452,0.4928739274439448
1453,0.5286284826220239
1454,0.4341222631528243
1455,0.44249910990525404
1456,0.5531443604466739
1457,0.4318698334599095
1458,0.46890780366037504
1459,0.5656046569170067
1460,0.42871652147408135
1461,0.40007573897937354
1462,0.6685821676868297
1463,0.5545545855472604
1464,0.44172615300036655
1465,0.46834938095533246
1466,0.45429912681318363
1467,0.5689193815273581
1468,0.6120533571826666
1469,0.49908547016915
1470,0.5704369311254733
1471,0.374604000822671
1472,0.4087024496598084
1473,0.5107644949836022
1474,0.4841493931795206
1475,0.4841630214762107
1476,0.6865581031861864
1477,0.5773628504580274
1478,0.6486095134370086
1479,0.6540170486761494
1480,0.55217862661813
1481,0.48150302294078584
1482,0.3738926147070342
1483,0.3337739118976649
1484,0.6438325850690078
1485,0.46461870907290714
1486,0.6115251319965727
1487,0.6484881163570175
1488,0.4331872640230289
1489,0.41183636147717095
1490,0.6988366242669914
1491,0.43169354278971195
1492,0.5102647044170222
1493,0.4988397934104525
1494,0.5910094507989738
1495,0.7480648478075563
1496,0.5492141358210659
1497,0.4873542269939116
1498,0.7107082732512457
1499,0.49117317282924855
1500,0.5145112763385147
1501,0.7169169857358924
1502,0.44884279835163665
1503,0.6289467314418132
1504,0.5791089839302909
1505,0.6619877732566892
1506,0.5492134712171923
1507,0.567470304904715
1508,0.8653093054087858
1509,0.6928681731786752
1510,0.5633640734452547
1511,0.5012985225693478
1512,0.596399449313574
1513,0.4011654477197746
1514,0.7171158628228202
1515,0.5057850846605978
1516,0.5012239026544603
1517,0.7598858986194491
1518,0.5951426808437351
1519,0.5437702071446038
1520,0.6462232530708878
1521,0.45453789970751535
1522,0.515919150520879
1523,0.4121298538957921
1524,0.5592333110855824
1525,0.5799189978220303
1526,0.40414243435810554
1527,0.4748826200734632
1528,0.7018844910003414
1529,0.5082585956100864
1530,0.31162565890019106
1531,0.5133088465156339
1532,0.3735233604965706
1533,0.49265389420613276
1534,0.5672950330658852
1535,0.3239783358270989
1536,0.49834243964311453
1537,0.663042108261496
1538,0.49570083815588667
1539,0.41772991122023617
1540,0.7511532768992958
1541,0.6147062385456695
1542,0.7078331814839113
1543,0.6501656063516481
1544,0.6129257702869237
1545,0.5061526540978171
1546,0.6088859944784906
1547,0.4247980551183975
1548,0.4963800597740133
1549,0.5569534600351747
1550,0.44636505323538744
1551,0.5589883452227751
1552,0.540340497691537
1553,0.5670126906809813
1554,0.5785581794674722
1555,0.6019070872976733
1556,0.40900373927647177
1557,0.4887153665762468
1558,0.4730541503217173
1559,0.6255806959722898
1560,0.4347333792606002
1561,0.4855779521824153
1562,0.45895199199365844
1563,0.793881507012328
1564,0.5035542733504068
1565,0.5228670460175023
1566,0.4041376812233572
1567,0.5353018884139309
1568,0.3592493017302256
1569,0.4889154333279998
1570,0.4737795764263762
1571,0.5044745565628724
1572,0.4154834202573537
1573,0.4679884076834203
1574,0.5459581769529508
1575,0.4269247008375661
1576,0.5807953134613345
1577,0.49530987971079815
1578,0.5076389113148704
1579,0.5920687688644954
1580,0.24520550904439536
1581,0.5382600940385905
1582,0.5190359723868281
1583,0.49992340182693984
1584,0.6642653810281912
1585,0.46566147201439234
1586,0.6915414609293639
1587,0.5186297971975158
1588,0.5637966772755898
1589,0.5189766460588165
1590,0.5590126177213354
1591,0.5401419301663354
1592,0.6110105497116597
1593,0.4892872823166923
1594,0.503943019618611
1595,0.5324476239304927
1596,0.517583420884791
1597,0.648703782166598
1598,0.5493729154389383
1599,0.46082446633309715
1600,0.6370702742601527
1601,0.5325481256837278
1602,0.497938412276279
1603,0.752961845915082
1604,0.40363430329807015
1605,0.44892006770132303
1606,0.579482699025554
1607,0.6124459027614574
1608,0.5520874481844174
1609,0.5494169982050978
1610,0.5072871983140819
1611,0.5638137153716442
1612,0.40199441792308216
1613,0.4615159983545731
1614,0.4449322862786306
1615,0.6941819263031553
1616,0.762988755396641
1617,0.39570145138095114
1618,0.5146839282376804
1619,0.5860385286883394
1620,0.41745726664419014
1621,0.4952827471637569
1622,0.5533468057574785
1623,0.5309040712137221
1624,0.5684045760340554
1625,0.4707819224381859
1626,0.5525336383221136
1627,0.41699148509487444
1628,0.5949792214729619
1629,0.486658764618352
1630,0.596256370600747
1631,0.5426675613920842
1632,0.6218558608093093
1633,0.42794980858440296
1634,0.3819905896999741
1635,0.6623473500849619
1636,0.6503877090661777
1637,0.4742646128128089
1638,0.36933788989932836
1639,0.550096878373179
1640,0.5504523398438061
1641,0.5681199083676394
1642,0.4198492132365165
1643,0.5625845274726936
1644,0.4922382758530651
1645,0.5955941158708479
1646,0.4017303097493854
1647,0.5340214212791233
1648,0.4639320877611169
1649,0.5805683245602953
1650,0.6407756531362075
1651,0.5325210969280603
1652,0.4257136951961067
1653,0.5919216456954832
1654,0.45667117623284903
1655,0.4731900116294323
1656,0.49739363168118705
1657,0.4513401630722269
1658,0.5411599477125946
1659,0.5316727413585727
1660,0.7341978959363481
1661,0.5726471580510615
1662,0.3911330722106743
1663,0.3800242743092367
1664,0.5617666270301475
1665,0.5226403980696284
1666,0.5153808102290447
1667,0.567267344340623
1668,0.30264596696516277
1669,0.42661062987906906
1670,0.4239146185205623
1671,0.49730160109194993
1672,0.4535517103671288
1673,0.5311321479028097
1674,0.38828665249041594
1675,0.5554155460737109
1676,0.5872801307998975
1677,0.565121590839048
1678,0.5577243902432845
1679,0.4339740682736509
1680,0.6105569083198064
1681,0.494219198586718
1682,0.5764181466582198
1683,0.5095775505834674
1684,0.5880065711393627
1685,0.4271962657327431
1686,0.5650866760800383
1687,0.5551516323318668
1688,0.47255296373331696
1689,0.5445224271694631
1690,0.5237173549778672
1691,0.4280064223049291
1692,0.37531845996968444
1693,0.5906826836346147
1694,0.5089105099721237
1695,0.5383692673595319
1696,0.5355421495601552
1697,0.6085308526185438
1698,0.4705921417240484
1699,0.45386355510914866
1700,0.5432040658459595
1701,0.5232927354186366
1702,0.4993899722898671
1703,0.4616722713439433
1704,0.49691807160304824
1705,0.5220621685008398
1706,0.46883098474264934
1707,0.7006891554944445
1708,0.6085489719601348
1709,0.5572498648355965
1710,0.5765918906698245
1711,0.5320484361452605
1712,0.4858920811444422
1713,0.36693257849526995
1714,0.6074445497609868
1715,0.6028282533807772
1716,0.4969853624951513
1717,0.5745456956364506
1718,0.5403844861281172
1719,0.6055014867289076
1720,0.47661151347721165
1721,0.5777590509624617
1722,0.6910679557862234
1723,0.5054850269524397
1724,0.5159025954741586
1725,0.4505309563879564
1726,0.5512053275733242
1727,0.40760937844084644
1728,0.37580309889550945
1729,0.43135721861658805
1730,0.5965786531236459
1731,0.6005833988834621
1732,0.7331360251949973
1733,0.5426833699629042
1734,0.4578331011461173
1735,0.535281847260511
1736,0.44717207192370517
1737,0.3463228167974821
1738,0.47489604781001915
1739,0.5224553373911952
1740,0.8418144867107777
1741,0.47080172412337845
1742,0.37331781843993156
1743,0.4957794058090357
1744,0.5205959226568863
1745,0.4956265175221955
1746,0.5770914501556006
1747,0.4062836821228307
1748,0.5224288099848033
1749,0.6451632533526288
1750,0.5882762888872847
1751,0.5198352379947798
1752,0.6833571731201691
1753,0.526107118965546
1754,0.5232025129998774
1755,0.5342602220966903
1756,0.3724806680161098
1757,0.48601533448117634
1758,0.6972887821491212
1759,0.5660855871127674
1760,0.5570006336575978
1761,0.5606963329099494
1762,0.49707725514575396
1763,0.6663211715467217
1764,0.6103501121577402
1765,0.47721535129434217
1766,0.4776277420640471
1767,0.635137776975767
1768,0.6461104941634015
1769,0.43071572630882804
1770,0.6061915246744879
1771,0.5993761531029622
1772,0.30346581469659706
1773,0.521061331663368
1774,0.5256849333129638
1775,0.5431342136238841
1776,0.5449208044635786
1777,0.5437427689346538
1778,0.3954594055393859
1779,0.4498168455911892
1780,0.5741405979597483
1781,0.49834799532323215
1782,0.47208678397770254
1783,0.598921399841603
1784,0.4207702230272829
1785,0.6511551176874733
1786,0.5772068452048227
1787,0.5365509701244006
1788,0.4116202129403411
1789,0.44932314501866355
1790,0.658553383937807
1791,0.657840550383521
1792,0.6868026418708537
1793,0.5114157110952421
1794,0.3283873607680235
1795,0.3952370755925251
1796,0.6571718011394587
1797,0.5337320363977315
1798,0.4927142292115984
1799,0.2726729861394304
1800,0.5652216808218531
1801,0.38765342069261954
1802,0.4911137667621138
1803,0.675744424026663
1804,0.4789189416292794
1805,0.46025423828400125
1806,0.5064041399030331
1807,0.4649817184262507
1808,0.48808718899861137
1809,0.7204148759455049
1810,0.4652496998463688
1811,0.3777207987009543
1812,0.34658992888115814
1813,0.40908877939247984
1814,0.5949541686950408
1815,0.42720830359175577
1816,0.39646519435795696
1817,0.6364566486990472
1818,0.4713202524658935
1819,0.6664865020748199
1820,0.6272238780478927
1821,0.41984232142066985
1822,0.569434264104421
1823,0.5180334587186015
1824,0.5050148466163691
1825,0.5027011459331016
1826,0.37700390546244394
1827,0.5110835794922408
1828,0.5228756865076596
1829,0.7214897087984584
1830,0.7270624786039684
1831,0.5432259369502129
1832,0.5328059757480533
1833,0.56289965313797
1834,0.3694464423476166
1835,0.4543176650859019
1836,0.5561797146762963
1837,0.6192311809923691
1838,0.6471392185031819
1839,0.6184157592531432
1840,0.6163980682159278
1841,0.5973695719928492
1842,0.37235761694504566
1843,0.48990174798591274
1844,0.43772771718362863
1845,0.6892373715606271
1846,0.5868247812491879
1847,0.42974939256168787
1848,0.5793159984737223
1849,0.45385848360700887
1850,0.5716666247990213
1851,0.41674923408813364
1852,0.5227863169227436
1853,0.5559265932479686
1854,0.6388441507980943
1855,0.4379332010486017
1856,0.3799615134036921
1857,0.6246938607747692
1858,0.4297357982450374
1859,0.4502597514694656
1860,0.5203019003528992
1861,0.5913170934839798
1862,0.5660280387702028
1863,0.5994397902390614
1864,0.418854267020001
1865,0.5620872785876438
1866,0.3912056698719979
1867,0.43480505060433244
1868,0.3937815998576236
1869,0.5312375464583919
1870,0.5475180485079254
1871,0.4996871038964807
1872,0.4909648324440183
1873,0.540790366814332
1874,0.46382376317253066
1875,0.5355378847418704
1876,0.5094040642514059
1877,0.44140986920190334
1878,0.497258918318614
1879,0.3948952426721689
1880,0.5035080611556627
1881,0.4470815537364043
1882,0.6879825743313787
1883,0.29248518599964246
1884,0.657630196689576
1885,0.4103082276762269
1886,0.4551767537198611
1887,0.5306607774497476
1888,0.5766720338876652
1889,0.5791951997928259
1890,0.5063179755898375
1891,0.4487952577283242
1892,0.4560079734497285
1893,0.48937144060568516
1894,0.47639535825220514
1895,0.41142594093144813
1896,0.5377579765621844
1897,0.5909853550247172
1898,0.5585281462560847
1899,0.42297773892105445
1900,0.42948662055818454
1901,0.5399565778564234
1902,0.5889271313023874
1903,0.54638450935638
1904,0.6116811331907087
1905,0.5658428135653033
1906,0.8527673359352934
1907,0.6310697993226487
1908,0.40785994534055836
1909,0.4951303394960419
1910,0.49482430565342267
1911,0.4871275422131223
1912,0.560946092351513
1913,0.5136802962079191
1914,0.5090056093383691
1915,0.6120433896543052
1916,0.49387495683988536
1917,0.5339294034979554
1918,0.3676137740527451
1919,0.48825350967637593
1920,0.7955659456118982
1921,0.41557222110809927
1922,0.5720976477684694
1923,0.708951852162659
1924,0.47747698701424635
1925,0.7053068097421155
1926,0.6239527344965096
1927,0.5289563514338935
1928,0.48310236601083134
1929,0.40772540853815853
1930,0.5069286321149017
1931,0.5478122072461084
1932,0.5869094534888097
1933,0.6925902173406738
1934,0.5550243988250829
1935,0.703555982311586
1936,0.5740455344846056
1937,0.4711530526670895
1938,0.505522045623566
1939,0.5581317315161598
1940,0.45770195460071106
1941,0.6657368976706011
1942,0.48036298013949413
1943,0.6050002631750437
1944,0.48309423122531187
1945,0.5480168136541717
1946,0.5652503732956717
1947,0.5039228893358576
1948,0.6974633407832139
1949,0.56198428221502
1950,0.5093251833864935
1951,0.647382780157595
1952,0.46757145198016936
1953,0.33152512982346416
1954,0.548290915962072
1955,0.6114724162877729
1956,0.5668879837223357
1957,0.565930134672618
1958,0.5347988978551559
1959,0.6551259515637402
1960,0.5103642296406412
1961,0.5328157272681813
1962,0.40947076035473323
1963,0.5622687306785974
1964,0.5272091965718184
1965,0.6266266361497808
1966,0.570758642787884
1967,0.40569947404879847
1968,0.4140319688613915
1969,0.6551326047691838
1970,0.48716898947762916
1971,0.6764528402745552
1972,0.4044448482711738
1973,0.5437804912041907
1974,0.5836657260124883
1975,0.5946265228874276
1976,0.3616784060744953
1977,0.30693966321407634
1978,0.5294390496356702
1979,0.6871624844584592
1980,0.5309468592007901
1981,0.5606548360356167
1982,0.6742338675881715
1983,0.5882993244083177
1984,0.5722255168386038
1985,0.5524214658813283
1986,0.3600364679067163
1987,0.6281499385547546
1988,0.5680682958543628
1989,0.6017287812976817
1990,0.37594420720875177
1991,0.5158780354951138
1992,0.6462400751698567
1993,0.5846066231805152
1994,0.49937388797206106
1995,0.7165009820357123
1996,0.4593101381976009
1997,0.5559250183249499
1998,0.5343816803571247
1999,0.4319176508240639
2000,0.5369032820591234
2001,0.5908261398811371
2002,0.6064851135564564
2003,0.4505028982694604
2004,0.4458032153222973
2005,0.44342936906272934
2006,0.49403256899719494
2007,0.5484182055184545
2008,0.3993897979486053
2009,0.5025293414192691
2010,0.4909081575917783
2011,0.37259811485381555
2012,0.504974237782508
2013,0.4819721802077454
2014,0.6576492262086616
2015,0.48241928341090434
2016,0.6032989684455977
2017,0.6581640252506435
2018,0.4248991213549502
2019,0.46514462903127934
2020,0.6666163854882419
2021,0.6230999521750503
2022,0.4732442018897111
2023,0.41680395612616644
2024,0.62147362963309
2025,0.5727333927214218
2026,0.3894982010881093
2027,0.4488487404753414
2028,0.4429243784188797
2029,0.48171670123249516
2030,0.556735410299568
2031,0.6898342926504244
2032,0.533760274917147
2033,0.39926539260884475
2034,0.5403732906695728
2035,0.5564589083098058
2036,0.709461908293884
2037,0.40879032494965445
2038,0.426551762575348
2039,0.7182969417876295
2040,0.45214437908873406
2041,0.5718223579637232
2042,0.4716459638981585
2043,0.6181809004008038
2044,0.52155303532766
2045,0.5754182860068202
2046,0.6908999724720918
2047,0.511310540387159
2048,0.5186197677842778
2049,0.4531783797809136
2050,0.43637046045441263
2051,0.5112352980457814
2052,0.5661036047801993
2053,0.48356764724673107
2054,0.43664897805700065
2055,0.3683331204565091
2056,0.5339080195303901
2057,0.4536351452775911
2058,0.43509315576345886
2059,0.5491461186366426
2060,0.541536729513266
2061,0.48556648742606373
2062,0.49084024871703813
2063,0.5612446643006762
2064,0.531680058176856
2065,0.5303926153045451
2066,0.42078067559272514
2067,0.4447214330406557
2068,0.5844296312383881
2069,0.4799034010701267
2070,0.5583275793839814
2071,0.5256106975178069
2072,0.5353664920142241
2073,0.4462512512717206
2074,0.6535898881765115
2075,0.43333532281997716
2076,0.5619429952263969
2077,0.37876502944593227
2078,0.4814791847984222
2079,0.47126720208116585
2080,0.4903824239981282
2081,0.6168368419270485
2082,0.5995960706229632
2083,0.5555887852760337
2084,0.577491020023669
2085,0.6569152045703219
2086,0.43478430441104365
2087,0.6655264539214061
2088,0.5036767593817975
2089,0.5372343298021731
2090,0.510005689503496
2091,0.5434074366859322
2092,0.6102902148650203
2093,0.6015590561611085
2094,0.5100369871425237
2095,0.5274407771513946
2096,0.4827274850444329
2097,0.6692261345795794
2098,0.585409999672402
2099,0.6183330229369188
2100,0.5236174565352408
2101,0.5059812605299191
2102,0.48436380603256074
2103,0.35179644279270106
2104,0.6870037939477878
2105,0.4104723075369537
2106,0.5371270388144811
2107,0.4354982354574241
2108,0.4621149128822689
2109,0.5474456566032032
2110,0.4545199310730469
2111,0.3943299582445191
2112,0.49396821732281104
2113,0.38472261437013755
2114,0.5991329410711088
2115,0.5904006019105725
2116,0.32188965437393524
2117,0.49440893908827965
2118,0.6067791181295219
2119,0.39751217343646805
2120,0.5848484321551282
2121,0.6137141593508421
2122,0.45769341215400733
2123,0.546775535297449
2124,0.6113069155563845
2125,0.46726330708838243
2126,0.426067585579625
2127,0.6689328798293628
2128,0.46907268040365596
2129,0.5412755989435662
2130,0.4282208612533879
2131,0.4394820387626779
2132,0.6306421753267393
2133,0.33376433415526674
2134,0.45413711376475924
2135,0.6093217877091425
2136,0.6543701622791832
2137,0.5008637474127493
2138,0.4360811078394426
2139,0.6618605589310322
2140,0.4754466994615287
2141,0.5847445810426705
2142,0.48696043757415575
2143,0.5829653657539149
2144,0.5639937502352935
2145,0.5573825404779084
2146,0.6619055590297998
2147,0.612898978126788
2148,0.583521825247002
2149,0.5175557826710543
2150,0.6416972926208542
2151,0.5431019044190767
2152,0.4962395309704866
2153,0.47299277954936036
2154,0.4421936453574224
2155,0.6251979919572509
2156,0.47216422013071024
2157,0.5645580723336139
2158,0.5512405538378269
2159,0.5020509272186523
2160,0.4219864018710917
2161,0.48021068527305383
2162,0.2781303086200848
2163,0.5840584233361183
2164,0.5933193127678408
2165,0.5521721994157662
2166,0.5068151213216733
2167,0.4368271719907806
2168,0.6444980852093711
2169,0.5654397127036146
2170,0.5907711077519546
2171,0.5246035122357602
2172,0.5342939565295372
2173,0.4736425452666903
2174,0.7995172440474965
2175,0.5595321903603014
2176,0.8310228891841864
2177,0.46019350099950074
2178,0.6754219804116739
2179,0.5250870857016774
2180,0.6207903644880343
2181,0.35844218173661035
2182,0.5954637622163814
2183,0.40577296539325264
2184,0.6186820502632481
2185,0.4206558000645215
2186,0.5214420254343943
2187,0.6996346792589125
2188,0.5760818905716463
2189,0.42284681752667075
2190,0.43915367181238485
2191,0.6233897289288711
2192,0.6740739691397526
2193,0.42329266862406806
2194,0.440437398453739
2195,0.5176377780550485
2196,0.35557814502274354
2197,0.34714267000971355
2198,0.5267807648745796
2199,0.4932497833714046
2200,0.6997053433913513
2201,0.36559398980328406
2202,0.5952249600775465
2203,0.5210612696354435
2204,0.5554769492686241
2205,0.5915353371130713
2206,0.5459692057885196
2207,0.5268617147892953
2208,0.4713729663166469
2209,0.5626578463942767
2210,0.5553975987982319
2211,0.4317261134045481
2212,0.40691399880840395
2213,0.7255108475538352
2214,0.47493112651969344
2215,0.5391852152480581
2216,0.5358275709861868
2217,0.45047121795837763
2218,0.3832085166459803
2219,0.47409490594486103
2220,0.4809515737520915
2221,0.5168839881792814
2222,0.5279600581707092
2223,0.5211611388842298
2224,0.6532173829507213
2225,0.551490991014538
2226,0.3464992861863656
2227,0.49249651967339253
2228,0.6619842327094707
2229,0.5211955962313815
2230,0.6768485055977249
2231,0.40615627228534973
2232,0.5393227198045624
2233,0.5644693025080781
2234,0.4790524738874644
2235,0.4801232700062291
2236,0.5037967530110601
2237,0.6266973568921982
2238,0.48085143080191234
2239,0.7364230907477918
2240,0.645363411308772
2241,0.4695807113767461
2242,0.5414750388863664
2243,0.5699790333476454
2244,0.33664576680069835
2245,0.4631147541874578
2246,0.48519715267723273
2247,0.5733940378082094
2248,0.5628222432177828
2249,0.5979071976933464
2250,0.3630065590271319
2251,0.45293564036039
2252,0.5241346139063712
2253,0.5431233396333448
2254,0.5273059695646951
2255,0.5742864734828552
2256,0.6244190261465451
2257,0.48818448573634476
2258,0.509405031354631
2259,0.44153561833416416
2260,0.5085338790780376
2261,0.48200383242629946
2262,0.37217960181388915
2263,0.4759341900661879
2264,0.6922080218335167
2265,0.49164867844615173
2266,0.648097944924716
2267,0.38882749612024337
2268,0.46788323474284443
2269,0.5188780946603295
2270,0.4905078484068359
2271,0.546088792130647
2272,0.4600291961471527
2273,0.5099516908205315
2274,0.5046556316350458
2275,0.5982745587406954
2276,0.46076859084047533
2277,0.52819997128331
2278,0.4898870993151564
2279,0.4401302181030069
2280,0.6018497119289141
2281,0.6960282289929488
2282,0.5801777867675879
2283,0.5211545342823174
2284,0.4084203886286666
2285,0.49355760219192385
2286,0.6526903403963151
2287,0.3467459472361498
2288,0.4621032473518029
2289,0.6428316192073708
2290,0.42897396763514517
2291,0.4875083372631591
2292,0.519390167174475
2293,0.3656708516988404
2294,0.6013896336451651
2295,0.3972416466695963
2296,0.5627572511284086
2297,0.6815027011950298
2298,0.4910163536378441
2299,0.6463289609879934
2300,0.5929357462064335
2301,0.38295222375477267
2302,0.5044468519161563
2303,0.5104913189650757
2304,0.5475439037844666
2305,0.452548554453309
2306,0.6509020526936845
2307,0.6878731759635819
2308,0.4953816371369423
2309,0.4975636160713505
2310,0.4818874270392395
2311,0.47766700008668705
2312,0.4228501590491031
2313,0.6082032757660685
2314,0.41232048525835974
2315,0.4177739096918267
2316,0.49755127280145367
2317,0.5392883400010589
2318,0.4972564833706261
2319,0.6422031745322584
2320,0.4697014158000047
2321,0.49949254706043095
2322,0.48572849229854087
2323,0.46474225433487104
2324,0.6403710472539424
2325,0.4576079158376438
2326,0.48006993146518273
2327,0.6353204559542753
2328,0.4273520955948828
2329,0.45917787911536534
2330,0.5484934936402103
2331,0.5239986379726784
2332,0.5472797973873615
2333,0.4928093902349587
2334,0.6576733015883232
2335,0.42025127324383577
2336,0.660769726669377
2337,0.4442659556846297
2338,0.4642902545867217
2339,0.4571791574634976
2340,0.6032398568621188
2341,0.7117451428768488
2342,0.5944801575526467
2343,0.6809315447284339
2344,0.3414259229224265
2345,0.44442124993299376
2346,0.5753929735782302
2347,0.4883323034823323
2348,0.4377370059667481
2349,0.4875284400319504
2350,0.4581589984835496
2351,0.832921558223328
2352,0.42709200254272894
2353,0.46067398718364794
2354,0.5119987870559093
2355,0.5047256830902099
2356,0.5564416873400604
2357,0.5839894113692916
2358,0.4139358463761668
2359,0.6920968068633081
2360,0.3463833126232077
2361,0.611602164655595
2362,0.5561928417076362
2363,0.6188267371129693
2364,0.6423842022843532
2365,0.4249978967407955
2366,0.5023751289686544
2367,0.7539340426370328
2368,0.5758521802858215
2369,0.5264141480137435
2370,0.5521685833407936
2371,0.5165698781933024
2372,0.5911872907999177
2373,0.5455819553003625
2374,0.4885016335774712
2375,0.3800624965494349
2376,0.6394090112523209
2377,0.609110322095636
2378,0.41490688563665645
2379,0.6340430874271024
2380,0.4966113901039876
2381,0.5604008661328397
2382,0.5273915738508046
2383,0.6753065554250562
2384,0.4616011821604427
2385,0.5585971872202553
2386,0.6341664735394822
2387,0.4477347655413255
2388,0.6168231967810014
2389,0.5209963091380536
2390,0.5963861795983556
2391,0.683409608548474
2392,0.5886734826661897
2393,0.581737197540523
2394,0.496458135488498
2395,0.5297837838271738
2396,0.5670512831621528
2397,0.5729314952912266
2398,0.4343552359616909
2399,0.5835343815148387
2400,0.36123682915736033
2401,0.594254143685809
2402,0.4346640903735066
2403,0.4862730761675138
2404,0.5559576103937787
2405,0.5512315463259417
2406,0.5064418704833056
2407,0.46173630659356546
2408,0.7472557870176526
2409,0.42949411473393445
2410,0.45740308679305275
2411,0.5418926529366519
2412,0.3097917115138142
2413,0.5679657110420366
2414,0.578037379175667
2415,0.4023943053901253
2416,0.4347571348687701
2417,0.38140979238127615
2418,0.5886556624272145
2419,0.4074812733331477
2420,0.6269922022291312
2421,0.48438030222009043
2422,0.5501257689760559
2423,0.6118471265256095
2424,0.5191194740749259
2425,0.5517489455025613
2426,0.4919487915378979
2427,0.4871673282599633
2428,0.48504587775855096
2429,0.547536192199838
2430,0.4763976215337068
2431,0.46692444790356663
2432,0.5066252213051619
2433,0.6515981145071925
2434,0.4833299263949064
2435,0.48625056700369906
2436,0.5763656981093744
2437,0.4683822472873091
2438,0.44716476692534374
2439,0.39291468103677707
2440,0.624987153239415
2441,0.4828019746030704
2442,0.5555577183285627
2443,0.542108199019675
2444,0.6454974709567608
2445,0.537132683551617
2446,0.5405068172015125
2447,0.4384304033836406
2448,0.5739529291709732
2449,0.5040278426736879
2450,0.43116958605247985
2451,0.5116877903980155
2452,0.45322376809086024
2453,0.4748816022080269
2454,0.5793676841488471
2455,0.547076913200184
2456,0.5056388448076005
2457,0.5720643671079803
2458,0.3908819971991284
2459,0.5891811272667908
2460,0.5132257788330108
2461,0.5959401961185395
2462,0.5427967651159709
2463,0.3995466311672824
2464,0.44963456006977065
2465,0.478239790963996
2466,0.7452632607702901
2467,0.3580943563085776
2468,0.5130777725561461
2469,0.5796664067853631
2470,0.4647712796408312
2471,0.5736494901374045
2472,0.4244201806164726
2473,0.43683236044000195
2474,0.66634390156124
2475,0.5666542718617115
2476,0.5334670120545565
2477,0.47449993985294225
2478,0.5243475578799377
2479,0.5182631466095303
2480,0.4512056399228628
2481,0.5383124369793512
2482,0.6467699672395452
2483,0.5054030370629049
2484,0.35550884322724424
2485,0.46166826547069983
2486,0.5653051049911466
2487,0.3726029686679676
2488,0.4935240540673196
2489,0.5717097838838041
2490,0.36488837060242335
2491,0.5238608074912715
2492,0.5186831831423878
2493,0.639074047491697
2494,0.5616757383107238
2495,0.4773196056775574
2496,0.5708641726991207
2497,0.5025448015634821
2498,0.5911656737946621
2499,0.4618147088129385
2500,0.6750416942187407
2501,0.4447824985705775
2502,0.8570220158211956
2503,0.5047858008361356
2504,0.7108596558216189
2505,0.5372175417908843
2506,0.6345301317686036
2507,0.5887745174326242
2508,0.4687610967331278
2509,0.34484789351062134
2510,0.6752351258816993
2511,0.5984433417401249
2512,0.2878334092728798
2513,0.5699962249061218
2514,0.7187603402046495
2515,0.43972682902570015
2516,0.48282021017396837
2517,0.586048264521997
2518,0.6280926645158643
2519,0.6221705280768348
2520,0.6760949985070114
2521,0.7124290440716283
2522,0.5645937526515108
2523,0.38760281837855226
2524,0.41897323777840234
2525,0.5919927321788486
2526,0.5096400665167856
2527,0.5035293208763588
2528,0.5734744398444186
2529,0.6145926878020278
2530,0.47025849369532013
2531,0.45249025746339155
2532,0.679915936417728
2533,0.36677043369126794
2534,0.6316989101180296
2535,0.6549959439725626
2536,0.48285225504811474
2537,0.6109998998562801
2538,0.6510789840034178
2539,0.3293853105247737
2540,0.6266534635899396
2541,0.5382975292177199
2542,0.49645543142822707
2543,0.5132654113785392
2544,0.5695827113742535
2545,0.4496307285832031
2546,0.5361099433898353
2547,0.4822070280342739
2548,0.5667759444374809
2549,0.49209485979822215
2550,0.5502484955721709
2551,0.4772797499987383
2552,0.6239435093911854
2553,0.6121445645661938
2554,0.5872262206107417
2555,0.47385415876620424
2556,0.43395944955715865
2557,0.5746685481789113
2558,0.48776327844844086
2559,0.6252329813312076
2560,0.6031790388919122
2561,0.6173734705894947
2562,0.5873271313046865
2563,0.5032553694701705
2564,0.47958143665396374
2565,0.4446474291336743
2566,0.5424682576501622
2567,0.5205097990114642
2568,0.4036043959032708
2569,0.5779034015770235
2570,0.48474481823514476
2571,0.5436260630395766
2572,0.492895847630622
2573,0.6305973525909413
2574,0.3045534704300724
2575,0.5700135607250097
2576,0.5766316576810667
2577,0.7239100022573483
2578,0.5183252545040536
2579,0.6245735147803496
2580,0.4221674953124613
2581,0.44139462676608254
2582,0.6061168252395938
2583,0.4411644059166834
2584,0.5074810340237604
2585,0.46286133801304263
2586,0.5872075669515324
2587,0.49360282496833496
2588,0.3869760426808638
2589,0.6552711645737946
2590,0.5114441044829432
2591,0.5454864376725054
2592,0.5307328543764568
2593,0.7821971706008597
2594,0.46313055032663264
2595,0.4869415315530365
2596,0.5536540859450653
2597,0.5388878137742406
2598,0.6569535460416999
2599,0.27874974973103006
2600,0.5663382394823725
2601,0.5057265070852276
2602,0.509940302986557
2603,0.43409111896224084
2604,0.5466004922223405
2605,0.49663634298766596
2606,0.5912953610452948
2607,0.47383602814338527
2608,0.5719966839049204
2609,0.663595653853083
2610,0.5713595641897735
2611,0.6772181099282668
2612,0.5923064742123573
2613,0.5338011229725965
2614,0.5735724728814974
2615,0.5208317333014888
2616,0.6401299309495295
2617,0.559748112071673
2618,0.42374043159658015
2619,0.47500997085459024
2620,0.3995314905138326
2621,0.5356432078522637
2622,0.5269397421936732
2623,0.8255118988196104
2624,0.5753100818035836
2625,0.430096444041067
2626,0.5737775652515622
2627,0.5607278410107269
2628,0.5019636484857866
2629,0.4374770024192999
2630,0.5130209113623624
2631,0.7198183001169658
2632,0.4817893214983771
2633,0.6182872351459552
2634,0.2696533213846225
2635,0.7159916558454552
2636,0.49764896106147966
2637,0.4368410758129482
2638,0.5256992727031126
2639,0.43690097421004126
2640,0.42647542052779813
2641,0.6929321826227639
2642,0.5119020746643118
2643,0.6539738963059611
2644,0.5013189015574386
2645,0.6798707889083262
2646,0.5754128502181143
2647,0.6902641651065631
2648,0.4384338594292866
2649,0.5691721718287792
2650,0.49545684139284313
2651,0.3113332641888644
2652,0.38161568522548095
2653,0.5567078739388375
2654,0.5064501107744539
2655,0.5204275728362966
2656,0.5359914761056433
2657,0.42099394891984787
2658,0.5939419117164214
2659,0.47403842606449487
2660,0.5396139189814833
2661,0.3420745726365928
2662,0.46221523022353006
2663,0.33206429428736917
2664,0.515017345586556
2665,0.621810922538638
2666,0.6140991012518718
2667,0.4913485315547596
2668,0.5331914060581531
2669,0.48446842588658207
2670,0.6223794628309982
2671,0.5624362666226747
2672,0.5052404010979014
2673,0.5678049429951255
2674,0.4208729208436947
2675,0.44601198697979483
2676,0.4870125825899007
2677,0.4521920069268358
2678,0.5251571101822473
2679,0.5237361950605369
2680,0.4493709191698624
2681,0.42801467339434685
2682,0.5263598967616511
2683,0.3686986166270638
2684,0.5447305082150181
2685,0.5461404666037386
2686,0.5537140350726828
2687,0.5870160784145024
2688,0.6503594230779141
2689,0.6197406741398421
2690,0.6211149868821237
2691,0.5696364035648274
2692,0.6148045359781416
2693,0.575356333664184
2694,0.3444338942112821
2695,0.6803996037559104
2696,0.4519974638045977
2697,0.6217701708202205
2698,0.45117636360543545
2699,0.41296175225440446
2700,0.4038283684477581
2701,0.4198203880900224
2702,0.6288346407997766
2703,0.6607011339341312
2704,0.5290226821726537
2705,0.4312201755187405
2706,0.4797624047929937
2707,0.7112837069941162
2708,0.4509126015971493
2709,0.6458365543523825
2710,0.8167973957172506
2711,0.734192222620696
2712,0.5070624968755575
2713,0.41744910102346233
2714,0.4985908273761537
2715,0.6186038265308851
2716,0.4919023798571954
2717,0.45431022988234254
2718,0.44124246651032933
2719,0.4606357209307491
2720,0.7165728862240099
2721,0.5311748339050296
2722,0.470445105591859
2723,0.6567197231792405
2724,0.5868056206814031
2725,0.482683636173603
2726,0.5871006593178301
2727,0.46405912391852233
2728,0.5292144107714694
2729,0.7339351382465318
2730,0.41523934182768824
2731,0.6821746131061183
2732,0.4987463900735287
2733,0.5536730526230316
2734,0.5318891422564765
2735,0.5248106095969045
2736,0.47916894134783433
2737,0.4766933097589028
2738,0.4911003580409393
2739,0.5288234739777393
2740,0.43104934589781485
2741,0.4252275895447644
2742,0.4281232648274238
2743,0.4054831429260964
2744,0.5709300178308402
2745,0.49118307953243906
2746,0.7001950529003029
2747,0.5692543149551044
2748,0.5145758842716956
2749,0.4852299421345372
2750,0.4860207599862665
2751,0.4239851213621708
2752,0.6527231455797413
2753,0.7268018053896427
2754,0.569604469550098
2755,0.5407243755404837
2756,0.5669023749387982
2757,0.6543377440303055
2758,0.515477295181845
2759,0.4667021976017097
2760,0.487298697523876
2761,0.4670928970299903
2762,0.535952580373082
2763,0.6944457089078626
2764,0.49701831075792824
2765,0.5574364982350606
2766,0.5119607982929341
2767,0.3874445573623647
2768,0.49006964863199126
2769,0.488826110632356
2770,0.4565651605193798
2771,0.502279773955202
2772,0.5516091229636462
2773,0.5665065305196604
2774,0.4880002689517089
2775,0.38479402899140475
2776,0.49499626096584337
2777,0.5151464344158299
2778,0.4633877897901898
2779,0.47601537460373516
2780,0.5154086899501101
2781,0.5626354661861627
2782,0.5689107101808245
2783,0.5298189312274323
2784,0.4435325050139508
2785,0.4456246174414444
2786,0.6048970612907563
2787,0.5823754409422716
2788,0.29232369073210385
2789,0.556128605133718
2790,0.4906888308601784
2791,0.4997305651653765
2792,0.541610509692009
2793,0.43733482236368987
2794,0.7122603805466472
2795,0.48737284070449216
2796,0.5195547166808719
2797,0.4252749100351752
2798,0.5929214990758939
2799,0.4292456639315314
2800,0.48235487711526215
2801,0.7302931205099483
2802,0.41544980520668096
2803,0.6195310518146658
2804,0.5331356082713797
2805,0.46809069772097445
2806,0.664712051480266
2807,0.4752090111732741
2808,0.5923988734160943
2809,0.4571353040691831
2810,0.47404892927716336
2811,0.5626296226352094
2812,0.5626559267588557
2813,0.570674399592463
2814,0.46367727203753806
2815,0.48925423152567815
2816,0.776106744590191
2817,0.662408279552552
2818,0.6602430020010026
2819,0.6314948651530596
2820,0.5527005093578916
2821,0.46845891493315583
2822,0.6860501864043267
2823,0.5532734280034611
2824,0.41551903321342426
2825,0.6200276106684884
2826,0.48530600856804423
2827,0.5193889161664592
2828,0.36924384834136526
2829,0.4266381837753823
2830,0.5480354426580654
2831,0.43478820503235166
2832,0.4238376845363974
2833,0.5474159140104308
2834,0.47109921663743753
2835,0.5641051931232391
2836,0.5040247414164214
2837,0.5481343392296181
2838,0.4682754326724144
2839,0.3667930001289473
2840,0.4549525866739192
2841,0.41475557249718026
2842,0.5500755077958949
2843,0.4780735659149398
2844,0.47443847409797685
2845,0.4641258126745845
2846,0.5246239643169153
2847,0.5436849379974125
2848,0.5368810920262053
2849,0.4912258470129755
2850,0.5405897314339081
2851,0.5314452738491183
2852,0.83878311441449
2853,0.4700314318679973
2854,0.5902476417911973
2855,0.5709719835078724
2856,0.7050144134369535
2857,0.46689325766025086
2858,0.7026692666367745
2859,0.5089501101182479
2860,0.7875325419057283
2861,0.6127975604245065
2862,0.4115837100809922
2863,0.4887952047297971
2864,0.6521507631066906
2865,0.4779211193096758
2866,0.46780052331341304
2867,0.5398452810200708
2868,0.5547168471075804
2869,0.4540190517986097
2870,0.4945516226750925
2871,0.7205161834642771
2872,0.46976281361413014
2873,0.5108940916346936
2874,0.4482943257244438
2875,0.5449438160257339
2876,0.5342953039444253
2877,0.5370321839278995
2878,0.5559337471409994
2879,0.48977303624035073
2880,0.428684658581784
2881,0.4517056661813771
2882,0.48833343174543226
2883,0.6682952279035927
2884,0.45440993419905207
2885,0.47609808758412636
2886,0.591252600369122
2887,0.4531237582719198
2888,0.48657319165878954
2889,0.4412628068459103
2890,0.38377956789024525
2891,0.5106718875763715
2892,0.48739309378248075
2893,0.4069132177151941
2894,0.5045475014926851
2895,0.5108194710932134
2896,0.49429016393162256
2897,0.5758207914780824
2898,0.49975047620737434
2899,0.6725370343785801
2900,0.5359057395746005
2901,0.39273261094070444
2902,0.46031230756372027
2903,0.5098573126992132
2904,0.5464814916010566
2905,0.43369507760380666
2906,0.49599230578322107
2907,0.43905467956112515
2908,0.4409051699873064
2909,0.46194919781828425
2910,0.4954014659645053
2911,0.44839559680563645
2912,0.7262206286681195
2913,0.6012178573967827
2914,0.3596663572812412
2915,0.5159571376629599
2916,0.39732791552993835
2917,0.6762386085187091
2918,0.7569810617750035
2919,0.47063751467770487
2920,0.4435531239077403
2921,0.5255770620298472
2922,0.5376982228979547
2923,0.4658293634375136
2924,0.7508287809422536
2925,0.47813353639998746
2926,0.6708316533368287
2927,0.4340661498812761
2928,0.4427785589575274
2929,0.45056810628910754
2930,0.5705005021034465
2931,0.38091108850182576
2932,0.6894012500111264
2933,0.5652078899414452
2934,0.6841411688890826
2935,0.49219490436957497
2936,0.39714914351963304
2937,0.669341778272986
2938,0.40841556325164946
2939,0.4339947710996026
2940,0.6400569355664754
2941,0.6567016873143563
2942,0.5603749244046818
2943,0.4204268391276597
2944,0.4897793094569952
2945,0.6246958676630194
2946,0.45949992743066465
2947,0.5620810144814822
2948,0.4126181307624821
2949,0.4738337617370113
2950,0.4499954081621831
2951,0.41783263437049545
2952,0.4627137767935849
2953,0.6136619603967722
2954,0.5493117774303736
2955,0.46112320983620086
2956,0.45864735540098744
2957,0.6252407854293789
2958,0.6598139745406606
2959,0.41401128533180603
2960,0.4475033508395979
2961,0.49079321910698626
2962,0.5108193305451578
2963,0.4672775629792768
2964,0.42995797870778635
2965,0.6730878523968009
2966,0.558830565135415
2967,0.43945292614373277
2968,0.777058345564621
2969,0.7531547013467565
2970,0.57642574256636
2971,0.5648962375760901
2972,0.40374949198679644
2973,0.6290974476626551
2974,0.550672776438403
2975,0.4151269727279553
2976,0.6797778982636422
2977,0.4299079505557025
2978,0.680572772847977
2979,0.479839468831198
2980,0.5382820941965232
2981,0.5286715114741066
2982,0.5383897774683587
2983,0.4593557161924199
2984,0.4646292432548671
2985,0.4523184903684958
2986,0.5994333858902211
2987,0.41502776135962993
2988,0.8106819421298899
2989,0.4835214382402248
2990,0.49611231602846506
2991,0.5123284962282856
2992,0.4947002966308399
2993,0.5336857143531544
2994,0.5669907631028556
2995,0.47665596960130946
2996,0.4794549041674367
2997,0.5508547509753096
2998,0.5790848611827968
2999,0.45259812633324586
3000,0.6197604712556657
3001,0.6184615042073263
3002,0.44140927414729153
3003,0.5995483120397188
3004,0.5796896906755588
3005,0.40552171405276777
3006,0.4975560954492246
3007,0.5735308411760263
3008,0.47835392110086855
3009,0.5747371162552374
3010,0.503339977234715
3011,0.43664521656221533
3012,0.6043230522702552
3013,0.5028711466885643
3014,0.5915675077284007
3015,0.7794448828683693
3016,0.5970666805207897
3017,0.5360801797163659
3018,0.5758750032981528
3019,0.5183906577480766
3020,0.461599378172572
3021,0.5228951428166928
3022,0.5437833373289972
3023,0.33327335187263524
3024,0.58522342761579
3025,0.45672349624709274
3026,0.6383668541111203
3027,0.5767692439171244
3028,0.5426927024482228
3029,0.5336611497474371
3030,0.5151881205945049
3031,0.675716909851591
3032,0.4394593860359833
3033,0.48030177598885504
3034,0.7079541495449213
3035,0.4568433650866941
3036,0.390920950136338
3037,0.5122958669395843
3038,0.6378939596591583
3039,0.45930580838731283
3040,0.6222880342852364
3041,0.4779449471634578
3042,0.56346955830849
3043,0.6196462717930183
3044,0.5213257059435502
3045,0.5120113738041647
3046,0.4246096581953217
3047,0.5904380330637162
3048,0.4596324412033135
3049,0.6300188256993169
3050,0.5843409201967389
3051,0.45810469415404154
3052,0.479749885355412
3053,0.5287905369007956
3054,0.42050326718347353
3055,0.45027971096647723
3056,0.45591755171032217
3057,0.523730233569376
3058,0.7326847795972147
3059,0.4625806130433981
3060,0.45174244629521526
3061,0.5458637532456124
3062,0.34652632266352884
3063,0.49753243090922206
3064,0.5478619427070973
3065,0.6091640145880954
3066,0.5807825519910773
3067,0.4763363685061042
3068,0.4332014544252112
3069,0.46709771648051607
3070,0.5474901542963011
3071,0.5624803794915744
3072,0.43758147999662206
3073,0.5604484111415208
3074,0.6913199192876573
3075,0.7603981759886185
3076,0.48560181030633404
3077,0.5474520167888794
3078,0.4205407274975183
3079,0.5652367340253914
3080,0.5318471727967253
3081,0.5452635194246945
3082,0.4614397872874677
3083,0.5576213156239157
3084,0.6952817273975419
3085,0.7150795436407648
3086,0.5354478404353824
3087,0.5968497202254557
3088,0.7394977008480902
3089,0.5955096525316095
3090,0.6017954315716622
3091,0.39540268299364545
3092,0.5161405885897956
3093,0.6995257808449157
3094,0.4334776182460081
3095,0.5798705699515568
3096,0.4839740733476851
3097,0.5405473217866257
3098,0.6098729769291682
3099,0.45369609166675573
3100,0.6332121036092486
3101,0.4923445796069561
3102,0.3753470510592919
3103,0.6320641315552777
3104,0.4864819595993369
3105,0.7632281234048858
3106,0.5300731115162983
3107,0.6550265523507967
3108,0.6120261094223329
3109,0.5040690399639832
3110,0.5942734582816402
3111,0.5801315653791519
3112,0.4391542710204362
3113,0.464294434528904
3114,0.6357256336716387
3115,0.3868313617361381
3116,0.4092166306334638
3117,0.5832887857287173
3118,0.4715478282257022
3119,0.5695780089451461
3120,0.7558257659620806
3121,0.5322698549703218
3122,0.5591927257990001
3123,0.5082552061782424
3124,0.648969392209776
3125,0.6389550399511656
3126,0.4452693040607414
3127,0.46260725767927363
3128,0.5150746550115194
3129,0.3646681781533664
3130,0.5420806475040385
3131,0.5819575889813777
3132,0.324906144790714
3133,0.6669960674775329
3134,0.6706728014394828
3135,0.44970254916509983
3136,0.466394057730675
3137,0.5599223990237169
3138,0.7345151501226936
3139,0.721190545659566
3140,0.5002384328790467
3141,0.48198014675584216
3142,0.715408016273708
3143,0.4301042061593705
3144,0.6236110295108906
3145,0.5699461349631304
3146,0.5251961946502944
3147,0.7527852339717216
3148,0.4222821882708479
3149,0.4099245897938248
3150,0.5686302791951948
3151,0.4819341362214727
3152,0.5011794593842546
3153,0.5517765773448903
3154,0.6251453334105443
3155,0.37019542077105827
3156,0.5225238187029588
3157,0.5607881619556848
3158,0.6316938359405158
3159,0.47459289533211746
3160,0.6148314048500672
3161,0.4831675959198035
3162,0.6083255432189588
3163,0.5692105281857522
3164,0.44716824858539855
3165,0.5584015618963448
3166,0.5408211864264791
3167,0.5863384204395053
3168,0.6757508073421817
3169,0.7883272413245191
3170,0.4340551926246985
3171,0.4659969723969022
3172,0.4583576044391579
3173,0.4335919317968436
3174,0.45298006246607275
3175,0.4633075038079013
3176,0.621987842399981
3177,0.4672843511735558
3178,0.4875017982046549
3179,0.5716766412615932
3180,0.4367048328847672
3181,0.49935889263958794
3182,0.4698238194946115
3183,0.622554397188818
3184,0.5882192664200696
3185,0.4206214363587159
3186,0.4824406042463564
3187,0.43988295838081826
3188,0.5687727086225017
3189,0.5029739872845826
3190,0.7283367945416974
3191,0.5266175810437012
3192,0.6757489872465337
3193,0.5341241276703343
3194,0.4024970553620983
3195,0.6141234094579426
3196,0.4515624983865298
3197,0.6610186309897407
3198,0.34362958784675945
3199,0.5742826432813015
3200,0.5136343712992759
3201,0.41290734188409933
3202,0.5668607890213877
3203,0.5211405965918834
3204,0.6325717604790304
3205,0.5820303683861654
3206,0.5334040866246919
3207,0.6637562687844847
3208,0.7848297146799728
3209,0.45083617296810097
3210,0.5014513252659013
3211,0.48683919891008565
3212,0.5706694575014829
3213,0.504589142928141
3214,0.3957660092195809
3215,0.3776433565298374
3216,0.5356079389756876
3217,0.6400287066187618
3218,0.5336339849104644
3219,0.5006939021266931
3220,0.6361950620610711
3221,0.4274811631601384
3222,0.5661592029913343
3223,0.5152172050243655
3224,0.4845346016158611
3225,0.5340843597582979
3226,0.6214024147236976
3227,0.6024531397084179
3228,0.46179970174481333
3229,0.4565737396561978
3230,0.7515723344878615
3231,0.5439460065160446
3232,0.4739361808829552
3233,0.5030341708715207
3234,0.5538089689809663
3235,0.6062353230317842
3236,0.5304582497503083
3237,0.5285590872170635
3238,0.5139903375152318
3239,0.7437720137839117
3240,0.4951196501525737
3241,0.6583667812489576
3242,0.5658400972929661
3243,0.4061379991239474
3244,0.40669791182831583
3245,0.552314248580909
3246,0.5383894011653871
3247,0.6641150600785517
3248,0.4607497709307568
3249,0.573683268188476
3250,0.48708233610783824
3251,0.6510515854387827
3252,0.3511783653471615
3253,0.5760079015956352
3254,0.6724641856536557
3255,0.5651397536193592
3256,0.7444826840825143
3257,0.44599134878090557
3258,0.5033220682341218
3259,0.4039049444196746
3260,0.5742745091973406
3261,0.549711634019857
3262,0.5797891291880486
3263,0.4168207459004788
3264,0.7126737191122307
3265,0.40413044214439625
3266,0.5546707017844859
3267,0.4972979062212653
3268,0.5085095388094957
3269,0.5859844982042416
3270,0.5543295430007799
3271,0.6305472324512365
3272,0.526564379493715
3273,0.49355475290530204
3274,0.6245893509736651
3275,0.5827773378954634
3276,0.6966524541416557
3277,0.7125651244414477
3278,0.40974588736048895
3279,0.5788975275617138
3280,0.44238844262843424
3281,0.517144720373959
3282,0.4950134319855131
3283,0.6009570483273096
3284,0.4664471337347026
3285,0.5848802292008916
3286,0.5905931101482834
3287,0.626026938580843
3288,0.5673342578318926
3289,0.5786288996097685
3290,0.5324058390754002
3291,0.4853019382801315
3292,0.4935415485444555
3293,0.354031049675814
3294,0.4776743612228524
3295,0.4598255837210229
3296,0.42123826614135246
3297,0.5377740553807513
3298,0.6390692560920918
3299,0.6992269866820078
3300,0.4406781102432955
3301,0.42701996181352675
3302,0.5041099743107205
3303,0.49236031606349
3304,0.4120290210939247
3305,0.5970208921724706
3306,0.698197272134407
3307,0.49442283658371255
3308,0.4738125196504677
3309,0.46999688590274324
3310,0.45214880764372584
3311,0.5903156137269574
3312,0.5256158883908116
3313,0.5329443600463195
3314,0.71932755668958
3315,0.4958565485373437
3316,0.40423105389276565
3317,0.5361737835613928
3318,0.6311600537848912
3319,0.6414947484246485
3320,0.616932288160017
3321,0.5235787225769285
3322,0.38896441112728164
3323,0.5678717326648179
3324,0.4840556912435422
3325,0.5653349066062864
3326,0.5098441136740773
3327,0.5506760338592619
3328,0.6201515401221775
3329,0.5861676246137641
3330,0.4690367441790664
3331,0.5465624805317845
3332,0.6563942231461415
3333,0.3232296614288559
3334,0.5680021814927689
3335,0.6170850175925282
3336,0.5001736515521672
3337,0.5617378690390128
3338,0.4958566258420838
3339,0.518000826905256
3340,0.5187068649973916
3341,0.6802119146772663
3342,0.4227325859695702
3343,0.3877372560717812
3344,0.5547674712893788
3345,0.4955025635194748
3346,0.3942985369092172
3347,0.592741392543098
3348,0.5890757625496676
3349,0.649938055960342
3350,0.38276942366756617
3351,0.5513265211441194
3352,0.564486515113179
3353,0.5572783608232527
3354,0.7544813330902491
3355,0.3975042938547595
3356,0.49922748558757457
3357,0.5374669353031756
3358,0.4589175832232928
3359,0.46528431786756796
3360,0.5711996988449963
3361,0.6045722887440428
3362,0.4119300488689898
3363,0.5555167076772048
3364,0.5516031961241319
3365,0.3857253857600138
3366,0.3322288018057058
3367,0.4816586737167957
3368,0.5535393731526002
3369,0.3720609203542131
3370,0.6466638171628225
3371,0.4616372233722891
3372,0.49915808709346277
3373,0.5164198375738556
3374,0.5228265284055479
3375,0.6080886304207085
3376,0.3411478665074197
3377,0.38955614459412946
3378,0.4831744215900705
3379,0.5159316051372239
3380,0.5737076174667682
3381,0.7018280856036584
3382,0.41971189679319554
3383,0.483901997935961
3384,0.6241288375690515
3385,0.4876932172382896
3386,0.5520924522018136
3387,0.6870645383303667
3388,0.6433378623621008
3389,0.45629485970550554
3390,0.5955942654443256
3391,0.550431063521255
3392,0.6291707710627459
3393,0.4851374844287082
3394,0.5961753896649855
3395,0.46191507796538056
3396,0.5338395251729905
3397,0.5010973735766313
3398,0.4688262791218354
3399,0.49181735930380005
3400,0.5385377556897729
3401,0.7121697663741551
3402,0.37047198333777454
3403,0.5054558592574436
3404,0.5298004611320326
3405,0.39819407108358
3406,0.6947305966583291
3407,0.4466372561631943
3408,0.4497630942793107
3409,0.5385790195061567
3410,0.7572145986950004
3411,0.5379860400024067
3412,0.40239953075153934
3413,0.4333937240145812
3414,0.637367345165987
3415,0.37721220779992365
3416,0.7061932524463366
3417,0.49553264006192327
3418,0.4767665279979024
3419,0.6159602596593222
3420,0.45069918638678713
3421,0.5626123893145522
3422,0.4161701682991966
3423,0.6879856616006923
3424,0.5008644823482484
3425,0.5295921273157523
3426,0.4708512737646998
3427,0.5716149253001628
3428,0.4759567417412191
3429,0.7828847624995825
3430,0.49290238228718236
3431,0.49684292455211204
3432,0.4199121522760732
3433,0.34356037022828
3434,0.5716024214604432
3435,0.7618742565076635
3436,0.48337154970298607
3437,0.5627985296933884
3438,0.4074174110553741
3439,0.4692181146589771
3440,0.5007679613960466
3441,0.4313385655412723
3442,0.497763851268865
3443,0.5096494602762949
3444,0.6037042873905484
3445,0.5588736781264395
3446,0.6753530893384503
3447,0.5480343831242847
3448,0.5651538764465465
3449,0.5653372382680583
3450,0.4352154977185355
3451,0.38131555861295496
3452,0.46870620247897277
3453,0.4690520931145594
3454,0.5151999943477495
3455,0.4983921128217078
3456,0.5932878402684325
3457,0.5274930317251836
3458,0.4934865613933591
3459,0.4324785713921404
3460,0.6819726341993062
3461,0.5152991532684655
3462,0.45094076282966794
3463,0.776179157132396
3464,0.5408884156519362
3465,0.5556468203686176
3466,0.7963935532763369
3467,0.6067590906850444
3468,0.6136080199191247
3469,0.44324568771923095
3470,0.6118511611941188
3471,0.5004054353549756
3472,0.5334559767236027
3473,0.6036165294878963
3474,0.4939467057196336
3475,0.5550021924711125
3476,0.553041851534829
3477,0.5670337962623637
3478,0.5897966653777823
3479,0.7160592723921961
3480,0.6192790156384662
3481,0.533256520046385
3482,0.48785046009413513
3483,0.7403169299384507
3484,0.4567053926606527
3485,0.7319471527833903
3486,0.5130185322922165
3487,0.7402098825044758
3488,0.6051190187284832
3489,0.5998597668338724
3490,0.4152034833740876
3491,0.6073349739647854
3492,0.41092592092388947
3493,0.36542752142642
3494,0.6519581780620542
3495,0.7842396114573229
3496,0.525530261776217
3497,0.5515528935230468
3498,0.6545294418159661
3499,0.5300767619563506
3500,0.6858146885272483
3501,0.5291907825906832
3502,0.5953458437241931
3503,0.4022569661662608
3504,0.4213758119443827
3505,0.5890777837985659
3506,0.6599794466184499
3507,0.4800488538777384
3508,0.6478744426505778
3509,0.6809051868408652
3510,0.5515498973291627
3511,0.3489940864655406
3512,0.5047314225785443
3513,0.46566041693151833
3514,0.6150842789023909
3515,0.5173741169123183
3516,0.37495963097869545
3517,0.33667050322750636
3518,0.48792201516074196
3519,0.3307599485914657
3520,0.4353725243697263
3521,0.5413185245695236
3522,0.42939219094603975
3523,0.4465560534230055
3524,0.41673848532211627
3525,0.49268852716468947
3526,0.5722111961462486
3527,0.4353998661305839
3528,0.6215316599243615
3529,0.5348897248478185
3530,0.5402761946037962
3531,0.7122344438128797
3532,0.6205709299177101
3533,0.43042114798255726
3534,0.45746508507672046
3535,0.49156670188208146
3536,0.4393374195421323
3537,0.4865515768649108
3538,0.676599569991025
3539,0.5631386627485098
3540,0.48171261725587394
3541,0.5190918669488269
3542,0.5193651088446727
3543,0.6373516557353496
3544,0.4943473232367984
3545,0.7254611961749117
3546,0.8846811305812079
3547,0.4285874977409324
3548,0.6405045324554919
3549,0.6679504037740105
3550,0.5784656879887574
3551,0.41824843953434937
3552,0.7066336606774928
3553,0.4768976309725886
3554,0.604633090387455
3555,0.6006365661615043
3556,0.48971256926370393
3557,0.44147964533673767
3558,0.48328708255258124
3559,0.4530606617442845
3560,0.7141425994045851
3561,0.5004043423322828
3562,0.47383039103242897
3563,0.7305994109544802
3564,0.5287384896693222
3565,0.5378942108922747
3566,0.6009682893806934
3567,0.7374407242680306
3568,0.6131053317828542
3569,0.5595063881246487
3570,0.45867465189984413
3571,0.5638686676697823
3572,0.43205895092824775
3573,0.4271202658392537
3574,0.5066849410020687
3575,0.5488189279940974
3576,0.5384465207518948
3577,0.5867300414210308
3578,0.5608734459872211
3579,0.5414180137712792
3580,0.5232420585987881
3581,0.5995222295810568
3582,0.655486065524733
3583,0.5451837767755665
3584,0.5804500417262538
3585,0.5701679313121196
3586,0.5001449527841785
3587,0.704659573130844
3588,0.44658467452389256
3589,0.32652314993901643
3590,0.46945573492008735
3591,0.3945459389093987
3592,0.4770741146756123
3593,0.46798962963910495
3594,0.6157953406522283
3595,0.3961244052490186
3596,0.6637969066213002
3597,0.40696933000048696
3598,0.46500832400008796
3599,0.44929963885036006
3600,0.5370090833221413
3601,0.5836333235945449
3602,0.5935031826222963
3603,0.564104238612787
3604,0.49194534753862285
3605,0.5086083799272867
3606,0.5145119811387575
3607,0.5187382041611998
3608,0.6032804751381502
3609,0.6206582781605924
3610,0.6314405332684535
3611,0.4698722406189335
3612,0.8675930693937017
3613,0.4216088006702041
3614,0.5264583040099545
3615,0.48657577594693
3616,0.5105497547084926
3617,0.3377754372572172
3618,0.5311557069935591
3619,0.5468245517088389
3620,0.5286797710919016
3621,0.6297556506857722
3622,0.6488113309581731
3623,0.6090506543239774
3624,0.32845106121375567
3625,0.4425155407038788
3626,0.48628922837137123
3627,0.5050649515911834
3628,0.5206112555018373
3629,0.44409241633563545
3630,0.7094057490361658
3631,0.41418862742879814
3632,0.4704907002085419
3633,0.5578282520388608
3634,0.44492283374469066
3635,0.45466418083490096
3636,0.32461381001550726
3637,0.5752314572382392
3638,0.5236282814711737
3639,0.5675422052943278
3640,0.6447880211152898
3641,0.6320479890855065
3642,0.5962356069234833
3643,0.5167198546874289
3644,0.6023577797872672
3645,0.5606189054792424
3646,0.6458819877965979
3647,0.4420647369019679
3648,0.452112913158785
3649,0.5207648564780393
3650,0.48524010792941774
3651,0.2838682788195711
3652,0.42349380089394145
3653,0.540143271730754
3654,0.47727313773218216
3655,0.4417623015211679
3656,0.509297735337585
3657,0.4842696312581276
3658,0.634712504144957
3659,0.48778821342077927
3660,0.626494859810072
3661,0.4020439591040519
3662,0.48589070811486273
3663,0.5030498576736231
3664,0.4516431310041549
3665,0.46456597700660407
3666,0.4600724321718888
3667,0.49645677118189885
3668,0.5524242953730991
3669,0.5749361270138145
3670,0.5069750824924809
3671,0.5389663523416468
3672,0.36371422297714484
3673,0.5162753103037077
3674,0.41443183963119745
3675,0.5739461777833267
3676,0.5889201812531226
3677,0.5236328841521758
3678,0.5591532387139904
3679,0.609431246971977
3680,0.5599881247953594
3681,0.608662103081416
3682,0.4393008448745559
3683,0.48205794038873323
3684,0.5242891729463558
3685,0.5054510999891453
3686,0.43747465498661064
3687,0.7111885899591693
3688,0.48276067592232635
3689,0.5977892331751959
3690,0.45421817555404964
3691,0.5020485779241521
3692,0.573042290386906
3693,0.6455920598643567
3694,0.4801131224334513
3695,0.3735480092002076
3696,0.4269805070725288
3697,0.5517661596187184
3698,0.5313286391380313
3699,0.40637746750323317
3700,0.44202398735070614
3701,0.614147308176662
3702,0.6833565527499275
3703,0.695890601891394
3704,0.5195812627077769
3705,0.6981164853511297
3706,0.5717511407007122
3707,0.4285595571141516
3708,0.5298716614812322
3709,0.46850412219256504
3710,0.46338077339615513
3711,0.6298073946961937
3712,0.5296012941346725
3713,0.7545799497772114
3714,0.6062600135205247
3715,0.5087865550274199
3716,0.2869135524374212
3717,0.7200518632575428
3718,0.6011414194983808
3719,0.5160488338642637
3720,0.5260998228900767
3721,0.6486300652983579
3722,0.631923112311452
3723,0.4121179112028899
3724,0.6919484808097021
3725,0.4356100451920566
3726,0.6698662710826551
3727,0.5379497518901254
3728,0.46636427630925126
3729,0.5072036740025877
3730,0.8023190578285113
3731,0.5007570837306174
3732,0.6536907182137838
3733,0.5055193961093145
3734,0.4872171350149366
3735,0.6160408567228118
3736,0.552920335057903
3737,0.419783793177962
3738,0.5868229630396712
3739,0.5230506729105195
3740,0.7018870861617618
3741,0.4734580313428759
3742,0.3999950906458285
3743,0.5813904333768396
3744,0.4020733875929932
3745,0.5584051867170929
3746,0.49167813678686756
3747,0.4187994926652684
3748,0.4340501436565206
3749,0.7398452014037262
3750,0.6357528052677286
3751,0.5019211013926139
3752,0.510798226609798
3753,0.5377195825565195
3754,0.4285026427356348
3755,0.45835679700568543
3756,0.5574719979150459
3757,0.44046742239048686
3758,0.44980894892710377
3759,0.4671083978465698
3760,0.5528971956041877
3761,0.5078698924865634
3762,0.47386172656509506
3763,0.4680467481603876
3764,0.5458231715247556
3765,0.5317193520282154
3766,0.6452135454650646
3767,0.49328087014390226
3768,0.6908631490827127
3769,0.5751581650840212
3770,0.5868268427026407
3771,0.5786696304371327
3772,0.5733490408720125
3773,0.6951532377469352
3774,0.5837090547505419
3775,0.4215944556702153
3776,0.5104828213755365
3777,0.49897591186430457
3778,0.5557085599012296
3779,0.6386295783956402
3780,0.49899160552638516
3781,0.5725743221750982
3782,0.481798855389149
3783,0.4237915592866431
3784,0.47304788109818935
3785,0.6067997166757494
3786,0.5730592130879629
3787,0.6250479061045077
3788,0.7229306342017254
3789,0.5263496632543738
3790,0.6030676811481904
3791,0.5500686459573976
3792,0.46793156520504575
3793,0.4765482114302039
3794,0.5867108228562422
3795,0.3158906049610959
3796,0.6284520307333648
3797,0.5576637971491702
3798,0.4713108203322465
3799,0.5448823932617743
3800,0.3982952477052567
3801,0.6311276223200037
3802,0.46375560854032655
3803,0.5106618589869574
3804,0.49999611118076936
3805,0.5388910434234503
3806,0.4895139557216999
3807,0.48167966292355696
3808,0.6020687866877578
3809,0.7406195813947951
3810,0.5059243471091175
3811,0.5342230940847666
3812,0.5583973844750496
3813,0.505297895084331
3814,0.5708193923624076
3815,0.4974366433073415
3816,0.4283741971544101
3817,0.44347910215325326
3818,0.40106683004587884
3819,0.5513399811018679
3820,0.7260717687109983
3821,0.4854440069212964
3822,0.5224192921120393
3823,0.48358476503600467
3824,0.7009777879019248
3825,0.5752313058158334
3826,0.7430680582844248
3827,0.520818950979484
3828,0.5965554386696302
3829,0.5336235429214821
3830,0.40455487305940474
3831,0.5074548616723596
3832,0.488084228494488
3833,0.5871708470119767
3834,0.5388605945645877
3835,0.45179510236957066
3836,0.4689012888432924
3837,0.5185461833624909
3838,0.391268795685358
3839,0.5126381527174374
3840,0.5488978792257126
3841,0.4724065747121264
3842,0.527130127141068
3843,0.39444931210332945
3844,0.5673562272717748
3845,0.5853432778316044
3846,0.5158375238109917
3847,0.4978615276731587
3848,0.5043166755257346
3849,0.48422982538929715
3850,0.5579273166107765
3851,0.605370503139838
3852,0.4401692931454334
3853,0.847532836169681
3854,0.5237400551565464
3855,0.6010304871358327
3856,0.5287229143102714
3857,0.43094413800295905
3858,0.6914690494695616
3859,0.6391295316242313
3860,0.5697793840274286
3861,0.48488507829662586
3862,0.46546929396516706
3863,0.49272301190054596
3864,0.5415702423360608
3865,0.5168550746163029
3866,0.4831893342997266
3867,0.5962047580854428
3868,0.47952669916145463
3869,0.5844626114630311
3870,0.5625470857747267
3871,0.5096728672126064
3872,0.4721196921875691
3873,0.7241419054697925
3874,0.4541441713669252
3875,0.5526648731330801
3876,0.6138337502576916
3877,0.560585394565471
3878,0.42602242213762764
3879,0.467424002434817
3880,0.6721239370000989
3881,0.47382407381361263
3882,0.4937087497656877
3883,0.4883052980162533
3884,0.5571448395311507
3885,0.44189813617606166
3886,0.43504013960242033
3887,0.5260314493863377
3888,0.5678457620815662
3889,0.579751941092094
3890,0.5637443270403761
3891,0.4433358970416599
3892,0.5404939527661798
3893,0.5227035784433414
3894,0.6108133773511502
3895,0.5672273821406707
3896,0.5473008891985027
3897,0.40301693639383646
3898,0.5005060981923112
3899,0.4187254837081781
3900,0.5796213799361819
3901,0.4937312482696591
3902,0.5298955177971866
3903,0.5313946060489979
3904,0.5344246359679657
3905,0.5561182781016026
3906,0.6506961082418586
3907,0.5644764918608841
3908,0.6362485218269017
3909,0.5936771218850396
3910,0.4740306005369668
3911,0.40956960992844854
3912,0.5546971113828587
3913,0.515974829405193
3914,0.49706486485017676
3915,0.5016238012155861
3916,0.5618788710716514
3917,0.6062752007776762
3918,0.46572291298489377
3919,0.4787994724282917
3920,0.6724245239485284
3921,0.3988614302569874
3922,0.3698867929451212
3923,0.8404766561198138
3924,0.631510976885087
3925,0.4636769547519174
3926,0.3995739827411463
3927,0.4241639210811654
3928,0.5623548700840658
3929,0.5624936145218471
3930,0.5224357241297328
3931,0.3569468630869771
3932,0.4256233529222883
3933,0.5750465254988434
3934,0.9335121623897997
3935,0.6124575330894646
3936,0.4470800461811746
3937,0.361305668764034
3938,0.3374993580447264
3939,0.4761186563855637
3940,0.5076196499172916
3941,0.5038776232905494
3942,0.47402209532784134
3943,0.41877492198780775
3944,0.371629508571949
3945,0.6292421993243633
3946,0.4177910503569355
3947,0.5397908915099928
3948,0.5085595679125443
3949,0.5626282817799938
3950,0.4378768349526686
3951,0.6005784940990476
3952,0.4531362471894222
3953,0.46416074176576433
3954,0.6036132739171864
3955,0.4103393631136579
3956,0.5937952570011796
3957,0.5833593498102085
3958,0.4740932119221035
3959,0.4573868544791799
3960,0.7218838828342126
3961,0.6043304519966404
3962,0.5092811491133017
3963,0.4784046942388119
3964,0.4535349218021574
3965,0.5148359163279189
3966,0.5819831918099378
3967,0.42125631864415064
3968,0.5033259757707876
3969,0.41284040218731194
3970,0.5241562083834799
3971,0.47732108299099896
3972,0.556117424633511
3973,0.49448950275834813
3974,0.4524017993640512
3975,0.4731700496246575
3976,0.42528709494302835
3977,0.6185849142696613
3978,0.394223294694103
3979,0.6463835243490358
3980,0.49839330943894466
3981,0.5388614545470811
3982,0.5458866401613844
3983,0.48749849703413234
3984,0.5559355179756602
3985,0.4962224436560363
3986,0.5476337676454965
3987,0.43417022885441625
3988,0.508389015266137
3989,0.2564509563699681
3990,0.39450150811684315
3991,0.5720830007177385
3992,0.59151030357777
3993,0.48212938551846224
3994,0.5494459095590545
3995,0.5282291117265709
3996,0.46716323529893916
3997,0.5236871549253663
3998,0.34821140803427575
3999,0.4854408951160093
4000,0.5143432201660787
4001,0.5826938110803879
4002,0.4461074173781828
4003,0.6455693970444951
4004,0.4603605984379338
4005,0.571277787615193
4006,0.5996689411946625
4007,0.541160382893852
4008,0.43046374396762543
4009,0.6047887781268769
4010,0.544924980993712
4011,0.5878629387562467
4012,0.4576629051135732
4013,0.4704199511919242
4014,0.3789186346132365
4015,0.4795626057403968
4016,0.5717601765367719
4017,0.4799903469811852
4018,0.34904713761850636
4019,0.5404011053185743
4020,0.2838171370447839
4021,0.4536252853737453
4022,0.4696394980056181
4023,0.4764833432002793
4024,0.5041764621402645
4025,0.46956373739900026
4026,0.47445443735799364
4027,0.5311372647387989
4028,0.4977911430315793
4029,0.6236014596519216
4030,0.4016530291471407
4031,0.5656396551200473
4032,0.4785020930079178
4033,0.5706333211227814
4034,0.37973124108149514
4035,0.49428517077404704
4036,0.49430027799926024
4037,0.6704341559997253
4038,0.5055935619356113
4039,0.4981962381332948
4040,0.531331360223454
4041,0.6174624751732795
4042,0.49544914699746656
4043,0.49774726513429424
4044,0.5468901035370923
4045,0.5835224482263343
4046,0.5698213448527717
4047,0.6346892588207975
4048,0.49479017304755757
4049,0.33520298632565587
4050,0.44613995687856733
4051,0.49554803982944196
4052,0.6084530009639902
4053,0.572257599311142
4054,0.6024892348429562
4055,0.29762664947803513
4056,0.4220140645221142
4057,0.8519596528079538
4058,0.49862555876822434
4059,0.43025318316677374
4060,0.5301456869087967
4061,0.42872661347923824
4062,0.5272094520262821
4063,0.41748600633797056
4064,0.4664778164334124
4065,0.4661979500198385
4066,0.6908731219210333
4067,0.6207964776850825
4068,0.5284424914875103
4069,0.5127598411652748
4070,0.647715519928937
4071,0.4577191771891204
4072,0.4701465700252951
4073,0.4651910055682426
4074,0.5181753190781926
4075,0.5008953773241671
4076,0.536747683684173
4077,0.5934948952775663
4078,0.7238534346465588
4079,0.45305432035646137
4080,0.4018636821922409
4081,0.4943840677604926
4082,0.46322226359256413
4083,0.5955205218087115
4084,0.665253198853818
4085,0.4866682414277148
4086,0.4425379473711617
4087,0.4070149278944347
4088,0.5908208805601223
4089,0.4554028364276191
4090,0.6234854283506263
4091,0.6077152613195218
4092,0.5243011586256032
4093,0.44000164913357287
4094,0.4355971892762779
4095,0.6995641242037909
4096,0.4286529881321072
4097,0.4299255671939871
4098,0.5688262700103144
4099,0.45369698468969044
4100,0.48262898985511343
4101,0.5428115148003201
4102,0.5483799542546323
4103,0.5894490442047788
4104,0.4084333806277539
4105,0.6078818656530489
4106,0.4785208653242907
4107,0.6250920749789085
4108,0.5126748123675223
4109,0.5145744333240186
4110,0.5095665673295665
4111,0.519586208359389
4112,0.442479915751947
4113,0.8019645663200603
4114,0.5226006745506123
4115,0.5491371807835779
4116,0.6886691029226572
4117,0.5914037152830481
4118,0.5087162924820824
4119,0.5075978520168462
4120,0.6619853227753698
4121,0.5006904631790562
4122,0.39606527149916815
4123,0.3544183315412386
4124,0.7762186243241893
4125,0.28661813291937854
4126,0.49130215618050277
4127,0.48426974342862095
4128,0.5439185245902373
4129,0.44416705704210874
4130,0.6028681180401182
4131,0.5497342133836397
4132,0.7996389771452583
4133,0.460244682046859
4134,0.7591403307884207
4135,0.4105670640777214
4136,0.6129686397940599
4137,0.4745365113080906
4138,0.5037009636378748
4139,0.4504880796653249
4140,0.670817668220715
4141,0.4542245629071655
4142,0.4708406731462802
4143,0.3950432063852622
4144,0.5133707739653154
4145,0.5776992408878511
4146,0.42275597831393746
4147,0.6542242680836525
4148,0.47869954991630315
4149,0.5422166953183656
4150,0.3997873218628814
4151,0.4790452524154619
4152,0.4342863461307943
4153,0.603795971428684
4154,0.5594089209715611
4155,0.4717654192689243
4156,0.6785799994356951
4157,0.5250113618946017
4158,0.8105536852399995
4159,0.5199026995804835
4160,0.736753370471012
4161,0.3636705473582603
4162,0.583608722463252
4163,0.5033507373999021
4164,0.5774991561157243
4165,0.42729554755009996
4166,0.46950269562280345
4167,0.5620908159796855
4168,0.5616567243726058
4169,0.3951440153400156
4170,0.5684086459810529
4171,0.5069485139945378
4172,0.5476626583183142
4173,0.6235698926633746
4174,0.5366630523822695
4175,0.5106437810839819
4176,0.5258558778191647
4177,0.5373583779737318
4178,0.4702344959259833
4179,0.6359397438797485
4180,0.35763764382337687
4181,0.577556688991915
4182,0.501119412091921
4183,0.34295013271387165
4184,0.4395122756933023
4185,0.48765768305105633
4186,0.642681530366834
4187,0.3953520678182748
4188,0.51386746599165
4189,0.6772913740188933
4190,0.6216456369223035
4191,0.5219698753584425
4192,0.5435520399327487
4193,0.6098304026750849
4194,0.5358296103233344
4195,0.35340577707042503
4196,0.5425004699370986
4197,0.47809151773758296
4198,0.5093780363454883
4199,0.40082493227108384
4200,0.4871650189592907
4201,0.43661218820482894
4202,0.4251310359104102
4203,0.5453872979129588
4204,0.5232761066257569
4205,0.5727482109640126
4206,0.5701031979469864
4207,0.5987520224909446
4208,0.4981529737861972
4209,0.49473545166791183
4210,0.47425614191597054
4211,0.4927198848761305
4212,0.5166254750383855
4213,0.49466932135576935
4214,0.6188883639667259
4215,0.6871722362796764
4216,0.25205603263707865
4217,0.5059722217427325
4218,0.5647705422371118
4219,0.4931510744246575
4220,0.5172621697466473
4221,0.5371973633323283
4222,0.5671008749792177
4223,0.5712060088107304
4224,0.40212445018194765
4225,0.4752182590799938
4226,0.585914342057617
4227,0.5074222841483709
4228,0.41272472431327867
4229,0.8772131290601505
4230,0.5277652753710862
4231,0.4371730988476453
4232,0.5580551225431422
4233,0.7138052306879401
4234,0.5746047947038989
4235,0.7990282070379857
4236,0.42918975857334046
4237,0.6414918017430096
4238,0.5223348491354133
4239,0.333775158587659
4240,0.5303469898124813
4241,0.42334062058199684
4242,0.6314957700526039
4243,0.4142552160463831
4244,0.5336002126506935
4245,0.5449838296666514
4246,0.5247065813699823
4247,0.4735699888936967
4248,0.6797138674615033
4249,0.5216401726261714
4250,0.48852868106437847
4251,0.7229587431902788
4252,0.6484849876693985
4253,0.5131664345847191
4254,0.5344332281081953
4255,0.4776948956582012
4256,0.44887227705063804
4257,0.49193054183118934
4258,0.6121333790739373
4259,0.527218127710643
4260,0.48146708404929767
4261,0.418334301570518
4262,0.4726304956192504
4263,0.5995587896868562
4264,0.7288386100499852
4265,0.47626614471837325
4266,0.6776911211321845
4267,0.576558310042978
4268,0.5826430706358813
4269,0.5644082919645158
4270,0.571794702527272
4271,0.3882141220772881
4272,0.4593475247405062
4273,0.5351870040609898
4274,0.48768244927848253
4275,0.6787740475754345
4276,0.5479890251290012
4277,0.5596879899006368
4278,0.4732653643955275
4279,0.5167311920683197
4280,0.4713378797403185
4281,0.50580786943362
4282,0.5680563699900332
4283,0.3428299966254603
4284,0.434579741802879
4285,0.6499024870545638
4286,0.4378371068733557
4287,0.6512924677812342
4288,0.5842035766466871
4289,0.48964196484647043
4290,0.5652854174409035
4291,0.7371280970183252
4292,0.6646437421840521
4293,0.6259451294279683
4294,0.6229002982866899
4295,0.5891153749990922
4296,0.5511341966465153
4297,0.4624655550808836
4298,0.7005085351639723
4299,0.4210874087756487
4300,0.5714570129835147
4301,0.46422998082492284
4302,0.6465188879655542
4303,0.5402470897946694
4304,0.4522826467963399
4305,0.6559050862177946
4306,0.5065677677384633
4307,0.5497890775224592
4308,0.6380671297373861
4309,0.3678444527612165
4310,0.6391350399919653
4311,0.658161321956745
4312,0.6055787935648673
4313,0.5256332986388447
4314,0.4745786965356968
4315,0.42756742494032884
4316,0.5220509470539328
4317,0.4671645219189495
4318,0.4552534500614901
4319,0.555274196979826
4320,0.7200732148353699
4321,0.5897882738931434
4322,0.7256325090792726
4323,0.794882907308555
4324,0.4229350700209825
4325,0.5418164554620939
4326,0.5185009410543809
4327,0.3938506182233653
4328,0.5775823356487606
4329,0.5724354286982024
4330,0.49332747738492
4331,0.4514345835226183
4332,0.5482087355822097
4333,0.38393739610196564
4334,0.49019202054802385
4335,0.5604676661596235
4336,0.5419301913820441
4337,0.5632050959332895
4338,0.5169788474575404
4339,0.5234926628603335
4340,0.46045043918542294
4341,0.537995775774671
4342,0.6825187479287146
4343,0.5715060796264546
4344,0.538712571121464
4345,0.664910260910756
4346,0.41078851542365646
4347,0.49398451628511547
4348,0.49533891864242596
4349,0.7095779438984504
4350,0.3669912738124377
4351,0.5454797093614148
4352,0.46878558532459197
4353,0.5061381688772799
4354,0.5455148081710792
4355,0.46366475357511844
4356,0.5532646931107275
4357,0.5460459911045914
4358,0.5381890437928001
4359,0.6591541443615999
4360,0.5489748568001347
4361,0.679334709043518
4362,0.3347799792946473
4363,0.5216677906285175
4364,0.5100321780975443
4365,0.6874586837116176
4366,0.5909326344281439
4367,0.5144930536126645
4368,0.6883520666666771
4369,0.4712827569138903
4370,0.40140133833404823
4371,0.5868289895489914
4372,0.4772740628822086
4373,0.6443246769116098
4374,0.517723794839118
4375,0.5143621966518145
4376,0.45887070657805773
4377,0.41176379865170587
4378,0.4472473642018904
4379,0.6278122502411607
4380,0.4145128187611864
4381,0.44701779876165215
4382,0.4354485831552798
4383,0.44219324417365335
4384,0.501632002949266
4385,0.6116163754061266
4386,0.5100959221806812
4387,0.4329638627723397
4388,0.5994696459471829
4389,0.5572861927018942
4390,0.43355808414249264
4391,0.5863382124882933
4392,0.39762228342451034
4393,0.5994381664528837
4394,0.5042949854156058
4395,0.5598080121094166
4396,0.5067686544248934
4397,0.6365329026983898
4398,0.6506019202581743
4399,0.5631385880092974
4400,0.5604310281918836
4401,0.5125805451524991
4402,0.3464776748544861
4403,0.3860521419469724
4404,0.5433252399205791
4405,0.5865651029380562
4406,0.6445015990007389
4407,0.4567111356427992
4408,0.7729596480967258
4409,0.500407942176668
4410,0.5143523291604304
4411,0.4250370923754061
4412,0.4507419826611093
4413,0.5014855588125484
4414,0.5113783612925235
4415,0.49663086110555593
4416,0.5997263074342754
4417,0.49423329830272467
4418,0.49256922781405094
4419,0.6668647933898467
4420,0.5156070961584622
4421,0.5083797202085524
4422,0.46281740152453255
4423,0.44279964254782894
4424,0.49352195144979466
4425,0.41236130833789036
4426,0.47129140480337467
4427,0.4472675026400963
4428,0.5473928071099913
4429,0.4401400817090305
4430,0.455797345429365
4431,0.43232600881142724
4432,0.448813331526472
4433,0.4651386796890744
4434,0.6182493507338329
4435,0.5432236715339
4436,0.5598701570209192
4437,0.5315796340751259
4438,0.4383935944166437
4439,0.5004164855337904
4440,0.5670211080973705
4441,0.5705582644799435
4442,0.3881958264143138
4443,0.5289265014887877
4444,0.5162319503135445
4445,0.5838481233951296
4446,0.46203428078013054
4447,0.561809920030846
4448,0.38631722134713214
4449,0.5055789852642566
4450,0.45135119756203473
4451,0.4801562837577583
4452,0.525478947641802
4453,0.7358580831732867
4454,0.5293233604009384
4455,0.46721805173309583
4456,0.8905046303584079
4457,0.6111721779465283
4458,0.48063276285199236
4459,0.4499105403886864
4460,0.6106480813380457
4461,0.5303049708170574
4462,0.558631265779754
4463,0.5206380402463866
4464,0.6180783087904621
4465,0.45304494633344405
4466,0.6342040871863606
4467,0.7576661767243341
4468,0.5599316149214695
4469,0.5991344039401234
4470,0.5684609993125079
4471,0.4317872927099832
4472,0.4609073279560213
4473,0.3142952465947097
4474,0.7227068080843976
4475,0.5896733861783404
4476,0.36013707902166203
4477,0.5897421863190073
4478,0.5684702358572605
4479,0.523560664035008
4480,0.4905948602970398
4481,0.3589884768100642
4482,0.503967960237466
4483,0.549660481931741
4484,0.5436680616685401
4485,0.4420374772521275
4486,0.6118528488530058
4487,0.5800631596635033
4488,0.5640573427480564
4489,0.5102143016262688
4490,0.6592382125283021
4491,0.46135328314086305
4492,0.5895201933830281
4493,0.5023469892549902
4494,0.7127624756180256
4495,0.4966698877773199
4496,0.6043231451258922
4497,0.5950257641692953
4498,0.43509297412043074
4499,0.4379902782554125
4500,0.5259658556373394
4501,0.6845808884967729
4502,0.5084372286723834
4503,0.4903896102156488
4504,0.5006590418129385
4505,0.3576086740130876
4506,0.4189282952364922
4507,0.2635798816895191
4508,0.6317900318367237
4509,0.5190385594977873
4510,0.5522360440769873
4511,0.6073547914611412
4512,0.5466458358686563
4513,0.5051397769057894
4514,0.5128974020568996
4515,0.5796950520356486
4516,0.5889833533951211
4517,0.5783462123031164
4518,0.39242109855995233
4519,0.561468393827685
4520,0.604803495109082
4521,0.44129249324013164
4522,0.5159098038158555
4523,0.48402548650064087
4524,0.45802633983298363
4525,0.4662821416416139
4526,0.5728234376207775
4527,0.523838821741387
4528,0.4990830836532283
4529,0.6154062540719044
4530,0.5599502276911943
4531,0.5826491983614832
4532,0.3853876296522985
4533,0.38316943379209
4534,0.49544792481031136
4535,0.5407772642129102
4536,0.5688625789452749
4537,0.5308742209658289
4538,0.6078620831335902
4539,0.40657842142483347
4540,0.5652532519859028
4541,0.5514423043635185
4542,0.4867218580473768
4543,0.46490845525118424
4544,0.5235906373773964
4545,0.6415535764901281
4546,0.760522458280106
4547,0.3550976826690394
4548,0.4822522391835416
4549,0.44829955853130143
4550,0.5708224006639891
4551,0.5542577738352233
4552,0.5278779800147502
4553,0.5943108552102314
4554,0.5970656132951376
4555,0.536041129547972
4556,0.4235288455151391
4557,0.7445816414502823
4558,0.5863950514794877
4559,0.5462938006734838
4560,0.49740735802467745
4561,0.6105707920456798
4562,0.6476596759214484
4563,0.5217586288021484
4564,0.5567103698750827
4565,0.39786931944077275
4566,0.4180086191477865
4567,0.4095421910283158
4568,0.5230106486116283
4569,0.49109636772758425
4570,0.5425289904887599
4571,0.41163115567775344
4572,0.5104962268245268
4573,0.3891846009072261
4574,0.47192539397383004
4575,0.41189328860366853
4576,0.635424665011871
4577,0.5967409958541895
4578,0.5005666460547192
4579,0.41397325093768456
4580,0.6217200515763511
4581,0.5181852788135672
4582,0.5142447595648548
4583,0.32173761503447373
4584,0.38472459407668635
4585,0.5685620154149086
4586,0.6110983828703584
4587,0.489999866997446
4588,0.44293536520024995
4589,0.4972716534158439
4590,0.36535353441238494
4591,0.5379850279926752
4592,0.6323711389512159
4593,0.5438162140404517
4594,0.6903915758021452
4595,0.44979184138387607
4596,0.5431804414910174
4597,0.3885164056645815
4598,0.6539536918189873
4599,0.5505949758867331
4600,0.4507567117454904
4601,0.6023218364786017
4602,0.667888260531362
4603,0.4787701834503853
4604,0.6119382424260255
4605,0.5801207084555263
4606,0.6316617069792216
4607,0.5111166307652911
4608,0.40046492825647867
4609,0.47874328331461496
4610,0.5925092183015299
4611,0.4092928632345935
4612,0.5034675259394903
4613,0.5754377395892097
4614,0.4497144835153566
4615,0.5879819993612126
4616,0.5153451854091435
4617,0.5242768173596678
4618,0.5267928302289429
4619,0.5567736831224781
4620,0.5799858255090593
4621,0.5728117980534707
4622,0.5331940385308175
4623,0.6980559452751083
4624,0.5557421319162483
4625,0.6489482784871266
4626,0.6226187660824071
4627,0.5646729618275196
4628,0.33887703789201196
4629,0.6242747589520083
4630,0.6666517080336317
4631,0.6283209008451566
4632,0.5557086036188502
4633,0.5048152824932791
4634,0.566005790179835
4635,0.5069091381041793
4636,0.5703605735648842
4637,0.4901584873487189
4638,0.5375001737913152
4639,0.5332907418917988
4640,0.5540260833739858
4641,0.5055991071616464
4642,0.5131838188971327
4643,0.31662735957307586
4644,0.5354944508615546
4645,0.4831418427470958
4646,0.5793352841871426
4647,0.5068685421198015
4648,0.5285943267344828
4649,0.8091356235962479
4650,0.7551709086573681
4651,0.6124064710150455
4652,0.5968975663509064
4653,0.502971712728277
4654,0.831552231808032
4655,0.45275049426487135
4656,0.46000824949617325
4657,0.5529057568613693
4658,0.40949323782382574
4659,0.3863341867476774
4660,0.3791537457318056
4661,0.4563765291571522
4662,0.3617118295076197
4663,0.44119957154464406
4664,0.5734830972898733
4665,0.41170009280934977
4666,0.7034107227716704
4667,0.439556952456684
4668,0.5854678801550912
4669,0.6098123920456753
4670,0.5216815876904589
4671,0.43711143782821604
4672,0.6374639669439217
4673,0.5323683985267459
4674,0.3884525426656415
4675,0.5742609610997872
4676,0.40968585012838177
4677,0.6843246008170292
4678,0.5611288629925422
4679,0.396701153009443
4680,0.5355350122764194
4681,0.5184471810919004
4682,0.538565229052222
4683,0.58955792217976
4684,0.45331201348810046
4685,0.593903083042798
4686,0.46705559034749106
4687,0.39512610969617
4688,0.4925239562299555
4689,0.6879727161471667
4690,0.4922672395246504
4691,0.5029016332636254
4692,0.3392473305804319
4693,0.6124995952080678
4694,0.5006487758584454
4695,0.5493031664821194
4696,0.708421524575005
4697,0.6256779492565817
4698,0.49769613087960274
4699,0.49676699646170946
4700,0.5502321253442907
4701,0.6937343286357226
4702,0.5060156183431371
4703,0.46508550717602015
4704,0.4804630405973492
4705,0.7942778325708968
4706,0.5536027582419906
4707,0.6104504799052121
4708,0.6657147652307214
4709,0.587694078674932
4710,0.6001781121151061
4711,0.541910525834933
4712,0.6174898062411079
4713,0.4742963109845608
4714,0.5152909196221404
4715,0.5150840863685161
4716,0.8450092529097921
4717,0.528238298556533
4718,0.5607554687002467
4719,0.41485615888691185
4720,0.4118411994556957
4721,0.5229860024618127
4722,0.6164453546587432
4723,0.6097442872110225
4724,0.7352096715659885
4725,0.6063655476025969
4726,0.6151509341087248
4727,0.4460423252519613
4728,0.44026153548989355
4729,0.518980881522486
4730,0.5724882571391672
4731,0.528115260793551
4732,0.49308727126020024
4733,0.6362482311568598
4734,0.3876006685132599
4735,0.480527952217432
4736,0.436032444491527
4737,0.48356871706195925
4738,0.7462392309575911
4739,0.45307113879677446
4740,0.5876783362419052
4741,0.48713283557213705
4742,0.4609373321768336
4743,0.5760607035845728
4744,0.5895021883737157
4745,0.3955711194619126
4746,0.5006363722522472
4747,0.5539756807230244
4748,0.5396437270920253
4749,0.5993228761280507
4750,0.522636966330026
4751,0.43862355283385246
4752,0.5557228574942389
4753,0.46199512731725567
4754,0.5858081376090712
4755,0.49853499878753305
4756,0.5431809585640865
4757,0.5919069076163411
4758,0.38250859676850213
4759,0.664268344633351
4760,0.3402802658922951
4761,0.48721537580106317
4762,0.7074984526487461
4763,0.6820892037100534
4764,0.469358129555876
4765,0.8064344914348339
4766,0.4018464857275864
4767,0.29656312063645496
4768,0.5730504585656929
4769,0.312879421269321
4770,0.38127160098715057
4771,0.5143359124282969
4772,0.4623898226599894
4773,0.5585498373487569
4774,0.4750611274066039
4775,0.6439697965536779
4776,0.42518133920965206
4777,0.5542103159899997
4778,0.5633543112835486
4779,0.770617105550422
4780,0.41685180226076957
4781,0.6977314730113445
4782,0.46024319342107023
4783,0.3921457950557272
4784,0.4980848444247302
4785,0.5988798812701199
4786,0.5593065901012332
4787,0.6829641419868808
4788,0.6751433960804806
4789,0.4958726762531539
4790,0.6616099146297892
4791,0.4702700008342209
4792,0.524654357088073
4793,0.5434140716472499
4794,0.5406459341838907
4795,0.7193400554684817
4796,0.47427877437752947
4797,0.5080750129151601
4798,0.45278591585861605
4799,0.6176884088721382
4800,0.5513256428263392
4801,0.6332668584581689
4802,0.42369280011210475
4803,0.5828768314883495
4804,0.5175207141644055
4805,0.7514222102880164
4806,0.6361526436286724
4807,0.5365392593232146
4808,0.4691266893913286
4809,0.5150850347558956
4810,0.5287905643712066
4811,0.3220985624544997
4812,0.3584771677664873
4813,0.3929996018537093
4814,0.5590502492170276
4815,0.6123284136110787
4816,0.41788514965175
4817,0.45619843474713706
4818,0.5658271565401463
4819,0.6620135751720425
4820,0.4325095925088049
4821,0.5361114417472542
4822,0.5290803323910638
4823,0.6699571213173279
4824,0.5620631772229234
4825,0.4939744319324289
4826,0.5915409169942087
4827,0.5386810864144664
4828,0.5132460738354045
4829,0.4092620710516602
4830,0.46251166780875264
4831,0.5311904877590584
4832,0.6802054408168055
4833,0.47358785854421037
4834,0.4659964851803212
4835,0.4711952817335619
4836,0.46671365571466167
4837,0.44894936815718545
4838,0.5538216574232574
4839,0.5227865521630751
4840,0.39176028317067546
4841,0.571431365116059
4842,0.5716551375893129
4843,0.574470805372142
4844,0.5727523473948866
4845,0.4493797752398991
4846,0.5575696440210076
4847,0.6499844427697808
4848,0.5082794577156552
4849,0.6234566231747798
4850,0.44794182280848216
4851,0.5150675390492072
4852,0.5028102112768773
4853,0.7341813168062359
4854,0.5466164454723474
4855,0.507773267504041
4856,0.46518651225667496
4857,0.45396808620832063
4858,0.5740388776431721
4859,0.6688148748926074
4860,0.5359709751230157
4861,0.2646558366825427
4862,0.5596977138809769
4863,0.5488991048223325
4864,0.6059033580396654
4865,0.3418491138670653
4866,0.5488226633038612
4867,0.546176377284023
4868,0.42926936539639254
4869,0.33104644669694616
4870,0.5869573827366328
4871,0.533694281290948
4872,0.7420431565503008
4873,0.5875729803188829
4874,0.5333094465934775
4875,0.4871625059779516
4876,0.6911660775248151
4877,0.39915627812398635
4878,0.5350423689929419
4879,0.5079095330407273
4880,0.5534985648210489
4881,0.6073929182100896
4882,0.7033582530380084
4883,0.5833886681172057
4884,0.38056384183249503
4885,0.34438709805163337
4886,0.5562997491954662
4887,0.5167119324194549
4888,0.5978642122534781
4889,0.5813343530607299
4890,0.4938970345200994
4891,0.5357064573799802
4892,0.42287091019065925
4893,0.558321226762421
4894,0.5553566509959554
4895,0.5564164759948776
4896,0.5583905505585803
4897,0.38079351918735227
4898,0.5157093426234423
4899,0.4966482120778237
4900,0.5012325600690548
4901,0.49215616139680535
4902,0.7000546986524937
4903,0.600139357601852
4904,0.3780505209571463
4905,0.5439541210555149
4906,0.4966172618949397
4907,0.5988711407304476
4908,0.5882193011034971
4909,0.5060124217201928
4910,0.490175545417498
4911,0.46393921791104903
4912,0.40348649265760916
4913,0.4900309572174475
4914,0.5109201702247549
4915,0.646634346249099
4916,0.4764847365735137
4917,0.563606924304262
4918,0.7953659064402595
4919,0.44664530012363385
4920,0.6172389315843195
4921,0.65537823522887
4922,0.5660288394301081
4923,0.4793091069790112
4924,0.4446478065527888
4925,0.5934115470878211
4926,0.3627318675072679
4927,0.6098980819749005
4928,0.47154729940676393
4929,0.5334687142240895
4930,0.4704167792927381
4931,0.7731487309295207
4932,0.5600246334870738
4933,0.4984260724924595
4934,0.46528752798349987
4935,0.49920489674821455
4936,0.5452672366785067
4937,0.40390232816090466
4938,0.5997980909795293
4939,0.5522070942425045
4940,0.5803348282482886
4941,0.47716257429480663
4942,0.5427620435839063
4943,0.5842769996789257
4944,0.5685632430931423
4945,0.6400690155265201
4946,0.6179819356619611
4947,0.44993357472081086
4948,0.44608573900454895
4949,0.4401404887843593
4950,0.5595230285973276
4951,0.4435118139402525
4952,0.5098282797844345
4953,0.4093568459449094
4954,0.5581533316947699
4955,0.4859044470880115
4956,0.4089725516539179
4957,0.42314883242114415
4958,0.3971616744832991
4959,0.46232879672638544
4960,0.43889175006046843
4961,0.4884234996145194
4962,0.5092776869225031
4963,0.556897756533923
4964,0.6036836558780692
4965,0.39959228710095585
4966,0.4133577448779697
4967,0.6837397751065312
4968,0.4579195867603146
4969,0.6857238751638722
4970,0.3810648154787291
4971,0.4962106691861866
4972,0.48929390591548483
4973,0.49619835115010463
4974,0.5792997691420417
4975,0.6555301800544251
4976,0.43512390283117297
4977,0.74706497330231
4978,0.5772952628303976
4979,0.4384030685109602
4980,0.5619734231551352
4981,0.5831958689391761
4982,0.4665434427268785
4983,0.49894884138478174
4984,0.46144646273030887
4985,0.4040313657804052
4986,0.5243475429843818
4987,0.43439317986049075
4988,0.6446016180481251
4989,0.3889175648290703
4990,0.5293601404809386
4991,0.5982879262878282
4992,0.5334479784718491
4993,0.48493210275099163
4994,0.4952445844265019
4995,0.642608889128543
4996,0.505852034951193
4997,0.44444925233904065
4998,0.5118986883911703
4999,0.566059975025849
5000,0.49719786122503995
5001,0.5007189393860738
5002,0.4627121611078152
5003,0.5078646561066422
5004,0.6027090909306041
5005,0.5154392180081262
5006,0.40646024151800286
5007,0.49829438933697434
5008,0.6892988961813393
5009,0.7074398132808866
5010,0.4517163559425946
5011,0.46373695902040235
5012,0.5753079403200996
5013,0.5075465675400068
5014,0.5100675815389875
5015,0.5118145267000139
5016,0.4796091702624285
5017,0.6329668122181786
5018,0.4798569190022105
5019,0.5020219502501003
5020,0.41432461531566656
5021,0.6518607540512186
5022,0.4364517042811999
5023,0.6450622821367731
5024,0.4161791418553515
5025,0.44097836796433926
5026,0.5109164445224207
5027,0.5970007347837252
5028,0.5889706549441092
5029,0.3842185810194778
5030,0.5810635599689252
5031,0.4410181094549329
5032,0.49803782522737905
5033,0.605833991964486
5034,0.5293168849288586
5035,0.5940190962851063
5036,0.5109074318832857
5037,0.451991810918181
5038,0.43363581446310795
5039,0.6616739111077847
5040,0.7709504948932245
5041,0.5359976780369432
5042,0.6264250878918323
5043,0.4481073153460327
5044,0.3693728458097843
5045,0.5227183843530785
5046,0.5755515373302929
5047,0.5303588033454022
5048,0.4769789314031508
5049,0.4531728785633381
5050,0.5961135060687596
5051,0.5638877099697498
5052,0.4298513910255933
5053,0.5627831766129562
5054,0.44703447658720813
5055,0.46532388920057427
5056,0.44430068622013213
5057,0.5483554213017745
5058,0.46901137073987914
5059,0.6938056826604624
5060,0.5201416923843178
5061,0.4918742214066863
5062,0.6882376102353744
5063,0.5163589883981985
5064,0.4680405016942617
5065,0.46808812369011815
5066,0.3654888019489072
5067,0.49249810069832045
5068,0.6215877740065548
5069,0.33569278432663824
5070,0.42364054813393714
5071,0.46663618933065965
5072,0.4631055569651832
5073,0.6120238690864749
5074,0.4827261029267494
5075,0.573045794819919
5076,0.5951112772062319
5077,0.44825465603413556
5078,0.44248118626078603
5079,0.5363626430694766
5080,0.5393791280397688
5081,0.5422836205407092
5082,0.4723080323571184
5083,0.5394645982683071
5084,0.5147612662775713
5085,0.6449692666410191
5086,0.5399903062262272
5087,0.4586605763010591
5088,0.5157774763041048
5089,0.638094330819098
5090,0.43879855663912876
5091,0.43316733908811894
5092,0.502327619447456
5093,0.394072855250016
5094,0.5388309783505203
5095,0.5509321506358092
5096,0.6606033625196901
5097,0.4582814760837954
5098,0.5973810739900189
5099,0.478549866094243
5100,0.35813593891971485
5101,0.5328454942544965
5102,0.4968479511085085
5103,0.6720069516509709
5104,0.47830291675834846
5105,0.5220823002229039
5106,0.543196883206533
5107,0.3938931793417971
5108,0.47347230404941204
5109,0.7211648141081762
5110,0.47793694470525966
5111,0.5780544165643792
5112,0.6790670147059888
5113,0.506007045266425
5114,0.3448207573759492
5115,0.44522895328301143
5116,0.6198233305833362
5117,0.5941797767546018
5118,0.41633211164479683
5119,0.4544999132168742
5120,0.3676773193760706
5121,0.450730599109021
5122,0.5439504772739437
5123,0.7834570047024967
5124,0.5902802398973334
5125,0.4711031870518572
5126,0.48253905045646955
5127,0.6617090902239431
5128,0.7667645071836864
5129,0.5334349026330162
5130,0.5912946815309158
5131,0.43393871164259634
5132,0.5153167610505085
5133,0.5990436909920863
5134,0.37458029746872634
5135,0.4669893347944037
5136,0.45654769970196485
5137,0.43015594633777554
5138,0.3645310581601598
5139,0.37318385405234045
5140,0.6470955446651588
5141,0.5268394910442704
5142,0.5249677060887576
5143,0.5301566412178254
5144,0.7008749235834729
5145,0.49524463618122294
5146,0.4587733294297527
5147,0.46067683753214517
5148,0.7018091881958659
5149,0.4562620308182262
5150,0.5573107078405245
5151,0.4632212681308179
5152,0.6822003131735351
5153,0.6323489833912126
5154,0.5046514570436547
5155,0.45758210870921767
5156,0.7302549613238914
5157,0.6653973567103229
5158,0.4573976397719359
5159,0.49568587233807887
5160,0.34028939589773605
5161,0.5942391306466133
5162,0.5983170490197005
5163,0.3684559803335176
5164,0.6920852840295688
5165,0.4549725168988572
5166,0.5459473797525028
5167,0.38283719255256776
5168,0.5010490786190879
5169,0.5080634138396812
5170,0.47890148934225774
5171,0.5327024446919969
5172,0.6482754089407143
5173,0.44123226377553376
5174,0.46706336095712137
5175,0.5390979368785355
5176,0.45112333351517214
5177,0.37702714782184465
5178,0.6729441328859362
5179,0.49659050353281686
5180,0.5443942883945335
5181,0.579549932453993
5182,0.5496503687086459
5183,0.5668123504373503
5184,0.503263370488208
5185,0.5952698733495634
5186,0.5663958687477895
5187,0.4313155360313585
5188,0.5839708396222546
5189,0.3777253378269186
5190,0.5016085659074005
5191,0.3929140472294793
5192,0.48383283397569343
5193,0.47087648313021274
5194,0.44851598615810706
5195,0.4865339322982637
5196,0.5092344892448696
5197,0.5146798167889692
5198,0.6410987169332207
5199,0.8093795387145454
5200,0.5221084466397147
5201,0.5465946469888382
5202,0.6109850508201969
5203,0.6226162074821264
5204,0.6491546083397536
5205,0.5811645005614179
5206,0.5586723387107327
5207,0.5496185744290873
5208,0.5662398449325207
5209,0.3893714116264079
5210,0.49818256330867183
5211,0.542721342524068
5212,0.34232299049358506
5213,0.45152811371114787
5214,0.472240871556748
5215,0.5354433246134974
5216,0.415836480090842
5217,0.9516571706223598
5218,0.3096235445804677
5219,0.666361214078699
5220,0.4924411125497712
5221,0.5537042521028825
5222,0.5676029869829746
5223,0.5230701569561901
5224,0.5088783897848753
5225,0.5877655407770003
5226,0.6545185323251439
5227,0.6335982196679211
5228,0.5447599196507116
5229,0.4923408122762164
5230,0.7180452112192129
5231,0.5207105405894765
5232,0.5761577923794627
5233,0.4795852267889062
5234,0.4919875974465945
5235,0.5483387267911778
5236,0.4017571324137783
5237,0.521001749290489
5238,0.5240066350439275
5239,0.4741462957864213
5240,0.45550612903038745
5241,0.6428260211034486
5242,0.7327578236405994
5243,0.5713216317778351
5244,0.42716542619508086
5245,0.5339534401945611
5246,0.5220232142091409
5247,0.44174845066608276
5248,0.5486210911888045
5249,0.5866070201782096
5250,0.4968894510735058
5251,0.57744855076426
5252,0.48274154808475983
5253,0.47051974055113993
5254,0.6447812318076649
5255,0.4473974268740742
5256,0.4828486157149991
5257,0.3969258684711583
5258,0.44071406318004736
5259,0.5925894167979758
5260,0.46557303954856694
5261,0.7592037193584946
5262,0.5030588165934243
5263,0.6895554203335742
5264,0.4036130616409848
5265,0.6072582256655171
5266,0.6611341337742838
5267,0.603730169460384
5268,0.7783189370602566
5269,0.439160545370218
5270,0.6053686367586562
5271,0.522563139667588
5272,0.48716690610488794
5273,0.4971170082511934
5274,0.42988991471242566
5275,0.4489932671780462
5276,0.4854079312787676
5277,0.5218574354442929
5278,0.6108314505240993
5279,0.4475091212996065
5280,0.38803945668125517
5281,0.5811049176323113
5282,0.42185201780743004
5283,0.4110608114509706
5284,0.5327410333071066
5285,0.5307287889264202
5286,0.5365707500121671
5287,0.5921189649256705
5288,0.4400431495374223
5289,0.6961170183487901
5290,0.48417624874805915
5291,0.4620504941215552
5292,0.5561300980532982
5293,0.4838526738976254
5294,0.4846716625927167
5295,0.6826612839167387
5296,0.3921964554392644
5297,0.4485104673781074
5298,0.6234467628590195
5299,0.6357886284710329
5300,0.5514381263998503
5301,0.878548257830302
5302,0.5795035520301363
5303,0.30813601946688474
5304,0.4241430661560873
5305,0.524971790526335
5306,0.41709192888948426
5307,0.5061766630798821
5308,0.5087023538974672
5309,0.4416692523768194
5310,0.45773279238041426
5311,0.689250932187762
5312,0.3794780844598803
5313,0.546009717031823
5314,0.4748887862585648
5315,0.48808032180469807
5316,0.469890221417796
5317,0.49839760625767293
5318,0.47860378286081506
5319,0.4193098911752892
5320,0.7537932129911828
5321,0.38921649884880105
5322,0.4220505165658649
5323,0.47856047061888407
5324,0.5022219954819488
5325,0.6584760173392835
5326,0.45042301185968925
5327,0.5072505634715361
5328,0.5182193421683097
5329,0.5415359511591661
5330,0.605846585724201
5331,0.5200198932377138
5332,0.5583022585816604
5333,0.5068916584667011
5334,0.5819593054212784
5335,0.5017030385296303
5336,0.5033586397164879
5337,0.7055819637203857
5338,0.458670962991762
5339,0.7696873863397882
5340,0.42716646768337924
5341,0.43333951817741123
5342,0.5368699875088386
5343,0.5022055692573746
5344,0.5982202528576593
5345,0.578453168020245
5346,0.48610371203336555
5347,0.5301432513923199
5348,0.4809269277922247
5349,0.4256243049695244
5350,0.4845186296862462
5351,0.581835775919938
5352,0.5328740163782882
5353,0.5318474223822859
5354,0.4697218541593153
5355,0.6539005574190976
5356,0.74981074399852
5357,0.5181319657835395
5358,0.7470647348838665
5359,0.628446983725741
5360,0.7169846842180874
5361,0.6539619841233857
5362,0.5011864895195469
5363,0.5736182353908237
5364,0.5270471876629117
5365,0.5418946801025416
5366,0.6997895289299723
5367,0.6004226806141711
5368,0.5582420718322849
5369,0.4939703688619204
5370,0.5082800593061706
5371,0.4915227341067779
5372,0.604382401746896
5373,0.5880503930465746
5374,0.465553875398213
5375,0.6127255832231855
5376,0.6275730226062654
5377,0.5263078726570942
5378,0.5573124600535825
5379,0.5193990631243796
5380,0.5514813030596338
5381,0.4401496607752987
5382,0.5169275387456667
5383,0.43448416942019064
5384,0.6922737906732893
5385,0.5410478554905097
5386,0.8121992498973849
5387,0.4698251973088149
5388,0.49838190661963316
5389,0.48773123154932063
5390,0.5582114629897785
5391,0.37734030925190815
5392,0.5657161757421695
5393,0.4661535655451855
5394,0.47263259254368123
5395,0.4308952080351635
5396,0.4848391452128909
5397,0.4793343086301832
5398,0.4015378890192792
5399,0.5472494597517007
5400,0.4774427934593888
5401,0.5987206381480857
5402,0.500589722615958
5403,0.54009769299827
5404,0.4642027579011766
5405,0.6120182907278626
5406,0.6455792864139764
5407,0.5948831922568185
5408,0.5168257472177179
5409,0.5608812967587027
5410,0.5265649212573223
5411,0.5781538772062035
5412,0.49974124837145967
5413,0.4481808682193806
5414,0.6678227883122344
5415,0.3852935824857729
5416,0.5331795321980023
5417,0.5639419535023457
5418,0.3700207049226307
5419,0.4693872940796677
5420,0.49995271462532304
5421,0.46013857735572783
5422,0.6671579656935173
5423,0.5259348277401255
5424,0.3508623191373904
5425,0.561186234406172
5426,0.5771601038817796
5427,0.5200949598978335
5428,0.6928112643059237
5429,0.3799997845414786
5430,0.5185208211899501
5431,0.6901673316222436
5432,0.523901219585625
5433,0.5527183128495564
5434,0.44067505778510174
5435,0.7119994200419641
5436,0.4423118671756432
5437,0.5975769260863844
5438,0.48458221285138653
5439,0.5092631487771443
5440,0.5473781718567652
5441,0.4712338479319169
5442,0.7220373517391299
5443,0.5498871382660317
5444,0.5654742876239238
5445,0.2699826047551965
5446,0.490826476195798
5447,0.5673030013568435
5448,0.6677030110889669
5449,0.6878173785716499
5450,0.6069402611558765
5451,0.5174340854152966
5452,0.4816982342808933
5453,0.4820831099771133
5454,0.5394490343669073
5455,0.6680651778806923
5456,0.6265373544017907
5457,0.4470816251942051
5458,0.6460073896992066
5459,0.5931430599984052
5460,0.5368452265924323
5461,0.46539640105755287
5462,0.487124867793222
5463,0.5275394092812921
5464,0.4612486208008605
5465,0.3502214177867399
5466,0.6356629568790921
5467,0.44590869799091926
5468,0.4241001499958851
5469,0.3909858998545558
5470,0.6923389736202289
5471,0.5917643797102873
5472,0.4820731624049675
5473,0.5620322018418092
5474,0.4861799812395628
5475,0.4706207435819873
5476,0.31269269685178624
5477,0.44119583265276335
5478,0.3968511386936242
5479,0.651034081555675
5480,0.5730454953560589
5481,0.7335533647930752
5482,0.3434254604892104
5483,0.47932257824396485
5484,0.5136636248761742
5485,0.5887994876073747
5486,0.5609155998891809
5487,0.8013615717379443
5488,0.6001397137455323
5489,0.48928664878991956
5490,0.49151583766030793
5491,0.5233961006786794
5492,0.48752872429087285
5493,0.6021415295095237
5494,0.7266505358676558
5495,0.5612568984302367
5496,0.4701661469902021
5497,0.40839753459364647
5498,0.6127994259039149
5499,0.5628782745408277
5500,0.6239101855765283
5501,0.6470466300011896
5502,0.49298199435214646
5503,0.5479404888288151
5504,0.3690137639960155
5505,0.4314902647142249
5506,0.478961130903128
5507,0.732458025380314
5508,0.45351351490064734
5509,0.5757584359243513
5510,0.5050599898879066
5511,0.6571294753378295
5512,0.698562004224687
5513,0.787017788017508
5514,0.6036350230217978
5515,0.6568493892562713
5516,0.5404488383712927
5517,0.4442145333365463
5518,0.7006301196694555
5519,0.5575160276735617
5520,0.4340573315127134
5521,0.5193866509483785
5522,0.5752522717352851
5523,0.45895522287395196
5524,0.5054089278906455
5525,0.6320843409207538
5526,0.6544676698836983
5527,0.7233223939025686
5528,0.6524590239739141
5529,0.4678297670073897
5530,0.3444950854521587
5531,0.6107763768667749
5532,0.5363162225028921
5533,0.48007906054039573
5534,0.48544051056482407
5535,0.6431701788082692
5536,0.5557224136787863
5537,0.4100472311557749
5538,0.3375307166367255
5539,0.6736299068784793
5540,0.6073086247574857
5541,0.5655531528676869
5542,0.6014950045179567
5543,0.5739788011245698
5544,0.5378536081353961
5545,0.4522849204240679
5546,0.49305682195258566
5547,0.5491644161234989
5548,0.5631380560464471
5549,0.43293992207595416
5550,0.39940324701310853
5551,0.5490784240376715
5552,0.6930974292345881
5553,0.6966542456126275
5554,0.5425176400257751
5555,0.43903765800405914
5556,0.3585083693558235
5557,0.5921904286982458
5558,0.48970317264850166
5559,0.589582279445852
5560,0.42683247985589795
5561,0.5083951346702555
5562,0.6835627098574631
5563,0.684916790928864
5564,0.4543541432452498
5565,0.642832014527208
5566,0.43125276422274095
5567,0.5081246015622087
5568,0.4879007421914167
5569,0.43989805936698395
5570,0.5067984495443096
5571,0.5414831999180331
5572,0.5630225084377528
5573,0.5501192167186818
5574,0.48563804627065227
5575,0.4393384430172954
5576,0.4610399515880308
5577,0.5878488032760981
5578,0.4990868337626242
5579,0.4959331877352543
5580,0.5171135543826
5581,0.47740592419832995
5582,0.5807131216823099
5583,0.5984123081806254
5584,0.5430190048423738
5585,0.2782874645320808
5586,0.5472426882867156
5587,0.5501794570761084
5588,0.4480467529442578
5589,0.6507097715671002
5590,0.6797798885465485
5591,0.407784006588406
5592,0.5314495146114429
5593,0.7953438639321757
5594,0.40276705441743543
5595,0.490876590774653
5596,0.492873503006246
5597,0.6877388562863547
5598,0.5853178104594708
5599,0.5376845389421754
5600,0.5405846628712025
5601,0.4203635057339776
5602,0.6739801713797349
5603,0.5585708455894322
5604,0.5080406390812772
5605,0.5234453573957577
5606,0.5385231739757522
5607,0.5026809102501194
5608,0.5371943717713809
5609,0.5984860739510418
5610,0.6012277232543324
5611,0.38753144237490056
5612,0.5536988278845658
5613,0.6285441570026553
5614,0.437353784303273
5615,0.4232766101165717
5616,0.5541863433517512
5617,0.5956053625171833
5618,0.5882583076424128
5619,0.5643599245825953
5620,0.3676808311330122
5621,0.6100971764554006
5622,0.4792527774573359
5623,0.49136179470445984
5624,0.4017186097818965
5625,0.47129154219247543
5626,0.5762512285514048
5627,0.46210171114180526
5628,0.5500525543797538
5629,0.47882234361392684
5630,0.4709039702057897
5631,0.5299015825086734
5632,0.6469298926046525
5633,0.61506125763115
5634,0.5099303602852018
5635,0.47242823112714016
5636,0.5065219990250144
5637,0.6086655651489404
5638,0.4009080335624709
5639,0.574129053324876
5640,0.634852270147828
5641,0.4992402649840357
5642,0.5114825229266435
5643,0.652272779867712
5644,0.4227638824007223
5645,0.5649430078765171
5646,0.35629314432472237
5647,0.5060741356372314
5648,0.7072805261146835
5649,0.5454362903552993
5650,0.4530376792121019
5651,0.7505445899674693
5652,0.4923912484503005
5653,0.46966284978711953
5654,0.49545406764538735
5655,0.4503808629531165
5656,0.39999794636898983
5657,0.6683655692564316
5658,0.48116353474034285
5659,0.36886976009332967
5660,0.5174823224623236
5661,0.43816523661337514
5662,0.5992556126514567
5663,0.6759053099340223
5664,0.5211386005070594
5665,0.5865846782832692
5666,0.5491883730500958
5667,0.7224715950827404
5668,0.5433595950520436
5669,0.6451085768108944
5670,0.41411041815140215
5671,0.4938007449441094
5672,0.6367462348272832
5673,0.3875167985162313
5674,0.6165324482474769
5675,0.5262138175256801
5676,0.48063624153767515
5677,0.4430318750889384
5678,0.5277210780626649
5679,0.5194489457679051
5680,0.6509209558270713
5681,0.7412096339558982
5682,0.5293651090456478
5683,0.48349265841488026
5684,0.577649924118485
5685,0.5201885321800407
5686,0.35257671178944894
5687,0.6547816650886144
5688,0.5074060544980462
5689,0.3748571257077804
5690,0.45863260110843707
5691,0.5226612504364823
5692,0.5713240169096166
5693,0.5242723734924261
5694,0.650228985055789
5695,0.4424567938902231
5696,0.5591366057240204
5697,0.5271374393256716
5698,0.7716722288614244
5699,0.4446900095921892
5700,0.5067716368623076
5701,0.6182932211742531
5702,0.6182690477258749
5703,0.591816522775718
5704,0.35216864070882037
5705,0.6228357046490167
5706,0.4805929975919386
5707,0.5276619378425652
5708,0.5124470785594945
5709,0.7394985074108444
5710,0.5355895882410435
5711,0.6491827355399211
5712,0.5937502751638135
5713,0.6222277021962601
5714,0.4403922860727436
5715,0.6141833513814274
5716,0.5565639078784277
5717,0.4983747750324638
5718,0.6284630257340709
5719,0.44617042052748834
5720,0.5803916656890061
5721,0.3768750833887772
5722,0.6710871623025263
5723,0.5076116033931269
5724,0.46213600364811624
5725,0.6662692160012793
5726,0.6916605028228822
5727,0.3914251493307099
5728,0.6058377530413598
5729,0.6870669900102059
5730,0.6947222102873064
5731,0.6001331082752568
5732,0.40866227453221754
5733,0.6154710884244907
5734,0.5456964389827437
5735,0.5214803166294113
5736,0.5307791002447868
5737,0.5604323883582123
5738,0.4486596206742474
5739,0.440415983173318
5740,0.5867753540735875
5741,0.40934465878629855
5742,0.8647427469751634
5743,0.45632736468331053
5744,0.4324305480371111
5745,0.6117926914885896
5746,0.654676445422381
5747,0.48165445227296244
5748,0.46356562491385783
5749,0.43997973472749013
5750,0.4231723646052048
5751,0.4638675901332985
5752,0.4902460067030455
5753,0.4901448588785462
5754,0.5614581135149839
5755,0.6190565171064362
5756,0.5211555522391408
5757,0.40874767781622123
5758,0.628654783164603
5759,0.44616154852101253
5760,0.5792480527468888
5761,0.4594568247427464
5762,0.6288577436321285
5763,0.5421599900522609
5764,0.49577940676350385
5765,0.6712854523837999
5766,0.42293275435968103
5767,0.5454397757816687
5768,0.3582656122988608
5769,0.4079300738599335
5770,0.3707550663385961
5771,0.5088706570629415
5772,0.5721468648116997
5773,0.4788061984540524
5774,0.6080409476351187
5775,0.6641338511603098
5776,0.4936965274633835
5777,0.47048357749101566
5778,0.6575438390064698
5779,0.6304956188290367
5780,0.4133888363747523
5781,0.5520068582761276
5782,0.3964052561358306
5783,0.4863587009403044
5784,0.5142555254119083
5785,0.47927425377561167
5786,0.4467988585168911
5787,0.47435628866916185
5788,0.5061087726381053
5789,0.5608935940547747
5790,0.7240541878933074
5791,0.5924655173640244
5792,0.47315578711988127
5793,0.4822305551005321
5794,0.39596844185021207
5795,0.6643233293051181
5796,0.5319126398129345
5797,0.5841881565385784
5798,0.4823896828240434
5799,0.6422261251176999
5800,0.5159763902879805
5801,0.48644207460754374
5802,0.6216842122718271
5803,0.38550708260936206
5804,0.5036275319595538
5805,0.7990102019172424
5806,0.7326188382231686
5807,0.4775538037411548
5808,0.27467154364666874
5809,0.4893056868886092
5810,0.48685999751220854
5811,0.4745272254697854
5812,0.576885344250615
5813,0.5473270231171062
5814,0.5239288911192871
5815,0.5290807654918016
5816,0.5256751265520552
5817,0.4853562022932185
5818,0.5576370145013569
5819,0.4700727036601855
5820,0.39232434404154354
5821,0.7644685488364326
5822,0.40470255467616567
5823,0.5459252142770911
5824,0.5673598236100517
5825,0.5121701712399056
5826,0.5088372199477178
5827,0.6231612301952656
5828,0.494849820781267
5829,0.48514519959842456
5830,0.523314557469825
5831,0.4845394925123673
5832,0.3224729271403358
5833,0.5928750581353353
5834,0.7632305315566692
5835,0.3221668017880748
5836,0.4756419890581294
5837,0.5046300669911533
5838,0.6059061105710829
5839,0.4146536655800351
5840,0.47877300631421904
5841,0.4999266848896855
5842,0.5565609849447264
5843,0.46683594331738826
5844,0.5861019803803229
5845,0.4658865650742204
5846,0.4843833006247412
5847,0.5860291389264832
5848,0.4562511746828085
5849,0.5380511597923735
5850,0.5132668650179905
5851,0.6038800103495494
5852,0.5478867261835478
5853,0.4527994181460733
5854,0.6617448201683253
5855,0.42353481521308567
5856,0.3488816830011998
5857,0.6924700629766167
5858,0.5066607535608533
5859,0.5595278887466656
5860,0.37662770736270235
5861,0.37066700764087906
5862,0.41443098761944297
5863,0.48525204758498364
5864,0.43666264592092613
5865,0.5456846037220179
5866,0.4884532826053587
5867,0.7580165992197638
5868,0.640542548141781
5869,0.44871613112252096
5870,0.5428595886288093
5871,0.505061458280643
5872,0.4662052138938135
5873,0.506722494954558
5874,0.49038828721475786
5875,0.4505429351729959
5876,0.5698314517645672
5877,0.7182790579518218
5878,0.4579951511863598
5879,0.542124477746657
5880,0.5445111417585045
5881,0.563359806466083
5882,0.4250607606730556
5883,0.5952487582512059
5884,0.6634592888288995
5885,0.48865209018364936
5886,0.45073785804781774
5887,0.46005723800343634
5888,0.48878995683440774
5889,0.46822714450212355
5890,0.6123534507735898
5891,0.4775027236661881
5892,0.46237485669238493
5893,0.564574180222436
5894,0.472732821216668
5895,0.2746933370490126
5896,0.6206652903906946
5897,0.5793283987710854
5898,0.4395835380922345
5899,0.4220667112146803
5900,0.5509948486658076
5901,0.5172234429259055
5902,0.3758170145279157
5903,0.4559721389726082
5904,0.6732094700206515
5905,0.6050534849041158
5906,0.42253284444302097
5907,0.5881358752715958
5908,0.5178301141511876
5909,0.32986051862002264
5910,0.5867989799565964
5911,0.6981546522446992
5912,0.5452190283373399
5913,0.522979744840134
5914,0.6439218311480405
5915,0.48585130242282265
5916,0.43223581704035763
5917,0.48348292804479154
5918,0.5127575073095917
5919,0.3436911612973686
5920,0.4032084434104031
5921,0.5084419649143885
5922,0.32081882280311197
5923,0.3150134179607856
5924,0.5234610155337842
5925,0.5381691276218691
5926,0.460048634869238
5927,0.3016640894102166
5928,0.5733557457327344
5929,0.42793082668441995
5930,0.4616736269559526
5931,0.3744549048462447
5932,0.6441451706926722
5933,0.4921316252437456
5934,0.5497815121446656
5935,0.4641110351629999
5936,0.53513106152584
5937,0.4420716218068254
5938,0.5597275753359394
5939,0.45132424302427754
5940,0.5523236449606534
5941,0.4921174445346574
5942,0.4251190609266529
5943,0.3769896891683501
5944,0.5244158558260914
5945,0.4536168683982769
5946,0.5187463555179952
5947,0.5498579824753366
5948,0.5217676736370438
5949,0.42396227861722063
5950,0.6490045840174532
5951,0.5601321895194241
5952,0.7933132542914718
5953,0.5229776744765756
5954,0.5554089672283258
5955,0.5445758932889075
5956,0.44165164691176634
5957,0.5971993441429274
5958,0.7184095891762977
5959,0.3908805682167489
5960,0.5422585426609559
5961,0.5315531426170461
5962,0.5882857426773886
5963,0.6492037517748718
5964,0.7107321510356552
5965,0.5996910924561784
5966,0.43540300162780426
5967,0.3895931825635469
5968,0.6215460339358314
5969,0.5198674080289131
5970,0.34982087573865095
5971,0.5439889865221456
5972,0.5985050920872559
5973,0.3813843545072623
5974,0.5734013546050842
5975,0.6313823226579987
5976,0.5113500930263705
5977,0.43743598570723774
5978,0.5822439203774487
5979,0.48397687288584557
5980,0.5317045599899273
5981,0.3338382398997266
5982,0.5571156640173962
5983,0.6093857168944885
5984,0.6631861854973399
5985,0.7167354454227148
5986,0.4572238376083607
5987,0.6409503007146291
5988,0.46385236422204545
5989,0.3656540159744029
5990,0.5266910718052303
5991,0.5524571876481728
5992,0.6971575393462632
5993,0.6748684939250222
5994,0.5275046370527726
5995,0.5475491027871189
5996,0.605466739511323
5997,0.5820580120590622
5998,0.5311156979346912
5999,0.45322316572020266
6000,0.449960699929598
6001,0.6245311906270101
6002,0.5458772463427095
6003,0.5234533993761943
6004,0.438834514308172
6005,0.43365961997025415
6006,0.4941539168545893
6007,0.5993428683488385
6008,0.6442295314144528
6009,0.5912583365750479
6010,0.5063510721397405
6011,0.49650442740657097
6012,0.5579819186486742
6013,0.5237214523547457
6014,0.5197853085861589
6015,0.39926047091785033
6016,0.4076278065545702
6017,0.5708376326966109
6018,0.5472290689261257
6019,0.37619056174538323
6020,0.6221677247562186
6021,0.5956331003421823
6022,0.5824502155437119
6023,0.44816237385083746
6024,0.46064786069559044
6025,0.4840420636970168
6026,0.6265296042100061
6027,0.6280106979818387
6028,0.40691282446383603
6029,0.5976694237790456
6030,0.3919933769468995
6031,0.5160757842878959
6032,0.56779108773617
6033,0.5621658578231551
6034,0.3902987754347775
6035,0.43633878097524587
6036,0.5275699060332067
6037,0.44284318196436867
6038,0.5322587169479537
6039,0.49942254217722176
6040,0.42596359353282087
6041,0.5149716974704016
6042,0.44567843306569777
6043,0.5380052760580311
6044,0.5198827630108308
6045,0.5670591023444524
6046,0.38248001456204894
6047,0.5317051774596571
6048,0.7418569827603501
6049,0.5147000508528596
6050,0.5020408852918303
6051,0.5983587889523451
6052,0.6985641449329495
6053,0.6705881731888921
6054,0.6060870468335663
6055,0.5249933565446948
6056,0.4211487870959572
6057,0.485434478000656
6058,0.5979374034398567
6059,0.41803253072361013
6060,0.6089548221224969
6061,0.6735128586853586
6062,0.4448467780685442
6063,0.598348006717234
6064,0.46629011677853904
6065,0.5163312936633093
6066,0.7794956516775652
6067,0.462219610704854
6068,0.6669591171737096
6069,0.4983109160259784
6070,0.47130977504558813
6071,0.5364545783348971
6072,0.4352672301444904
6073,0.39454217514875156
6074,0.541950599321928
6075,0.4654678360908024
6076,0.5634899439432326
6077,0.5836720183352002
6078,0.49096902052595837
6079,0.44453171167527117
6080,0.4606404132984021
6081,0.5016079680143994
6082,0.5322377684161187
6083,0.4763991522340983
6084,0.4139793122296577
6085,0.5267464678151965
6086,0.6147772781479472
6087,0.49308809758023786
6088,0.4271049726530771
6089,0.6329201597029713
6090,0.47419809115569167
6091,0.6063082965649329
6092,0.47606671661992217
6093,0.7297361412748181
6094,0.5421758446914018
6095,0.5462479381632198
6096,0.45431742999898933
6097,0.6002913140697941
6098,0.6220597405485819
6099,0.6266762218674287
6100,0.6170278576547779
6101,0.5862405338486054
6102,0.5457402711844584
6103,0.6058015895970781
6104,0.4685004603696132
6105,0.363906780941773
6106,0.47682952824166835
6107,0.4911373842847582
6108,0.6263984181997989
6109,0.36771339125031993
6110,0.5070242963136595
6111,0.4730068047472748
6112,0.6184462308676607
6113,0.5352615071081379
6114,0.7875363853682227
6115,0.5323582948963972
6116,0.5270178449665615
6117,0.5086675487296447
6118,0.42848604928739453
6119,0.36131854447626255
6120,0.4796183439502039
6121,0.4706788098404682
6122,0.4960483477542386
6123,0.4919865472753306
6124,0.5356811958043983
6125,0.5002022267651207
6126,0.5914646255531181
6127,0.6299256544310278
6128,0.6215701106332775
6129,0.46884030759458106
6130,0.5216011189755624
6131,0.5578435848588923
6132,0.6182068384374653
6133,0.3630005699445584
6134,0.6404671142507459
6135,0.6941322473320659
6136,0.5745204038090526
6137,0.4839270061612844
6138,0.4825445730188648
6139,0.5774666076709367
6140,0.6045560423517982
6141,0.32670179238419317
6142,0.705219776401786
6143,0.46596092338211276
6144,0.3685058356704511
6145,0.3539674173130801
6146,0.6679788952557163
6147,0.6055081837191689
6148,0.45205407812461107
6149,0.5053894758935397
6150,0.4754714446012751
6151,0.6548364134175798
6152,0.6016285561356877
6153,0.5002793749675534
6154,0.4229127295828888
6155,0.4605601965303913
6156,0.6261089224767257
6157,0.5318311252100572
6158,0.46317477551767383
6159,0.5175874500721234
6160,0.5666448453842899
6161,0.5191757084929697
6162,0.6776576303098787
6163,0.4728373048006708
6164,0.6048797290755902
6165,0.5261042492461928
6166,0.5419863506452809
6167,0.39330584810254726
6168,0.5534323789274386
6169,0.4798667238845014
6170,0.5261899832025326
6171,0.3176692420250139
6172,0.5569424188223429
6173,0.42590133576950795
6174,0.6822445249460962
6175,0.5991634660068902
6176,0.49724523494235706
6177,0.6769008814186106
6178,0.4885329834132148
6179,0.6150558589158468
6180,0.5711347884679014
6181,0.5617813640243224
6182,0.5222769145086443
6183,0.616227930056254
6184,0.5541789131172613
6185,0.5803089729442327
6186,0.4890315712931405
6187,0.5052141487031181
6188,0.4619759420963799
6189,0.4113921916492373
6190,0.4856971658490787
6191,0.5758852166016756
6192,0.6089336044746047
6193,0.5284199083871592
6194,0.4164985276118083
6195,0.4548949911029793
6196,0.4341497199974105
6197,0.4941225654183116
6198,0.29026114574861794
6199,0.43125781079725467
6200,0.5608467689398088
6201,0.5152483084433546
6202,0.47267813879123977
6203,0.3730404837758602
6204,0.617484424486144
6205,0.5619953206377826
6206,0.5679008366331828
6207,0.37758552978622295
6208,0.5144744097159015
6209,0.5277239058886657
6210,0.5617814307010114
6211,0.527462573232206
6212,0.4898723492621624
6213,0.4609391378713058
6214,0.5163988752648947
6215,0.46460265929289984
6216,0.44820435537658326
6217,0.4568659597143067
6218,0.5577491747135946
6219,0.6143922599742928
6220,0.49334717119692106
6221,0.5005338431160554
6222,0.590260184059887
6223,0.6102119660496373
6224,0.5565553296601571
6225,0.6084100393895636
6226,0.43729547051788364
6227,0.8946482377432896
6228,0.39482596343849663
6229,0.5493197614422167
6230,0.4340583539806696
6231,0.5658503768601081
6232,0.7184789253324603
6233,0.6046212031053001
6234,0.7151543327367103
6235,0.4536108232573413
6236,0.3132752643534936
6237,0.5906348895700413
6238,0.546254387321593
6239,0.5169471670216477
6240,0.45575641694182933
6241,0.5628757825738563
6242,0.49750294345637935
6243,0.5316569622208405
6244,0.7280151815531007
6245,0.6113453794387704
6246,0.6617168534450264
6247,0.4759983737745457
6248,0.5548821959981244
6249,0.43883956636877175
6250,0.502045011573849
6251,0.5368374880832282
6252,0.40757111356096243
6253,0.5467463034950891
6254,0.4971834582473707
6255,0.6093301825409162
6256,0.558617464306601
6257,0.7221847320736405
6258,0.4203761472555042
6259,0.48329028952019953
6260,0.5914364370182469
6261,0.4828144813147314
6262,0.352213264229578
6263,0.41731348842827
6264,0.6367689176066372
6265,0.5961730800724665
6266,0.43493706797269743
6267,0.514859054439852
6268,0.7427307771779817
6269,0.734682760814559
6270,0.6013034732713173
6271,0.5457808309221236
6272,0.6790510882038928
6273,0.6740321651090412
6274,0.40813005529768925
6275,0.42409191061943463
6276,0.4743557232371284
6277,0.682422916465844
6278,0.5473995126661877
6279,0.5518294313162142
6280,0.5001777073612276
6281,0.5241278731597232
6282,0.5688877786944669
6283,0.7007189062337025
6284,0.3895316848180941
6285,0.5677163114370865
6286,0.44558323267795596
6287,0.5914979393414733
6288,0.510411629754
6289,0.5692473315611292
6290,0.5854335732175783
6291,0.44386028381604836
6292,0.47235278788846374
6293,0.8034753391774309
6294,0.4144069560369925
6295,0.4759416159190399
6296,0.6088094718829986
6297,0.5143899904574422
6298,0.465846876385121
6299,0.5316772893511805
6300,0.4453076115513962
6301,0.584317192554374
6302,0.5177112954406511
6303,0.44951452000377573
6304,0.4778020266287553
6305,0.3268317905221827
6306,0.46672381162994847
6307,0.5097759647187545
6308,0.6813667950656168
6309,0.7646795827737993
6310,0.4776543622970582
6311,0.4521705892102057
6312,0.5459637992366256
6313,0.5132481900571452
6314,0.7477568979229035
6315,0.3771431632094895
6316,0.5092273819201072
6317,0.5027590556105342
6318,0.7526034266522423
6319,0.6133397774445398
6320,0.4852250486799614
6321,0.5597955921945811
6322,0.5255959656202829
6323,0.42925646839443954
6324,0.5302742484059079
6325,0.6076033639523228
6326,0.4386601607481869
6327,0.6466489706406356
6328,0.6204880047659896
6329,0.4732946053181527
6330,0.6132524960635921
6331,0.4998671425690756
6332,0.4343192268505671
6333,0.3588687586110766
6334,0.7015756244417679
6335,0.6018407716493576
6336,0.46969283928170535
6337,0.46624236847365585
6338,0.5288809473020937
6339,0.5846686700668776
6340,0.45766064346985236
6341,0.5884614270035081
6342,0.6884497527706132
6343,0.36897047888160917
6344,0.5255911706653966
6345,0.4737542628755149
6346,0.41791838346859994
6347,0.5415273672001238
6348,0.5580630475018763
6349,0.7348129363820199
6350,0.5213050321412651
6351,0.5194370056729357
6352,0.5097959487713035
6353,0.5936410209138265
6354,0.4237253829634253
6355,0.5528687730830536
6356,0.4972853875263243
6357,0.6390117017017899
6358,0.5390142605434053
6359,0.4105165422093908
6360,0.5379269906021846
6361,0.6986683819715118
6362,0.36804999744556394
6363,0.5783157342235707
6364,0.6631708030621882
6365,0.677813320286623
6366,0.7109084771601699
6367,0.6830778411873455
6368,0.6322966548215411
6369,0.5081350986035129
6370,0.5640288816687075
6371,0.6039356246952711
6372,0.43812492635726086
6373,0.44643480555706283
6374,0.4166838043565285
6375,0.49804219891701906
6376,0.39471529776465875
6377,0.514259853716335
6378,0.36602610583250517
6379,0.5713041672481729
6380,0.5859759393261771
6381,0.5297150817538618
6382,0.6368948178507956
6383,0.5845466328124103
6384,0.5393023966425987
6385,0.4204627040987474
6386,0.6615723305829797
6387,0.49590404291037027
6388,0.4819667291516861
6389,0.5470238143920335
6390,0.4945364598199087
6391,0.5651888300784009
6392,0.5704170028961858
6393,0.45825995693643146
6394,0.4981650979383588
6395,0.44665171118546376
6396,0.539781485276554
6397,0.6547916582189522
6398,0.5208990268059646
6399,0.5644185724674258
6400,0.4539744822326148
6401,0.3134169192271138
6402,0.41222052482444194
6403,0.444589530427136
6404,0.5884532377736353
6405,0.4780693702402872
6406,0.5058926100800376
6407,0.5776887745033308
6408,0.4537926141306199
6409,0.5824577657452078
6410,0.4644504960447523
6411,0.3766715595658616
6412,0.6179655113182023
6413,0.512375678968628
6414,0.6268388661945157
6415,0.6804629242277025
6416,0.5937190350755616
6417,0.6524679493921177
6418,0.5987662222860768
6419,0.5058408157922016
6420,0.38312429563817474
6421,0.47725083828476156
6422,0.5850658279374991
6423,0.4290145161457427
6424,0.6622142031883925
6425,0.591843724725623
6426,0.5249779126275462
6427,0.4227089781744992
6428,0.5866804093750156
6429,0.4313708114873532
6430,0.7268364157748743
6431,0.5488059659139328
6432,0.45397561772940637
6433,0.6240687126809533
6434,0.5295676416436079
6435,0.4018913118358704
6436,0.5359319843444195
6437,0.5519138766085387
6438,0.3797482589635387
6439,0.5392053332922268
6440,0.42283340023520327
6441,0.3373822513250315
6442,0.4481784152669921
6443,0.4712811217406645
6444,0.41210134459000164
6445,0.6198529887613639
6446,0.507822837825467
6447,0.5554024601720563
6448,0.6250295377622977
6449,0.42211850400824424
6450,0.46315564965408584
6451,0.6816211567845669
6452,0.5162185758885525
6453,0.6007213258194346
6454,0.8290016638201514
6455,0.38523007575011115
6456,0.5112857309295226
6457,0.6769817848058103
6458,0.47086418854917533
6459,0.5518903566735235
6460,0.46447590376746706
6461,0.43900733963254196
6462,0.4417781701067285
6463,0.629848090204486
6464,0.5630445665408769
6465,0.6094035454060085
6466,0.498680257881494
6467,0.4972478497352072
6468,0.5355539481383073
6469,0.5536483154143593
6470,0.6318313956646033
6471,0.5935698884579518
6472,0.515558826600259
6473,0.6821154716212906
6474,0.62603176193335
6475,0.4438102023907885
6476,0.49952372616267576
6477,0.8675434622847382
6478,0.662234504414021
6479,0.5547757689465713
6480,0.5853599587538364
6481,0.4342584714609799
6482,0.46062230292599315
6483,0.47201678432262395
6484,0.6203632813981874
6485,0.4976329624402846
6486,0.49249549414621635
6487,0.4979750456911869
6488,0.33866567380117835
6489,0.6451804307213329
6490,0.3569597409303463
6491,0.44842330265711017
6492,0.44800166697489857
6493,0.4388994611589691
6494,0.46630129891901456
6495,0.57353193207237
6496,0.37878694664630286
6497,0.5265713590290092
6498,0.3353336909305756
6499,0.46281321762604866
6500,0.534839217145698
6501,0.571827315938193
6502,0.3932142830774755
6503,0.6824393327992213
6504,0.5233278100453889
6505,0.4583893186297803
6506,0.5038017576294122
6507,0.6384077996212161
6508,0.46617366434554064
6509,0.4173190289714701
6510,0.5334798470182966
6511,0.5240637916604741
6512,0.49100152184874774
6513,0.5012026026772922
6514,0.5382862351958937
6515,0.5368030421271232
6516,0.72587146440472
6517,0.4580459176606006
6518,0.6203630676931654
6519,0.4610903834556371
6520,0.35450208091925606
6521,0.4912032116366556
6522,0.39024720288768566
6523,0.5331850849172778
6524,0.40278144155757567
6525,0.7033234695669793
6526,0.643470336768435
6527,0.6767715881306543
6528,0.5899678831213302
6529,0.5743159602688431
6530,0.4593140616703778
6531,0.6627706976370944
6532,0.5306690104483689
6533,0.5817088893456243
6534,0.5411565931624325
6535,0.4729664368926739
6536,0.4620518381078535
6537,0.48478986882346525
6538,0.5043783081177979
6539,0.5631636776399717
6540,0.5065044334726931
6541,0.6445888905079813
6542,0.5868209943425163
6543,0.5584534318245318
6544,0.6915930595716705
6545,0.5800125638847047
6546,0.7654922707082943
6547,0.5489546553523631
6548,0.35297470508898643
6549,0.552269683716807
6550,0.4551898594215398
6551,0.5257986494093406
6552,0.40658126244499027
6553,0.59778958188794
6554,0.3873713700330841
6555,0.6048298198327308
6556,0.45665902608188746
6557,0.49516082985499504
6558,0.6174710451022892
6559,0.5425683363752436
6560,0.6799980231515239
6561,0.4306541090834796
6562,0.5353612122893483
6563,0.6203929661147645
6564,0.46467442147046
6565,0.40417204551638086
6566,0.6218149335495571
6567,0.44768198968556816
6568,0.6182969100327901
6569,0.5647003604020772
6570,0.5349011703287776
6571,0.7971719985829724
6572,0.6950958951121133
6573,0.6131428454090119
6574,0.5136262767800844
6575,0.5518420163693637
6576,0.5575043856625197
6577,0.5330862195192574
6578,0.5097648015385133
6579,0.5640356948718623
6580,0.4761577315124125
6581,0.4133390961297945
6582,0.6627488644119497
6583,0.4589369412960817
6584,0.5741378733702556
6585,0.5021201016984662
6586,0.5072175317907108
6587,0.3709654468920248
6588,0.6965956787554752
6589,0.665373445521291
6590,0.5617840725447455
6591,0.5107165777061217
6592,0.34470514736986724
6593,0.5777280331700038
6594,0.4654338231886239
6595,0.46157716768686935
6596,0.5219735564728898
6597,0.5281797126008128
6598,0.33060322744490733
6599,0.4356931102377823
6600,0.5885595867188819
6601,0.5584706604723947
6602,0.6552798285204133
6603,0.45460578357227444
6604,0.534017638255682
6605,0.4429654712978135
6606,0.3975714011094575
6607,0.4938948144815639
6608,0.4298437396978098
6609,0.5688462388475817
6610,0.37575551038053845
6611,0.5040787837899865
6612,0.37753739354401644
6613,0.45335498821049625
6614,0.5757637958594392
6615,0.5782125310479744
6616,0.4268092299560726
6617,0.48466288617542436
6618,0.39293780536812284
6619,0.4441542943916917
6620,0.5421023486045934
6621,0.5521204229537857
6622,0.4254962599993144
6623,0.6609488380264905
6624,0.44894934391453933
6625,0.5512965117847662
6626,0.5342147427387767
6627,0.6299782811785493
6628,0.4258051168179628
6629,0.3965319222455561
6630,0.5715789067070067
6631,0.6171704666059361
6632,0.49020174804265043
6633,0.552335510050724
6634,0.6847277635039803
6635,0.7033593366091184
6636,0.56811539004595
6637,0.38846868572447923
6638,0.5078518174742293
6639,0.5336516900970162
6640,0.4811022346020839
6641,0.6541890686937869
6642,0.5565717016589695
6643,0.6466234977716632
6644,0.40740143512786314
6645,0.563220007822793
6646,0.44376901657489065
6647,0.583741661639938
6648,0.6001557384022895
6649,0.4741564114692611
6650,0.479816693089388
6651,0.6401027228953814
6652,0.6362176788434021
6653,0.5129745225481372
6654,0.45778293480066046
6655,0.5259150453968248
6656,0.5498066309621609
6657,0.44914420520253595
6658,0.3657601073459289
6659,0.7688817689678777
6660,0.5226774414375508
6661,0.3884025380945341
6662,0.5436734789255503
6663,0.652106771702411
6664,0.5046871683221287
6665,0.5390236023376351
6666,0.5029849774038242
6667,0.36374415430281093
6668,0.5617472312680581
6669,0.38057159436284194
6670,0.6152194990066102
6671,0.47602623536740557
6672,0.6294125413631954
6673,0.5553008608999201
6674,0.4568861734448492
6675,0.49810341422410953
6676,0.6020548671818131
6677,0.4601566393362242
6678,0.5229264331930307
6679,0.42153937425301424
6680,0.46275315966754504
6681,0.4927778911345619
6682,0.5538296754352443
6683,0.436668014946495
6684,0.5347702999119123
6685,0.4937154727570482
6686,0.5452754533775503
6687,0.4697668576055376
6688,0.5662674423873242
6689,0.5403699653921742
6690,0.41650543560967523
6691,0.5814842708747894
6692,0.5241585341801687
6693,0.7763534664703704
6694,0.4991953071111032
6695,0.4312767540542877
6696,0.5760696569649353
6697,0.4746806965697298
6698,0.6504801388420132
6699,0.6260328531162156
6700,0.5863284459488777
6701,0.6059427428564765
6702,0.4970816385664815
6703,0.4755088159091116
6704,0.4799662992402875
6705,0.5415760886980138
6706,0.5334543683529928
6707,0.5265232715288681
6708,0.5076137012866496
6709,0.737078029190817
6710,0.7964513109740208
6711,0.7818269802768458
6712,0.562320499301769
6713,0.5076483377741521
6714,0.5172624274591977
6715,0.6387039713457009
6716,0.36583422880362426
6717,0.6456385038483328
6718,0.41871835639962557
6719,0.7159180007697368
6720,0.5132254892672582
6721,0.6758344462632053
6722,0.8344035521956493
6723,0.4944533539967154
6724,0.5042477772202151
6725,0.5723658223403321
6726,0.4356254536447657
6727,0.4687682088403269
6728,0.4328264716499874
6729,0.41679561688868083
6730,0.5122762413571734
6731,0.5077961384228056
6732,0.4016272701499589
6733,0.47482242053142903
6734,0.6317605615848184
6735,0.3782580180185438
6736,0.8000703318812029
6737,0.4461164448382009
6738,0.4533729200147802
6739,0.6633698231254358
6740,0.47662556055102623
6741,0.5143860813382475
6742,0.49970236017237646
6743,0.4688239518937644
6744,0.5048913798366288
6745,0.7871751592785986
6746,0.47902295394263156
6747,0.6381598307836231
6748,0.4307044487704381
6749,0.472999296407179
6750,0.5835899884194478
6751,0.4908667325833181
6752,0.5051342680955523
6753,0.37082259663291783
6754,0.5047551924731141
6755,0.6700995921061677
6756,0.47390962805745
6757,0.6759878733253257
6758,0.28759555439101764
6759,0.476558990821886
6760,0.33194987712814056
6761,0.5202218343075106
6762,0.6677664812771696
6763,0.3889367093702256
6764,0.5874976098252591
6765,0.562070795069872
6766,0.5523745461054662
6767,0.5129450966593491
6768,0.32957997231795244
6769,0.3822324441692181
6770,0.47499453252534224
6771,0.7167384913248075
6772,0.5069826992101606
6773,0.4690925137043981
6774,0.713934945335974
6775,0.5249994985890478
6776,0.3631410753310442
6777,0.5042927674487763
6778,0.5561928347362327
6779,0.44225947804447246
6780,0.6853439219168156
6781,0.4331158233531902
6782,0.40533136854349927
6783,0.5335987789657423
6784,0.5809527756884608
6785,0.5452555079776991
6786,0.5915477639883526
6787,0.8864647573410684
6788,0.47268146503363123
6789,0.4886359955234049
6790,0.4354088419759992
6791,0.6797870528838014
6792,0.6571966580994808
6793,0.5616762681536579
6794,0.7750932749539088
6795,0.3978335909736168
6796,0.6924987001447194
6797,0.5873789757800697
6798,0.4068042263933691
6799,0.6518332373524739
6800,0.3150027236389291
6801,0.6464245387668913
6802,0.3831252451959731
6803,0.5272784461252349
6804,0.5992992494043459
6805,0.5458174624811505
6806,0.6230798009094213
6807,0.5763068036809489
6808,0.5220668153354587
6809,0.5907606287030152
6810,0.3613176478473276
6811,0.5557912557791886
6812,0.4348631365275359
6813,0.4356985009247669
6814,0.3938921110567859
6815,0.4549203050534032
6816,0.33513896953322886
6817,0.5145576445811043
6818,0.55013984986626
6819,0.3040353242170709
6820,0.571083288959516
6821,0.5513673543955242
6822,0.39749737077858316
6823,0.47324009250416876
6824,0.6090440290121368
6825,0.4743392905400535
6826,0.5187633257694593
6827,0.611414477330899
6828,0.42654461766680535
6829,0.7012148011279562
6830,0.5061186881003092
6831,0.5319026904260998
6832,0.6820783842762099
6833,0.6633024065464115
6834,0.34649442614484505
6835,0.5019376828542016
6836,0.6614922504020956
6837,0.4050169196090211
6838,0.5024146925859531
6839,0.6548700760574343
6840,0.5575871307519116
6841,0.4988748632556611
6842,0.6087544720547146
6843,0.5774302491760577
6844,0.3878557091160487
6845,0.4954400280731478
6846,0.5561942752952476
6847,0.4811666548300861
6848,0.7589200834080885
6849,0.4548650925577076
6850,0.7741116625508441
6851,0.45082905739364454
6852,0.5175067122628374
6853,0.38757718350485515
6854,0.6908993748318449
6855,0.48223174477597425
6856,0.3297879414713434
6857,0.4941178727484907
6858,0.6209194733961788
6859,0.4459394985690728
6860,0.6210172647396808
6861,0.2515461918110429
6862,0.462086782337803
6863,0.5213178085993261
6864,0.6338305100191344
6865,0.8151802987972495
6866,0.4901558611195703
6867,0.5028619210754902
6868,0.7848070721606404
6869,0.6023407991047567
6870,0.550092332554458
6871,0.40579747495259016
6872,0.6386906275383589
6873,0.5092688071016088
6874,0.6376758575406628
6875,0.4916390426684848
6876,0.541985563939104
6877,0.4604663679839391
6878,0.42209019694915184
6879,0.6175184366511409
6880,0.7087700578942642
6881,0.553060581755274
6882,0.5055137262502962
6883,0.5247164149999815
6884,0.8656817348266181
6885,0.5226589755660109
6886,0.6681325210915926
6887,0.6168093209523855
6888,0.7005331138379851
6889,0.53230520198638
6890,0.47891724814103076
6891,0.6313297354674039
6892,0.5573852671229208
6893,0.5194054372513366
6894,0.6422611715201427
6895,0.6569937176999356
6896,0.591463891761728
6897,0.5133115184878767
6898,0.6202212603069441
6899,0.5521270552399344
6900,0.4793401611580999
6901,0.44293482002140383
6902,0.5105270533624358
6903,0.4609935594645381
6904,0.5067204134425297
6905,0.5376127107868426
6906,0.5053714717867133
6907,0.5078233493431152
6908,0.5084197530160947
6909,0.4566814846247601
6910,0.554596929949887
6911,0.41540142887299963
6912,0.4726151047473788
6913,0.44362060574260803
6914,0.4662539502366707
6915,0.3994511317471094
6916,0.367631974585694
6917,0.6603135451645324
6918,0.5093498391254722
6919,0.7881050012267283
6920,0.48450631788100174
6921,0.7136656770095913
6922,0.5759915389320285
6923,0.5108852821535321
6924,0.44202789819967925
6925,0.7769153304655565
6926,0.561847621218659
6927,0.6781158559035937
6928,0.5252959905830065
6929,0.6008990141931899
6930,0.5526664732525948
6931,0.5231226286145493
6932,0.5939877797931975
6933,0.5050083233892841
6934,0.6073033982590261
6935,0.8344592909601738
6936,0.5218266895769545
6937,0.39219409422691504
6938,0.4283168839488219
6939,0.4085661675976696
6940,0.4216336681703703
6941,0.5289866211881215
6942,0.5671006248149932
6943,0.4960225608382039
6944,0.6405892527490658
6945,0.5338082706010852
6946,0.6387962355388154
6947,0.6781465835807652
6948,0.6996661163628419
6949,0.5708234780377438
6950,0.4853340553223089
6951,0.5778293414028156
6952,0.52216294979086
6953,0.6652888755869031
6954,0.6064824135773771
6955,0.5113355439915518
6956,0.6020449038678954
6957,0.4758211349474467
6958,0.4523523671052977
6959,0.4224364276589847
6960,0.538458797697859
6961,0.4922639958534569
6962,0.4931569171298288
6963,0.629861116928282
6964,0.4555576286753155
6965,0.46418270632141956
6966,0.47670453024863124
6967,0.42556828776337396
6968,0.36027796957399494
6969,0.3854994091955473
6970,0.528301372975237
6971,0.6917510778560798
6972,0.5595410212096873
6973,0.5029950238529481
6974,0.41133050970341095
6975,0.6002174019163401
6976,0.5390504590633516
6977,0.6079115330367584
6978,0.6791105646543578
6979,0.4341714336747099
6980,0.5532226898990372
6981,0.5401503680428671
6982,0.949410030288327
6983,0.3718178030746725
6984,0.426183751102979
6985,0.4189499074239825
6986,0.46757784434300553
6987,0.5922074644222549
6988,0.513833130482789
6989,0.5818981487339174
6990,0.4950637300973117
6991,0.38512349242543786
6992,0.7607489022357163
6993,0.6809171743393388
6994,0.6299180623379679
6995,0.4261115924621207
6996,0.44785136129260805
6997,0.5148551764928038
6998,0.44413945738851784
6999,0.47327431173678225
7000,0.5098175284107064
7001,0.6078545706312164
7002,0.596640674083692
7003,0.5154950133696686
7004,0.4893272784186309
7005,0.6205530174897372
7006,0.5469306885037825
7007,0.441410628395811
7008,0.6295190212685847
7009,0.634655641251966
7010,0.5909826296377045
7011,0.4440840921478416
7012,0.5170827408897081
7013,0.47950648670674706
7014,0.4293330247582443
7015,0.422397303711455
7016,0.6380173382060633
7017,0.5425123215035063
7018,0.6203100331516228
7019,0.6592532777031215
7020,0.42685841400842484
7021,0.6321131710383056
7022,0.5384149339830652
7023,0.3151328327248417
7024,0.5000549258852542
7025,0.5046391779455947
7026,0.6064967331417623
7027,0.30341144311128865
7028,0.5979676277926524
7029,0.5921283075493196
7030,0.347582969151743
7031,0.5766787733721249
7032,0.543987218217303
7033,0.47145729546462073
7034,0.4512347456581089
7035,0.44565222097121865
7036,0.25242873881610817
7037,0.4958019396367856
7038,0.5676262477557913
7039,0.3693545085769895
7040,0.47283744500972086
7041,0.5175073772156797
7042,0.4840778895323222
7043,0.4907649906525131
7044,0.6465744587492416
7045,0.6463439239186379
7046,0.45544025115581405
7047,0.5910485297719612
7048,0.7058299905375479
7049,0.5463046693304154
7050,0.7772267500222958
7051,0.4889613397698959
7052,0.5393758058324318
7053,0.4449550204393635
7054,0.6058660012899816
7055,0.4864251581738201
7056,0.48206015120952667
7057,0.5925964596991159
7058,0.630721557043589
7059,0.4880193949766656
7060,0.4121682452598871
7061,0.6908588791571386
7062,0.5704341096219344
7063,0.646593648601935
7064,0.6628683763583807
7065,0.3701035115699901
7066,0.5171285467706946
7067,0.6256287728554238
7068,0.5138843452244856
7069,0.47547353978498896
7070,0.5409215161323552
7071,0.4690532374396849
7072,0.5313921102327334
7073,0.5900766363329452
7074,0.5830426342650656
7075,0.5478371010971149
7076,0.41483241710161267
7077,0.581472320694641
7078,0.46149533537598847
7079,0.5901166647201247
7080,0.5689726644979828
7081,0.6421767118722128
7082,0.6149555861619093
7083,0.4400837612634323
7084,0.4921967925670737
7085,0.479586044690576
7086,0.5620280937009687
7087,0.4267603704726456
7088,0.7246821072835057
7089,0.5269606039378779
7090,0.5845902633799532
7091,0.3577627169659042
7092,0.5698772113143536
7093,0.6371994955808244
7094,0.4464974361198905
7095,0.6407451474355474
7096,0.4917584051824507
7097,0.6146884878061609
7098,0.5663457742504575
7099,0.536646640462105
7100,0.6407591399820094
7101,0.6384147071018723
7102,0.5049225693901555
7103,0.5338592622856927
7104,0.5429771295098929
7105,0.44564713411452006
7106,0.270853190149208
7107,0.4470802383924022
7108,0.5997826570701749
7109,0.49227504109932196
7110,0.5290032351547616
7111,0.5552245485110093
7112,0.6527970564211911
7113,0.4382776515435685
7114,0.4202878772249737
7115,0.4347275181322035
7116,0.6320834575596385
7117,0.5656320303495782
7118,0.524668897284773
7119,0.45349862473178315
7120,0.7696102088736612
7121,0.33653892334657787
7122,0.5497497468575905
7123,0.46919968374205906
7124,0.5750646928649807
7125,0.6180391414800943
7126,0.5586086245802442
7127,0.5203342571531657
7128,0.6941911324863546
7129,0.45657113998966053
7130,0.7395252380023013
7131,0.43208510299327585
7132,0.3469398347501108
7133,0.6311312558144011
7134,0.5203528846403133
7135,0.523680127773763
7136,0.5227162226331686
7137,0.5132427158829478
7138,0.6082275210654677
7139,0.4636289629721698
7140,0.6133115906885477
7141,0.3817477345513639
7142,0.49376836882435815
7143,0.7286595040747863
7144,0.38800506364801957
7145,0.3867648308431577
7146,0.49264845382648104
7147,0.35839403286288485
7148,0.5191728451120183
7149,0.5539225018248971
7150,0.4158840607272267
7151,0.6604371592346311
7152,0.6639989974945414
7153,0.5799742669274383
7154,0.40046365955908914
7155,0.5712447957143134
7156,0.4762907160859711
7157,0.42686135067485786
7158,0.4928129916887035
7159,0.7526852968458103
7160,0.47287135684225956
7161,0.39313063939627624
7162,0.5659419751293364
7163,0.5460054757744522
7164,0.4913351805051669
7165,0.6392792570289719
7166,0.6892171559727238
7167,0.41457165909633653
7168,0.4715181158166112
7169,0.5890583919399243
7170,0.4815021918649108
7171,0.425812365786096
7172,0.421821001286232
7173,0.5548789071514594
7174,0.6370960352887955
7175,0.5212067589421014
7176,0.41743091240828734
7177,0.6257401128691337
7178,0.5163358632258326
7179,0.6811768641932623
7180,0.35212951175909124
7181,0.4798646588278512
7182,0.4150265445227449
7183,0.5445063611815139
7184,0.6304398893318407
7185,0.45939487622470865
7186,0.4592301853195839
7187,0.5106883321250484
7188,0.511710313612414
7189,0.4386143415302107
7190,0.5436934978993927
7191,0.44690762304060805
7192,0.6573273377763619
7193,0.6736633681405702
7194,0.6019857186189925
7195,0.5243030784530027
7196,0.5619637902783311
7197,0.5189116408883543
7198,0.47629961810622634
7199,0.3551578699462745
7200,0.4960480899484008
7201,0.4657843691620826
7202,0.47262258155011877
7203,0.5194111725822258
7204,0.5373791619702426
7205,0.38163297554426756
7206,0.5451860367038961
7207,0.6168730185511546
7208,0.38936617150442326
7209,0.460651751673791
7210,0.5753211964325137
7211,0.596500056383497
7212,0.4826396946462775
7213,0.4810494289274394
7214,0.50649254497201
7215,0.42241111815081533
7216,0.5487976093032507
7217,0.38050393557236584
7218,0.4296676277964295
7219,0.4475367465685354
7220,0.6084659203309093
7221,0.4355800815962923
7222,0.5677965507509952
7223,0.544976244514435
7224,0.43181435900437115
7225,0.5649918699217036
7226,0.5803632323858698
7227,0.5168717834972185
7228,0.5226257858502719
7229,0.6445167214353472
7230,0.5142135716650558
7231,0.29311093099049323
7232,0.5572323207863794
7233,0.6590690265834791
7234,0.4796501601570494
7235,0.4013844904127854
7236,0.5932975178620257
7237,0.5041371971048612
7238,0.47329332565901894
7239,0.4782546887223945
7240,0.4699089404800759
7241,0.7042841816181826
7242,0.5746305950299028
7243,0.4382460436271104
7244,0.5960653889396725
7245,0.4850158227023955
7246,0.6603768251590961
7247,0.5073999856070732
7248,0.4391060687591041
7249,0.5839643225356156
7250,0.5867011298908331
7251,0.5115312165274334
7252,0.5321076002849563
7253,0.6390887464932777
7254,0.5043206331396513
7255,0.588840081456126
7256,0.5418710161545709
7257,0.47475489159397544
7258,0.5069614583916395
7259,0.45499497732210825
7260,0.41339594789263656
7261,0.48496170894449636
7262,0.5828541020051221
7263,0.4355244479020718
7264,0.5257518865907814
7265,0.4969664388655833
7266,0.4331097894593547
7267,0.516744309209865
7268,0.5617242494605997
7269,0.5721123134595868
7270,0.47155106593445867
7271,0.5138630524835385
7272,0.4744213897491744
7273,0.5848232146673134
7274,0.5442890840434089
7275,0.6127282918039267
7276,0.5498369418301001
7277,0.6040378818228843
7278,0.6213201535982436
7279,0.4953297490553078
7280,0.44297269524299865
7281,0.4488596932849862
7282,0.460148916506687
7283,0.509224035337814
7284,0.6878109303488698
7285,0.6726849195111817
7286,0.39987477475098343
7287,0.5361963815438974
7288,0.5413781979688232
7289,0.46244858961872926
7290,0.4637364090304916
7291,0.6412835933929893
7292,0.4928240426840015
7293,0.6023385017950543
7294,0.5284184072739317
7295,0.6698955630485702
7296,0.5297439873853167
7297,0.6418244901205592
7298,0.4946026011651124
7299,0.4920127142236348
7300,0.4464477093217847
7301,0.4881239729232265
7302,0.5752916949358958
7303,0.5094186780936202
7304,0.5191795239023043
7305,0.5349365435240516
7306,0.5492525401987991
7307,0.5982677647044228
7308,0.5673134277230825
7309,0.8024856662662531
7310,0.8983837560844172
7311,0.5110243593013842
7312,0.5375757167214784
7313,0.5203163417664909
7314,0.4864578225673361
7315,0.7044273406675382
7316,0.5550751364318252
7317,0.5402519171962719
7318,0.41413381847308495
7319,0.46454180739842665
7320,0.3255307974339863
7321,0.5460035221527537
7322,0.6217355412731413
7323,0.6111145547323428
7324,0.503313608894393
7325,0.3588349451660262
7326,0.5985086411169588
7327,0.3892758509206624
7328,0.41851512849708394
7329,0.3079095188019409
7330,0.3924660220698719
7331,0.6216844572154825
7332,0.6052763769229778
7333,0.6126068458315054
7334,0.7890142951271781
7335,0.5579275818118946
7336,0.5121115287944208
7337,0.7255687814426236
7338,0.414138141649786
7339,0.3692166383042342
7340,0.4752881708584903
7341,0.5639917606773738
7342,0.5441461128467533
7343,0.38111465643559594
7344,0.4265194446162886
7345,0.43972485450306364
7346,0.38764933247495315
7347,0.7065659097463838
7348,0.5512874574994202
7349,0.7678821804177616
7350,0.4906052151054291
7351,0.6610907570018371
7352,0.5432212778803176
7353,0.49851632634982856
7354,0.5110573447644005
7355,0.6084532302565148
7356,0.5893529236626424
7357,0.4036037423882825
7358,0.6550285573884319
7359,0.5389467433168815
7360,0.44029442475635516
7361,0.5600751951887597
7362,0.6547841908774117
7363,0.4555328951911207
7364,0.48169906603582635
7365,0.4792939845465748
7366,0.36005155505961506
7367,0.5113258287013369
7368,0.48281852432127675
7369,0.47694983795231877
7370,0.6470726145167816
7371,0.5395135676068527
7372,0.5497538570449962
7373,0.4643323842786747
7374,0.7431933560910914
7375,0.3880733558939382
7376,0.5282630832782813
7377,0.38752303121727083
7378,0.47799422266740677
7379,0.5925128706065667
7380,0.46018139626570376
7381,0.6135729992573209
7382,0.5517640981561793
7383,0.49601616747637256
7384,0.6019459828377551
7385,0.770835635482947
7386,0.48234204672494485
7387,0.5439978851652167
7388,0.579730252040594
7389,0.495468178454571
7390,0.593532555352176
7391,0.6610522118231914
7392,0.4834615709204533
7393,0.6528173519670877
7394,0.4903275044726131
7395,0.7416515443379694
7396,0.647088989163344
7397,0.609080292173136
7398,0.5072980825228404
7399,0.5589938588793772
7400,0.5396727529426428
7401,0.48921523588281746
7402,0.5332769057253691
7403,0.6559237701247613
7404,0.3699677416196434
7405,0.5109127880267595
7406,0.5759351383863742
7407,0.5940613023401501
7408,0.5729890642734599
7409,0.6930467878752679
7410,0.38406063138486257
7411,0.5026282420347115
7412,0.37841440456418973
7413,0.4869191232307093
7414,0.6005133307430663
7415,0.5164239444654455
7416,0.4186581534725696
7417,0.6265177370667311
7418,0.6046098446851937
7419,0.5331097085244858
7420,0.4600542694282851
7421,0.3521667939685592
7422,0.5257098015423499
7423,0.4353137285833949
7424,0.5529378823859304
7425,0.45962387988207903
7426,0.4827736381342466
7427,0.5182878653401328
7428,0.6132302482932979
7429,0.4899806479929738
7430,0.5729561796357603
7431,0.49275547768308847
7432,0.6535029590878026
7433,0.5081373527861262
7434,0.5006373641806008
7435,0.35132044399267204
7436,0.4532589163959406
7437,0.4577721810464868
7438,0.4279333797582157
7439,0.4285756573538121
7440,0.5416323713588111
7441,0.6927800519031821
7442,0.43680448014575557
7443,0.6448059361503623
7444,0.6251966678506355
7445,0.5101666946902745
7446,0.5532571025566717
7447,0.4679261804012686
7448,0.6153686070579582
7449,0.42002865337146345
7450,0.4455188572146508
7451,0.4636437831090954
7452,0.43378101408920283
7453,0.5030030628572706
7454,0.4489286065906166
7455,0.4929226140764344
7456,0.5821856401723586
7457,0.6925290635513914
7458,0.41043022820536335
7459,0.4379891683134999
7460,0.49227654128883475
7461,0.44128830616807757
7462,0.6056977948647533
7463,0.5905337399502391
7464,0.6027159543725649
7465,0.5406456694001663
7466,0.5526727146906474
7467,0.6572677314180556
7468,0.32641052602787257
7469,0.501295692214392
7470,0.5382102334275641
7471,0.6073029169160433
7472,0.3740111306852989
7473,0.5604593573755365
7474,0.408828116995942
7475,0.43127073999535165
7476,0.5444802419655611
7477,0.6184993130981037
7478,0.7413040896097134
7479,0.5034293141403978
7480,0.6556435359886057
7481,0.49453629810720323
7482,0.5133895298706469
7483,0.6743998451840494
7484,0.498353437317498
7485,0.6808919387499726
7486,0.3541136969314318
7487,0.597295425897735
7488,0.6357772618217876
7489,0.6121383048215217
7490,0.47710208507392254
7491,0.5264511656987562
7492,0.6801076950922239
7493,0.5369213295861965
7494,0.43927942133636527
7495,0.7191784900799697
7496,0.4577505974173728
7497,0.5135426806854119
7498,0.40499226528137827
7499,0.5143395512296053
7500,0.6589385118963925
7501,0.6081412596630513
7502,0.5985891249254827
7503,0.6068336938707553
7504,0.5520700868484821
7505,0.5239490428176073
7506,0.49106877987999575
7507,0.575306364053377
7508,0.31672077896856266
7509,0.5626033363794707
7510,0.5387420723812192
7511,0.5023921727549264
7512,0.5627798323670059
7513,0.40955200048410534
7514,0.49520947403749366
7515,0.5662121156917632
7516,0.5946207285507755
7517,0.4483429006305361
7518,0.5208338658955608
7519,0.5063551708557471
7520,0.56277785263514
7521,0.7139326016159105
7522,0.5664761789555441
7523,0.4783742928023003
7524,0.6731049973079318
7525,0.5072171015635182
7526,0.5935177783411756
7527,0.48469887195706574
7528,0.47575847161854506
7529,0.4501420393026715
7530,0.44548546263771843
7531,0.5721966363655827
7532,0.5092599230620857
7533,0.46951688926280094
7534,0.49705392918045355
7535,0.5574100235352033
7536,0.45466180061822514
7537,0.48692580495387006
7538,0.4012433791625587
7539,0.5329323198392492
7540,0.42191482051508244
7541,0.5980089090251782
7542,0.42904473213535393
7543,0.633747694215832
7544,0.4075334883124827
7545,0.6257829302954404
7546,0.48827926882597944
7547,0.5482173746697352
7548,0.47800551229705485
7549,0.6969156293280645
7550,0.582570826626889
7551,0.5287514866999674
7552,0.5597994483369052
7553,0.5387231494802818
7554,0.3955073524781658
7555,0.5373698581385901
7556,0.6623370647142596
7557,0.3283739334182588
7558,0.6014281485237332
7559,0.5485876578629183
7560,0.49429521147413147
7561,0.4139548424170896
7562,0.545266979657792
7563,0.7094080383707893
7564,0.6342852507510697
7565,0.65087657317222
7566,0.4378960537590009
7567,0.49535426361099777
7568,0.6738426770046784
7569,0.38557894670950615
7570,0.6383166203355123
7571,0.5655086226900417
7572,0.5752815802669814
7573,0.6018085193222523
7574,0.45829129948789143
7575,0.4660813001301413
7576,0.3955403060190085
7577,0.535613518833173
7578,0.6546446882417599
7579,0.5280956496443433
7580,0.4527518730553886
7581,0.5052767675841423
7582,0.44661964474738347
7583,0.5075431890436602
7584,0.5148024333644468
7585,0.5065265891889862
7586,0.8126211148673068
7587,0.4844093043282932
7588,0.6412474432113742
7589,0.5621692743408649
7590,0.553401649243375
7591,0.4716853818245696
7592,0.5511174107381931
7593,0.5842785405084898
7594,0.5746046063445578
7595,0.41630372238873137
7596,0.6186892590499571
7597,0.45947030563904356
7598,0.5995396984442531
7599,0.5837307032599481
7600,0.5544257689445089
7601,0.3302152151479431
7602,0.6282842857620843
7603,0.4411935882934238
7604,0.4394347550620167
7605,0.4253245199453332
7606,0.5854628748603155
7607,0.5028688829759576
7608,0.5349604439333139
7609,0.569294913367357
7610,0.5098449714054422
7611,0.4352007938223551
7612,0.47217003884508063
7613,0.47378957384675946
7614,0.3482759169768712
7615,0.6364041079488159
7616,0.5270475109492285
7617,0.5409906472433139
7618,0.40942558959814634
7619,0.5323599649036327
7620,0.46669603064260284
7621,0.5133313911661845
7622,0.31728152623185735
7623,0.40729827766419324
7624,0.47397899269488897
7625,0.5483363519796847
7626,0.4840477695545655
7627,0.4329244454904084
7628,0.640680702687109
7629,0.4932070287019507
7630,0.41859493960184935
7631,0.4070896238311569
7632,0.4341444010382511
7633,0.4285928675119385
7634,0.7496824212940321
7635,0.5763020115006446
7636,0.678250873929379
7637,0.658924634081099
7638,0.4893776131685559
7639,0.4726745149656145
7640,0.5415684332345387
7641,0.5629727473708924
7642,0.5235905238381342
7643,0.6368312071232171
7644,0.588398708152804
7645,0.6918763543462534
7646,0.6670329648319087
7647,0.4691804606251713
7648,0.6132398402564431
7649,0.47313397575102883
7650,0.6266591917600355
7651,0.4700662086601302
7652,0.3846637444906268
7653,0.6190004596747689
7654,0.454650559559127
7655,0.4521034170201546
7656,0.5363464206904005
7657,0.5590596321288146
7658,0.524820630060177
7659,0.28941127400164857
7660,0.49031679404894735
7661,0.5840102804451638
7662,0.569797738803714
7663,0.6133922453570324
7664,0.5184561434030213
7665,0.47978309592605584
7666,0.47370035177866404
7667,0.5290648779468606
7668,0.5767561279838687
7669,0.5502029770983906
7670,0.5529906296466919
7671,0.38822682992021096
7672,0.4201239831160907
7673,0.5374219374813112
7674,0.41238455660257833
7675,0.6414260011544868
7676,0.36220949300750804
7677,0.6135239369623626
7678,0.4414434561669897
7679,0.6596870212645899
7680,0.4675307895855463
7681,0.4621578372684292
7682,0.7141449719149965
7683,0.5207776979225135
7684,0.49991034357408587
7685,0.4508706350602047
7686,0.569298692628744
7687,0.5497571157137696
7688,0.46280945660987516
7689,0.5137669165578429
7690,0.48060064380404144
7691,0.6089104448495641
7692,0.5732872461705985
7693,0.45729623749301546
7694,0.5057160934369992
7695,0.46841166089784403
7696,0.43330405615965284
7697,0.6328766083169419
7698,0.4326270945908344
7699,0.5212299917890257
7700,0.5395640028864941
7701,0.45073083898756294
7702,0.5540900981845046
7703,0.45615021096250363
7704,0.6427467325192696
7705,0.49458769240049116
7706,0.5326649354367987
7707,0.512438676282085
7708,0.619524576684409
7709,0.4327529240045091
7710,0.47759133331692905
7711,0.7108397599033467
7712,0.47074201586002
7713,0.4604059571222874
7714,0.6430962609208976
7715,0.6311202556783364
7716,0.4304766258959174
7717,0.47661089012815727
7718,0.5602765166512281
7719,0.637564322205764
7720,0.5413721582589305
7721,0.3909212861258853
7722,0.6934999739762122
7723,0.45807321851041205
7724,0.5327155504019397
7725,0.4672194441744923
7726,0.42557591532522654
7727,0.4281432583414465
7728,0.4509044455710128
7729,0.5245345806459915
7730,0.4436673329642158
7731,0.4197013233754765
7732,0.7191767948585643
7733,0.5971499537686822
7734,0.4889138218803937
7735,0.7587984179585296
7736,0.5128703798143961
7737,0.42643066472102403
7738,0.6144223319885176
7739,0.6306716694346218
7740,0.5456522610952806
7741,0.6611397342966946
7742,0.7012235183737863
7743,0.5580195369274121
7744,0.5049313371311646
7745,0.5849213212912407
7746,0.5351339278542042
7747,0.48145817389457946
7748,0.5811528010827749
7749,0.5174216834661727
7750,0.5312378986751971
7751,0.581159773891213
7752,0.5040989322804982
7753,0.4508769115517752
7754,0.3467722464205545
7755,0.32546403643685756
7756,0.5218668675648425
7757,0.4305177372214908
7758,0.5954028054377614
7759,0.6848227150014361
7760,0.5442331462713788
7761,0.4423171428839937
7762,0.7014847096700288
7763,0.7276613528149868
7764,0.4630351327098458
7765,0.4131455031375313
7766,0.5160898146753915
7767,0.6478480149523896
7768,0.5466127649356937
7769,0.5987364253776889
7770,0.8146106216026667
7771,0.42630439712665297
7772,0.5045036999938769
7773,0.33446077164407995
7774,0.4758295937853521
7775,0.503591996214418
7776,0.43375443275089254
7777,0.6117102390213551
7778,0.5209380098057109
7779,0.5511995667961853
7780,0.5511648577171671
7781,0.45984324643834557
7782,0.5809382390447622
7783,0.48545897262146737
7784,0.6424220734792916
7785,0.323944144102157
7786,0.618799387785203
7787,0.4825133194518924
7788,0.457042731082139
7789,0.36004131152298346
7790,0.4102001244657091
7791,0.49068323606781933
7792,0.48979225701708184
7793,0.445016520258148
7794,0.5452933219843761
7795,0.5316588586119754
7796,0.4621383784595565
7797,0.5676982647767742
7798,0.35377830367407626
7799,0.4769062689423707
7800,0.5056102936521514
7801,0.706418307977051
7802,0.40624525726122723
7803,0.5595387348471933
7804,0.6395117570148882
7805,0.3969740410719754
7806,0.7186930631214119
7807,0.4338708990196736
7808,0.5681030718434938
7809,0.3949271775765834
7810,0.45578556162598693
7811,0.46171077390073095
7812,0.47632018814091365
7813,0.5455229018904394
7814,0.4944517903525826
7815,0.3796464834969175
7816,0.4967464009001427
7817,0.717600352017546
7818,0.5774628827745043
7819,0.6104641911850103
7820,0.5341614314304802
7821,0.5294312505028689
7822,0.8654177271679919
7823,0.5751370584227569
7824,0.5898814719407194
7825,0.48665258401038
7826,0.4105956550220814
7827,0.4285750456196387
7828,0.3958441237386313
7829,0.5564349709886764
7830,0.3526756283537721
7831,0.5148794423041546
7832,0.5196444275395198
7833,0.3255429737832439
7834,0.5331205400135034
7835,0.46195042646721085
7836,0.4340540823204239
7837,0.6796323045397227
7838,0.6492388875356934
7839,0.6135347596026806
7840,0.5594309736977408
7841,0.44194046685101895
7842,0.46822237863685584
7843,0.5039300977364362
7844,0.4696709165740858
7845,0.5699417799925031
7846,0.43320923079357343
7847,0.5060063596914551
7848,0.6037684374819887
7849,0.372905789441617
7850,0.5703276141266796
7851,0.37380445916880223
7852,0.3478086267287541
7853,0.4359459851989287
7854,0.7141131980960148
7855,0.6290207644338038
7856,0.5649567565282476
7857,0.5203479729663569
7858,0.5998433830088234
7859,0.5611500930683322
7860,0.4140776647172648
7861,0.6098213817372468
7862,0.6074347231375603
7863,0.5351339094653573
7864,0.7041468742353468
7865,0.5071865827016151
7866,0.5885852917379223
7867,0.4366711108386024
7868,0.7572152163817961
7869,0.6224467142213955
7870,0.5625442276437647
7871,0.3985622459121265
7872,0.4389376630960291
7873,0.4149926191537249
7874,0.5258675896953915
7875,0.40566387515020585
7876,0.47751316560803353
7877,0.4574205068262359
7878,0.5415850801461871
7879,0.418037353248164
7880,0.4966350422454435
7881,0.47005075293240184
7882,0.7658896266009173
7883,0.4459276035129587
7884,0.4808010973967505
7885,0.6145981964149224
7886,0.5411673569646288
7887,0.5100800877963744
7888,0.60184056259101
7889,0.5506396309083232
7890,0.5351170411344965
7891,0.3868234247842607
7892,0.6547813794734056
7893,0.5700922387585377
7894,0.7144331165017203
7895,0.4271166669205827
7896,0.4150476362606134
7897,0.5346962157108138
7898,0.49954557451589376
7899,0.30807826466072463
7900,0.5763091281353095
7901,0.5876179201826911
7902,0.5097297008731609
7903,0.6421029822959436
7904,0.5857213569094323
7905,0.4903640236784435
7906,0.44640364563585516
7907,0.7279444678880163
7908,0.47902374869316405
7909,0.6708065704816191
7910,0.48731519684131286
7911,0.4468329618219691
7912,0.7036170511685759
7913,0.42940653886899305
7914,0.49531775449071574
7915,0.6797656534047091
7916,0.6481817106800023
7917,0.4854978704730423
7918,0.4257743170149605
7919,0.5720799943422564
7920,0.7280804497018564
7921,0.42407463542714385
7922,0.4593132397838544
7923,0.5937074639110358
7924,0.425237112122794
7925,0.4864594046904889
7926,0.5093679848118893
7927,0.48284265149194366
7928,0.3808960882110942
7929,0.5066955828287292
7930,0.6385751352268567
7931,0.48639667350737975
7932,0.7409946485680305
7933,0.5349423300829182
7934,0.4378577070722387
7935,0.49717824942763544
7936,0.4617707401513854
7937,0.5693235007956128
7938,0.5578261743770629
7939,0.4891935353765636
7940,0.43761585874705633
7941,0.4558809599399624
7942,0.5126433806833985
7943,0.5601685849696553
7944,0.7231906211529882
7945,0.38552834449254947
7946,0.5855192282646904
7947,0.5235211400203279
7948,0.5249824504074213
7949,0.674584901826016
7950,0.41832087685623487
7951,0.5880929571272699
7952,0.4082390473265275
7953,0.422780808015741
7954,0.40730360074440597
7955,0.5034305978411974
7956,0.46531827451921526
7957,0.6024927916636355
7958,0.6182767534363406
7959,0.49714182853300426
7960,0.43776538276563176
7961,0.6035914866908626
7962,0.6130857206828217
7963,0.45360390825857455
7964,0.3733230810433844
7965,0.5638983706082056
7966,0.5032674539427191
7967,0.4820648198428022
7968,0.6513509572432418
7969,0.5064327203740531
7970,0.4897703813285076
7971,0.5177102344659035
7972,0.5519556619814303
7973,0.5285282100566147
7974,0.5594696466159406
7975,0.5932533222801555
7976,0.43044786120098294
7977,0.5414300176248086
7978,0.5377051660083204
7979,0.5302635767327519
7980,0.3693960295241059
7981,0.4595597559874602
7982,0.55688273454107
7983,0.45524507964122785
7984,0.5585059301370054
7985,0.47338031360926125
7986,0.6588177834098062
7987,0.6519890727043534
7988,0.45180168684663924
7989,0.6692816399841124
7990,0.7510147871121959
7991,0.446448467983184
7992,0.47313521245498363
7993,0.3583084647411229
7994,0.6204835245888352
7995,0.458914268084861
7996,0.5962534513403744
7997,0.5307660182959644
7998,0.491030926582475
7999,0.4400689362570114
8000,0.39646269526385525
8001,0.4580605315804374
8002,0.4707841707381206
8003,0.536442743549819
8004,0.472186199157017
8005,0.4695837648334353
8006,0.7032936246420972
8007,0.46062568794697545
8008,0.5066261603705666
8009,0.6159230187449097
8010,0.5594011987464719
8011,0.5341907821750634
8012,0.4620832838166126
8013,0.5540053940774559
8014,0.7291383568012137
8015,0.6330608285798184
8016,0.43617154743800296
8017,0.6683061468991129
8018,0.5164743208277062
8019,0.5349764327743244
8020,0.45214459958522546
8021,0.49213323610134163
8022,0.4177880307519298
8023,0.4976202184478849
8024,0.5007028141080831
8025,0.4786135536375582
8026,0.4444136041154404
8027,0.6609943440688607
8028,0.5016418073425263
8029,0.6218160437859159
8030,0.3952695913853906
8031,0.4879993087063007
8032,0.48716562321042667
8033,0.501404709565617
8034,0.4987533482123425
8035,0.5176049032968311
8036,0.4547104625197422
8037,0.548961994889119
8038,0.5120700820542095
8039,0.4818061002727219
8040,0.49266102816665547
8041,0.5026538872260821
8042,0.5330427509929371
8043,0.5400908577809906
8044,0.5479070368403166
8045,0.30331241639447726
8046,0.4782757277369081
8047,0.44887950913870467
8048,0.4741550071418476
8049,0.49683705533393746
8050,0.4824404558940924
8051,0.4982432916021982
8052,0.5840262341103818
8053,0.49478530900263706
8054,0.47700420429686047
8055,0.331337077976387
8056,0.7525514885993606
8057,0.4219620557285691
8058,0.7330626818722237
8059,0.5156765502777827
8060,0.5862119901883501
8061,0.503318236646187
8062,0.4393676742617144
8063,0.501866756458369
8064,0.5711752180763295
8065,0.4971170794923375
8066,0.5862203150012382
8067,0.6334456127041187
8068,0.30597142524055343
8069,0.486809882068602
8070,0.4931209940204038
8071,0.4724911941738372
8072,0.41450493748418327
8073,0.608061834812457
8074,0.526853319104279
8075,0.5203918597347809
8076,0.5301530798996232
8077,0.48250672939008266
8078,0.4358734317674417
8079,0.4510077336227685
8080,0.304903195455278
8081,0.6096949817705417
8082,0.5021871894700991
8083,0.5141995484760304
8084,0.6983002441357067
8085,0.47768515996398947
8086,0.6040808668092319
8087,0.5287299139938337
8088,0.6709975638501566
8089,0.5471967827842128
8090,0.3425458679684886
8091,0.5385582889648477
8092,0.44217130746944555
8093,0.328990280675084
8094,0.6478895688603343
8095,0.44121451486183566
8096,0.42227805769175086
8097,0.4774335085130985
8098,0.6480235783846583
8099,0.4655518289428462
8100,0.5057685446088271
8101,0.41628006363418063
8102,0.488158851582684
8103,0.4255929706536151
8104,0.5773169207082913
8105,0.5708725650976565
8106,0.5402707861759111
8107,0.5759337131548915
8108,0.46940722264185536
8109,0.5545656189601051
8110,0.6982598455842933
8111,0.4364733808876334
8112,0.6014386890640523
8113,0.5874208646764695
8114,0.4421164084181123
8115,0.7030612829634892
8116,0.5822992068421671
8117,0.4252181767893117
8118,0.5271012384176895
8119,0.5581498034407031
8120,0.46190023737660546
8121,0.4485036003109597
8122,0.39167098740270406
8123,0.7797903050638693
8124,0.6234171002775494
8125,0.5040992610233028
8126,0.4919075062280938
8127,0.5055114351706249
8128,0.42002786842667705
8129,0.46294494747705667
8130,0.42472625267341957
8131,0.7586064415526941
8132,0.3669748133382936
8133,0.43573142357793043
8134,0.3011220569446153
8135,0.4560700502487358
8136,0.42850562576689843
8137,0.6442937254584916
8138,0.4577765266927267
8139,0.4243526424113063
8140,0.6028369050778667
8141,0.45879968305945873
8142,0.7646138899527395
8143,0.4564601811098805
8144,0.4590800731553654
8145,0.6342451755949464
8146,0.4810377903957381
8147,0.4885900505883427
8148,0.4261068210675665
8149,0.5586627628630855
8150,0.590731408265859
8151,0.5096798651634269
8152,0.4028149278909641
8153,0.7748479388451338
8154,0.5614046623489275
8155,0.40928555050470783
8156,0.47440152780262557
8157,0.4054264154481545
8158,0.6543626449288188
8159,0.5362537522779616
8160,0.5725198987356453
8161,0.5195776537041511
8162,0.48807940236170816
8163,0.4717546411778907
8164,0.6126193871619157
8165,0.6631322725160367
8166,0.4039050984272672
8167,0.5824849029840433
8168,0.5601971188837771
8169,0.4207234285792377
8170,0.3973720733452244
8171,0.43878473652198346
8172,0.6583225364923493
8173,0.3960138760211982
8174,0.510066666763421
8175,0.5505499590912992
8176,0.49013094340499536
8177,0.5664068796726128
8178,0.6491608545417507
8179,0.5888482841697068
8180,0.5283516960494301
8181,0.5365036425267642
8182,0.3810597947560257
8183,0.627542977292527
8184,0.6018673466279272
8185,0.38687161704828493
8186,0.6274439163516808
8187,0.47137691118166464
8188,0.5057944701233018
8189,0.6924949047031507
8190,0.4432505877316182
8191,0.48949938090648293
8192,0.6485084776167812
8193,0.6737705036490254
8194,0.6230179277982342
8195,0.44342285311604435
8196,0.4006261642263257
8197,0.5862323238772961
8198,0.6370820075171002
8199,0.48823273031341996
8200,0.5148649536623191
8201,0.8596220339676344
8202,0.5030665860116971
8203,0.47875600514655386
8204,0.6456932024026439
8205,0.8847274856541196
8206,0.48349353033716663
8207,0.5652402184873522
8208,0.49692169348195925
8209,0.48450118954263255
8210,0.5010620273960579
8211,0.3419852161808708
8212,0.42403881574675045
8213,0.503397744215874
8214,0.49278297603899646
8215,0.4066665842970388
8216,0.7386810027996162
8217,0.44496541243442195
8218,0.5217176761010368
8219,0.5456946458905905
8220,0.5175947916655727
8221,0.5799429899006401
8222,0.5211865503835086
8223,0.6445941560271962
8224,0.6408540165463874
8225,0.441622851499896
8226,0.5520404439371125
8227,0.4916912455751614
8228,0.5112082072304085
8229,0.43845968502179206
8230,0.5688821469657599
8231,0.46053990841835346
8232,0.4646873957556495
8233,0.4973047403167877
8234,0.41202961923147013
8235,0.44397420901057283
8236,0.4697330685805324
8237,0.5946559622250657
8238,0.49820761912069306
8239,0.5331377885016391
8240,0.4094427999590446
8241,0.7237689017017318
8242,0.5396419195419075
8243,0.5022959231698934
8244,0.6385884799534935
8245,0.40494753191623634
8246,0.4244680680191023
8247,0.49078548007371375
8248,0.3875651644156164
8249,0.3899350689180465
8250,0.4943922469751572
8251,0.41328607406476064
8252,0.4830964990403366
8253,0.4596422641530548
8254,0.5731116186115779
8255,0.6379972246939603
8256,0.5615146758573428
8257,0.5640331474480099
8258,0.5255970212096897
8259,0.6175500038682828
8260,0.5596424033560586
8261,0.6053520884602006
8262,0.5906728955924777
8263,0.5137189074630657
8264,0.5700895828100544
8265,0.5315311108748056
8266,0.43739303957910725
8267,0.4352095564176912
8268,0.42452785519646663
8269,0.4099615407564453
8270,0.5280305519444133
8271,0.44839074950521834
8272,0.5557478703898557
8273,0.45241816553588127
8274,0.3650612276590366
8275,0.4376884449186907
8276,0.6861449688505689
8277,0.5571357178722519
8278,0.49877566125759804
8279,0.5503250094244087
8280,0.4872376060833012
8281,0.5604685414702848
8282,0.4221694050885253
8283,0.4348579723576197
8284,0.4597027562680459
8285,0.40327330897209485
8286,0.34007124649601084
8287,0.4555553274618305
8288,0.41975187275855774
8289,0.5190461644690126
8290,0.4348603165118483
8291,0.5465084144900493
8292,0.6333476725474634
8293,0.7032911629955755
8294,0.47838748290853783
8295,0.5098574651128148
8296,0.5348743797940405
8297,0.5746256223014625
8298,0.427746759978268
8299,0.5986505261839908
8300,0.6367422020737902
8301,0.45810558863800677
8302,0.5609409202230551
8303,0.5057307424051789
8304,0.5159896874963049
8305,0.46884928389693986
8306,0.6262561689871808
8307,0.5490665124274111
8308,0.49942671576339615
8309,0.5714465313526985
8310,0.33752369794147996
8311,0.4422475001895438
8312,0.4247668040401217
8313,0.4795346110298642
8314,0.6859756496382907
8315,0.5307689507632549
8316,0.42723802653556664
8317,0.5196443519433745
8318,0.44543215556505555
8319,0.6648974521696827
8320,0.5252181613503257
8321,0.5335335960430277
8322,0.292308457900585
8323,0.49064364508214386
8324,0.5853476920145365
8325,0.4945053586162153
8326,0.6079538110001114
8327,0.6039144102119773
8328,0.45786336308198294
8329,0.39518778373243035
8330,0.4182161401288268
8331,0.44102672327742204
8332,0.48929936898176973
8333,0.48455021911538526
8334,0.594832015208201
8335,0.44109152287058834
8336,0.5313110500015146
8337,0.5564866157696413
8338,0.5945274473668036
8339,0.6773248991533009
8340,0.30968044890938307
8341,0.4111881606915426
8342,0.6161748680126165
8343,0.4314864079176359
8344,0.4859880230426522
8345,0.5312901604031732
8346,0.5728987970572696
8347,0.5042801867633299
8348,0.7402622421062546
8349,0.4563616403967614
8350,0.43499606328634927
8351,0.36449543773262294
8352,0.45642852078352997
8353,0.4477789642360547
8354,0.7440063679778728
8355,0.5780432020951541
8356,0.6382387887541544
8357,0.5905094662958624
8358,0.6101596320309595
8359,0.28785927142975665
8360,0.4681909412756339
8361,0.685804751472405
8362,0.639140680889251
8363,0.4593801330102438
8364,0.3393129527404814
8365,0.5341647906090883
8366,0.655548268257067
8367,0.5902812971033241
8368,0.5681849945532181
8369,0.32419088058490936
8370,0.5260299678314455
8371,0.5293739337209017
8372,0.5101765560138423
8373,0.37578746659616
8374,0.5919154667726335
8375,0.7002579803364172
8376,0.47717725347911694
8377,0.5916296923628402
8378,0.47106823983808754
8379,0.48595631933011774
8380,0.6475839306524338
8381,0.5792707770171637
8382,0.6627387276972725
8383,0.5779521045381634
8384,0.5648746595582276
8385,0.7152726883842618
8386,0.6895987525584727
8387,0.45931906685692836
8388,0.529867392164751
8389,0.33780443289047984
8390,0.5547294491619567
8391,0.846782539030654
8392,0.7099595887453357
8393,0.5433250015636742
8394,0.5494553267235197
8395,0.5973659259990572
8396,0.7112032033714789
8397,0.4886994124269743
8398,0.5310688875874645
8399,0.45297930622303856
8400,0.4948599780215392
8401,0.4553717369779957
8402,0.5194256218517216
8403,0.5118540235667774
8404,0.36888941221862515
8405,0.4681294465651608
8406,0.6650477957618068
8407,0.7076612052157258
8408,0.5220984841181938
8409,0.6475477560809725
8410,0.5093940099241844
8411,0.5740619909342215
8412,0.3427979023217812
8413,0.5352219748990567
8414,0.5235090506442658
8415,0.6348964370229032
8416,0.3584075036272809
8417,0.5197212349385912
8418,0.43886227628724417
8419,0.49409665913704176
8420,0.556386739461672
8421,0.5257415579408383
8422,0.5023164047166641
8423,0.4750169810834015
8424,0.5496762718549976
8425,0.6909740944842975
8426,0.46706401569243433
8427,0.737342796265867
8428,0.49280076580207355
8429,0.656336530708898
8430,0.4311625987534191
8431,0.48288586760828656
8432,0.5593543386488675
8433,0.3881333863625641
8434,0.523826883277645
8435,0.8132389684405833
8436,0.42021930417770326
8437,0.5697051462873919
8438,0.5484923704198345
8439,0.5038259779558805
8440,0.3599867819067824
8441,0.6162219817700367
8442,0.5307014567584353
8443,0.5792259375805282
8444,0.4549792590260976
8445,0.5691838834793324
8446,0.4782311825758036
8447,0.4426150771720218
8448,0.5785337072082952
8449,0.5111597103828294
8450,0.450552536908313
8451,0.539166858371695
8452,0.468842796339008
8453,0.5038185173667533
8454,0.6304485597881078
8455,0.6280217489182256
8456,0.5161414403446906
8457,0.5164521489748167
8458,0.4439258207319097
8459,0.5016490002571589
8460,0.6655977178843988
8461,0.5338988964698099
8462,0.537181065876013
8463,0.4816972403098665
8464,0.44804088906250433
8465,0.604770943499114
8466,0.5965302955228257
8467,0.48319244804290007
8468,0.39049166894030896
8469,0.5294955539444429
8470,0.4876242428854161
8471,0.7788484623649732
8472,0.6173117930356542
8473,0.7042299821147492
8474,0.6185043815355449
8475,0.48299124910859714
8476,0.5487462719307672
8477,0.5251617610081346
8478,0.5831334172986335
8479,0.30294655861074526
8480,0.5290150929752406
8481,0.5523897345091022
8482,0.447378878084841
8483,0.3884110586132937
8484,0.5487116266030101
8485,0.35081777466415265
8486,0.8262295877168229
8487,0.551496371859154
8488,0.33684141103820786
8489,0.5214416942238428
8490,0.6900186442217828
8491,0.482622317758324
8492,0.3752227802312275
8493,0.5122882880937681
8494,0.40517836356781667
8495,0.5304127370517997
8496,0.39097064748304466
8497,0.5071051501452838
8498,0.42097115915666905
8499,0.6479707610967244
8500,0.5475625600608909
8501,0.4543536344645223
8502,0.484750757806876
8503,0.5027031231940556
8504,0.5031408025142841
8505,0.47593851261339776
8506,0.4862818376086001
8507,0.533123942297621
8508,0.6815048184123702
8509,0.4948257397543985
8510,0.421114201398278
8511,0.5244811918107032
8512,0.7360307591755754
8513,0.5419835152723493
8514,0.48925302097133405
8515,0.46065633394711253
8516,0.542320337674136
8517,0.5929398577722711
8518,0.4570739658351661
8519,0.6242541212346413
8520,0.5248897336327227
8521,0.4310896895585818
8522,0.4129489286562208
8523,0.4922668217160211
8524,0.5612952878432773
8525,0.4276950220369829
8526,0.38051263972546295
8527,0.5839180579521274
8528,0.5277526554553152
8529,0.5955414961115904
8530,0.5504153228617583
8531,0.46010680277461724
8532,0.5956387440600026
8533,0.5085691474469286
8534,0.49336190136283753
8535,0.5334178879321201
8536,0.543865137008845
8537,0.5707959574991771
8538,0.5593392166988012
8539,0.3906762391547186
8540,0.539218134163221
8541,0.6736856993136083
8542,0.5903564348943621
8543,0.5735415185857382
8544,0.47691092856716255
8545,0.5340161504273013
8546,0.38411264947519486
8547,0.41265630270980647
8548,0.6131047926729976
8549,0.4519431992414205
8550,0.37758689556950153
8551,0.34734555000874595
8552,0.6965589588758327
8553,0.5280799509271443
8554,0.5107252002331107
8555,0.6224521290290762
8556,0.675485213283358
8557,0.532462113845516
8558,0.4400749563877953
8559,0.5662332275604673
8560,0.5623691483288557
8561,0.5394618332869596
8562,0.5146668622605475
8563,0.6177869557260723
8564,0.58633465977797
8565,0.48333518116522134
8566,0.5779497534717856
8567,0.5950969927895018
8568,0.5145495289383372
8569,0.6630904833197675
8570,0.5396660269897694
8571,0.4869124537263797
8572,0.498061079666501
8573,0.6805522373494067
8574,0.5763202055435943
8575,0.5105941801853175
8576,0.44688089941250264
8577,0.48133181021505667
8578,0.5019408987373088
8579,0.4246276316024887
8580,0.5426614830812995
8581,0.4355959461424961
8582,0.5041947101982164
8583,0.5888789819739123
8584,0.40066667429442443
8585,0.5246823233669079
8586,0.42063351977088903
8587,0.3910897169364421
8588,0.3868908879406935
8589,0.6016536376807988
8590,0.5492669033061429
8591,0.6269907880682939
8592,0.7052173791661607
8593,0.42031182077812235
8594,0.5395352975172683
8595,0.4596418338387877
8596,0.5347092740931816
8597,0.6038032167181439
8598,0.34534772649269674
8599,0.7835479451151887
8600,0.5015194262588303
8601,0.3508141702182681
8602,0.4628605502569779
8603,0.5209441774752579
8604,0.4625945966806615
8605,0.3552107772582781
8606,0.5215733240895599
8607,0.48250641978022074
8608,0.6287568794080595
8609,0.6411397370648554
8610,0.5863931215450758
8611,0.4720565355577938
8612,0.5419999137916351
8613,0.5043707458012817
8614,0.3307193334352213
8615,0.4889312773758443
8616,0.6099230832449433
8617,0.47007975664288804
8618,0.5413616113080483
8619,0.44019047355015595
8620,0.5661645826721168
8621,0.4452607964721172
8622,0.4433861631014533
8623,0.7414661828454648
8624,0.3434842093424012
8625,0.4752628424935387
8626,0.41266781760118765
8627,0.42190959098195036
8628,0.43544323144000785
8629,0.44061948613375174
8630,0.566558358937914
8631,0.38458031500718787
8632,0.6855774630940279
8633,0.7803132914829823
8634,0.616950106089241
8635,0.5356220366268789
8636,0.5354544455443142
8637,0.6511772253658329
8638,0.40352274757708795
8639,0.5675847813992405
8640,0.4448595384947105
8641,0.49122798411315416
8642,0.4505515849674626
8643,0.5555934685338908
8644,0.40899394043140347
8645,0.3892786022073177
8646,0.5454034999328425
8647,0.5155237253725792
8648,0.5257048554489747
8649,0.581927983468934
8650,0.5429914550383947
8651,0.48882048226123903
8652,0.6476766902579671
8653,0.5403875391075119
8654,0.42834573234252726
8655,0.46124139577881473
8656,0.4960950376605218
8657,0.4891724813136828
8658,0.5352082496240159
8659,0.4473126607129847
8660,0.5411063641007773
8661,0.5199358950008484
8662,0.41342480130857506
8663,0.5984397629527085
8664,0.513057255434715
8665,0.6841121909971538
8666,0.4279302936866837
8667,0.55790268101718
8668,0.6174258284719875
8669,0.40082892119055724
8670,0.6471020039340105
8671,0.5763776213418356
8672,0.4733212880366996
8673,0.42157341724870473
8674,0.6929960028306502
8675,0.43674587758006206
8676,0.41204807745358957
8677,0.4672942761423564
8678,0.6299480246725964
8679,0.4694528631722667
8680,0.4714854951728158
8681,0.4027584717907301
8682,0.4408929315201201
8683,0.5014569496968052
8684,0.38844469101597345
8685,0.3518587156875699
8686,0.7070491575737732
8687,0.5390108374880674
8688,0.6777008406755377
8689,0.4680061476366266
8690,0.5549217798588852
8691,0.5577073607126892
8692,0.4563750798049485
8693,0.5734885129545576
8694,0.5422600694510887
8695,0.6687255484065374
8696,0.5332229689018035
8697,0.41269606378515566
8698,0.49380161003487405
8699,0.4773627008032422
8700,0.46754900004344185
8701,0.41067383042375377
8702,0.6695504980499494
8703,0.5389605790561658
8704,0.4055686598027968
8705,0.47658316698821573
8706,0.5254163555485798
8707,0.6129257103083671
8708,0.48685003793083514
8709,0.77488595133748
8710,0.4681616607522629
8711,0.549876472011585
8712,0.4487677021331841
8713,0.5267029662178103
8714,0.4661304402810945
8715,0.39773498895876824
8716,0.6368403437040504
8717,0.4713485525781485
8718,0.6689732533441609
8719,0.3344387528314692
8720,0.5139822726394382
8721,0.6432928834218078
8722,0.6270690127539765
8723,0.5254145331496709
8724,0.4408011578413048
8725,0.5542727676359095
8726,0.47176914286316696
8727,0.5044677958082535
8728,0.6427722159429496
8729,0.5557175057596618
8730,0.5607303546433896
8731,0.5344837012455118
8732,0.4684506848082749
8733,0.46851855073500914
8734,0.4058770370545834
8735,0.4794601175754791
8736,0.47602051077919044
8737,0.44814066768113786
8738,0.3998109940341008
8739,0.5943396427920979
8740,0.47823890792081347
8741,0.4053192430938421
8742,0.7780957222892322
8743,0.41649184315026405
8744,0.5047189178691561
8745,0.3405653295087362
8746,0.4940778243102486
8747,0.4163314907582333
8748,0.4185385991804077
8749,0.606954354187038
8750,0.44529922191976146
8751,0.4248261831618041
8752,0.5493825317262615
8753,0.481112983915049
8754,0.567811964143184
8755,0.42709452442023016
8756,0.4335877098653049
8757,0.5043663266009449
8758,0.638663910144325
8759,0.48503288614628615
8760,0.47177562180368343
8761,0.6062899942702016
8762,0.4953386740633444
8763,0.528262187025237
8764,0.5205131761356248
8765,0.49697184050105203
8766,0.5021068635039709
8767,0.5099067994743965
8768,0.6961597197574378
8769,0.5191049649699154
8770,0.4511825554060915
8771,0.4373649423670337
8772,0.5441509708589847
8773,0.47147314892042846
8774,0.6022373483553446
8775,0.5601985184120086
8776,0.5890783843095473
8777,0.4708897024016407
8778,0.479767566867999
8779,0.5428906938775361
8780,0.48445986683820874
8781,0.5409870287341183
8782,0.5138749005510764
8783,0.5201249354513012
8784,0.5796261971256904
8785,0.43411472621031966
8786,0.45774838555878405
8787,0.41207741282661864
8788,0.4162398665487592
8789,0.5113755038912906
8790,0.3832331160203033
8791,0.44486391239222706
8792,0.584777451116305
8793,0.4628379686991861
8794,0.6026170474801114
8795,0.4267149699356564
8796,0.5593237688658622
8797,0.4912498375846669
8798,0.5236284111275665
8799,0.34461389008137977
8800,0.5356011880670699
8801,0.4824419139057064
8802,0.5097522292915798
8803,0.5637883054512112
8804,0.5032035059972495
8805,0.6234012614483432
8806,0.7579307658311788
8807,0.5540643639058345
8808,0.36476242066935693
8809,0.3512532762913403
8810,0.5584482489662598
8811,0.4466256409002404
8812,0.5856896214406947
8813,0.4809531476393415
8814,0.5355090359033277
8815,0.5932149181492885
8816,0.6634670834937417
8817,0.4228061492803417
8818,0.3669319333336901
8819,0.44030700245544013
8820,0.4376566506934322
8821,0.4016338125248837
8822,0.728737121922974
8823,0.3291370373246389
8824,0.5260576899457469
8825,0.5257697660245947
8826,0.6501672014881344
8827,0.6154337801877006
8828,0.6365209190302811
8829,0.6204711969701604
8830,0.5433513313411626
8831,0.546870600848432
8832,0.6968235807527973
8833,0.43868044172593534
8834,0.5600734229267376
8835,0.5331839662574672
8836,0.5681814386905022
8837,0.3996004173167633
8838,0.768498101572283
8839,0.5702419630863362
8840,0.5127764736114788
8841,0.3365964576668171
8842,0.5856363810149322
8843,0.7386386084576902
8844,0.5544011151852398
8845,0.34187303410367004
8846,0.6444325196682261
8847,0.5514614109373802
8848,0.6551209039032491
8849,0.47640107078004046
8850,0.7199164526352799
8851,0.5243256164272914
8852,0.5150784301325096
8853,0.5326711826918603
8854,0.5564461076293431
8855,0.46282988376843615
8856,0.5157939012873277
8857,0.584212907702939
8858,0.46334955651977366
8859,0.5546967375201478
8860,0.5835604714107694
8861,0.7320878697615376
8862,0.46384214982225747
8863,0.5373915857045375
8864,0.6146361717404722
8865,0.41174912038678224
8866,0.49813691211267036
8867,0.47628789891756657
8868,0.45843587377590517
8869,0.5172210820242009
8870,0.4944114974755171
8871,0.5203654577460378
8872,0.45942779195563943
8873,0.4878690162059291
8874,0.35064461335752206
8875,0.5694445502748571
8876,0.6738767392687738
8877,0.6305166116778713
8878,0.5789333776457798
8879,0.6869765299451378
8880,0.6342262550918043
8881,0.5211804470921663
8882,0.5986100913634509
8883,0.37581748048400054
8884,0.4172361791186004
8885,0.451520395759208
8886,0.5941764974300014
8887,0.4944905630575927
8888,0.4949098048666536
8889,0.4643659974484849
8890,0.4241087854565576
8891,0.5746447784443559
8892,0.36107854449250365
8893,0.46394615457695604
8894,0.527977890071568
8895,0.3817183419004446
8896,0.5727075064507688
8897,0.5524225703874435
8898,0.5618141932224985
8899,0.5447940311829581
8900,0.5583144312505857
8901,0.4605426062585911
8902,0.7319917735346486
8903,0.5193471235258443
8904,0.7643255195036242
8905,0.5343573224331724
8906,0.5130994555584972
8907,0.42715351635638377
8908,0.6522115161583786
8909,0.573983897425454
8910,0.6064846639056864
8911,0.5139457311995205
8912,0.40498618294807437
8913,0.3669113358660874
8914,0.45962683255959214
8915,0.4750382429078015
8916,0.5352164285563006
8917,0.5756288342301951
8918,0.5316565733819641
8919,0.6269407525988139
8920,0.4637038093239864
8921,0.3723569693213259
8922,0.47601431096908614
8923,0.3274371569580112
8924,0.42876247534272827
8925,0.5314509418174496
8926,0.5359182148801966
8927,0.6270565951740199
8928,0.4772399741724969
8929,0.45103121090335285
8930,0.4409632967556806
8931,0.47224819761838516
8932,0.4749205449240181
8933,0.7041652712838302
8934,0.5527642556146299
8935,0.5263535898996134
8936,0.3724383870474198
8937,0.5201653327787314
8938,0.6220175337644718
8939,0.3575121108012914
8940,0.5889904534086162
8941,0.40072366112380553
8942,0.6163274477433109
8943,0.5742484669700223
8944,0.6277830201223282
8945,0.42997216768512586
8946,0.4999102441897267
8947,0.5608104447040427
8948,0.4434720259637722
8949,0.48796849333482895
8950,0.4958800177697807
8951,0.5773231580223628
8952,0.37331583610298724
8953,0.6345197112749468
8954,0.516694838106677
8955,0.5363018066621786
8956,0.5603477270749087
8957,0.5499868464379492
8958,0.6305153061112694
8959,0.5212585442925909
8960,0.700629485022826
8961,0.4944244095202238
8962,0.576220887285479
8963,0.6228854690793056
8964,0.5964511715166306
8965,0.6037169489521506
8966,0.3734815554099803
8967,0.35977063404679055
8968,0.5106285137657027
8969,0.5382751426981601
8970,0.7831909003351486
8971,0.5121225883128623
8972,0.528917515694183
8973,0.5188952600241022
8974,0.6697972803498048
8975,0.40821814284250624
8976,0.3893777124963127
8977,0.39153974070571596
8978,0.5381190895139593
8979,0.5235146261053384
8980,0.6067722061912414
8981,0.5900592173668513
8982,0.5069701866434198
8983,0.45561158917468
8984,0.39893320509644403
8985,0.42593592615525167
8986,0.629339092676249
8987,0.4048401986852862
8988,0.362078949805147
8989,0.5656335963309456
8990,0.5517702073730196
8991,0.49526827383139266
8992,0.39649020249482136
8993,0.6778357580527148
8994,0.477325688360616
8995,0.7181265774093994
8996,0.565418110152389
8997,0.6126497160722353
8998,0.6079352835443835
8999,0.39087372108525165
9000,0.43467608155403603
9001,0.5398261496989349
9002,0.45925121120076423
9003,0.871083459890494
9004,0.43135436196609933
9005,0.40831166763215404
9006,0.4086329374512536
9007,0.5598626416206427
9008,0.5260418961560301
9009,0.470808926779611
9010,0.4138118553234914
9011,0.5223027050250019
9012,0.4972867457704999
9013,0.5639514490908863
9014,0.8446828248885456
9015,0.4268347216180872
9016,0.4547060057937844
9017,0.5404053838004195
9018,0.4951556883193287
9019,0.3733294967732518
9020,0.5358890758522608
9021,0.6089597314615969
9022,0.5464548580463908
9023,0.6198939573769591
9024,0.5116580570539699
9025,0.39716085577195304
9026,0.5091875866779205
9027,0.5293348769280576
9028,0.4166649809565092
9029,0.5732204348284521
9030,0.4047647010093385
9031,0.4343845888467368
9032,0.45697076042572127
9033,0.5952815360396324
9034,0.6044243190251626
9035,0.5424748977495331
9036,0.5356838182431943
9037,0.5633176067039853
9038,0.6026361009385438
9039,0.5862286978603439
9040,0.5749942076437674
9041,0.42184411578079767
9042,0.4937963591713054
9043,0.33196591391822683
9044,0.6086190791013825
9045,0.47592034184582366
9046,0.34384748878465776
9047,0.6116871296872587
9048,0.5564709392526074
9049,0.4387437086747108
9050,0.4626238433818764
9051,0.4181199266002379
9052,0.4823928083622231
9053,0.5439916950079603
9054,0.5894645602912755
9055,0.5543241135120094
9056,0.7516311384672618
9057,0.5865804294703352
9058,0.4957496676414504
9059,0.4452496674962373
9060,0.5679372116794307
9061,0.5132234812816626
9062,0.6571469422634966
9063,0.45864756322435496
9064,0.6626204337674002
9065,0.5845186963482615
9066,0.48843998032449404
9067,0.5048432463108001
9068,0.46703769754921387
9069,0.6829415014064893
9070,0.4507800515968374
9071,0.6642567183970265
9072,0.5137885492502886
9073,0.6136455769261604
9074,0.3985380071488228
9075,0.6954588035961644
9076,0.4092048337745686
9077,0.49324380567349513
9078,0.4970283964883736
9079,0.37295455189717136
9080,0.5595458624377716
9081,0.5678308584145864
9082,0.4707313917894925
9083,0.5672498563698579
9084,0.4333296227967187
9085,0.6951552508909675
9086,0.4970082027369431
9087,0.7249262536759076
9088,0.5154263102656699
9089,0.6177071100249399
9090,0.586935945767278
9091,0.49219782802115813
9092,0.45672329347313
9093,0.5970737647474741
9094,0.4542293761509665
9095,0.634180147832883
9096,0.47974740801433274
9097,0.48730233069021067
9098,0.6486908233849327
9099,0.6805062043987917
9100,0.653118461869707
9101,0.5905610930521291
9102,0.4217986793444601
9103,0.46004590288416397
9104,0.7425263504936899
9105,0.6936763169835183
9106,0.5982866108912521
9107,0.7393998056687364
9108,0.5684037743970121
9109,0.5028007044154543
9110,0.5021066539130788
9111,0.5611244146798753
9112,0.6718642813144358
9113,0.5782854316886141
9114,0.6102055097003971
9115,0.5256646894476734
9116,0.45105448052277525
9117,0.5702631306283634
9118,0.6468034428007685
9119,0.6151148172837118
9120,0.6675958976695582
9121,0.5450426978887039
9122,0.5006986956898256
9123,0.6183106776741321
9124,0.6869583894384175
9125,0.5752550093264395
9126,0.37539509340050514
9127,0.46306256802903567
9128,0.44640575658156556
9129,0.5187957494476572
9130,0.4243563674582666
9131,0.5905312419865419
9132,0.5696340475972651
9133,0.7482786454451416
9134,0.4731054662922406
9135,0.46008657634437755
9136,0.5265295394772156
9137,0.5404330405472347
9138,0.6676323631167488
9139,0.5025091895937044
9140,0.6057998950623895
9141,0.3544470987791529
9142,0.658741420431749
9143,0.411861879465696
9144,0.6568847029151056
9145,0.5480094022500427
9146,0.6020331786002489
9147,0.4079903066940207
9148,0.5308373918406234
9149,0.577107129254022
9150,0.5521707646009922
9151,0.5317110860039862
9152,0.33605644466596774
9153,0.5544517972317272
9154,0.63800128478879
9155,0.4931868181498735
9156,0.6018673674509684
9157,0.618850003337175
9158,0.636644593662693
9159,0.5087755336626013
9160,0.5314665732052938
9161,0.48546171089964607
9162,0.6124604568639916
9163,0.528364927287085
9164,0.3453688978916841
9165,0.6052240236031206
9166,0.6416990063818854
9167,0.6099151594606513
9168,0.6060750669524598
9169,0.4381105101186351
9170,0.5485366353940763
9171,0.6337534623805873
9172,0.6730048811766491
9173,0.7364992715937008
9174,0.49114497392655826
9175,0.47502022426119783
9176,0.532201801729654
9177,0.42930436963741025
9178,0.4296700407282822
9179,0.5475783107450098
9180,0.5696055414908311
9181,0.4917920832503567
9182,0.5567761018443474
9183,0.44208454578583994
9184,0.5219794787895102
9185,0.5471132815327058
9186,0.5008969567913721
9187,0.3733347590766112
9188,0.4194772143005707
9189,0.43127782685519234
9190,0.6556500725575445
9191,0.557603580635069
9192,0.5595985212265511
9193,0.5297758905588412
9194,0.5183259504293775
9195,0.6281007970934233
9196,0.5975392097048109
9197,0.49410173915918704
9198,0.4131053270423413
9199,0.4325092637319542
9200,0.6047888509079202
9201,0.7190026433285787
9202,0.4792868870044956
9203,0.5747254996190696
9204,0.6713925204917034
9205,0.5704783236069649
9206,0.46531506917468474
9207,0.549680828761426
9208,0.4445017066047097
9209,0.44999890086514344
9210,0.526203487233081
9211,0.5600141964092018
9212,0.5033575639498643
9213,0.5029584865027571
9214,0.6512766079970017
9215,0.6189299126226657
9216,0.5422029299753706
9217,0.517253502446304
9218,0.5665493059591911
9219,0.6201498925859601
9220,0.42837503206220917
9221,0.5329023893407872
9222,0.47147468476530136
9223,0.5048681977309972
9224,0.6542516108769758
9225,0.493440052311717
9226,0.5869597176154847
9227,0.5070403556786666
9228,0.5390231849222286
9229,0.37327613933807813
9230,0.603799960855947
9231,0.5750523722606097
9232,0.33903671387977324
9233,0.361755502930173
9234,0.7614428256268319
9235,0.4784426405720909
9236,0.6166574128891716
9237,0.49693095416294863
9238,0.5897682778702757
9239,0.4173003314872331
9240,0.603926856511212
9241,0.6288456917108893
9242,0.49305135631866315
9243,0.4466349932638936
9244,0.5729283663405571
9245,0.4047970834359167
9246,0.48324107759442037
9247,0.5253096615987031
9248,0.517365854371966
9249,0.3194152037081007
9250,0.544692553682182
9251,0.4894214897538764
9252,0.539953398110894
9253,0.5120499017128102
9254,0.5752650754518187
9255,0.4404836190417015
9256,0.39055427151756883
9257,0.5955951408793697
9258,0.4164207415959654
9259,0.44293122265580015
9260,0.6927065409020731
9261,0.5910607999677773
9262,0.6813818272986746
9263,0.537837828271318
9264,0.6742164964498101
9265,0.44394008263485457
9266,0.493479164664825
9267,0.4108139330979726
9268,0.5235261348578093
9269,0.47031859168850604
9270,0.5692116487211532
9271,0.5423757434518268
9272,0.49252063209729624
9273,0.45872559902337334
9274,0.539388971646851
9275,0.7218421163339703
9276,0.5311282729471339
9277,0.45937282641776095
9278,0.4928573730903205
9279,0.6589771963524262
9280,0.4454547685033464
9281,0.5429997488579692
9282,0.5428769633338976
9283,0.5313133482427245
9284,0.7126655330879675
9285,0.5164842736107385
9286,0.494622069286076
9287,0.5244922384392519
9288,0.46349511121755355
9289,0.588988718160991
9290,0.38190351123311284
9291,0.5235371120801083
9292,0.6159006848317925
9293,0.46074429105087134
9294,0.48269751980389286
9295,0.5852747599303408
9296,0.5268571020671572
9297,0.5579849415162313
9298,0.4172163618776009
9299,0.4632248591037733
9300,0.43024945428335715
9301,0.4988021171916816
9302,0.5041784793121736
9303,0.42824328475526197
9304,0.5605886623721372
9305,0.5052479991058767
9306,0.6027981354530181
9307,0.6817169301398884
9308,0.42773329899330326
9309,0.4405756780606103
9310,0.6259947342512799
9311,0.5455152093063544
9312,0.6208222542509959
9313,0.5280523365328444
9314,0.45730681264057804
9315,0.3995696035054934
9316,0.40044106712891586
9317,0.559169539274855
9318,0.44656515694938553
9319,0.6172077037436698
9320,0.3480186969277482
9321,0.5266363682633153
9322,0.4417059609641732
9323,0.6269426724844235
9324,0.46106137801119046
9325,0.6871658313212528
9326,0.7177734811198284
9327,0.5181293117095558
9328,0.6804387307535421
9329,0.648885885685317
9330,0.7173331479789803
9331,0.5525857910990635
9332,0.6244373540567819
9333,0.42757783302421903
9334,0.49045923038978567
9335,0.7968012834458862
9336,0.4794862051957245
9337,0.4873766764477532
9338,0.3314745695717518
9339,0.46314590013634094
9340,0.46675816809312654
9341,0.516721659346925
9342,0.5153853926355064
9343,0.4841035630118821
9344,0.4239196308357096
9345,0.4257272852753315
9346,0.4420120249054882
9347,0.7311192367230521
9348,0.7299377192426422
9349,0.3649952606349198
9350,0.5128350636554984
9351,0.6478245716730325
9352,0.3697735072294606
9353,0.4965039326434014
9354,0.5461860519125082
9355,0.4755115162663003
9356,0.5265674077398887
9357,0.5789763048603148
9358,0.6519848338803096
9359,0.5473412197205841
9360,0.38060121324564583
9361,0.49098239209189565
9362,0.47665310606276523
9363,0.6484682389509097
9364,0.2691335518282751
9365,0.608500071661339
9366,0.35495210818735967
9367,0.4162992866164096
9368,0.5647187623308063
9369,0.49941928104693106
9370,0.3609436519560372
9371,0.4991208530627324
9372,0.716394719821856
9373,0.355748052996459
9374,0.5234195018289135
9375,0.7588764096989189
9376,0.5358728739928719
9377,0.6829327302154768
9378,0.4246225239999668
9379,0.7229606204784406
9380,0.6793548783511619
9381,0.5574751640582327
9382,0.36535677085483337
9383,0.4614928507896741
9384,0.5444923752860369
9385,0.5531029117881205
9386,0.5637521026542183
9387,0.45944936533612235
9388,0.5531178055320068
9389,0.7938500335200165
9390,0.5110588310503162
9391,0.5545959820335591
9392,0.6256787522672853
9393,0.6716696104065168
9394,0.5030634223578085
9395,0.47918715685727736
9396,0.5319752223220051
9397,0.5310561035688519
9398,0.45726168820030483
9399,0.48147063421724956
9400,0.5102829004486281
9401,0.563193592062467
9402,0.6537626049234483
9403,0.5287359222763067
9404,0.6842746593446718
9405,0.5941675745182791
9406,0.47038493338595855
9407,0.5553274468875992
9408,0.3901549944436623
9409,0.31758645754521775
9410,0.5524496302863442
9411,0.43887917018113953
9412,0.34882873855259117
9413,0.4825272190785679
9414,0.5932761617425125
9415,0.5180038583309127
9416,0.7142823593574997
9417,0.6063652446229004
9418,0.43828438480117626
9419,0.5724799044730238
9420,0.5332140606946073
9421,0.4145900970295039
9422,0.4775317209868037
9423,0.5387953900705603
9424,0.45682237195301006
9425,0.569168729154718
9426,0.5090582501405545
9427,0.48844280207157964
9428,0.55194661697568
9429,0.427110758475035
9430,0.48862073906655334
9431,0.4126144658910463
9432,0.5567297980401833
9433,0.6774537896102852
9434,0.44192505148593203
9435,0.7797420622111708
9436,0.4923434539747699
9437,0.5840447182680197
9438,0.526366936710487
9439,0.5122406567421998
9440,0.43620535502560875
9441,0.5552569294925414
9442,0.504560241201816
9443,0.3739730683743737
9444,0.4484949986887408
9445,0.6754139752808467
9446,0.4825863779340203
9447,0.6109540810113074
9448,0.631992771163192
9449,0.34195500490002645
9450,0.5520041235882183
9451,0.4223888231060674
9452,0.6015948895819093
9453,0.5551283844923587
9454,0.6754327408624843
9455,0.425005782334005
9456,0.6172611601714811
9457,0.4041435926427244
9458,0.40275378215012386
9459,0.5853902510153384
9460,0.5444168721585402
9461,0.607025960105299
9462,0.7201596935569126
9463,0.4495726874553003
9464,0.6023400171820407
9465,0.46429541173265754
9466,0.6668206033593236
9467,0.5601591047915394
9468,0.6246159677822013
9469,0.5045698248866934
9470,0.8320898960916161
9471,0.7245991494721965
9472,0.43710765430137466
9473,0.7255439603373126
9474,0.4886516408510514
9475,0.44708551135978414
9476,0.5426094309545921
9477,0.4645771962091814
9478,0.7711364150858241
9479,0.5304434092266067
9480,0.5110184472050211
9481,0.5514911453067282
9482,0.7313558334864081
9483,0.5676479036349577
9484,0.4501675067533946
9485,0.3903381085784149
9486,0.6041585069406759
9487,0.5863231434607159
9488,0.718566189705521
9489,0.6248685352462789
9490,0.4939862357960393
9491,0.6265029092091341
9492,0.6816337225833567
9493,0.5073419099251306
9494,0.5555571754463275
9495,0.6349040881892745
9496,0.5340463894231117
9497,0.5646294660665582
9498,0.5710905580849721
9499,0.49424856561788205
9500,0.7334576666435466
9501,0.44936251574742425
9502,0.4371058730184692
9503,0.54373518657353
9504,0.45271603948727523
9505,0.36971847244963557
9506,0.4135385223600698
9507,0.5717994381436106
9508,0.5420381323456888
9509,0.49098804653465766
9510,0.5509577448079191
9511,0.677870458705161
9512,0.41318310655568136
9513,0.6620822685983849
9514,0.5201055709454764
9515,0.36791469329424176
9516,0.47310213206690077
9517,0.6220027929441702
9518,0.5036451904215842
9519,0.6070178491271154
9520,0.615983669665396
9521,0.691327852290573
9522,0.5656218326495386
9523,0.7513470498096984
9524,0.6769027251978317
9525,0.4043355417370741
9526,0.510238509199284
9527,0.6201152204395284
9528,0.6833632275833244
9529,0.5112252950285442
9530,0.656153777666624
9531,0.47780470122239954
9532,0.5104129232391413
9533,0.6558730737283567
9534,0.41353494594236173
9535,0.44582571445374497
9536,0.7453441432052366
9537,0.4275439622949892
9538,0.5050199699989294
9539,0.36450309940171755
9540,0.4254074119417143
9541,0.47143001307104776
9542,0.5744127696790476
9543,0.49079232370420395
9544,0.6627304064214444
9545,0.4268758586381103
9546,0.4819572065834676
9547,0.5255005431464221
9548,0.38393397805266094
9549,0.4597143962857932
9550,0.5708049577867305
9551,0.56170049863502
9552,0.4632108989106375
9553,0.4747818823966392
9554,0.5674559226159884
9555,0.7502509360667325
9556,0.4289430479906869
9557,0.3936769744301099
9558,0.44291876148166803
9559,0.43781179828120953
9560,0.550121076120711
9561,0.43919582624254744
9562,0.5649675944548599
9563,0.5323951813521882
9564,0.5775132228101728
9565,0.3012743895646679
9566,0.5474281317628678
9567,0.7484089847075863
9568,0.49740677569896385
9569,0.5353105065013427
9570,0.5005194285673336
9571,0.5507385053001358
9572,0.47967626202173613
9573,0.665059067500416
9574,0.5482948173360747
9575,0.4647472608062451
9576,0.6525304047960205
9577,0.5151257852208171
9578,0.5600600823985058
9579,0.5593524461504479
9580,0.5769628257938625
9581,0.5116058256133412
9582,0.48982905720400693
9583,0.6611740506467177
9584,0.425810773632236
9585,0.48199325554849887
9586,0.4435261270114953
9587,0.3389535099507536
9588,0.4666139716024999
9589,0.5027983902022557
9590,0.4919502531991457
9591,0.5312130066297228
9592,0.3869960698866175
9593,0.5345937232928969
9594,0.4965642768453145
9595,0.7297412277391203
9596,0.5885619976908069
9597,0.4541560533254003
9598,0.6129026804562396
9599,0.6952912555737497
9600,0.4269255036794285
9601,0.5907690060007726
9602,0.6379669660711995
9603,0.5407221563183481
9604,0.26911430689603505
9605,0.5328366531941803
9606,0.5125036315963005
9607,0.7533574757838546
9608,0.4867286758995478
9609,0.46542682867905394
9610,0.41391139165628293
9611,0.5021885466746612
9612,0.5933617940866359
9613,0.49441500152933404
9614,0.5639201376713359
9615,0.493851199731181
9616,0.2932616770746299
9617,0.5010229456814077
9618,0.669635346380154
9619,0.5901012633964388
9620,0.5316874697885123
9621,0.6188891151039585
9622,0.6364815614101007
9623,0.40666986489586493
9624,0.5138949807698234
9625,0.34689082182273967
9626,0.4957293249008674
9627,0.5068498006811931
9628,0.6057137784537698
9629,0.4115514227991403
9630,0.5484240974218106
9631,0.4225167773024442
9632,0.4171726719535924
9633,0.45666605865398147
9634,0.3258448978005817
9635,0.46474572115517354
9636,0.573315580916221
9637,0.5673784359365182
9638,0.5848933952355131
9639,0.38185746340571236
9640,0.4748175975098782
9641,0.4484370424484571
9642,0.4172966524948267
9643,0.6436657501577061
9644,0.5070676926569015
9645,0.3973983411870434
9646,0.39914560883159356
9647,0.6136711254623441
9648,0.3618119639340226
9649,0.5376235541040366
9650,0.7101803503481586
9651,0.644075266479514
9652,0.5218398933334776
9653,0.5137669056518492
9654,0.5168771858438272
9655,0.4382654346942479
9656,0.5586129392264619
9657,0.6293755955173276
9658,0.5100486045298583
9659,0.6667046358254684
9660,0.49359869379221966
9661,0.5516608968564172
9662,0.4932842232695546
9663,0.3515391252894254
9664,0.6042543727859514
9665,0.5209950032106452
9666,0.5768977086831625
9667,0.463042223072086
9668,0.5122772065602703
9669,0.5816298344787891
9670,0.40495956080324613
9671,0.32259625794110713
9672,0.556834304161217
9673,0.5670323464127162
9674,0.48588204421470815
9675,0.5776297443993804
9676,0.6802434219156988
9677,0.535520169427685
9678,0.6719578420824877
9679,0.6927318456786007
9680,0.4597832872886499
9681,0.5450202902214142
9682,0.5549376441767347
9683,0.7556574724275418
9684,0.5494961780924286
9685,0.46843032173445
9686,0.5171450097944691
9687,0.771375727867869
9688,0.5306007921658605
9689,0.6491048427199836
9690,0.5859427320100442
9691,0.6536719171786844
9692,0.6103988714845192
9693,0.5458036428416972
9694,0.4861329731914712
9695,0.40250474486984
9696,0.3956047553048633
9697,0.5661267704581597
9698,0.5019386385633428
9699,0.5164769526338578
9700,0.3949805234710505
9701,0.470661682263087
9702,0.5109084517139778
9703,0.5199992055347105
9704,0.4024753770749573
9705,0.49917217159862504
9706,0.5547842525117465
9707,0.4793979575428281
9708,0.4463755020474872
9709,0.5981330978100217
9710,0.5457805679414552
9711,0.5209960597058412
9712,0.5193112448174839
9713,0.5442157495706206
9714,0.445313789172837
9715,0.41772818169552206
9716,0.6373667993656896
9717,0.7811882710917452
9718,0.4285559264958291
9719,0.6404214368087369
9720,0.5467427877401654
9721,0.5139928610136626
9722,0.5354087074954645
9723,0.7063948906770819
9724,0.4611266904400738
9725,0.621279621554545
9726,0.4844142989857461
9727,0.5040991290796797
9728,0.4561188811650271
9729,0.4690297495630156
9730,0.5297029622709857
9731,0.6137923488958339
9732,0.6386908409098212
9733,0.63446258397689
9734,0.5570971676739326
9735,0.43567943755405664
9736,0.6068427730126404
9737,0.6126087078967435
9738,0.6629671347502081
9739,0.4888132158198949
9740,0.5578831889476061
9741,0.45821909170883407
9742,0.38837790356514756
9743,0.4576225343083874
9744,0.47078953096807064
9745,0.5032672202849315
9746,0.5255282298232344
9747,0.4286855436713554
9748,0.4000268445846592
9749,0.5900711605034445
9750,0.4661531518694326
9751,0.47565330973095626
9752,0.4704979897883072
9753,0.477589673307507
9754,0.4709621276463991
9755,0.6353428778702731
9756,0.47644255320204554
9757,0.4590996109315746
9758,0.5444063905107442
9759,0.48700293481033724
9760,0.7134368106529626
9761,0.612043677982678
9762,0.5904584855081716
9763,0.5767963297935915
9764,0.6716767000684896
9765,0.488991510912345
9766,0.5301615550460839
9767,0.35420407953590605
9768,0.5627776853383442
9769,0.44764956111148396
9770,0.5290665506388614
9771,0.3771096291197719
9772,0.5028673284506383
9773,0.4981781008912397
9774,0.6107230887585481
9775,0.5456657646703398
9776,0.5110881366648502
9777,0.38202649304944003
9778,0.30920488746778635
9779,0.5060807871388613
9780,0.4068390775935948
9781,0.6043082086349753
9782,0.49462598371098765
9783,0.5837389145381224
9784,0.5149239939123746
9785,0.5558930206961697
9786,0.431929897396089
9787,0.5110563136058894
9788,0.6887159053970894
9789,0.5277943014968657
9790,0.5802938593420461
9791,0.3441321753765848
9792,0.32845099478415546
9793,0.4859568993170079
9794,0.5963368275312507
9795,0.5607238765463949
9796,0.771125059446968
9797,0.39889208617250826
9798,0.4559123949242003
9799,0.48312884328390004
9800,0.5005841942966369
9801,0.42596128385182935
9802,0.4169848058019713
9803,0.5930879521973771
9804,0.5027185497471433
9805,0.4995744570326194
9806,0.4483818169278395
9807,0.41330546257610834
9808,0.45222270800747383
9809,0.43284755730722074
9810,0.4748830467592405
9811,0.4678619334211672
9812,0.5406371638327189
9813,0.5280256877468809
9814,0.40194628235258245
9815,0.4957720707293033
9816,0.5682698761793741
9817,0.4689635852074973
9818,0.586534012014559
9819,0.4909136813456337
9820,0.44599814071521177
9821,0.6044921275279038
9822,0.5625132615735595
9823,0.3809275568071169
9824,0.39939423491870607
9825,0.4664703939903296
9826,0.38567641955091203
9827,0.6013969888750682
9828,0.5682575205350607
9829,0.6347446846687901
9830,0.5685873051348442
9831,0.7260079894242804
9832,0.46129568403438437
9833,0.6936284316920569
9834,0.49975231530351505
9835,0.4830083970034626
9836,0.5158390819629806
9837,0.4497771186866028
9838,0.5582330380011249
9839,0.4278689472381283
9840,0.4646828385010817
9841,0.4656871148656852
9842,0.5209762939992679
9843,0.4145640868891827
9844,0.55144254892676
9845,0.5034408346549633
9846,0.5749672962305713
9847,0.5298399913462619
9848,0.5092674234841164
9849,0.48196062619911323
9850,0.5182851875280269
9851,0.5391700917150656
9852,0.7141719580709094
9853,0.44975152207948327
9854,0.5491431914210586
9855,0.4622266438376553
9856,0.33225140108780793
9857,0.5122622648983416
9858,0.4163104025866231
9859,0.45696291872356287
9860,0.4039924755814195
9861,0.7521123204963983
9862,0.49334316334485473
9863,0.7050590812737815
9864,0.5141030651845211
9865,0.4453207644955977
9866,0.4930802246983863
9867,0.7180360354821402
9868,0.4465303169470918
9869,0.5179271961454446
9870,0.539071898875531
9871,0.5143832168652788
9872,0.48315565426654367
9873,0.541066411789316
9874,0.5380442072183762
9875,0.3013684705990337
9876,0.5168892126346457
9877,0.5636807637147435
9878,0.5883182870003099
9879,0.4462968888085028
9880,0.3126642863152781
9881,0.707183671446553
9882,0.49219217177868047
9883,0.8270806092936691
9884,0.5925500517272442
9885,0.43522600753785795
9886,0.283549001761669
9887,0.45543798476740055
9888,0.4964617198331061
9889,0.5717073050857302
9890,0.4857277891169045
9891,0.5251179679464774
9892,0.572568279624377
9893,0.6197706279136717
9894,0.4905085127052708
9895,0.5073055533072096
9896,0.5516203653327446
9897,0.582409457390467
9898,0.47505791478180553
9899,0.30019569140327307
9900,0.510513251293781
9901,0.5285916374771925
9902,0.45032554141813597
9903,0.41235176978119015
9904,0.5190061822844521
9905,0.48520382531778505
9906,0.509202387413703
9907,0.3746181803249152
9908,0.31993448555380316
9909,0.5199106777093296
9910,0.523876028780502
9911,0.569557150144808
9912,0.4444142529519688
9913,0.5277671360587411
9914,0.525625928748249
9915,0.46625263328250244
9916,0.43857087540474526
9917,0.45554037464687447
9918,0.6380874636750602
9919,0.5012470978651158
9920,0.6715376182081251
9921,0.5244077694215615
9922,0.48966165276619883
9923,0.4598126540978135
9924,0.6274971568604956
9925,0.660955176185246
9926,0.48671493212016753
9927,0.5225660760788953
9928,0.5577364626449118
9929,0.31635510685963725
9930,0.6380803901964199
9931,0.5550249575481526
9932,0.43979862843850553
9933,0.5114789516542585
9934,0.5367424621796338
9935,0.42365999450830893
9936,0.5471776905098
9937,0.5534980685163778
9938,0.5009392309350942
9939,0.4288073472309999
9940,0.6198685350180467
9941,0.8122547989343969
9942,0.5780591910522078
9943,0.5761184063768862
9944,0.5433516585515973
9945,0.6654804512297572
9946,0.4079742852188082
9947,0.37578963399886
9948,0.47788492008110617
9949,0.590943465155535
9950,0.26566003307575636
9951,0.5507676953888866
9952,0.5800433786863817
9953,0.584837572893444
9954,0.46933989142312516
9955,0.33720629543307845
9956,0.47997032810421375
9957,0.41789115756391526
9958,0.7040277415167464
9959,0.5813409866228502
9960,0.5143637325382429
9961,0.5074733624277633
9962,0.4099824863066701
9963,0.7229231022488866
9964,0.6408040714974639
9965,0.6531795205242553
9966,0.7205525459868412
9967,0.5859889519130117
9968,0.5244095942908672
9969,0.6087924594519045
9970,0.7562227732667971
9971,0.5069242707596648
9972,0.4869394922462833
9973,0.7648071862845836
9974,0.4395885191845363
9975,0.34411036408880735
9976,0.6363317533111539
9977,0.4972824969753266
9978,0.6264273821470505
9979,0.6370231894851262
9980,0.45745003857610883
9981,0.5193267189056288
9982,0.5791607660798963
9983,0.5712524917947186
9984,0.5582510752236306
9985,0.8663735208144019
9986,0.45432160055366316
9987,0.6554972685146553
9988,0.6932862320458739
9989,0.5013796878220378
9990,0.5426544930943116
9991,0.49038827146501845
9992,0.6907816133418927
9993,0.46605871856632186
9994,0.41976239562208795
9995,0.4777611979033352
9996,0.4848551455656052
9997,0.7342992703737289
9998,0.5472601553551668
9999,0.48049212687264276
10000,0.4410787559994021
10001,0.47128597423501056
10002,0.39491607884683727
10003,0.45805215368713936
10004,0.43299179066457916
10005,0.5164025205589402
10006,0.6959498998962217
10007,0.4759699571297893
10008,0.264153441975436
10009,0.39529279320987915
10010,0.4918015622369309
10011,0.4438558283718253
10012,0.4546060485532879
10013,0.5764531030543386
10014,0.6497606849617071
10015,0.4960123816738444
10016,0.5942966718621439
10017,0.4426326891395664
10018,0.480195685807119
10019,0.5704913826498276
10020,0.6688131522975221
10021,0.40633564958152374
10022,0.4861279189403271
10023,0.5106732234952609
10024,0.4302211356366668
10025,0.7645053043267926
10026,0.8055548755098967
10027,0.4479426763789863
10028,0.4502492457027001
10029,0.4910123099436752
10030,0.4727284405408384
10031,0.4495223413033176
10032,0.5839983289286756
10033,0.5460843165200303
10034,0.6488436332520748
10035,0.4729472827455928
10036,0.37524908237186494
10037,0.32046626740524287
10038,0.6678736201712107
10039,0.7732289895417601
10040,0.5232898507006761
10041,0.6684754494627025
10042,0.6270830091283586
10043,0.615745588527767
10044,0.6558752710991853
10045,0.40397979386001603
10046,0.47227572818203967
10047,0.6966196003826718
10048,0.5036705785259085
10049,0.5320483743260866
10050,0.5882825685383669
10051,0.6126316228683687
10052,0.6347355075362962
10053,0.5305768028683565
10054,0.48534905545084295
10055,0.4908789756243703
10056,0.5799607485940116
10057,0.3614981895316066
10058,0.5166463893871386
10059,0.564134005345382
10060,0.6444289546932437
10061,0.3692663154679904
10062,0.5001895047395238
10063,0.5523994424827219
10064,0.6296522578426227
10065,0.5321006417436408
10066,0.6896774271465217
10067,0.7106223647028542
10068,0.514956355572565
10069,0.5870044226004291
10070,0.48265254520454404
10071,0.560236637232488
10072,0.49162506078097307
10073,0.7222860641141237
10074,0.51369867603792
10075,0.4732194754581884
10076,0.5453230966187287
10077,0.5429660498155732
10078,0.6173490386018179
10079,0.4598177276970575
10080,0.7096015751892555
10081,0.4945493486836897
10082,0.6470009483297764
10083,0.5046966809906427
10084,0.4944686187992172
10085,0.6339843343372387
10086,0.4875991949480509
10087,0.4985463117261887
10088,0.43326305601852494
10089,0.525132154937494
10090,0.7135569437624084
10091,0.5183417684146256
10092,0.4163425546797188
10093,0.5280831766577155
10094,0.5835031027776386
10095,0.3900045636610793
10096,0.4685231572332522
10097,0.5607708889081031
10098,0.5322955960083745
10099,0.49140002125082766
10100,0.33105070252304336
10101,0.6880128704106665
10102,0.4498814542218591
10103,0.7034328945058972
10104,0.5333191173653434
10105,0.47497030522135764
10106,0.4566538447271389
10107,0.4733157051493935
10108,0.5116538402361929
10109,0.47312560589989017
10110,0.5614172741162095
10111,0.564426190635219
10112,0.4648401310199338
10113,0.492147448310908
10114,0.6203827227800173
10115,0.4583307825969014
10116,0.5519461375632099
10117,0.5656714697705001
10118,0.4480190405414493
10119,0.45771431482730596
10120,0.5858227445979184
10121,0.5399443213447643
10122,0.6701338339643828
10123,0.7474265889710163
10124,0.3806301643930241
10125,0.6178063983360021
10126,0.47377919081637804
10127,0.4541224574804301
10128,0.46476999527454876
10129,0.5368724556310639
10130,0.4649305801040312
10131,0.48825831574713263
10132,0.5213452998445881
10133,0.8590996427310338
10134,0.3571490322925725
10135,0.4862639831301589
10136,0.48340884996002226
10137,0.5321107347525913
10138,0.34494453756104376
10139,0.527213489046819
10140,0.4218708105755372
10141,0.6226997809890874
10142,0.701764567111319
10143,0.418493452197055
10144,0.5756037428907277
10145,0.49133939279674743
10146,0.36027187268425465
10147,0.4155403040798725
10148,0.5385192317530457
10149,0.46058248617957465
10150,0.4446471054189891
10151,0.5798859386397255
10152,0.6976254860354876
10153,0.6894921173827135
10154,0.4946233093688344
10155,0.48876740549488884
10156,0.6037968784235129
10157,0.5340869574990758
10158,0.46677737145702114
10159,0.5606960131555337
10160,0.4871965149133438
10161,0.57257914779612
10162,0.4714485454949223
10163,0.6108823540071978
10164,0.5391990235784029
10165,0.407582607252156
10166,0.5889836269206407
10167,0.6791794644643991
10168,0.6035789528254267
10169,0.6923658161115007
10170,0.5274156282339245
10171,0.5051486763664723
10172,0.5214781072103709
10173,0.5219903349149506
10174,0.5678692095633913
10175,0.4215406511784012
10176,0.5606503448424027
10177,0.5545981338836925
10178,0.5543806121037783
10179,0.45574763175644556
10180,0.5339421466121355
10181,0.34735009055907834
10182,0.5814532074243385
10183,0.5302310894455678
10184,0.4278372796867605
10185,0.4003150252124599
10186,0.45990018114099185
10187,0.5776250467899299
10188,0.5787201008897129
10189,0.4336151941037809
10190,0.40769825082709843
10191,0.5631051769089868
10192,0.5712890907299489
10193,0.4767676725824966
10194,0.5266238077413161
10195,0.5421247973860046
10196,0.38868961430121785
10197,0.6193501144666393
10198,0.6019017935669978
10199,0.38668165405647004
10200,0.39956926181803
10201,0.4725271737289347
10202,0.5309647230314952
10203,0.4584184502551505
10204,0.6043735889807021
10205,0.6098430646195536
10206,0.567416509154467
10207,0.5263337397866316
10208,0.6083635523395632
10209,0.6319569789294835
10210,0.6704783246689227
10211,0.5530512498123968
10212,0.5301116790605638
10213,0.5100080657820674
10214,0.7933738126570697
10215,0.46505143168533214
10216,0.668324700164967
10217,0.5240062129936227
10218,0.5253391037402663
10219,0.7110895594521152
10220,0.5289253923594154
10221,0.547884035431563
10222,0.4708066797749144
10223,0.4821181549759885
10224,0.5769572536225397
10225,0.5460222300315193
10226,0.475838279879617
10227,0.7049361657532014
10228,0.4318761726875538
10229,0.5236835012321835
10230,0.556682551172956
10231,0.4283476754369737
10232,0.6863778164557005
10233,0.7197679003411803
10234,0.5408882501867293
10235,0.4841434512654543
10236,0.4015207754852156
10237,0.4615252152611282
10238,0.5872003673091087
10239,0.44727130011366384
10240,0.3942955376059809
10241,0.5196011551787733
10242,0.5945856078137769
10243,0.43234184703308404
10244,0.6231842352228243
10245,0.5082713138245593
10246,0.5710677917014477
10247,0.7657438477551881
10248,0.6058659032002915
10249,0.6019250980111205
10250,0.4937618870153707
10251,0.5890871825594272
10252,0.5988323193984448
10253,0.4574241426230797
10254,0.53323495233816
10255,0.44992920694038413
10256,0.5928974231045727
10257,0.39790508952531567
10258,0.39579116545158033
10259,0.47357627490805937
10260,0.6268801348083187
10261,0.47529307577647584
10262,0.6063696415128278
10263,0.5289124853321848
10264,0.45704086221442636
10265,0.6124739647888577
10266,0.6096450931776003
10267,0.5106896497311026
10268,0.5312180546068099
10269,0.586331665709593
10270,0.4977735905352591
10271,0.5141451906487322
10272,0.4426640769949512
10273,0.6738439782907771
10274,0.49103918704611466
10275,0.5704525777084399
10276,0.6648158949274966
10277,0.5779548325495218
10278,0.6000810777065206
10279,0.5413158580110076
10280,0.6108672552682635
10281,0.5538593593549295
10282,0.5260772719143579
10283,0.45964781579676484
10284,0.6022933673681851
10285,0.5155218931025876
10286,0.5857001373626564
10287,0.530564910882214
10288,0.43946882040810475
10289,0.6594895745960518
10290,0.5179386913410476
10291,0.5154900068496858
10292,0.49542477687751635
10293,0.6890976230630291
10294,0.5846324961535094
10295,0.5559459298064096
10296,0.463857785313178
10297,0.49125316984763207
10298,0.5322161755790117
10299,0.5646869337234629
10300,0.6592717866960185
10301,0.4931203958025483
10302,0.5498227782356803
10303,0.6640960709467181
10304,0.7443837644405136
10305,0.49059274701556516
10306,0.5456088559336775
10307,0.6102705671717721
10308,0.5135179226654356
10309,0.38804936547146246
10310,0.48584339200608995
10311,0.6158961929415203
10312,0.39032089725121205
10313,0.35457554082951065
10314,0.43110519731206504
10315,0.47329721410813
10316,0.3828281793044269
10317,0.6384734843888704
10318,0.5050882659998897
10319,0.4575837383912729
10320,0.4457041109576872
10321,0.5456094313964466
10322,0.5261395304297549
10323,0.5919752503759371
10324,0.5390171584054423
10325,0.5653831683281727
10326,0.547402367714646
10327,0.640958637364559
10328,0.4301161905486827
10329,0.6668380403881391
10330,0.6233131477081152
10331,0.529629954873035
10332,0.5620863080132895
10333,0.6028092198652808
10334,0.3676220917484978
10335,0.5086964060814018
10336,0.6517727529053756
10337,0.5342058462917433
10338,0.5230083933521998
10339,0.5036727232414722
10340,0.6078285779154421
10341,0.67165111268782
10342,0.5296567001654288
10343,0.7867926336078133
10344,0.5013020834057895
10345,0.7545517725191775
10346,0.5880807603474779
10347,0.5293153965923539
10348,0.6008899635199287
10349,0.41358410131040874
10350,0.5142323416502823
10351,0.4423406029368504
10352,0.4631634618218141
10353,0.425323620899627
10354,0.52358924435921
10355,0.41443960649282713
10356,0.5216437739722711
10357,0.598568073067181
10358,0.5614150883785527
10359,0.5929322232879611
10360,0.5696950788271145
10361,0.5014474867108238
10362,0.6314522686750061
10363,0.6488966375029217
10364,0.7811737849498759
10365,0.5077787920023835
10366,0.5167095656306174
10367,0.41036257274589555
10368,0.552704805964323
10369,0.5157819865427544
10370,0.7909116499181774
10371,0.4527766982138571
10372,0.572671930633232
10373,0.3703823593658404
10374,0.5109719675442405
10375,0.3960243061426312
10376,0.6920302255519879
10377,0.3748675848629798
10378,0.5067725199786572
10379,0.49186086600754414
10380,0.5382524975859035
10381,0.4946740419395782
10382,0.47989313092218194
10383,0.5384921848285428
10384,0.46748922926978104
10385,0.7456797560485293
10386,0.4866576396299556
10387,0.47577085226745036
10388,0.539906413844704
10389,0.48728299154192556
10390,0.6414805903469675
10391,0.4815397102919793
10392,0.3928340159637993
10393,0.5319017091917106
10394,0.6637543705750241
10395,0.6940297246155184
10396,0.4868844109552366
10397,0.5557915123405293
10398,0.3919170765025088
10399,0.4981334126467076
10400,0.42332159807939557
10401,0.4813308351634293
10402,0.6199419035484566
10403,0.49567259221199866
10404,0.4805202142532442
10405,0.5207508566565697
10406,0.4689824670502667
10407,0.5580880554250035
10408,0.42103902968111756
10409,0.4973992037934757
10410,0.4489926528386098
10411,0.6495334166530213
10412,0.38559054536166326
10413,0.5797343472648236
10414,0.25597948803673887
10415,0.5895680890790697
10416,0.5771889243394245
10417,0.5110103089755633
10418,0.4829886856236506
10419,0.48833615167065886
10420,0.4879978593558923
10421,0.4564210233731434
10422,0.49741008946614423
10423,0.6297829605254943
10424,0.38432406177583095
10425,0.7610072833777143
10426,0.4461987947370255
10427,0.49214382747085406
10428,0.6266021754271819
10429,0.5299029840672982
10430,0.6127170091255376
10431,0.4727607282835111
10432,0.6281242010723302
10433,0.5869020612381045
10434,0.3798523727666248
10435,0.5494805074230483
10436,0.5532791913565026
10437,0.5144751758467512
10438,0.6229503088458069
10439,0.3159316571205931
10440,0.5174750867255983
10441,0.7084259031537188
10442,0.4878133258547638
10443,0.39788882746086524
10444,0.556183563536688
10445,0.37642091162409963
10446,0.5328832507834177
10447,0.7414106292651118
10448,0.59054215513739
10449,0.572015083717008
10450,0.47782823831020144
10451,0.5067477768270939
10452,0.4883611813092026
10453,0.48745274812874495
10454,0.48985336253470285
10455,0.4380842016595672
10456,0.6583463233082032
10457,0.25307771326129685
10458,0.6831646062860959
10459,0.527625522034379
10460,0.45442923479482933
10461,0.3908485813440087
10462,0.5364501565082299
10463,0.7098722617414296
10464,0.5193677939775907
10465,0.4811772434265551
10466,0.5023316226488911
10467,0.567691605981127
10468,0.49708835276507957
10469,0.4125357514658422
10470,0.6005549308250936
10471,0.5430469754099485
10472,0.6216832257959519
10473,0.6041042395317702
10474,0.6479158503843172
10475,0.5064820884125925
10476,0.49122739667672294
10477,0.5026178396301785
10478,0.5687102502780206
10479,0.40521178608331165
10480,0.567957524982848
10481,0.5603159345945667
10482,0.7072629156828629
10483,0.3548396986473533
10484,0.6186074687889284
10485,0.566322802768816
10486,0.5620138275937484
10487,0.5899554590418201
10488,0.4994071772407502
10489,0.6255326711927316
10490,0.5126492163599212
10491,0.6148475934462238
10492,0.5101135572664086
10493,0.5237952513344094
10494,0.48963046365970636
10495,0.4898365311538975
10496,0.5428371589932275
10497,0.5484146263880002
10498,0.6789032492502697
10499,0.4618704192431126
10500,0.5296459892381044
10501,0.6560547099453613
10502,0.45566203239207326
10503,0.5310705594399218
10504,0.6735368348644217
10505,0.3910783538486481
10506,0.46748935756633425
10507,0.46770025584577707
10508,0.49670758902291173
10509,0.46271299580636005
10510,0.7408950765783638
10511,0.4589672003230295
10512,0.6548793894729101
10513,0.572745572160546
10514,0.5096244340265437
10515,0.500668367232774
10516,0.4940103100011082
10517,0.36623822298725606
10518,0.6026294866788287
10519,0.7380578320464977
10520,0.6312710521769492
10521,0.6585652715139303
10522,0.5177950527626137
10523,0.4706617555159743
10524,0.5582574128141794
10525,0.43805167682059426
10526,0.4649934614501158
10527,0.5747105506020476
10528,0.5822810864195375
10529,0.5345129051808879
10530,0.643192429652118
10531,0.4346821254725624
10532,0.4751749005405434
10533,0.5412670890221188
10534,0.3186615789552856
10535,0.5509747241669852
10536,0.5374684466070019
10537,0.5263296548534322
10538,0.6197047690035807
10539,0.5105148476379899
10540,0.5456268021322823
10541,0.42184732892283
10542,0.3647589101035905
10543,0.5633415819145163
10544,0.47806316059413845
10545,0.4720784935948012
10546,0.6327137848905885
10547,0.8315630878165228
10548,0.6473450359896175
10549,0.5666989467042507
10550,0.47420379318570255
10551,0.5611411873822846
10552,0.5958947350354287
10553,0.5770981862032267
10554,0.41766360188489055
10555,0.6371361571888234
10556,0.42962586233812833
10557,0.5535356809160509
10558,0.39994457283739804
10559,0.3728245276689354
10560,0.3762718263524366
10561,0.5653032830527431
10562,0.6520839196564611
10563,0.6421477195489601
10564,0.5298812695943982
10565,0.5149741154265176
10566,0.5788555809226003
10567,0.6592238389996473
10568,0.5763039771240487
10569,0.5073674429240467
10570,0.4793353796422007
10571,0.2749641902349704
10572,0.6199769254741615
10573,0.3890093494864919
10574,0.549993207613451
10575,0.4266701200474116
10576,0.47424368139015477
10577,0.7103112309082944
10578,0.5591019958699247
10579,0.5103026848722751
10580,0.6402054760465925
10581,0.6893895287618417
10582,0.6147933656750215
10583,0.4105988231116151
10584,0.4814328146962973
10585,0.5289471717952202
10586,0.47511627617630003
10587,0.648747196438695
10588,0.39331606565660904
10589,0.5467087833534546
10590,0.5296200486196612
10591,0.5261607329851963
10592,0.45492976850826655
10593,0.5131808784400341
10594,0.5537375223741647
10595,0.5063028267566463
10596,0.4779992545288017
10597,0.5400959716066823
10598,0.41941250862877255
10599,0.42884368527020345
10600,0.4376126383570322
10601,0.4152692215447543
10602,0.523517072444152
10603,0.6465245467591629
10604,0.4916858261625442
10605,0.40266055489812563
10606,0.5318113579781485
10607,0.5309684746287361
10608,0.5791211038900105
10609,0.5410153107690956
10610,0.4111900621741945
10611,0.5433901546263755
10612,0.6624644995177933
10613,0.5919789367262517
10614,0.3369709366756216
10615,0.4735670006938661
10616,0.5757638686332588
10617,0.6771277167781804
10618,0.5375542578047404
10619,0.6271223577363321
10620,0.5495457401610415
10621,0.682336324148334
10622,0.577962306705147
10623,0.587366708333776
10624,0.50316272060221
10625,0.581935793230808
10626,0.4649759556961116
10627,0.5266813727305554
10628,0.5965173689953192
10629,0.6322416918439788
10630,0.6311642597841348
10631,0.5301176304607284
10632,0.5775597788049314
10633,0.4314095385310274
10634,0.492191937059658
10635,0.44452772406066055
10636,0.5058614684204721
10637,0.6673810365431697
10638,0.3775391363201647
10639,0.5191410035018611
10640,0.497546329831166
10641,0.5153693605037175
10642,0.46088122846964164
10643,0.6113426647412457
10644,0.43892783082705433
10645,0.4038504140421505
10646,0.5716728435096099
10647,0.5500026032807749
10648,0.4920595557053883
10649,0.5457439595317481
10650,0.5839136186743036
10651,0.40866832479206405
10652,0.5131410017724476
10653,0.5998415385794317
10654,0.5349234037279411
10655,0.5715801069253365
10656,0.5728698250169195
10657,0.5796938526747133
10658,0.4604323003773957
10659,0.5325942538552901
10660,0.43576284659477715
10661,0.4932009127592652
10662,0.45363276609222947
10663,0.39346800621228073
10664,0.44226757888017865
10665,0.5341574613525933
10666,0.45419470295067765
10667,0.5214221094985307
10668,0.5643094271868196
10669,0.5157463908140592
10670,0.5907743938948716
10671,0.6072015202758605
10672,0.42275870459367415
10673,0.3926448694949659
10674,0.417388618668609
10675,0.5942888054993359
10676,0.6286677643746439
10677,0.4374166551683045
10678,0.6227988138137366
10679,0.5696374960134623
10680,0.6830830219906258
10681,0.5637072938786999
10682,0.2828111630157173
10683,0.5955041398072277
10684,0.5310804425858964
10685,0.43868805199367944
10686,0.45788971658406996
10687,0.5129396952480697
10688,0.45790598348787614
10689,0.47400007351499446
10690,0.4453250625519469
10691,0.41515391090716197
10692,0.5245734602552372
10693,0.5793777860663137
10694,0.7569217327917129
10695,0.5276135260789226
10696,0.6100246359060665
10697,0.42841224328640287
10698,0.541137776024355
10699,0.5470298982909566
10700,0.4808212367929928
10701,0.5218919782076792
10702,0.5620702161159635
10703,0.6297800359334668
10704,0.3606739254594262
10705,0.4927628372654323
10706,0.634354606090704
10707,0.42201167799074174
10708,0.45739021813340164
10709,0.5717283908008362
10710,0.2618784147302365
10711,0.6105899591747007
10712,0.6166852106699127
10713,0.32728415482673123
10714,0.7028021428257083
10715,0.5273468089346314
10716,0.38146734435635543
10717,0.47457807154930465
10718,0.7025992815006636
10719,0.37147942704138115
10720,0.4452038885364193
10721,0.5190136988187287
10722,0.5227226722736857
10723,0.5115859741970353
10724,0.5383171338781586
10725,0.43817662911230265
10726,0.4633326086283848
10727,0.6381085723626714
10728,0.5352615093351475
10729,0.5054933807204014
10730,0.5058777311747082
10731,0.4622496567844649
10732,0.424840794006879
10733,0.6128590530773059
10734,0.6928377845954368
10735,0.3362053379028099
10736,0.5841725292306057
10737,0.5983203876497523
10738,0.42884886484028506
10739,0.41927954944260526
10740,0.5079438530366652
10741,0.693365046294788
10742,0.5911575095508977
10743,0.4595522912124995
10744,0.3942858226467765
10745,0.5863564056423836
10746,0.6568376284051447
10747,0.675186394698063
10748,0.6207153291781066
10749,0.4775117098487362
10750,0.4318498143753988
10751,0.5116237705618399
10752,0.5260985444669357
10753,0.7488430914138693
10754,0.5226132361556891
10755,0.5196726372692428
10756,0.5424156381157238
10757,0.591399461572901
10758,0.5053870339932609
10759,0.840322884371459
10760,0.5683681295612767
10761,0.46884289915293453
10762,0.5475450807887556
10763,0.6812936035955673
10764,0.5844587976495742
10765,0.49976910200938907
10766,0.5313501594635464
10767,0.40382823642846843
10768,0.6128785789827335
10769,0.7416676237126055
10770,0.6167830858704643
10771,0.5277908755207689
10772,0.4982806196693924
10773,0.4263647411980066
10774,0.5482355771350791
10775,0.4302888824262448
10776,0.6014757496261076
10777,0.4030400901450121
10778,0.6417235939028477
10779,0.724117365457703
10780,0.5929010074304599
10781,0.5848586885639555
10782,0.582022177881377
10783,0.6208010575245566
10784,0.46486378382522003
10785,0.5616694253253992
10786,0.5953964026517529
10787,0.5313687477631679
10788,0.38291577005263117
10789,0.5067143929286935
10790,0.6614281535760477
10791,0.5082401735471185
10792,0.5327178037108089
10793,0.828544254299616
10794,0.5196276210677097
10795,0.45839483797618386
10796,0.4308691054073816
10797,0.5107689952309088
10798,0.7143494807793318
10799,0.4560241371090483
10800,0.5521308558830421
10801,0.6288703943314314
10802,0.5053828363482231
10803,0.5345161592790537
10804,0.4593742114237818
10805,0.761081040023093
10806,0.5202944000897428
10807,0.521643487134052
10808,0.4801205024495055
10809,0.41070240832348426
10810,0.5122287710137887
10811,0.44763665962905974
10812,0.4536702118874435
10813,0.4183342941648554
10814,0.5678604073527707
10815,0.6513892099582946
10816,0.45488451532767166
10817,0.4535263895589249
10818,0.49775555871545746
10819,0.6044262550729751
10820,0.6105657106635571
10821,0.5113701369746533
10822,0.5414627251054842
10823,0.6458326412604852
10824,0.46069882742231316
10825,0.4373853374410306
10826,0.37782443885277817
10827,0.5046078613981133
10828,0.4858526205210333
10829,0.5185393133934065
10830,0.4806617364165868
10831,0.47773157895095214
10832,0.573540247814817
10833,0.475790922475914
10834,0.6609876862177434
10835,0.7155387889275602
10836,0.797365716636151
10837,0.4715243524164131
10838,0.5287728121680307
10839,0.489395480422693
10840,0.5503374204269039
10841,0.5151198816232244
10842,0.5522226365479994
10843,0.6406156632313421
10844,0.4886316251104541
10845,0.8327836898417857
10846,0.4439979138077521
10847,0.5552353396996497
10848,0.6286972580138631
10849,0.4887730279454126
10850,0.6700796979588337
10851,0.7433737821543328
10852,0.7247047873505328
10853,0.5570078819066094
10854,0.3707770547621699
10855,0.5873535964687149
10856,0.6343592848013088
10857,0.5251875044626526
10858,0.5102864517152246
10859,0.4915365282326092
10860,0.4854628633086044
10861,0.677694410967892
10862,0.5177209188136965
10863,0.42678747217573115
10864,0.6595066732295123
10865,0.43635919091144115
10866,0.5870136334367204
10867,0.5895717112295172
10868,0.38118498298628956
10869,0.47731989411705367
10870,0.5191693379567358
10871,0.49226828181874255
10872,0.5294778459145826
10873,0.6182592079636824
10874,0.6456440371039306
10875,0.55539458890668
10876,0.45534481927387427
10877,0.575326209356049
10878,0.505114087980422
10879,0.44339564793732633
10880,0.5770609296998046
10881,0.4273263697610218
10882,0.40601203402341535
10883,0.4947040169636988
10884,0.7155890449885467
10885,0.5224991025041472
10886,0.5125312122021177
10887,0.5132073447929246
10888,0.4505198793688894
10889,0.5436247008470526
10890,0.6478964250805938
10891,0.5090592514730414
10892,0.48774659526980646
10893,0.39443020309214416
10894,0.5100457180638726
10895,0.48939410638866276
10896,0.7574817013825628
10897,0.3909756104983179
10898,0.5187923183940625
10899,0.5564114450532629
10900,0.5874707276935798
10901,0.589540431210955
10902,0.5146449854068093
10903,0.34655535710058366
10904,0.5494111664646872
10905,0.5966597346725456
10906,0.6425893771115444
10907,0.38575058461480927
10908,0.46257595209194835
10909,0.44706415365648333
10910,0.6388814375024238
10911,0.43762058124964764
10912,0.5138564489861414
10913,0.5429291033681142
10914,0.8034663491155987
10915,0.6567215620346345
10916,0.6934738444910717
10917,0.5029101916981987
10918,0.6490817742996331
10919,0.4879856366038323
10920,0.590237490203506
10921,0.4313061440686837
10922,0.6627410484005269
10923,0.4274607498139513
10924,0.6223793486258814
10925,0.4674734178078566
10926,0.5876125270521464
10927,0.40502581917255454
10928,0.5027094846095936
10929,0.5723946109660034
10930,0.5264748524357572
10931,0.7356274928110365
10932,0.3909844184679173
10933,0.4304717333473682
10934,0.4203992958554512
10935,0.44397741944033725
10936,0.7056517778298337
10937,0.6429495355842811
10938,0.4708014539212406
10939,0.775771918410417
10940,0.6050441622566303
10941,0.3985049538552077
10942,0.44145139178268755
10943,0.40113471011919916
10944,0.4916129822198005
10945,0.5318196068897113
10946,0.4694210563213076
10947,0.35862945412879477
10948,0.428090329450442
10949,0.5361304978360002
10950,0.5576800402355462
10951,0.3670010240703211
10952,0.3736105960811511
10953,0.7232827829208442
10954,0.4457249601639001
10955,0.5651691979410232
10956,0.36173028856833694
10957,0.6514995190004189
10958,0.3849007958729066
10959,0.593941025634201
10960,0.650127604030766
10961,0.6362290666946421
10962,0.4906496085224128
10963,0.44222890914784935
10964,0.5232684774770618
10965,0.371788992972925
10966,0.5694516281914164
10967,0.5534198167488447
10968,0.6044188814125161
10969,0.5577999368939229
10970,0.41511671292410207
10971,0.520175888688763
10972,0.5217617134989958
10973,0.5558205994688941
10974,0.5196073035992375
10975,0.43261700966639743
10976,0.4633828808920672
10977,0.4149051587841282
10978,0.5012499216624436
10979,0.482972477259462
10980,0.5969974525940964
10981,0.5226467365689751
10982,0.5254100642787883
10983,0.5104526250172449
10984,0.5314926688698063
10985,0.43137838142119317
10986,0.3344314577559608
10987,0.3958525177162128
10988,0.5422758713858378
10989,0.625155045624294
10990,0.3592923654370044
10991,0.54728748481261
10992,0.6742394312975514
10993,0.7190896017687126
10994,0.614988414355427
10995,0.5838963037083514
10996,0.49063829637614803
10997,0.6230090980380241
10998,0.46471652447054773
10999,0.7099939701310886
11000,0.4129481102968877
11001,0.4934453255957628
11002,0.45269672833415775
11003,0.6939944308668187
11004,0.5488861187278677
11005,0.4945421078042382
11006,0.5189633675551467
11007,0.7157754241441622
11008,0.37132026498325843
11009,0.5791155812227942
11010,0.516317335629447
11011,0.3648768618175605
11012,0.514374985784357
11013,0.5491890069682285
11014,0.4504902058215647
11015,0.39434094365554484
11016,0.6202840082105504
11017,0.34726554027753287
11018,0.7377260872249307
11019,0.7529992930542706
11020,0.6880198555927007
11021,0.555041354385044
11022,0.7618849726314773
11023,0.7506673889163258
11024,0.5239306405322033
11025,0.6748248714761924
11026,0.47927731770030774
11027,0.4704366836290032
11028,0.3568357421492359
11029,0.4660835061363304
11030,0.466918110811946
11031,0.5267921336059149
11032,0.4280982748253578
11033,0.5302266296850918
11034,0.4519909439648174
11035,0.5373156769571945
11036,0.4302241451874206
11037,0.6103468930587806
11038,0.513906900175561
11039,0.44498971150030575
11040,0.604335129267495
11041,0.4807539368043684
11042,0.514755841153034
11043,0.5740397299947312
11044,0.42491285481756386
11045,0.42151155874308865
11046,0.5751534102851499
11047,0.5680361723834442
11048,0.5966665745121853
11049,0.6136718469320951
11050,0.5981492014318823
11051,0.5118493398563897
11052,0.5836990935665813
11053,0.39108233951335625
11054,0.45114223266094855
11055,0.5687931259770207
11056,0.4170200348407419
11057,0.49517966419240517
11058,0.4030830857936615
11059,0.4494239310009033
11060,0.4664137315765548
11061,0.44709253117701186
11062,0.4919781689926538
11063,0.5777243163533349
11064,0.4633158065649512
11065,0.6853491166470502
11066,0.472656311538098
11067,0.5049416098636171
11068,0.46638970998647583
11069,0.48231531931572447
11070,0.501302970050548
11071,0.5522577934033173
11072,0.5767229029884601
11073,0.45898947851536254
11074,0.44446683441056
11075,0.5096542388767543
11076,0.5672879403790062
11077,0.5699749546945418
11078,0.6852577468972788
11079,0.5198531868959182
11080,0.6159921085904219
11081,0.5417436774597545
11082,0.48707423759053226
11083,0.40290584731018064
11084,0.3378985519607942
11085,0.6083651562120547
11086,0.7646988172091863
11087,0.759626689340591
11088,0.40022651676722676
11089,0.5691445162559097
11090,0.4497059370812891
11091,0.41062262895512813
11092,0.474899104485364
11093,0.47605766821217194
11094,0.49884992886788915
11095,0.5518446853819493
11096,0.6162171241407721
11097,0.5307003901864169
11098,0.6107142238291037
11099,0.5413928878247856
11100,0.430877020795565
11101,0.5429924983335283
11102,0.6203118941341975
11103,0.4251914130103516
11104,0.5381761509211286
11105,0.5042400278057558
11106,0.5387286473641388
11107,0.4420355009481446
11108,0.5668043303615772
11109,0.4677067045373511
11110,0.4103263257570594
11111,0.5349017139310023
11112,0.2775567342489158
11113,0.4103073111615497
11114,0.6393503094087207
11115,0.4708638847250447
11116,0.47325411975324777
11117,0.675029430628704
11118,0.5435807681447604
11119,0.4661887924516024
11120,0.4700952009959912
11121,0.737014234581736
11122,0.5029825559300605
11123,0.634173630839749
11124,0.6687672911037124
11125,0.3940686430570838
11126,0.5083330951084472
11127,0.5990234289457655
11128,0.4916881527903502
11129,0.6110782214942423
11130,0.4853892381236721
11131,0.5243388347907876
11132,0.5825667503388317
11133,0.6177404465215726
11134,0.5341276793820858
11135,0.5134186441965406
11136,0.3996012661433975
11137,0.5128987713291246
11138,0.5376913865274113
11139,0.5155411031306367
11140,0.5691375025914166
11141,0.5987635192801898
11142,0.46568073963019796
11143,0.7287001590408099
11144,0.3842613097415817
11145,0.5344989901792925
11146,0.6856121403312881
11147,0.5096214387704182
11148,0.6444144720701597
11149,0.5075671608247153
11150,0.5498709308347887
11151,0.5629268932071414
11152,0.5122110507095755
11153,0.6239670525873651
11154,0.4456285226127622
11155,0.37744489332238673
11156,0.535071182780643
11157,0.4876628303198648
11158,0.5018246534122393
11159,0.6601055552020548
11160,0.7166051114775907
11161,0.4198160657149351
11162,0.4014388814545163
11163,0.41324313949633135
11164,0.4338043319137198
11165,0.41887900912892617
11166,0.504963758864168
11167,0.5894448266613412
11168,0.5269873112531475
11169,0.6249025787918971
11170,0.4687379239207956
11171,0.5780822241189288
11172,0.5285651853253961
11173,0.4802216490248268
11174,0.6518668119657016
11175,0.46984321930101247
11176,0.47907896763210145
11177,0.6724033090379161
11178,0.5138542498024155
11179,0.6355812654241854
11180,0.41899988835778323
11181,0.4836173118467653
11182,0.6138404122539687
11183,0.4977788091740963
11184,0.35975742770100017
11185,0.5872622139169492
11186,0.5300590369772488
11187,0.36182214525839274
11188,0.5444819810605386
11189,0.4647656735881888
11190,0.4676124959219593
11191,0.4670102757202988
11192,0.5982281282524745
11193,0.4567893246787681
11194,0.5191637613509096
11195,0.63294819922062
11196,0.5261499099472333
11197,0.5539092338430088
11198,0.6228420047951579
11199,0.5684053874498771
11200,0.4386391797248351
11201,0.5803623594748465
11202,0.5599130053381621
11203,0.5838020990973111
11204,0.46959127943462364
11205,0.39741078403255414
11206,0.6472970348727706
11207,0.5741566406151094
11208,0.7007226332114436
11209,0.5664621896319857
11210,0.47749857786776423
11211,0.560663637789361
11212,0.373972307259607
11213,0.5387718770467778
11214,0.47972841307388264
11215,0.7180687878806056
11216,0.7083494482822131
11217,0.39894825268908063
11218,0.4481911106234511
11219,0.40630667313227187
11220,0.613917975335567
11221,0.4956310728711132
11222,0.40338970791493783
11223,0.6430081905196877
11224,0.5407902873988786
11225,0.5408779627872753
11226,0.4784548405609515
11227,0.5530265805623128
11228,0.4515679120988088
11229,0.4770893052431987
11230,0.4637370921498604
11231,0.49392226506858805
11232,0.6209174160771253
11233,0.55520152029058
11234,0.4989706408375143
11235,0.5383669778276355
11236,0.6413298775464406
11237,0.755465986048603
11238,0.5259521672052835
11239,0.617043322178888
11240,0.4785263410938735
11241,0.4523911459131936
11242,0.3925623784819313
11243,0.47331669284685834
11244,0.7792417499381428
11245,0.4112448257534803
11246,0.5063381476683642
11247,0.3146195463799273
11248,0.48089523504305554
11249,0.5224905772083109
11250,0.38981381205960125
11251,0.5340082246695088
11252,0.42000439651645727
11253,0.5645673553001447
11254,0.43227849243127336
11255,0.5171023947800908
11256,0.39560552093905704
11257,0.2717196952555454
11258,0.5377327693401021
11259,0.5157944336236553
11260,0.49715739056189356
11261,0.5534412758052583
11262,0.48761508928794484
11263,0.5702048827192108
11264,0.5902220224925627
11265,0.5091013096184993
11266,0.5449660814920407
11267,0.5080400175800631
11268,0.42481316252856416
11269,0.467795823109945
11270,0.48103040793258967
11271,0.6377752505669756
11272,0.3816623681093316
11273,0.5222592417314299
11274,0.4466697425426766
11275,0.4375009324392002
11276,0.5166860043916909
11277,0.6912983551723418
11278,0.5389742681979861
11279,0.4212574953183791
11280,0.6371710755817728
11281,0.4037127610763794
11282,0.5652675741597636
11283,0.6984476703063395
11284,0.5995419357936482
11285,0.6835507706548629
11286,0.47765191734123114
11287,0.7031934050212044
11288,0.5714550596863504
11289,0.4773501054427533
11290,0.5566833593057713
11291,0.5181176147576221
11292,0.5617925645828539
11293,0.5813430257392138
11294,0.30528232872801453
11295,0.4178428401160188
11296,0.5230526058760798
11297,0.5378431393605732
11298,0.5271787142510894
11299,0.43014353344644923
11300,0.5463093919194552
11301,0.5575539453365495
11302,0.4405235930061854
11303,0.45463608637747577
11304,0.536042905349643
11305,0.5862434861826228
11306,0.32758884601745647
11307,0.4359173211666666
11308,0.5667031884375926
11309,0.6842962958686352
11310,0.4820223347442756
11311,0.5275320033967825
11312,0.6313866721818411
11313,0.542706959699443
11314,0.46488514904425937
11315,0.510588019742887
11316,0.4698590415709834
11317,0.6603164726877576
11318,0.5431601923109725
11319,0.49795024868107673
11320,0.5766486813428325
11321,0.5233190704367287
11322,0.4960432689127686
11323,0.468695164645223
11324,0.6333027993350453
11325,0.5814568309186708
11326,0.36873992418347273
11327,0.671336933864751
11328,0.6287254307242542
11329,0.44901333509337227
11330,0.5410122696211437
11331,0.549598861796489
11332,0.49322437604059055
11333,0.37526507305352524
11334,0.5201819943474875
11335,0.6005143089616988
11336,0.5815249509076547
11337,0.43887948844816443
11338,0.3696757693517189
11339,0.4972881250355672
11340,0.5084297472966838
11341,0.6285334491715241
11342,0.5731499625194338
11343,0.693651073292122
11344,0.4214313785914637
11345,0.4498120738583811
11346,0.5069441355910977
11347,0.5187521827691329
11348,0.419099507730997
11349,0.49249439438222764
11350,0.5736868520882837
11351,0.5003693015253713
11352,0.7126013204993936
11353,0.5267741158950645
11354,0.46816144632038936
11355,0.520206354048295
11356,0.3955648182191871
11357,0.4654642599486867
11358,0.5475821499516506
11359,0.5078471405653409
11360,0.5016767254920147
11361,0.38103679411389324
11362,0.42435699905574176
11363,0.6512044052641901
11364,0.566914515996288
11365,0.5729619084082416
11366,0.5343263568758094
11367,0.5214849123806583
11368,0.4473121735730421
11369,0.5193346991461802
11370,0.6210656102227242
11371,0.5108555214088434
11372,0.8048003640034288
11373,0.5099717922292274
11374,0.29061071924777204
11375,0.47420416259230397
11376,0.5969655909987756
11377,0.4631491058779428
11378,0.40081380850121107
11379,0.588369849546774
11380,0.4804473203842869
11381,0.5008282742742817
11382,0.46795052181824764
11383,0.49356427891778876
11384,0.4029589825517328
11385,0.5108339734929962
11386,0.49286933206263606
11387,0.6030974794469828
11388,0.5868206718317018
11389,0.5590358754471579
11390,0.48995973039964713
11391,0.547427899827213
11392,0.47121473235557954
11393,0.5851239922234202
11394,0.41950517982384006
11395,0.46590860343873625
11396,0.5601858281571015
11397,0.5104369914969403
11398,0.5168531475704901
11399,0.5967992445182793
11400,0.6423957088515702
11401,0.584989147791118
11402,0.5195718569694985
11403,0.674450117552662
11404,0.47880858203093574
11405,0.5472275675392968
11406,0.4846057254842153
11407,0.41660914512305613
11408,0.40710011523620365
11409,0.5046415292408792
11410,0.6374319723531705
11411,0.5677995394751472
11412,0.6054218938413589
11413,0.43078714417389097
11414,0.5281389707242479
11415,0.5548888266958613
11416,0.4707222791780804
11417,0.5304355050410862
11418,0.6737942267766658
11419,0.4207726186466
11420,0.49825129519923705
11421,0.4886199067290256
11422,0.565194741457504
11423,0.3374158801982338
11424,0.4910627628178217
11425,0.7026474898370527
11426,0.4820511805009126
11427,0.47738127332049174
11428,0.6030478622278236
11429,0.4913279957628714
11430,0.4766429137659315
11431,0.5090554399955625
11432,0.383954839134944
11433,0.630324274864746
11434,0.44846024514900024
11435,0.6611459387355052
11436,0.6430739528593973
11437,0.5658930463208207
11438,0.5344482976549785
11439,0.6747962063376285
11440,0.6022937552839861
11441,0.6392455903116089
11442,0.5330627964546811
11443,0.5651825187989963
11444,0.579606992170844
11445,0.4167303161610715
11446,0.6394213880045556
11447,0.5226399167691657
11448,0.6785890688003724
11449,0.7243682191169103
11450,0.6557940112298528
11451,0.4637384169405716
11452,0.39334883182441926
11453,0.4843710217980807
11454,0.6170663421960342
11455,0.5289453004991245
11456,0.4064596456006617
11457,0.5718525316789652
11458,0.4396916367689908
11459,0.5662398752230768
11460,0.5788916582369752
11461,0.3377427008002319
11462,0.4908752661399888
11463,0.7773779650089245
11464,0.4705538548733295
11465,0.531211333265169
11466,0.537224150353543
11467,0.564263000027838
11468,0.5542328591773833
11469,0.4315924547592917
11470,0.46456328141111786
11471,0.5101285974676381
11472,0.48524089776441265
11473,0.38855780834896153
11474,0.6924376896605013
11475,0.5870719232274504
11476,0.45965494604583784
11477,0.5824034468646901
11478,0.4806487273626837
11479,0.5400222873823021
11480,0.5396133669240614
11481,0.5284241026656277
11482,0.45585906017787803
11483,0.7777039986493326
11484,0.6257331484352254
11485,0.5556563532537772
11486,0.5916317721281519
11487,0.3471404093682333
11488,0.4880977350794981
11489,0.5437216504786512
11490,0.5696826828599736
11491,0.5051907907165695
11492,0.4449139259113685
11493,0.4157293594766882
11494,0.4999250819962025
11495,0.49801428275060944
11496,0.5568328905330406
11497,0.7371211299448029
11498,0.5242178246276494
11499,0.46543908513655013
11500,0.526173980524979
11501,0.4735514839068884
11502,0.41883544307369563
11503,0.5270656144204681
11504,0.6586381416910566
11505,0.45300680268438426
11506,0.5899329780978265
11507,0.7230084834030623
11508,0.48305405321435896
11509,0.7034560329908738
11510,0.37916019700979814
11511,0.4775654480052039
11512,0.5713304018347871
11513,0.578799743127744
11514,0.6748030910350222
11515,0.444195465927045
11516,0.5259054855344607
11517,0.5629380301507838
11518,0.4791846721646505
11519,0.44033004182016194
11520,0.5048172125826591
11521,0.5255444524792213
11522,0.6652407427925546
11523,0.38885716185694574
11524,0.5339637966939275
11525,0.7713859090376819
11526,0.4433941104866783
11527,0.6174264807162952
11528,0.6079297614614871
11529,0.5770515159924752
11530,0.5491346383975838
11531,0.48152575803096354
11532,0.5657410832774669
11533,0.4941842503431281
11534,0.5806764189523475
11535,0.4862129840213277
11536,0.5245250371307051
11537,0.5330951986641038
11538,0.4382571295899005
11539,0.4464458080038073
11540,0.39876096816257334
11541,0.5911590373415938
11542,0.48194387141318906
11543,0.4929830246130803
11544,0.48353621034393457
11545,0.5619087726337881
11546,0.4470954895167058
11547,0.6461906224243226
11548,0.551350507388444
11549,0.49119969320680273
11550,0.4447744799615513
11551,0.5159407873321719
11552,0.613765527346312
11553,0.6312863140780581
11554,0.48009660616663047
11555,0.4877084155927817
11556,0.6180095850859948
11557,0.44545479254499326
11558,0.44346041254788704
11559,0.5780952952414542
11560,0.46462297845601636
11561,0.4661360169084882
11562,0.7447229236333671
11563,0.6375312961877085
11564,0.6405852382457232
11565,0.6163514215467023
11566,0.5566266903031075
11567,0.5210962303859514
11568,0.5608694769120773
11569,0.7057929957356092
11570,0.5674147205076226
11571,0.6045210667136324
11572,0.45375036872724944
11573,0.5983057769598541
11574,0.4975367873064939
11575,0.4574066409674165
11576,0.8087348949982793
11577,0.48016442815212357
11578,0.6344336872428464
11579,0.541049352381408
11580,0.4744541073692958
11581,0.4626897388054511
11582,0.4726912262375645
11583,0.5275146825683477
11584,0.5737243809935062
11585,0.4934188095164822
11586,0.36392874432622285
11587,0.5052555173006031
11588,0.4225880409183054
11589,0.39211590274279584
11590,0.3976484838915627
11591,0.5268983679469987
11592,0.49331198370508644
11593,0.488866194434419
11594,0.514974991577423
11595,0.5839968354044683
11596,0.5518465165780027
11597,0.5096376399816228
11598,0.6429823393831092
11599,0.5383899576700635
11600,0.486138125329845
11601,0.6624533767355248
11602,0.43167907180897913
11603,0.6204351577702711
11604,0.39674699716519035
11605,0.47725392176051873
11606,0.40254568945571567
11607,0.4944695817397331
11608,0.49492108506908805
11609,0.5954573302587964
11610,0.6023930722667806
11611,0.7769218348831269
11612,0.46690584610950037
11613,0.37266584336425934
11614,0.5557298766033338
11615,0.6238312497817688
11616,0.5609274843147696
11617,0.3813610169828963
11618,0.5806340158550042
11619,0.5465515032037114
11620,0.4402629567276073
11621,0.563899552454785
11622,0.5766992458371408
11623,0.6380896698948205
11624,0.42993729876904313
11625,0.4653610420563926
11626,0.45117942233298775
11627,0.48451451967033576
11628,0.6345149163337686
11629,0.5203120257870403
11630,0.4882255955838274
11631,0.5992779353199965
11632,0.39167439530075887
11633,0.47158444020004886
11634,0.42017791661779347
11635,0.43656542339478865
11636,0.5351514056497081
11637,0.6390743915266727
11638,0.4649618049521721
11639,0.5671489460653238
11640,0.4850717165197883
11641,0.4010600513639283
11642,0.5769469686474579
11643,0.7565214182474623
11644,0.326731478960079
11645,0.6822374234213154
11646,0.47435739383846476
11647,0.39599421042076643
11648,0.504571720910354
11649,0.6283471581509654
11650,0.5286242274643133
11651,0.5218770587237027
11652,0.8200462759199754
11653,0.47386742039949936
11654,0.6475765096275963
11655,0.685941303870906
11656,0.5915832357255405
11657,0.5086071023535403
11658,0.47229572172601547
11659,0.5969984750484427
11660,0.6341565278816851
11661,0.5218788885374213
11662,0.5195106272644678
11663,0.5663888184173136
11664,0.5964020807154916
11665,0.41100615093629644
11666,0.4928981131073693
11667,0.566076444743076
11668,0.5378555203949057
11669,0.4706112052051252
11670,0.7031931303304728
11671,0.4142712714543327
11672,0.5790028754529634
11673,0.477515970679756
11674,0.27109274577540465
11675,0.4910915106685293
11676,0.6287115505140465
11677,0.5307676973349574
11678,0.5623407135686173
11679,0.6342406665890794
11680,0.5800705936587855
11681,0.5532580340849125
11682,0.3312294558463139
11683,0.501039381658393
11684,0.46341938835108576
11685,0.5204983697676515
11686,0.5608879288177924
11687,0.44902140451112765
11688,0.45104398481995167
11689,0.5321587101412454
11690,0.6492372588018805
11691,0.5238548529259186
11692,0.7209987092870038
11693,0.31939729930320193
11694,0.6088376899861085
11695,0.4398091207283967
11696,0.48035485272294776
11697,0.6308176236741568
11698,0.5471781726620253
11699,0.531742914793125
11700,0.4023352588185766
11701,0.4813453717253095
11702,0.42171152129740863
11703,0.6000276198568264
11704,0.607992037299569
11705,0.6019593310992755
11706,0.46929877566846046
11707,0.44109075919995083
11708,0.4266408641707473
11709,0.49925037557626856
11710,0.47464931197052107
11711,0.33512664909435863
11712,0.42241655998056427
11713,0.47440892956989034
11714,0.5069136158971674
11715,0.6466207032586982
11716,0.6592282611597413
11717,0.40599457936682193
11718,0.41477268252906
11719,0.5573546607029431
11720,0.498193740396486
11721,0.5484025702032264
11722,0.5648289865984258
11723,0.542587016722882
11724,0.5065962558991374
11725,0.5437095281335308
11726,0.5868998385801224
11727,0.48995751065135523
11728,0.41956573424857296
11729,0.5265988528084865
11730,0.3820338366353666
11731,0.6200304701935921
11732,0.48447970277772223
11733,0.5613617459280948
11734,0.47660304791830976
11735,0.6802614804484846
11736,0.6534955540316268
11737,0.5401677251025845
11738,0.5329009330740409
11739,0.67002591841739
11740,0.4037549423048798
11741,0.4240546170185653
11742,0.6489179685778222
11743,0.6209209325508609
11744,0.4844945900514997
11745,0.7172838656689193
11746,0.46086637188020213
11747,0.33970815122978165
11748,0.5030825733439113
11749,0.49390374777544477
11750,0.4213704443490759
11751,0.3747102501196935
11752,0.5650372292971885
11753,0.47937041141717185
11754,0.4067618244691435
11755,0.5617688167108966
11756,0.43200839117856216
11757,0.7287252801617494
11758,0.607084696958957
11759,0.5334723041023868
11760,0.4825982452729373
11761,0.45288002986569087
11762,0.5204695398526048
11763,0.4921822201158336
11764,0.5060992997682401
11765,0.3579148285828862
11766,0.39660396820833943
11767,0.408123868413587
11768,0.6609693622397045
11769,0.36523238785162637
11770,0.6620387545461172
11771,0.537738219324567
11772,0.5015401493005742
11773,0.4873939163253726
11774,0.7013845152593126
11775,0.5456867161512254
11776,0.39780583865749103
11777,0.42889189386670024
11778,0.364060429503673
11779,0.5490905785080543
11780,0.752159847922724
11781,0.5258663730036012
11782,0.4576844947070169
11783,0.4013705448913668
11784,0.40580460593327455
11785,0.47159244212201634
11786,0.5529538701471605
11787,0.5792401230439552
11788,0.5254474984897467
11789,0.5126653740812548
11790,0.3279758550962363
11791,0.44197736624514683
11792,0.5326845515591446
11793,0.6380769577759332
11794,0.5333219649806886
11795,0.44402285732840097
11796,0.49094249240621346
11797,0.4725486390230001
11798,0.8317143325918255
11799,0.7418768241092939
11800,0.41770398710444334
11801,0.37739621882479885
11802,0.5562943977024484
11803,0.5215413416162178
11804,0.4654339522026107
11805,0.6140654257246838
11806,0.47303763666834353
11807,0.6013529866620054
11808,0.5321047265718191
11809,0.5224914731107515
11810,0.5325735033377025
11811,0.6349142798496434
11812,0.3329206633231102
11813,0.5407808798985948
11814,0.42101216028178184
11815,0.4588386668284115
11816,0.5282561984296978
11817,0.47740374801674484
11818,0.48807888932848936
11819,0.5855865871916495
11820,0.5125929245094242
11821,0.42570440853033953
11822,0.574370590947892
11823,0.6191381374031764
11824,0.5244763598615294
11825,0.5295546605747671
11826,0.41803251155032195
11827,0.4734548822552315
11828,0.5673880538627089
11829,0.4930655250206336
11830,0.49275948534170627
11831,0.6177737870277503
11832,0.45631341865545316
11833,0.5834088106539314
11834,0.4822098865316938
11835,0.4919282646279688
11836,0.7423089132863707
11837,0.39158138216047567
11838,0.33148563948316484
11839,0.5232586312350528
11840,0.3949231477941787
11841,0.32443750247909664
11842,0.6454644984599536
11843,0.520830158880392
11844,0.5269490988910122
11845,0.46477266993573196
11846,0.5698176092144396
11847,0.4741007715362045
11848,0.6050295278702699
11849,0.4979347773537778
11850,0.6319999252949121
11851,0.6259208253224537
11852,0.5829608906188237
11853,0.5301458549642446
11854,0.4967873030998205
11855,0.5303281004387036
11856,0.5667247612591424
11857,0.5111059795848013
11858,0.4981923987156507
11859,0.48214417008058263
11860,0.4786751138356501
11861,0.4739543760954242
11862,0.5744170476899659
11863,0.42017123695702124
11864,0.5900015855161823
11865,0.6379724473081935
11866,0.45321530260296417
11867,0.4588675761658222
11868,0.5344953563121405
11869,0.5379701025679466
11870,0.558166270535353
11871,0.5350167265759673
11872,0.56915506061654
11873,0.458762608086595
11874,0.7038058470448807
11875,0.4744470120941828
11876,0.514193576554915
11877,0.6373293998711292
11878,0.5698837690464817
11879,0.5608412011242077
11880,0.5599892386362115
11881,0.35763037752182775
11882,0.5177054797791624
11883,0.5738893381080582
11884,0.5396074670828733
11885,0.3655037496875707
11886,0.6367351071309322
11887,0.4857500767833948
11888,0.6805911793446381
11889,0.6339019888310862
11890,0.5436858675665982
11891,0.7468317582346502
11892,0.446977598857571
11893,0.48821108973100197
11894,0.6746957317230597
11895,0.5591526808111653
11896,0.6731382855995408
11897,0.5177383383640214
11898,0.6414876271553911
11899,0.513130687133539
11900,0.47717334082953666
11901,0.621446948205748
11902,0.4658243559316291
11903,0.41780729296633956
11904,0.6913232557825566
11905,0.6196927985479782
11906,0.5783773688827911
11907,0.5495250864571879
11908,0.2904674064327407
11909,0.5361530441518281
11910,0.5008604821994315
11911,0.5522809871640643
11912,0.5821276414605245
11913,0.267782981302068
11914,0.5637736806797311
11915,0.47048693948967013
11916,0.5003826193932891
11917,0.5089927726397125
11918,0.48428890355731596
11919,0.44193388416828583
11920,0.5375878293029063
11921,0.49903134541785177
11922,0.5566180503484885
11923,0.7752490654488606
11924,0.47279555575866683
11925,0.5074397330761482
11926,0.6648714706453835
11927,0.4879280039485468
11928,0.5195097159641674
11929,0.558361966393238
11930,0.4618556922940797
11931,0.6678762293990609
11932,0.5946433333380475
11933,0.36976374821767194
11934,0.5193224062100693
11935,0.4910711051213489
11936,0.7531289110653921
11937,0.5993103394668827
11938,0.6962463767364305
11939,0.5288898963101422
11940,0.5268962149828499
11941,0.6301051670699874
11942,0.4454613068793356
11943,0.7979233272778644
11944,0.6285052540098598
11945,0.5661886613951781
11946,0.46433633101460364
11947,0.4431454722019157
11948,0.46692975820509197
11949,0.3218427919660193
11950,0.5357335373299935
11951,0.4675118340042653
11952,0.6063061753616672
11953,0.693477971564423
11954,0.5229944898030385
11955,0.5241468014352919
11956,0.40708671425209075
11957,0.6235990619871224
11958,0.49441719756372215
11959,0.6800600287088701
11960,0.5389359979737544
11961,0.6591709568832487
11962,0.5553132622982127
11963,0.5538686965828151
11964,0.5507373797355709
11965,0.3779951422931138
11966,0.4507163396279588
11967,0.5196891880956468
11968,0.4137945139735344
11969,0.45954010253440974
11970,0.4975945639516595
11971,0.48542632910192696
11972,0.5697192383889551
11973,0.6945397583562781
11974,0.5352410335881047
11975,0.5126929864704999
11976,0.5376120216550172
11977,0.5540126245754561
11978,0.4629906188263597
11979,0.7098274854093883
11980,0.44484064326944894
11981,0.4490271685397178
11982,0.47148159431660597
11983,0.619262243121748
11984,0.6098313992545278
11985,0.4812073343714602
11986,0.7098296109949223
11987,0.5567423031786249
11988,0.5964383575048589
11989,0.5309666150975454
11990,0.34250664758144367
11991,0.4739890030400047
11992,0.4567592137336005
11993,0.5456294877502808
11994,0.5048245697849211
11995,0.5676229963723619
11996,0.4813142285205786
11997,0.6519807424615209
11998,0.45908615424870636
11999,0.5675367803416648
