id,efficiency
0,0.4119368879281317
1,0.5371450740288949
2,0.5375212015401662
3,0.4537613349048542
4,0.46463744888804165
5,0.6510945667570304
6,0.5894580531368542
7,0.46475883810398444
8,0.42940863936460966
9,0.4529526488781011
10,0.5946329958252132
11,0.3892679634675643
12,0.5791749051784184
13,0.7422713733401054
14,0.5219112290245804
15,0.4787773864431313
16,0.3737986439428066
17,0.3612694895927697
18,0.6658052066267675
19,0.5215376999868017
20,0.5866613438682124
21,0.48856344366404963
22,0.6283464420794924
23,0.42717795945091547
24,0.559875415901523
25,0.3911952178669027
26,0.6018330710346488
27,0.6297690239546102
28,0.46370529481404743
29,0.48764242020668314
30,0.628929640700938
31,0.6559257901190787
32,0.38925798105564186
33,0.47001959490868084
34,0.6226042514115975
35,0.46444852483103766
36,0.48499606673082846
37,0.5196795148452656
38,0.3825787416268317
39,0.4283760973368534
40,0.4519604677562688
41,0.5977925778687195
42,0.7534404156048214
43,0.664602125271339
44,0.6035934819936457
45,0.627576521696322
46,0.564624496268677
47,0.6029519493020195
48,0.7267633182381188
49,0.696830978980467
50,0.5416303997668588
51,0.4985073963752861
52,0.602328205530778
53,0.5639644231525502
54,0.4746191278111937
55,0.433739758926819
56,0.6615746526681839
57,0.3310709869635573
58,0.3986542469269393
59,0.49396800893109544
60,0.4938251525115811
61,0.44640582037996257
62,0.5566271302564192
63,0.5654202712851131
64,0.5448971443203465
65,0.7841465553606837
66,0.47110289561471763
67,0.6731196452751917
68,0.38852101687477153
69,0.40378065030325894
70,0.6470479376691012
71,0.5467807549370369
72,0.44170247646038574
73,0.5399723025017629
74,0.43774389220505966
75,0.5273872074631651
76,0.45850284029324817
77,0.41650290911394316
78,0.42108725296680416
79,0.39042263046092995
80,0.38858348726634884
81,0.46890766418424196
82,0.6393864329618829
83,0.6454354038586076
84,0.3921523832817503
85,0.7061254674311189
86,0.6083599247759528
87,0.49992248452818555
88,0.5424277368448518
89,0.44474296449167866
90,0.5724745775076995
91,0.7199550128248877
92,0.5442382167974561
93,0.5858648664726116
94,0.5029089326814192
95,0.423715465015484
96,0.6593395963216562
97,0.34729286272946336
98,0.5437196912362561
99,0.8355982039830374
100,0.49526727469078435
101,0.6616309943003231
102,0.5116860528231122
103,0.48259535572361445
104,0.44848976515068767
105,0.5053872161336564
106,0.5971566327027863
107,0.41999729217910997
108,0.5096604292248499
109,0.6333225789760728
110,0.47163747955113877
111,0.6321122390690928
112,0.5955059574713059
113,0.39987491126552105
114,0.5327970726871686
115,0.5850871408038073
116,0.4135363010726195
117,0.6360836522386376
118,0.3832614938197704
119,0.3006427584559522
120,0.5614199959113978
121,0.5146498196086733
122,0.3722692364003072
123,0.42960027785666066
124,0.6342978091736016
125,0.4796299993575733
126,0.5061028990735569
127,0.5904198753740932
128,0.590168602707741
129,0.613907168907956
130,0.36133489321692647
131,0.46534955135624023
132,0.6542212181531784
133,0.552819060426781
134,0.478938677017659
135,0.3382625318008843
136,0.5825235132220332
137,0.6309087586238025
138,0.6212080807477232
139,0.4376634381499156
140,0.48349888877858027
141,0.5006777226805171
142,0.4514304977868529
143,0.45635915246793296
144,0.5084622848745918
145,0.43057004917858366
146,0.492716011568341
147,0.4384437037911962
148,0.464876957321624
149,0.526551744590728
150,0.47485021608377803
151,0.5203674140642405
152,0.3824544435694769
153,0.581626949839382
154,0.5556326385064887
155,0.37619663485775984
156,0.5317331557861295
157,0.5441712480886256
158,0.32029706872252095
159,0.4555532587966704
160,0.5111393903737877
161,0.5199633222155454
162,0.8872272143391264
163,0.5736813329453214
164,0.6782993976531154
165,0.7384646499198121
166,0.5544328752678607
167,0.46709609890431286
168,0.4272046611620778
169,0.46088046682455974
170,0.5713770321610554
171,0.5034582745686941
172,0.574024781909648
173,0.6454839794082985
174,0.5676944165845227
175,0.3824208641370408
176,0.49618685879279223
177,0.5694015327708405
178,0.49397357977496087
179,0.5295360270035371
180,0.47375907393065786
181,0.5518581864809782
182,0.39368095211139265
183,0.4497542807502402
184,0.5870736532539024
185,0.3245858377120566
186,0.47999604409859065
187,0.37247451569096846
188,0.507260819454065
189,0.415788819761192
190,0.5268340161959686
191,0.65587525946351
192,0.4481152655375977
193,0.4081753173716603
194,0.5644249042758781
195,0.3752366468825298
196,0.48615071269285137
197,0.6455607311280114
198,0.7086608258656943
199,0.5592017306599004
200,0.5936026442453024
201,0.48622724754308655
202,0.5084019455207344
203,0.5273820981669105
204,0.5660952398423346
205,0.4875616698503454
206,0.5168917153629357
207,0.4219759522832795
208,0.3262763445251467
209,0.541357080440252
210,0.3922077665724482
211,0.5351821553090642
212,0.41187693298075956
213,0.4365797102981138
214,0.44988147559971253
215,0.5123452039332805
216,0.40014262115448807
217,0.3931364078574612
218,0.5259991606004185
219,0.487046706030443
220,0.5716451412548206
221,0.4340873842369766
222,0.48409396169049035
223,0.7019343774495852
224,0.4486400849348802
225,0.5699622188528102
226,0.333634440775575
227,0.42380308205448963
228,0.6308930088731223
229,0.48432015858677285
230,0.6564973468956409
231,0.5819110906387308
232,0.5882194413263188
233,0.5747032720063913
234,0.3860534039208222
235,0.4216269535404622
236,0.44029636768591895
237,0.610099575869863
238,0.44504183729712476
239,0.5609915810079166
240,0.6022265645448703
241,0.5132370216211425
242,0.6647791735301587
243,0.4665120754451615
244,0.48898469383199283
245,0.6439741888527232
246,0.6815891288349571
247,0.6165686152714548
248,0.45404065991497244
249,0.5343443063003139
250,0.41662273460327803
251,0.517456473391756
252,0.42954374708530685
253,0.5463352714498201
254,0.5070194523241945
255,0.41129734435939497
256,0.4591695591710763
257,0.5940998305608094
258,0.6462574748229192
259,0.6599913703273159
260,0.49543166750685746
261,0.47192778934567614
262,0.3844691717821146
263,0.6349647445018618
264,0.27715214937291766
265,0.4653853823316081
266,0.4253876321383806
267,0.5021454441567867
268,0.5707378547094422
269,0.7845009542241947
270,0.6358677528791664
271,0.4487821797978115
272,0.6932651339356191
273,0.5971675998271317
274,0.49070813999988655
275,0.520006350941903
276,0.5451546693148596
277,0.481575858900978
278,0.5599027017653814
279,0.5086840700064172
280,0.38958530916239403
281,0.46639285059455227
282,0.45653718350186295
283,0.6895704857047117
284,0.3992079221334643
285,0.5094643884742531
286,0.41369562082813643
287,0.3994236830791296
288,0.38099816572612855
289,0.527723901275437
290,0.5542492218479376
291,0.5742086342743449
292,0.3211436413843989
293,0.45785628905467207
294,0.4691174612138235
295,0.568506394925388
296,0.560817759492639
297,0.5460695087592069
298,0.3842404465399226
299,0.6294134584004236
300,0.4424505139617045
301,0.4665468976193437
302,0.5036500674277385
303,0.5660281433191946
304,0.5159199297782957
305,0.3731595030752981
306,0.4822099289110721
307,0.4567203948477375
308,0.659766459596817
309,0.5338957090200345
310,0.5160392767723072
311,0.41169145311977884
312,0.5319637206188031
313,0.48710674462517856
314,0.46211818949267375
315,0.4565017982204931
316,0.42675449254179343
317,0.5101745831206081
318,0.3262662280630637
319,0.4604161661441251
320,0.5437581610062348
321,0.5550107471615224
322,0.5826584386916548
323,0.35719335671785507
324,0.5084869849793823
325,0.4537440598834669
326,0.6890634100786008
327,0.5083405633394606
328,0.45935050026135904
329,0.3961177080012071
330,0.6583960141512992
331,0.47484116487448064
332,0.5105035680673077
333,0.5480915464132946
334,0.4689089072074332
335,0.5604231505752095
336,0.4245808043372653
337,0.4686319423186418
338,0.49572830697425824
339,0.5095919788275555
340,0.5313879320158115
341,0.4162515381676661
342,0.6023055064454318
343,0.4719566468070307
344,0.3530746956683577
345,0.4645525190875833
346,0.4704440898989189
347,0.5330885710494004
348,0.4954800304558714
349,0.5732236055235301
350,0.5243501073324268
351,0.40821734495230694
352,0.471741240501507
353,0.5342094470648606
354,0.5509499126196226
355,0.5100853513937789
356,0.5161379829558641
357,0.4753663130399423
358,0.5269041520249913
359,0.41817303346717516
360,0.6242930113904138
361,0.3264131233258244
362,0.6582074611887176
363,0.5617239270103602
364,0.6690227615240059
365,0.46314149195115417
366,0.6364233370318024
367,0.5530306063836381
368,0.4913908987369052
369,0.4454046078664753
370,0.46069870756163045
371,0.43086981729112583
372,0.45627436927458687
373,0.4183311543373049
374,0.7745402903991195
375,0.3416500149887696
376,0.46147607985878775
377,0.5289524466903975
378,0.6346896324448326
379,0.589366842731869
380,0.5157292240721165
381,0.47258242320758004
382,0.5849919223226764
383,0.5278045016468436
384,0.5733750441212585
385,0.5163461747849448
386,0.43469838521519655
387,0.28484305420002953
388,0.5603319849281021
389,0.6270030109773232
390,0.5223733834589568
391,0.5146545211641294
392,0.6997464803162954
393,0.5728741956012261
394,0.48555796429244247
395,0.49799934826014497
396,0.3858792858924901
397,0.4884145418086062
398,0.5596279035832378
399,0.4874543544504203
400,0.46628605689271563
401,0.6991943238467135
402,0.43124518205822493
403,0.5522969765529195
404,0.5577477906885441
405,0.3850102985865016
406,0.40783000815242826
407,0.3821452973596622
408,0.5719963659041826
409,0.5086566976979213
410,0.426470720674407
411,0.3542151999261032
412,0.6019600136595263
413,0.5164420456077085
414,0.5249223416306964
415,0.46710580499114546
416,0.4514007619337762
417,0.5771619035629255
418,0.4552841767183505
419,0.3565386368849216
420,0.5279857712863026
421,0.5022514029620124
422,0.4351010369628881
423,0.5204822534963484
424,0.4707763402708143
425,0.4211744687875915
426,0.4033182889498942
427,0.34995423247513424
428,0.6755387962264016
429,0.5872505366324607
430,0.5001398719594625
431,0.5764341288544322
432,0.5649550186017084
433,0.5008462566133757
434,0.48792281690163064
435,0.5095537146307795
436,0.623254077299691
437,0.4849200095471959
438,0.5887444896099676
439,0.5982868747945548
440,0.6531632931125635
441,0.41656105039837477
442,0.4034114176045131
443,0.535478445067686
444,0.5421526168398139
445,0.4292609007902395
446,0.4992937835390458
447,0.4044638785276077
448,0.5056226209108534
449,0.42291072323315254
450,0.458181299757317
451,0.33650316163191146
452,0.4079843387795488
453,0.5872928240486072
454,0.5011450598402367
455,0.4270619340234946
456,0.5274180780389889
457,0.695871717669376
458,0.5029322096185168
459,0.49871517796101034
460,0.5638073397461724
461,0.4976434656728649
462,0.38723940706364524
463,0.712607168926847
464,0.6895696224746064
465,0.37877885082929963
466,0.4286528610799958
467,0.5081734227429022
468,0.5273530241242034
469,0.5737104756150726
470,0.48461822746314975
471,0.7071165633543596
472,0.5177225455201173
473,0.7054986554369936
474,0.5867568993147022
475,0.3547094632160212
476,0.5209568351100495
477,0.4678357813157354
478,0.6330884840313535
479,0.6090603482596328
480,0.3995964612450015
481,0.3753166485821085
482,0.5732927698760562
483,0.6265457448640493
484,0.5333946579372053
485,0.7858969671146752
486,0.6204366964081448
487,0.5614957237866103
488,0.5355767552183863
489,0.6082930691360273
490,0.5929581086394304
491,0.5326304633115071
492,0.46516858545455625
493,0.2714239321898498
494,0.5130529366297013
495,0.5227919379402652
496,0.516454602391329
497,0.6286449858443376
498,0.5282967935797732
499,0.31097398277987387
500,0.7521517645418976
501,0.49941504340618037
502,0.46511431107203866
503,0.5399708563912087
504,0.5588754800943493
505,0.5311934998456743
506,0.5560355086993259
507,0.5081731327716397
508,0.47013194909808076
509,0.6516957045391341
510,0.47760167053790664
511,0.49049647592707984
512,0.48840365057170765
513,0.5254627621285225
514,0.5752100564532234
515,0.40825032769558683
516,0.2846706562398299
517,0.7121830318554959
518,0.41296071754390373
519,0.49846831520674917
520,0.2817184129452061
521,0.5606238115300083
522,0.585938330928204
523,0.5784998469285272
524,0.49061041273334643
525,0.3859868276738653
526,0.46654500702253854
527,0.46986200550382845
528,0.4471545933654011
529,0.4300664744858079
530,0.4682345792298895
531,0.706722432447184
532,0.44857239778845515
533,0.5482571584294204
534,0.5027247556286907
535,0.4325137748874288
536,0.5614840526470831
537,0.48795799229615233
538,0.5141146051552946
539,0.5431537529171713
540,0.5373338292163407
541,0.4902159716841533
542,0.42044100898172354
543,0.5485779662964941
544,0.5896166963517091
545,0.43126198677310745
546,0.5098893121669608
547,0.6475511993806001
548,0.478541576794835
549,0.5538741863265453
550,0.4111517061997294
551,0.39371906919107047
552,0.7688395078384047
553,0.46115013736795185
554,0.4947252190496874
555,0.3700862981437455
556,0.4446820857575362
557,0.5231637067396889
558,0.7852972432530021
559,0.40616921353006236
560,0.3438384530577614
561,0.587508816780164
562,0.4459024325094735
563,0.5740020893779452
564,0.513515392660009
565,0.5123750935486716
566,0.5456016317710295
567,0.43013077764790114
568,0.4041222635191656
569,0.4520265613691602
570,0.3894538915209198
571,0.4887911333358309
572,0.32832890212209415
573,0.483783609582257
574,0.5510562911589058
575,0.5905555879227287
576,0.498132710383654
577,0.5411552716230309
578,0.47063977900892867
579,0.70436203170903
580,0.47375810553852693
581,0.6253763937273235
582,0.4825953789993444
583,0.48171568353015304
584,0.5198345612073318
585,0.4469711930764606
586,0.4636331738960482
587,0.5122319317730307
588,0.5931281848765453
589,0.5303638819786236
590,0.6395865830674361
591,0.40801461158832353
592,0.40351806942403823
593,0.5494983262321698
594,0.6124852082460734
595,0.4624986412392184
596,0.4946912473382546
597,0.7924409921070708
598,0.6090444410145224
599,0.47039735971116037
600,0.5062127079849587
601,0.4495643922615648
602,0.5576463427900957
603,0.49060966158656066
604,0.5028010373284341
605,0.4399790837986197
606,0.44285127391243495
607,0.4902620385682404
608,0.3722439793525353
609,0.6054380534566599
610,0.4477917370964498
611,0.5044299625048111
612,0.47126085868626155
613,0.5978200988069682
614,0.48881009260689606
615,0.5372615010095615
616,0.3934065989278737
617,0.6105333021405757
618,0.5152405417684235
619,0.5554035743910684
620,0.4060300205452807
621,0.4999482132406224
622,0.48519768391914897
623,0.5895461226844299
624,0.4935631699229214
625,0.3465484400622746
626,0.590091040713619
627,0.5081269585332436
628,0.47141871000627245
629,0.7304263207804842
630,0.25854663675524175
631,0.5886365258509683
632,0.6702526330151433
633,0.4598095260787609
634,0.5553910505720467
635,0.5368533398645189
636,0.6023871112886497
637,0.49346664278397345
638,0.38485882987796505
639,0.5825176485738874
640,0.49901389071511637
641,0.5884460667339
642,0.4936951656053164
643,0.5559155383330507
644,0.5544640724736238
645,0.319256291456531
646,0.40971436217445545
647,0.5662989319879839
648,0.4356107638474247
649,0.5220770799228639
650,0.3510732375876198
651,0.4257552439517331
652,0.4440011471958252
653,0.5772438802064973
654,0.6668542424423183
655,0.7003920728020496
656,0.46425879050659224
657,0.6042150695521219
658,0.506412333910154
659,0.5990335236478112
660,0.4563962128865445
661,0.4973404388700815
662,0.4292026234822973
663,0.4417451865198314
664,0.5867847667343014
665,0.44429967378460966
666,0.47955226630718084
667,0.4978322606333369
668,0.4678385623465477
669,0.4485885328880492
670,0.5455409196956479
671,0.49352171989115906
672,0.3855967781378381
673,0.5510066917881082
674,0.5858792053955206
675,0.46001142426637265
676,0.45764832345129547
677,0.43868626406859107
678,0.5059375547486906
679,0.4219442421836209
680,0.493971045151185
681,0.5572011052311538
682,0.4774753195089401
683,0.7032256622500952
684,0.39288784843035635
685,0.48654403944088825
686,0.3614654729166721
687,0.627681248524663
688,0.7730013348496141
689,0.3928261279097889
690,0.3817227215291621
691,0.5429677799853159
692,0.4868534745745927
693,0.40779772799018893
694,0.4499916775342764
695,0.5070208550337344
696,0.4075293358334098
697,0.4756650306389316
698,0.43420129138279956
699,0.5099923727344534
700,0.3862627278430313
701,0.503839919007427
702,0.5008861786109984
703,0.6427583441007758
704,0.4944941745731262
705,0.49804670274648694
706,0.4959485179807083
707,0.3039459932325479
708,0.3599811868253556
709,0.5417089309112093
710,0.5020116081853049
711,0.49075258698416896
712,0.45855993226654074
713,0.5108644591638493
714,0.393604009786161
715,0.4846420210269882
716,0.6928914711178988
717,0.43883850853178297
718,0.5078014473938351
719,0.5226963671388676
720,0.4582572446050132
721,0.5640163616882851
722,0.46159463730993816
723,0.5014316903758285
724,0.4450819356875079
725,0.47583008630515133
726,0.38376661090403247
727,0.5408950974318186
728,0.45814452255348503
729,0.27859332964935085
730,0.5416853171883845
731,0.4965346359871535
732,0.6343835838302722
733,0.3585373302718564
734,0.5110085640098624
735,0.45675931142143056
736,0.660186445012585
737,0.41000539575398526
738,0.59196053302065
739,0.637597653678484
740,0.5487572696394178
741,0.4996794129317133
742,0.5187691683482045
743,0.4905025079860983
744,0.4621198233464612
745,0.5965751477584048
746,0.5623104385290633
747,0.7136145191358075
748,0.5052869844101768
749,0.279156555364377
750,0.4379636844402406
751,0.4897195500271594
752,0.5479350645867646
753,0.705688626645808
754,0.41824353662594604
755,0.644352552668445
756,0.5168530360716611
757,0.4689094213847975
758,0.5445777772145709
759,0.6879906224847495
760,0.5519201661830315
761,0.5188062073232883
762,0.5039639042533831
763,0.43536219532149445
764,0.4156887893124978
765,0.5109836019881007
766,0.3907524091718792
767,0.688705754332023
768,0.44926497181472896
769,0.475949121835656
770,0.4463362136044469
771,0.6364761529438044
772,0.487071568941822
773,0.5646264303680157
774,0.505273313030749
775,0.5231474367292931
776,0.48907587911653033
777,0.5101700367252173
778,0.5416960982174205
779,0.49801054743575557
780,0.5209756597854808
781,0.5038698267118664
782,0.39949110023266204
783,0.504741766962226
784,0.5078704598032847
785,0.6032509585906832
786,0.6098446543294647
787,0.4711350398138539
788,0.47425220620921454
789,0.4313524450411339
790,0.4623582617265867
791,0.6580569054485526
792,0.6256572080747277
793,0.45380553659063433
794,0.36514631509915163
795,0.4042373291040263
796,0.455093997727383
797,0.5820647166268432
798,0.4467620563193468
799,0.4655630696424433
800,0.37755022569286534
801,0.6540670670553062
802,0.5076618033780989
803,0.46667482924078885
804,0.44603234306762474
805,0.6680255395548637
806,0.6304691191264644
807,0.741308619796352
808,0.4000026534681058
809,0.5262106690539754
810,0.5000024314611311
811,0.5883463602148924
812,0.5129484890699357
813,0.529831896000008
814,0.4176321414045793
815,0.4682700232544543
816,0.45814390999732757
817,0.46883383063870343
818,0.4852068788010412
819,0.41974507762216773
820,0.4899813103073453
821,0.4971232502598912
822,0.5697016123553892
823,0.6570059131567354
824,0.6326453978361186
825,0.5432576318714021
826,0.5408017579231696
827,0.3637880282943959
828,0.3893941005450274
829,0.5283393741582297
830,0.4276697540557305
831,0.5401582217410441
832,0.514648498480028
833,0.5195708795153516
834,0.5474163282422775
835,0.6066961823846649
836,0.497007402040208
837,0.5877956330603047
838,0.5160630188152051
839,0.39388254411918744
840,0.5860576234425116
841,0.6005607118932675
842,0.5873825481367011
843,0.5064049441965062
844,0.5591324228476696
845,0.5327098272425882
846,0.5362387711062526
847,0.6206122652253983
848,0.44582053237456
849,0.44253068219232006
850,0.46821240592559277
851,0.6082028138744437
852,0.40002341957751597
853,0.4982530085832377
854,0.5202157728167088
855,0.4333356896353033
856,0.3197187664798008
857,0.45398306682854705
858,0.5628034601568531
859,0.5635042571082869
860,0.6295124646305462
861,0.5289177611313489
862,0.4385383906191946
863,0.42983346175830517
864,0.5451111590000335
865,0.5171144522030787
866,0.531282062316277
867,0.5629944138972308
868,0.6679486361683575
869,0.4756909753056008
870,0.5088901175597
871,0.6356212988486768
872,0.5188329629561552
873,0.516592599722662
874,0.3854527785149237
875,0.6328184759601905
876,0.5230082057474856
877,0.5380377496433534
878,0.5593005865599209
879,0.47716233489767146
880,0.5229436353104101
881,0.6084279569521561
882,0.5149749307800291
883,0.4866699610932595
884,0.46923170190780394
885,0.5208426123785156
886,0.447374095094823
887,0.5262049068740852
888,0.35215678167728787
889,0.5126455591666583
890,0.7027314316559231
891,0.5361825774253699
892,0.5877485812365186
893,0.45660847888467054
894,0.43313624785028876
895,0.49264320868341677
896,0.5045119383564195
897,0.47060069549678035
898,0.4939612884785583
899,0.5957848168886984
900,0.5028303006599089
901,0.4716715246102652
902,0.5946014408583854
903,0.5815047045963646
904,0.5031135819871133
905,0.5334515225861155
906,0.5303999485689365
907,0.4003343884631577
908,0.4824958667357275
909,0.588310321939366
910,0.5710516530797825
911,0.6956767587705963
912,0.5640893966611228
913,0.5884493043421654
914,0.5983948358945747
915,0.4053851309155095
916,0.532550519225441
917,0.3876874481855487
918,0.4543077529084906
919,0.37107925596604086
920,0.32786827794971185
921,0.4429794846375559
922,0.36637573825669895
923,0.5765347367631755
924,0.3808659336518264
925,0.4076303044154598
926,0.5252425607704042
927,0.4465809601748098
928,0.3918731888689877
929,0.4323286978255553
930,0.5262495667342169
931,0.423688180829357
932,0.46644970450350837
933,0.5101829489168671
934,0.8607517242712242
935,0.5073255672603142
936,0.44792849209268837
937,0.44717923662017406
938,0.542581357642166
939,0.5437814018871547
940,0.5572319608357275
941,0.5413800742214552
942,0.3557874988070164
943,0.556063126137483
944,0.5149291233195082
945,0.4524069216556654
946,0.6245534900518522
947,0.5103889147729215
948,0.5346983561732882
949,0.8045143375708704
950,0.5346006321692791
951,0.3267427146160681
952,0.42352804683837536
953,0.6782054130144481
954,0.4256798356187418
955,0.6007814548845722
956,0.29304677335888696
957,0.4432022772693397
958,0.5541480205404764
959,0.4107816465091893
960,0.5215363018990787
961,0.4513629384438443
962,0.339753636484155
963,0.514372906048126
964,0.5136468811820949
965,0.3690633296479535
966,0.4151047099030929
967,0.6662550121146927
968,0.45703792660589715
969,0.5501676315425368
970,0.5286117801049176
971,0.4823840553404253
972,0.49265011457713187
973,0.5293843292338055
974,0.5728045460460482
975,0.5776065640404002
976,0.45377219057272966
977,0.6476916512134195
978,0.5688710965276432
979,0.5116297207665113
980,0.37791819181622005
981,0.659989372014509
982,0.6159110491671195
983,0.35948886994537327
984,0.7921154383811828
985,0.5868043749393962
986,0.5531171174843119
987,0.4929106069062208
988,0.6019998248961813
989,0.5064092841435958
990,0.46308261358118963
991,0.33802525745020284
992,0.34941217085090787
993,0.6705486932338158
994,0.5722635393094092
995,0.4954347780696846
996,0.5735436552876452
997,0.431048529530809
998,0.43294635051120356
999,0.6142132474852711
1000,0.5110214965950275
1001,0.48477382252110696
1002,0.5486438459197313
1003,0.5197067031851511
1004,0.5291178791104514
1005,0.6471702899901706
1006,0.5405913257543334
1007,0.4646069719207861
1008,0.5907413110600395
1009,0.5398015465124429
1010,0.35976736821413535
1011,0.6225058496966168
1012,0.43347128506891563
1013,0.4103755270763225
1014,0.5266034028167406
1015,0.47251058129766854
1016,0.3951966681849228
1017,0.6492486552490432
1018,0.37433197438026133
1019,0.5617896007855172
1020,0.3985921949662856
1021,0.4605433338339983
1022,0.46702109034176936
1023,0.43882143801920126
1024,0.4282278271419549
1025,0.5863919953518887
1026,0.5561936297555256
1027,0.39692922019634813
1028,0.5556956711334007
1029,0.554415057280351
1030,0.34038688781768744
1031,0.4686136609443389
1032,0.4121457225288553
1033,0.6455404355791291
1034,0.5327624576156863
1035,0.3856040536072233
1036,0.5758096556251391
1037,0.30435286777092097
1038,0.39529608647772396
1039,0.4709457589711002
1040,0.5946235791646635
1041,0.4711142936740164
1042,0.485215855591531
1043,0.4790092661956622
1044,0.5256738389780734
1045,0.6609127261480937
1046,0.5782353904606099
1047,0.5627401873646193
1048,0.5390421357919931
1049,0.5931594176644621
1050,0.5562117371005967
1051,0.4706679918431216
1052,0.4104882226091881
1053,0.5536472879579192
1054,0.4346845522304064
1055,0.6763965547357802
1056,0.3990310958462628
1057,0.5512685314603634
1058,0.5850349892158638
1059,0.5466248626654634
1060,0.43829625642059433
1061,0.5265364426549242
1062,0.4815065590072678
1063,0.5561779701954244
1064,0.46970891883249344
1065,0.4405083490763128
1066,0.631622159526078
1067,0.38639846253606797
1068,0.5355868517221308
1069,0.6545830928124247
1070,0.5289861730791313
1071,0.4528727148569327
1072,0.3016283217110056
1073,0.4406391784542963
1074,0.5922067451028462
1075,0.40101346274432126
1076,0.42299573298090476
1077,0.5708947143504791
1078,0.47316401418364107
1079,0.42773053756726004
1080,0.4916788672366118
1081,0.47628410130297066
1082,0.46633460129751136
1083,0.5167945314346765
1084,0.5894417031379762
1085,0.6003558405928889
1086,0.5643893109519046
1087,0.7272290144466861
1088,0.432169316269479
1089,0.4719258400022611
1090,0.4432711914419259
1091,0.4722694093137838
1092,0.6214014274242973
1093,0.5110091880914179
1094,0.362565575427808
1095,0.6666034920476658
1096,0.5793144174587781
1097,0.5051130226749798
1098,0.5324129984415252
1099,0.40591271488167197
1100,0.5036494040115658
1101,0.49939163869049674
1102,0.5094548145690395
1103,0.4743526136416045
1104,0.4141369089881736
1105,0.5424714286907881
1106,0.5579200170984479
1107,0.443753032049191
1108,0.43988230616875645
1109,0.5965838469632627
1110,0.6361190632628393
1111,0.5659350849819503
1112,0.41639667043017947
1113,0.4805974645191944
1114,0.3530529174328916
1115,0.4399863697631588
1116,0.48365053840294886
1117,0.5668984374461885
1118,0.372013047573466
1119,0.4162895844173842
1120,0.4591073331322533
1121,0.6321276283953937
1122,0.4623430901403679
1123,0.528468784997214
1124,0.4867840905425985
1125,0.4613510363258285
1126,0.5135486169612727
1127,0.4411274050426345
1128,0.38690590328030416
1129,0.572076766936256
1130,0.5238884147731114
1131,0.571430686146198
1132,0.5132303061590608
1133,0.36652067733536375
1134,0.43009900946721846
1135,0.5257871869521509
1136,0.7293882679906646
1137,0.4726920705111674
1138,0.5969075168406827
1139,0.5937123495293538
1140,0.5886404704694685
1141,0.5879999748283157
1142,0.41696049188972883
1143,0.2880173172039342
1144,0.5454793016867288
1145,0.5197769529292442
1146,0.376137510273212
1147,0.571170924554329
1148,0.561053245056431
1149,0.4530394064028235
1150,0.5017590414789748
1151,0.4565995633651038
1152,0.39576616055701247
1153,0.536602061736978
1154,0.5245370378313923
1155,0.30606747379795896
1156,0.46682632924363177
1157,0.5098483508434012
1158,0.6036137908601876
1159,0.4939635873212085
1160,0.7028747909916013
1161,0.24100806889330517
1162,0.5324198168489012
1163,0.5100772839401984
1164,0.5727552254257985
1165,0.42194338841518986
1166,0.3860503519785212
1167,0.5449038697963037
1168,0.41100024266337565
1169,0.5326452783183395
1170,0.5623079795271252
1171,0.5520986186690165
1172,0.6643727935867969
1173,0.5319792063438297
1174,0.3772269626979786
1175,0.4639096702541169
1176,0.4935581532183676
1177,0.42121740186633966
1178,0.5244251266735297
1179,0.2909783723809284
1180,0.48216050343404443
1181,0.47351333536655316
1182,0.48579879954890925
1183,0.4882521420450005
1184,0.42694204205888564
1185,0.5756938986013648
1186,0.42267630171287957
1187,0.567706367230352
1188,0.6044610181079906
1189,0.37538575385780276
1190,0.2600249214939944
1191,0.4471977403440318
1192,0.5036906703787666
1193,0.5203469580028135
1194,0.4013305277007113
1195,0.5863449334515303
1196,0.3719657801750974
1197,0.5710675679188426
1198,0.5915581513620323
1199,0.6114576449373359
1200,0.5201279939880672
1201,0.5317483202714733
1202,0.5235160465857485
1203,0.48960673235368474
1204,0.5718049437795042
1205,0.46807117056875935
1206,0.701875273015199
1207,0.3443664762301656
1208,0.569701551789692
1209,0.4759228108907175
1210,0.5448616146051123
1211,0.6694422631097967
1212,0.5000892196635351
1213,0.45862038269837524
1214,0.4681095679880246
1215,0.40651873015428075
1216,0.4597008276820364
1217,0.6188074177319257
1218,0.5843586838171705
1219,0.5485853289437159
1220,0.6557504139921492
1221,0.5833346295118814
1222,0.48429342199733844
1223,0.45436868953137044
1224,0.49668387607431114
1225,0.5952503655250279
1226,0.52477039070885
1227,0.4439811756491668
1228,0.40465022553056507
1229,0.5273673726614397
1230,0.615598299652754
1231,0.4851414294772286
1232,0.5195845595476184
1233,0.4257888204664045
1234,0.4585955862193557
1235,0.5027356538136635
1236,0.5810843571295397
1237,0.5348309394836925
1238,0.42452557573740335
1239,0.582489407213243
1240,0.6706937272557912
1241,0.6455893663856171
1242,0.5491273466270431
1243,0.4823754193785183
1244,0.5061924661574787
1245,0.47154566262934633
1246,0.5122592638947019
1247,0.48047980108989063
1248,0.5187163722041417
1249,0.4832498282883445
1250,0.42873748104138387
1251,0.6478580542175162
1252,0.49014087847988164
1253,0.403960949766173
1254,0.4104390521148154
1255,0.4464749490742595
1256,0.5638333824440344
1257,0.47285046881479675
1258,0.568231407516338
1259,0.596351017031222
1260,0.5246372600567615
1261,0.4822376842129545
1262,0.43788680919371703
1263,0.5934842055618719
1264,0.4980240360683138
1265,0.4994193053798305
1266,0.5875901558390789
1267,0.49766355863315476
1268,0.41120356263170443
1269,0.5138679422010046
1270,0.5092309860915448
1271,0.45153316915063874
1272,0.490893629976392
1273,0.4990509582205672
1274,0.35305240119972925
1275,0.4974032532017396
1276,0.4431757616665221
1277,0.5402183223147687
1278,0.6060743587587953
1279,0.3195654293405702
1280,0.4613776545084694
1281,0.5558339970325368
1282,0.3868789852942661
1283,0.47852900831345024
1284,0.5051003025089992
1285,0.49630617230249874
1286,0.4228850525680911
1287,0.3267475226264312
1288,0.4777719948250439
1289,0.5871799779684079
1290,0.6025439584905546
1291,0.5169873520398501
1292,0.37059233656246704
1293,0.5456393418533647
1294,0.4238118912654421
1295,0.5681252231876829
1296,0.5479089226421887
1297,0.48351474085850066
1298,0.6263977447331432
1299,0.4681273634838008
1300,0.5153602849867103
1301,0.42171036139006657
1302,0.3407674312997878
1303,0.46107161081648396
1304,0.3948942446433806
1305,0.4432441723642006
1306,0.47442245984199255
1307,0.5024370365261722
1308,0.5717322790147755
1309,0.44207917540718394
1310,0.4994066905390752
1311,0.566270111025335
1312,0.4869336552928633
1313,0.4882095537867379
1314,0.4612915293885889
1315,0.6058287314799967
1316,0.47915220967534566
1317,0.38833853848079536
1318,0.5497906215263779
1319,0.6126188682631128
1320,0.5249865348254242
1321,0.5944113252798164
1322,0.5687309253743505
1323,0.6526169076412348
1324,0.47770608241123713
1325,0.4859497261329206
1326,0.3449764247344448
1327,0.5455841824542824
1328,0.6421161851046487
1329,0.5302562864305276
1330,0.33132476604554945
1331,0.4468695957563813
1332,0.5098967338169644
1333,0.4477524161997557
1334,0.5025125149421672
1335,0.4819895423353184
1336,0.6622784896115845
1337,0.5919334915358249
1338,0.536130263637696
1339,0.5472475763023135
1340,0.6028373053852879
1341,0.47721090543486133
1342,0.429032375423248
1343,0.6069758966253996
1344,0.3181338686241836
1345,0.46879260055145755
1346,0.5539483432545392
1347,0.506758889429207
1348,0.3414525207479508
1349,0.5336288373164286
1350,0.44094189151337093
1351,0.6152352813089274
1352,0.5659702042061066
1353,0.45520302640591354
1354,0.5906952813401705
1355,0.597870647814414
1356,0.5481853213422618
1357,0.5368909811761482
1358,0.6652973263505478
1359,0.5444074542165853
1360,0.6063084276511144
1361,0.6186568490569687
1362,0.3908989994953744
1363,0.5318906855964867
1364,0.7453756790933942
1365,0.5460035851401555
1366,0.3253371281359663
1367,0.4093108830759393
1368,0.6205189738233714
1369,0.4410469688594895
1370,0.5063422813534095
1371,0.45091627731254835
1372,0.5473416909868982
1373,0.481398006040083
1374,0.6790402720729926
1375,0.5300266974688098
1376,0.4127489093337757
1377,0.5558721289148644
1378,0.6033349559416084
1379,0.5097171193370591
1380,0.57702044312653
1381,0.48122149079901494
1382,0.5431795104789415
1383,0.42026176588731934
1384,0.4378112729380538
1385,0.49959757111782854
1386,0.5345270709380224
1387,0.5940906518138415
1388,0.44550859446658564
1389,0.3220671266448253
1390,0.47234380815617855
1391,0.6132645313819691
1392,0.5651397680863713
1393,0.5230696992716294
1394,0.5706189916585924
1395,0.5151113910198222
1396,0.553709033475005
1397,0.41733698928127433
1398,0.40502071972297254
1399,0.6092163005224747
1400,0.48022554762364883
1401,0.38681230760967955
1402,0.45054247707072875
1403,0.46216871349178434
1404,0.6346988738294638
1405,0.39545499237056664
1406,0.6311240260588866
1407,0.5414394527816342
1408,0.491553156467325
1409,0.45698479763683675
1410,0.5095872356020125
1411,0.5547913693499024
1412,0.5407649186053973
1413,0.4958705559315958
1414,0.5231913883473192
1415,0.4919622082907319
1416,0.5407117334647382
1417,0.4531039522034497
1418,0.638083895351134
1419,0.49132472550377526
1420,0.5608368037874343
1421,0.40744072033407164
1422,0.44328176100371064
1423,0.5619186167899006
1424,0.48195255190952924
1425,0.5838150120095511
1426,0.6119131678546721
1427,0.6053480993193096
1428,0.3461292303733537
1429,0.44480263018528676
1430,0.4003948388612516
1431,0.4966870446594278
1432,0.5040477145139137
1433,0.6002944534649702
1434,0.5333776269536732
1435,0.45350249289558014
1436,0.4306018586489127
1437,0.45799515247722006
1438,0.5357263418776784
1439,0.3750787295068516
1440,0.4538322598635024
1441,0.3204696415767837
1442,0.5106282624307975
1443,0.4965754594439991
1444,0.9075336757485303
1445,0.45430418358837626
1446,0.42266344997853555
1447,0.4766560578795526
1448,0.5640067324114201
1449,0.3980803891807963
1450,0.4236149604123767
1451,0.5011739368931833
1452,0.4644074783147994
1453,0.5192799878956266
1454,0.39316613260772726
1455,0.3921858752672117
1456,0.5228624902058826
1457,0.42347911520148024
1458,0.4774942384833948
1459,0.5515612228466452
1460,0.3964209291494446
1461,0.3858160927163442
1462,0.6291825156096078
1463,0.516315857827985
1464,0.44509459910463706
1465,0.46445032539464925
1466,0.45424343833735675
1467,0.5330185097386761
1468,0.5818336709577429
1469,0.505191171846803
1470,0.5508759686059251
1471,0.34593789469557523
1472,0.46922119857220546
1473,0.49714679943405954
1474,0.47783533344375406
1475,0.5286057237218945
1476,0.6560950883875161
1477,0.5568684764143156
1478,0.6299747776738732
1479,0.6407467209532551
1480,0.5235750846111686
1481,0.442536823295017
1482,0.37227723669695617
1483,0.3218924074843358
1484,0.619000488559823
1485,0.4521575524207866
1486,0.577177363103007
1487,0.6218084676810879
1488,0.40248880288463007
1489,0.4133914183827312
1490,0.6557337664640588
1491,0.4349692242717472
1492,0.49819004508514314
1493,0.4789174059557492
1494,0.5771683631626369
1495,0.7051919393305005
1496,0.5345152991056271
1497,0.4793257420393407
1498,0.6883168034086425
1499,0.5394008141675952
1500,0.496699609173896
1501,0.6829605626180026
1502,0.43216419790747457
1503,0.6138557734431697
1504,0.5499484256132638
1505,0.638732051784089
1506,0.5415648330088744
1507,0.5409142980386591
1508,0.8520506702166852
1509,0.6662566943800476
1510,0.5523068112230981
1511,0.46002921405105207
1512,0.5813691028878727
1513,0.3684579651875233
1514,0.6938731544439907
1515,0.4969376025350707
1516,0.48538471370799274
1517,0.7228879577512346
1518,0.563529482099027
1519,0.5420536979908446
1520,0.6283244651626135
1521,0.4598139489174362
1522,0.5138472701531362
1523,0.39720190941514355
1524,0.5295474926625569
1525,0.5593224419564983
1526,0.38939443947000996
1527,0.48398656785543076
1528,0.7127916504464017
1529,0.5052303686449537
1530,0.2977392729672788
1531,0.5077846524928825
1532,0.35754524155250345
1533,0.48191448100952083
1534,0.5668423166632182
1535,0.3174214614994718
1536,0.4768853879538774
1537,0.6583189492922137
1538,0.4458398072303021
1539,0.4983594348203212
1540,0.7364655996040766
1541,0.6121539571572788
1542,0.6824393525698969
1543,0.6051966988585232
1544,0.5783736198467666
1545,0.5028596544645172
1546,0.586406121150418
1547,0.4201114023507991
1548,0.4885203417571239
1549,0.5444789073739197
1550,0.41719144191430896
1551,0.5558493786022752
1552,0.5215651495285737
1553,0.5680707715516465
1554,0.5430010065666638
1555,0.6200993558787102
1556,0.4096262110378321
1557,0.4502137375111201
1558,0.47167949783869967
1559,0.5990122239805711
1560,0.42553739053073397
1561,0.4640909458008008
1562,0.42618742249350106
1563,0.7390732351603236
1564,0.4839398519426488
1565,0.5081336497968999
1566,0.3843119625824097
1567,0.4956831784584462
1568,0.37197869361510694
1569,0.524516355319151
1570,0.4604214796600421
1571,0.4642901772009479
1572,0.4183076337863568
1573,0.4851657743034584
1574,0.5216441865911522
1575,0.38461160255258964
1576,0.5567091646170084
1577,0.4864997436866184
1578,0.5033315920417242
1579,0.5662195169942601
1580,0.28533690016477986
1581,0.5451725266753763
1582,0.4828530047707794
1583,0.4787539997163279
1584,0.6116909920209495
1585,0.4501833517967474
1586,0.6611983437327333
1587,0.5245490261570128
1588,0.5394465927970213
1589,0.524561580457558
1590,0.5242784124946411
1591,0.5269688772294706
1592,0.5880477073995448
1593,0.45348037230990573
1594,0.48130324328413604
1595,0.5175089240335823
1596,0.5000341950403554
1597,0.6013942743106983
1598,0.529496636579978
1599,0.43516122299799637
1600,0.6275081944179244
1601,0.5275661786178584
1602,0.47299544096029505
1603,0.7531991531513647
1604,0.37613430374626866
1605,0.4638949759545985
1606,0.6042680172541568
1607,0.6002080395579281
1608,0.5451697831081044
1609,0.5345589266158602
1610,0.4831327101603967
1611,0.5164913129788392
1612,0.4134801020008719
1613,0.4568209502621684
1614,0.41900043395679043
1615,0.6798105022810421
1616,0.7495049589462363
1617,0.37943744380541017
1618,0.4912575295086783
1619,0.563210983376989
1620,0.39528391417425895
1621,0.4917670899076633
1622,0.5312570412244277
1623,0.5279613972472159
1624,0.5378494584153203
1625,0.44285400757160215
1626,0.5475547774202069
1627,0.3902109211305367
1628,0.552429393218948
1629,0.4913576287437959
1630,0.5445532673264959
1631,0.5382182472896309
1632,0.6031648380722465
1633,0.4105796788849725
1634,0.372138236645833
1635,0.6520301936883469
1636,0.5910394899775797
1637,0.45334799440160284
1638,0.36274483056028195
1639,0.5180947396328432
1640,0.530367418155632
1641,0.5461093160856677
1642,0.37790375666703657
1643,0.5340288636438332
1644,0.49223893486080617
1645,0.5612732254800207
1646,0.4539237553356886
1647,0.5176899159771187
1648,0.44323909802902195
1649,0.5460967874920984
1650,0.6246539759673206
1651,0.505997406263128
1652,0.39569403920064433
1653,0.5665265842821473
1654,0.43142366399243176
1655,0.4308713191272736
1656,0.4616042663289026
1657,0.4587814958396774
1658,0.5196897161192435
1659,0.5063772274822497
1660,0.7078300453671102
1661,0.5309625869989618
1662,0.36687737335861975
1663,0.3590593961484341
1664,0.5333299285706992
1665,0.5067584444293277
1666,0.5197719939382721
1667,0.5240932604953088
1668,0.3071738305058752
1669,0.42296269327268027
1670,0.4109726846042821
1671,0.4678520725253147
1672,0.43626415196051477
1673,0.5155390174630635
1674,0.3881291097135927
1675,0.5386501909161014
1676,0.5825028744678803
1677,0.5366357639589869
1678,0.5279273172051522
1679,0.4368212727252639
1680,0.5814372563194123
1681,0.46475779753667923
1682,0.56179644663735
1683,0.5097348243547501
1684,0.5823501915313326
1685,0.39103174667349305
1686,0.5450776175765625
1687,0.5365245090748834
1688,0.45038522003293946
1689,0.515639501490949
1690,0.4992723511671734
1691,0.42041541310479985
1692,0.386720202199264
1693,0.5560544292899665
1694,0.502378816838145
1695,0.49951176673054726
1696,0.510637724401932
1697,0.5737598772924952
1698,0.5012287204192423
1699,0.41806490898284593
1700,0.5353837491610289
1701,0.5145513997729695
1702,0.49810706883979244
1703,0.44439918649021015
1704,0.49340901217544736
1705,0.48691373336601035
1706,0.44833106639307857
1707,0.6992096110090846
1708,0.569273892096197
1709,0.535979792666706
1710,0.5429506502607039
1711,0.5231534491751586
1712,0.4882997058974687
1713,0.34787153328984627
1714,0.5607308545456938
1715,0.5783213494851726
1716,0.48353730960624053
1717,0.49757799946568215
1718,0.5277491414313229
1719,0.5915513224845198
1720,0.46137895522888184
1721,0.562911932879702
1722,0.641944546810873
1723,0.49907164901506446
1724,0.5174845633370158
1725,0.44623180694214026
1726,0.5459523450181913
1727,0.39968360624133703
1728,0.3460590151434746
1729,0.4376295226972181
1730,0.5708325953307609
1731,0.5722604689751508
1732,0.7218871380944419
1733,0.5357085810909533
1734,0.4518365034807134
1735,0.54220296335241
1736,0.4371212222467735
1737,0.3636360913444955
1738,0.4686854485007989
1739,0.5267320560438773
1740,0.8389149141226302
1741,0.4676770546896981
1742,0.35417117423208133
1743,0.495515988548778
1744,0.49774434790285516
1745,0.4962103014807918
1746,0.5828661045154014
1747,0.4013319508384649
1748,0.503167309979667
1749,0.6188597356229332
1750,0.5466833823521747
1751,0.5200328261013554
1752,0.6481505406309378
1753,0.5094225329424563
1754,0.504541269346627
1755,0.507954442911279
1756,0.36819324758738325
1757,0.4669579543544518
1758,0.6752801136611013
1759,0.5974136071018785
1760,0.5450137575565982
1761,0.5265106827545106
1762,0.4956800590369552
1763,0.6468085322739204
1764,0.5691781973988141
1765,0.48820571811885055
1766,0.4668705446927146
1767,0.617660425919893
1768,0.6288954102478022
1769,0.4139933510573147
1770,0.5597708874274766
1771,0.5360284712565804
1772,0.27496743494899284
1773,0.49900499938475384
1774,0.47607889759255057
1775,0.504245919531119
1776,0.5215185594323853
1777,0.5278857155531299
1778,0.40218033276604925
1779,0.45765616983254814
1780,0.5614211907208188
1781,0.5024373368608941
1782,0.46295966600817534
1783,0.5775196634239855
1784,0.43771935800908707
1785,0.6165054265580846
1786,0.542177070772287
1787,0.4948255916264671
1788,0.40973150203516584
1789,0.4378249898053837
1790,0.6570682263837182
1791,0.6082038389890061
1792,0.6700306150046551
1793,0.4865109956561098
1794,0.31340621964244675
1795,0.38031178707075797
1796,0.6332988526844595
1797,0.5299496571611138
1798,0.47217170281824955
1799,0.29268787110662753
1800,0.5558460686353686
1801,0.36268438336630443
1802,0.47963618119391693
1803,0.6675511267454363
1804,0.47981128378099014
1805,0.4270195580097736
1806,0.48645406772870525
1807,0.46876055927261456
1808,0.45892533842535765
1809,0.7205349512318723
1810,0.4330804966056454
1811,0.36625546847203977
1812,0.32303105084052697
1813,0.40849188570084316
1814,0.5911471675318783
1815,0.41920546572246686
1816,0.3700001932016548
1817,0.6233920555812192
1818,0.4738792323991509
1819,0.6690388632640044
1820,0.5914603606630969
1821,0.39915264181969273
1822,0.5564881919074622
1823,0.5151208439657409
1824,0.4855800764859076
1825,0.483720241595354
1826,0.3680174981856553
1827,0.47845104371245833
1828,0.5068030486657833
1829,0.6825256666769954
1830,0.6924788958696211
1831,0.5236952810772203
1832,0.5074577097433843
1833,0.5408195570204758
1834,0.3421085242771532
1835,0.4220922284589799
1836,0.6079316462424869
1837,0.5935361718058778
1838,0.6415609288038854
1839,0.5807990606591625
1840,0.5977598784121667
1841,0.580820430324712
1842,0.345259923077528
1843,0.47244162432437764
1844,0.4278591020196787
1845,0.6869545954344595
1846,0.5697158300007599
1847,0.42832486153292904
1848,0.5435680845348408
1849,0.4579257511513187
1850,0.5481545306529599
1851,0.38445469631925516
1852,0.5068530261776504
1853,0.5717744727518564
1854,0.6065076224059918
1855,0.4124613790817695
1856,0.34590648705644883
1857,0.6095913918165403
1858,0.41484240565138847
1859,0.43637633757014105
1860,0.49159283434726386
1861,0.5958624633710797
1862,0.5447099243166148
1863,0.5410101977993658
1864,0.4008267376163971
1865,0.5658212396079183
1866,0.3750972490332649
1867,0.40535688015967497
1868,0.39367305681887893
1869,0.5155936486046879
1870,0.5406321199249401
1871,0.49705905413865753
1872,0.4748328056234083
1873,0.5319395504878305
1874,0.4455037342361954
1875,0.5170962336771946
1876,0.49410047583140276
1877,0.4280928026215094
1878,0.4902045440086633
1879,0.3886751785725333
1880,0.5257037058564921
1881,0.4105272474892122
1882,0.6577057710003005
1883,0.2913975707954845
1884,0.6233795830790754
1885,0.4157591814339736
1886,0.43430077509418963
1887,0.535597681193419
1888,0.5804479477014786
1889,0.5669458848051054
1890,0.5000232912217216
1891,0.414832368118409
1892,0.42035029940786944
1893,0.4767592688023886
1894,0.43633491214204484
1895,0.3964000799594989
1896,0.510442787599994
1897,0.5973410118475599
1898,0.5524170597959145
1899,0.3822858077402286
1900,0.42468820368645505
1901,0.5223309773779619
1902,0.5615607087066965
1903,0.5153623820411064
1904,0.5988009129239348
1905,0.5633891864585084
1906,0.8304188963860941
1907,0.6277253877352693
1908,0.38847329537187203
1909,0.46047478688634386
1910,0.4766384604199862
1911,0.4552342942232007
1912,0.5160913564787787
1913,0.4803720728979088
1914,0.47959535710230944
1915,0.5722746027963632
1916,0.47266766320960507
1917,0.5180943549725578
1918,0.3541688392797643
1919,0.4564415603802136
1920,0.7635487877873306
1921,0.40919792969976465
1922,0.56191165022296
1923,0.6821163789474343
1924,0.4707943585228813
1925,0.6801945686444056
1926,0.5793487605036549
1927,0.5346946682867889
1928,0.48512603301968027
1929,0.37218095914257143
1930,0.46900593022888465
1931,0.49993689260144997
1932,0.5702842284209149
1933,0.6698140752808471
1934,0.5521006596374074
1935,0.6736604923434987
1936,0.5518188006769773
1937,0.4599191525938232
1938,0.48828554614933184
1939,0.530073467753729
1940,0.42917557690961683
1941,0.6455252871293145
1942,0.45114624668138603
1943,0.6111705591755585
1944,0.44979764825971974
1945,0.5115585391757934
1946,0.534914173997373
1947,0.4963610299315964
1948,0.6924807287600606
1949,0.5796138470759887
1950,0.5016808770437675
1951,0.6376727405501001
1952,0.45022700475830396
1953,0.3300724825267638
1954,0.5458954852487213
1955,0.5924810158083446
1956,0.5396803491868329
1957,0.5358009146503303
1958,0.5280807946815731
1959,0.6199932750253082
1960,0.5001103912062156
1961,0.49373876770976655
1962,0.4143371670840106
1963,0.5385249210852714
1964,0.4944595538636117
1965,0.5809395658727345
1966,0.5660412598449343
1967,0.41310285825541115
1968,0.41382408192433123
1969,0.614782005159806
1970,0.45370866208764393
1971,0.660592105276361
1972,0.3946476653375412
1973,0.5164360105553206
1974,0.5461362051629883
1975,0.5864400105135681
1976,0.36234492052562267
1977,0.3271257961825496
1978,0.5259522112366933
1979,0.6667515714828127
1980,0.5072540683455387
1981,0.5521314575509514
1982,0.6590379658730251
1983,0.5719957291242457
1984,0.5747642860626858
1985,0.5346897665771951
1986,0.35600845363986766
1987,0.5915689163786277
1988,0.5538889220569011
1989,0.5361821420459316
1990,0.38001637858487114
1991,0.486211894316546
1992,0.6283132658021908
1993,0.551108606309848
1994,0.47939047393429357
1995,0.6910178551485106
1996,0.45289966273712706
1997,0.5318329123941768
1998,0.5144701862370514
1999,0.41902659823323707
2000,0.5142281429712806
2001,0.566030746361523
2002,0.5726581905907641
2003,0.43145482348593356
2004,0.4465669345867178
2005,0.43213623940978085
2006,0.47811487647484235
2007,0.5281059593993391
2008,0.3530947170231715
2009,0.5233497971069936
2010,0.4694524206484288
2011,0.35742502635614304
2012,0.47346943595656776
2013,0.4983855165833278
2014,0.6487996365722968
2015,0.46940103009724443
2016,0.5692706587577985
2017,0.6689917819222151
2018,0.42908792443049126
2019,0.4487732893942465
2020,0.6472049156761205
2021,0.6087168676987055
2022,0.4869570290392738
2023,0.40586939950741013
2024,0.5968547908509321
2025,0.5634831175424427
2026,0.3892392598025407
2027,0.4204969607968862
2028,0.4316151793883849
2029,0.4967747792658034
2030,0.519285712344477
2031,0.6336603147545121
2032,0.5235355296033184
2033,0.3751169503631839
2034,0.5094846155381992
2035,0.5574336372671098
2036,0.6767681363718693
2037,0.3900141620517493
2038,0.41365720350868657
2039,0.7119519058111601
2040,0.4232473873865513
2041,0.5501654995245682
2042,0.4495790791575888
2043,0.5835979170488166
2044,0.5301876402763183
2045,0.55633885800325
2046,0.6618168936710959
2047,0.49379470623391664
2048,0.4861869987831338
2049,0.44015500956247466
2050,0.42753945283035366
2051,0.5061265921669837
2052,0.5411739789126262
2053,0.5030344152086612
2054,0.41608900514604863
2055,0.3631999024426934
2056,0.5193276734736288
2057,0.42228459791372225
2058,0.415179601486138
2059,0.5324658620927407
2060,0.48801083777498655
2061,0.4712414846814192
2062,0.47786901010214267
2063,0.5466981138968793
2064,0.5059706244030328
2065,0.5328682905213192
2066,0.4165923320520447
2067,0.49410969257703363
2068,0.5611437565907945
2069,0.46314788604485624
2070,0.5374211125703636
2071,0.5140931384944512
2072,0.5264185094176365
2073,0.4411157106627063
2074,0.6126030206785904
2075,0.49508878350241003
2076,0.5532434913877962
2077,0.3355401318257918
2078,0.47451573098749367
2079,0.4392438639495389
2080,0.45213734626685564
2081,0.6149581854345458
2082,0.5734650943462352
2083,0.5354700241274764
2084,0.5622009932454188
2085,0.6472417512959823
2086,0.40153291881636527
2087,0.6076628269851205
2088,0.500712203543039
2089,0.532637562352229
2090,0.5073776779622162
2091,0.5042901447597568
2092,0.5719217665607325
2093,0.5935328035350222
2094,0.4980911141856873
2095,0.5166967005204778
2096,0.45365428520017737
2097,0.6538556822921575
2098,0.5541834018123069
2099,0.5878289922778985
2100,0.505364804593022
2101,0.45721057633041085
2102,0.46253896938224265
2103,0.3563341892677313
2104,0.685745079390998
2105,0.3841535347769221
2106,0.5288620556699277
2107,0.41553513502940004
2108,0.44047277363173937
2109,0.5343968912197009
2110,0.44262258919519304
2111,0.38408414128685653
2112,0.4763861969780029
2113,0.37624346732738856
2114,0.5980672030034976
2115,0.5778005898592662
2116,0.32018139365873444
2117,0.49418011531121087
2118,0.5564596877859521
2119,0.39686784224879884
2120,0.5128818813844696
2121,0.5564477864264266
2122,0.4513582736744185
2123,0.5586898492031707
2124,0.6019222254864164
2125,0.44802556092509876
2126,0.45264234201488585
2127,0.6480615683101814
2128,0.4459923475932176
2129,0.5179436185507221
2130,0.40060668679522504
2131,0.4222238582323272
2132,0.617650895041586
2133,0.30792731500391546
2134,0.4196626195021315
2135,0.5768825568762915
2136,0.6257751615307997
2137,0.4792384517332501
2138,0.4004901616608538
2139,0.6561621109403348
2140,0.441122118226086
2141,0.5825702298865486
2142,0.563403073658005
2143,0.5374404378360782
2144,0.5452967462058587
2145,0.5218842042779059
2146,0.6415434899367608
2147,0.5722877983907532
2148,0.5474321393242274
2149,0.48961716720820037
2150,0.6400603067090623
2151,0.525351845825719
2152,0.4794974538704623
2153,0.4711975762541116
2154,0.423721626997835
2155,0.6000693229137405
2156,0.437015881393731
2157,0.5257746064669917
2158,0.5367595949507155
2159,0.5001274795282098
2160,0.4204111702734979
2161,0.48812648173795287
2162,0.25819794562894194
2163,0.5567885112055823
2164,0.5836176842193632
2165,0.49327925699416986
2166,0.47059274874436263
2167,0.4450459254309287
2168,0.6237505806622763
2169,0.5377326222167278
2170,0.5566781631411951
2171,0.5039620595133857
2172,0.49120170294210286
2173,0.45082828697140864
2174,0.785888645137629
2175,0.5561799092899404
2176,0.8046562848827016
2177,0.4368905338018946
2178,0.6270054296427606
2179,0.5033178228002436
2180,0.5904769192429598
2181,0.3592945661287257
2182,0.5970688058881007
2183,0.3869560842993321
2184,0.6069889689562842
2185,0.3981811826106253
2186,0.5083567753583375
2187,0.6447946575054014
2188,0.5422462633619971
2189,0.4036717383934436
2190,0.3963478865730235
2191,0.614060728820658
2192,0.6408053036152443
2193,0.3862382252195423
2194,0.46626667122429016
2195,0.4979970707537844
2196,0.36500190093252183
2197,0.3634089644179932
2198,0.5181922404954811
2199,0.4722382491120887
2200,0.657666545569719
2201,0.34293200744360886
2202,0.5658488480166819
2203,0.5077420197124493
2204,0.5356455030801596
2205,0.5828609291250959
2206,0.5247181402122996
2207,0.49313966283397076
2208,0.44542206917357646
2209,0.548797061117126
2210,0.5220489890016307
2211,0.4143370709694113
2212,0.3801869383140666
2213,0.7039018301669462
2214,0.4440755446964904
2215,0.5239676427431282
2216,0.5102099949995165
2217,0.43903566830011087
2218,0.36285956173031025
2219,0.4320885976188059
2220,0.47031573728339565
2221,0.503457219307971
2222,0.4965885155417359
2223,0.5144228696995488
2224,0.6176464664232916
2225,0.5270089206790048
2226,0.33971059223880595
2227,0.47449430116478836
2228,0.6518835747412918
2229,0.5267288055452308
2230,0.6711207835060189
2231,0.40375647434252926
2232,0.5164747914235442
2233,0.5505309321069765
2234,0.4704631502761632
2235,0.45836896393989124
2236,0.48966896822871037
2237,0.5894678678887015
2238,0.4798394905818236
2239,0.741155284911879
2240,0.6220605765031513
2241,0.462588498599142
2242,0.5054824140840843
2243,0.5545601685027565
2244,0.29948150820519626
2245,0.474726558695205
2246,0.4779057809361794
2247,0.5315966475561953
2248,0.555076112237507
2249,0.6009787025038531
2250,0.356928771575833
2251,0.4424198564504913
2252,0.5070882710635496
2253,0.5493638846253517
2254,0.5107814453077083
2255,0.5625773784168108
2256,0.5927695327436158
2257,0.46889482222509665
2258,0.47417659042184396
2259,0.4323541892571725
2260,0.5014280391686311
2261,0.4493479084562435
2262,0.3516747220275599
2263,0.4627586105300935
2264,0.6376890934206942
2265,0.4634873315406497
2266,0.628246554795471
2267,0.36025349394931816
2268,0.43223204642461815
2269,0.4978249473330275
2270,0.4532354741711486
2271,0.5225628530863794
2272,0.4674750329654043
2273,0.49162620394885925
2274,0.47712707425307976
2275,0.5767530203451806
2276,0.42264378790285595
2277,0.5161474098034143
2278,0.4654111420415174
2279,0.4208072258193334
2280,0.5537751169707628
2281,0.6647858819671664
2282,0.5390473151668735
2283,0.5145746383104025
2284,0.3749884219379199
2285,0.4739507951094824
2286,0.6195413103731177
2287,0.3324062054078095
2288,0.45009425719551643
2289,0.623267827980605
2290,0.3899565227126929
2291,0.5000282890218721
2292,0.4798697108769585
2293,0.3516125518681157
2294,0.5804205796867334
2295,0.38070984408246983
2296,0.5198880622816576
2297,0.6204701071818259
2298,0.44638932614267335
2299,0.6235724981847259
2300,0.5689345446002932
2301,0.3619688889707361
2302,0.4965855004505336
2303,0.49675972497439985
2304,0.4957188346493714
2305,0.4636170590426412
2306,0.6154335943852194
2307,0.6791742722507976
2308,0.48071443989683366
2309,0.48395598884774493
2310,0.46510717297344045
2311,0.5692894678175227
2312,0.4096917777030824
2313,0.5932026961093221
2314,0.3822932828235128
2315,0.3908623339998496
2316,0.4774668358757645
2317,0.5022140326384537
2318,0.48738242081291305
2319,0.635097167847461
2320,0.47361854514291124
2321,0.5194205188997411
2322,0.46013775596884926
2323,0.44039019159171444
2324,0.6257018274268242
2325,0.48924096181437826
2326,0.4613746095066473
2327,0.6018920119424519
2328,0.4164350881200215
2329,0.4628531250071402
2330,0.5217782082505743
2331,0.5445523164207487
2332,0.5479053600398334
2333,0.46780380111648223
2334,0.6523662241438617
2335,0.40411792253117196
2336,0.6386947127223075
2337,0.4218211868221321
2338,0.4721867709476547
2339,0.433537386533861
2340,0.5538027327868187
2341,0.6645358700890167
2342,0.5469681374829908
2343,0.655872934885686
2344,0.32544861767073924
2345,0.4198874409435726
2346,0.5337429771990774
2347,0.4547958229504843
2348,0.4321755624533137
2349,0.45531299589970464
2350,0.4264750489970492
2351,0.7751349661581461
2352,0.42050186822899527
2353,0.4502355046210097
2354,0.48433747765837026
2355,0.4945339380529526
2356,0.5408465714692987
2357,0.5717125594550923
2358,0.3990735848404683
2359,0.6953747524224915
2360,0.36161789329815375
2361,0.5788387822883088
2362,0.5378687668886617
2363,0.6090575441084285
2364,0.6180515000932169
2365,0.3908699860986449
2366,0.48993271140717576
2367,0.7251906135383905
2368,0.5530051098341888
2369,0.5176785064194146
2370,0.555389960948952
2371,0.48451117894584667
2372,0.5948274511845204
2373,0.5409242619847121
2374,0.4710764536188669
2375,0.36979515797033513
2376,0.6278898398811144
2377,0.5747526746619982
2378,0.39099357345106767
2379,0.6169207754535587
2380,0.48495362981436385
2381,0.5367913812268037
2382,0.4979048879226157
2383,0.6688596438399753
2384,0.4499908463332817
2385,0.5571556415403562
2386,0.6365036790694144
2387,0.4490613202015756
2388,0.6039042855543523
2389,0.5198519148366629
2390,0.5921580317416164
2391,0.687828865362154
2392,0.577416585572273
2393,0.5691836205907359
2394,0.49329741053170495
2395,0.4979258302996395
2396,0.5668794797095309
2397,0.5458774352243113
2398,0.4376856508187804
2399,0.5737212231569925
2400,0.3595237889272078
2401,0.5575673775078669
2402,0.3899454784015511
2403,0.47956834102691503
2404,0.5260101009765636
2405,0.5370494065703189
2406,0.47493035982033205
2407,0.4284699410781069
2408,0.6972884898168664
2409,0.4059770378991504
2410,0.4073568668536567
2411,0.4962456452827325
2412,0.29481463440268263
2413,0.5585108918856673
2414,0.5569355664433
2415,0.3909534148594592
2416,0.4367773565573662
2417,0.3632630067240663
2418,0.5830979171323677
2419,0.36735447719955905
2420,0.5868741513220002
2421,0.47780092038205885
2422,0.5330203811607102
2423,0.6081845433511366
2424,0.5150468383521271
2425,0.541876744496577
2426,0.4664078871240717
2427,0.458402693330441
2428,0.4469388911115002
2429,0.5587161787605935
2430,0.44413334440799546
2431,0.4599784517926035
2432,0.4793083438563078
2433,0.635100936137843
2434,0.46762831736643934
2435,0.5023972193799024
2436,0.5538659954655603
2437,0.4153223561418638
2438,0.47815049608298504
2439,0.3693763352998014
2440,0.610488362792984
2441,0.43834099049147046
2442,0.5304201188153188
2443,0.5100720611080454
2444,0.6481610731674482
2445,0.5246037699871562
2446,0.4955167806741998
2447,0.4319067299678913
2448,0.5618237858908466
2449,0.4750237711353057
2450,0.41993355334602633
2451,0.4794929720464901
2452,0.44198653203348304
2453,0.4750779182070519
2454,0.5500692463981229
2455,0.5078001284026368
2456,0.4933747370381963
2457,0.5349148017019296
2458,0.37744900185893004
2459,0.5607138749856834
2460,0.4894347447105656
2461,0.579258194350464
2462,0.5413471470333899
2463,0.3951783926384066
2464,0.4440729663236471
2465,0.4642704969465598
2466,0.7210393161035024
2467,0.3628996344795219
2468,0.49026161682933084
2469,0.5505226950161028
2470,0.45766537233624544
2471,0.5531124704776372
2472,0.40295383637118
2473,0.41810670870330335
2474,0.6428181335998275
2475,0.5228480635013703
2476,0.5320188920198451
2477,0.4760656647924726
2478,0.5161820048768732
2479,0.502706029066651
2480,0.4526767529996092
2481,0.505990219043286
2482,0.6448167799787109
2483,0.48889854387122517
2484,0.34769086653661274
2485,0.45046065329387336
2486,0.5290830576607332
2487,0.37518788196240294
2488,0.48331916674714925
2489,0.5750591140211792
2490,0.3253885558571593
2491,0.5161779878545351
2492,0.519868390978154
2493,0.639919723597519
2494,0.5427797456364228
2495,0.45723019893505734
2496,0.5791613484826289
2497,0.5000694750870612
2498,0.5498801995311631
2499,0.4421806211936043
2500,0.6265550511627602
2501,0.42984542661483005
2502,0.8435947225246763
2503,0.4673154411306709
2504,0.7035973023957747
2505,0.49640911445481894
2506,0.5925939091288717
2507,0.5738579200135303
2508,0.4323897463177736
2509,0.3119477394403677
2510,0.6381642329592707
2511,0.5657232323138428
2512,0.2606890959338516
2513,0.5470768654740104
2514,0.6916972904414282
2515,0.4227924565453298
2516,0.451926108051402
2517,0.552172553526599
2518,0.6193697092865404
2519,0.5751289660103509
2520,0.6587344498259281
2521,0.6989788118567359
2522,0.5335073328680598
2523,0.3528314473229206
2524,0.4108204639306292
2525,0.5546572822642146
2526,0.5108725351294707
2527,0.5030755932627557
2528,0.5567533508333635
2529,0.6198159374302331
2530,0.45099168364455144
2531,0.4444161915048027
2532,0.6502575498695905
2533,0.3365777102568579
2534,0.5919771382674465
2535,0.6194669911466468
2536,0.46100112927317866
2537,0.6129720531919146
2538,0.6137241364927972
2539,0.3390073677521288
2540,0.6147219053029357
2541,0.5351510585161834
2542,0.46080805355204774
2543,0.4917714168946273
2544,0.548521176360885
2545,0.4227686671301334
2546,0.5024988474172624
2547,0.4816980472548228
2548,0.5647271596483338
2549,0.4485083148940243
2550,0.5248141856704653
2551,0.49471448659099615
2552,0.6018877266367465
2553,0.6548225666245692
2554,0.5750390349460155
2555,0.46539171217564956
2556,0.42466546930277804
2557,0.546313807393059
2558,0.4781329457623032
2559,0.5980252300069739
2560,0.6082128261314206
2561,0.6073952366602876
2562,0.5715315064958618
2563,0.5043031992300786
2564,0.45905610219066356
2565,0.4023847754972538
2566,0.5135651333799668
2567,0.47138233893596576
2568,0.40382494526614526
2569,0.5443431918715724
2570,0.4607587578735242
2571,0.5283192003447377
2572,0.4650190142163736
2573,0.5883905915385108
2574,0.3175035052937675
2575,0.5294190346587766
2576,0.5723584564122663
2577,0.6764193839559846
2578,0.5030152069255432
2579,0.6129192497413829
2580,0.39458376201992673
2581,0.4456086816456295
2582,0.5740582712863539
2583,0.450155539470684
2584,0.5051947057668151
2585,0.4324698356583674
2586,0.5503349008002423
2587,0.47810937937419157
2588,0.3640500191528917
2589,0.6384022759830675
2590,0.5036725786779316
2591,0.5009069706316448
2592,0.5341811598418692
2593,0.8063704570819402
2594,0.44370436958205606
2595,0.4650792762781993
2596,0.5463419459149325
2597,0.5335211655636497
2598,0.6131270118336507
2599,0.2557072501559233
2600,0.5635783991706556
2601,0.5034766795182635
2602,0.4705034766102585
2603,0.4131656648924336
2604,0.5451555436819286
2605,0.47580143309879297
2606,0.610184649598886
2607,0.4793792923516148
2608,0.5955609024860984
2609,0.6419031674537683
2610,0.5665416071727957
2611,0.647226060658139
2612,0.5614464339567395
2613,0.5209323128607892
2614,0.5484194048910832
2615,0.503270145606346
2616,0.6132713305891696
2617,0.5651276586307687
2618,0.39761103531287234
2619,0.4661157626436724
2620,0.38586095392356
2621,0.5065855906445809
2622,0.48606348409033995
2623,0.7907292852204977
2624,0.5632428540430701
2625,0.4320679081694516
2626,0.5401322967246929
2627,0.5254340378185081
2628,0.50013165593333
2629,0.39689692078214683
2630,0.4900256578878308
2631,0.677647554183747
2632,0.44202090826635476
2633,0.5816953801596476
2634,0.2626319346371808
2635,0.6706401048939729
2636,0.4996427423252562
2637,0.42127374334436196
2638,0.4962963232701342
2639,0.43723867632263486
2640,0.42901561975598373
2641,0.6457945876168898
2642,0.44845758850176537
2643,0.6659682847294844
2644,0.48345519508366147
2645,0.6563495205844652
2646,0.5428095920452163
2647,0.6738583170782037
2648,0.3928004846952538
2649,0.5524494683524663
2650,0.49827580445005587
2651,0.30544978856695476
2652,0.38638732453012936
2653,0.5241281257915339
2654,0.49796122149945016
2655,0.47626206269089655
2656,0.5152121931752585
2657,0.4054461626045995
2658,0.5608212576700431
2659,0.46778021053996105
2660,0.4994206490206964
2661,0.3289091951593688
2662,0.4625425219334681
2663,0.347618762522657
2664,0.4860728890009862
2665,0.6020961746465763
2666,0.5847807531116269
2667,0.4716050473109892
2668,0.5230176943609729
2669,0.4908251000809573
2670,0.6024678462036833
2671,0.5305001525388062
2672,0.48087658126878446
2673,0.5487717295964709
2674,0.4032119182825458
2675,0.41957611714599474
2676,0.4661589873918734
2677,0.4511093506803865
2678,0.5248588263181536
2679,0.538978808356498
2680,0.4383595199990148
2681,0.411248491380993
2682,0.5347120083117912
2683,0.3431212292226531
2684,0.49838360130420906
2685,0.5354376654156044
2686,0.5087726382993761
2687,0.5769266476537729
2688,0.6171197843156079
2689,0.6052010502419874
2690,0.599398409592018
2691,0.5488495729756352
2692,0.6086317385686759
2693,0.540737984765299
2694,0.3346470873922212
2695,0.6678646035635355
2696,0.44865687446732216
2697,0.5906108216723052
2698,0.44014862592194476
2699,0.39706252671727893
2700,0.36023218156519543
2701,0.3981335967894103
2702,0.6065824092353055
2703,0.6098279015727462
2704,0.5254865040617263
2705,0.4325864979461122
2706,0.45088106877280854
2707,0.7155094990043701
2708,0.45925486901805024
2709,0.6233233445828086
2710,0.7912922845392145
2711,0.7368688285923424
2712,0.4860423826891034
2713,0.3958083389872703
2714,0.4711092195404853
2715,0.5545973502948855
2716,0.4461885067360199
2717,0.4161548389643951
2718,0.5422877049714839
2719,0.4417872849361515
2720,0.7184952578642693
2721,0.49370486633320865
2722,0.46230083860832877
2723,0.6497438166381548
2724,0.5628873707183549
2725,0.4760410558627441
2726,0.5550185867994522
2727,0.4317397039944666
2728,0.49387361040967603
2729,0.7121821917806493
2730,0.41390128496868667
2731,0.6784649233149989
2732,0.46665285130000567
2733,0.5586120917490791
2734,0.5232562278889635
2735,0.5162966536378792
2736,0.4572180191300972
2737,0.4390548771925815
2738,0.4740815076722977
2739,0.5040130664199652
2740,0.40237615513154845
2741,0.4108110725983343
2742,0.4205964198315857
2743,0.4016012183709688
2744,0.5579603405906878
2745,0.5225056469981852
2746,0.664728037902758
2747,0.5353875159539713
2748,0.500222146504475
2749,0.48495473670748757
2750,0.47552871173139843
2751,0.3930297232532122
2752,0.6365475841409661
2753,0.6938284741253948
2754,0.544930466603146
2755,0.5198270940634946
2756,0.5394163539080749
2757,0.6415771173676501
2758,0.478980506676764
2759,0.4641907102177528
2760,0.48449606939626244
2761,0.4612145935452265
2762,0.5127182613888539
2763,0.6929623782713841
2764,0.4906139112860718
2765,0.527686290923217
2766,0.5142248244676135
2767,0.37077754432213805
2768,0.48089190839123236
2769,0.48856686819309725
2770,0.4495425265066261
2771,0.4900189372195135
2772,0.5166874171267493
2773,0.5371458099542964
2774,0.4851598932328487
2775,0.387786985512553
2776,0.48177045686077347
2777,0.5065729900709455
2778,0.42508189947036884
2779,0.5646158916567566
2780,0.4673111547707588
2781,0.5446855326457001
2782,0.5654806180430327
2783,0.5201635774598521
2784,0.4268212563585083
2785,0.429634536558497
2786,0.5893981465499122
2787,0.56024029093255
2788,0.29612429092937376
2789,0.521108186980421
2790,0.47069702080881953
2791,0.509918331448774
2792,0.5067040264607735
2793,0.44055135608322626
2794,0.7207480654175675
2795,0.45999099443222285
2796,0.5362949023775399
2797,0.4584993651834358
2798,0.5753017963395075
2799,0.3997661909460517
2800,0.46482177910434463
2801,0.737192523540003
2802,0.3775363504983666
2803,0.5533879131095711
2804,0.5304458914068524
2805,0.46332948635429205
2806,0.6636454215599747
2807,0.4408912779154456
2808,0.5913734358628875
2809,0.42816799136990763
2810,0.4887743089048609
2811,0.5446555108797491
2812,0.5350487301066712
2813,0.5294741252422513
2814,0.45430150587076046
2815,0.4765257370509401
2816,0.8015717710070274
2817,0.6439240689781303
2818,0.6347226974553722
2819,0.6206568014156243
2820,0.5224118820348078
2821,0.4479891340636919
2822,0.6446372722466894
2823,0.5249739692813334
2824,0.38949704169975663
2825,0.5742359421162013
2826,0.47533090819664353
2827,0.5254759839349434
2828,0.36660848472739627
2829,0.4181334549035184
2830,0.5788565555379689
2831,0.40101259407053147
2832,0.41894664917604774
2833,0.5303771552114875
2834,0.46395744635130926
2835,0.5420726608251955
2836,0.443276192553985
2837,0.5414436926140592
2838,0.46969968328821265
2839,0.3631684566383351
2840,0.44523938595795964
2841,0.3955793227672688
2842,0.5253292494736838
2843,0.4486343759835115
2844,0.5002829402617615
2845,0.45979834095898786
2846,0.5093556923849547
2847,0.5185407228474975
2848,0.48841506661310724
2849,0.4603250226249298
2850,0.502029251107296
2851,0.49078935003914537
2852,0.8092887707320382
2853,0.4420187612846887
2854,0.5848441263797013
2855,0.5229902372500204
2856,0.6701267436238877
2857,0.4368324601634695
2858,0.709313751042822
2859,0.4990313575182959
2860,0.8092715032471728
2861,0.5821182837139796
2862,0.37280254742558466
2863,0.4829360127883941
2864,0.660727904591316
2865,0.4647767338351784
2866,0.4941422613321338
2867,0.5185122999759402
2868,0.5070343952297822
2869,0.44803049673578016
2870,0.4845194314704059
2871,0.7121803147471505
2872,0.4413344063175893
2873,0.5060240521795718
2874,0.4346695026476357
2875,0.5540077565230308
2876,0.5282997264464728
2877,0.4906188692592449
2878,0.5601354665448611
2879,0.44252339305413424
2880,0.3791216904098855
2881,0.43874455185638384
2882,0.45582817252445573
2883,0.6614702230245195
2884,0.4533262656850672
2885,0.41819981922807126
2886,0.5983587313837545
2887,0.42054749194291086
2888,0.48181868821077856
2889,0.44837499907570044
2890,0.3667489851012503
2891,0.501902968334024
2892,0.48000078285732284
2893,0.40239109954560814
2894,0.5101641902779117
2895,0.5026208668452745
2896,0.4588042912233919
2897,0.566328428392123
2898,0.4962140868308632
2899,0.6828005980252194
2900,0.5354245406569393
2901,0.37946269118012343
2902,0.4575760940704173
2903,0.49712302236604633
2904,0.5449223885952201
2905,0.4073436958997203
2906,0.4761594761506913
2907,0.44311730574462266
2908,0.4341704159003828
2909,0.43745554684060134
2910,0.47379520775188566
2911,0.41956904917805704
2912,0.7139878406152635
2913,0.565942559930287
2914,0.33365444774572606
2915,0.5153801052519381
2916,0.3993631468168145
2917,0.651323503481472
2918,0.714052603414254
2919,0.4809631617596477
2920,0.4150399352632462
2921,0.49078829931342655
2922,0.5360479066993707
2923,0.4339428502221932
2924,0.7199725201111828
2925,0.5455409398084138
2926,0.6523644092020863
2927,0.4364488377366984
2928,0.39056164544465805
2929,0.42265577382083824
2930,0.5561619389282044
2931,0.35604859111653814
2932,0.6511240613403129
2933,0.529389352857564
2934,0.660681315325107
2935,0.4888037226893517
2936,0.39515259167971006
2937,0.646296442967446
2938,0.3942654393930598
2939,0.42786850557330713
2940,0.6261328999293014
2941,0.6202899866330619
2942,0.5278762716402675
2943,0.3979461661680419
2944,0.4797924279362785
2945,0.6133741267704413
2946,0.418835668889521
2947,0.5744581880749213
2948,0.40327262555677174
2949,0.46152806508460276
2950,0.43878345610113373
2951,0.41634844886195393
2952,0.43646390346637975
2953,0.6065793411368986
2954,0.5246171220026816
2955,0.4179288519743999
2956,0.46741253720921516
2957,0.6402112249174312
2958,0.6385395942575431
2959,0.4169652106333531
2960,0.3957533330868314
2961,0.4344887609962495
2962,0.5080094116537186
2963,0.45673268574250026
2964,0.4215283263800167
2965,0.6464978080088547
2966,0.5713660319080608
2967,0.43844370272267585
2968,0.781213834374918
2969,0.7683855790306094
2970,0.541258358863424
2971,0.5581752035019433
2972,0.3925818817858589
2973,0.6090808110967908
2974,0.5149114432197411
2975,0.4080678517990952
2976,0.650839345168511
2977,0.4142463781091245
2978,0.6594504531009819
2979,0.47233834492638943
2980,0.5118137233515168
2981,0.5056869456876931
2982,0.5375700667522572
2983,0.47067577098109065
2984,0.4641061971362315
2985,0.4447673314618376
2986,0.5845816945105888
2987,0.4253548576917092
2988,0.7924702428362378
2989,0.4568067780967055
2990,0.4664472476112607
2991,0.5019518619294273
2992,0.48176074382733397
2993,0.5205247845091782
2994,0.555447304055086
2995,0.4746312974909862
2996,0.43580423048540373
2997,0.5066707339607534
2998,0.5465195169703936
2999,0.4503708392853808
3000,0.5883308337218103
3001,0.6119884218335188
3002,0.4264757190718689
3003,0.5711952020825649
3004,0.553979415861769
3005,0.42463645667814015
3006,0.4580511788993504
3007,0.5570786109392613
3008,0.4726961309484473
3009,0.5254067935269745
3010,0.5085383736112744
3011,0.3958299678841218
3012,0.5909538573842401
3013,0.46371645210889606
3014,0.5564329435968424
3015,0.7640539202054912
3016,0.5876841481174934
3017,0.5016108787786684
3018,0.587131087440749
3019,0.5251609698179028
3020,0.43519711155165114
3021,0.5180121476119169
3022,0.5348735579153134
3023,0.31857015518274456
3024,0.5665677860978792
3025,0.4322734340883081
3026,0.611862029585794
3027,0.5696060266841354
3028,0.5397616955960468
3029,0.5154976042354842
3030,0.5124982467841552
3031,0.6623442779300129
3032,0.4078277601625423
3033,0.46168148962780814
3034,0.690985182922081
3035,0.42578480802708696
3036,0.39304966305135414
3037,0.49563243602669504
3038,0.5998837615382163
3039,0.46288725452729385
3040,0.5921818743506067
3041,0.4724763563722255
3042,0.5586046691247091
3043,0.5762825900423799
3044,0.5068266551361041
3045,0.5343985331162778
3046,0.3894672702173382
3047,0.5810837300642264
3048,0.4151119071550291
3049,0.6048092270304274
3050,0.5732998115909426
3051,0.41927406136964707
3052,0.4726163655219108
3053,0.5814265793628463
3054,0.38058888681712655
3055,0.39735074057211306
3056,0.4379234486116656
3057,0.5137068026474282
3058,0.7229610646060391
3059,0.44544247948825894
3060,0.4470446856389419
3061,0.536249974520643
3062,0.3291475691447689
3063,0.5024050652533532
3064,0.5068480585744198
3065,0.6076802421443361
3066,0.5683001331348422
3067,0.46267123719649905
3068,0.446955707545748
3069,0.4503861967767724
3070,0.530827885383626
3071,0.5610255894322498
3072,0.4357441318266362
3073,0.5226654839278166
3074,0.6827009525819935
3075,0.7278623561759197
3076,0.49541268929101206
3077,0.5419050338341533
3078,0.3983440081661692
3079,0.5644503219071182
3080,0.49958839264540217
3081,0.508032522979068
3082,0.4367529194408954
3083,0.5169936526473118
3084,0.6548522919129904
3085,0.7034564138778372
3086,0.5052787214082185
3087,0.5540957806712756
3088,0.7278019365812515
3089,0.6040019474557076
3090,0.5690153603045052
3091,0.3709055948012291
3092,0.5250465648438154
3093,0.6749272947861289
3094,0.4188245106701579
3095,0.5555796238488943
3096,0.5061617162408161
3097,0.5304754446369555
3098,0.5859126690290116
3099,0.44494301339431624
3100,0.6320602713891341
3101,0.4752683324482932
3102,0.35749727676988996
3103,0.5851139186470792
3104,0.4720061954092811
3105,0.7565168927995951
3106,0.5055495501533174
3107,0.6382528454755099
3108,0.5982846385290022
3109,0.479508039163085
3110,0.5555063489650547
3111,0.5448953649149036
3112,0.4350936190429667
3113,0.45059632520076104
3114,0.6258868329892255
3115,0.3822197767603749
3116,0.40684863953399597
3117,0.5658948343976821
3118,0.439092627004353
3119,0.5256424744736382
3120,0.7100366034506038
3121,0.5181790245851908
3122,0.5538079303860958
3123,0.5077695834271919
3124,0.6519064096774165
3125,0.6177058275901531
3126,0.43557531581078457
3127,0.47252437160478983
3128,0.4787034137314511
3129,0.34266948592846597
3130,0.5226470733694168
3131,0.5215893897064746
3132,0.28532173986243703
3133,0.6661788371762115
3134,0.6505401126862722
3135,0.4282571960726738
3136,0.4610752889094736
3137,0.5296045554440408
3138,0.7190949437911136
3139,0.6862144033313993
3140,0.48658531813525246
3141,0.49241309866714833
3142,0.6921395818193171
3143,0.3899140802116107
3144,0.5952244070809536
3145,0.5364038714986186
3146,0.49502277003391654
3147,0.7397201944910626
3148,0.43693634253582725
3149,0.40568504034714337
3150,0.571181609017644
3151,0.48591116276902
3152,0.4559431503040044
3153,0.546986160235988
3154,0.5935197179802857
3155,0.34883324501437996
3156,0.4679634456538424
3157,0.5432982216922644
3158,0.59295566820723
3159,0.4604552940867052
3160,0.5937372635805482
3161,0.46876108476774103
3162,0.5635152053631136
3163,0.5721996480605169
3164,0.4399002451788159
3165,0.5293765670806392
3166,0.5041948433439117
3167,0.5474415140622391
3168,0.6415749722478137
3169,0.801675015229369
3170,0.4213598849257931
3171,0.45101841848761653
3172,0.4595394898810059
3173,0.43306355946961084
3174,0.44290917751511316
3175,0.49561292202768614
3176,0.6174139693385626
3177,0.45784214490230246
3178,0.4718944941848739
3179,0.565258647333868
3180,0.3972913660105153
3181,0.4721809925655433
3182,0.4380221059500274
3183,0.5708376919971757
3184,0.5477331582541319
3185,0.3943822798469855
3186,0.5177831578476388
3187,0.4596320386196394
3188,0.5743419626244574
3189,0.4840493103251741
3190,0.699820436142538
3191,0.5029591863042102
3192,0.6415642172640891
3193,0.5186688489106628
3194,0.4138778178170911
3195,0.6114462456420332
3196,0.4203844454075399
3197,0.6478835061680163
3198,0.3315873629597525
3199,0.5551656189898176
3200,0.49369059805211546
3201,0.41680157883843094
3202,0.5640078328132769
3203,0.505892200622374
3204,0.6235436539802288
3205,0.5983804139583727
3206,0.5170398431983578
3207,0.6347781925356228
3208,0.7785358186428917
3209,0.45444394166682844
3210,0.471438040309855
3211,0.46106219498451834
3212,0.5708184782626192
3213,0.44888888459555065
3214,0.37995452882937963
3215,0.346278429980077
3216,0.48683686781879326
3217,0.6293330985085954
3218,0.49425855647336914
3219,0.482360482664728
3220,0.6238573121973688
3221,0.3906282808951989
3222,0.5503558944319894
3223,0.5076115442527611
3224,0.4679642582132764
3225,0.5260877124688148
3226,0.5883652826158181
3227,0.5775934982633671
3228,0.4344810071366823
3229,0.4263923443457605
3230,0.7393118429206392
3231,0.5232433733263592
3232,0.45672212813322993
3233,0.5203693803016401
3234,0.5587442332408477
3235,0.5954827118294022
3236,0.5220943745096442
3237,0.5068630883886527
3238,0.4721199601726984
3239,0.7109740151717467
3240,0.4735013538022874
3241,0.6464679162878578
3242,0.5280957887156893
3243,0.3706868513101049
3244,0.4318725891246
3245,0.5124032489724925
3246,0.5016973137215546
3247,0.6170428153212427
3248,0.5096481001266604
3249,0.5266840278954008
3250,0.475674209552049
3251,0.6225380575942231
3252,0.3735090216019252
3253,0.5391291707124032
3254,0.6458184013514103
3255,0.5265064881226389
3256,0.7124416165126881
3257,0.43016917193744214
3258,0.4740951539754478
3259,0.42513833594395894
3260,0.5395497644383298
3261,0.5497380279744447
3262,0.541830137414119
3263,0.3940744437337974
3264,0.6630506321666757
3265,0.3861963925352142
3266,0.5252171823057837
3267,0.4688008019324024
3268,0.5090859672572453
3269,0.5806717393190595
3270,0.5937094531808229
3271,0.6031087950626196
3272,0.5192788308555586
3273,0.47753806793714243
3274,0.6005275202861288
3275,0.5171686385708584
3276,0.6868987271400534
3277,0.7047608799852538
3278,0.3848573254692314
3279,0.5597120389123869
3280,0.44723826713850395
3281,0.5095136855109642
3282,0.4825078792282409
3283,0.5901440557219296
3284,0.472580384845165
3285,0.5666138213063943
3286,0.565513038606974
3287,0.5820367216828876
3288,0.5372268663181401
3289,0.5674314878064104
3290,0.5134997151772029
3291,0.5596404060901216
3292,0.4900593945403221
3293,0.3108968206360286
3294,0.46023601369732225
3295,0.4273628744413926
3296,0.41642363347367906
3297,0.5018715020224911
3298,0.6329611171829649
3299,0.6970730939640294
3300,0.4260878618411663
3301,0.42719721971397406
3302,0.49601899993053666
3303,0.4725548199637203
3304,0.39060218596248997
3305,0.5811051386195772
3306,0.6510038289830351
3307,0.46430285124585097
3308,0.44215104006873784
3309,0.42998875279091897
3310,0.46550122255508214
3311,0.5673111829980871
3312,0.5221847499498928
3313,0.5320040205880775
3314,0.7409596063375898
3315,0.4591956387418184
3316,0.3733908853626914
3317,0.5664489553827388
3318,0.5757246781963682
3319,0.6220411355667163
3320,0.5918171881276283
3321,0.526566647306189
3322,0.36582494366482865
3323,0.5428976696383224
3324,0.4666504009654969
3325,0.5373139684909525
3326,0.48839448340323066
3327,0.5277049256618386
3328,0.6271659385205371
3329,0.5584773014851492
3330,0.4981688112934806
3331,0.5196885579149302
3332,0.6390066873941229
3333,0.32548381877836324
3334,0.5621002470918026
3335,0.5971134538982155
3336,0.5078150340712079
3337,0.5551532259951286
3338,0.5141164400970587
3339,0.47108398791202694
3340,0.4901170820407423
3341,0.6603803281734778
3342,0.41005288682371355
3343,0.3951388170057322
3344,0.5360015569724157
3345,0.552947187523926
3346,0.3938622632992157
3347,0.5606286966862478
3348,0.5648093003844161
3349,0.6326145490188059
3350,0.3891414493075467
3351,0.5355306247250711
3352,0.5494971958036269
3353,0.5617011702597972
3354,0.7419675597139823
3355,0.3659810373320189
3356,0.5299472275284616
3357,0.5126901430268687
3358,0.44770681214835095
3359,0.45975128276863353
3360,0.5228039642144777
3361,0.577167742730333
3362,0.37369733144047235
3363,0.5549492990121984
3364,0.5310876129276856
3365,0.39065915611943913
3366,0.3358992548158947
3367,0.4693047269535036
3368,0.538898454462083
3369,0.33981340465557874
3370,0.620790560235795
3371,0.4275871030301409
3372,0.4931085313774876
3373,0.48028591338349264
3374,0.5155377183284136
3375,0.5757142246981436
3376,0.33624986765104115
3377,0.3948073291201975
3378,0.4767626246222005
3379,0.48421883953852823
3380,0.5676682181247189
3381,0.6653255997149697
3382,0.4036324164068655
3383,0.4639267423910489
3384,0.5746631438364995
3385,0.47811048550310525
3386,0.556471469838259
3387,0.6194755088825746
3388,0.6133171975587123
3389,0.4435545793900131
3390,0.5791088373961067
3391,0.543220535297019
3392,0.6149775127813057
3393,0.47145972421683924
3394,0.5781185513478572
3395,0.434819175604081
3396,0.5096875906928702
3397,0.4763843622680266
3398,0.45666989184452167
3399,0.45201955104503966
3400,0.542258535513215
3401,0.6722040756540354
3402,0.3494030080762725
3403,0.4804898322708601
3404,0.5101997362793932
3405,0.3699814117244876
3406,0.6881469619974472
3407,0.425582910194795
3408,0.4005882252440238
3409,0.5204826739378131
3410,0.7402317963544338
3411,0.571570246105289
3412,0.3878111269908639
3413,0.42258634362975134
3414,0.6321624703646671
3415,0.3775443230734338
3416,0.6975199142903187
3417,0.48040566196780315
3418,0.4512077131125995
3419,0.6234224078106484
3420,0.43204174307019244
3421,0.5425130487749728
3422,0.39268014804248264
3423,0.6722921630543478
3424,0.47318142428933757
3425,0.4999307680780164
3426,0.4584742367519536
3427,0.5558112210019235
3428,0.4651242083365359
3429,0.7575827970580583
3430,0.4699455871460879
3431,0.48374863767795834
3432,0.4263895117012855
3433,0.3472918603025572
3434,0.5778139553780299
3435,0.7134422542220511
3436,0.47903203197411276
3437,0.534090978284978
3438,0.39131994389974445
3439,0.4519672213496354
3440,0.4821406694056487
3441,0.42434635574415025
3442,0.4773318807397435
3443,0.5082298962711403
3444,0.5951110401960085
3445,0.5246367621087763
3446,0.6225793007837822
3447,0.5455231750867244
3448,0.5336327630431602
3449,0.5402340569365264
3450,0.4170403815138257
3451,0.39581600215939594
3452,0.45712151886252667
3453,0.44470327853400415
3454,0.495220504063045
3455,0.4834926985634534
3456,0.591397191709813
3457,0.4956859490926847
3458,0.4588900307790496
3459,0.41754861223482603
3460,0.6711114186180217
3461,0.473957305218139
3462,0.414915523616987
3463,0.7401163569876474
3464,0.4942040408292222
3465,0.5246806510462507
3466,0.757110826827543
3467,0.596899105620559
3468,0.6088659658388514
3469,0.43355853036447756
3470,0.6057281902256867
3471,0.5115573153683495
3472,0.5210882261332406
3473,0.5548365023317932
3474,0.44997816789618994
3475,0.5466449498966494
3476,0.5382338601005457
3477,0.5547446036072763
3478,0.5590808728038711
3479,0.6988376601626514
3480,0.6128587290580784
3481,0.512018837807399
3482,0.490927874047107
3483,0.713968612536138
3484,0.41647978642460104
3485,0.7223598318076964
3486,0.4835822796762518
3487,0.7222085157224133
3488,0.582220533157503
3489,0.610684510414925
3490,0.4148607967690498
3491,0.5724562965876342
3492,0.38559408205364143
3493,0.3382571760972699
3494,0.6311810942693488
3495,0.7520336173510759
3496,0.49853035665584017
3497,0.5253659753396787
3498,0.6212444947805171
3499,0.4957839342454983
3500,0.6871476163355583
3501,0.5040942381596707
3502,0.573387714302277
3503,0.38454773508736717
3504,0.41638423267396013
3505,0.5656235316836987
3506,0.6147660229666403
3507,0.4847310508897343
3508,0.6107874090036353
3509,0.6932149486722734
3510,0.5210782443833999
3511,0.338718692630714
3512,0.49652129533221245
3513,0.4395473080456139
3514,0.6081388656749147
3515,0.49516270877076096
3516,0.341291457240037
3517,0.3294023962063959
3518,0.4774729100587357
3519,0.32830731769228866
3520,0.4538221772302312
3521,0.496369829506537
3522,0.42863595374453306
3523,0.42940914198256014
3524,0.4765044469936738
3525,0.49372987124926915
3526,0.5887834101925756
3527,0.4377787241521113
3528,0.6185814315588224
3529,0.5378769618987562
3530,0.5315228791729243
3531,0.6840299451341375
3532,0.5982226198445694
3533,0.42635192155266666
3534,0.4305288969224088
3535,0.4785916376814269
3536,0.4156398306496037
3537,0.48216479268194107
3538,0.6929805619852213
3539,0.5571314252145209
3540,0.4498668513637551
3541,0.5088821388812452
3542,0.518335473205826
3543,0.6524152880234637
3544,0.46193484310609556
3545,0.681093691390751
3546,0.8586869018475514
3547,0.4155509698423663
3548,0.5907817853212837
3549,0.6474539189278357
3550,0.5595497717819691
3551,0.415536166294461
3552,0.7020657734016166
3553,0.50407221138559
3554,0.5889617702387286
3555,0.5797710589399442
3556,0.47325646118542186
3557,0.43009855945471087
3558,0.44855065845550474
3559,0.41814466163505065
3560,0.6885695452037346
3561,0.4843262945851814
3562,0.4800270812777189
3563,0.6916648154919949
3564,0.49988608184732464
3565,0.4878318066131029
3566,0.5632698204613984
3567,0.7320564667734845
3568,0.6294993375484942
3569,0.5701956357346607
3570,0.4669132567053569
3571,0.5109674960918144
3572,0.436630337611999
3573,0.38030251499306533
3574,0.45457996081001734
3575,0.5493155775927274
3576,0.5201730491278225
3577,0.5432783065222043
3578,0.5596359993748973
3579,0.5529400458732177
3580,0.5259621889936693
3581,0.5892090052725791
3582,0.6465601126843336
3583,0.5454551251304813
3584,0.5828988813613325
3585,0.5212422300696188
3586,0.5009355521555376
3587,0.7093541560899428
3588,0.4308740607013752
3589,0.3073738205891149
3590,0.45514991386267467
3591,0.37314749487035914
3592,0.4521575614929425
3593,0.4653452476136534
3594,0.6078384154608925
3595,0.3570694248924047
3596,0.6512759388053787
3597,0.39284126480469544
3598,0.4600001449362371
3599,0.4441838551328089
3600,0.5305512973698372
3601,0.5783649132231758
3602,0.566425303923777
3603,0.5078176657681778
3604,0.4772669839711587
3605,0.47982663574281276
3606,0.5011438682704474
3607,0.5105745390967976
3608,0.6011569869694932
3609,0.590046939591383
3610,0.5915481682480039
3611,0.44025114194540327
3612,0.8209918643079204
3613,0.4052494895676684
3614,0.49874094243929723
3615,0.4666047899774487
3616,0.5132551744807945
3617,0.33624830474383705
3618,0.5261374760802565
3619,0.5139937873575333
3620,0.515529886104492
3621,0.5940525172688053
3622,0.6206901136536684
3623,0.5880928370207432
3624,0.31669062239952894
3625,0.4225431408661704
3626,0.4760877599280237
3627,0.4832645097204356
3628,0.5076400653074639
3629,0.44234354625086186
3630,0.7221731101145455
3631,0.4020674247339466
3632,0.4970025810292842
3633,0.5419784347970569
3634,0.43576744112745314
3635,0.44954867152619243
3636,0.294750165825885
3637,0.5543354725426225
3638,0.6030908171592618
3639,0.5636459656624873
3640,0.6141895316435363
3641,0.6144080477495515
3642,0.5938840105115741
3643,0.5079762031114071
3644,0.600653093450199
3645,0.5469568397751063
3646,0.6167841247790122
3647,0.43196919453664223
3648,0.4394117686521618
3649,0.4733348214329977
3650,0.47303310302525936
3651,0.29139111112477334
3652,0.37913952556602903
3653,0.5178988708975459
3654,0.46244724903776313
3655,0.42397629782819307
3656,0.5116021183220755
3657,0.4763675618093653
3658,0.6153489161021948
3659,0.47392685888167674
3660,0.6097188761958156
3661,0.3881066827034214
3662,0.4745996046555571
3663,0.5079606714154571
3664,0.43546739822833336
3665,0.42988218808669515
3666,0.43728484319859345
3667,0.44865100935333907
3668,0.5422033403258878
3669,0.5405982617073583
3670,0.4771304189474022
3671,0.534710501415098
3672,0.3311157417934497
3673,0.48332469121282035
3674,0.40390939480706417
3675,0.5587421859163034
3676,0.6092724418730846
3677,0.48828903943857815
3678,0.5360090388221433
3679,0.57075145957652
3680,0.5404472197085846
3681,0.5683831306674865
3682,0.4131517184157706
3683,0.525467334595262
3684,0.49467211903245173
3685,0.47634830384238436
3686,0.4506241147766137
3687,0.704392604712259
3688,0.48275779443057515
3689,0.5833073955998828
3690,0.4290825600022358
3691,0.47761592588360335
3692,0.5854492636961162
3693,0.6259867321871556
3694,0.45860802508246695
3695,0.35179690588400836
3696,0.42764586337146127
3697,0.533358757519189
3698,0.5278003441172774
3699,0.4143732828518113
3700,0.4113084157192514
3701,0.6068879792528893
3702,0.6810138429577055
3703,0.6904934175491972
3704,0.5143678422437832
3705,0.6964431917892921
3706,0.5665531352577928
3707,0.4308642950971021
3708,0.5201812516827584
3709,0.4471652516571118
3710,0.4543987621085152
3711,0.5942102519615715
3712,0.5124242819891417
3713,0.7190871863013889
3714,0.5992340212977986
3715,0.5604198288697823
3716,0.2897848371395587
3717,0.6937958276770237
3718,0.5821988144863018
3719,0.4983991810390621
3720,0.516762152296004
3721,0.6344265367672531
3722,0.6057396146647398
3723,0.4112168202283967
3724,0.6495348882276651
3725,0.4148688409283154
3726,0.6416925543724218
3727,0.5328230650550569
3728,0.4326363946382713
3729,0.48165063316165946
3730,0.8375554578544049
3731,0.49696428897505085
3732,0.6391176487520664
3733,0.5050613026255287
3734,0.4707874429229285
3735,0.585180470776114
3736,0.5398832817544582
3737,0.39529726527336007
3738,0.5681268098773953
3739,0.4936666236313106
3740,0.6538360752699865
3741,0.4640477559196699
3742,0.3914298503554108
3743,0.5575370326540064
3744,0.35651780859842663
3745,0.5484753495034732
3746,0.4952434011465701
3747,0.4410752976264514
3748,0.41198560306513415
3749,0.733052649510685
3750,0.6225301496371913
3751,0.4878276335653228
3752,0.4881763772269044
3753,0.5078876702353391
3754,0.41592370243254606
3755,0.44540424187511257
3756,0.5452956913623201
3757,0.4303225599710176
3758,0.44160517510093145
3759,0.4400396143495169
3760,0.5888364799821624
3761,0.4692937236254799
3762,0.45595362709022713
3763,0.46640461616818374
3764,0.5489175239882417
3765,0.5256799548022831
3766,0.6948548645131718
3767,0.4778715241031656
3768,0.6714585459545002
3769,0.560288789758533
3770,0.570181325169541
3771,0.5635665271065228
3772,0.5696291598693818
3773,0.6821220247283288
3774,0.5540990438811151
3775,0.3848134835977647
3776,0.4980026662156565
3777,0.4846181301606665
3778,0.5396304632419938
3779,0.5968540006100778
3780,0.4656510913582446
3781,0.5596066606966695
3782,0.4742668396829614
3783,0.4128670434349406
3784,0.4494651992231875
3785,0.5357250409633004
3786,0.5252429509667366
3787,0.6174105383066932
3788,0.7373042879817204
3789,0.5154721950051578
3790,0.5923887385929648
3791,0.5148303570814408
3792,0.4498107834321612
3793,0.4531592409818276
3794,0.5920580901094954
3795,0.28510431785612406
3796,0.6169806761926611
3797,0.5215227133678004
3798,0.4581936600667685
3799,0.5525314754273747
3800,0.40750164117873344
3801,0.607963976989546
3802,0.4419690979031248
3803,0.4939861617124749
3804,0.4724889291789116
3805,0.5443177916758103
3806,0.4763309236786089
3807,0.4258899561371936
3808,0.5815607815783307
3809,0.7537982566453324
3810,0.48455630676343386
3811,0.5195395039972885
3812,0.5473996569306391
3813,0.48929946604334673
3814,0.5466183352900222
3815,0.4597953102640449
3816,0.4459949513110133
3817,0.43326167019067896
3818,0.3790313809522886
3819,0.5579344589864316
3820,0.6841410965801752
3821,0.45471771267180683
3822,0.4962061875497893
3823,0.46817661530981186
3824,0.6662836624274836
3825,0.5509051253953193
3826,0.7061014110319521
3827,0.4808399363310846
3828,0.5776085066522373
3829,0.5298389817993031
3830,0.4116756437485979
3831,0.47679011378295083
3832,0.49037732404824647
3833,0.5700383710504633
3834,0.5246637085584507
3835,0.4336940783018647
3836,0.44002654387087264
3837,0.4996306249314171
3838,0.39182885700332615
3839,0.5207957285411716
3840,0.5212201526078862
3841,0.45518073454394425
3842,0.4911032307058215
3843,0.38085702922809894
3844,0.5570603066728836
3845,0.5555370369223681
3846,0.5111070192796257
3847,0.48086108876011985
3848,0.4722903188903049
3849,0.47690415815080145
3850,0.5137411333370531
3851,0.6050016461596809
3852,0.4360543739220095
3853,0.8443785235211885
3854,0.5176231406258944
3855,0.5806492040563542
3856,0.49084871651720346
3857,0.41755606802293777
3858,0.6509536782694221
3859,0.6437522679236911
3860,0.5554919445747054
3861,0.5236989139502441
3862,0.430695783344871
3863,0.480294010814645
3864,0.5542542904969172
3865,0.48219956263037267
3866,0.47446515836827985
3867,0.5695350234379015
3868,0.464883053717543
3869,0.5849825135246556
3870,0.5627588704651693
3871,0.47619781102218994
3872,0.4471649739405888
3873,0.6979922491081901
3874,0.44112153325656667
3875,0.5360469676818973
3876,0.5994091091740094
3877,0.5373431365221939
3878,0.4140890970789589
3879,0.427076139910578
3880,0.6568306803646206
3881,0.4553413339647442
3882,0.46914318166155156
3883,0.4832195926594939
3884,0.5461112566881393
3885,0.44325618427774255
3886,0.43414862024719125
3887,0.5318748529375882
3888,0.5520887188355702
3889,0.5359563695164421
3890,0.5453540278023781
3891,0.433140528104806
3892,0.5523672021661987
3893,0.544580344437999
3894,0.5846035621740453
3895,0.5612583626024932
3896,0.544546000227833
3897,0.3579727490794594
3898,0.4886097542831742
3899,0.3781509840720653
3900,0.5463984235746931
3901,0.47350265947404896
3902,0.519999116341343
3903,0.5116572743800714
3904,0.5220109655601624
3905,0.5341160258902662
3906,0.6244987380619744
3907,0.5450316201873598
3908,0.621015624706235
3909,0.5859479224463062
3910,0.4423818685036383
3911,0.3692894146811372
3912,0.5466187436158849
3913,0.49658458999996974
3914,0.515283935070694
3915,0.4944913206421777
3916,0.5841837789633615
3917,0.5780668882587044
3918,0.43257826976717345
3919,0.43593993230393263
3920,0.6590934408972335
3921,0.38069847720760763
3922,0.37562959480627595
3923,0.8018506049592635
3924,0.6377934968492643
3925,0.47711355558871194
3926,0.358174523646145
3927,0.4173268633987833
3928,0.551660752007677
3929,0.549443055670635
3930,0.583695935170216
3931,0.36709177894212686
3932,0.41050087677697134
3933,0.5325697862148145
3934,0.8876961177131275
3935,0.6021122089819715
3936,0.4474033785153765
3937,0.3385621658830747
3938,0.30649028149585994
3939,0.4832541560466297
3940,0.48976859074996565
3941,0.48519459715390745
3942,0.5588605918305559
3943,0.4246929404325439
3944,0.34816841451478164
3945,0.5824563120662949
3946,0.4076511245422949
3947,0.5165252092674204
3948,0.49968751558302243
3949,0.5314372861864461
3950,0.4072112561894302
3951,0.5882016024785817
3952,0.444993494137354
3953,0.4654686185659227
3954,0.5520113585166407
3955,0.4125286959013028
3956,0.6038785828952888
3957,0.5605435376009829
3958,0.4589750716242239
3959,0.49274896326868683
3960,0.7172844846257183
3961,0.5896390881037573
3962,0.5181451471366337
3963,0.4447763526923286
3964,0.43646945116145025
3965,0.4820026339946113
3966,0.5692226817732652
3967,0.37348143909871406
3968,0.4846625882986747
3969,0.3896339890330797
3970,0.514822088167526
3971,0.4402229250994302
3972,0.5401682088978563
3973,0.45256265560275666
3974,0.426720332622467
3975,0.4629573114531438
3976,0.43414653481539917
3977,0.5821604843966196
3978,0.3827734434009698
3979,0.5867541778248944
3980,0.48538294117971864
3981,0.5156198072633422
3982,0.4974497696512143
3983,0.45809709862373427
3984,0.5403606913608848
3985,0.48207298784404656
3986,0.5430616169927749
3987,0.4372537184989309
3988,0.5051258079300999
3989,0.2770958981699442
3990,0.39138695879705926
3991,0.5660336451654134
3992,0.5481123776170065
3993,0.4475318633540928
3994,0.5514621297744172
3995,0.5145383693209501
3996,0.43177750104794144
3997,0.5458923806292565
3998,0.3503106749368397
3999,0.49708227720926795
4000,0.4822939467621251
4001,0.5546658183135695
4002,0.45021141433358763
4003,0.6257344271772527
4004,0.45718744384220317
4005,0.560495590191719
4006,0.5881241612838402
4007,0.5093606615133469
4008,0.40216673539754344
4009,0.5926954576468886
4010,0.5339978459591711
4011,0.5593910199585619
4012,0.5478626456030586
4013,0.45565479801751535
4014,0.38520541007825165
4015,0.4559255513150171
4016,0.5381662915200158
4017,0.4525658609062756
4018,0.3456467142427022
4019,0.5166311040012567
4020,0.27667017984124626
4021,0.4301778235096611
4022,0.4419961641857023
4023,0.47115872551495813
4024,0.49522650543517344
4025,0.4771907805241282
4026,0.4856785275808304
4027,0.49834046947244065
4028,0.48562354472834973
4029,0.6163557587780671
4030,0.3704643870125881
4031,0.6299514141974832
4032,0.47446642444302667
4033,0.5537637227963964
4034,0.371680200985391
4035,0.474048220108514
4036,0.5276224681295273
4037,0.6330336187741401
4038,0.48227421964948786
4039,0.482442173706932
4040,0.5095524131595188
4041,0.5946065859153481
4042,0.4771871296654692
4043,0.4961878356971972
4044,0.5287049412005475
4045,0.565657510825301
4046,0.5650172283929675
4047,0.6150797293563443
4048,0.5325608249457139
4049,0.35058740796548726
4050,0.4274917088027553
4051,0.44373796425143003
4052,0.5913017930982021
4053,0.5611568671565779
4054,0.5538629168769813
4055,0.28484394724543
4056,0.42813368069210644
4057,0.838135870186423
4058,0.48580904763063454
4059,0.39350717616302366
4060,0.49010775054660505
4061,0.4219434907485057
4062,0.5230133344362021
4063,0.4089768993376158
4064,0.43284682987704454
4065,0.44210179081550605
4066,0.6819751081388331
4067,0.6176609252167968
4068,0.5204898180272022
4069,0.4941713208522612
4070,0.6409300125393604
4071,0.42547633141970875
4072,0.4498745721159226
4073,0.4334231683767563
4074,0.4951599611001326
4075,0.5268424828596221
4076,0.5150422183326171
4077,0.5614182825879436
4078,0.7016391399108903
4079,0.44886118968757394
4080,0.3789578732701782
4081,0.4859683730317125
4082,0.44160668129059105
4083,0.5525960375739467
4084,0.668700516012179
4085,0.4575314834241165
4086,0.4193244986779953
4087,0.4026348447379814
4088,0.57504611217213
4089,0.45097007802716027
4090,0.6144599699447973
4091,0.5597864989512351
4092,0.5673331485743655
4093,0.4259707095706679
4094,0.4056348908860866
4095,0.6724141295664259
4096,0.46887400555971265
4097,0.4166762120990426
4098,0.5535018014923446
4099,0.4467947039434572
4100,0.4875757103716016
4101,0.5359987667968412
4102,0.5537139681931317
4103,0.5571567445453818
4104,0.4070604633894522
4105,0.5877591633106753
4106,0.45656731097522035
4107,0.6087318806238924
4108,0.5138573815834659
4109,0.49145417022374416
4110,0.5057162647021376
4111,0.49615670634238607
4112,0.42519256849848647
4113,0.7977060031547399
4114,0.5069946065573956
4115,0.531302036485512
4116,0.6864270883735697
4117,0.59154324477456
4118,0.4682599423548204
4119,0.4925953793857708
4120,0.6610990863168233
4121,0.5029562547022239
4122,0.3663025887016378
4123,0.35336740231115127
4124,0.7246669959170341
4125,0.295488820357407
4126,0.4795601967184568
4127,0.47088684628851135
4128,0.5615383737042088
4129,0.4024418890896932
4130,0.5862397241418196
4131,0.5334656630033481
4132,0.7767401512710235
4133,0.4490101148948605
4134,0.7562802290865788
4135,0.3786455982620961
4136,0.596777270040522
4137,0.4470612645709142
4138,0.4832191913676934
4139,0.458789576635548
4140,0.6283905786728514
4141,0.46484435317747586
4142,0.44481160292396105
4143,0.37369752569366244
4144,0.5061864103064121
4145,0.5591331267942486
4146,0.40511156915145685
4147,0.6114039486590312
4148,0.4601873246831614
4149,0.5247678037930336
4150,0.3790733391234725
4151,0.4750442309404956
4152,0.39778925719874625
4153,0.5961944094734208
4154,0.554888195142841
4155,0.5119917764940575
4156,0.6087614903181708
4157,0.5242041007699658
4158,0.7932546624882366
4159,0.5167633863403648
4160,0.7223704270354981
4161,0.3652024811459319
4162,0.5527084199936128
4163,0.5020189903437196
4164,0.5486158143068065
4165,0.3930288035687692
4166,0.450812124995617
4167,0.5295845515119564
4168,0.5392629972636104
4169,0.38468246462302946
4170,0.5536481407542134
4171,0.5049312823335212
4172,0.5367016171118805
4173,0.5992902342873491
4174,0.5164653110225405
4175,0.4848728038992548
4176,0.5209005663099566
4177,0.513937533327432
4178,0.4499897337074369
4179,0.6065920957782132
4180,0.3529665609592907
4181,0.5589382077424287
4182,0.504327378173611
4183,0.3332440545287515
4184,0.4233665559344434
4185,0.45166836075492034
4186,0.6308404586822143
4187,0.38132910876779746
4188,0.4949316211588439
4189,0.6397074275051972
4190,0.592410034087328
4191,0.5010646776718221
4192,0.5448734604417291
4193,0.5903172221566426
4194,0.5217799281507005
4195,0.33373595034392345
4196,0.5314626812277254
4197,0.4417903946793294
4198,0.49402207653612484
4199,0.3732150170397024
4200,0.5048896464758079
4201,0.4237153314270007
4202,0.413102027849719
4203,0.4955249002611134
4204,0.49945011067724593
4205,0.5472322555040394
4206,0.562195802819581
4207,0.6037751806272654
4208,0.4685811245096372
4209,0.4715693509941014
4210,0.46588085285843145
4211,0.4646974884928993
4212,0.5031103624441453
4213,0.46204166224339893
4214,0.5685219181472454
4215,0.6648921093240261
4216,0.25971050631310194
4217,0.49406363808516846
4218,0.6125194630859228
4219,0.4858862254973149
4220,0.5252715301570938
4221,0.5022405332231148
4222,0.5770765824533104
4223,0.5375363310920868
4224,0.37146287581246273
4225,0.4639654542747753
4226,0.5826320222497022
4227,0.4823863847582146
4228,0.42340105826036933
4229,0.8447353198132102
4230,0.5645699030963189
4231,0.4037118131975094
4232,0.49796291984694707
4233,0.6924625557619947
4234,0.5602731930499616
4235,0.7836050053355768
4236,0.4275484154653775
4237,0.590330381955146
4238,0.5129389406093738
4239,0.3359814584471774
4240,0.5268508734187713
4241,0.4013704944476505
4242,0.6127969526549957
4243,0.4090112602041829
4244,0.5320092190138691
4245,0.5333797382358155
4246,0.4929793792567651
4247,0.5078893039111109
4248,0.6860247467209276
4249,0.5003346309105497
4250,0.43804276893272454
4251,0.6990788503371071
4252,0.6247054288189986
4253,0.5196956752782304
4254,0.5149480303704674
4255,0.455139877880801
4256,0.439935097426971
4257,0.4691141007962507
4258,0.583087279927219
4259,0.5036965972462344
4260,0.4641760393026326
4261,0.3889390914167895
4262,0.47009822323449574
4263,0.5535554127453551
4264,0.7239767920169817
4265,0.4514787308239309
4266,0.6044253094511451
4267,0.5482307482370093
4268,0.5777420809262804
4269,0.5564495497208506
4270,0.5574661284947953
4271,0.3993336556138724
4272,0.43273414466459625
4273,0.5116499084837839
4274,0.46941935910648896
4275,0.6798499529734651
4276,0.5163979180240899
4277,0.5182714422311812
4278,0.4656548171450694
4279,0.47862153736266777
4280,0.4334967276910884
4281,0.4576560279404901
4282,0.5298168063023324
4283,0.32231644827150596
4284,0.39557959955889627
4285,0.6485494082698988
4286,0.4153128239066247
4287,0.6385608519323505
4288,0.5855197611754543
4289,0.5504634043509846
4290,0.5422118172245903
4291,0.7656087384574282
4292,0.6224393963153051
4293,0.5659264232019059
4294,0.5848747871632066
4295,0.5548570702826988
4296,0.5330008961111106
4297,0.4403095730465875
4298,0.6839942813214122
4299,0.4167383734631025
4300,0.5387367246025008
4301,0.4455686472220617
4302,0.611600189351323
4303,0.5069706747134786
4304,0.5111843852451516
4305,0.6535867445208903
4306,0.4663036107850276
4307,0.5525893286668363
4308,0.6156161081302524
4309,0.384210664023912
4310,0.6055412153413025
4311,0.6418381068826513
4312,0.5789816112289738
4313,0.4910103635092545
4314,0.4757752093603448
4315,0.40528801282789184
4316,0.5173110493753248
4317,0.4673994876786967
4318,0.4591444752320516
4319,0.5206388897516798
4320,0.7211841087894784
4321,0.5683027357088987
4322,0.733290042685925
4323,0.7537461393084922
4324,0.4072844038395286
4325,0.5258614959747031
4326,0.48173435587955454
4327,0.397501319058018
4328,0.5548629797058423
4329,0.5884800768016548
4330,0.4676313826069262
4331,0.4407445924871716
4332,0.5314953891823945
4333,0.356982170794184
4334,0.4877164111293421
4335,0.5360843159640104
4336,0.5495520383398241
4337,0.5403066933446714
4338,0.5153194517485535
4339,0.5041704759306304
4340,0.4457116314851388
4341,0.5362172599724985
4342,0.6523271900878117
4343,0.5628620999879166
4344,0.5109344567576669
4345,0.6423548002492043
4346,0.38303956337026246
4347,0.513694477998755
4348,0.46696309811885295
4349,0.6762936067031637
4350,0.3606778176041957
4351,0.5440760282686162
4352,0.44179216964758805
4353,0.47858126598722023
4354,0.5224433019897903
4355,0.4282555995324499
4356,0.5599252643138233
4357,0.5139591308867724
4358,0.5099325022181467
4359,0.6282031444187679
4360,0.5391654613323039
4361,0.6406128152086347
4362,0.33367079410864375
4363,0.5075604700127875
4364,0.48298971722520595
4365,0.664730278414029
4366,0.5517838897794707
4367,0.4906325628627975
4368,0.6870114952353924
4369,0.5251437789166298
4370,0.3692350865442512
4371,0.5707617355220357
4372,0.4332688482388984
4373,0.5962010857757308
4374,0.5242541729139698
4375,0.5068964349230941
4376,0.4405508388953342
4377,0.3787863188943878
4378,0.44128048326665664
4379,0.614350816617369
4380,0.37546417257979026
4381,0.44534328924949973
4382,0.4647905952613003
4383,0.41619216322483266
4384,0.4571257739852114
4385,0.5590415541398325
4386,0.4923348485199107
4387,0.39257723214504003
4388,0.5901646007064065
4389,0.5184561351313236
4390,0.4303121566780416
4391,0.5539365845364236
4392,0.3797250854395292
4393,0.5835130028357138
4394,0.4845501682677081
4395,0.5130500419123358
4396,0.4969056244207699
4397,0.6093033604551998
4398,0.6322565331170696
4399,0.5120335942884989
4400,0.533703288803583
4401,0.49063470142524657
4402,0.3458976042873271
4403,0.3575661115030953
4404,0.5220283964837367
4405,0.5763319136797809
4406,0.6148157592987035
4407,0.43185193875568895
4408,0.7939453678102525
4409,0.4727149732311804
4410,0.4901799670675942
4411,0.4171933612450799
4412,0.44336181480287434
4413,0.4694352228780736
4414,0.5002309544839758
4415,0.49089327372418845
4416,0.5624253687465719
4417,0.49772685474173617
4418,0.5107031399178996
4419,0.6666385063101503
4420,0.5199259523697962
4421,0.5068271674848202
4422,0.4447724500295537
4423,0.4213808707082535
4424,0.47271210649867784
4425,0.3909287063620152
4426,0.45827685569855114
4427,0.4460468742257714
4428,0.5499973535211746
4429,0.4220183724974132
4430,0.44816214903868334
4431,0.43080003199259537
4432,0.42265613579274613
4433,0.44127682770021565
4434,0.6137030873537965
4435,0.5329075788563256
4436,0.5237123278098523
4437,0.5015269332300187
4438,0.42206870373332794
4439,0.4837969484639567
4440,0.5653627391503941
4441,0.5869720427276705
4442,0.38839591896770875
4443,0.5140876385335804
4444,0.5200862678356346
4445,0.574430099063675
4446,0.44730195594964234
4447,0.5472540367430814
4448,0.34053135445438537
4449,0.4887035344167058
4450,0.4201346181175996
4451,0.46598848198706855
4452,0.5037996042275951
4453,0.7150484617584711
4454,0.5274677441833112
4455,0.44565600058954985
4456,0.8822771390601774
4457,0.5924268577128314
4458,0.48638196279582674
4459,0.4396890216000124
4460,0.6000745892370692
4461,0.5151596137656034
4462,0.5286265438669541
4463,0.5298190500730886
4464,0.6097604162464719
4465,0.42655588902133246
4466,0.6181828573253911
4467,0.7052241129421062
4468,0.5746479527389051
4469,0.5389455795519026
4470,0.5398642190429785
4471,0.43941522019830487
4472,0.4595555243129304
4473,0.3190210248420311
4474,0.7123526392111391
4475,0.5502302811838017
4476,0.3389918393249137
4477,0.565589155237314
4478,0.5495017325770771
4479,0.5289691702765085
4480,0.4808072867214668
4481,0.3621541310569515
4482,0.4931339932993866
4483,0.531152732111332
4484,0.5365434083397107
4485,0.40298111997168884
4486,0.582633675302576
4487,0.5595268229839538
4488,0.5749721776537899
4489,0.48204263852509277
4490,0.6165583629341775
4491,0.42117840910556437
4492,0.5859207813728236
4493,0.4928892990964182
4494,0.6975754830062468
4495,0.4840122644298499
4496,0.5920447521655917
4497,0.6039011983164689
4498,0.4021671646836295
4499,0.43963973034767245
4500,0.4958093766713685
4501,0.650478649206791
4502,0.5067214717048114
4503,0.4609662623613855
4504,0.5885640723494363
4505,0.35614767155125454
4506,0.3917714388377954
4507,0.3007164283125587
4508,0.5943441100558401
4509,0.5128462316142712
4510,0.5437627691226153
4511,0.5918631280452795
4512,0.5120107093995016
4513,0.48141551122560206
4514,0.5064171997257687
4515,0.5335654799929824
4516,0.5460193647383145
4517,0.5407645698104405
4518,0.3983890502642718
4519,0.5516300851555893
4520,0.5735926130278667
4521,0.4330030134351843
4522,0.48111406766757403
4523,0.47478407810850043
4524,0.4980478998148375
4525,0.44175808536379135
4526,0.5922950902288361
4527,0.5215319179025143
4528,0.46709671287309673
4529,0.6094397596143798
4530,0.5447736103033413
4531,0.5617546308564558
4532,0.3737522933708966
4533,0.3529111172781786
4534,0.45323887249656086
4535,0.5208426262195551
4536,0.5310997013860574
4537,0.5195724357263922
4538,0.6034435879279844
4539,0.38993341022627753
4540,0.549929491145706
4541,0.5375132797054397
4542,0.46624830539653844
4543,0.45162109850903553
4544,0.4913128367213829
4545,0.6162807723379543
4546,0.7521290976991182
4547,0.3440436234268719
4548,0.4626715888444623
4549,0.4111228949635417
4550,0.5602453725616844
4551,0.543129526657045
4552,0.533237152325756
4553,0.5757548077599225
4554,0.5749188951755665
4555,0.5233245338284968
4556,0.40887491820127586
4557,0.7249019893138843
4558,0.6035510398574746
4559,0.5457859355005109
4560,0.5061014143279824
4561,0.5760531579732511
4562,0.6188681164102435
4563,0.4837046762481956
4564,0.5285122256295357
4565,0.38868464929946106
4566,0.3993245801894314
4567,0.38019667326824286
4568,0.501113988779409
4569,0.4669311156235169
4570,0.5391963408304713
4571,0.3972458510084642
4572,0.49824082841722817
4573,0.3934091200390947
4574,0.4310616028879184
4575,0.40542433302879144
4576,0.6062258162003193
4577,0.5461227441469929
4578,0.48870708230255133
4579,0.40910309009083823
4580,0.5951541628735544
4581,0.5081009163805947
4582,0.5080279225554251
4583,0.3480640806715687
4584,0.38976177541036083
4585,0.5592346189229628
4586,0.6205338910198519
4587,0.46674031010021844
4588,0.4556921662696438
4589,0.456221081970247
4590,0.35827387223912444
4591,0.5095208399414829
4592,0.6209920883061271
4593,0.544666786564332
4594,0.6869546049934663
4595,0.4481947861590343
4596,0.5312106845848359
4597,0.38545874193692475
4598,0.6261711078409666
4599,0.5301826285902279
4600,0.4362601267376295
4601,0.5673192411198409
4602,0.6186123924269907
4603,0.4382393735265666
4604,0.5821804827193999
4605,0.5454900251667907
4606,0.5789096673490755
4607,0.5093675888577702
4608,0.40422717539005876
4609,0.47198864357403314
4610,0.5603943719369542
4611,0.4101222028738463
4612,0.463713360250542
4613,0.5853155203544526
4614,0.43296894983529277
4615,0.5714921031859334
4616,0.5114873871320753
4617,0.542346238613262
4618,0.5248397266107383
4619,0.5294641067207095
4620,0.5424489064314973
4621,0.5362960400579854
4622,0.524280128797284
4623,0.676654214585199
4624,0.523511730771976
4625,0.6417831791739823
4626,0.6011519158323819
4627,0.5370632379822399
4628,0.35779388917106125
4629,0.6059463876389836
4630,0.6616843260843817
4631,0.6336622576853459
4632,0.5574874952063446
4633,0.5100174204260914
4634,0.5442298041471054
4635,0.5029570706868534
4636,0.5341072450114545
4637,0.46227741611115497
4638,0.5359387744781041
4639,0.5000874924389993
4640,0.5497469040558566
4641,0.517489068013808
4642,0.5040265161158164
4643,0.29537303520675606
4644,0.505401934489193
4645,0.48974302239208956
4646,0.5535420888415474
4647,0.48666246253675954
4648,0.5018829188750852
4649,0.7921453605395918
4650,0.6977646681378705
4651,0.5726811543882917
4652,0.5856273946934503
4653,0.49727090657978656
4654,0.8140865494011265
4655,0.45266165987271956
4656,0.4544104358517664
4657,0.5406085125811444
4658,0.4098118793508899
4659,0.3808733422660226
4660,0.37452772539318624
4661,0.4526735762119516
4662,0.3677293030263792
4663,0.4260735355701187
4664,0.5232611108278921
4665,0.4159485265737752
4666,0.6790717931050749
4667,0.42519949307902294
4668,0.5666500104065845
4669,0.6321993302101492
4670,0.5342786886246337
4671,0.4814381164109628
4672,0.6280038005896549
4673,0.5613901733060341
4674,0.39757092525102394
4675,0.5328286869493983
4676,0.399232817041792
4677,0.6775029188447113
4678,0.5663474022863584
4679,0.3684760322475188
4680,0.5164731871951128
4681,0.5162032416466157
4682,0.5169520071516215
4683,0.5719949624460006
4684,0.4568066950444101
4685,0.5782869666667991
4686,0.45961113606813225
4687,0.3747321278906165
4688,0.48372954058631645
4689,0.6752009516574919
4690,0.5117479144965602
4691,0.48718389691527453
4692,0.3191527413954357
4693,0.5754809303281971
4694,0.4661024791086337
4695,0.49438990881687317
4696,0.7001156453159005
4697,0.626558757059241
4698,0.4943489290603917
4699,0.5453841416837205
4700,0.5507710265931081
4701,0.6825221244365658
4702,0.4806471392524629
4703,0.45343349811519845
4704,0.4691112726709973
4705,0.7842652262040756
4706,0.5496075298837008
4707,0.6033674781246443
4708,0.6347534928767838
4709,0.5562016778124663
4710,0.5670293726165584
4711,0.5399282156056057
4712,0.6223653263088224
4713,0.4548875775378414
4714,0.5096298791970103
4715,0.48851647617569194
4716,0.8321272213957633
4717,0.4952429716419152
4718,0.5414915215982722
4719,0.37331824489203647
4720,0.4325623579879135
4721,0.512262810880457
4722,0.5672629355207032
4723,0.587694931746607
4724,0.6281867835517487
4725,0.5603819279083063
4726,0.5908229799806497
4727,0.3963703273346715
4728,0.4892480496527173
4729,0.5063189995765247
4730,0.5604134155206909
4731,0.5203000055195828
4732,0.4603905849077498
4733,0.6234719010186526
4734,0.3697131701390891
4735,0.45802884623338064
4736,0.45400756253458985
4737,0.45999260228543204
4738,0.7171562649204325
4739,0.4268777533841364
4740,0.5681335501823928
4741,0.4659450737538736
4742,0.45207282349740463
4743,0.5585673982590319
4744,0.5935437464886582
4745,0.3736784511648763
4746,0.4836484849401493
4747,0.5454813848279342
4748,0.5578174235993177
4749,0.5595496993392197
4750,0.5212560131119605
4751,0.4414381167893129
4752,0.5254776981858338
4753,0.4295566011431383
4754,0.5503418863462782
4755,0.45120531780675777
4756,0.5269533754323704
4757,0.5908421232820922
4758,0.3489383857068719
4759,0.6803032197508275
4760,0.3265104141020248
4761,0.4737203147751998
4762,0.6697742463092131
4763,0.6633287096916274
4764,0.47203764237581886
4765,0.7974904265828723
4766,0.37903441866294696
4767,0.30441288380992526
4768,0.5445517204258495
4769,0.3316329393497367
4770,0.3511412087518362
4771,0.5037043642814387
4772,0.4582882208080588
4773,0.520964712395143
4774,0.4391624576952
4775,0.6406105418327406
4776,0.38435375276658257
4777,0.5517367138063051
4778,0.5419352038169291
4779,0.7500675856480912
4780,0.391043594247827
4781,0.6693867038972965
4782,0.41952315576151394
4783,0.38613938630648414
4784,0.4911104234543978
4785,0.5550336284662736
4786,0.5276665683754916
4787,0.6610006863989021
4788,0.5739500146979681
4789,0.4764726741479807
4790,0.6242590296206019
4791,0.44869239143896367
4792,0.5016426734268201
4793,0.5337975128736705
4794,0.5049815568684208
4795,0.7068283418987233
4796,0.4616430135910203
4797,0.4904304387677159
4798,0.43643000782686187
4799,0.6245879268034596
4800,0.5137695997022962
4801,0.6287731691132616
4802,0.4386458155586342
4803,0.5650403661865147
4804,0.523536452791545
4805,0.7558917645265957
4806,0.5980966725485523
4807,0.5285226047382576
4808,0.4660173118935679
4809,0.47666357471709686
4810,0.5156132123205124
4811,0.3152354646697932
4812,0.34727578760906463
4813,0.39293368497351444
4814,0.536576646848205
4815,0.6802936159357775
4816,0.39020902093609733
4817,0.45652626988911227
4818,0.5573028462905544
4819,0.6614581173424227
4820,0.40187508255471255
4821,0.5082797337296924
4822,0.520509734213863
4823,0.7153394802099018
4824,0.5576544445591353
4825,0.4740233622913027
4826,0.5924611271051194
4827,0.5037716669175467
4828,0.5015654374932531
4829,0.3922169967699848
4830,0.45545165279343275
4831,0.5156036799181848
4832,0.6470524893304427
4833,0.47653220893431303
4834,0.475450772964801
4835,0.4773771528817085
4836,0.4820677812892685
4837,0.44955683462761803
4838,0.5304426915895676
4839,0.5414438929324801
4840,0.35667485461799375
4841,0.6062485507968398
4842,0.5641744606863943
4843,0.575849392379592
4844,0.5615358088743128
4845,0.43351457745894906
4846,0.5553049486466674
4847,0.6248194276585348
4848,0.46398645124760934
4849,0.6210168371352114
4850,0.4559460092000691
4851,0.5067468631485381
4852,0.49466213312732793
4853,0.7333084249976303
4854,0.551792092587553
4855,0.49382964887135467
4856,0.45540726113185503
4857,0.4444363722842492
4858,0.5587421594465454
4859,0.647041223136025
4860,0.5276743119369979
4861,0.2956145406999966
4862,0.5718120823066289
4863,0.5298104626475869
4864,0.5851900090446365
4865,0.3652008625024237
4866,0.5446776819024983
4867,0.5421992581875135
4868,0.39961429811622384
4869,0.3105550250167409
4870,0.5936706303220743
4871,0.49768396814988985
4872,0.719657735990053
4873,0.5853380781153564
4874,0.5064037831360045
4875,0.4925061537019048
4876,0.6735861387699307
4877,0.3926457458781593
4878,0.5191673572666967
4879,0.4747547619978564
4880,0.5369673829225787
4881,0.5818871273915331
4882,0.6953796602126325
4883,0.5609698315890373
4884,0.36050983340375503
4885,0.29475760777875315
4886,0.5460645470817874
4887,0.4766692062876044
4888,0.5639803543623115
4889,0.549144289872858
4890,0.4686565629340202
4891,0.5361948574255415
4892,0.39291112608549644
4893,0.5275250339137383
4894,0.5587142289674474
4895,0.516425740936114
4896,0.5211768926871739
4897,0.3743957271198749
4898,0.488721099338439
4899,0.48529336872136525
4900,0.4772743220228688
4901,0.4625042968046827
4902,0.6808953262460972
4903,0.5901402281889869
4904,0.3666522738843927
4905,0.5370671851764418
4906,0.5060125093373437
4907,0.5689173880867886
4908,0.574253548626857
4909,0.47993509834994463
4910,0.48098864140783665
4911,0.4470728386823131
4912,0.3834577594844434
4913,0.49519785223792867
4914,0.48700990288064466
4915,0.5469032626957562
4916,0.4584007425473324
4917,0.5467682436787535
4918,0.7830610950563277
4919,0.42698792212375564
4920,0.6142568867593039
4921,0.616718762637931
4922,0.5165751838369165
4923,0.44810670220472987
4924,0.4455514302035882
4925,0.5662935419712375
4926,0.3555228933678968
4927,0.6018211589217818
4928,0.4633459376772532
4929,0.5029828499661574
4930,0.4478854712725153
4931,0.7626100059316789
4932,0.5426624877360313
4933,0.4682140638679909
4934,0.4570101561789671
4935,0.48889574781398965
4936,0.5701984782954818
4937,0.39925115373313697
4938,0.5835509887117292
4939,0.5547383362814375
4940,0.5415000279874466
4941,0.4652510927105834
4942,0.5347809293652499
4943,0.5521877035914939
4944,0.5582412998209916
4945,0.6306322832747845
4946,0.598227103871064
4947,0.4410260322575615
4948,0.41125109800780935
4949,0.4258952326536342
4950,0.5327516741311329
4951,0.43106398265260537
4952,0.4762044577754649
4953,0.37006511556711696
4954,0.5394817480628741
4955,0.4874494267065252
4956,0.38463992946189046
4957,0.38972534147021226
4958,0.3856372796934612
4959,0.46393662158116683
4960,0.4355458573071207
4961,0.4777361310146631
4962,0.5225192930426922
4963,0.518499144835105
4964,0.5873605942467494
4965,0.3811346025497491
4966,0.37580964284591334
4967,0.6672431020952325
4968,0.4363371946224216
4969,0.6622876045193626
4970,0.35376891067352556
4971,0.4600692450052114
4972,0.46723473017359557
4973,0.49914984617349634
4974,0.5650154757944161
4975,0.6463200452267122
4976,0.39640438960715274
4977,0.7271828313243591
4978,0.5620080976962084
4979,0.39782647510119273
4980,0.5396961248553466
4981,0.5899767968016313
4982,0.4533904987920639
4983,0.5055794954005033
4984,0.44515419002252826
4985,0.3996671440886706
4986,0.5021001741325913
4987,0.42741364765775275
4988,0.5926734285693305
4989,0.3598181481020335
4990,0.5197544229355203
4991,0.5994837010344679
4992,0.5418916816926632
4993,0.47431036147269434
4994,0.5092635262328429
4995,0.6063423099574833
4996,0.5113256120571873
4997,0.4280069559474145
4998,0.5020056973089452
4999,0.5564265251027717
5000,0.4748372461051469
5001,0.49568366998199537
5002,0.4116542897475153
5003,0.5055420586729849
5004,0.5840182260877048
5005,0.5046998171694713
5006,0.39827916562309806
5007,0.4719215050880133
5008,0.6667867557230946
5009,0.6903838031348731
5010,0.4228551302917217
5011,0.4510652104358636
5012,0.5458562969358804
5013,0.4988493604060793
5014,0.4760800536631525
5015,0.4926657263215092
5016,0.45990517023157895
5017,0.6112660982818074
5018,0.43434419654259615
5019,0.48342293717627893
5020,0.3848497492626328
5021,0.6476118032773929
5022,0.41853417613501576
5023,0.6098874512722849
5024,0.3929175662571238
5025,0.43120568617144345
5026,0.5065624542752762
5027,0.5627100133103616
5028,0.5901910682015423
5029,0.3783547342697273
5030,0.5425814662939883
5031,0.41642594364525626
5032,0.4412131280349448
5033,0.5703154508593778
5034,0.5247807775119385
5035,0.5715496208804302
5036,0.5035615812016524
5037,0.3967680191433375
5038,0.4185394195846414
5039,0.6566426817577629
5040,0.7346742318247668
5041,0.5351763752039906
5042,0.5942645147848457
5043,0.4308641595914622
5044,0.3656967882309755
5045,0.5041607681411705
5046,0.5665879981539471
5047,0.5630753370238103
5048,0.45609545667316453
5049,0.4317980849842419
5050,0.5687970338377566
5051,0.5570010535724258
5052,0.41929115049566223
5053,0.5770619801016842
5054,0.43070695926556574
5055,0.4436693027127151
5056,0.429210181423233
5057,0.526736354709487
5058,0.4515479457398218
5059,0.6895554157184333
5060,0.49194067376925227
5061,0.49569219743313014
5062,0.6877341425844964
5063,0.5004541141089909
5064,0.4610713412106552
5065,0.457555593225837
5066,0.34998485713686484
5067,0.4738419821361377
5068,0.6115325597423693
5069,0.3212034782735168
5070,0.41316943951682744
5071,0.4324512388148323
5072,0.42569823790721295
5073,0.592438436198933
5074,0.45610704366001703
5075,0.5732158589667704
5076,0.5796983049368483
5077,0.44028680087783667
5078,0.45146017004442984
5079,0.48967790916814263
5080,0.5143450490807304
5081,0.5472032552802724
5082,0.45566854582200444
5083,0.4982550989754687
5084,0.49213304048204043
5085,0.6193991256553221
5086,0.49798348850666607
5087,0.43554275878462834
5088,0.5034043273700143
5089,0.6349235522175839
5090,0.4210766815273021
5091,0.4062124521699545
5092,0.4975513288859905
5093,0.37744768375282434
5094,0.4954042799378532
5095,0.5587726327298741
5096,0.6270639309745458
5097,0.44418840574613516
5098,0.5683946429520413
5099,0.47608501261440783
5100,0.3490964667354335
5101,0.504596094821375
5102,0.47049791007231007
5103,0.6494711972258478
5104,0.4496256826254023
5105,0.5047307514053855
5106,0.5277839340584252
5107,0.36992018372731506
5108,0.4358071674635739
5109,0.6902416811866448
5110,0.4563534356558484
5111,0.5526791048499198
5112,0.676222361899725
5113,0.4940569916160204
5114,0.34321643823004044
5115,0.4146780193137912
5116,0.6219874201218767
5117,0.5718469043657965
5118,0.4132628509187886
5119,0.5014789203517375
5120,0.3491750342844582
5121,0.4313383954959136
5122,0.5479039721628927
5123,0.7717136192037433
5124,0.5676620009362537
5125,0.43000168161529745
5126,0.4903485377564878
5127,0.6430406375229334
5128,0.7439163610101368
5129,0.509545485386609
5130,0.5689819896598174
5131,0.42488722150574165
5132,0.5082977060539923
5133,0.570519784878441
5134,0.36013697537712097
5135,0.4361620117520488
5136,0.44944218072601777
5137,0.4394186239118358
5138,0.3416805487078135
5139,0.3455573121207232
5140,0.6278104687358728
5141,0.5186132246349694
5142,0.501024713356315
5143,0.5000122510111144
5144,0.6971458651942835
5145,0.4673931061141413
5146,0.427854287117873
5147,0.4565765199255173
5148,0.6575683749023842
5149,0.45930503012624485
5150,0.542899321499569
5151,0.4904217459053995
5152,0.6640241543270053
5153,0.6072889867508848
5154,0.4990733588631854
5155,0.43186262504743606
5156,0.7283789514544673
5157,0.6519639499659343
5158,0.44782452029609976
5159,0.4691170743139779
5160,0.32788606728899594
5161,0.580948003339334
5162,0.5764318110673157
5163,0.36067331366412714
5164,0.6930302563022267
5165,0.4434269741452372
5166,0.5385385091288327
5167,0.3662192173910662
5168,0.4896066256770146
5169,0.5321533286441498
5170,0.48579631019366876
5171,0.5168008380604912
5172,0.6544220096415235
5173,0.44527382108425917
5174,0.45395450435358814
5175,0.5195452197450533
5176,0.4090931680623311
5177,0.3633984068558822
5178,0.6623804896660793
5179,0.5031681711784048
5180,0.5175714253969245
5181,0.5477274677713146
5182,0.508840870599014
5183,0.5413723550445986
5184,0.4885300293348791
5185,0.5720688296418905
5186,0.5386449774108808
5187,0.4232277379149708
5188,0.5759755954182508
5189,0.3716595810868425
5190,0.472400630082265
5191,0.35963299460988873
5192,0.45805733288141304
5193,0.5402921813710109
5194,0.42059165014736843
5195,0.48587470920112724
5196,0.5012377450136977
5197,0.4971146735278574
5198,0.6369358259770463
5199,0.7613021197515031
5200,0.5114754349003653
5201,0.533261549903328
5202,0.5631150635982959
5203,0.5987382373632051
5204,0.6334164901562959
5205,0.5746197120890221
5206,0.5339157715499385
5207,0.5305370125439942
5208,0.5550211261165436
5209,0.37945372276055755
5210,0.4979105528105042
5211,0.5244650146991716
5212,0.3522861702375348
5213,0.4291004772539764
5214,0.44312188192117696
5215,0.5321169368782229
5216,0.5018290205940726
5217,0.9003275694205548
5218,0.3264357976885806
5219,0.6629265920798799
5220,0.47730346465204904
5221,0.5522390630629822
5222,0.5539323748929641
5223,0.4910720839018169
5224,0.49406390295074526
5225,0.5553721990560067
5226,0.6280332875102741
5227,0.5546606779720589
5228,0.5403390390996271
5229,0.4832951297050484
5230,0.6855190939274066
5231,0.50282803397447
5232,0.5506793765967606
5233,0.4647256667212931
5234,0.4699321139772029
5235,0.5501773998892744
5236,0.3775753040360657
5237,0.5045505022741594
5238,0.49643161581871714
5239,0.44291913871315114
5240,0.4418983591971395
5241,0.625795238348814
5242,0.7368445921077026
5243,0.5632911056303862
5244,0.4001198474460887
5245,0.49998506737615084
5246,0.49620825707452193
5247,0.40835403028052814
5248,0.5318524762487662
5249,0.5796971816976437
5250,0.4877530321246259
5251,0.5364851937068709
5252,0.465468227267136
5253,0.4376580048034105
5254,0.6054946495894272
5255,0.43930295466678937
5256,0.45838767287938786
5257,0.36651297214943324
5258,0.43653923020219826
5259,0.5918634902305524
5260,0.4710906527366762
5261,0.7227736957079157
5262,0.4789888722370788
5263,0.6620115457170914
5264,0.3468085316358307
5265,0.571672786445496
5266,0.6494693220172016
5267,0.5810958683472105
5268,0.7489289162545314
5269,0.39791208131288913
5270,0.5828766298292289
5271,0.4897759055271744
5272,0.4817876871324992
5273,0.46995797313074156
5274,0.4330076637353811
5275,0.4313837902336539
5276,0.45897734029298015
5277,0.4948689874492995
5278,0.5786419528094756
5279,0.41057720795770714
5280,0.3694045715859242
5281,0.5559927159101865
5282,0.39480399263825683
5283,0.39835712220308717
5284,0.5173878717787167
5285,0.5041374259100597
5286,0.5404194436950973
5287,0.6020018993627558
5288,0.4251196416752044
5289,0.6895343774172429
5290,0.4761540761959799
5291,0.42902635473651884
5292,0.5619299850112071
5293,0.4824024901690227
5294,0.4509791788085115
5295,0.6346742002203527
5296,0.36873061878663327
5297,0.444261557221325
5298,0.6050260749962734
5299,0.5932968245940314
5300,0.5030864780369926
5301,0.874039640587101
5302,0.5556795172080629
5303,0.3067296389220312
5304,0.42814344123441567
5305,0.5238540713843375
5306,0.36568262581603206
5307,0.505842750246436
5308,0.5015034734840241
5309,0.4212213074344022
5310,0.4545716821058469
5311,0.6665187406230059
5312,0.37196882227568373
5313,0.522526979110061
5314,0.4846702709820077
5315,0.4822618277393358
5316,0.45384220470262854
5317,0.5141457088714798
5318,0.45026099757777754
5319,0.42721883562636537
5320,0.7428906018256306
5321,0.3923382599728887
5322,0.40807514377883813
5323,0.5104006390692936
5324,0.5283854392320829
5325,0.6282439234863091
5326,0.42142390213280967
5327,0.4691560364574945
5328,0.48017756667541583
5329,0.5289262108223599
5330,0.5734944413125441
5331,0.5117238822194906
5332,0.5388764760989818
5333,0.4938705404921599
5334,0.5562452049149743
5335,0.49701057600887566
5336,0.5083833240441116
5337,0.6978101994289196
5338,0.42414881935247084
5339,0.7890460710100122
5340,0.42871448925107647
5341,0.4253125633374855
5342,0.5176932410650058
5343,0.4965996583525056
5344,0.5949007571221694
5345,0.577966478170958
5346,0.462820600380327
5347,0.5566444680943445
5348,0.4776474987031743
5349,0.42316927617943506
5350,0.49254711773534865
5351,0.5325882089263776
5352,0.5058531928938036
5353,0.5257672911310952
5354,0.4633026275772338
5355,0.6196377270532986
5356,0.7410807508160491
5357,0.500810528805607
5358,0.7312188957261434
5359,0.6088584823124868
5360,0.6959811274882621
5361,0.6079219820678169
5362,0.49810300724537887
5363,0.5810147877988723
5364,0.5259985258239743
5365,0.5179993733480627
5366,0.6896513638674242
5367,0.59058023616456
5368,0.5346308263279813
5369,0.4791537617266951
5370,0.5010781274078961
5371,0.4729646504901463
5372,0.5897412289386071
5373,0.5736536690826951
5374,0.4778682198944117
5375,0.5424616374496612
5376,0.6013040609154929
5377,0.5021937395887595
5378,0.5473116355757885
5379,0.48867739462874266
5380,0.5245147548810952
5381,0.4193390153336088
5382,0.47143557610562137
5383,0.440870791216977
5384,0.6885597498564542
5385,0.5271504045526201
5386,0.7690429054187258
5387,0.4461142597235285
5388,0.4689342254426361
5389,0.47524398802904916
5390,0.5556772227314457
5391,0.3767002951788969
5392,0.5006077010058625
5393,0.4242328608173414
5394,0.4527500002446546
5395,0.40795744393192934
5396,0.4655841547424327
5397,0.4828046131956759
5398,0.37410496797888887
5399,0.5614966494337326
5400,0.4697672895046057
5401,0.6052983254812005
5402,0.48465808136505867
5403,0.5243365955442564
5404,0.433627903508202
5405,0.5933625041456009
5406,0.6050525691716028
5407,0.5786207159540477
5408,0.5029551174038072
5409,0.5302551416408282
5410,0.5047306251829383
5411,0.5406927606851331
5412,0.5064057130133957
5413,0.4233132839864415
5414,0.6282694870262691
5415,0.38989968371278616
5416,0.5259958216259814
5417,0.5558430571651226
5418,0.36829025037368984
5419,0.4366113545180137
5420,0.46258264601787674
5421,0.4475421391837608
5422,0.6628673757238676
5423,0.5186743281236326
5424,0.3404275549274094
5425,0.5397289243850509
5426,0.5624721523063512
5427,0.49303600706877415
5428,0.6753261292318122
5429,0.3628009327174555
5430,0.49031688439567056
5431,0.7052927365541435
5432,0.5060975036914649
5433,0.5510177200064398
5434,0.4233093745295599
5435,0.6780053391899374
5436,0.4105553102081562
5437,0.5711487966222328
5438,0.45510734022705335
5439,0.49051455623570756
5440,0.5599022112706904
5441,0.4516332761469334
5442,0.7110280388102872
5443,0.5599460569328072
5444,0.5564952867152362
5445,0.27647187183711425
5446,0.49015093115512814
5447,0.5577043456792089
5448,0.6692024516413092
5449,0.677645708390682
5450,0.6075574823367057
5451,0.4936273194242605
5452,0.4714920716084501
5453,0.44691813010854453
5454,0.5417701926233461
5455,0.6467212548532231
5456,0.6295515010236103
5457,0.4218208686475268
5458,0.6023929899817875
5459,0.5592282801219727
5460,0.555730968036172
5461,0.4560081904361467
5462,0.4515011853427232
5463,0.5072418228750993
5464,0.4655803252979627
5465,0.345006705235748
5466,0.5711630347757741
5467,0.4224896288778881
5468,0.42407442646970905
5469,0.40345798146601014
5470,0.6521695661530579
5471,0.5644149352714928
5472,0.4741398040728427
5473,0.5423889558795737
5474,0.45862120682288676
5475,0.4501700102707227
5476,0.317719880145322
5477,0.43036324827119304
5478,0.3763992067875348
5479,0.6417442608973375
5480,0.5479468723167586
5481,0.7210057028745582
5482,0.28648773358257307
5483,0.4607235782437133
5484,0.5009755661815228
5485,0.5957958351324892
5486,0.5215497347617731
5487,0.7563463033041334
5488,0.585098756424584
5489,0.4774174646160612
5490,0.4619969652119062
5491,0.5103099106424042
5492,0.4667565714921635
5493,0.5835820392474722
5494,0.708161983500682
5495,0.5471107590933098
5496,0.46716175730773046
5497,0.3800752877482079
5498,0.5881362728685875
5499,0.5608263604486601
5500,0.6459490948779041
5501,0.5825550663530469
5502,0.47120009067338087
5503,0.5375587167104018
5504,0.42287084117194174
5505,0.4037692185639941
5506,0.4711011936901814
5507,0.7257869489343985
5508,0.41081621283876857
5509,0.5331483999664383
5510,0.4921647924209561
5511,0.6309507425456109
5512,0.6631704599013198
5513,0.7435805850806849
5514,0.562275932506332
5515,0.6149681235654315
5516,0.49756978395637563
5517,0.4312024625088387
5518,0.6916954308476857
5519,0.5486961604404686
5520,0.39212870431155583
5521,0.5162492026343614
5522,0.5581668296557095
5523,0.4373458529009374
5524,0.5019551235675965
5525,0.6441725302369915
5526,0.6203414674435132
5527,0.6944544028442854
5528,0.6030364791871168
5529,0.4599436270802339
5530,0.3341166784985415
5531,0.6192509186111472
5532,0.5133997467507342
5533,0.46595838472922235
5534,0.4651779024626679
5535,0.6207682107796169
5536,0.551245321164853
5537,0.40648308412829626
5538,0.3362331501544308
5539,0.6631656453284932
5540,0.5705547334046156
5541,0.5588366017422596
5542,0.5802806510741171
5543,0.5649966605259257
5544,0.5624101474917572
5545,0.4530023425526149
5546,0.49171898144844484
5547,0.5404201350804003
5548,0.5205122929353262
5549,0.4047758184755245
5550,0.3796931327722639
5551,0.5185076936012222
5552,0.6852235582278644
5553,0.6502250633146716
5554,0.5133322534949134
5555,0.4057114309328409
5556,0.3680577791163487
5557,0.5803483485225283
5558,0.4740454897610999
5559,0.5811419720650656
5560,0.4181230654928775
5561,0.4839860095086128
5562,0.6622223945716451
5563,0.6680307806300964
5564,0.46664432249812543
5565,0.6333439226339612
5566,0.39212186185496967
5567,0.482917288578357
5568,0.48435475493184554
5569,0.4253276133039797
5570,0.49997284347022247
5571,0.527626627296386
5572,0.5457940954849895
5573,0.5259041744733111
5574,0.47029149475401383
5575,0.43292532683649215
5576,0.4368613821820111
5577,0.5587500672616316
5578,0.507100894485228
5579,0.4661818506578013
5580,0.5094572813680635
5581,0.44618098844788107
5582,0.5398398676765772
5583,0.6022367045748273
5584,0.5070813866692017
5585,0.26063497428311894
5586,0.4939897801602404
5587,0.5499892152319267
5588,0.4466836266935053
5589,0.652407104297207
5590,0.6815055577825796
5591,0.3793658083371607
5592,0.5034044345844729
5593,0.791852239821206
5594,0.3901857025048464
5595,0.4822753987031149
5596,0.4918223526145939
5597,0.6361069726242201
5598,0.6066024297930084
5599,0.5321815442957972
5600,0.5235226245887605
5601,0.3816225185044915
5602,0.6169881240780223
5603,0.551294115922249
5604,0.5101188234424502
5605,0.5096308170870166
5606,0.5378853341123175
5607,0.4993268526803688
5608,0.5383082062248891
5609,0.5728762145890698
5610,0.6013483712075098
5611,0.387611422074146
5612,0.5279696146006426
5613,0.6048863064362985
5614,0.4371584188209372
5615,0.4060057989496296
5616,0.5002537385216872
5617,0.6086188487758311
5618,0.579635913979804
5619,0.5438662895033096
5620,0.3853805339596541
5621,0.5867145741972907
5622,0.47303736134330193
5623,0.4492392197003589
5624,0.42376891934273436
5625,0.43215836460703244
5626,0.5702542571351307
5627,0.42786294800290253
5628,0.506107342258383
5629,0.4886524512232143
5630,0.4315023272353934
5631,0.520136105372788
5632,0.6246935903075412
5633,0.5893597674878641
5634,0.4912795444817188
5635,0.4523229842173853
5636,0.4968571828849876
5637,0.5728562936280799
5638,0.38693713197735535
5639,0.5681092153733863
5640,0.6163122327979772
5641,0.5029450355096873
5642,0.4832790072601048
5643,0.619361122907602
5644,0.4156123440778164
5645,0.5423169722670391
5646,0.4358399179213684
5647,0.5091884350666498
5648,0.6887768226738341
5649,0.5110699824156367
5650,0.4274731239262083
5651,0.7372116317259294
5652,0.47428934084258534
5653,0.4437344283932084
5654,0.4679478145603568
5655,0.4502906098339151
5656,0.4024981530776718
5657,0.6361666586163359
5658,0.4545279346303648
5659,0.3584096366649149
5660,0.5060629097746115
5661,0.4315156191678798
5662,0.5842113221461968
5663,0.6584314665766144
5664,0.4726866518354707
5665,0.5568106294456217
5666,0.5436897361276177
5667,0.7066031866509168
5668,0.5446334227677668
5669,0.6154734636959249
5670,0.39712252482199656
5671,0.448077019431878
5672,0.5869756597431586
5673,0.36119102763459354
5674,0.6062313327547861
5675,0.49298360445322675
5676,0.4470362145725594
5677,0.4434115873270807
5678,0.5279879885673315
5679,0.5274046629868137
5680,0.6301469844394001
5681,0.730563904144949
5682,0.49421373229696297
5683,0.45251387281939187
5684,0.5480951086080716
5685,0.4873737519316745
5686,0.3670171223698701
5687,0.6304989348287537
5688,0.5133802382704754
5689,0.3771238331129342
5690,0.43494674691150986
5691,0.499114326740889
5692,0.5962655979586393
5693,0.505379985281796
5694,0.617295993666289
5695,0.4379460768899545
5696,0.5390257975665195
5697,0.49887845519235025
5698,0.740688075258787
5699,0.4288977226103155
5700,0.4946800868535293
5701,0.6188761645554604
5702,0.5885839992850921
5703,0.5720844476251854
5704,0.3161172049261261
5705,0.6036110395773027
5706,0.4724222830544881
5707,0.4969582965087027
5708,0.516390543902349
5709,0.7177951009163959
5710,0.5289771036137036
5711,0.6180308868198952
5712,0.5886932561276957
5713,0.6087137379172224
5714,0.4130867304034609
5715,0.5710478553679696
5716,0.5438329777549415
5717,0.4821316464449503
5718,0.6098977410390826
5719,0.45085239480618106
5720,0.5606812677819356
5721,0.3584792337914058
5722,0.6617105817207913
5723,0.480992889549344
5724,0.4588169403426732
5725,0.639552245762612
5726,0.6813997517119994
5727,0.3742230209722808
5728,0.5627257429252609
5729,0.6427929707550262
5730,0.6711168170194071
5731,0.5817397011483781
5732,0.4010315453392847
5733,0.5942287769517915
5734,0.5266354888890019
5735,0.4794059465202352
5736,0.5338604978191669
5737,0.5424950973972366
5738,0.4559154650510999
5739,0.45397203255093715
5740,0.5809693011769397
5741,0.39753987593390394
5742,0.8346988902077528
5743,0.4168818675777136
5744,0.42285450071590314
5745,0.6086364366542103
5746,0.628040933796312
5747,0.5036603719818101
5748,0.41714297759810176
5749,0.41349428460685494
5750,0.42728760201574545
5751,0.4503963939594064
5752,0.4345113466432184
5753,0.4882065654743558
5754,0.5803513445048175
5755,0.6012453523408053
5756,0.4908078539485824
5757,0.4227268368017348
5758,0.6065520653880048
5759,0.4448268050869343
5760,0.5587496506606167
5761,0.46006842735634307
5762,0.6198900911566027
5763,0.5328220584677597
5764,0.5071427688483774
5765,0.6250567622787224
5766,0.4032051945418061
5767,0.52316419677162
5768,0.3435493753831773
5769,0.3863140994497166
5770,0.35891950829021024
5771,0.5070238438510436
5772,0.5555655730458167
5773,0.48200004944355224
5774,0.5667006309456352
5775,0.6637378813585832
5776,0.49826901825827
5777,0.4413716601333053
5778,0.6306943660150939
5779,0.6348767929995303
5780,0.3838877911738083
5781,0.5495573558821872
5782,0.38441920286529585
5783,0.4753821030898416
5784,0.47835037516172885
5785,0.4488659408460988
5786,0.44632139160392464
5787,0.4592425396070144
5788,0.5112102071794499
5789,0.5342913550561968
5790,0.727905766804616
5791,0.5651811283449129
5792,0.4554204812204592
5793,0.4629325241529279
5794,0.35716913444204546
5795,0.6421350204815615
5796,0.5286543930751174
5797,0.5756061049930121
5798,0.46281386334226193
5799,0.6190347661033119
5800,0.5077772007353158
5801,0.46353407306499883
5802,0.5955217483775873
5803,0.36852110381258263
5804,0.4831628383873891
5805,0.7753313319819464
5806,0.7140250294610869
5807,0.4948611312494787
5808,0.23579077045172248
5809,0.47305499918127136
5810,0.505175569104848
5811,0.49917590546087015
5812,0.5356009044454266
5813,0.5171441081788088
5814,0.507308526413038
5815,0.5416618722672139
5816,0.5089586226112053
5817,0.4544645213786172
5818,0.5366317208016896
5819,0.4409289394819608
5820,0.35630052080285113
5821,0.7649030367207821
5822,0.3983978905514909
5823,0.5504635306403246
5824,0.5284798785380612
5825,0.4886808555424813
5826,0.46496957682778906
5827,0.6026387787954218
5828,0.462671265552697
5829,0.48034441572649283
5830,0.5431599598149397
5831,0.46851739339310094
5832,0.30253790491200183
5833,0.5311285783321074
5834,0.7442845052291438
5835,0.3423480804914961
5836,0.4506088054628879
5837,0.5008558650902537
5838,0.5598966351130498
5839,0.38966037034934464
5840,0.4366809445734215
5841,0.48531034025227443
5842,0.5462555855678197
5843,0.46967084487365535
5844,0.5538328373593522
5845,0.45356130193344973
5846,0.4744392192766631
5847,0.542823675413696
5848,0.5303143291727999
5849,0.5189913087645044
5850,0.5130665864345612
5851,0.5888621621010501
5852,0.5353213170240898
5853,0.45225945881635077
5854,0.6129351550794937
5855,0.39119469359084513
5856,0.34589947605415905
5857,0.6703567799687578
5858,0.5078660590213016
5859,0.5657364867591318
5860,0.37272670505047495
5861,0.35904665648504197
5862,0.403369191223444
5863,0.4934556667526302
5864,0.40492377809379854
5865,0.5020023695596719
5866,0.47946186526447765
5867,0.7171227532619744
5868,0.6180988179779582
5869,0.43943563710286687
5870,0.5278933932796314
5871,0.5245914141859123
5872,0.460550316900314
5873,0.4947302327175864
5874,0.46628302053550796
5875,0.4317197532910211
5876,0.5501845327231952
5877,0.6926503289052952
5878,0.43714105769993494
5879,0.5308342002599677
5880,0.5429859426177039
5881,0.5357518376340105
5882,0.4270998388381368
5883,0.5756375531263398
5884,0.6368288169709317
5885,0.48802412143744917
5886,0.4494258097481309
5887,0.45973651004201643
5888,0.5257836386397361
5889,0.5020957716764826
5890,0.5966718904347171
5891,0.45023044323267025
5892,0.4567130557000702
5893,0.5472574667768567
5894,0.4417755811465679
5895,0.2663397241952856
5896,0.5922013886284321
5897,0.5704602832049864
5898,0.4420775317590227
5899,0.4314612349685558
5900,0.5487904752290352
5901,0.5126763897405142
5902,0.35205842612979454
5903,0.44696971381536915
5904,0.6304670967325336
5905,0.5718477511226879
5906,0.48637841198605486
5907,0.5785832770969777
5908,0.4773834489559345
5909,0.28002648345518877
5910,0.5672120278587485
5911,0.6780674574687046
5912,0.5143072788679933
5913,0.5122290454185612
5914,0.6205161255629942
5915,0.4824375642568423
5916,0.43590911842318
5917,0.4324323108085131
5918,0.5034505750303261
5919,0.3227797963443291
5920,0.3925490392551118
5921,0.5039436929798682
5922,0.281673602018942
5923,0.3195464018525871
5924,0.5201859929688636
5925,0.5314794162493677
5926,0.46358909711837826
5927,0.3037311003853064
5928,0.5304530964108412
5929,0.45711476159586933
5930,0.4233251209775749
5931,0.37542318517361095
5932,0.6373405985169915
5933,0.4843793780669033
5934,0.5091955928531536
5935,0.42023078672990544
5936,0.5405661505561155
5937,0.4339573798959556
5938,0.5516197647100907
5939,0.46528168880399745
5940,0.5353996042287328
5941,0.45471836383885694
5942,0.39529233133518693
5943,0.3521977754517942
5944,0.5025662336451427
5945,0.4240221812804338
5946,0.5151707045445237
5947,0.5408854241059308
5948,0.48615688726519657
5949,0.41044261756235545
5950,0.6265993401921808
5951,0.5559958267049803
5952,0.7728407846805125
5953,0.4984725364599505
5954,0.5389036941039581
5955,0.5432345877428126
5956,0.45946616067461
5957,0.5834055572150769
5958,0.6805676399988141
5959,0.3422427276278739
5960,0.5197391628451132
5961,0.5140128293587519
5962,0.5257189228870255
5963,0.6439161095445277
5964,0.7137807907685332
5965,0.5637169573800453
5966,0.4282966926430568
5967,0.38838783089069107
5968,0.5912200083677932
5969,0.5098154582812566
5970,0.3344301281884383
5971,0.5385583749259628
5972,0.5636409691179032
5973,0.4039528768390679
5974,0.5484275558405535
5975,0.6191788894526318
5976,0.4914235364285475
5977,0.42231422590841566
5978,0.5472289401092229
5979,0.4762487436242475
5980,0.5184858267005937
5981,0.34371643866493184
5982,0.5253498186528267
5983,0.6120511216275205
5984,0.6488729977619878
5985,0.6382381095083707
5986,0.42860398124065047
5987,0.6147187802442653
5988,0.47273825605205116
5989,0.3395417633446083
5990,0.49057975964013933
5991,0.530930682678927
5992,0.6869886042889457
5993,0.6449189122819305
5994,0.4907195947127563
5995,0.5211077810751888
5996,0.5667318384949628
5997,0.5706048822874454
5998,0.5226965526814364
5999,0.4356623061301638
6000,0.4335233396958041
6001,0.6014933618168665
6002,0.523338818328057
6003,0.5169203898499981
6004,0.4271172415494244
6005,0.398469457467117
6006,0.48880391821017616
6007,0.5842836452938028
6008,0.610303131887867
6009,0.5781881589430388
6010,0.49670998766942004
6011,0.4674636048085831
6012,0.5507169990692291
6013,0.5286075594969295
6014,0.4974726242503276
6015,0.3997303527036602
6016,0.40329356660627014
6017,0.5396452307959019
6018,0.5466053160117575
6019,0.38711753809768057
6020,0.603309301709065
6021,0.5614934405964556
6022,0.5642100369836023
6023,0.42294849440674
6024,0.4679682597915308
6025,0.49315034140483904
6026,0.6303272893424692
6027,0.5945609256028632
6028,0.3647216950022736
6029,0.5688202411731255
6030,0.3640398311418059
6031,0.5019081295432896
6032,0.5493692732316782
6033,0.5159101837998128
6034,0.3847834671739193
6035,0.417626972435154
6036,0.4949226620121094
6037,0.4179188941263601
6038,0.5373821306215245
6039,0.4897090206040516
6040,0.3715428104648929
6041,0.5055269347585845
6042,0.41365858104102793
6043,0.5193288117555915
6044,0.5216578632749083
6045,0.5353207255701712
6046,0.38722121854450614
6047,0.5801689812620855
6048,0.7311111990941102
6049,0.47221665820194836
6050,0.4913411795119003
6051,0.5226495527986976
6052,0.6935460802179031
6053,0.5851586656037229
6054,0.5892947900536555
6055,0.5047035570213406
6056,0.4279753939857095
6057,0.4683168835382033
6058,0.6020340166388962
6059,0.4085025115265743
6060,0.5745082853325193
6061,0.6173362768004164
6062,0.42159631937545855
6063,0.5755830067916143
6064,0.46062151053425304
6065,0.5005400113419526
6066,0.7352311252491389
6067,0.4064465927375167
6068,0.6262155759317862
6069,0.49159676476860625
6070,0.440416207418476
6071,0.5129315377361156
6072,0.44866663981158117
6073,0.3600255081628364
6074,0.5207709291867405
6075,0.43742209152119943
6076,0.5331764588697401
6077,0.5609159142088944
6078,0.47446632743997463
6079,0.43352507669037815
6080,0.4813888548906786
6081,0.48539304633899527
6082,0.5337278400991441
6083,0.4585854260234328
6084,0.4057039069560217
6085,0.5017899337899902
6086,0.6039287022477223
6087,0.48828333133167023
6088,0.3974653738455023
6089,0.6217368575811593
6090,0.47489661517300813
6091,0.5924644293392192
6092,0.4589197050563098
6093,0.7017628625354889
6094,0.5344458720790523
6095,0.5291415222533453
6096,0.4237622278445792
6097,0.5708006065939243
6098,0.589525752967836
6099,0.5716274607374925
6100,0.5756178511273067
6101,0.5493459683802064
6102,0.5004838744482004
6103,0.6100103515952895
6104,0.4302606335785256
6105,0.33823946220663736
6106,0.459415561095167
6107,0.47121399466448516
6108,0.5968380095271493
6109,0.360062469591524
6110,0.49765874401845195
6111,0.46487086987934073
6112,0.5861591064269146
6113,0.5073775178592327
6114,0.7631345764599464
6115,0.5098119103183739
6116,0.52051494515611
6117,0.4952194863556789
6118,0.3990587539871946
6119,0.3505169863073395
6120,0.46213950624631533
6121,0.4776718311583852
6122,0.4818788068341499
6123,0.47927578640958374
6124,0.5291394761182372
6125,0.49617471960395665
6126,0.5783981364962912
6127,0.5997379482975188
6128,0.6159891102470542
6129,0.45695182130322537
6130,0.514248146335853
6131,0.5336222184153064
6132,0.5809299044673611
6133,0.3852661054470065
6134,0.6086498922982104
6135,0.6722612306977362
6136,0.5293436046484173
6137,0.4595841911456331
6138,0.4944466435615599
6139,0.5739926087723941
6140,0.6024446453157646
6141,0.3011651420627499
6142,0.6691099397649436
6143,0.4363899256423911
6144,0.37116612236584323
6145,0.3329264465956021
6146,0.6499538166729412
6147,0.5713945248913194
6148,0.4424910355361208
6149,0.48635517745167395
6150,0.45361045636724207
6151,0.6403400917364632
6152,0.5748795801271592
6153,0.45533715661299584
6154,0.4915769924006141
6155,0.43664217493935875
6156,0.6112918400206158
6157,0.5125182001803216
6158,0.4692137074902473
6159,0.4865884813680053
6160,0.5406138244236404
6161,0.49975462657918424
6162,0.6618142757714507
6163,0.48327530812134
6164,0.5718396277442039
6165,0.5147951602566524
6166,0.5411585833925279
6167,0.40075879363621847
6168,0.5383169685248079
6169,0.4751501944814431
6170,0.49965293194327254
6171,0.31675295500005934
6172,0.5654714660004646
6173,0.40900378820563116
6174,0.6563976625814403
6175,0.5553952712310436
6176,0.4771103401295808
6177,0.6391943250481074
6178,0.4890231541174055
6179,0.5733960184884188
6180,0.5628367508803668
6181,0.5492009379103641
6182,0.5018688440228568
6183,0.6026633677815937
6184,0.5474234726140563
6185,0.588738691850269
6186,0.4979729416319291
6187,0.5824241118957122
6188,0.44131336066982824
6189,0.4222075975913464
6190,0.48827645737768843
6191,0.5529401056330633
6192,0.6251354427681013
6193,0.5111157182915366
6194,0.39637350504993574
6195,0.42098120342007966
6196,0.4131091031135147
6197,0.47236781543382383
6198,0.2888868983341434
6199,0.4196134927788292
6200,0.5304277764886673
6201,0.5135817042878735
6202,0.45785507538568215
6203,0.3746169912066403
6204,0.5912126787157594
6205,0.5527843458506558
6206,0.5778601060723723
6207,0.3491991848307042
6208,0.48086338327354927
6209,0.5479523217919006
6210,0.5570919921593895
6211,0.514216408483915
6212,0.49800426848036233
6213,0.470364824632852
6214,0.4794016273167101
6215,0.4492022587094489
6216,0.42591658552548567
6217,0.45281420061088706
6218,0.5098338019604605
6219,0.5715924670728891
6220,0.48389871115374156
6221,0.4680191826106904
6222,0.5617499374050499
6223,0.6079319265249004
6224,0.5179359633595938
6225,0.6263425849079167
6226,0.4169360677021369
6227,0.8593648125925727
6228,0.37286418914468833
6229,0.5247373769409549
6230,0.40772876523093193
6231,0.5323928884481169
6232,0.7095317304692915
6233,0.5864145555870014
6234,0.7216400049806146
6235,0.4547999022840565
6236,0.3219276817581409
6237,0.5699889419519597
6238,0.5473179940528318
6239,0.48316225487225867
6240,0.4330488277932103
6241,0.5265658568320238
6242,0.4534454753213267
6243,0.499439188218528
6244,0.6842385899067298
6245,0.6086760059830952
6246,0.6557091648779723
6247,0.47584203130933705
6248,0.5403468687712969
6249,0.4391773103147641
6250,0.4978530754266835
6251,0.5289470715147896
6252,0.3972302574074646
6253,0.5274884584950863
6254,0.4610035048259448
6255,0.6156940840856404
6256,0.545129472758971
6257,0.6962205468784077
6258,0.4231679629052478
6259,0.4581527574937516
6260,0.5879216755448234
6261,0.4635122352889026
6262,0.33816284207771863
6263,0.4142332467371199
6264,0.6196567601012006
6265,0.5879805099566504
6266,0.4404076494553039
6267,0.4925691685276928
6268,0.6868644144961622
6269,0.6987400432885709
6270,0.5737355471261905
6271,0.5198878585254902
6272,0.6513471366582333
6273,0.6650687082606599
6274,0.3791547965848605
6275,0.4216145066016874
6276,0.447951615941671
6277,0.6576745179752115
6278,0.4988092673842792
6279,0.5481627670817442
6280,0.5244079851192021
6281,0.4979317751363927
6282,0.544952482151005
6283,0.6799109852684719
6284,0.3520642497259768
6285,0.5373575484854233
6286,0.4100519652012462
6287,0.5682988262256213
6288,0.48384833931880605
6289,0.5539768499378736
6290,0.5440524660023168
6291,0.42122449980498655
6292,0.4356409333988137
6293,0.774734065271306
6294,0.42807587194557783
6295,0.43722392591639947
6296,0.6077821776604411
6297,0.500616995153937
6298,0.4480479831040059
6299,0.5209504792817237
6300,0.4338229377385811
6301,0.583030620401655
6302,0.46393130074966316
6303,0.4343206103144261
6304,0.5061577222935787
6305,0.30484355203097746
6306,0.44196732998097
6307,0.5050870355986053
6308,0.6325716838049029
6309,0.7570509861941612
6310,0.4586822574752356
6311,0.4069947886641531
6312,0.5401314768096936
6313,0.5085687906661281
6314,0.7254634232375439
6315,0.3701195729082941
6316,0.48493392470305813
6317,0.5069517554563576
6318,0.7261686224770685
6319,0.6106829825051915
6320,0.45270836421967725
6321,0.524724964134385
6322,0.5187931583817916
6323,0.40827106066049856
6324,0.5191108137779298
6325,0.5818276378390619
6326,0.4284397857089619
6327,0.6278631768324342
6328,0.6137053714165571
6329,0.47765658358885793
6330,0.5721870386339494
6331,0.45796278703639204
6332,0.4654253559718779
6333,0.3267296580054819
6334,0.6894719357338401
6335,0.5923015226146421
6336,0.4479784573407348
6337,0.4337094705738115
6338,0.5192202204753369
6339,0.561812678206677
6340,0.42392576896397743
6341,0.5510016395974959
6342,0.6735606095541404
6343,0.36526208988310294
6344,0.5054244238132869
6345,0.4487118946776843
6346,0.41453007382499046
6347,0.5329510298081582
6348,0.5314965137137093
6349,0.7310659735109757
6350,0.5163972412224708
6351,0.521528535735296
6352,0.4918554944761888
6353,0.5654925876945162
6354,0.4306400614946805
6355,0.5542764100260403
6356,0.46632063448989414
6357,0.613112582742654
6358,0.5334227360965693
6359,0.4177605832760546
6360,0.5195949175531388
6361,0.6719841565468219
6362,0.3644464121282889
6363,0.5552169978259434
6364,0.6663161300616371
6365,0.6640249723815874
6366,0.7040077859273355
6367,0.658975509626198
6368,0.6126669724618983
6369,0.47267467629890747
6370,0.5493373965163713
6371,0.5602507281427688
6372,0.42923192616990036
6373,0.44728831748365316
6374,0.40449381401420087
6375,0.5025749682297026
6376,0.38840843598246527
6377,0.5140135725194679
6378,0.36997852895076216
6379,0.548461791983737
6380,0.5392986289379698
6381,0.5224432886857595
6382,0.6199674915331691
6383,0.5289313288032166
6384,0.5063380713378366
6385,0.42906434969226254
6386,0.6180739175975831
6387,0.4676612512215158
6388,0.4767163002696458
6389,0.5251084019213458
6390,0.44541826159658554
6391,0.5646673502553734
6392,0.546193307240328
6393,0.44733449072522286
6394,0.5056506076359232
6395,0.44762257069811356
6396,0.5415978505916632
6397,0.6844106548715472
6398,0.486321608735569
6399,0.529529646312587
6400,0.44270358381415115
6401,0.2968085292328967
6402,0.4397763307695045
6403,0.41330998883929226
6404,0.5546080561896368
6405,0.4593706478022076
6406,0.4838610406133591
6407,0.5489163843547133
6408,0.4521561128911855
6409,0.5424458296396942
6410,0.43586512078446216
6411,0.3694841419769386
6412,0.5976285654824035
6413,0.4977606020431463
6414,0.6184704393664175
6415,0.6871328995897235
6416,0.5616190315651579
6417,0.6269474543456094
6418,0.5664004789709863
6419,0.47741620554710923
6420,0.36397687436367077
6421,0.42792594029830944
6422,0.5365714435938401
6423,0.41844043491708327
6424,0.6046672727256447
6425,0.5760778867825633
6426,0.5151908115677685
6427,0.4106915891014153
6428,0.5595674064144109
6429,0.4048450196367215
6430,0.6944699310941681
6431,0.5584441389169716
6432,0.4613965694922438
6433,0.6229417642739115
6434,0.5239430592545467
6435,0.3968080265114426
6436,0.5083893235888128
6437,0.5270209858879648
6438,0.36201608712027317
6439,0.5299407715743998
6440,0.408905095977274
6441,0.35875670516727226
6442,0.44987271810405116
6443,0.4492723747336357
6444,0.4190396678371765
6445,0.6112295308200513
6446,0.47687950866060336
6447,0.5396078208743886
6448,0.5958602814780973
6449,0.388943440365213
6450,0.4545700442980226
6451,0.638297370084015
6452,0.49677594763712424
6453,0.5878171084872277
6454,0.7819052887562906
6455,0.38282188018529717
6456,0.4646247596078269
6457,0.6029191568562564
6458,0.448754214183774
6459,0.5106573238902253
6460,0.45992208907938764
6461,0.43160213872284003
6462,0.45361898453243754
6463,0.5979161629704248
6464,0.5393526254784812
6465,0.5690868383262031
6466,0.46946564069691443
6467,0.466120890884123
6468,0.5050238973497503
6469,0.5185680348030444
6470,0.6255183995087122
6471,0.6053521924129713
6472,0.48596049686985754
6473,0.6459888522001402
6474,0.6077931817546207
6475,0.4022276102781814
6476,0.4847227407339654
6477,0.8665051456797723
6478,0.6463906481666872
6479,0.570743471610287
6480,0.5821495876714502
6481,0.4297793525266468
6482,0.4418332597297449
6483,0.4331119053768443
6484,0.5989729124616383
6485,0.49395717658246047
6486,0.4790915049231241
6487,0.49425635940114016
6488,0.3352495018309447
6489,0.6339499224124259
6490,0.37321963075001074
6491,0.4564637946407231
6492,0.42480900238122604
6493,0.40762507210307347
6494,0.46692907812436313
6495,0.5368348601003524
6496,0.3781744964701458
6497,0.46924356716735477
6498,0.34221360341191415
6499,0.4332394070868425
6500,0.5200641011302789
6501,0.5464798786530584
6502,0.3683778294016147
6503,0.6397065827786586
6504,0.45929652119551534
6505,0.4163086687760201
6506,0.489436463695634
6507,0.62945699732951
6508,0.43870576779848935
6509,0.409481272182763
6510,0.5186538815698294
6511,0.5009477003979557
6512,0.4853409502917822
6513,0.4866314173177586
6514,0.5093542593335898
6515,0.4978432329084532
6516,0.7248592695635201
6517,0.428672171767974
6518,0.5934114544668728
6519,0.4498576832794422
6520,0.35164403586541426
6521,0.4983121496467799
6522,0.39624685965453577
6523,0.551228204602806
6524,0.395451516226353
6525,0.7286987864686421
6526,0.6528960302422617
6527,0.6325973730984504
6528,0.5782552791852912
6529,0.5691457519999347
6530,0.45882079196559133
6531,0.6069850237625378
6532,0.4963049793280626
6533,0.5530121030308204
6534,0.509968531964915
6535,0.44310447868978065
6536,0.4494576565247881
6537,0.4852002549557621
6538,0.47440291498163656
6539,0.523508455173006
6540,0.4834370189637278
6541,0.6064492918241834
6542,0.5689322267629392
6543,0.5494829367856291
6544,0.6692135404584214
6545,0.5568800479275511
6546,0.7752763389913694
6547,0.5432815831969986
6548,0.3235237800436779
6549,0.5498956751037537
6550,0.4175227637168538
6551,0.49161187151115715
6552,0.38455515702734433
6553,0.5957729722884509
6554,0.35998611392708235
6555,0.5779853957731678
6556,0.44273009546933817
6557,0.4621377224185923
6558,0.5742102726740914
6559,0.5223294811029462
6560,0.6772752572433443
6561,0.38526050347509877
6562,0.4869103666768259
6563,0.6010111721311739
6564,0.4679980814277327
6565,0.4043286158746313
6566,0.5769474696091
6567,0.43451302982030326
6568,0.5503003050133844
6569,0.5478393915370678
6570,0.5188040069823296
6571,0.7888772978151712
6572,0.6593200075576087
6573,0.5661060144950236
6574,0.4989874750646964
6575,0.546800135968025
6576,0.5743847567578899
6577,0.5278302606796604
6578,0.48874676133768785
6579,0.540929147602291
6580,0.4704487342158252
6581,0.41323284240790253
6582,0.648666711554911
6583,0.42071965271900474
6584,0.5420292641470842
6585,0.49429122550410903
6586,0.4817322687502248
6587,0.3696845535947175
6588,0.6765268289471289
6589,0.6208630533054296
6590,0.540496171324211
6591,0.46205515169980516
6592,0.346730839924695
6593,0.5542316601523186
6594,0.46210827162845114
6595,0.43548036188589934
6596,0.5031516935787255
6597,0.52948141564457
6598,0.3324245937946765
6599,0.42613361858001
6600,0.5693279519017713
6601,0.5409636896814867
6602,0.645856257099339
6603,0.43999981601582083
6604,0.5561405407384951
6605,0.4327504278079316
6606,0.4787520868923905
6607,0.48006967397694345
6608,0.4183738800098958
6609,0.5442743010400605
6610,0.3866440162368429
6611,0.4831130062396721
6612,0.3823277820609989
6613,0.4376210684840696
6614,0.5353583405651076
6615,0.5459813802213701
6616,0.4333086387326786
6617,0.4403333812239195
6618,0.38746815328456413
6619,0.42047296021406366
6620,0.532668092034523
6621,0.5386046714507245
6622,0.40685303323545763
6623,0.6228002349019929
6624,0.4058404083761672
6625,0.5242777066723803
6626,0.5225380712940719
6627,0.6003615100122627
6628,0.4188266511533291
6629,0.388501740876786
6630,0.5289869455806057
6631,0.583325537036932
6632,0.46435688615899673
6633,0.542736993581726
6634,0.6733138085953448
6635,0.7150583803634927
6636,0.5361812633163758
6637,0.398929350744722
6638,0.48320648176006303
6639,0.5381847390495762
6640,0.45887434874280575
6641,0.6461147704071409
6642,0.5285063128953656
6643,0.6418952502628869
6644,0.41182844897722526
6645,0.5316736102867914
6646,0.42661545112494575
6647,0.5675903735251719
6648,0.5524654948616311
6649,0.45048242980577824
6650,0.442718307267959
6651,0.6143462942108178
6652,0.6075989952796198
6653,0.49375376132198817
6654,0.45298355347032604
6655,0.5304787317128322
6656,0.534535259907876
6657,0.4341267653231872
6658,0.34658457100373524
6659,0.7420524133658882
6660,0.5817828284682549
6661,0.3558823710245611
6662,0.5310606724977509
6663,0.607048366901351
6664,0.5461423346065595
6665,0.5123158627866421
6666,0.5023332166364977
6667,0.3709381051190218
6668,0.5330066841787676
6669,0.3768729140448318
6670,0.5954526340723798
6671,0.4735352759578249
6672,0.6057999833461711
6673,0.5132592063328523
6674,0.43360821624008994
6675,0.46747085307958625
6676,0.5883998235166075
6677,0.4393058945260598
6678,0.5267251280916706
6679,0.40447997770486743
6680,0.46048664879568757
6681,0.5158573874701337
6682,0.535891057593954
6683,0.4480260264766368
6684,0.5413108581259101
6685,0.48822488613164
6686,0.5087841810788758
6687,0.43634101716432744
6688,0.5622838445147283
6689,0.4784488482809779
6690,0.40385266692025584
6691,0.5249418218995414
6692,0.5721887465105805
6693,0.7392881763125131
6694,0.47704171963083797
6695,0.4058315384622448
6696,0.5091493899191845
6697,0.4497597409939983
6698,0.6015068758619744
6699,0.6058255829236205
6700,0.5853410708952671
6701,0.5792733616144519
6702,0.49271256093761384
6703,0.4650112492621935
6704,0.4881489366437505
6705,0.5092414456213892
6706,0.488831046475009
6707,0.5004215713505964
6708,0.5093921268980236
6709,0.71144100174935
6710,0.7585670411074993
6711,0.7572515234417148
6712,0.5512557733569061
6713,0.4859475880580781
6714,0.4946733692627764
6715,0.6463729979539706
6716,0.36181955001311716
6717,0.6095890407479413
6718,0.413886156635648
6719,0.6859350710050609
6720,0.4789330124771729
6721,0.6172702287999531
6722,0.8097179154503396
6723,0.4956935702881456
6724,0.48520207042062635
6725,0.5307215806795947
6726,0.4209853585194674
6727,0.43530203153863256
6728,0.41697783204998584
6729,0.4107069321147324
6730,0.5036812754388704
6731,0.4842907017994937
6732,0.3755039906587102
6733,0.4673439256330533
6734,0.6174658783227771
6735,0.38085557248603835
6736,0.7362107822940074
6737,0.42746482103966466
6738,0.4255445971827688
6739,0.6574022192999572
6740,0.48852542700808
6741,0.48111519876219844
6742,0.4930213392303197
6743,0.44650326071816604
6744,0.4441358701646493
6745,0.7949368347214203
6746,0.4386468001333711
6747,0.6276237453160157
6748,0.3986565746932229
6749,0.44216043584613507
6750,0.5763600532598537
6751,0.4709787146002831
6752,0.503979674453069
6753,0.3738161974363703
6754,0.4976650205586328
6755,0.638656623983857
6756,0.4610864619280565
6757,0.6643288123357337
6758,0.27081290630351507
6759,0.47731757122580803
6760,0.3346222352391584
6761,0.5169412451950184
6762,0.6478573945276147
6763,0.35194277243506744
6764,0.5690940594722096
6765,0.5553375561074256
6766,0.5510299492912178
6767,0.5020032674546774
6768,0.3293516647301966
6769,0.39234077118977734
6770,0.48184878791460894
6771,0.6847660342419641
6772,0.48650617739898006
6773,0.4475527456834625
6774,0.7290015768512672
6775,0.5887859706766949
6776,0.3617600025403514
6777,0.5046337985306151
6778,0.526791038421654
6779,0.43234219103296684
6780,0.655735780480028
6781,0.4115033132091254
6782,0.421502110149394
6783,0.5310306308426261
6784,0.556965740410423
6785,0.5562162682740939
6786,0.583029367678938
6787,0.8811267865422068
6788,0.4784886012584373
6789,0.44671517167943453
6790,0.4512339719741625
6791,0.6467490962353188
6792,0.6085416610968989
6793,0.558746023141462
6794,0.7008361904261112
6795,0.41517673277805595
6796,0.6664505163385798
6797,0.5430110514919045
6798,0.3425809995904223
6799,0.6330085400749161
6800,0.30005606615625763
6801,0.6149971883509793
6802,0.3834858543668771
6803,0.48906945996943063
6804,0.5957255145311741
6805,0.5339861035035028
6806,0.6227546031053466
6807,0.5777296180073321
6808,0.5053797361069577
6809,0.579144491669345
6810,0.36859611957893135
6811,0.5323205547333187
6812,0.43023536943224927
6813,0.4036228024527673
6814,0.3762293794874444
6815,0.4407771268675295
6816,0.30601916487131126
6817,0.5017016886890665
6818,0.5337208678769586
6819,0.3045249549402204
6820,0.5576347966168278
6821,0.5376345195779866
6822,0.3845483592178939
6823,0.4598239025743714
6824,0.5852116350459687
6825,0.4412668061804204
6826,0.4984035560352881
6827,0.5958941213310154
6828,0.4132535958035671
6829,0.6645982445403397
6830,0.5007511156680021
6831,0.5368312894663647
6832,0.6827204505535406
6833,0.682163585569829
6834,0.3061931079038974
6835,0.4967361515261864
6836,0.6418119533029875
6837,0.3918460558365596
6838,0.49784327812045076
6839,0.6337160532934598
6840,0.5619985302481693
6841,0.4969596201010962
6842,0.5919479557091938
6843,0.5589615966376009
6844,0.38666142616942517
6845,0.4838994183463856
6846,0.5187694871080987
6847,0.46055087196902095
6848,0.7306217033342516
6849,0.4485166364352787
6850,0.7620849929513285
6851,0.45261381476627927
6852,0.5342821003211049
6853,0.39324212851793966
6854,0.7036853236380809
6855,0.4982697988037592
6856,0.3370511422946881
6857,0.49744126099040353
6858,0.5762139813085392
6859,0.4211859799771035
6860,0.5969696989006016
6861,0.2945748180135275
6862,0.47105405769356
6863,0.5062812160683475
6864,0.5998295422737328
6865,0.8231518942878759
6866,0.49280267630333
6867,0.5015128876862596
6868,0.7564523540875813
6869,0.5903502693754694
6870,0.5349275013502363
6871,0.38405943725516656
6872,0.6147083998798586
6873,0.5100364057344776
6874,0.6221853463867735
6875,0.46931625195692733
6876,0.5035407450072128
6877,0.45037432093531893
6878,0.4843581601523081
6879,0.6259206216007818
6880,0.6972209657588232
6881,0.4935142491103069
6882,0.5132949164744632
6883,0.49122519217190336
6884,0.8520314459841993
6885,0.5025573993847776
6886,0.6491737346539688
6887,0.5762136296156593
6888,0.7118828640491792
6889,0.5371176973603943
6890,0.4431342333559791
6891,0.5970036143524885
6892,0.583542493412748
6893,0.5098882480401628
6894,0.5872845436125411
6895,0.6271147303591114
6896,0.5639145360121538
6897,0.47673460033111154
6898,0.6156154886203914
6899,0.5476228506155417
6900,0.4463278772840557
6901,0.431904497716316
6902,0.4721680274626175
6903,0.44895563923385734
6904,0.48967267055530367
6905,0.49846653714154926
6906,0.5121007961378677
6907,0.4908070807183105
6908,0.5253680363888013
6909,0.43997210841970474
6910,0.5124351272671671
6911,0.38723215167676817
6912,0.44343104326608546
6913,0.42735150126910326
6914,0.4671663128957787
6915,0.3851418136062976
6916,0.35888479487732006
6917,0.6336712025836202
6918,0.4880001095900129
6919,0.7591102230888258
6920,0.44934989801701675
6921,0.7053435903156166
6922,0.5862827476006991
6923,0.501400023053062
6924,0.4083159948164856
6925,0.7032712204182846
6926,0.5365202736599941
6927,0.6493303716125833
6928,0.5275690670487603
6929,0.5875004188048185
6930,0.5360977930155555
6931,0.583312007782373
6932,0.5999153133839625
6933,0.5138486950515777
6934,0.5980055196218788
6935,0.8439443657056019
6936,0.5197518818073458
6937,0.38600166997211127
6938,0.38494075502762304
6939,0.38663477957274883
6940,0.4238910311095475
6941,0.4894009301503058
6942,0.5701861164270705
6943,0.4704466501155759
6944,0.5955577922639765
6945,0.5136063753415626
6946,0.6464289846597787
6947,0.6562965001543689
6948,0.6634620431734968
6949,0.548131053142782
6950,0.5161011427472313
6951,0.563783421041713
6952,0.508569657966513
6953,0.6453196258440927
6954,0.5899525019302343
6955,0.47862316874445027
6956,0.6007782194034476
6957,0.44046627681555506
6958,0.41282139122678474
6959,0.382601558945347
6960,0.522093323327191
6961,0.4997996276649581
6962,0.4632452193353783
6963,0.6038251004591413
6964,0.4508847795775008
6965,0.4300140842307346
6966,0.46994864537409836
6967,0.40532523844639073
6968,0.33586978130362855
6969,0.3632130445281434
6970,0.5122012645433491
6971,0.6835691118073723
6972,0.5513496437298819
6973,0.48867224038380175
6974,0.3965348737885742
6975,0.5990195168185368
6976,0.5285441386391827
6977,0.5756101206783345
6978,0.6562302632879236
6979,0.4462305148199672
6980,0.5420492846859032
6981,0.49712997567013484
6982,0.9081821864863117
6983,0.3483765279433097
6984,0.4184886369068472
6985,0.4174127763535732
6986,0.49136004598082533
6987,0.5751896367934377
6988,0.46896676236895285
6989,0.5835621476994031
6990,0.49238795316998507
6991,0.3825726956139766
6992,0.7694593594778719
6993,0.6689707947253429
6994,0.6165719333047777
6995,0.4231002651543111
6996,0.4206643568256948
6997,0.511517877144149
6998,0.42509382421045583
6999,0.4449622579817134
7000,0.5037578934970617
7001,0.5781852407915629
7002,0.5653805770394988
7003,0.511586174737916
7004,0.48226508307056515
7005,0.5847577640274402
7006,0.49349990709564334
7007,0.4523129042045564
7008,0.6027227379130186
7009,0.6015158980016679
7010,0.5560091951997349
7011,0.46569721299211975
7012,0.4776869392344556
7013,0.4683568880055484
7014,0.4313948026581281
7015,0.37700366292659615
7016,0.6141742446516419
7017,0.537479708294865
7018,0.5992601184619791
7019,0.6344775996273267
7020,0.4013122645630668
7021,0.6307916579961058
7022,0.5507861029671174
7023,0.3016598686845313
7024,0.47617782886295035
7025,0.48780410188068696
7026,0.5533587817674439
7027,0.29953999847285856
7028,0.5827442956547089
7029,0.5648466851344737
7030,0.30064038337587884
7031,0.580370531674348
7032,0.5648444819942906
7033,0.46167096703578914
7034,0.436505340305377
7035,0.40765886124478035
7036,0.25086255780646854
7037,0.46856440188097886
7038,0.5515981980908425
7039,0.3540458061982431
7040,0.46234188124594433
7041,0.5173448066457323
7042,0.478985795557786
7043,0.46282498682705603
7044,0.6405555901559593
7045,0.6336940591396808
7046,0.4441899750698347
7047,0.5344728247002813
7048,0.691862100459906
7049,0.5312451589426709
7050,0.7331066719423427
7051,0.453201563583342
7052,0.4956403774972872
7053,0.42097621652634976
7054,0.5941015711955976
7055,0.4619147397390153
7056,0.47728807001380064
7057,0.5761515952820636
7058,0.6032497143946189
7059,0.46799245349441365
7060,0.41641993027993734
7061,0.6893406082933451
7062,0.5545879791447377
7063,0.6292205641932185
7064,0.667903203284953
7065,0.3686237289211518
7066,0.48854776773364367
7067,0.6049098860768714
7068,0.4755510401450574
7069,0.454134936648804
7070,0.5959722837577177
7071,0.44674488679898594
7072,0.5433412997786529
7073,0.5738425419205411
7074,0.5930881467604356
7075,0.522938785604142
7076,0.40636971311219955
7077,0.5561083965494308
7078,0.4368558638688201
7079,0.6012105666873981
7080,0.5391261449607555
7081,0.6457402014077545
7082,0.5886855676548388
7083,0.426575137845623
7084,0.4805040798580943
7085,0.46955910642915066
7086,0.5441749311262127
7087,0.4240800000010565
7088,0.6909527346137706
7089,0.5180981803016671
7090,0.5604499899615063
7091,0.32682787553670156
7092,0.5681631133261338
7093,0.6330441568295853
7094,0.43124699191644933
7095,0.6373871328665376
7096,0.47336959048451727
7097,0.616642802413198
7098,0.5513296924257388
7099,0.5101374303221475
7100,0.6009923681455527
7101,0.6251626219376794
7102,0.4957014313309194
7103,0.531383184049854
7104,0.5271261326909708
7105,0.4206520173872719
7106,0.2859778658995185
7107,0.44349631522606714
7108,0.5789553193481778
7109,0.4789832762039781
7110,0.5184005729005086
7111,0.535488197703532
7112,0.6196245226812254
7113,0.3960395286734513
7114,0.4100950337248106
7115,0.42221162177284705
7116,0.6187185972044146
7117,0.5318320372167236
7118,0.47711086605575714
7119,0.44971942961913275
7120,0.7404766145160558
7121,0.34251684151912754
7122,0.5348087829341646
7123,0.45270138329140175
7124,0.5592631635426711
7125,0.6035842551290193
7126,0.5195521623684107
7127,0.4960196829640825
7128,0.6829239521784926
7129,0.4511515397623313
7130,0.7181690116768062
7131,0.4164884628392404
7132,0.33938147322556633
7133,0.6161253680610691
7134,0.46313064612066235
7135,0.5300005006988117
7136,0.46256971372895656
7137,0.5099363523394436
7138,0.5947337220305108
7139,0.43257892256979985
7140,0.5881206975192297
7141,0.37596529989651806
7142,0.4550667573164283
7143,0.7071024547925976
7144,0.3961913705473833
7145,0.37538023116697405
7146,0.4889959587878724
7147,0.36763140115852627
7148,0.5148105540861801
7149,0.5452942384383335
7150,0.4049368979473175
7151,0.6722017419892639
7152,0.6144053047293827
7153,0.5482356371575264
7154,0.38165763580644757
7155,0.5669145098975665
7156,0.46269347047005005
7157,0.4005641108108936
7158,0.4581773530340824
7159,0.7514375704094445
7160,0.478169894484628
7161,0.3777027442617964
7162,0.5962240366647351
7163,0.5343253633393681
7164,0.4657326267954729
7165,0.603471482154632
7166,0.6591968362680908
7167,0.39179066199212875
7168,0.43148874934426695
7169,0.5553858543986033
7170,0.4931584131367187
7171,0.41037521513512576
7172,0.3920090128455539
7173,0.5297407321530381
7174,0.5866834795338858
7175,0.49789782210566635
7176,0.38981670108950595
7177,0.5888135394776404
7178,0.4975523921681452
7179,0.6541622154958704
7180,0.3566644149314568
7181,0.4477931130712179
7182,0.3910842547745948
7183,0.5145302043719429
7184,0.6189674512727564
7185,0.44622683748232994
7186,0.44727564623850086
7187,0.5135809988358899
7188,0.5341542001592903
7189,0.4339056253258253
7190,0.5298097664392869
7191,0.4471585142117744
7192,0.59461724849415
7193,0.6316818357265428
7194,0.6017379008037377
7195,0.5031756169992626
7196,0.5472382716929173
7197,0.4933255015935197
7198,0.4518756847018979
7199,0.3527446192866606
7200,0.474219636324288
7201,0.44348544037524495
7202,0.4591538407119471
7203,0.5126422403855981
7204,0.5143485864381218
7205,0.3920459313726726
7206,0.5468016598488721
7207,0.5869694449791534
7208,0.35144165313652176
7209,0.44142673202878935
7210,0.5477174470464197
7211,0.5848193017404253
7212,0.4550061694750265
7213,0.4490657644269606
7214,0.48138618511827946
7215,0.41662744077675634
7216,0.539467402872132
7217,0.3685391925516174
7218,0.4143815519038337
7219,0.41826210131251274
7220,0.606403543660109
7221,0.4293190518251188
7222,0.5336203404914642
7223,0.5244609565509677
7224,0.40141300708008054
7225,0.5211078702864996
7226,0.5614849602374017
7227,0.5038086500966295
7228,0.4857011775285158
7229,0.6099280201443068
7230,0.5048970103799073
7231,0.2499977183405664
7232,0.5338116891739064
7233,0.6387220551730106
7234,0.44601605903853014
7235,0.3710633844471157
7236,0.5834751962291961
7237,0.5158494339212265
7238,0.4578146711537436
7239,0.44425479955409614
7240,0.44769713961234636
7241,0.6843894115572009
7242,0.5627142455613393
7243,0.4134511920586462
7244,0.5631855493426036
7245,0.4620794897827283
7246,0.6334656141556136
7247,0.493151661477722
7248,0.42386640260268443
7249,0.5868800851192417
7250,0.5790874927905828
7251,0.47646798043221866
7252,0.5106474017485753
7253,0.606690924266772
7254,0.49993933738998714
7255,0.5676074287226338
7256,0.5490703216067476
7257,0.47640901430652055
7258,0.4896955380518347
7259,0.427567989325379
7260,0.41962628128015816
7261,0.5035806563832236
7262,0.5543459502108185
7263,0.42008678634516783
7264,0.51251264073793
7265,0.5088796777813448
7266,0.40692619528191254
7267,0.5214507498574388
7268,0.5474775345233485
7269,0.5557359260179325
7270,0.4600455941268328
7271,0.4810036142330744
7272,0.4693717418425928
7273,0.5863707731383561
7274,0.5208949800189693
7275,0.5957471748315647
7276,0.5477895107714207
7277,0.6023652693943597
7278,0.5966508356551686
7279,0.47865758092102373
7280,0.41762742334958186
7281,0.45477667545505734
7282,0.44552943984616145
7283,0.4894064026802589
7284,0.6559819103633882
7285,0.6297377593497274
7286,0.38325387336412753
7287,0.5110293104894794
7288,0.52508267920387
7289,0.4520489313314025
7290,0.4713339578021138
7291,0.620916054530901
7292,0.4894717241865415
7293,0.578114077679598
7294,0.5070045700668435
7295,0.6568645475559596
7296,0.5063705396568977
7297,0.6037518033748449
7298,0.4618407797254114
7299,0.4881248797014819
7300,0.43731370287206317
7301,0.4824319340254547
7302,0.5579926900517863
7303,0.4931961389594724
7304,0.49852626708956704
7305,0.5219724240190762
7306,0.5504677635276007
7307,0.5925352514936846
7308,0.5321622783859257
7309,0.7971065181987457
7310,0.8702454005509961
7311,0.4790161558750774
7312,0.5348413437472287
7313,0.48416959415784133
7314,0.4464160505952444
7315,0.6716078382078001
7316,0.5251393844677549
7317,0.5096360825185053
7318,0.41491741462130527
7319,0.45690572624449305
7320,0.29587508260781914
7321,0.5149418354572607
7322,0.5901075993409152
7323,0.5836252415567956
7324,0.49983391942491895
7325,0.3635367829485849
7326,0.5979858593015491
7327,0.39367151868708705
7328,0.3990259506433389
7329,0.32753641187068083
7330,0.3585254667718641
7331,0.5891103867108249
7332,0.6040344859527558
7333,0.5873131676787272
7334,0.7716620054166757
7335,0.5208719092962582
7336,0.47966276586600154
7337,0.7277034718205251
7338,0.397064272120745
7339,0.35012867929215313
7340,0.4660823426876557
7341,0.5393777418678327
7342,0.5213726288913156
7343,0.367548053587455
7344,0.4197173685223221
7345,0.4104539212051581
7346,0.3769555644422232
7347,0.6889318683889931
7348,0.5332800452017624
7349,0.7416832026063569
7350,0.4669659664953445
7351,0.6329854376591043
7352,0.5068230101530115
7353,0.4791873348334489
7354,0.48244577411476003
7355,0.6057031471236337
7356,0.5916384395133902
7357,0.35329899897065375
7358,0.6433133738891732
7359,0.5311886463580976
7360,0.4205634398249814
7361,0.5233244563284393
7362,0.6423168108836486
7363,0.4436589774807879
7364,0.4633805924139564
7365,0.5081953594304844
7366,0.3524179440304458
7367,0.5028186553575905
7368,0.4604084923663678
7369,0.45392423892770867
7370,0.5995656505604653
7371,0.5195840182676562
7372,0.5477310001468778
7373,0.4399558504361168
7374,0.7322745874278032
7375,0.36014278853860404
7376,0.5049652463059083
7377,0.38150323343721404
7378,0.4654258909792781
7379,0.5830306755836252
7380,0.4496586764276967
7381,0.5713557769182873
7382,0.5266152086769377
7383,0.4620210230026601
7384,0.5695197789920147
7385,0.7485471913183153
7386,0.4862557858931859
7387,0.5320428203723296
7388,0.5770020754437433
7389,0.48249822244094537
7390,0.5826519991021124
7391,0.6350772557783236
7392,0.47300426463137357
7393,0.596597355654727
7394,0.47166485180509765
7395,0.7093845980131503
7396,0.6517371973655031
7397,0.5909770073296705
7398,0.48872006201773444
7399,0.5464886677086576
7400,0.5317026287902848
7401,0.4538079554319998
7402,0.5089420727263058
7403,0.5767237435403257
7404,0.3857288882825682
7405,0.4980312290070841
7406,0.5573438963065416
7407,0.5593376961884048
7408,0.5649883732729116
7409,0.6847275042823936
7410,0.3856320706022491
7411,0.4824750674650564
7412,0.3858288137533693
7413,0.472712332885266
7414,0.5809271012308971
7415,0.5143691389092587
7416,0.42687999546626004
7417,0.5927306433799456
7418,0.5905800165602791
7419,0.5356743870910009
7420,0.4388379951167983
7421,0.35340759507381014
7422,0.5116552262452988
7423,0.45159645089628303
7424,0.540003895297327
7425,0.45180263158901934
7426,0.46138071085898336
7427,0.5048703909243765
7428,0.5878193363801199
7429,0.45720478273978976
7430,0.554782778736434
7431,0.4676207636911939
7432,0.6219588879604984
7433,0.48547532114960346
7434,0.48164566627618965
7435,0.36192975054200927
7436,0.429952620801773
7437,0.4487614566706759
7438,0.42185188942540125
7439,0.4230676204768752
7440,0.5237560146524377
7441,0.6605535190174792
7442,0.4132101639104634
7443,0.6590915343231862
7444,0.612503788763048
7445,0.49130161393701965
7446,0.521369397542517
7447,0.46987459205038706
7448,0.5886860180290056
7449,0.41773293792802746
7450,0.42038454628667354
7451,0.4261825218570833
7452,0.4328502666560236
7453,0.4802570229476592
7454,0.4335509251383774
7455,0.4944195119586345
7456,0.5640954876163221
7457,0.6995624362682691
7458,0.40328305179181373
7459,0.4464095066120132
7460,0.46311495715289724
7461,0.43262296044267207
7462,0.5837730856472376
7463,0.552375975138055
7464,0.5991235163318918
7465,0.5167431749496727
7466,0.5531382893116783
7467,0.6074592787235082
7468,0.3026879453791198
7469,0.4932887565238922
7470,0.5338267405162128
7471,0.5616988849817466
7472,0.3682043486881793
7473,0.5681656831858943
7474,0.3795807107742213
7475,0.4308234934091761
7476,0.5251742713222942
7477,0.6006921629774268
7478,0.6994659409948443
7479,0.47925685217988584
7480,0.6145825354926919
7481,0.4714554444077306
7482,0.48454814486877357
7483,0.6250284377757082
7484,0.49321999924540344
7485,0.6726686633887512
7486,0.3437920973630012
7487,0.5883200848672359
7488,0.6125140562127591
7489,0.610612144133662
7490,0.4227378316922226
7491,0.5042117579013929
7492,0.6806108665432957
7493,0.5046043120172544
7494,0.4389526259117915
7495,0.6987194167713392
7496,0.45051866751877623
7497,0.5244953604591595
7498,0.404829565670057
7499,0.4998262314196704
7500,0.6276694573546749
7501,0.6432294094261268
7502,0.5597462855553752
7503,0.5695614211584842
7504,0.534752080080053
7505,0.5277467041947
7506,0.49152640602197634
7507,0.5449647948730056
7508,0.32047468266762724
7509,0.543922927102476
7510,0.5182103686595583
7511,0.47564060286604654
7512,0.5680863841822206
7513,0.3879785960762107
7514,0.485767087532688
7515,0.567618595714954
7516,0.5746098981018865
7517,0.42307290011335197
7518,0.5023227012871251
7519,0.45967232200409597
7520,0.5572226886991587
7521,0.6737735110065712
7522,0.5323879197629164
7523,0.43711823438939784
7524,0.6474550291443039
7525,0.5119091222599115
7526,0.578782272256597
7527,0.475150487275769
7528,0.4599958642743114
7529,0.43664946414670663
7530,0.4222740647847145
7531,0.5681306706952313
7532,0.49538492902052134
7533,0.4428068682315017
7534,0.5048553381049641
7535,0.5337751424835471
7536,0.43421166657846266
7537,0.473859584855012
7538,0.39994523713209534
7539,0.49071254846809587
7540,0.42293277022073666
7541,0.5832814977211682
7542,0.40057623731983544
7543,0.613924405839033
7544,0.3932334616398182
7545,0.6097905189825872
7546,0.4667845326916548
7547,0.5301658393558123
7548,0.48303844965973153
7549,0.6646067079163887
7550,0.5847879077815058
7551,0.512822940606527
7552,0.5454288151355731
7553,0.5249277685252182
7554,0.3813570931638385
7555,0.5313486621501122
7556,0.6532324734709183
7557,0.32894376272594644
7558,0.5742302193317661
7559,0.524490157416426
7560,0.4547233438360537
7561,0.41698662302945727
7562,0.5296139536349214
7563,0.6878367122937012
7564,0.5930863963382949
7565,0.645051859444398
7566,0.4130341752441234
7567,0.455847257218072
7568,0.6366420728463924
7569,0.34921370641909877
7570,0.6273427339513251
7571,0.5195209543297432
7572,0.5407420513652933
7573,0.5583928853517248
7574,0.4503773475520746
7575,0.4431642417423985
7576,0.39575913960837256
7577,0.5240721095528179
7578,0.660981524165853
7579,0.5226892872719752
7580,0.4493269132071913
7581,0.49044323701528236
7582,0.4246004080891963
7583,0.5059231689289148
7584,0.5116882229118093
7585,0.524028893051911
7586,0.808330648243317
7587,0.47216553831012853
7588,0.6203963871954468
7589,0.5208943828778113
7590,0.5653456041494036
7591,0.4591946240425535
7592,0.5181571744750951
7593,0.5775325298314197
7594,0.5472277445252048
7595,0.4139301506518575
7596,0.5934139715709588
7597,0.4343029816398021
7598,0.6125389157595864
7599,0.5689252402508571
7600,0.5184683057910707
7601,0.31452325556442196
7602,0.6072451640116097
7603,0.4157407723651974
7604,0.438421951156306
7605,0.42511101357073533
7606,0.5624516300352902
7607,0.47423958872376976
7608,0.5403764478407537
7609,0.6051820546641343
7610,0.47745919281131627
7611,0.42606158161864127
7612,0.4962103546864343
7613,0.4577417218834751
7614,0.3564909160930805
7615,0.613956648317999
7616,0.49445039382350997
7617,0.4895348190416212
7618,0.3811735868688261
7619,0.5113095229804372
7620,0.4475628652758983
7621,0.49481976847660986
7622,0.31514610223907136
7623,0.37717831926050605
7624,0.44088185527625484
7625,0.5280148557786717
7626,0.4601110965685805
7627,0.4319877954270784
7628,0.6191183859064613
7629,0.4741460240193138
7630,0.43139785231155175
7631,0.3935904950711528
7632,0.41890941543672094
7633,0.39821838956027256
7634,0.7349068873450634
7635,0.5603591341589204
7636,0.6708215431025615
7637,0.640398571968379
7638,0.4604403479475721
7639,0.45782715819931646
7640,0.553898150434404
7641,0.5349594297710126
7642,0.5187092383596916
7643,0.6325142249046869
7644,0.5755170053388309
7645,0.6552123726193371
7646,0.6618670894470785
7647,0.44475571030840577
7648,0.5913261819473097
7649,0.4600700153371433
7650,0.6092910854877214
7651,0.45820444576965846
7652,0.369272846647539
7653,0.6113181084379512
7654,0.4338586535979894
7655,0.39943256475034106
7656,0.5153321586221232
7657,0.5411822227326828
7658,0.529282829887231
7659,0.23088610280669153
7660,0.4777758864550674
7661,0.5405648217291752
7662,0.5436349419546018
7663,0.6082811848202521
7664,0.5013688434032876
7665,0.4572185932699106
7666,0.4417250605530679
7667,0.5090409142761454
7668,0.5349050895497212
7669,0.5218710776198461
7670,0.5554617831146647
7671,0.3729555529420297
7672,0.4304886656126569
7673,0.5083730323025597
7674,0.4071252484788469
7675,0.5851126572428808
7676,0.3602795547414121
7677,0.565828883875886
7678,0.4306606499329234
7679,0.6277280908852758
7680,0.4694671076345659
7681,0.43619541800450556
7682,0.6710885709655303
7683,0.5099359120773928
7684,0.4784807761980307
7685,0.46545315664117837
7686,0.5514976824352433
7687,0.5157438274315375
7688,0.45636166748259155
7689,0.5091611419265496
7690,0.47689332269893264
7691,0.574919627362127
7692,0.5739018431158639
7693,0.4424533180601267
7694,0.4726712844284119
7695,0.473055149704992
7696,0.40600194789330013
7697,0.620596231374399
7698,0.40746743862678764
7699,0.4853727090722642
7700,0.5113855668862183
7701,0.41940901596673635
7702,0.5277126654805805
7703,0.44117329970932145
7704,0.5940961033240472
7705,0.4845234565532502
7706,0.5198278708043989
7707,0.5022383099829064
7708,0.609848770955858
7709,0.40595328645439155
7710,0.4670673614540898
7711,0.671193517671726
7712,0.46360608544782655
7713,0.4331893458396836
7714,0.6140851936713212
7715,0.5816019739225443
7716,0.43988703954341807
7717,0.4806645296131947
7718,0.5012945643446487
7719,0.6084514442796991
7720,0.5602645787955219
7721,0.4017433777492985
7722,0.6947432116990742
7723,0.4324567570478492
7724,0.5300226673064665
7725,0.45127322131620373
7726,0.3884758746598947
7727,0.39880826809144443
7728,0.41826509619624197
7729,0.5391195408638263
7730,0.42557802480122175
7731,0.4119841592946892
7732,0.6795683689453449
7733,0.580427247750363
7734,0.48852659405244153
7735,0.7462805993204304
7736,0.504327626070209
7737,0.4446222493765984
7738,0.5885549809443484
7739,0.6318036791617616
7740,0.5175847903311891
7741,0.6462996959648956
7742,0.7069755999026182
7743,0.5147098971746612
7744,0.5116021971363462
7745,0.513603165093581
7746,0.5162610871406926
7747,0.48488802010491794
7748,0.5732965480275602
7749,0.5106117750461144
7750,0.5410676641275223
7751,0.5580300161944853
7752,0.47089018070808125
7753,0.44315530176246
7754,0.3421365080123474
7755,0.3404426501241295
7756,0.5042724507728865
7757,0.4030794943319346
7758,0.564840428655328
7759,0.6876526606410198
7760,0.5398230623055899
7761,0.41622346441278035
7762,0.702816478222523
7763,0.7075182541186927
7764,0.4510460623519401
7765,0.4109438134781863
7766,0.49730847175487725
7767,0.5993377539456765
7768,0.5178324701769055
7769,0.5883254713272998
7770,0.8045619613247097
7771,0.4324912816752211
7772,0.48768813991976534
7773,0.33645255244707306
7774,0.44392880476895774
7775,0.4739922211258785
7776,0.42858014109142756
7777,0.5858921346325577
7778,0.5376053627367637
7779,0.55036874109552
7780,0.5289806328237882
7781,0.4607905192410174
7782,0.556181790710216
7783,0.4487685692421878
7784,0.6319677022891524
7785,0.32049380015807316
7786,0.6087922290508967
7787,0.46462786974242876
7788,0.4448684259588719
7789,0.3482410229929687
7790,0.402182264219016
7791,0.49739890608877463
7792,0.48447690443077623
7793,0.4344252310554028
7794,0.5362629491251758
7795,0.5269805724448438
7796,0.43433887401319504
7797,0.5448969087551463
7798,0.3421238753970408
7799,0.4492477666134877
7800,0.5095400645404229
7801,0.695243365271445
7802,0.37632219916819853
7803,0.5651444212712033
7804,0.639109933848522
7805,0.3451333435438483
7806,0.7222965795222414
7807,0.41020773112356534
7808,0.5459100819696685
7809,0.3948695545228934
7810,0.4167453580113947
7811,0.5503170936177177
7812,0.4783058559161169
7813,0.5193267320913015
7814,0.4709762943339069
7815,0.38319541624325415
7816,0.4791637731088441
7817,0.6752603591410442
7818,0.568088419842424
7819,0.5761750115606589
7820,0.5121733152956361
7821,0.5261966584440279
7822,0.8235425486994766
7823,0.5272885969872164
7824,0.5702305666202093
7825,0.45846185749918256
7826,0.41466759178130175
7827,0.397511528083332
7828,0.42078397324437555
7829,0.5528952316918541
7830,0.3396418859490491
7831,0.5045574553830847
7832,0.5135267318073357
7833,0.33156699777978216
7834,0.5198642331329024
7835,0.4729122690703445
7836,0.4160955209112626
7837,0.6235294714553606
7838,0.6231683692272868
7839,0.5704433635686609
7840,0.5199659881740212
7841,0.4177434215184739
7842,0.43786196020405344
7843,0.5077922522874097
7844,0.4553051912606758
7845,0.5471370319856195
7846,0.42429254335693506
7847,0.4905270116376751
7848,0.599593927282363
7849,0.39341121960649655
7850,0.5640351389896392
7851,0.3753838143802686
7852,0.32518869870101796
7853,0.4441500558635654
7854,0.6838324343202281
7855,0.6316265053612479
7856,0.5610318779106227
7857,0.5200126149077248
7858,0.5680182941331845
7859,0.5514231392496688
7860,0.37756857542503475
7861,0.614237804121516
7862,0.5898188758865344
7863,0.506343229882704
7864,0.6872029262753341
7865,0.4890883859467213
7866,0.5634444556831127
7867,0.4181426471899238
7868,0.7141825260376187
7869,0.6100715751347743
7870,0.6117918192130909
7871,0.37495964560095557
7872,0.42976417408060685
7873,0.39545699738061824
7874,0.5187015743894524
7875,0.383388903689489
7876,0.5236560697101791
7877,0.45940481722716997
7878,0.5497597951623486
7879,0.406765795538957
7880,0.4873034828143072
7881,0.483158547083789
7882,0.7314819824800827
7883,0.4237376087015515
7884,0.4451805701288548
7885,0.6042310104622344
7886,0.5250416329914124
7887,0.48870270948351213
7888,0.592266805048483
7889,0.5458030766160211
7890,0.5151459980041757
7891,0.36852200416913905
7892,0.6344960586540732
7893,0.5265448364261814
7894,0.6880045287180696
7895,0.3897467425507517
7896,0.39962238133808503
7897,0.4985233215484454
7898,0.4600044465594426
7899,0.2906567316145008
7900,0.5316023694880956
7901,0.5973887514518552
7902,0.4695122180308683
7903,0.6097480556312335
7904,0.5504956110862942
7905,0.47667554851356614
7906,0.43222171633021506
7907,0.7169810115039505
7908,0.462351996306623
7909,0.651417965861939
7910,0.46789675282222876
7911,0.43126604409180463
7912,0.6613095898236587
7913,0.4271372157885108
7914,0.4605795129857625
7915,0.659923334536453
7916,0.6218649327854628
7917,0.4776670599085349
7918,0.39387552938596865
7919,0.5524039482653349
7920,0.7437143985565718
7921,0.4106242964226665
7922,0.4547519763973305
7923,0.5747579144873649
7924,0.4088558194428585
7925,0.46874357972821523
7926,0.48934421562145813
7927,0.49143819087016305
7928,0.38044720113456565
7929,0.4814115782422496
7930,0.6182159124155908
7931,0.4880300224519132
7932,0.698283010448796
7933,0.5276145467465887
7934,0.401063401442366
7935,0.5759265929363407
7936,0.41737231841793754
7937,0.5458619618593188
7938,0.5523227345538081
7939,0.49212034012592293
7940,0.41169898172896985
7941,0.43486697648903977
7942,0.49461667092475275
7943,0.5403318838641957
7944,0.697800261503442
7945,0.38509298117561613
7946,0.5653057570120614
7947,0.5165412916283709
7948,0.4927777064880428
7949,0.640340271599089
7950,0.40841121522664775
7951,0.5853321318492964
7952,0.39934211328415814
7953,0.39510276214553885
7954,0.3871241851275312
7955,0.4923065980670002
7956,0.46285178261121335
7957,0.5794463253880006
7958,0.6056253259325994
7959,0.487318533126859
7960,0.3940555583880393
7961,0.6127382212787025
7962,0.5984891705379921
7963,0.4463929470135946
7964,0.37360271664333444
7965,0.5417571535867604
7966,0.5119536598705866
7967,0.4719327362287255
7968,0.6332713219093449
7969,0.4906459873606491
7970,0.46936031662552546
7971,0.47823462169543984
7972,0.531800834370506
7973,0.5147996850176926
7974,0.5304464718774253
7975,0.5836510892692991
7976,0.3887175483904655
7977,0.5375633183393861
7978,0.5169949984796406
7979,0.513430009835387
7980,0.3482408132888161
7981,0.4590807898005735
7982,0.5125311441470984
7983,0.5412465207805673
7984,0.59219607358078
7985,0.4580306033309123
7986,0.6311241059906585
7987,0.6365857433916247
7988,0.43647383728536004
7989,0.646443108964498
7990,0.7398282358308774
7991,0.42823064227786667
7992,0.45164605930726126
7993,0.3394271975026555
7994,0.5941037508546664
7995,0.4319427851495628
7996,0.5842036348084594
7997,0.5111004929080866
7998,0.4596276159539459
7999,0.4174764341297268
8000,0.3984605809609436
8001,0.4397639720246441
8002,0.460848961036926
8003,0.5144743799263609
8004,0.4603764344047755
8005,0.44956581834395887
8006,0.6863903723073224
8007,0.44466711919648283
8008,0.5222839496290715
8009,0.5961483059006261
8010,0.5233725157403027
8011,0.5013898244912828
8012,0.47390945637259063
8013,0.5234077818640623
8014,0.6982225276058249
8015,0.5951772029233995
8016,0.4180517680588546
8017,0.6497775846479514
8018,0.49328768624483055
8019,0.4968977129468213
8020,0.4566688535453579
8021,0.46595980917149804
8022,0.4022054678595223
8023,0.45736652015687956
8024,0.45971654517737476
8025,0.4420009708907306
8026,0.43390655137842454
8027,0.6292147739030349
8028,0.47657237194235524
8029,0.6068916854304535
8030,0.3955520365517531
8031,0.46686044335767135
8032,0.5231224405256542
8033,0.48487992947935166
8034,0.4742373989730439
8035,0.493780039547876
8036,0.439585137239645
8037,0.5553271842479184
8038,0.5051250572182723
8039,0.4487272865170633
8040,0.5323150201702902
8041,0.5205285589206553
8042,0.52520844844417
8043,0.5220314746759878
8044,0.5327429394950368
8045,0.30967812604591116
8046,0.4491426000284009
8047,0.429230586271193
8048,0.4561706660054418
8049,0.46291084092868845
8050,0.454935559679422
8051,0.4940386423424518
8052,0.5744427944798275
8053,0.48331406821276973
8054,0.42911321603361796
8055,0.3169904440279542
8056,0.7270533033705238
8057,0.40396769498261986
8058,0.7144135897443458
8059,0.50127620148363
8060,0.6209088466942265
8061,0.4715515565743381
8062,0.428872206776194
8063,0.49419537693156274
8064,0.5409335287275013
8065,0.45823663149449545
8066,0.5890662320925003
8067,0.5718669807900643
8068,0.3227496075643821
8069,0.47414344925450486
8070,0.47620692411349025
8071,0.5118904719888651
8072,0.402369354526443
8073,0.5780635889085319
8074,0.5056311945341285
8075,0.5173278423452289
8076,0.5164002439269733
8077,0.4856770081597731
8078,0.4239326087229964
8079,0.4140522339735277
8080,0.3280830291191009
8081,0.615931591031979
8082,0.4827311760278634
8083,0.5124522130738425
8084,0.6598206437284883
8085,0.47221131373784686
8086,0.6110893376239405
8087,0.519635275247235
8088,0.6428900477869494
8089,0.54343457626936
8090,0.3499464240462469
8091,0.5256966964370093
8092,0.4091338235388186
8093,0.34761467144271607
8094,0.6203575633760202
8095,0.5467159392643149
8096,0.40568665563167994
8097,0.4449431476673435
8098,0.6276567620945189
8099,0.4484301597011806
8100,0.4801882663560736
8101,0.40732171075476287
8102,0.47341470807232355
8103,0.4066159440299635
8104,0.5494783854185608
8105,0.5180978068892377
8106,0.520150043244325
8107,0.5481816246177309
8108,0.4666862844578734
8109,0.5217547667829975
8110,0.6684205935511114
8111,0.41398579035790944
8112,0.5332706012927929
8113,0.5469426324811753
8114,0.41135743033953986
8115,0.7307320982845928
8116,0.5832715808713336
8117,0.4177382916908471
8118,0.5111896982623495
8119,0.5435414333095391
8120,0.45677775111294466
8121,0.4214726707036049
8122,0.356478676106991
8123,0.760207136069905
8124,0.5878879282337257
8125,0.4790825508185216
8126,0.445934526422437
8127,0.5186334504949316
8128,0.3961974372288475
8129,0.4480887347533151
8130,0.39999410181869216
8131,0.7451164573182398
8132,0.38516157734907575
8133,0.4046289583370024
8134,0.2791546293429015
8135,0.4776287635742023
8136,0.40907365600026424
8137,0.6336146547574362
8138,0.4701301005981952
8139,0.3962802987223778
8140,0.5442890180643557
8141,0.4545573993990523
8142,0.7895935390981892
8143,0.42933353231336796
8144,0.4350792176211675
8145,0.6402056021313647
8146,0.4504649880369818
8147,0.4846216220911232
8148,0.4192128787628809
8149,0.5692474035923318
8150,0.5896411622631226
8151,0.5211067015169798
8152,0.38721815876504184
8153,0.7541245744543486
8154,0.5473364427327287
8155,0.4150355415968101
8156,0.43803085849051737
8157,0.40103234021915346
8158,0.6402441280742781
8159,0.4993503019231862
8160,0.5302055251715119
8161,0.5032971165672907
8162,0.46934784230193605
8163,0.47753100071426724
8164,0.5984577855958316
8165,0.6555344484502917
8166,0.3735994781289286
8167,0.5690761106353598
8168,0.5008552522036992
8169,0.36566340375994155
8170,0.36338104082979195
8171,0.44604161611247856
8172,0.6392570354927072
8173,0.3691649385441477
8174,0.4839490137788978
8175,0.5261191374339723
8176,0.4789593016572892
8177,0.5446942916868146
8178,0.6287080244095795
8179,0.5696619529637633
8180,0.496641876015594
8181,0.5065944247785877
8182,0.37260893185352384
8183,0.5953500308296671
8184,0.5322953771649407
8185,0.3667839459537129
8186,0.6077672650673316
8187,0.45442337337256083
8188,0.48430596232740153
8189,0.6989496734873643
8190,0.4140099288394818
8191,0.46324478413825193
8192,0.6171657392707752
8193,0.6446024891269873
8194,0.6083331850358472
8195,0.4222188006026759
8196,0.3718080569027464
8197,0.5597220077697059
8198,0.5883067851634448
8199,0.4580579645878001
8200,0.4821980212136827
8201,0.8272229775899578
8202,0.5060584791701193
8203,0.4924441577361282
8204,0.6082942842878537
8205,0.8611869958298042
8206,0.4801924395737178
8207,0.5522368771203812
8208,0.48568715914879945
8209,0.4826233164635465
8210,0.4670239308436282
8211,0.3449630705989263
8212,0.4179529051045465
8213,0.508681987182832
8214,0.4779169921316992
8215,0.36577504814561823
8216,0.6440991058071378
8217,0.4247051006701162
8218,0.5330925451515278
8219,0.5311947663088646
8220,0.48837408074114086
8221,0.5620190962963466
8222,0.5273483920747126
8223,0.5998080016869127
8224,0.6303658406125143
8225,0.3979390391293507
8226,0.5453725666085022
8227,0.46234049648629677
8228,0.4858211545401573
8229,0.4116486983678401
8230,0.5617795318389751
8231,0.45765135280813785
8232,0.4460516187970359
8233,0.4980228836546979
8234,0.40302535184167926
8235,0.4284190642138357
8236,0.42810053009070637
8237,0.5380109528380914
8238,0.49645937604379464
8239,0.5085364976084951
8240,0.37807828215207195
8241,0.6732120210144802
8242,0.5281056258779618
8243,0.5182577982750706
8244,0.6113358054136903
8245,0.38832694137567925
8246,0.4091383179835589
8247,0.49374475138432083
8248,0.38443084199798494
8249,0.3449245067915205
8250,0.4818073401229568
8251,0.39584947183268915
8252,0.4432633439143284
8253,0.4438287575392589
8254,0.5789841000712859
8255,0.5979920397215948
8256,0.5486400903824789
8257,0.5644415736732102
8258,0.5076164083554816
8259,0.5884189451678025
8260,0.522556764752641
8261,0.5826724393893625
8262,0.5519125792704144
8263,0.49574865024988346
8264,0.5280585355179153
8265,0.5280349280930073
8266,0.40482159872752677
8267,0.4151317240369472
8268,0.43734978382395157
8269,0.3671056635677058
8270,0.4905572129371635
8271,0.4143595489506696
8272,0.5165825735406742
8273,0.43335072331144137
8274,0.3486281954104671
8275,0.4334563784899454
8276,0.6548452529554427
8277,0.5437784162663345
8278,0.46421452817351067
8279,0.5169607455464509
8280,0.5375548844634851
8281,0.5272911696132648
8282,0.3990424670072042
8283,0.402447414354458
8284,0.4324508058789704
8285,0.39580307886307453
8286,0.31923113570950873
8287,0.45357244272242053
8288,0.3914734115402596
8289,0.5056409080887482
8290,0.4249894064162547
8291,0.5383404552522353
8292,0.6091588729755109
8293,0.6830961724224084
8294,0.4784879833130241
8295,0.49372585028596816
8296,0.5364169568489972
8297,0.5631245640639982
8298,0.38987120368109973
8299,0.5717915853773335
8300,0.61471110206866
8301,0.44499025801653036
8302,0.5308433290182276
8303,0.4782672345990654
8304,0.46243611201044665
8305,0.4441176371899974
8306,0.6254162040904384
8307,0.5313227710477617
8308,0.490687505436057
8309,0.5613006784153082
8310,0.30872265939765975
8311,0.4037416571304339
8312,0.40111665955816167
8313,0.46061312370073404
8314,0.6553251490245902
8315,0.507043856292311
8316,0.4169181691416344
8317,0.5114977329375998
8318,0.4471459372291888
8319,0.6543316029262641
8320,0.4896972589873999
8321,0.5113480650166384
8322,0.30244703500234144
8323,0.5243539394494539
8324,0.5287401203501118
8325,0.5005973834079622
8326,0.5964427260831671
8327,0.5795743954076413
8328,0.47790178939085814
8329,0.3750922178024143
8330,0.3772036484931536
8331,0.41447096385377824
8332,0.46819097483716676
8333,0.4740992949555496
8334,0.5748547608621462
8335,0.45097770453658154
8336,0.5402303224694164
8337,0.578275970873352
8338,0.5993284518642883
8339,0.6302130932381989
8340,0.29966564673191387
8341,0.41474100417334114
8342,0.6164922697473987
8343,0.4330004327200854
8344,0.443061524902791
8345,0.5004216999776566
8346,0.5477562002982942
8347,0.45091103861097914
8348,0.7264787889310587
8349,0.46412959874031917
8350,0.42473695826320257
8351,0.37425023635069354
8352,0.45433412184712785
8353,0.4236348989022458
8354,0.742230879680815
8355,0.5799543494126577
8356,0.5875413580082222
8357,0.5865828530755051
8358,0.5793010200530596
8359,0.2750208872054569
8360,0.4305175091628786
8361,0.686931908040654
8362,0.5935199488216953
8363,0.4457768487033106
8364,0.3251443772796675
8365,0.5149139816223224
8366,0.627512041317407
8367,0.6143587809627973
8368,0.5561321486426131
8369,0.3211090414679002
8370,0.5332294389025541
8371,0.5045968861573111
8372,0.4843146205793888
8373,0.37227793080269356
8374,0.6030673367451699
8375,0.6722691025960967
8376,0.44274341339203793
8377,0.571050686068162
8378,0.4546277829527521
8379,0.46603711604069137
8380,0.6331828623074482
8381,0.5651685963635069
8382,0.6474385857979993
8383,0.5532202344567536
8384,0.5376301052426843
8385,0.6737050246592594
8386,0.6610818216695105
8387,0.42465993382650447
8388,0.49981661745198064
8389,0.3132449370470448
8390,0.5337505098599672
8391,0.8016829412366757
8392,0.6799953407418347
8393,0.5216837724520901
8394,0.5518524710695971
8395,0.5791532788414203
8396,0.7324164345514375
8397,0.4671504194733706
8398,0.520324488718723
8399,0.4387059465668538
8400,0.45724818796892086
8401,0.4230071043692508
8402,0.47984935391619193
8403,0.5193203890367797
8404,0.32354267964699585
8405,0.4996929834617739
8406,0.6471950197423646
8407,0.6681077919310936
8408,0.5288078820457922
8409,0.6139418335046508
8410,0.4812081943037531
8411,0.5430929186277604
8412,0.3431463113924439
8413,0.5265352528494762
8414,0.5158762882246878
8415,0.5983268261437079
8416,0.37701595341361654
8417,0.4852723702351738
8418,0.45253922038354333
8419,0.48317553022772647
8420,0.5442350474009863
8421,0.5082773334858159
8422,0.49669394506975373
8423,0.45490617979000125
8424,0.5357836917400097
8425,0.5962109895325917
8426,0.4701836173998054
8427,0.6922902066976966
8428,0.47346410503987785
8429,0.6415433515104392
8430,0.4097939601676589
8431,0.5219149891244406
8432,0.5440274332546023
8433,0.39414593568623024
8434,0.5114879924893344
8435,0.7954981730056675
8436,0.4065949313428444
8437,0.5515060015712805
8438,0.5194287565336576
8439,0.4734968140589817
8440,0.3587542740899259
8441,0.6018102397553475
8442,0.5205680334352614
8443,0.5408392403301132
8444,0.4315590355506196
8445,0.5648338748676518
8446,0.4453645357097884
8447,0.4214965696220491
8448,0.569250947769902
8449,0.49887627466138246
8450,0.438946690594369
8451,0.5515780975953968
8452,0.4824356218660879
8453,0.49948007515370213
8454,0.6324292769620746
8455,0.5877469373931096
8456,0.5168592773583823
8457,0.5154377148550241
8458,0.4120936610328362
8459,0.5436202517399492
8460,0.6604269693286854
8461,0.5221833495429122
8462,0.5414375943519804
8463,0.48150730724078755
8464,0.4017230524438092
8465,0.5581786447252272
8466,0.5714766366116226
8467,0.46250572626231956
8468,0.38633513404104425
8469,0.5007895132698451
8470,0.4703384616102477
8471,0.7539213438124062
8472,0.5911495997551488
8473,0.6739011436800554
8474,0.6014203733229204
8475,0.49650847517878827
8476,0.5057704042546598
8477,0.5007451746680858
8478,0.5606331237913788
8479,0.279972031627586
8480,0.5295910892498592
8481,0.5310612560739336
8482,0.4278906317342797
8483,0.36154152386566657
8484,0.5135199365632865
8485,0.3704495378624725
8486,0.8086950476809356
8487,0.5428750889906054
8488,0.32914215774970257
8489,0.5320069255508254
8490,0.6866767675281755
8491,0.4741989695786245
8492,0.38224375475471084
8493,0.4866625478082604
8494,0.3927325260502387
8495,0.5124552227520214
8496,0.3980208802113696
8497,0.4777466115709975
8498,0.4119289411730894
8499,0.6248937529775465
8500,0.5312727600990417
8501,0.4172436062597893
8502,0.47437075461756184
8503,0.4774309082958363
8504,0.5509576685235724
8505,0.46630465791799064
8506,0.4910346948203662
8507,0.5123421662842323
8508,0.6352692089155161
8509,0.49905516591002935
8510,0.3975939828456742
8511,0.5219733043318844
8512,0.7131870994116257
8513,0.5430820672212274
8514,0.49572155407724566
8515,0.4614767361179088
8516,0.5382581434628558
8517,0.5833303006318551
8518,0.4371050641040997
8519,0.6190754006452319
8520,0.5326812196949079
8521,0.3950980894729832
8522,0.38004930746746846
8523,0.491066393610562
8524,0.5306939272583391
8525,0.3986084139578606
8526,0.36009850461919335
8527,0.5944734139357404
8528,0.49734555823441895
8529,0.6225496014725934
8530,0.5312073708536195
8531,0.4275794097074378
8532,0.5825484953220259
8533,0.4956788629960187
8534,0.5627305379316353
8535,0.5124275453850046
8536,0.5283083327214732
8537,0.5411814039233752
8538,0.5559190546016595
8539,0.35825183519482207
8540,0.5292749036195207
8541,0.6335650662350927
8542,0.5899268764060108
8543,0.5692429868616554
8544,0.4503338581309425
8545,0.5046746735792127
8546,0.39304317867306293
8547,0.3598245387719564
8548,0.5943031428588865
8549,0.40552024016474225
8550,0.380025822147946
8551,0.36415284414891314
8552,0.6800474038568554
8553,0.520476892894365
8554,0.5004174077374496
8555,0.6158216882443076
8556,0.6516964387798115
8557,0.522505644636061
8558,0.4140586127115024
8559,0.5631240910044478
8560,0.5823969012387874
8561,0.4701188990551913
8562,0.5448825787232293
8563,0.5709767839488397
8564,0.572499227593551
8565,0.4670772293464497
8566,0.557309042023993
8567,0.5777971200977261
8568,0.5015424027058055
8569,0.6581313105023012
8570,0.5327069677708541
8571,0.47158955662091206
8572,0.5118235051485719
8573,0.6207125799319057
8574,0.5666480551547102
8575,0.4902829974591045
8576,0.4314591669016163
8577,0.43027019460459
8578,0.5028664065987326
8579,0.4023327190350362
8580,0.5281249961743576
8581,0.40837292307938167
8582,0.5529784288388236
8583,0.5549801136965079
8584,0.384022806284565
8585,0.5434207424055423
8586,0.3757572284538079
8587,0.37616822203534656
8588,0.38092533765881115
8589,0.5783689452014481
8590,0.5301497476988387
8591,0.6035980743397786
8592,0.6911253389423415
8593,0.4285363352917528
8594,0.5089906067336254
8595,0.46589468537528206
8596,0.5092898135175078
8597,0.5809429520140841
8598,0.36810447385121536
8599,0.787435552595068
8600,0.4846251612357601
8601,0.347921263816556
8602,0.45172343845377577
8603,0.5130019154424529
8604,0.44602610362057704
8605,0.3363809323687651
8606,0.49794884186681
8607,0.4846786324391776
8608,0.5986346741039775
8609,0.5532596831223684
8610,0.6019514798363855
8611,0.4769735169600733
8612,0.5331225040193652
8613,0.5027993822311814
8614,0.31381499663158857
8615,0.47671832257387087
8616,0.5656962695677772
8617,0.4484337117631536
8618,0.5415207165903307
8619,0.3992196502827007
8620,0.5442062189038952
8621,0.4568966504344096
8622,0.42760508148968024
8623,0.6976395205024973
8624,0.3437458396384583
8625,0.4579101002344204
8626,0.4041603298982397
8627,0.395194381255122
8628,0.4193050402382955
8629,0.3984100033409194
8630,0.5633415298771683
8631,0.3777211621362576
8632,0.605421079985814
8633,0.7202888802580545
8634,0.5766576101846858
8635,0.5288387880667389
8636,0.5380235838335055
8637,0.621492714445035
8638,0.38528060249702456
8639,0.5805233940402356
8640,0.4363411368090681
8641,0.489506375163378
8642,0.4448056863011053
8643,0.5297219489486368
8644,0.3969883420299125
8645,0.4026150600571709
8646,0.4980640426070826
8647,0.5169389562955942
8648,0.4985480516943057
8649,0.5511371576576667
8650,0.5689304393074295
8651,0.47754466300066634
8652,0.638403391853663
8653,0.5077107419741148
8654,0.4347640573107169
8655,0.45020368610302147
8656,0.460490016792219
8657,0.4772422450109736
8658,0.549922430202112
8659,0.43421959841996893
8660,0.53586695992934
8661,0.5029349247306406
8662,0.3849022874955014
8663,0.5631778089685708
8664,0.5191343963032792
8665,0.632478902289109
8666,0.410368098275073
8667,0.5646745797931563
8668,0.577334577836349
8669,0.4016925626666794
8670,0.6546458743135016
8671,0.5458986828117901
8672,0.43483481221308307
8673,0.3927969188035332
8674,0.6728493345398546
8675,0.4346536763489456
8676,0.39004530185268904
8677,0.4247887173807908
8678,0.5976363669330208
8679,0.45745263072031556
8680,0.46229724858289056
8681,0.4020544583589481
8682,0.4665056801477424
8683,0.47537495098899823
8684,0.4947432198075531
8685,0.3282235187869895
8686,0.6653520203292058
8687,0.5066123260044333
8688,0.6709903346601596
8689,0.42374482768397537
8690,0.5545921653949839
8691,0.5549755995480761
8692,0.45509685281033196
8693,0.5531682719867451
8694,0.5383424481966853
8695,0.6490314363934174
8696,0.5178016566890713
8697,0.40995457164929305
8698,0.46123665874355685
8699,0.4442871211231034
8700,0.4516813608130479
8701,0.3925170661751842
8702,0.657071437768539
8703,0.5063319344399642
8704,0.4042241144595044
8705,0.4513606101693086
8706,0.5130914137155003
8707,0.5742575742212936
8708,0.4517683243781947
8709,0.7290272980577945
8710,0.49986919630167165
8711,0.5125862927810307
8712,0.41399522996653837
8713,0.5160156196008576
8714,0.4782752732034334
8715,0.38672837037786006
8716,0.6051545268674082
8717,0.4470371894883358
8718,0.6379879850406192
8719,0.2993718957759964
8720,0.5055351412840098
8721,0.6124031659132123
8722,0.5967373515754615
8723,0.5321771173695202
8724,0.44592606406327545
8725,0.5222817099750882
8726,0.4708752244947567
8727,0.5138566208249564
8728,0.6274155425970388
8729,0.5518096533511501
8730,0.5613328324661321
8731,0.5000759091944965
8732,0.443804633765741
8733,0.449105179201036
8734,0.36052420781798655
8735,0.45983816405981637
8736,0.4598213889253574
8737,0.44345751810340284
8738,0.38012457375899167
8739,0.5881312948770002
8740,0.4874128421338622
8741,0.36270491514156067
8742,0.7715417158841864
8743,0.39713776453110594
8744,0.47800877676825904
8745,0.35034512691055275
8746,0.4805477966766652
8747,0.4029822373613981
8748,0.3932202948768115
8749,0.5728931248947646
8750,0.4259119962423757
8751,0.42991010993174905
8752,0.5427391209985495
8753,0.4504133514873753
8754,0.5701672535139751
8755,0.404843763325294
8756,0.41744655894878113
8757,0.46540370417163146
8758,0.6210934222951747
8759,0.48310379953071153
8760,0.44995505367053923
8761,0.5816516350171801
8762,0.4901042362813438
8763,0.4936563483472979
8764,0.4915484980550399
8765,0.4787792595324881
8766,0.4776288405051086
8767,0.49178566952232144
8768,0.6872416092871364
8769,0.5014799947033038
8770,0.439867556787647
8771,0.4317304248465644
8772,0.5130295944772558
8773,0.4685513355545449
8774,0.5805338243697781
8775,0.5448226076086372
8776,0.5779519853949923
8777,0.45760840647564294
8778,0.48538159237732015
8779,0.5279871909508387
8780,0.4803224646692706
8781,0.5040255422925918
8782,0.4896816384565511
8783,0.5046498373844892
8784,0.5697741890262495
8785,0.39239063246487604
8786,0.4488671183932838
8787,0.40765080198524317
8788,0.4037594664346701
8789,0.5011043175800982
8790,0.3642848035568623
8791,0.44041229085209077
8792,0.5781485393476178
8793,0.45580905565655855
8794,0.5744129053421237
8795,0.40707547448651565
8796,0.5460544572383376
8797,0.4815482497388375
8798,0.5107962358933267
8799,0.3217091674609933
8800,0.5040352076086794
8801,0.4631125592857346
8802,0.5042117807891141
8803,0.5238518188997057
8804,0.5075782651885529
8805,0.6294638969533093
8806,0.7093045573649629
8807,0.544455612829629
8808,0.3587569081687686
8809,0.34535107702159706
8810,0.5199892944219774
8811,0.42180434211388007
8812,0.5504474167125698
8813,0.4539977349332419
8814,0.5441180628539067
8815,0.5599490714631156
8816,0.634891604937528
8817,0.40018480299062975
8818,0.3631889064756657
8819,0.41541218579869005
8820,0.42972774248823936
8821,0.37524551163359116
8822,0.7002905260980681
8823,0.33230877925646934
8824,0.5224454755852642
8825,0.556558376258664
8826,0.6066326504004801
8827,0.5726284690474385
8828,0.6007714789459769
8829,0.6294963253416728
8830,0.5104718313299635
8831,0.5365160772329943
8832,0.6682107996746507
8833,0.42694493332730266
8834,0.5310660417442186
8835,0.48530538418651864
8836,0.5302909323446874
8837,0.3738999189426817
8838,0.7350369151216878
8839,0.5579013874005562
8840,0.4822728242092229
8841,0.3361559688400851
8842,0.5650553132792917
8843,0.7094222664101963
8844,0.5339512668415357
8845,0.36325309475579515
8846,0.6271436849707429
8847,0.5137877603449491
8848,0.645209595400066
8849,0.4575215253075892
8850,0.7147975671291416
8851,0.48895793246001606
8852,0.5030167783320637
8853,0.5408908075665994
8854,0.531127530905056
8855,0.44790787600453197
8856,0.4685248318916878
8857,0.5609152783110029
8858,0.450029460562913
8859,0.5448040369329054
8860,0.5613717108398953
8861,0.7182086011305071
8862,0.45718950389965707
8863,0.5284431381273561
8864,0.6104898609585145
8865,0.4305274211195695
8866,0.502358460052106
8867,0.4664526281034938
8868,0.4239032511175304
8869,0.5062697347245689
8870,0.4817380646589725
8871,0.5351635728989467
8872,0.449414119078788
8873,0.47737394681909595
8874,0.35614032802774853
8875,0.5539683524513981
8876,0.6374503994881572
8877,0.6375551365602998
8878,0.5949114570916617
8879,0.6964728799349464
8880,0.6337317063401644
8881,0.4890544010441659
8882,0.5658103756128101
8883,0.37060824435093587
8884,0.4082882129581462
8885,0.4396913276387945
8886,0.578125521416437
8887,0.4603965599479711
8888,0.4607482992752252
8889,0.4433907634350373
8890,0.4139254112996115
8891,0.5375272478650189
8892,0.3412950546233437
8893,0.4588389362170234
8894,0.5084892340658053
8895,0.3686287302703194
8896,0.5415436907108896
8897,0.5544887490278415
8898,0.5247513228682824
8899,0.5331948624757292
8900,0.5191436065048546
8901,0.4175389349862488
8902,0.7384348607045623
8903,0.4704215086541041
8904,0.7205721777679999
8905,0.5334045192536274
8906,0.4807236366440632
8907,0.4873005761594164
8908,0.6341900279184751
8909,0.5349682056223326
8910,0.5782760264571876
8911,0.4953945017199099
8912,0.4061441885238431
8913,0.34112610631547674
8914,0.4146480174415064
8915,0.454671705400586
8916,0.5063379161206218
8917,0.5563001511583279
8918,0.4943794046796882
8919,0.6342186688454291
8920,0.44076057902683613
8921,0.3254542856224081
8922,0.4498139937550491
8923,0.3373474118940166
8924,0.40358658794942626
8925,0.48204479880872686
8926,0.5379009169105241
8927,0.6051998389839917
8928,0.46850240676884264
8929,0.44765670682301706
8930,0.40306066874106483
8931,0.4584661739001177
8932,0.4339305168614549
8933,0.6861502038653617
8934,0.5498542008500641
8935,0.5111104283204297
8936,0.36839343560925186
8937,0.5298949049677253
8938,0.5996399826818486
8939,0.3435166484817087
8940,0.5742022971217127
8941,0.38300673410617775
8942,0.5939055157210825
8943,0.519849899206517
8944,0.5895590703396335
8945,0.4100915215247529
8946,0.4831167766939423
8947,0.5272550639248015
8948,0.4074559202631659
8949,0.46124050812321044
8950,0.4907469137738935
8951,0.570142368045495
8952,0.35365120723275106
8953,0.6158216756083353
8954,0.4631695537409467
8955,0.5325411140358197
8956,0.5474902634746698
8957,0.5454006742904316
8958,0.6066801979895937
8959,0.5035766024977654
8960,0.672897768174947
8961,0.46267722873494177
8962,0.545894905415075
8963,0.5921408858325732
8964,0.5853542292634593
8965,0.5686463233787424
8966,0.3612524068592268
8967,0.3513177926569749
8968,0.48399832579514596
8969,0.49810286481531285
8970,0.7657715857887788
8971,0.497747257892202
8972,0.5197893998354063
8973,0.4898072570172191
8974,0.6416609872716685
8975,0.40111834636805144
8976,0.3928414525044803
8977,0.4211303558090563
8978,0.5321846119007096
8979,0.5258899907295916
8980,0.5800568173411564
8981,0.5643245614880343
8982,0.5045093502471094
8983,0.43155798756534336
8984,0.38929883467965903
8985,0.4164747318791375
8986,0.6141535417898374
8987,0.41763854799931144
8988,0.35107045902061995
8989,0.5435097734260814
8990,0.5192064960381608
8991,0.49148316787089186
8992,0.3783511045837875
8993,0.680966751168899
8994,0.45206349893991726
8995,0.6781687974310071
8996,0.5286758196972248
8997,0.6067485623871408
8998,0.5861107686653221
8999,0.3793906964214828
9000,0.42247477531502553
9001,0.5446809756999599
9002,0.4393826811248458
9003,0.8724053028883727
9004,0.4000467767667998
9005,0.3852312815137399
9006,0.34778694070356686
9007,0.5588330930965117
9008,0.48793438589053123
9009,0.4549335432855911
9010,0.4414866229768763
9011,0.507324139570033
9012,0.4770393095716018
9013,0.5446842401070979
9014,0.8343502843548887
9015,0.3963092566083129
9016,0.44304665398623
9017,0.5192580159911137
9018,0.47508833131033423
9019,0.36818165136259823
9020,0.5282527109243498
9021,0.599392883362815
9022,0.5381930508158921
9023,0.5958314846280311
9024,0.49845268634649315
9025,0.3545719792259624
9026,0.4819322934521568
9027,0.5130219320044407
9028,0.38257908239375243
9029,0.5515014186955597
9030,0.40544917980062295
9031,0.41518465796547965
9032,0.4543028188033572
9033,0.5974548957900535
9034,0.5746698152073124
9035,0.5198830191456385
9036,0.49406177739275686
9037,0.543107033481564
9038,0.5796130280822107
9039,0.576163849938052
9040,0.5743639903271024
9041,0.42872211681858596
9042,0.48303750069056983
9043,0.3209184568912633
9044,0.5414263050139916
9045,0.4742105994363904
9046,0.3285478831790392
9047,0.5867034194285821
9048,0.5474571756948957
9049,0.4248014232683873
9050,0.43251039922806717
9051,0.4292093976672478
9052,0.45546838311079196
9053,0.4969670306675797
9054,0.5864402892418754
9055,0.5509595837636213
9056,0.7522175506424817
9057,0.5431616158447264
9058,0.4935303909196885
9059,0.43490843125273787
9060,0.553266977246532
9061,0.47969014487206285
9062,0.6403925592828212
9063,0.43838287089551686
9064,0.6617682153235944
9065,0.5791809854541492
9066,0.44038175298781096
9067,0.49603008183829145
9068,0.45206291189036835
9069,0.6945523428176913
9070,0.45391833842817786
9071,0.6654117560648352
9072,0.49502625941204803
9073,0.6029725450768536
9074,0.371525343470801
9075,0.6542820343678477
9076,0.42018792353873874
9077,0.4958483892508577
9078,0.4925740810736395
9079,0.36619883479147136
9080,0.5436133615447887
9081,0.5628541527627533
9082,0.4584064179039941
9083,0.5620049869773596
9084,0.4288984867119469
9085,0.7057729425780823
9086,0.5072785072795073
9087,0.7194174822369357
9088,0.5046594339482432
9089,0.6175508050127829
9090,0.5536608320209672
9091,0.4767408980286041
9092,0.4096439605412062
9093,0.5481089175473419
9094,0.41587811258919577
9095,0.5933494817673532
9096,0.4384264793466765
9097,0.4927262185601656
9098,0.6384852884545159
9099,0.6680872513497595
9100,0.6378806311170158
9101,0.5750933824959656
9102,0.40363930136889653
9103,0.445004609395364
9104,0.7419040115531722
9105,0.6818049248450679
9106,0.6070653068157994
9107,0.721081507683197
9108,0.5706455394369576
9109,0.5815596844983799
9110,0.4772676363478543
9111,0.5127828014623613
9112,0.6492142735994373
9113,0.5547267945851699
9114,0.5779155196277387
9115,0.5200477229423806
9116,0.4712019223650787
9117,0.553638007640533
9118,0.6312058582454165
9119,0.5825402654298486
9120,0.6669650703602965
9121,0.5414183486173291
9122,0.49386871054704534
9123,0.5971753281546933
9124,0.6826770900043172
9125,0.5463941814728808
9126,0.3608181175633464
9127,0.44328858929741993
9128,0.42135965226722066
9129,0.5044731399845055
9130,0.4048795610038215
9131,0.564983015197695
9132,0.5663422242425473
9133,0.7293386646249134
9134,0.4212728099969614
9135,0.4559399752995322
9136,0.5205350077628529
9137,0.5149070213562698
9138,0.6471613210766219
9139,0.4724106509486019
9140,0.5731481353132968
9141,0.34792044370646846
9142,0.6444476994434465
9143,0.35410442261612696
9144,0.5676627259663949
9145,0.5338357406832134
9146,0.5520074127986443
9147,0.3924071125363293
9148,0.5047125729634392
9149,0.5724187786242833
9150,0.5397498965042987
9151,0.5063982938270217
9152,0.3540042609518965
9153,0.5566430626409024
9154,0.5952792487021072
9155,0.48877228642119236
9156,0.5344569076494833
9157,0.6001918450710276
9158,0.6543212600541508
9159,0.5034597877902034
9160,0.4986923548971844
9161,0.4759273102509411
9162,0.5872765545058677
9163,0.5176342586619608
9164,0.3534088953026923
9165,0.5855911882809883
9166,0.6324388022886184
9167,0.5905826689563363
9168,0.541862633537664
9169,0.4062541336641614
9170,0.5427395318337697
9171,0.6195201521888543
9172,0.63497815368772
9173,0.7054827966569597
9174,0.4781827480775207
9175,0.5301208211514346
9176,0.5209766058552636
9177,0.41229355641835475
9178,0.40413506836813606
9179,0.5060603304557917
9180,0.543107663034043
9181,0.4870837582146047
9182,0.5485069564156245
9183,0.4191213050234842
9184,0.5134395230249428
9185,0.5405564226124061
9186,0.49396162335735627
9187,0.3890530041169712
9188,0.42018119079492705
9189,0.41108626130012516
9190,0.6400619032440986
9191,0.5452778650422008
9192,0.5390885865385459
9193,0.5274056909473743
9194,0.5149518751074249
9195,0.6014690532637683
9196,0.5818981803753112
9197,0.4882974872775332
9198,0.3859977721038328
9199,0.4405138949078319
9200,0.60667963764981
9201,0.68713288200557
9202,0.4567221891558646
9203,0.5832465565515964
9204,0.6645034136624123
9205,0.559951566985675
9206,0.4478656768951985
9207,0.4906211122172889
9208,0.4024703289886107
9209,0.4489867600129763
9210,0.5456016369434887
9211,0.5490358209139373
9212,0.49898988136605604
9213,0.5214404647024001
9214,0.6333464254980464
9215,0.6259028465634429
9216,0.5502805895179853
9217,0.503811397266248
9218,0.5366011687431531
9219,0.5871266311972481
9220,0.38978806098139684
9221,0.5177867627668841
9222,0.453113238579422
9223,0.50223913724197
9224,0.6526924541623239
9225,0.4682291249111734
9226,0.567447071213619
9227,0.4976757852498554
9228,0.5313360666191853
9229,0.36356640881632113
9230,0.5808440580837028
9231,0.5494166899228927
9232,0.3377001058290436
9233,0.3524430970635378
9234,0.7507351552135848
9235,0.48403022612421237
9236,0.5798695629037491
9237,0.48696455180464016
9238,0.5454803217413077
9239,0.38809052675106015
9240,0.6218339971098704
9241,0.5933970225679985
9242,0.4830537407750677
9243,0.42813990623210074
9244,0.5561327777408991
9245,0.3760386884469936
9246,0.4902977411055872
9247,0.5002110175883824
9248,0.5086150032919429
9249,0.3204516076182914
9250,0.5142173328090056
9251,0.4620413498072212
9252,0.5229782902065709
9253,0.4726279758852795
9254,0.5644487201987688
9255,0.41147497410381784
9256,0.37813517396507007
9257,0.5633051628366421
9258,0.38404981219582335
9259,0.4347420448280434
9260,0.679759921075553
9261,0.5672164639753453
9262,0.6692554320146746
9263,0.5073042072755903
9264,0.6414686961647467
9265,0.43930402613187064
9266,0.4812191322507148
9267,0.3962285064048092
9268,0.4713160397933389
9269,0.46956087104531913
9270,0.5409700997448774
9271,0.5822328586540324
9272,0.4552038255612302
9273,0.4677759633062679
9274,0.5127145687356318
9275,0.7128413774372937
9276,0.5106848143031001
9277,0.44918626485233526
9278,0.47614101841039
9279,0.6420489306403013
9280,0.4334499924219508
9281,0.5059280725545728
9282,0.5463316135400966
9283,0.4963592815091432
9284,0.707056491012949
9285,0.4520617898967816
9286,0.4719306840054261
9287,0.4943472134950938
9288,0.4574238013358784
9289,0.5703166423251751
9290,0.3860134544964178
9291,0.48935606567012846
9292,0.5484041068335535
9293,0.44482322217291753
9294,0.470235910626669
9295,0.5418298600261112
9296,0.5107128657762259
9297,0.5692437701133886
9298,0.40910089293214574
9299,0.448066436715369
9300,0.42775815150404756
9301,0.49660191915310103
9302,0.5004926101171356
9303,0.4272082351590723
9304,0.5575892389248607
9305,0.5137763124830508
9306,0.5728969029575719
9307,0.6678569395842837
9308,0.40895050885233364
9309,0.43240287181154174
9310,0.6254737526071806
9311,0.512513924285805
9312,0.5775550471757953
9313,0.5895853125883634
9314,0.42848460873367056
9315,0.3828293786150637
9316,0.3706999866155348
9317,0.5584540866357839
9318,0.4011183865443987
9319,0.5948247078443644
9320,0.333535237523433
9321,0.5063199435575774
9322,0.4264157622377083
9323,0.5853452444777946
9324,0.43363465289723213
9325,0.6597742441347147
9326,0.6866503505907058
9327,0.5125484903734416
9328,0.648219488212321
9329,0.6409700089390467
9330,0.719422974969313
9331,0.5418468292881072
9332,0.5844683095447303
9333,0.42440863502109727
9334,0.4754551609116457
9335,0.7881840833611217
9336,0.4480119867225539
9337,0.4718200616797114
9338,0.3425021473130526
9339,0.43950119571296464
9340,0.4125389114418359
9341,0.5086409602663499
9342,0.528735290615845
9343,0.4390404654987655
9344,0.4059312074395478
9345,0.41375182192927495
9346,0.5048177913827571
9347,0.7078913977399599
9348,0.7062371294587606
9349,0.35815184201228945
9350,0.5202374965484837
9351,0.6297625169096416
9352,0.3661176755725505
9353,0.48052260664672636
9354,0.5182591197041655
9355,0.4487217723115385
9356,0.5345287487139074
9357,0.5558545403084161
9358,0.6407057981979783
9359,0.5400171263698993
9360,0.3701750370314518
9361,0.4680205945488491
9362,0.4703484566740791
9363,0.6085052426521014
9364,0.2508218141869869
9365,0.5638661747912773
9366,0.3378927176283385
9367,0.3875044909808953
9368,0.5342968994415932
9369,0.4743479140179526
9370,0.3591887537483626
9371,0.4739681788235598
9372,0.6629788641153542
9373,0.3604417690649292
9374,0.549888754604525
9375,0.7409072771532104
9376,0.5152451634270998
9377,0.6792303798655202
9378,0.4154262166342112
9379,0.7145301017126943
9380,0.6309323606898185
9381,0.5218272668301203
9382,0.36294276276828086
9383,0.43635016021250633
9384,0.4831648669071928
9385,0.5396464801543442
9386,0.5302729882611974
9387,0.4406648914036067
9388,0.5091402369695556
9389,0.7737964873823179
9390,0.5025652214872895
9391,0.5267680178502223
9392,0.5483128943702787
9393,0.6559612309608855
9394,0.47967300593328993
9395,0.4796413567576251
9396,0.4996808043333428
9397,0.5205481597401047
9398,0.4390646100897805
9399,0.4581964879296183
9400,0.5199249336773983
9401,0.5351699643107413
9402,0.6159568581585495
9403,0.49337792166290073
9404,0.6456161258926842
9405,0.5779450411515321
9406,0.4596463448065098
9407,0.5381476817147364
9408,0.37560686598866344
9409,0.31176597421307517
9410,0.5285603356510946
9411,0.4202833712200781
9412,0.34588561014428965
9413,0.4550376402200913
9414,0.5914971659336965
9415,0.5014330031127273
9416,0.6913747199774615
9417,0.6256152893619545
9418,0.4158846917188726
9419,0.5528159972145198
9420,0.5235569307545084
9421,0.4154426357575672
9422,0.4786303820128648
9423,0.5111970942816266
9424,0.44909316041608854
9425,0.5360216183739503
9426,0.475136645619614
9427,0.4570668943093264
9428,0.5310748805605715
9429,0.4075743595909401
9430,0.4457161532686621
9431,0.3876546783180939
9432,0.5495329271861018
9433,0.6516390902853052
9434,0.412238614534142
9435,0.7587499185798743
9436,0.46460063071326796
9437,0.5537265933946599
9438,0.5292219711156381
9439,0.4813748966469208
9440,0.45088201092406555
9441,0.5340930342522323
9442,0.46313096812701415
9443,0.35923692769594956
9444,0.42512614197947324
9445,0.638060925771934
9446,0.4822911169002433
9447,0.5573652790285946
9448,0.5814618535168321
9449,0.3237428511712682
9450,0.5224513330158874
9451,0.4271032594575022
9452,0.6030348720621728
9453,0.5615519458235287
9454,0.6564535902105212
9455,0.4162230762940541
9456,0.5929222554121774
9457,0.4117361338020321
9458,0.40948332313208324
9459,0.5491115773044027
9460,0.5589436689142278
9461,0.5645307715052389
9462,0.7052776672509318
9463,0.43012604791139797
9464,0.5301527557060746
9465,0.4064205849753044
9466,0.6127267006080425
9467,0.5587097728689435
9468,0.6204506683332185
9469,0.47885403399237336
9470,0.806781665498404
9471,0.6971194447260303
9472,0.43695495119664823
9473,0.682863926322131
9474,0.47757165224358145
9475,0.42908100373436625
9476,0.5160301184260683
9477,0.4116936357817904
9478,0.7676136892435732
9479,0.5150486824718021
9480,0.482949565917399
9481,0.5470635748578346
9482,0.7253959501933407
9483,0.5284299731427359
9484,0.4106269490057729
9485,0.37348254565084815
9486,0.5747362692348326
9487,0.5875686902012311
9488,0.6803169299552682
9489,0.5779757516786176
9490,0.4613047996969192
9491,0.6197670584238435
9492,0.6649243044451789
9493,0.46974589020540347
9494,0.5526391203191054
9495,0.6185347147054865
9496,0.5021280841570213
9497,0.5630824575388476
9498,0.55301167687116
9499,0.49871682615567925
9500,0.6778754865158068
9501,0.4410964662140979
9502,0.4307359529049374
9503,0.5352092054009406
9504,0.4316337200864616
9505,0.35427878334090057
9506,0.4040274110241915
9507,0.573491850013542
9508,0.5240130377607235
9509,0.4595154472112011
9510,0.5270900370859312
9511,0.626107455515654
9512,0.38847056602812213
9513,0.6409997844926164
9514,0.49144002129726805
9515,0.3794898183973101
9516,0.45591249334934003
9517,0.6284909003321709
9518,0.47779102600506396
9519,0.5741779518592884
9520,0.59586305946676
9521,0.6353360537247127
9522,0.6001278597082108
9523,0.745363761471974
9524,0.6662247732288791
9525,0.3898571113604343
9526,0.5159149013004716
9527,0.6146536535923516
9528,0.6332946264315533
9529,0.4914901530131841
9530,0.6821490787139681
9531,0.44021893471796925
9532,0.4910030519124624
9533,0.6007930227388183
9534,0.3859431475001812
9535,0.4402132598685416
9536,0.6945514180418615
9537,0.4036597186912125
9538,0.4882935421754592
9539,0.35108797008112613
9540,0.3973211427806236
9541,0.48025533787014146
9542,0.5580771747794602
9543,0.4547997908490896
9544,0.629440745487897
9545,0.4385714617654114
9546,0.45304491709921
9547,0.5102558309597464
9548,0.38150726243436095
9549,0.43961751068697585
9550,0.5327706205580138
9551,0.526434390652109
9552,0.47198174492869016
9553,0.42654162807043094
9554,0.5293718097803919
9555,0.7071169925777887
9556,0.4241614462796723
9557,0.3990765221195207
9558,0.43141312008962285
9559,0.4408746312707535
9560,0.519482548283276
9561,0.4580388027027693
9562,0.5277461487948963
9563,0.4999932013896924
9564,0.53997532597449
9565,0.31165760729163067
9566,0.5375006279247679
9567,0.7073944971057776
9568,0.46741671959495634
9569,0.5031162471480033
9570,0.4757387442821234
9571,0.5112212876666253
9572,0.5047475853372013
9573,0.6353692318684067
9574,0.5350738050085618
9575,0.4428127850075218
9576,0.6209452850642407
9577,0.49362123789731926
9578,0.5265093825271582
9579,0.5123020885655354
9580,0.5479160680566132
9581,0.47555660060861776
9582,0.4734291513910064
9583,0.6389659301772945
9584,0.4061086415081823
9585,0.44450029763184074
9586,0.4229451431155017
9587,0.3325035608006871
9588,0.44350488220130935
9589,0.4979907856870107
9590,0.45119950910538403
9591,0.5364587153254554
9592,0.3606574299410592
9593,0.5403609789174604
9594,0.49077855366869344
9595,0.6912762128501069
9596,0.580284809181234
9597,0.40975380418244034
9598,0.6068101625344283
9599,0.6261607721659156
9600,0.41671092602288445
9601,0.5848493431948673
9602,0.6174030369076325
9603,0.601551214114552
9604,0.2732762798401521
9605,0.5379890890445265
9606,0.5113586528558534
9607,0.6656378189127967
9608,0.47880409174232275
9609,0.45509716257275185
9610,0.398352618829732
9611,0.4773175603181338
9612,0.6011770036421068
9613,0.4698828840049742
9614,0.5544558413222093
9615,0.45589508332935536
9616,0.31739046793184456
9617,0.5084093445755069
9618,0.6478206643069266
9619,0.584957934823876
9620,0.5191369360934944
9621,0.5957647199599657
9622,0.6254270674210485
9623,0.3962829677469927
9624,0.5641941209814266
9625,0.3577994849684266
9626,0.5100798356310079
9627,0.4770593140079923
9628,0.6023050909423069
9629,0.4127231052129675
9630,0.5164627732673205
9631,0.40237845955841517
9632,0.4048315419631184
9633,0.4577674635811903
9634,0.31989777329971525
9635,0.438779600267218
9636,0.5586261866761011
9637,0.5459698679617082
9638,0.5690244268643333
9639,0.3782127142067744
9640,0.4312436257072321
9641,0.43675981098684646
9642,0.39872929652350875
9643,0.6282183145338958
9644,0.5040313505861066
9645,0.404041385271626
9646,0.36466433504188633
9647,0.5956341222474484
9648,0.3696598409775263
9649,0.5272143678839849
9650,0.7062930280313251
9651,0.599972596264157
9652,0.49102371054367366
9653,0.49412246981988
9654,0.5109259321278629
9655,0.4289140263579345
9656,0.5511888953017441
9657,0.5963802791882183
9658,0.4850725987132508
9659,0.6482528079238585
9660,0.4853914292092648
9661,0.5348259213911436
9662,0.4499220254286122
9663,0.348638742881695
9664,0.5999677600192136
9665,0.5184120462733911
9666,0.5515042866608404
9667,0.46429681665418476
9668,0.48257378190173317
9669,0.5683709909115296
9670,0.3605752217748128
9671,0.3292136215117403
9672,0.5320264367042948
9673,0.5048887784956155
9674,0.4496335667477595
9675,0.5694379190379057
9676,0.6526677514421438
9677,0.5227800494389019
9678,0.6373852608868362
9679,0.6686561179983969
9680,0.4204991336652857
9681,0.5190258315319989
9682,0.5187798766792869
9683,0.7523297496722465
9684,0.5365091838566265
9685,0.4536679455488073
9686,0.5294007247320156
9687,0.7717898070477499
9688,0.497044831044682
9689,0.6226381390496356
9690,0.5717881420524383
9691,0.645326269459106
9692,0.6052844346193333
9693,0.5289487261513883
9694,0.46147363967268623
9695,0.3833205678050581
9696,0.3991366737576935
9697,0.5560635371228986
9698,0.49225714074213905
9699,0.49571179283031713
9700,0.3863781914292017
9701,0.44730423801275143
9702,0.4958794081105561
9703,0.5220421948329771
9704,0.3900432371038355
9705,0.4730114587615065
9706,0.5529785540655927
9707,0.4921806994880641
9708,0.41242899484676265
9709,0.5764737207621866
9710,0.5054127716519505
9711,0.5193756196568841
9712,0.5027449490868786
9713,0.5566270112729335
9714,0.4228459855950877
9715,0.38038912135608915
9716,0.6250467657231905
9717,0.7710894450643968
9718,0.4071340708725315
9719,0.6422750322141464
9720,0.5256340704233813
9721,0.4655608353885393
9722,0.4973848169000735
9723,0.7155579083668792
9724,0.45420980123336907
9725,0.5937859605209482
9726,0.45149226234273415
9727,0.49199983310301726
9728,0.43629028993631835
9729,0.4598397580228868
9730,0.5131410544568118
9731,0.6164672103329631
9732,0.6310097644897021
9733,0.6334341193874558
9734,0.5346191399404135
9735,0.4277463526680639
9736,0.5781978327179864
9737,0.5797199401786238
9738,0.6254939748539802
9739,0.46285482650531695
9740,0.5183581717284046
9741,0.44647166407214206
9742,0.3416417145158654
9743,0.4437991830781434
9744,0.4764826936572145
9745,0.4815432015455188
9746,0.4869072374459535
9747,0.41200712695384345
9748,0.3848187163530421
9749,0.5655129674321085
9750,0.4712365817479527
9751,0.4708886268151152
9752,0.438095822434453
9753,0.4401675456104235
9754,0.4419310908377537
9755,0.6241047797654378
9756,0.48916661020773233
9757,0.46537082964577553
9758,0.5506359505613193
9759,0.4636122540922427
9760,0.6570988829058766
9761,0.5989894462623215
9762,0.5634073721369361
9763,0.5076321259978839
9764,0.6636277687301236
9765,0.45390338747597264
9766,0.49031957955914474
9767,0.3418855677093986
9768,0.5284940542234701
9769,0.4063808130101838
9770,0.5372622738747193
9771,0.3694824856004102
9772,0.45684795757305685
9773,0.47618011889831807
9774,0.6005838780562407
9775,0.5248464862137245
9776,0.505838897015381
9777,0.37326978125561217
9778,0.3197980108943389
9779,0.4818744191614786
9780,0.41058559085498864
9781,0.5919264149383409
9782,0.45008305749433003
9783,0.5528521255093556
9784,0.4819751275847901
9785,0.5570872268520893
9786,0.42400972998385955
9787,0.5251266058422736
9788,0.675261644977512
9789,0.5059723158828066
9790,0.5350291810660024
9791,0.3576004543965793
9792,0.3004989020258474
9793,0.46497339302647345
9794,0.5782430259806554
9795,0.5506865317305939
9796,0.7468045948298245
9797,0.4005253147237033
9798,0.4535753879406507
9799,0.458762639718621
9800,0.48285164321896407
9801,0.41570457068253364
9802,0.4294788465304251
9803,0.5906054163563292
9804,0.49289921495997774
9805,0.4808496866240815
9806,0.4490860490227401
9807,0.39604819231786265
9808,0.4861822240224755
9809,0.4171540313599533
9810,0.458636550712967
9811,0.44939948868412
9812,0.5348143296341463
9813,0.5037428677864654
9814,0.40318023724490726
9815,0.4903791491953941
9816,0.5474740887485192
9817,0.4423703206547635
9818,0.5733989751503609
9819,0.47439586573539344
9820,0.42909766433814434
9821,0.5786085715524841
9822,0.5338655039780157
9823,0.401142237232695
9824,0.4047578784782946
9825,0.4714045663646898
9826,0.3680894596798323
9827,0.6108591584626298
9828,0.5621279727031708
9829,0.5832562416073596
9830,0.5724991713029133
9831,0.689860890953767
9832,0.44692756236397996
9833,0.6535385516585063
9834,0.47385671998720635
9835,0.46529195268968543
9836,0.5045172035675283
9837,0.41585933215074816
9838,0.5082316467145818
9839,0.4068999470716723
9840,0.45742869644937834
9841,0.46044797653240405
9842,0.5315126742788286
9843,0.38176245447904245
9844,0.5175472067098464
9845,0.5061635630712656
9846,0.5334968820719106
9847,0.5062683638218789
9848,0.5082724611524209
9849,0.47406354232056647
9850,0.5070231975755477
9851,0.519521881691223
9852,0.6764986620019499
9853,0.4354333214715595
9854,0.5287497148286541
9855,0.4360916182251583
9856,0.3370438490761111
9857,0.4800481531718854
9858,0.38359862633030406
9859,0.45312501552518525
9860,0.38511079034944556
9861,0.7349361219105326
9862,0.4724395428074737
9863,0.6862514773001696
9864,0.5142752187753146
9865,0.47384134667570144
9866,0.4733194562779851
9867,0.6427851829867647
9868,0.4731829204808281
9869,0.49021011708036577
9870,0.5463913236293023
9871,0.5274394724534851
9872,0.4739107623628618
9873,0.5212707821579109
9874,0.5366726777313139
9875,0.3155965799604916
9876,0.5306145083262852
9877,0.5451875149882923
9878,0.5382892307329395
9879,0.4283233369483333
9880,0.3129228802777686
9881,0.7019220367009571
9882,0.4880957535210081
9883,0.7893176804013071
9884,0.545843866551653
9885,0.44264728452958674
9886,0.2929167872173594
9887,0.42981225708237963
9888,0.4686059468733527
9889,0.5689911728919109
9890,0.4464464441532673
9891,0.5193963488252116
9892,0.5557489753457243
9893,0.5766590652683071
9894,0.4880285094694376
9895,0.506970616971686
9896,0.5419649323742848
9897,0.5553019669059861
9898,0.4674139597581421
9899,0.29937035763459846
9900,0.49779658011782785
9901,0.5198109323432708
9902,0.39708205347705106
9903,0.4041513119995064
9904,0.4850079119418811
9905,0.45360248799842195
9906,0.515255841380356
9907,0.36869855221535947
9908,0.3253286131406353
9909,0.4976862309108268
9910,0.5092569786616002
9911,0.5273512408589499
9912,0.41330291274062075
9913,0.5036993410036449
9914,0.519327044070444
9915,0.4341047726669629
9916,0.41297421400670004
9917,0.44226712077970226
9918,0.6651665608051853
9919,0.46072919209623503
9920,0.6573443193514187
9921,0.5036753604443688
9922,0.44415129165252065
9923,0.4243222553443587
9924,0.5843863122612544
9925,0.6103446487602073
9926,0.46347135561678826
9927,0.49648136455706365
9928,0.5303499180741448
9929,0.29779130531574227
9930,0.6148241141282546
9931,0.5485376919249703
9932,0.4222501204055396
9933,0.482838857884384
9934,0.5305096743125309
9935,0.41377942899359665
9936,0.5337862728708805
9937,0.5429009616825755
9938,0.4838984795874437
9939,0.43906391935962497
9940,0.5852876570618435
9941,0.7939829489681587
9942,0.569139610839588
9943,0.5544953020218895
9944,0.525160886697954
9945,0.6451492806039137
9946,0.40611728411567416
9947,0.3720960793070727
9948,0.47052721693413774
9949,0.5936189447459532
9950,0.27456732781021176
9951,0.5179416376446502
9952,0.5704914329519514
9953,0.559018311654605
9954,0.44444041239405646
9955,0.35466082303494306
9956,0.4665458821755729
9957,0.39385408014092804
9958,0.6973425199046819
9959,0.5873135076324401
9960,0.5135937400972586
9961,0.49004660710737524
9962,0.39459294847868576
9963,0.7238962159782482
9964,0.630992744778583
9965,0.6514110140056224
9966,0.6821202260643762
9967,0.578903580966872
9968,0.5624766650735216
9969,0.5852590433710834
9970,0.7560696847066906
9971,0.5101592460942307
9972,0.47432204973494213
9973,0.7623478100394627
9974,0.41083949720172847
9975,0.3303890961800359
9976,0.6341521151999593
9977,0.4772366359172025
9978,0.5807309966303923
9979,0.6011074721730986
9980,0.4195575933952937
9981,0.48821434615457815
9982,0.5472199361697607
9983,0.5629720941967499
9984,0.5404343031257887
9985,0.8498782384624458
9986,0.43358488730895123
9987,0.6153254193106892
9988,0.6594834729719127
9989,0.5051914267604221
9990,0.5444456076652434
9991,0.452125866752326
9992,0.6611430390189883
9993,0.4481935329028383
9994,0.39538727253947265
9995,0.4640672320631299
9996,0.5292878351422652
9997,0.7224111099487278
9998,0.505377768867248
9999,0.47472725326682097
10000,0.4147334096740975
10001,0.4738153762327419
10002,0.3877465669980241
10003,0.4534219363187116
10004,0.432956232919443
10005,0.5118744763799609
10006,0.6694218222935918
10007,0.4370159560604072
10008,0.28178474317091795
10009,0.39534886869719504
10010,0.4846136645646476
10011,0.4471132261411253
10012,0.4355296835554635
10013,0.5829914137158869
10014,0.6235151029727606
10015,0.49108027413753685
10016,0.5800254397412106
10017,0.4335228983758975
10018,0.500425599504385
10019,0.5458976818350963
10020,0.6221511234164343
10021,0.37259238413249784
10022,0.48202581266558936
10023,0.5016773810460721
10024,0.4151642837610961
10025,0.7676668499087261
10026,0.7782273625929632
10027,0.4418054640106259
10028,0.45742336993335003
10029,0.4754224568746984
10030,0.46305295154758874
10031,0.4473201506639213
10032,0.5700946730051756
10033,0.5286402726787541
10034,0.588794925353063
10035,0.4610639234136842
10036,0.36037257683031076
10037,0.3105793949655944
10038,0.6383955015449946
10039,0.7354627733037546
10040,0.5206307568962334
10041,0.6065805174412657
10042,0.5968984028427355
10043,0.6036083303981341
10044,0.6228872634565347
10045,0.38483555454591156
10046,0.4522944597983987
10047,0.6587414203808026
10048,0.5108207080336441
10049,0.5061460325975178
10050,0.5854845612771195
10051,0.5937895603829805
10052,0.6173664549462724
10053,0.5166905034588265
10054,0.4660816899004251
10055,0.4586026800317714
10056,0.5703372934903624
10057,0.34014864106212206
10058,0.48265951419775954
10059,0.47878167814505246
10060,0.6082389423429896
10061,0.35792768581747547
10062,0.44605102942682945
10063,0.5311547527974402
10064,0.5879926082806546
10065,0.5203162753571137
10066,0.6685167789294851
10067,0.6833146785951526
10068,0.49085044727522664
10069,0.5747378611346045
10070,0.5082792328198642
10071,0.5555465438866166
10072,0.47331834295477376
10073,0.6374216540966985
10074,0.5239266844881669
10075,0.4675943467044482
10076,0.5608209363385482
10077,0.582007982327214
10078,0.6007928850184121
10079,0.4403262138711984
10080,0.6612825936027951
10081,0.48933008000295863
10082,0.6265514130101077
10083,0.4806526537114427
10084,0.4707698634522171
10085,0.6150612873955517
10086,0.48395339990656977
10087,0.4574108041858895
10088,0.41546714557714953
10089,0.506258622885462
10090,0.7035004987353269
10091,0.5118626873408313
10092,0.3932572218827757
10093,0.5224584679347031
10094,0.5611985503050484
10095,0.3843031569969495
10096,0.43369833670000285
10097,0.5567409095098222
10098,0.48896880996233777
10099,0.5190074319672947
10100,0.3407567682590192
10101,0.6609186715454858
10102,0.42686227105692387
10103,0.6527671375934483
10104,0.5244279301743453
10105,0.4644222286406119
10106,0.43636689757514957
10107,0.4443890922401605
10108,0.507607968661766
10109,0.47497599005539637
10110,0.5629452077056428
10111,0.5545042410892912
10112,0.4313035441130887
10113,0.4899371910560654
10114,0.5882226622444552
10115,0.41768717889983176
10116,0.5338028617119644
10117,0.5343092904181914
10118,0.4204420011566486
10119,0.45740542352864116
10120,0.5561735243586221
10121,0.5077912951643071
10122,0.6660029990675698
10123,0.713709407484177
10124,0.3658138776885982
10125,0.5915536418849073
10126,0.42231032332176305
10127,0.4169922565955059
10128,0.4411383975359649
10129,0.5203235836584642
10130,0.4616749474584016
10131,0.4665589553038563
10132,0.49542140359146714
10133,0.8301925527700313
10134,0.34539849424812497
10135,0.48368080705585986
10136,0.4813701580823242
10137,0.5028515469210734
10138,0.3233088727510367
10139,0.5195982869902168
10140,0.39525660063826107
10141,0.6026765403794063
10142,0.6561965369748369
10143,0.3990570505411545
10144,0.5260336373180599
10145,0.4746842753070348
10146,0.3361966221524207
10147,0.3920752929162725
10148,0.514109275957417
10149,0.4391656187585208
10150,0.4359342442881955
10151,0.5430440436320676
10152,0.642726672581902
10153,0.6926580497939279
10154,0.48593460249378184
10155,0.4796898586000542
10156,0.6125806081214189
10157,0.5252246220844371
10158,0.5494129092661036
10159,0.5589798542848897
10160,0.4542876224242732
10161,0.5480910387539284
10162,0.44619464324808916
10163,0.602871923189927
10164,0.5686621038766106
10165,0.37909797679815277
10166,0.5571322520320177
10167,0.637723285799947
10168,0.5954233053022454
10169,0.6665743659195382
10170,0.5074093296640662
10171,0.48233691595403017
10172,0.48908356952134624
10173,0.5146650330210426
10174,0.55394960640814
10175,0.40459010468348333
10176,0.5069038921584568
10177,0.5287528628669639
10178,0.5409749701038019
10179,0.45375692055452854
10180,0.5025334502834856
10181,0.34379134114028675
10182,0.529974952733098
10183,0.5227565506933686
10184,0.4186087093267882
10185,0.384444907205596
10186,0.45008619472973294
10187,0.5560852320177258
10188,0.5579585059941982
10189,0.45668118170934474
10190,0.4033742781072089
10191,0.5533375057070291
10192,0.5689696924727327
10193,0.48032688457060807
10194,0.529086475472568
10195,0.5322755965013065
10196,0.38445074913471783
10197,0.6142324312994568
10198,0.5795755857357875
10199,0.35835440426094967
10200,0.38556293434203426
10201,0.428894309038651
10202,0.5429129651579441
10203,0.4546177517040316
10204,0.5656460009179815
10205,0.5735573718028513
10206,0.5437776083142809
10207,0.5078124556785258
10208,0.5871545267244435
10209,0.6349137179762587
10210,0.6196283794222706
10211,0.5531702662710893
10212,0.534618584198371
10213,0.49333308848081125
10214,0.7704738261388662
10215,0.44039864730675926
10216,0.6639558297938605
10217,0.49406618413506853
10218,0.5319492819852532
10219,0.6528940360783071
10220,0.49266480457522643
10221,0.5198567227156021
10222,0.4691172225240113
10223,0.4615717842848505
10224,0.5627650924740616
10225,0.5270560769887515
10226,0.45006024937297806
10227,0.6534982281231634
10228,0.4095228785353669
10229,0.48140619726814415
10230,0.566389157249176
10231,0.442143413112534
10232,0.6677015551788765
10233,0.7099360250581822
10234,0.5293188466441385
10235,0.46851088084252157
10236,0.3761697715622505
10237,0.4293766236003561
10238,0.5770117287284461
10239,0.44024262010367393
10240,0.376159462455829
10241,0.5143284274722144
10242,0.5700019803382814
10243,0.4263394858453619
10244,0.6052273855302215
10245,0.5093225281127509
10246,0.5551453197111202
10247,0.7419687278599816
10248,0.6005363432596089
10249,0.5875587665598305
10250,0.4771325137221291
10251,0.5706522421673226
10252,0.5701569503518837
10253,0.4382412398456353
10254,0.508106824749269
10255,0.4396592190909575
10256,0.5652906020062183
10257,0.3953549229077629
10258,0.36976373867578816
10259,0.5154807210847017
10260,0.5769554585159359
10261,0.4680520232354643
10262,0.6004805705793929
10263,0.4912521980239081
10264,0.43886569854624136
10265,0.573773529757991
10266,0.6165092143410513
10267,0.5136188882174517
10268,0.5347740928893394
10269,0.5695853267130504
10270,0.4709231693058784
10271,0.4762589758020026
10272,0.4029751241940111
10273,0.6709079547099007
10274,0.49176469707411036
10275,0.5411635339008108
10276,0.6487083199113597
10277,0.5071872111200252
10278,0.6011087654468582
10279,0.5316421113905727
10280,0.5816042311294006
10281,0.529501976283855
10282,0.50682618292283
10283,0.4504373528960942
10284,0.5808299638996055
10285,0.5051233709294235
10286,0.553707848891351
10287,0.5123163700486131
10288,0.4111300189840269
10289,0.5711750304253691
10290,0.5265433588841251
10291,0.5048541537912776
10292,0.506708277320938
10293,0.6802533362211489
10294,0.4947320227579834
10295,0.5415888509648217
10296,0.4487422788993078
10297,0.4747232272611419
10298,0.4931700554314048
10299,0.5401974591520244
10300,0.6202899323550912
10301,0.4640770198031665
10302,0.5541457875533183
10303,0.6075261662413797
10304,0.7147319654825857
10305,0.49483511940734115
10306,0.542274792537786
10307,0.578124357019746
10308,0.5048230722283872
10309,0.3979283126082548
10310,0.4438340691676801
10311,0.565500783205744
10312,0.36254358932065517
10313,0.3570169697217097
10314,0.4170054924680739
10315,0.4800580232919648
10316,0.36539864435539793
10317,0.6117598705719194
10318,0.4914305125072959
10319,0.4538442476774643
10320,0.41156164780505966
10321,0.5257557982348883
10322,0.5044399520619688
10323,0.5601300218929339
10324,0.5221128021512073
10325,0.5417343953287851
10326,0.5263246729261264
10327,0.6108050849726433
10328,0.4200211091219909
10329,0.6507688639658731
10330,0.6180505493647903
10331,0.49998952491144005
10332,0.5093488627765809
10333,0.5871011366962726
10334,0.38674745757359663
10335,0.4732142805850387
10336,0.6252309722085937
10337,0.5107751110284533
10338,0.48577263259906156
10339,0.49450980584605847
10340,0.5877186231760614
10341,0.662357217572132
10342,0.531575391315759
10343,0.7910622217748529
10344,0.4688273273954173
10345,0.7157691554447999
10346,0.5860078130719355
10347,0.5269232422011936
10348,0.575963675793193
10349,0.4234122287042089
10350,0.5158304584044994
10351,0.4477075946750836
10352,0.44499014488916955
10353,0.402016388373428
10354,0.48321223216238884
10355,0.3881609865085398
10356,0.5032251325699747
10357,0.6005121155992819
10358,0.5393765241000882
10359,0.6211476803882
10360,0.5716675877729563
10361,0.4837967065111745
10362,0.6130493277356204
10363,0.6416441368250816
10364,0.7910651734755421
10365,0.5077317362223354
10366,0.5174844441931216
10367,0.37116335510366694
10368,0.5067797585665452
10369,0.5051880245245969
10370,0.7631567146150502
10371,0.4454513620267242
10372,0.5682651062827447
10373,0.35212549274424
10374,0.5096719564846991
10375,0.3793889221231288
10376,0.674074914476653
10377,0.3292725730619552
10378,0.47455282153084705
10379,0.49433118935596343
10380,0.5361972151281924
10381,0.47883861861027754
10382,0.47282701570228425
10383,0.5458932316535516
10384,0.4149326635156665
10385,0.7670202440985399
10386,0.478164767709805
10387,0.4533533796894656
10388,0.5036757726637171
10389,0.4593613749836749
10390,0.6208186638485609
10391,0.47363379269234585
10392,0.366598281670968
10393,0.5035307938304272
10394,0.597947572748512
10395,0.680504800946835
10396,0.45572845408325907
10397,0.5334629803020822
10398,0.3979485872432525
10399,0.4809012259908042
10400,0.4334283873316309
10401,0.46296552352429776
10402,0.586579838751005
10403,0.48598486166216126
10404,0.4797603446134603
10405,0.5008385586463576
10406,0.4372316483902966
10407,0.5594435507802442
10408,0.40797186429566834
10409,0.5075697757646864
10410,0.4363877762214848
10411,0.603215961838078
10412,0.37771150584586843
10413,0.5712661923202723
10414,0.2755219892698062
10415,0.6035138057014389
10416,0.5507524219329324
10417,0.4852100238490494
10418,0.4775628994978425
10419,0.46074736930266313
10420,0.4774666087339237
10421,0.4476626156264333
10422,0.48838008405897476
10423,0.5910727772464481
10424,0.36617323166736654
10425,0.7139155380223575
10426,0.45161892497031475
10427,0.4549721886533987
10428,0.5981261431047131
10429,0.513012118991841
10430,0.574922435928942
10431,0.46278698355999365
10432,0.5940588566271554
10433,0.569783096555145
10434,0.37828353012676313
10435,0.5296182908784353
10436,0.540345034149804
10437,0.49736766871083465
10438,0.5966346962597151
10439,0.3163756940508954
10440,0.5168221132088985
10441,0.7181044951541005
10442,0.45886521364775795
10443,0.37856086739002476
10444,0.545298830087434
10445,0.35735668160456435
10446,0.5158698458002897
10447,0.7205612756419671
10448,0.5873650688129135
10449,0.5501224985748233
10450,0.46929763420152104
10451,0.4970145496281972
10452,0.4798379208210248
10453,0.45129131063313543
10454,0.4608130130430279
10455,0.4111287163745744
10456,0.6366454526841703
10457,0.2703785377870184
10458,0.6431119331107917
10459,0.5039636530875514
10460,0.43101754282769883
10461,0.4035809743767714
10462,0.4942690857312276
10463,0.716426128139783
10464,0.5119241112619123
10465,0.49968309352293616
10466,0.49879203425110696
10467,0.5382307707120023
10468,0.48738350139823033
10469,0.39307704512696756
10470,0.584368683226985
10471,0.5459576772742728
10472,0.5999690121008783
10473,0.5857686167059736
10474,0.6369367550446652
10475,0.4881885266436967
10476,0.47891472897649645
10477,0.46472626067783795
10478,0.5593541200234283
10479,0.4013709552057227
10480,0.5435368532957658
10481,0.5245058635288398
10482,0.6797028245133693
10483,0.34642198470858826
10484,0.6211798758429969
10485,0.5474759085207851
10486,0.5502104693918407
10487,0.5840581011759277
10488,0.47184717528484793
10489,0.6278960022552103
10490,0.4977730680871455
10491,0.5998162340726266
10492,0.5188806209867675
10493,0.49087307896911897
10494,0.4442692138890906
10495,0.47258950500228203
10496,0.5305462305092381
10497,0.5471725526993829
10498,0.6551776799743746
10499,0.43865875127152754
10500,0.4983501854023022
10501,0.5972993439194294
10502,0.4549734420743785
10503,0.5178432384036401
10504,0.6755800577635721
10505,0.37280258079111783
10506,0.4417126529500687
10507,0.45219396159101627
10508,0.4846631955186352
10509,0.4400986160549167
10510,0.7069518373598551
10511,0.45658657047617185
10512,0.6341253795414393
10513,0.5465836982725127
10514,0.49069045734276917
10515,0.486964074018687
10516,0.49381653508276663
10517,0.3477482239399986
10518,0.599551666394437
10519,0.7036532871385035
10520,0.5710143579378767
10521,0.6399031371169339
10522,0.5255414777552284
10523,0.45001067264604744
10524,0.554929570331004
10525,0.4204878856967795
10526,0.4399983002699001
10527,0.5466100708902291
10528,0.5682054697556281
10529,0.5317388600602936
10530,0.6515281929748136
10531,0.4357933322182591
10532,0.45793386641190736
10533,0.5153063722486022
10534,0.29981747379052215
10535,0.5440973077192585
10536,0.5309203054678666
10537,0.5039662939181726
10538,0.602847799539518
10539,0.4865979013141263
10540,0.5531751744627379
10541,0.40698899828446755
10542,0.362069834760118
10543,0.5393115097939667
10544,0.4301061148997656
10545,0.47385223909995755
10546,0.5934297453491911
10547,0.7875105556651965
10548,0.6272635528177339
10549,0.5322795472102717
10550,0.45821519944222755
10551,0.5280732120839398
10552,0.5702127948012453
10553,0.5420381112809447
10554,0.3662698673520799
10555,0.6219214793607203
10556,0.4277534042978575
10557,0.5231304289453333
10558,0.3646038230530868
10559,0.36312034422443584
10560,0.3704479172921218
10561,0.5493657603319054
10562,0.6362175424206145
10563,0.6525564512418331
10564,0.5169892016754614
10565,0.515129477777246
10566,0.5747099300766194
10567,0.6188083584206604
10568,0.5789483964850558
10569,0.49663445830252484
10570,0.46037212295764957
10571,0.29389583708170874
10572,0.6170728146747579
10573,0.40842860453467555
10574,0.5213694349954012
10575,0.4172034120757597
10576,0.46814964986121965
10577,0.66973257572635
10578,0.5208712097848642
10579,0.5062196082384092
10580,0.6423807297576648
10581,0.6582771511994943
10582,0.6136657046583994
10583,0.3764148687711157
10584,0.48497622287536335
10585,0.49960399199283495
10586,0.45940547763626405
10587,0.6173931609154291
10588,0.38010180967179347
10589,0.5121705513817569
10590,0.5069797646234774
10591,0.5035033955828189
10592,0.42216255963644445
10593,0.4782963122070515
10594,0.54191352796785
10595,0.4659008575324356
10596,0.4655762728017555
10597,0.5328143885398309
10598,0.3996234179659297
10599,0.47199976955138817
10600,0.4411160216164033
10601,0.39417845412650554
10602,0.46566852719857954
10603,0.623782614267528
10604,0.4886449558733134
10605,0.4022143521145851
10606,0.5276360053950038
10607,0.5000999191982176
10608,0.5738982960767517
10609,0.5178633626895905
10610,0.36339915536295375
10611,0.511112894954896
10612,0.645876279025649
10613,0.5565638241953039
10614,0.2879436609644955
10615,0.4606281803720309
10616,0.5602315203409688
10617,0.6544068650803929
10618,0.5381992552705797
10619,0.604327409634533
10620,0.5419216507655249
10621,0.6526365349259186
10622,0.5443501785063632
10623,0.5806919340671252
10624,0.48923103429300446
10625,0.5495778674909736
10626,0.4228866541874341
10627,0.5315351145492554
10628,0.5796122994962591
10629,0.6474984609597074
10630,0.6275780878622015
10631,0.5183946217032779
10632,0.5507791914210274
10633,0.4304022620813144
10634,0.4805682545968542
10635,0.43934619450549717
10636,0.4791023160319463
10637,0.6334356814370846
10638,0.3825238982902971
10639,0.5224658375791631
10640,0.49556867730152493
10641,0.499463641209168
10642,0.45540490541093326
10643,0.598997439995165
10644,0.4129269382865656
10645,0.3887502631824937
10646,0.5250884481647378
10647,0.5092140582527273
10648,0.4352845378966749
10649,0.5030662992791118
10650,0.5555375665022976
10651,0.416334749517391
10652,0.5121508838441989
10653,0.5655257983103827
10654,0.5262093623130699
10655,0.5362902937957387
10656,0.5856116397843525
10657,0.5746053021032119
10658,0.431298379996882
10659,0.5093761178273825
10660,0.40642855629355784
10661,0.4744101375067204
10662,0.40713926525583705
10663,0.37413146559770655
10664,0.4181230257472552
10665,0.5384710647921769
10666,0.4643015310263725
10667,0.48105277102855093
10668,0.55471758237295
10669,0.5510462297404686
10670,0.5713677715966974
10671,0.6010736442562394
10672,0.41086845149387974
10673,0.37108046981482934
10674,0.4113527450596026
10675,0.583795482371195
10676,0.6105348152874527
10677,0.4204529185385034
10678,0.6128344090999446
10679,0.5579627175148258
10680,0.6581503990944244
10681,0.5295403062156121
10682,0.295790428377076
10683,0.5525629008890911
10684,0.544753430966342
10685,0.4333542767754497
10686,0.446640316519582
10687,0.5256261162308443
10688,0.44425946007826844
10689,0.4621857834407693
10690,0.44588980894531277
10691,0.38211207169366557
10692,0.5310652940979947
10693,0.5670198061308209
10694,0.7283429601554396
10695,0.5242360513148364
10696,0.5931401316648282
10697,0.392119561524773
10698,0.5378859704347524
10699,0.5526767628087416
10700,0.4929228618287914
10701,0.495724809929255
10702,0.548067708641922
10703,0.6006058063383384
10704,0.35034982716216934
10705,0.491609671896105
10706,0.6155549766392929
10707,0.4204250926951572
10708,0.4471189436624654
10709,0.5518964502248458
10710,0.27981995722374264
10711,0.5910212456922785
10712,0.6602213869219562
10713,0.30224373327935483
10714,0.6837431103436453
10715,0.5237761300005533
10716,0.3814514731529768
10717,0.5162496956409335
10718,0.657556090711527
10719,0.3597153530508475
10720,0.4191626133765068
10721,0.5313708498297423
10722,0.5240679209642817
10723,0.4971024817116762
10724,0.512318322740154
10725,0.40597534594032186
10726,0.4541793871641667
10727,0.6179636972256035
10728,0.5295121177290311
10729,0.4796757704257631
10730,0.4901661029128295
10731,0.44641391462770996
10732,0.3955413391595666
10733,0.574080202414756
10734,0.6596596274520499
10735,0.3340832617416185
10736,0.5917010961634961
10737,0.5818210342603214
10738,0.4141261297860111
10739,0.4125548093177214
10740,0.4865397979211301
10741,0.6811510031537409
10742,0.5599590268669702
10743,0.44486159229223354
10744,0.3905527886259408
10745,0.5345579235723235
10746,0.628845690959375
10747,0.6424205123785378
10748,0.5664604785924592
10749,0.47073688191009805
10750,0.40281981330154387
10751,0.509774583677106
10752,0.5181808176757985
10753,0.736786735239575
10754,0.48595562892853983
10755,0.4757746518108834
10756,0.5323074349736069
10757,0.5463218910290836
10758,0.5316517995651991
10759,0.7948001439835697
10760,0.5551988080707894
10761,0.4658027385590142
10762,0.5442875309896392
10763,0.6958998167707474
10764,0.5824602576880912
10765,0.48092577579146484
10766,0.5166435030619118
10767,0.4000057853084577
10768,0.5994847896488777
10769,0.7277591353696712
10770,0.5960438860211408
10771,0.5167485471613801
10772,0.48889567567849246
10773,0.41234142525143624
10774,0.5396093429203402
10775,0.4018316592656359
10776,0.5401519573083756
10777,0.40074050181400606
10778,0.6417724285054248
10779,0.7329412186895534
10780,0.5861366765141754
10781,0.5679903000766433
10782,0.560683194727085
10783,0.6013083941523768
10784,0.43380450099852935
10785,0.5166041147336249
10786,0.5711709257004064
10787,0.5270861374676057
10788,0.3980479447391311
10789,0.4649069804205901
10790,0.634425873395619
10791,0.490208193450806
10792,0.5240879333325744
10793,0.8087532177135526
10794,0.52410478330155
10795,0.4084449171465918
10796,0.40901908193537206
10797,0.487543727617436
10798,0.6775086881795969
10799,0.4583570241881732
10800,0.543514470856174
10801,0.6395351456587582
10802,0.4924346726481317
10803,0.5097873828452721
10804,0.4682368480622704
10805,0.7752056397548034
10806,0.5387108363208564
10807,0.5220887159935816
10808,0.46492811824908004
10809,0.4150098035366672
10810,0.5043976132527448
10811,0.4473589438396912
10812,0.4464097651450097
10813,0.4094512272310646
10814,0.5697336005428941
10815,0.6269853485672702
10816,0.46810570702874077
10817,0.42854086030862454
10818,0.4569138598143703
10819,0.5780859118638857
10820,0.5974267222345441
10821,0.5846188250875695
10822,0.5003950655323812
10823,0.6360043564464272
10824,0.4504714682195543
10825,0.42457130620248085
10826,0.36092936739216586
10827,0.4879593521705591
10828,0.43726527715010605
10829,0.4954383776943567
10830,0.4612638272056619
10831,0.4612887600610457
10832,0.5389852506725202
10833,0.48342641262792224
10834,0.633048407280559
10835,0.6930764780376819
10836,0.7855146277371654
10837,0.45186280949901947
10838,0.5260877138411544
10839,0.47701439696533754
10840,0.5646787581383989
10841,0.5018147328585023
10842,0.5222985355454918
10843,0.6303376965386968
10844,0.49108044271667384
10845,0.839893575235005
10846,0.40451635689377635
10847,0.533580449442001
10848,0.5979930559726668
10849,0.4600106088755651
10850,0.6575363224886266
10851,0.7120849850335692
10852,0.7285954919848021
10853,0.5207124916151497
10854,0.3644905328526077
10855,0.5670889901428434
10856,0.5780894604399178
10857,0.49671881895981984
10858,0.5134268917128987
10859,0.48595105812926576
10860,0.4387761027873607
10861,0.6683147920236783
10862,0.5198255991660778
10863,0.42645694312496474
10864,0.6081244922691087
10865,0.44003094111612184
10866,0.5526025779635545
10867,0.5639913093673744
10868,0.3782241385964664
10869,0.47477625026655834
10870,0.4804976101724844
10871,0.4711031681889967
10872,0.5139002217969736
10873,0.6188719463431269
10874,0.6303020523559847
10875,0.5196076325745014
10876,0.44251144455901215
10877,0.5724756719474994
10878,0.5183348237688654
10879,0.42064211272621127
10880,0.5464261950853463
10881,0.4139516410672236
10882,0.41531199448584166
10883,0.49549466381307156
10884,0.6638126647949092
10885,0.521927854389172
10886,0.4970951467567275
10887,0.5018557631370066
10888,0.44363163821321516
10889,0.544236961275567
10890,0.6205934972879239
10891,0.4460316956994382
10892,0.445121257391885
10893,0.3898780481338522
10894,0.47011299929241407
10895,0.4766435324242247
10896,0.7666003089329421
10897,0.3487902975909587
10898,0.5051791894358046
10899,0.5509250172793899
10900,0.5638610963628806
10901,0.5662045963975176
10902,0.5203928839453593
10903,0.3481539825086377
10904,0.5358954557053924
10905,0.5748903727419528
10906,0.6118682776191896
10907,0.3348088014166749
10908,0.45090336980786916
10909,0.430167351560221
10910,0.6280247029707337
10911,0.42136406120134473
10912,0.5284081976743568
10913,0.5180488098864359
10914,0.7771422816891436
10915,0.6517743831773739
10916,0.672339115142517
10917,0.5254326492456297
10918,0.6392018777952431
10919,0.4680608981004059
10920,0.5493409202437731
10921,0.40410728604957924
10922,0.6451184550166751
10923,0.38943544864918833
10924,0.6003635704003057
10925,0.46783778328072495
10926,0.5610289005873275
10927,0.3989117190174622
10928,0.4785230616528124
10929,0.5681269293291734
10930,0.5090196522321221
10931,0.710086152596612
10932,0.37801496918426225
10933,0.3954815192625359
10934,0.3962134337733084
10935,0.42784966595557344
10936,0.6764104189295606
10937,0.5994231695962717
10938,0.42451928820317014
10939,0.7479799863222492
10940,0.6104224860472947
10941,0.3858557555749923
10942,0.4169154517129855
10943,0.4062528743432494
10944,0.4651456477692418
10945,0.5435650521869689
10946,0.46436620052293187
10947,0.35719189333373963
10948,0.42756893634574883
10949,0.49632959118494296
10950,0.5477851751116174
10951,0.3797730440111583
10952,0.3396756500089216
10953,0.695091916953449
10954,0.4198006396444973
10955,0.539778907280136
10956,0.36254204244015026
10957,0.6389008738441536
10958,0.37210526728172066
10959,0.5946604005025099
10960,0.6492853440251865
10961,0.6115663447699266
10962,0.4781158975534414
10963,0.45408645688793664
10964,0.48502742422259953
10965,0.37988006732401913
10966,0.5374623220997367
10967,0.5624920150746474
10968,0.5637954525967943
10969,0.5419992487892099
10970,0.3989843746153763
10971,0.5586287992819812
10972,0.5103114294853116
10973,0.5393436513076109
10974,0.5145696326425296
10975,0.4274921389203764
10976,0.4298926453702928
10977,0.40929036034396504
10978,0.46484921781734234
10979,0.44458600361685346
10980,0.6156381008654617
10981,0.5052431721846187
10982,0.4987678934483441
10983,0.5018116950425566
10984,0.49625190036471695
10985,0.38700676782881954
10986,0.3140414151147235
10987,0.3826909387974363
10988,0.519184564316462
10989,0.6208442023424469
10990,0.37288742048025214
10991,0.5300559933578223
10992,0.6362672011620905
10993,0.6999717932670122
10994,0.6016272479261259
10995,0.5460216734725317
10996,0.47234212630129974
10997,0.5969572775064268
10998,0.4651820346271329
10999,0.6777055127914187
11000,0.38723193641217013
11001,0.47374589112546567
11002,0.44120004825892234
11003,0.6977043703899817
11004,0.5069907712340994
11005,0.5060358112671927
11006,0.5177277305831142
11007,0.7111334088026396
11008,0.36174525879826547
11009,0.5439378482336535
11010,0.5043318858731531
11011,0.3456145535285148
11012,0.5002465091183769
11013,0.5216684009180951
11014,0.43457997019394906
11015,0.38727894258882517
11016,0.5867669696175439
11017,0.3630991095074052
11018,0.7135665892682435
11019,0.7279128052517148
11020,0.6496210652177549
11021,0.49998321079790037
11022,0.7259237571363931
11023,0.7528240161131562
11024,0.48473259586753825
11025,0.6645739624416357
11026,0.4650436717752081
11027,0.4890548162277606
11028,0.3306256244239365
11029,0.48860420715229774
11030,0.4688512532913134
11031,0.5411855534411799
11032,0.41193107130892787
11033,0.5297675770015148
11034,0.4341411103578394
11035,0.5101965109068884
11036,0.4136163553129309
11037,0.6015170519941953
11038,0.49327586200048007
11039,0.4410091361953595
11040,0.5705122203825881
11041,0.48594897043519264
11042,0.5007361863250089
11043,0.549101880459782
11044,0.389217041283916
11045,0.37997528713798945
11046,0.5587917817497468
11047,0.5408075332443271
11048,0.5458625273298129
11049,0.5704273754522984
11050,0.5200804027500399
11051,0.5049096242060549
11052,0.550835754165344
11053,0.4044535303577044
11054,0.45395665945561486
11055,0.5732679276700148
11056,0.40952409240796306
11057,0.4724434453892019
11058,0.3545663252625738
11059,0.4159281571905088
11060,0.5245016960381038
11061,0.4331943820624144
11062,0.4729801315409486
11063,0.5682060577985286
11064,0.42838525983849124
11065,0.6401525871412349
11066,0.47367686552000854
11067,0.49009440072830907
11068,0.45282913279927395
11069,0.4830154179198556
11070,0.49571544097253356
11071,0.5319403203784011
11072,0.5453636809629897
11073,0.46291276896641825
11074,0.44219320425320063
11075,0.46845841187085624
11076,0.544827806915097
11077,0.5512320334803106
11078,0.6703143767103525
11079,0.4687814986828777
11080,0.6011112385374152
11081,0.536718820385694
11082,0.484023740041772
11083,0.41258537553275937
11084,0.34151753324269707
11085,0.5791864912896266
11086,0.7484547875213352
11087,0.7203007704276044
11088,0.40684810503176044
11089,0.5531224675698065
11090,0.4356744195632924
11091,0.4124743976822417
11092,0.47994983142231845
11093,0.45112245439284215
11094,0.46884196674732853
11095,0.5294816233293318
11096,0.6220451033454363
11097,0.5514000225924593
11098,0.5994003647135346
11099,0.5225180414703907
11100,0.46231128020897944
11101,0.5199389658903154
11102,0.6001517415339696
11103,0.3826573808805138
11104,0.5558428610957444
11105,0.5365773458238484
11106,0.5190322847660023
11107,0.4092311798182916
11108,0.5550125632122711
11109,0.44964585749729324
11110,0.38639145684104514
11111,0.5045713982220827
11112,0.2953172925515767
11113,0.4027369559937265
11114,0.6296491620510893
11115,0.4534351451852589
11116,0.4783753010383814
11117,0.6260296607531399
11118,0.5218749550320629
11119,0.45219958215107475
11120,0.45327674469150947
11121,0.7328328994602863
11122,0.4832929763800591
11123,0.6240849805174875
11124,0.6411890833310974
11125,0.39096164769213176
11126,0.5125892755829916
11127,0.5794832973129107
11128,0.46327224591116234
11129,0.6150129819548971
11130,0.446158540854671
11131,0.5181418417760322
11132,0.5624411210280582
11133,0.5970533520471382
11134,0.5028310100591226
11135,0.4850731959202104
11136,0.3845209125132395
11137,0.489449524307588
11138,0.521961062435383
11139,0.5186044591269539
11140,0.5605623663375235
11141,0.5854169553920633
11142,0.43057778951777603
11143,0.7157386112238866
11144,0.36461795096556077
11145,0.49835799829153443
11146,0.659238627656147
11147,0.4810257295506284
11148,0.6204139686411703
11149,0.49011032727436504
11150,0.5401861627012888
11151,0.5146762933182044
11152,0.5018451815010989
11153,0.6229679647261803
11154,0.4347382756195929
11155,0.3263942740215874
11156,0.5180057965357501
11157,0.4824496798504578
11158,0.4874992093245589
11159,0.609658251783717
11160,0.693732324427814
11161,0.41010438860532905
11162,0.3539904217478599
11163,0.41197787321714285
11164,0.4781871058990521
11165,0.41609403419732055
11166,0.46555973897214986
11167,0.5726115122117483
11168,0.515275720549181
11169,0.5754742909318252
11170,0.45452076897930926
11171,0.5448135526393686
11172,0.5159004751647119
11173,0.4949212663560403
11174,0.6431696802845198
11175,0.5110458434257313
11176,0.4582180806392183
11177,0.6493361581200999
11178,0.4784575890786805
11179,0.6166333820037
11180,0.4188520803390213
11181,0.4645343169543069
11182,0.5969896190099986
11183,0.45747232769907953
11184,0.35408985780365065
11185,0.5904246930971809
11186,0.523997607600599
11187,0.3498986715096455
11188,0.538803360322465
11189,0.4407736171540765
11190,0.4549176579086004
11191,0.4251557520849657
11192,0.5851942482535483
11193,0.457586780833754
11194,0.503915677614147
11195,0.6204535955494408
11196,0.5204645795983437
11197,0.547074628344497
11198,0.6155902250761708
11199,0.5509026966863513
11200,0.4191586411758096
11201,0.5620773106697483
11202,0.5491071518249473
11203,0.5726672914344217
11204,0.4618110827325899
11205,0.39102293365863594
11206,0.6479191999296642
11207,0.5584187739755384
11208,0.6667977130028955
11209,0.5788140265538999
11210,0.44157230031198735
11211,0.5460471869021657
11212,0.37323371598835414
11213,0.5345649877548998
11214,0.4732935683656031
11215,0.7096729962298535
11216,0.7054322038821252
11217,0.38350535927643403
11218,0.42979934060478764
11219,0.41356377304523734
11220,0.5803856966619207
11221,0.49233418107216614
11222,0.38049673205092244
11223,0.6452690866599797
11224,0.5077524524368913
11225,0.5987698090051732
11226,0.42294416090672665
11227,0.5385347618281622
11228,0.4687752548422379
11229,0.4684126520845603
11230,0.45184871182545155
11231,0.46358470789723677
11232,0.592763873539569
11233,0.5358287334404297
11234,0.4607710402469605
11235,0.5303275002955352
11236,0.625931087268184
11237,0.745573817761256
11238,0.48121628320830134
11239,0.5998689749615115
11240,0.4475124319746104
11241,0.4010554663628402
11242,0.4014772452500436
11243,0.47003214961651774
11244,0.7794187530311529
11245,0.3969965817129893
11246,0.47886674191385425
11247,0.32048737828424023
11248,0.4521413395100072
11249,0.5252710912146377
11250,0.38813808548988127
11251,0.5243375269236582
11252,0.4137953723889819
11253,0.5497500717457922
11254,0.4224091385135803
11255,0.5153985473098996
11256,0.39096784627364656
11257,0.2710070464694154
11258,0.517808734443887
11259,0.5257139553669795
11260,0.5047092494329838
11261,0.5267458585804393
11262,0.4797150948040533
11263,0.5365672081399712
11264,0.5645880865026247
11265,0.5072157300559761
11266,0.5179676640930552
11267,0.45935445934303953
11268,0.4198186425863979
11269,0.4290453648325103
11270,0.48171814096790266
11271,0.6408333478850673
11272,0.3804172225653543
11273,0.4862729760840486
11274,0.45880030824331763
11275,0.4355662244240543
11276,0.49924469697698104
11277,0.6734566389245522
11278,0.5305153610379787
11279,0.4730093374879648
11280,0.5916287362409638
11281,0.37069703262766784
11282,0.556276128165693
11283,0.6906977787661348
11284,0.5427116987514963
11285,0.6674260304578201
11286,0.45618944961393204
11287,0.6923571457244208
11288,0.5620149590193925
11289,0.45562539255674805
11290,0.5403323645343747
11291,0.49800731742089405
11292,0.5522914486776308
11293,0.5593203042023123
11294,0.3229660017416668
11295,0.4057884102772188
11296,0.5050597768009069
11297,0.47734661680507545
11298,0.5155533955843367
11299,0.4212647091164689
11300,0.5270384385549999
11301,0.5338152306129154
11302,0.44616795229375245
11303,0.46017504229185163
11304,0.5499999765890351
11305,0.5637993793611289
11306,0.32655293145487474
11307,0.4198306734391469
11308,0.540803926092743
11309,0.6791522511426589
11310,0.4626579031910526
11311,0.5114828043859962
11312,0.615024379668489
11313,0.5168556623873237
11314,0.474602913060431
11315,0.510130741082231
11316,0.4305708267126933
11317,0.6221976246640578
11318,0.5286315881560889
11319,0.5084688577619003
11320,0.535220483181961
11321,0.5069948874380157
11322,0.4990658439705875
11323,0.4468352049963721
11324,0.6005575645826969
11325,0.5511278863386061
11326,0.3467924355500863
11327,0.6418003278910143
11328,0.5995974020501451
11329,0.4328084148415052
11330,0.5305293150730424
11331,0.53108633088106
11332,0.4707770405549851
11333,0.3589712992746583
11334,0.4886997230429145
11335,0.5767453956628867
11336,0.5611428576035313
11337,0.4061392213198136
11338,0.35492849864691295
11339,0.47544936867730947
11340,0.5031364359968354
11341,0.6232576269471308
11342,0.5433182553119846
11343,0.6835933298457607
11344,0.41607064300201496
11345,0.41119364832396677
11346,0.5178156262015604
11347,0.4893526185804756
11348,0.4036133942602778
11349,0.4747419879163959
11350,0.5625159023540108
11351,0.4978168617465973
11352,0.6840157632750692
11353,0.5505448843304621
11354,0.47579681409987834
11355,0.517012955366326
11356,0.3805606759370348
11357,0.4499034768826546
11358,0.5330238042725846
11359,0.5088547223030709
11360,0.4868807884534487
11361,0.3985230770731901
11362,0.40508397256386525
11363,0.6163269009031273
11364,0.5297000988682065
11365,0.5573566223886034
11366,0.5298959711110212
11367,0.47879695655923943
11368,0.4066386782374612
11369,0.49828646039906
11370,0.5770961972976795
11371,0.47472134910927577
11372,0.8053750272013062
11373,0.47737264627013
11374,0.26484112287505507
11375,0.4341839433944924
11376,0.5043787749078333
11377,0.44502562092882864
11378,0.38680842826916256
11379,0.5582074155978161
11380,0.4693778663227968
11381,0.47889553568913384
11382,0.46990531365265814
11383,0.4732795512225837
11384,0.399692186834703
11385,0.5130678156354853
11386,0.4632651216113883
11387,0.5781001640561793
11388,0.588155871775275
11389,0.5185092422824447
11390,0.4855518142229917
11391,0.5381250618231959
11392,0.48213246540356447
11393,0.5469233043928658
11394,0.42775308486055424
11395,0.462936066334041
11396,0.5468714424500655
11397,0.5038293762072041
11398,0.5087557478171195
11399,0.6029263550765609
11400,0.6279113420483773
11401,0.5621890786491903
11402,0.4848712434080187
11403,0.578030001444408
11404,0.46626320525156983
11405,0.5759080807700289
11406,0.4665385926497012
11407,0.3883515398155027
11408,0.4063642692441018
11409,0.5144948568492397
11410,0.5915004553453329
11411,0.543371154646168
11412,0.5954129907030107
11413,0.40003401893551865
11414,0.5175071808021142
11415,0.552065947878272
11416,0.4526993637172978
11417,0.5036668250014837
11418,0.6741822909383768
11419,0.41623026775380756
11420,0.4783452469720042
11421,0.45446765616812185
11422,0.5628245796471988
11423,0.28179931618056275
11424,0.4748986653955845
11425,0.6646270657014419
11426,0.48353468511683045
11427,0.5097006015361277
11428,0.5817635870036442
11429,0.5080572103938739
11430,0.45850283563307864
11431,0.498784703039661
11432,0.37308964542519896
11433,0.6160884414514224
11434,0.4305519000539333
11435,0.6131224317243805
11436,0.6245336425387569
11437,0.5524061595068146
11438,0.5554422916146605
11439,0.6404278862135137
11440,0.5789152120929542
11441,0.6333794582567949
11442,0.4925624729476666
11443,0.5554551209051445
11444,0.5499474410785745
11445,0.3924606156333232
11446,0.6154103832901989
11447,0.5300346924383755
11448,0.6533827224513453
11449,0.6764915932257365
11450,0.6687119741419727
11451,0.42019098479045003
11452,0.38358965667185096
11453,0.4573674385945672
11454,0.5738173735115006
11455,0.5128826275777045
11456,0.3903301870723893
11457,0.5443478585255208
11458,0.40311892735467114
11459,0.5647026449847208
11460,0.5882945327241631
11461,0.3292596716438189
11462,0.47843115040472234
11463,0.7434011599663655
11464,0.44677647084154304
11465,0.5051280565326848
11466,0.5032282321504797
11467,0.5575701489492243
11468,0.5459667806460738
11469,0.43465317609903853
11470,0.46568269444352706
11471,0.46890116388608616
11472,0.4707665700807272
11473,0.373032206254092
11474,0.671668085754435
11475,0.5811539203502243
11476,0.46710872853131447
11477,0.5612201036762581
11478,0.4656560495103928
11479,0.5470328596846223
11480,0.4887754951931578
11481,0.5341800228861878
11482,0.4740803725235736
11483,0.7728986125444581
11484,0.6289027615108603
11485,0.5331412691968787
11486,0.5933641211328398
11487,0.3425761514403487
11488,0.46078398153912165
11489,0.5288764254159376
11490,0.557880188407998
11491,0.47913594713105756
11492,0.41872076809621583
11493,0.4122957303668447
11494,0.4736046537749142
11495,0.4841289043783925
11496,0.5526483044442724
11497,0.7166508523020626
11498,0.4809973144901237
11499,0.46074013674948605
11500,0.5366173556989883
11501,0.4596337472234118
11502,0.38624034410627056
11503,0.5035587100328037
11504,0.6520217755117304
11505,0.42713584328139764
11506,0.5547929896641837
11507,0.6864084262398348
11508,0.4697113616478362
11509,0.6755662626753023
11510,0.3478645423610056
11511,0.45989665967854276
11512,0.5480752567238354
11513,0.53644361097428
11514,0.679927801458462
11515,0.426438134583758
11516,0.5150406715369523
11517,0.5616281832669221
11518,0.478417222197066
11519,0.4183900512007015
11520,0.4913101479362536
11521,0.5305788637498184
11522,0.664419248293656
11523,0.3625611654652884
11524,0.5130327787900153
11525,0.7587346390336911
11526,0.41830568570933424
11527,0.5923816417680718
11528,0.6113058440719374
11529,0.5677773451219097
11530,0.5104220100828429
11531,0.4564372843071426
11532,0.5415536370016616
11533,0.46311898211048574
11534,0.5796229425850125
11535,0.5071608673147703
11536,0.5066363047332074
11537,0.5097695695300815
11538,0.4174149202160917
11539,0.4306183196948574
11540,0.38260642917082
11541,0.5564563807003094
11542,0.47432303001580145
11543,0.457769803576563
11544,0.4532201182522472
11545,0.5515154439726359
11546,0.4148961846925384
11547,0.5815528312418232
11548,0.5293793134016785
11549,0.48529143908448685
11550,0.4849021860013088
11551,0.4899889351505796
11552,0.58377585288826
11553,0.6070574860887286
11554,0.45572257173848024
11555,0.45917044129993473
11556,0.5705388590545415
11557,0.40936158272808104
11558,0.3961994174845921
11559,0.5847776894981377
11560,0.41933844972550793
11561,0.45399579110051325
11562,0.6987534624038816
11563,0.6332967028066483
11564,0.6092084867704436
11565,0.5817210738033283
11566,0.5458446553388874
11567,0.521627301163629
11568,0.5385160194272675
11569,0.6786831287082641
11570,0.5416446413327624
11571,0.5559056627664696
11572,0.4175420837508267
11573,0.5668433573715248
11574,0.48324829445855527
11575,0.44201761535472117
11576,0.7973076584290884
11577,0.4664594036815743
11578,0.615346310450105
11579,0.4973577582427594
11580,0.4371669080744295
11581,0.44853796954602865
11582,0.4688915496704745
11583,0.5279412818182447
11584,0.553891077558723
11585,0.4647317245145696
11586,0.366403932551966
11587,0.49432467098263494
11588,0.41879648200424147
11589,0.375800428386223
11590,0.3984557848744942
11591,0.4995569737132138
11592,0.47381619404500674
11593,0.5052332162030022
11594,0.4803295584142153
11595,0.5502149851570355
11596,0.5305728608036362
11597,0.5039072948129693
11598,0.618047165672003
11599,0.49974546920124363
11600,0.4701346521563336
11601,0.6440510371905139
11602,0.4000624768798481
11603,0.5979821799116606
11604,0.35997668759435153
11605,0.46318881239559817
11606,0.39274734480977297
11607,0.5264825198073981
11608,0.48938146034027963
11609,0.6017000408053496
11610,0.5807279796907107
11611,0.7625034361946322
11612,0.4666478384691005
11613,0.3698040271678108
11614,0.5370941123052645
11615,0.6278490956858434
11616,0.5648888697920267
11617,0.3710079466848651
11618,0.571287051975174
11619,0.5241058238136812
11620,0.4333905755089765
11621,0.5629887546228717
11622,0.5507166887476703
11623,0.6085424111909953
11624,0.4086653566748437
11625,0.4735515021100327
11626,0.41730111777422174
11627,0.4590408269544246
11628,0.6293015455871416
11629,0.5062351172446355
11630,0.4669634254779383
11631,0.5821298992650481
11632,0.3936095832927728
11633,0.46157406654154626
11634,0.41063393638345347
11635,0.43584460947022885
11636,0.5322528040600689
11637,0.6293144838964084
11638,0.45330222282842614
11639,0.5620291079615778
11640,0.47280997150083937
11641,0.3716762089740801
11642,0.5717394205803576
11643,0.7209346575919783
11644,0.32304034149538685
11645,0.7225540838468444
11646,0.44529773350495083
11647,0.38875362767169863
11648,0.5002624096876164
11649,0.6252481863574817
11650,0.4925440008187631
11651,0.5085082644064242
11652,0.7967148132192925
11653,0.4629998274061675
11654,0.6312185296235968
11655,0.6591107037667879
11656,0.5774595641464564
11657,0.5144238349323935
11658,0.44499142917201084
11659,0.5782684324517381
11660,0.6319472935224683
11661,0.4870569230505201
11662,0.5287899378111393
11663,0.5544972534909833
11664,0.595229383994101
11665,0.3879615875192569
11666,0.47134191431798933
11667,0.5410750391394132
11668,0.5237264757971722
11669,0.4674112804064442
11670,0.6162733577676585
11671,0.4173716853107395
11672,0.5886235166756993
11673,0.4598927899506531
11674,0.2533763594475371
11675,0.4704677513067424
11676,0.5957684060376304
11677,0.5326033728208446
11678,0.5208992678034624
11679,0.557055882139024
11680,0.566422803878707
11681,0.5198679384514855
11682,0.33271006042897733
11683,0.5336581918103014
11684,0.4450050112472182
11685,0.4961369199695744
11686,0.557352295583854
11687,0.43898338885017085
11688,0.4484400078597162
11689,0.5085753614375099
11690,0.6370525565852109
11691,0.5169643307701819
11692,0.6945533814952143
11693,0.33709341498577383
11694,0.5700444384563016
11695,0.4447240203882823
11696,0.45428139366086834
11697,0.6332973088169088
11698,0.5391271565333436
11699,0.5299490967697684
11700,0.37850344085328236
11701,0.452429963660952
11702,0.4068682862612247
11703,0.583033068252024
11704,0.5893870799303756
11705,0.5780664170578936
11706,0.44982681864087803
11707,0.41612127449517716
11708,0.40429431766770335
11709,0.4885551774592455
11710,0.44783937915762073
11711,0.3401170455835676
11712,0.4331081434761953
11713,0.47059504431137356
11714,0.5044425445287678
11715,0.6174372891072301
11716,0.6223899311115966
11717,0.3900709026231631
11718,0.3907364807117584
11719,0.5503399619416333
11720,0.47852898161570956
11721,0.5177129100173897
11722,0.5369970986552464
11723,0.5200757035856277
11724,0.49903030638620094
11725,0.5381766885136242
11726,0.5625839203832496
11727,0.4857108639102314
11728,0.39503219505158493
11729,0.49796938140557806
11730,0.3667795139084469
11731,0.5935075595339238
11732,0.47567457065883967
11733,0.535912253866956
11734,0.4455009900026727
11735,0.6446756309373767
11736,0.6188309196276485
11737,0.517149017105457
11738,0.5154902125696197
11739,0.644643936011744
11740,0.3905366138937236
11741,0.3969473343650003
11742,0.6437391010996227
11743,0.5818370533015139
11744,0.4736151965986649
11745,0.6806421932713965
11746,0.4379898519603226
11747,0.3320548223429036
11748,0.474065457749704
11749,0.5120746423533268
11750,0.38572002376027076
11751,0.3598621175440842
11752,0.5306380601706533
11753,0.4654412272860591
11754,0.403179657411903
11755,0.5717590363429467
11756,0.42240283396348716
11757,0.6963265311788198
11758,0.5990505480955899
11759,0.5221702360421627
11760,0.458760476682786
11761,0.4405108046306311
11762,0.511162388120805
11763,0.48478453260821674
11764,0.5033420994775141
11765,0.34007661176889026
11766,0.3755071478763556
11767,0.37443899759549226
11768,0.6480451062168744
11769,0.34920597958043953
11770,0.6652662907674116
11771,0.5628762473636405
11772,0.4868198684852557
11773,0.4476347380117136
11774,0.685396393889205
11775,0.5298584630701567
11776,0.3874069284754347
11777,0.3973981324157716
11778,0.3637090768121748
11779,0.529698337641564
11780,0.7174761672510763
11781,0.501451726076714
11782,0.4562984820677273
11783,0.3874307347567226
11784,0.3962837226188218
11785,0.46034251392388226
11786,0.5335365721673418
11787,0.5657654073713834
11788,0.5020730852741154
11789,0.5187064064369477
11790,0.29413164515857526
11791,0.4288799897056364
11792,0.5061270154713895
11793,0.62629901969295
11794,0.5129116350105525
11795,0.4454987176419005
11796,0.474597417745127
11797,0.4821725347763775
11798,0.7946807031307681
11799,0.7094950281867008
11800,0.40375053678264156
11801,0.39061568235933625
11802,0.5501986140455795
11803,0.5196249064375617
11804,0.46742523048534684
11805,0.6118423675479397
11806,0.4364247857248307
11807,0.6060565581459361
11808,0.5186215871586187
11809,0.5017351010990684
11810,0.5044318574943041
11811,0.6465301029652125
11812,0.30653819814664274
11813,0.5456237171302967
11814,0.4257443203743598
11815,0.4715219782739298
11816,0.521879283461014
11817,0.45176931567839596
11818,0.459877797037864
11819,0.5372829740372066
11820,0.4972877890834407
11821,0.3951286306019195
11822,0.5814166941039137
11823,0.576735314169202
11824,0.5119362968135097
11825,0.5090291060309976
11826,0.397836202158105
11827,0.4584134988002881
11828,0.5657638944345847
11829,0.48725998167282153
11830,0.45814506935401417
11831,0.6008691187770113
11832,0.4545682073697019
11833,0.5635932319071273
11834,0.47523229312088633
11835,0.4780071731304375
11836,0.7370222194984459
11837,0.36517989131647677
11838,0.3345447078097186
11839,0.4936368938877531
11840,0.37591504553160243
11841,0.2732251827782597
11842,0.5945829853807738
11843,0.5095226720823894
11844,0.5193138146517946
11845,0.4561743337290532
11846,0.5585776283947825
11847,0.44127549728106885
11848,0.5692914716515795
11849,0.47864047000248106
11850,0.6122036517797917
11851,0.5915319204775751
11852,0.5565020048953714
11853,0.535543229945845
11854,0.4539964761593872
11855,0.5230004046816351
11856,0.535154074783863
11857,0.4878309497411131
11858,0.5026527841233029
11859,0.4854988546478516
11860,0.44691661501029784
11861,0.43571562907895284
11862,0.57780524420495
11863,0.3904156161262985
11864,0.5711233001274945
11865,0.6191647745206642
11866,0.41744901268722784
11867,0.4431487429385152
11868,0.5134659907392959
11869,0.5087837850889418
11870,0.5366628671739156
11871,0.48929770270180506
11872,0.5613418724547148
11873,0.454632491377447
11874,0.6766273993283175
11875,0.4567861302809615
11876,0.5024508547950105
11877,0.6112702859665339
11878,0.5430814424445979
11879,0.5483646089917427
11880,0.5716921535547479
11881,0.3238759538273085
11882,0.4625710584066156
11883,0.5479015815432139
11884,0.5188292255037186
11885,0.3618507881282651
11886,0.5921120250208134
11887,0.4802154440688809
11888,0.6823414762199581
11889,0.6173249244562137
11890,0.5607117068519301
11891,0.7398396384078552
11892,0.4397067150000808
11893,0.47936901874803983
11894,0.6512514437129391
11895,0.5232083743835424
11896,0.6747759284666845
11897,0.4982562336512972
11898,0.6246530174685119
11899,0.48066210730172526
11900,0.47460558108363216
11901,0.594445155834168
11902,0.43627243093136253
11903,0.4054136291959342
11904,0.6632193842763786
11905,0.586073270835016
11906,0.5604073696027401
11907,0.5428259995947364
11908,0.28742810060342217
11909,0.5271157739272927
11910,0.45305349445813087
11911,0.5274772249419764
11912,0.5570238355786744
11913,0.2434027222480734
11914,0.5286912867356421
11915,0.4727930704862655
11916,0.4656057436126098
11917,0.49924071766699457
11918,0.47171998277071175
11919,0.4427734471758926
11920,0.5160633564833267
11921,0.47642788248535983
11922,0.5218210940926663
11923,0.7498960977391467
11924,0.42114754210273553
11925,0.4666856344904602
11926,0.6259055481409688
11927,0.46000696228177923
11928,0.49693291466060724
11929,0.54846499040709
11930,0.4515135903239189
11931,0.654017544418706
11932,0.5856012332257716
11933,0.3511250724223889
11934,0.4624149919218204
11935,0.4485079068512376
11936,0.7502208380462866
11937,0.5966104348808867
11938,0.6869353073566902
11939,0.485259652150958
11940,0.4781912605667024
11941,0.5933181043122142
11942,0.436872555464888
11943,0.7919186632839699
11944,0.588627912256023
11945,0.5509240908139824
11946,0.5306051603305635
11947,0.4224046691692711
11948,0.43525650595320353
11949,0.30461280197653384
11950,0.5214476312775594
11951,0.4593553365815152
11952,0.6044483406388628
11953,0.5975719247483859
11954,0.49887148027349615
11955,0.5187856096360114
11956,0.38174879124597416
11957,0.613255519592243
11958,0.4701037906254754
11959,0.6745995373250453
11960,0.5268751384315812
11961,0.649360894992334
11962,0.5609626838022813
11963,0.5313871507558545
11964,0.5332565383907564
11965,0.4006364330014533
11966,0.4442013307068482
11967,0.5003639772657601
11968,0.39803193213381594
11969,0.46172429149940303
11970,0.4913644366726665
11971,0.46536258577777956
11972,0.5504638102834065
11973,0.66863654978715
11974,0.5207525997021076
11975,0.49821565851952104
11976,0.5424091224963556
11977,0.5495257567096051
11978,0.42244689304193067
11979,0.6892478072318899
11980,0.4258304377484681
11981,0.44073011430043096
11982,0.4397889508217986
11983,0.5782128405737808
11984,0.5877701075353514
11985,0.4697038813699613
11986,0.6842735595314129
11987,0.5157448316053516
11988,0.5657693990046826
11989,0.5347441974211419
11990,0.30565249796676996
11991,0.4583191386977737
11992,0.43404143554846186
11993,0.5397747069371234
11994,0.5034523012773522
11995,0.5557116565233682
11996,0.4533858404298147
11997,0.6018485877117431
11998,0.428962610930416
11999,0.5473658471328681
