id,efficiency
0,0.4033420762581692
1,0.550241547096727
2,0.5155004504583116
3,0.4560347638097442
4,0.4658484148157117
5,0.656373835315299
6,0.5904121492746286
7,0.4786944687434939
8,0.46736113233293936
9,0.45089307385762384
10,0.5761440017624808
11,0.376368982832409
12,0.5977997897639348
13,0.7235279868687323
14,0.5135460289419033
15,0.46913390829430796
16,0.35762206937424906
17,0.36527778369591146
18,0.6663706249672139
19,0.5228292028058835
20,0.6009983698118503
21,0.4946399316561984
22,0.6262686199746191
23,0.4560718238367827
24,0.553094036461325
25,0.4017609156537203
26,0.5997258193529388
27,0.624963381777228
28,0.479771372964757
29,0.45973341922588096
30,0.6343316445748148
31,0.6366572910207644
32,0.40857198116315024
33,0.4776987053915451
34,0.6423884340893428
35,0.464982812873398
36,0.48422326523121406
37,0.5348290654109568
38,0.3806862872108957
39,0.43805773290913697
40,0.42549014096388993
41,0.6109358567380452
42,0.7432367873730414
43,0.6851599068334902
44,0.6142025196877091
45,0.6183460985550603
46,0.576701391167225
47,0.5977230258793216
48,0.7041468463451537
49,0.7067619420198978
50,0.5407915984593656
51,0.5063608604902055
52,0.5861897976497417
53,0.5686702121969197
54,0.4620728556584046
55,0.42145689893245414
56,0.6340545320425377
57,0.3421545351489717
58,0.39728270818090516
59,0.4997671169641337
60,0.48937469396792116
61,0.433710767289884
62,0.5749378443762232
63,0.5662092534289638
64,0.5618278790622311
65,0.8084902234845674
66,0.4557549079223935
67,0.6801316694545708
68,0.39373442765123
69,0.4184649630155386
70,0.6534579866243422
71,0.5482251187223963
72,0.4223068554079011
73,0.5596867051317072
74,0.4401828222496742
75,0.5082579326436235
76,0.4628537049702788
77,0.4101175102028768
78,0.41171590539925584
79,0.3674729786434485
80,0.38177644009983625
81,0.45881187739320256
82,0.6615284227170457
83,0.6612613790603065
84,0.3627608821003815
85,0.7251263753185896
86,0.6241550432296752
87,0.499928033582265
88,0.5204952997815296
89,0.4706964874592605
90,0.5950960083529735
91,0.7147325517410676
92,0.5474996471248293
93,0.5674333319346201
94,0.49594219071985574
95,0.4308266299912209
96,0.642488966417476
97,0.3476732305211612
98,0.5529647203721266
99,0.8449828486767854
100,0.5085139729754699
101,0.6598637624368109
102,0.49375710518315075
103,0.4887207946439016
104,0.433949680635819
105,0.4982769124727944
106,0.5869704325887738
107,0.40916405732274974
108,0.5092269711817369
109,0.6215018603421166
110,0.4710448867651744
111,0.6158290586192763
112,0.5806724897027595
113,0.40167947228399636
114,0.5166668504418082
115,0.5852459718021757
116,0.420897306674899
117,0.6560650501373945
118,0.3690455689120544
119,0.2951101657976015
120,0.531130113577549
121,0.5325793434674178
122,0.37960221476341527
123,0.4107508878278121
124,0.6538673895078406
125,0.4800014882157059
126,0.49793892886096053
127,0.612018633520132
128,0.5802766117761038
129,0.6220504131207727
130,0.3607268776565423
131,0.44852559076179704
132,0.6697104930161143
133,0.5593070149152141
134,0.49305563776917594
135,0.32423498401048767
136,0.5793697503110848
137,0.6476984304026794
138,0.6255334100431816
139,0.42276921691881675
140,0.4895439758128961
141,0.5062516543812026
142,0.46149493056850355
143,0.4734207454880022
144,0.5105463642241617
145,0.43043380039563206
146,0.5178072265729253
147,0.4235812962425721
148,0.4751176162153643
149,0.5207781979280858
150,0.46530264222945883
151,0.5258686784701917
152,0.41090847181166745
153,0.5711943858229197
154,0.5564817999098288
155,0.3658209432076882
156,0.5519268784546415
157,0.5544979075064175
158,0.34087882128207725
159,0.4353770039886224
160,0.5249481620489558
161,0.5091344909932669
162,0.8689919959797207
163,0.5669183749745866
164,0.6804270035858782
165,0.7275341406624964
166,0.5425344272538306
167,0.4714988729472134
168,0.42636345999573005
169,0.4435552926559568
170,0.5772297972659756
171,0.5031142348746083
172,0.5782313698802325
173,0.6481322556637643
174,0.5766458607439179
175,0.3957441206341653
176,0.5136981259151763
177,0.5720976014578033
178,0.4916656379097963
179,0.5372769475986456
180,0.4809084927287163
181,0.5399920913790349
182,0.38037579462079496
183,0.46699152907808683
184,0.5943346334930821
185,0.3115432456633906
186,0.4886924501304371
187,0.35031691701465595
188,0.5169106137744389
189,0.42050550409357607
190,0.5418075035656309
191,0.668975753823439
192,0.45404887537169786
193,0.39687618227754207
194,0.568980985041155
195,0.3538785158824542
196,0.4624062758370646
197,0.6330701947501649
198,0.6730891842839625
199,0.5541931343127497
200,0.5831136817312711
201,0.4728841036090135
202,0.49516508119997377
203,0.5114650877115506
204,0.5823082270713458
205,0.5043244113534978
206,0.5021327415284397
207,0.4306743188891574
208,0.3149077586201808
209,0.5338950830691513
210,0.3975948399576108
211,0.5352172771947333
212,0.41271837436088143
213,0.4194799332336186
214,0.4420677950445915
215,0.5324221063246126
216,0.3899924058125903
217,0.4077879142222339
218,0.5470881131905814
219,0.4817644853720159
220,0.5663147137118515
221,0.46624916941339783
222,0.4899484291890859
223,0.7110667469998911
224,0.43910136936760014
225,0.5637723938437844
226,0.3515790667206732
227,0.42635074040629706
228,0.631997938989332
229,0.48758510201336525
230,0.6456647507256555
231,0.5737896699319941
232,0.5848105038135756
233,0.5733942651591117
234,0.3815228698417452
235,0.3960256979242189
236,0.44680488438798566
237,0.6194101432768581
238,0.44413363778689724
239,0.5526309030312719
240,0.5930310942555178
241,0.5192430406847527
242,0.6578216877532219
243,0.487504539214322
244,0.5086006553842554
245,0.6171854413956032
246,0.663449932043321
247,0.6286611382645837
248,0.46238625395561095
249,0.5206030615051281
250,0.44852571030546495
251,0.5105785604027188
252,0.4274576159745252
253,0.553797307133679
254,0.4938948418831931
255,0.43482038327311473
256,0.47561224315738565
257,0.5809967699853682
258,0.6538347421586982
259,0.6787886439722527
260,0.4903496079395303
261,0.4685070568815208
262,0.3426744421856969
263,0.6051454984122018
264,0.29277223021484133
265,0.4755933963059689
266,0.4306341034306266
267,0.5082099050852286
268,0.5646054528614003
269,0.7718069129799681
270,0.6476498339592337
271,0.4473610961875857
272,0.7228163799196974
273,0.5903379267413245
274,0.4733165013045903
275,0.5120294777919031
276,0.5316828339412594
277,0.4611449913766126
278,0.5702817841950863
279,0.504001409519873
280,0.3430708114380383
281,0.4604028400367705
282,0.46182321876388677
283,0.6916909025592637
284,0.3925366743759274
285,0.5335085975870894
286,0.4326179082282233
287,0.3926626544660012
288,0.39061325520870704
289,0.5343341360333173
290,0.5663396321149582
291,0.5723288811576327
292,0.32805220072991026
293,0.4763060415638588
294,0.45754100477524334
295,0.5280040974456514
296,0.5539179069226641
297,0.5541491732252476
298,0.40763347423107704
299,0.6294135051431036
300,0.4469190639039351
301,0.47040383950821074
302,0.5087115863057701
303,0.5769232949143136
304,0.5284301276649208
305,0.3721719433002907
306,0.4686715651215311
307,0.4614983036523916
308,0.6687947512248138
309,0.5280996100240934
310,0.5352231126610543
311,0.41578185043442367
312,0.5330274399828534
313,0.4689653754605342
314,0.4469054615711183
315,0.4695401263058201
316,0.3857433839459695
317,0.4965627743725181
318,0.32135856059661516
319,0.4659408581970266
320,0.5511142682552701
321,0.5612687980957672
322,0.5901035461060681
323,0.36222135492716084
324,0.5111672398738236
325,0.4596089183388193
326,0.6669177103109174
327,0.5075928290083183
328,0.4547798970772933
329,0.39908151788755764
330,0.6711018409026444
331,0.4839708080181662
332,0.5010755319661327
333,0.5606655507046113
334,0.4660363473954818
335,0.5477091522400844
336,0.41894911386931205
337,0.4738147047920591
338,0.529628152315781
339,0.48937394172919074
340,0.5259286668250085
341,0.4109881761384749
342,0.6022802402299177
343,0.4570813046758955
344,0.3151271743782458
345,0.4555406544702801
346,0.47515357167540506
347,0.5112511098840175
348,0.4972433033682829
349,0.5283980955032354
350,0.5044126350573583
351,0.4110106646056363
352,0.4534418130820685
353,0.5073356795638766
354,0.5628869474658732
355,0.5115371351047185
356,0.5344385962067251
357,0.48287196751343114
358,0.5651484586862949
359,0.4169716116596803
360,0.6550666311255895
361,0.31682184389653734
362,0.6568700834817195
363,0.5247059300427832
364,0.6655458708128944
365,0.45518773686566294
366,0.6431084840765279
367,0.5487176732420918
368,0.5022319637910729
369,0.44367197251760215
370,0.4721206372686955
371,0.4134543779679501
372,0.4541529296720323
373,0.4354292368455764
374,0.780826250839225
375,0.3160670537652106
376,0.46587716012403996
377,0.5364589423038545
378,0.5972245257268002
379,0.5801387465361257
380,0.5155895942300307
381,0.4916741924995207
382,0.5664621395155383
383,0.5294850040080801
384,0.5454390212689167
385,0.5290078148430492
386,0.4304148373820399
387,0.28726885459795815
388,0.5848295701330603
389,0.6208782403693024
390,0.5380187027205379
391,0.5323168992858605
392,0.6809097583245526
393,0.5890717207934306
394,0.5474669883640129
395,0.5118662086033658
396,0.36956804450358144
397,0.49292283766919487
398,0.5341860057854698
399,0.449821671238604
400,0.48544869963210613
401,0.6839424027033789
402,0.4181754057524019
403,0.5568588828706694
404,0.558262422368394
405,0.3986783833341271
406,0.4158565599887405
407,0.37985809992821273
408,0.5563495364899379
409,0.508515547248466
410,0.4393597674307792
411,0.38443646565556266
412,0.58848590703836
413,0.5017424871416618
414,0.5351448596307917
415,0.46366309745513457
416,0.45544863626707355
417,0.5986917090071885
418,0.4661886702058855
419,0.3468164543660297
420,0.5215185453832848
421,0.4993063055762873
422,0.4199442885975038
423,0.4918295865068591
424,0.4776725601571788
425,0.4252427070808134
426,0.3893259830511438
427,0.34823091815737406
428,0.6770570406658074
429,0.6004716592692154
430,0.5254646184635158
431,0.5855190916435512
432,0.5910223317556322
433,0.5016971137088788
434,0.49636424103278926
435,0.5028094663228455
436,0.6316132079628005
437,0.492481665663515
438,0.5969528023131747
439,0.5712102601222444
440,0.634841466386065
441,0.4301240577815594
442,0.410770793599171
443,0.5143816405640719
444,0.5360542982976106
445,0.43655570290782963
446,0.5008994266211798
447,0.41308055953670497
448,0.49554135261796384
449,0.4195346180070697
450,0.48585924102616795
451,0.3356013528695972
452,0.39842040509116033
453,0.6009290141880135
454,0.4987503707047796
455,0.424658557271525
456,0.5272631719949846
457,0.679025989999526
458,0.4937043000176307
459,0.5049943036977538
460,0.5741827257846822
461,0.47849346094846645
462,0.3915071744125642
463,0.7100079781539698
464,0.6855589883269808
465,0.3939947721979128
466,0.40120540524938614
467,0.5043553832446912
468,0.5108525876518812
469,0.5867193541999882
470,0.47198396478822374
471,0.7086770233200551
472,0.5219134042804854
473,0.6893464181764937
474,0.5742565209907988
475,0.3365349715438527
476,0.5412468310923452
477,0.46900263083023486
478,0.6230975214309216
479,0.6352394704725723
480,0.4006756235043745
481,0.41124642695612157
482,0.5697520426916007
483,0.6070509112497827
484,0.5111531205771715
485,0.7920943252745088
486,0.618522519634386
487,0.5306960237613557
488,0.5222718475937791
489,0.6367560088582186
490,0.5868052677637956
491,0.5117921942799901
492,0.4670060818942971
493,0.26582831706374144
494,0.5174368799043398
495,0.5234066797285526
496,0.5118496237273288
497,0.6175625933022789
498,0.5269914755565503
499,0.3230475235478535
500,0.7597431353439164
501,0.4992689456270953
502,0.47074723193368995
503,0.5356381919475186
504,0.558455211120554
505,0.501821905176039
506,0.5059023572413168
507,0.5053614932743954
508,0.45036981070651516
509,0.6441248434600568
510,0.4927484989520124
511,0.4519289984408926
512,0.4941864578184756
513,0.5306385769009638
514,0.5678231023058421
515,0.41139505326885
516,0.2919496285217126
517,0.713714825218722
518,0.38284955916507923
519,0.5097713117535709
520,0.2564754186047081
521,0.5857880241883018
522,0.5726545508279646
523,0.5822957793696051
524,0.4940837780505334
525,0.3636752517156767
526,0.4693260756188182
527,0.47776528430389636
528,0.4493157502256322
529,0.42852312233491807
530,0.4859075971984743
531,0.7223165879853554
532,0.44724245225841863
533,0.550738223447733
534,0.5128832537104714
535,0.4495912449212899
536,0.5611839696266973
537,0.4778970667339022
538,0.5270295279382661
539,0.5629808067354655
540,0.5135955737840012
541,0.4829372001808616
542,0.4354512768898152
543,0.5380311603375879
544,0.5727807861715846
545,0.42617902994974777
546,0.5089377382908357
547,0.6414063749051592
548,0.47691398807993846
549,0.5653252122785836
550,0.4109045760522239
551,0.3683999673749475
552,0.7830934855920351
553,0.44746065165188836
554,0.5018637905454685
555,0.36069065294653907
556,0.43807936861050734
557,0.5045079173682787
558,0.7807598300212137
559,0.4032342538414516
560,0.3582409495018159
561,0.6079210806873899
562,0.442717543006125
563,0.5591069033768234
564,0.49901679571091156
565,0.5069912132927445
566,0.5269264034749975
567,0.41186950206778183
568,0.39818929549877197
569,0.44506403323053056
570,0.3792492345580708
571,0.48847192593211125
572,0.3600933282644839
573,0.48825356188007407
574,0.5544919244807832
575,0.5842702598016903
576,0.5170118173893575
577,0.5306970322807928
578,0.49028222082375994
579,0.6944045211970039
580,0.44528910558203766
581,0.6347598162804159
582,0.47514355479654957
583,0.4650148458572861
584,0.5098076126167879
585,0.4688376217618257
586,0.4546117100856867
587,0.5163765900126184
588,0.6204080027334735
589,0.527850103017889
590,0.6419086823706998
591,0.4199256166656681
592,0.3970797393693151
593,0.566922703590657
594,0.6030412576807012
595,0.44772603437884695
596,0.4956256275558772
597,0.765640829807998
598,0.6209769099813849
599,0.4664658433949359
600,0.5214096215619886
601,0.43655492642889016
602,0.5548623122228767
603,0.46601354943255746
604,0.5402207430701425
605,0.4437500846490813
606,0.4376978145982864
607,0.4695864270390377
608,0.37105794223815614
609,0.6204764918944803
610,0.42320191778500105
611,0.4794978482164908
612,0.47319069973510713
613,0.6073825301170581
614,0.466432370074239
615,0.5425626637555581
616,0.4100531089156178
617,0.5872649242665856
618,0.5135864947076034
619,0.5565884847167174
620,0.4152187686309352
621,0.5182578531082273
622,0.5032657460167244
623,0.5761796858232505
624,0.47551998112300264
625,0.36900840743013186
626,0.6066589899805168
627,0.4826597592187841
628,0.4700752050769186
629,0.7441739305851345
630,0.2857057036293349
631,0.5628941738732628
632,0.6376040804108218
633,0.4526422115388143
634,0.5764616537958156
635,0.5323448346828212
636,0.5917599295285139
637,0.47447391008655126
638,0.3698772916472587
639,0.5741231311225734
640,0.487449837822091
641,0.5950448358293424
642,0.49260552509308014
643,0.5641659533742402
644,0.5523743476061281
645,0.31872621779299803
646,0.3927079862198607
647,0.5631593940475313
648,0.4253332702377715
649,0.5498238348149342
650,0.36070210440661804
651,0.4388451377452221
652,0.46529347585198555
653,0.5935701350187708
654,0.6480704096123053
655,0.7259187095391815
656,0.47487138185583744
657,0.6138455596582355
658,0.48546551054224274
659,0.5759419785236896
660,0.4409385484562649
661,0.48853797114949965
662,0.42537870670938227
663,0.4504377629447033
664,0.5758524777911374
665,0.43792484741554416
666,0.48066929853771917
667,0.43691228749043
668,0.4836155234419203
669,0.44713272544324395
670,0.5392724539378421
671,0.49324431201096997
672,0.3877522849019104
673,0.557968153705604
674,0.577752274875707
675,0.4531068437717286
676,0.4466072227433248
677,0.44167886360756226
678,0.4945045015030582
679,0.4346927650086416
680,0.4938263161571117
681,0.5779893036809527
682,0.4840521350451576
683,0.707757781897957
684,0.4021308324534163
685,0.4779966704011772
686,0.36053075744437885
687,0.6055365159684041
688,0.7484729826005774
689,0.4089730985087081
690,0.37010217638853266
691,0.5394090621413195
692,0.4847480572081845
693,0.419864118911782
694,0.4809921453399556
695,0.4939960175334661
696,0.4106468267577108
697,0.4671514851118227
698,0.4413964166682749
699,0.5118600171761298
700,0.37923284832117576
701,0.52032129844098
702,0.5193289593061623
703,0.6654175181091889
704,0.4820396666463553
705,0.511333534122345
706,0.4847871551236693
707,0.317425952974014
708,0.36101314533373774
709,0.5382037218650065
710,0.4639256156787533
711,0.47878466070857206
712,0.44049529474736493
713,0.49851132250049973
714,0.38357909357970305
715,0.5005134460171258
716,0.6705855820643147
717,0.44045312996007246
718,0.4750529816200124
719,0.5021655654188799
720,0.450926685035993
721,0.5607281806647056
722,0.4401188256929853
723,0.5232158137273701
724,0.4310341892586158
725,0.4673884727881426
726,0.3648496869968505
727,0.5363806352486538
728,0.48232522585273946
729,0.29143141523010246
730,0.5294883914671512
731,0.5017176420496685
732,0.6308591292751904
733,0.36357698652898696
734,0.5172400135755264
735,0.44863311382088655
736,0.6808473773537548
737,0.42609435974707865
738,0.6086873871260717
739,0.6826621047210398
740,0.5105002195681961
741,0.5080243792271848
742,0.49236563626165636
743,0.5055661397888569
744,0.4486846401903931
745,0.613851549966393
746,0.5680518610372252
747,0.6955166412734026
748,0.520526509471451
749,0.2850857980553162
750,0.4232579632162509
751,0.48989597411434715
752,0.5503847664091416
753,0.6888961907762993
754,0.44257550065740203
755,0.632492826119561
756,0.5070828151211819
757,0.464759097393651
758,0.5545025759667902
759,0.6952230017824955
760,0.5716537984452229
761,0.4923526460852727
762,0.49120653216729765
763,0.41732401368925465
764,0.4303927672411568
765,0.4922108166869365
766,0.3868668963368493
767,0.6856085782340446
768,0.4602062367267012
769,0.47200922190601896
770,0.44850414741869377
771,0.6237369100477865
772,0.49366175106244053
773,0.5701026562240419
774,0.5234791384161146
775,0.5310467252656769
776,0.47612784560475924
777,0.502820191186515
778,0.5072429078715563
779,0.5133710881429173
780,0.4855263625677251
781,0.5042211713439018
782,0.41041630415253205
783,0.5206427755446253
784,0.5082210357326634
785,0.6024382625930245
786,0.600860270525799
787,0.4763101082328098
788,0.478809799079542
789,0.4646936098017708
790,0.4617389612872295
791,0.6457421719730498
792,0.6294230539878695
793,0.4592821114222211
794,0.34883219115770964
795,0.3919375022456579
796,0.461658042254657
797,0.5789091683194906
798,0.4615398945645676
799,0.4587754763920328
800,0.37110763567593863
801,0.6676096586874867
802,0.4953949144606189
803,0.47500747885797906
804,0.42397153743849375
805,0.700565109432661
806,0.6537438525983913
807,0.7308969802321366
808,0.41684072952569595
809,0.5272274262877453
810,0.4936395028074222
811,0.5596659003105784
812,0.5163214054284089
813,0.5359989810151878
814,0.4150464499130629
815,0.4839913406533996
816,0.4595981670515422
817,0.46735044401573855
818,0.4987085677188303
819,0.41236787627501986
820,0.4733139269279145
821,0.5008347343271721
822,0.5395170219848902
823,0.6655577253801068
824,0.6233090309814447
825,0.5569637659864309
826,0.5460842767870782
827,0.36263328498147157
828,0.3765899030595586
829,0.5103230292401943
830,0.40591296978770824
831,0.5430021177269879
832,0.5160640476792596
833,0.4906498955299294
834,0.5412577592058297
835,0.6212456409078585
836,0.5088920586659726
837,0.5808306481427384
838,0.5240439618120691
839,0.3970750726257542
840,0.5945220254254457
841,0.6167794440178952
842,0.5779798113102126
843,0.5276284427077156
844,0.5729662853111668
845,0.5399404570205812
846,0.5603036518293157
847,0.608351150277111
848,0.4404020716757011
849,0.46495367774902
850,0.4779968889581011
851,0.6015599451494233
852,0.4139487093745883
853,0.4926753129776403
854,0.5040092995627347
855,0.4060856412743287
856,0.33678171537371276
857,0.42805576489796915
858,0.560203319310042
859,0.5687666829556235
860,0.6256230030908844
861,0.5305160166298686
862,0.4542010431110237
863,0.44624584110096366
864,0.5459717089463307
865,0.5290019284828628
866,0.5163385843822403
867,0.5596917513557937
868,0.6426779160386351
869,0.47256216078213215
870,0.5117518821294471
871,0.6374033360667113
872,0.5264205235615392
873,0.5158964363259029
874,0.38985955786653437
875,0.6495504898702374
876,0.5234096947571889
877,0.5325120843203208
878,0.5826988320027662
879,0.46965398766788424
880,0.5299085704885207
881,0.637664449843376
882,0.5053109443368138
883,0.48274614892570467
884,0.4747159876648858
885,0.4941995771897634
886,0.4712082156636397
887,0.5137844841158381
888,0.34791084168520814
889,0.5126130908659078
890,0.7006975952105812
891,0.5588322508412549
892,0.5491216036758846
893,0.4517880900830063
894,0.43232601792604486
895,0.4563104436988991
896,0.53693328101445
897,0.4679610885440008
898,0.47902100931830577
899,0.5937318779282916
900,0.5168624648243385
901,0.47670562878210765
902,0.5931119142339759
903,0.5613847175864092
904,0.5148313867746573
905,0.5595385574366454
906,0.5297404575255155
907,0.40334986646606835
908,0.4670806948877374
909,0.5915046010013297
910,0.5807893984625266
911,0.6713345040938649
912,0.5592796959269524
913,0.5877249803916755
914,0.5902999736194994
915,0.40074559711976376
916,0.5197336190791381
917,0.37258731889940516
918,0.4600017458841071
919,0.3992437183195835
920,0.32934634736365787
921,0.4339457558533411
922,0.36163635500901636
923,0.571784090163973
924,0.37005373394947066
925,0.38570738857992004
926,0.5176772895860926
927,0.4335432854561591
928,0.3770485417154359
929,0.41269254432418173
930,0.5516486617658664
931,0.4211673796472154
932,0.44246630731879744
933,0.5011736847515067
934,0.8643621810300267
935,0.5369730870362964
936,0.4363714710255674
937,0.4389544643254073
938,0.5275751987361422
939,0.5460909657438797
940,0.5349573993027534
941,0.5367218934215858
942,0.3580168177867842
943,0.5450588632925709
944,0.5424861976173694
945,0.4700511279389129
946,0.6434641035180393
947,0.49634502616734755
948,0.5359214335332173
949,0.7816462856486088
950,0.5284211039372896
951,0.3517837866193657
952,0.42683664433699
953,0.6782861913001935
954,0.4388734820449552
955,0.5856769222832834
956,0.3057051511008152
957,0.43800084927267896
958,0.5624644703060685
959,0.41131910797196825
960,0.5086063480225275
961,0.45200004305782954
962,0.30772587732142354
963,0.5063408400657454
964,0.5013873385126785
965,0.3723351279910716
966,0.4367772974324875
967,0.6493835918402506
968,0.450586514667492
969,0.5447548411960434
970,0.5339385016170293
971,0.46700762694986026
972,0.4867700196897315
973,0.5403517504293115
974,0.5920007729473393
975,0.5822428423323762
976,0.46108306101270113
977,0.6647655546399994
978,0.5423161896274746
979,0.4948231223764203
980,0.4045130615267906
981,0.6563500540255214
982,0.5962863123579366
983,0.3531329081289522
984,0.7795363818963666
985,0.5874124525369254
986,0.5240918173918415
987,0.491755257280206
988,0.5998859669576732
989,0.5020952209932662
990,0.45490332374071923
991,0.3595357909905491
992,0.35194683260680704
993,0.6832120735087057
994,0.6020949243260584
995,0.5000005849762957
996,0.568791643733378
997,0.4151689178339804
998,0.438246909302771
999,0.6267515783782146
1000,0.5233464275502752
1001,0.4786515637585346
1002,0.5620902838508945
1003,0.505874662858808
1004,0.5344852532039965
1005,0.6564796375363745
1006,0.5464938143068931
1007,0.48617809568872605
1008,0.6066255317963273
1009,0.5279372041541879
1010,0.35191271191063633
1011,0.6114909417828899
1012,0.4588230328294306
1013,0.4162263628598131
1014,0.5211145143915299
1015,0.4659071265406801
1016,0.3779801103724634
1017,0.635176265497936
1018,0.35748149584544553
1019,0.5844933625364841
1020,0.4067649131311296
1021,0.4480411965902854
1022,0.4625276343379976
1023,0.4321810369281937
1024,0.4081852139580543
1025,0.5741553097642247
1026,0.5498666946294489
1027,0.3805682963228946
1028,0.5805423293892169
1029,0.5707492823386663
1030,0.3387324904058483
1031,0.4696509300411071
1032,0.4367641968534537
1033,0.6483427635719805
1034,0.5513856490272425
1035,0.3845686139066731
1036,0.5586392353966451
1037,0.29574443477260925
1038,0.40238760883715213
1039,0.48667203496637235
1040,0.6113082991728969
1041,0.462728730959725
1042,0.476918967965852
1043,0.47537780460285384
1044,0.5210310134604171
1045,0.6677082624145032
1046,0.5712974415884713
1047,0.5523598828961718
1048,0.5448520158936291
1049,0.6298587142051181
1050,0.5565182136138639
1051,0.4886382738507984
1052,0.39912673048099645
1053,0.5632641761963445
1054,0.42183725611304645
1055,0.6815678277281929
1056,0.40487495497327264
1057,0.5505549678681417
1058,0.5690625225812173
1059,0.5557135603720342
1060,0.42486338397121143
1061,0.512246441161695
1062,0.46397801582615583
1063,0.5549642915000684
1064,0.44801007459835596
1065,0.45471471168830335
1066,0.6030604606290952
1067,0.37673618841471623
1068,0.5416672586622108
1069,0.6344744999036008
1070,0.5266942236132921
1071,0.4703843135059382
1072,0.2934873892312392
1073,0.4182039262186542
1074,0.5952263952327097
1075,0.4110953181231572
1076,0.41379924094595893
1077,0.515502725587718
1078,0.4616180042630124
1079,0.4220441796624375
1080,0.4873270898615911
1081,0.4703979689094685
1082,0.46923141008347724
1083,0.5071462905791086
1084,0.5805495327369024
1085,0.5683820387683779
1086,0.5607734710958091
1087,0.6969258971696378
1088,0.4351985755722057
1089,0.47478166912585484
1090,0.4346660373035803
1091,0.4653374711178305
1092,0.631358629988326
1093,0.5028704810260294
1094,0.3549573182820659
1095,0.658262549246089
1096,0.58344395547384
1097,0.5079822827018442
1098,0.5314544514584134
1099,0.39990557153276407
1100,0.5006928707466094
1101,0.5064572467019334
1102,0.5164960459206142
1103,0.4725570103447191
1104,0.41004102859573466
1105,0.5533020119563151
1106,0.5932628556609889
1107,0.4428394189021388
1108,0.4377539233477064
1109,0.5794514521209342
1110,0.622949420307594
1111,0.5518859740812112
1112,0.4312483488117082
1113,0.5017747533868556
1114,0.37275092101221996
1115,0.41551853193471094
1116,0.5089813194725079
1117,0.5603981658808891
1118,0.3670895854982263
1119,0.42452415922798525
1120,0.46121168975298016
1121,0.6420316139271272
1122,0.4541974255876368
1123,0.5314891841725139
1124,0.5014277579987132
1125,0.444450497299427
1126,0.514635247984797
1127,0.41995918417938216
1128,0.38513165814638783
1129,0.5810105894604577
1130,0.5317984565372266
1131,0.566055738572585
1132,0.5154831429273191
1133,0.37718582325045025
1134,0.44245602716380783
1135,0.5211157309180086
1136,0.721368557059654
1137,0.45936199344292766
1138,0.5934751078473498
1139,0.5972006996860435
1140,0.5933974108799724
1141,0.5967223781451321
1142,0.4336871448831866
1143,0.2846810390220877
1144,0.5443720059941053
1145,0.5234803949115194
1146,0.3609292314262099
1147,0.5668047711723355
1148,0.5444092986717969
1149,0.45881888235055046
1150,0.5014971440534561
1151,0.4711935287340166
1152,0.3949364274210249
1153,0.5377981792791945
1154,0.5327686417643331
1155,0.30158991868052487
1156,0.46067673403244985
1157,0.5362416534369168
1158,0.620140708620037
1159,0.5036979103969531
1160,0.7307547032029313
1161,0.24928007643191502
1162,0.535210538385488
1163,0.49757301930671877
1164,0.556854897079571
1165,0.4460228026529677
1166,0.39016491326563124
1167,0.5295698247580556
1168,0.4280924989883356
1169,0.5271735844483721
1170,0.5470526490767621
1171,0.5505818702922143
1172,0.6757705856254039
1173,0.5473898687934984
1174,0.3681762475666255
1175,0.4521430209862697
1176,0.5014774129038959
1177,0.39329453170208584
1178,0.5306048040890006
1179,0.27591550043183316
1180,0.48105877932170804
1181,0.45858342342912867
1182,0.48991353788195097
1183,0.47375087001076666
1184,0.4312018533829499
1185,0.5720094236460408
1186,0.4239808549610642
1187,0.5807345374754882
1188,0.6140260745496595
1189,0.36024988221361587
1190,0.2567704836666839
1191,0.43666798593423617
1192,0.5123615628953491
1193,0.5234514879799984
1194,0.42868317797869665
1195,0.577390715653519
1196,0.386442532178763
1197,0.5365912440788712
1198,0.6126462339422343
1199,0.6100460593150707
1200,0.5246504646595307
1201,0.5386075232408924
1202,0.5271540474910134
1203,0.48372993740280207
1204,0.5708421123542421
1205,0.43861346908616317
1206,0.7141402998790423
1207,0.34774193046490676
1208,0.5711724532362616
1209,0.47535031804432804
1210,0.5464415611791217
1211,0.6551552941803946
1212,0.5096232492800592
1213,0.4269098558509932
1214,0.46628138735471564
1215,0.40892612727948735
1216,0.4545316726133104
1217,0.6072801584773563
1218,0.5958726478968335
1219,0.5300380812151743
1220,0.6447486572649582
1221,0.5956924154421169
1222,0.48057898195573057
1223,0.43636849958004287
1224,0.4921034287030361
1225,0.5900931266180204
1226,0.521440034535145
1227,0.43757044212038704
1228,0.40321481618044286
1229,0.5147967693357697
1230,0.6382508995101793
1231,0.5110940528010495
1232,0.5244454503140593
1233,0.41689832570631946
1234,0.41151070325871003
1235,0.4799632519502021
1236,0.5703105496814955
1237,0.5560046533876062
1238,0.4388259985136026
1239,0.5795591525112772
1240,0.6558450006956013
1241,0.640087360617614
1242,0.5263210140992545
1243,0.47495108012328957
1244,0.5144909738268367
1245,0.48015654284457454
1246,0.5077969085877416
1247,0.493194444613278
1248,0.5073502826904139
1249,0.46895968585760667
1250,0.408026937599731
1251,0.6474623549214318
1252,0.4721088024925353
1253,0.3811690184654978
1254,0.41152844784209813
1255,0.4487362059919373
1256,0.5742852549367462
1257,0.4632112709548847
1258,0.5556024394376519
1259,0.5869394650851546
1260,0.5294605043964355
1261,0.47680827694217387
1262,0.4508187973502642
1263,0.5874640672920708
1264,0.4812741279353766
1265,0.5058182332799251
1266,0.5813316027782179
1267,0.4839390212316781
1268,0.4054268859025799
1269,0.5318210702959844
1270,0.5011322442033638
1271,0.47883033962779725
1272,0.5031843219726824
1273,0.48126546657895547
1274,0.33499757467288815
1275,0.5039186053115111
1276,0.4623181414602005
1277,0.5489300201368101
1278,0.6249552226216297
1279,0.30592237893775076
1280,0.4795746896328179
1281,0.5811867021796839
1282,0.38148430301026126
1283,0.49022129773055106
1284,0.4938854681049613
1285,0.5157577751443388
1286,0.42479754084951765
1287,0.32623964582222476
1288,0.48156732637220845
1289,0.5977405244495783
1290,0.5915385300120162
1291,0.5360597752535016
1292,0.36331120443443
1293,0.5639616666621263
1294,0.41279366489827063
1295,0.5614717256441281
1296,0.545460763579779
1297,0.4887382551956244
1298,0.6427066938482711
1299,0.4861483181200315
1300,0.4934379908917488
1301,0.41419360455106324
1302,0.34076607029838313
1303,0.47059178477637875
1304,0.41090315925438725
1305,0.45738384913815966
1306,0.45737286603894983
1307,0.503257834845778
1308,0.5687514688676182
1309,0.4220764009097784
1310,0.5257093226581774
1311,0.5702711669702663
1312,0.4978675189015906
1313,0.48172963045994666
1314,0.45509379283694806
1315,0.6012047822827393
1316,0.4745979620754572
1317,0.40036050149611757
1318,0.5725757419591475
1319,0.6260520086120429
1320,0.5259769617157
1321,0.6100323082913826
1322,0.5706416720412566
1323,0.6382670485574897
1324,0.4812792230402641
1325,0.4801325034420359
1326,0.34926548516965594
1327,0.5452059569780331
1328,0.6157418616413752
1329,0.5333968174222761
1330,0.33120646988272257
1331,0.43759261712060216
1332,0.5102097524163668
1333,0.450951371781012
1334,0.45872167262388325
1335,0.4751153340715001
1336,0.6934631865492655
1337,0.5856090242202326
1338,0.5529015140668335
1339,0.5462308056888884
1340,0.6230169077125912
1341,0.5076577597413015
1342,0.4119186286401774
1343,0.6118653238684463
1344,0.3363696974810555
1345,0.4747444175331428
1346,0.5727967407054522
1347,0.5125294679706227
1348,0.3645610742515706
1349,0.4912167803658122
1350,0.4344113053038716
1351,0.6347411700377861
1352,0.562387007715996
1353,0.45959484604305895
1354,0.5690246067607427
1355,0.6236328884986692
1356,0.5617222292344081
1357,0.5490253354079899
1358,0.6729375151772427
1359,0.5382033782989611
1360,0.6157697603933985
1361,0.6499381341923549
1362,0.37757475893083836
1363,0.5491490848171494
1364,0.7503323785290535
1365,0.5663288834291779
1366,0.360534178211739
1367,0.4143503668976346
1368,0.630770602550806
1369,0.42564112544863286
1370,0.503076158119841
1371,0.45290744782439485
1372,0.5313913138485957
1373,0.5031242393028564
1374,0.6565723916410737
1375,0.5256244250734747
1376,0.42218089323115815
1377,0.5698990948677789
1378,0.6028754008457264
1379,0.5340151496762782
1380,0.5872593324778993
1381,0.4861618686373151
1382,0.5294796691602502
1383,0.41181294739218754
1384,0.42581901703183
1385,0.49527913637592225
1386,0.5357965340678837
1387,0.5971164403692826
1388,0.44271071587901634
1389,0.3296685734925844
1390,0.4626666069528629
1391,0.5977359210677351
1392,0.5762765141858412
1393,0.5103869334096454
1394,0.6012432153194579
1395,0.5424199471709409
1396,0.5792013723547689
1397,0.43262900832871304
1398,0.41414176817619125
1399,0.6380566551614684
1400,0.467709110595652
1401,0.37765135633299596
1402,0.46430363766683214
1403,0.4379477837863458
1404,0.6468313760001254
1405,0.406725354859201
1406,0.6009736426327423
1407,0.5478504881495945
1408,0.48853886508919997
1409,0.4727044000355874
1410,0.510403196200467
1411,0.568409205758426
1412,0.5504959894044995
1413,0.5000293473055504
1414,0.525452685324853
1415,0.4912201657250402
1416,0.5273418002596466
1417,0.44720088476355047
1418,0.620609764428645
1419,0.5144207412216169
1420,0.5790044714568704
1421,0.42247611320131107
1422,0.46603985110660184
1423,0.5774485863797075
1424,0.4942010119155236
1425,0.5793942332084909
1426,0.6144781437804454
1427,0.5849347806852045
1428,0.36713512686091415
1429,0.4413694605306429
1430,0.415620051073176
1431,0.5207879004418153
1432,0.48667113257640515
1433,0.6112143674154975
1434,0.5390665316709727
1435,0.46963652500744324
1436,0.43610066728442853
1437,0.45885965087683994
1438,0.5543984228540388
1439,0.35863643795864436
1440,0.45118133419652
1441,0.32622263851466293
1442,0.5022066024772931
1443,0.516871915396944
1444,0.8881170862618207
1445,0.4418250907239478
1446,0.4404538726126555
1447,0.4770512214030509
1448,0.5865363886917293
1449,0.4099302023888788
1450,0.44810424761560685
1451,0.4902752737721014
1452,0.4608537616023315
1453,0.5354610857406348
1454,0.40137417721826407
1455,0.4169049569980099
1456,0.5213076538624111
1457,0.4000026534291793
1458,0.4778229521740399
1459,0.5640675911958787
1460,0.4041032132531308
1461,0.36852474599164853
1462,0.6248347848265583
1463,0.5181267742232649
1464,0.39934388877604543
1465,0.4827127591976316
1466,0.42195132371500466
1467,0.547632238605336
1468,0.575576455998305
1469,0.4959374741477122
1470,0.5508744485072211
1471,0.36345299772826817
1472,0.4668751605336902
1473,0.5206049738676265
1474,0.4620473716327596
1475,0.518152214894915
1476,0.6756097815849329
1477,0.5681103962078881
1478,0.6282512389929852
1479,0.6358115883431348
1480,0.5233836385525638
1481,0.4403028376859117
1482,0.3515077069932308
1483,0.3058317983430418
1484,0.6032850208694533
1485,0.4667425117730698
1486,0.5579398573031471
1487,0.6215307783526005
1488,0.39172527316188877
1489,0.4064100429518188
1490,0.6562106204214795
1491,0.4326019161617184
1492,0.49780093230400424
1493,0.4811959637466119
1494,0.5596965842016104
1495,0.7070828164110278
1496,0.5394446755137247
1497,0.48813888178271675
1498,0.6908545347572667
1499,0.5289405095395642
1500,0.5244054948068109
1501,0.6779986520377016
1502,0.42873120608166776
1503,0.615631959875461
1504,0.560506429650991
1505,0.6458612473846211
1506,0.5405060098943202
1507,0.5373629520480183
1508,0.8618772504617296
1509,0.6564864462410116
1510,0.5507240073639851
1511,0.47721551636332826
1512,0.6040394888749405
1513,0.367683832979553
1514,0.7307950034193827
1515,0.5064974933546614
1516,0.48573240179916266
1517,0.7139971422264229
1518,0.5647632755981747
1519,0.5499561562769513
1520,0.6233994752629902
1521,0.44414512244526677
1522,0.5374247128624069
1523,0.41686618769032047
1524,0.5310071025046923
1525,0.5534552664588234
1526,0.38452002779613714
1527,0.4684162888493695
1528,0.674971779145052
1529,0.5173230230458394
1530,0.30292813485043246
1531,0.5274329408445169
1532,0.35181717920447275
1533,0.48353254809875656
1534,0.5447836281470768
1535,0.3536550387395066
1536,0.4863387477977756
1537,0.6825102480065941
1538,0.45731256573401835
1539,0.4790017579713346
1540,0.7302371469246647
1541,0.6202301869193424
1542,0.6823376069014878
1543,0.623412893322128
1544,0.6131506427788151
1545,0.5081199845295521
1546,0.5790381065924317
1547,0.40400069140176753
1548,0.4783691747217303
1549,0.571855424886104
1550,0.41754392841692056
1551,0.5515751219040587
1552,0.5223111436301626
1553,0.5689016599763729
1554,0.537331143809107
1555,0.6088222411751343
1556,0.392927593964722
1557,0.4557845283218459
1558,0.48667604073982185
1559,0.5811165978889645
1560,0.42018640847069305
1561,0.48295871003587354
1562,0.4379356857878523
1563,0.7355106693805578
1564,0.4885515433016628
1565,0.47637150579493437
1566,0.3751086034308409
1567,0.49293138488252664
1568,0.3723833121798503
1569,0.5450118566465008
1570,0.43785599625207805
1571,0.48269025103169266
1572,0.4433346667349811
1573,0.48314379343487135
1574,0.5224304819197967
1575,0.3878423305707541
1576,0.516842140463832
1577,0.48012270338096696
1578,0.4756083382161169
1579,0.5591146311008296
1580,0.2844146383171039
1581,0.5275410199758256
1582,0.4905687872049142
1583,0.46322165712232694
1584,0.6347239807144134
1585,0.4592656594200108
1586,0.6658792080530942
1587,0.5256787412639407
1588,0.543485371711978
1589,0.5132260066834349
1590,0.5421636022786335
1591,0.5309896931757169
1592,0.583703261906533
1593,0.45363056543456565
1594,0.4887589388974103
1595,0.4845513782895939
1596,0.5032749807235549
1597,0.6123182342199119
1598,0.5172587140564024
1599,0.3944001542376079
1600,0.6249704596342385
1601,0.5141253950418063
1602,0.4638073855405809
1603,0.7582981145920942
1604,0.37677155480971664
1605,0.45714418770037774
1606,0.6036999384403555
1607,0.5719696775998031
1608,0.5469366170340093
1609,0.5373238959279563
1610,0.47486158377595056
1611,0.5243982236776763
1612,0.4113732466148168
1613,0.4433185092362051
1614,0.36523852791904243
1615,0.6384932377994859
1616,0.7439469459764817
1617,0.37653148588257923
1618,0.47476348547456787
1619,0.576121461901084
1620,0.39168253704357825
1621,0.49350629039097965
1622,0.5412653297994712
1623,0.5455054269224925
1624,0.5350487941013582
1625,0.45430184112396543
1626,0.5505076152695029
1627,0.3747410882641992
1628,0.58583013978007
1629,0.4993537851352672
1630,0.5468503628243855
1631,0.5208289323443148
1632,0.6085303427682709
1633,0.42247899571800573
1634,0.38134052811952857
1635,0.638388179870737
1636,0.6012291146361126
1637,0.443738168467997
1638,0.3790325411817439
1639,0.5159209210244745
1640,0.5067036650368608
1641,0.5330649632396358
1642,0.3756645177030789
1643,0.5194128221026486
1644,0.4981720728070789
1645,0.5685284406436392
1646,0.4451246588634717
1647,0.5096202678144385
1648,0.4497439067910336
1649,0.5621178646493016
1650,0.643794111035536
1651,0.5078426574881162
1652,0.3875830333865757
1653,0.5705812010000529
1654,0.4316317187134783
1655,0.4328155999546137
1656,0.4836363311682138
1657,0.4492343447995023
1658,0.5441264582574276
1659,0.5260017956513157
1660,0.7205260720238221
1661,0.5582063873608638
1662,0.34130551398716363
1663,0.3822286269088534
1664,0.5017591555560041
1665,0.4985863437226498
1666,0.49273732453076663
1667,0.5217640462046961
1668,0.3062003829860179
1669,0.4272475503832867
1670,0.41866540501712624
1671,0.48340091273784025
1672,0.43049814439498607
1673,0.5281856319465126
1674,0.3632758799566773
1675,0.5454950030868218
1676,0.5733849767220944
1677,0.5581337175761363
1678,0.5356592169209857
1679,0.41754783958718295
1680,0.5910422804887903
1681,0.4709558663088088
1682,0.5754198017508378
1683,0.4992027034703692
1684,0.5747870234697361
1685,0.4028782304267136
1686,0.5316169989154709
1687,0.5341170668780071
1688,0.4328847909967514
1689,0.5253013159215881
1690,0.4981267112523751
1691,0.4271033574416113
1692,0.39098557551946617
1693,0.5719187365738662
1694,0.5016201469806363
1695,0.5312241432592649
1696,0.5176850226040134
1697,0.5798483654433355
1698,0.4897503972105782
1699,0.4246995896936179
1700,0.5542738390690634
1701,0.5265073821896741
1702,0.48412129339562227
1703,0.44165848456012863
1704,0.48122065360871896
1705,0.46982588451980284
1706,0.4503046541383087
1707,0.6861129231332145
1708,0.5623795644972424
1709,0.537985090758309
1710,0.5522200316657605
1711,0.5387574511443536
1712,0.45115576302607063
1713,0.3547467400585328
1714,0.5695222085109929
1715,0.5515801239688224
1716,0.48998631874047543
1717,0.49328030837028114
1718,0.5278707541406347
1719,0.5859212163229365
1720,0.47371247634708347
1721,0.5567744650683204
1722,0.6575176520040976
1723,0.4813942681903698
1724,0.5041052315723963
1725,0.4388228596968344
1726,0.5457386389717712
1727,0.41265930491671116
1728,0.3356209775646344
1729,0.4359076621616079
1730,0.5847851589380131
1731,0.5553596150367626
1732,0.7119369666727449
1733,0.5454195957768131
1734,0.4651736506154053
1735,0.5170112434298805
1736,0.42688517075694266
1737,0.38697410395852816
1738,0.4654136802780251
1739,0.4964252006939091
1740,0.7954762510247162
1741,0.4576024836367212
1742,0.35025900181319747
1743,0.4949281300003032
1744,0.4920950564362217
1745,0.5085543637175709
1746,0.5766321968156227
1747,0.3843290424237057
1748,0.4906262343289968
1749,0.623843474723812
1750,0.557529400190757
1751,0.5232187556854428
1752,0.656124573915193
1753,0.4935639068923512
1754,0.499744929804773
1755,0.499977913239574
1756,0.39046105942372966
1757,0.4646836853957664
1758,0.6723629652218153
1759,0.58870432128837
1760,0.5457773658909284
1761,0.5223929936684896
1762,0.468057207080275
1763,0.6644799241517413
1764,0.5685425219822998
1765,0.47320712653268504
1766,0.4778150444219272
1767,0.6182818897635197
1768,0.6244586031674882
1769,0.4223768253909401
1770,0.5575916407149526
1771,0.5747716733116451
1772,0.28510247268398425
1773,0.49785603485727553
1774,0.48364522927988973
1775,0.5182793802877216
1776,0.522502882098916
1777,0.5243502895661384
1778,0.3979550184597874
1779,0.4437480098381086
1780,0.5553206304927386
1781,0.4781296544110015
1782,0.4637872715778135
1783,0.5790855032426208
1784,0.4390357611609809
1785,0.6146942199280956
1786,0.5388144642882845
1787,0.4894765065457159
1788,0.3809603253646153
1789,0.4306360118299698
1790,0.638056876640801
1791,0.6239974697920102
1792,0.6559694341958863
1793,0.5041851751537678
1794,0.3233007587205795
1795,0.40083823954873876
1796,0.6213431469060554
1797,0.5223200146400558
1798,0.4667459027584321
1799,0.30191231493697246
1800,0.5674019924286684
1801,0.37160017246880606
1802,0.4768096329701369
1803,0.6696474104767989
1804,0.48502339944948175
1805,0.4388440316895553
1806,0.5017251889685493
1807,0.4676439127852419
1808,0.471974837805801
1809,0.7464042358533602
1810,0.42255472990332255
1811,0.3700866191728309
1812,0.3338279401691512
1813,0.4019780416931834
1814,0.5817427490688544
1815,0.435376616016066
1816,0.3816038572115682
1817,0.6209715304189458
1818,0.46642089691782035
1819,0.6624888401981698
1820,0.6079685613236053
1821,0.418832395646659
1822,0.5576006809566636
1823,0.5471955777683695
1824,0.5095195295209687
1825,0.48771664589981495
1826,0.3701281517808524
1827,0.4837936414751202
1828,0.5136099569161814
1829,0.6989702558726458
1830,0.6998400177330139
1831,0.515828300375194
1832,0.5166038048977274
1833,0.5414039947180393
1834,0.3651334380770178
1835,0.4263493675355947
1836,0.6138867655814952
1837,0.6081609564088302
1838,0.6626396143200209
1839,0.6010771211499466
1840,0.5881647845775074
1841,0.5880931496380748
1842,0.3511346970247492
1843,0.48364351162331526
1844,0.42796846782391607
1845,0.684454784786804
1846,0.5798963267442026
1847,0.4291957128568091
1848,0.5601572140939713
1849,0.4327826819084103
1850,0.5696131078348022
1851,0.39967983775743066
1852,0.5179424426858755
1853,0.5506651091737624
1854,0.6188588037293058
1855,0.40907533633001625
1856,0.38514524265658767
1857,0.6076549506073309
1858,0.39849080817557103
1859,0.43686455591372236
1860,0.48280626041258046
1861,0.5993929541989115
1862,0.5426707464515861
1863,0.5470610153337854
1864,0.4178224617385379
1865,0.5404543651593261
1866,0.38645656158946734
1867,0.4167155985560354
1868,0.39894188874282055
1869,0.536140178301262
1870,0.5408419728000708
1871,0.4965997336682288
1872,0.46357023772062544
1873,0.5213357293279862
1874,0.44575037090034203
1875,0.5086117909296224
1876,0.5017074875531169
1877,0.43116512561908715
1878,0.507598014127248
1879,0.3447512478095244
1880,0.5084361641596927
1881,0.4323581808239737
1882,0.6687059138166654
1883,0.29605364230142367
1884,0.6229040171276324
1885,0.4021163213076162
1886,0.4480414613157712
1887,0.5522402912583424
1888,0.5935264506422311
1889,0.5559496956578055
1890,0.5096181065443494
1891,0.44315518801715
1892,0.4162836256165004
1893,0.4702274114846304
1894,0.4522197691761171
1895,0.36641380948900015
1896,0.5184382280351723
1897,0.6172987960198981
1898,0.5638712120199739
1899,0.37597351544452207
1900,0.417064575204325
1901,0.51874296484323
1902,0.5727992425711993
1903,0.4852060019127745
1904,0.6335404564564624
1905,0.563701793353689
1906,0.8069834366977793
1907,0.6492150166359644
1908,0.38407594160935554
1909,0.432879581279914
1910,0.4972386473368895
1911,0.4919807913221987
1912,0.5371486009617411
1913,0.4712843879675525
1914,0.47788070839272856
1915,0.5744537922698472
1916,0.48758522719707337
1917,0.5284211882825475
1918,0.33819167697333696
1919,0.4655155103490668
1920,0.7570852492376088
1921,0.4020870408197941
1922,0.5776500947499029
1923,0.6719608551812196
1924,0.4798236609550657
1925,0.6617396171119049
1926,0.6082183977524875
1927,0.5379040754477701
1928,0.47099139724057354
1929,0.3914381720200772
1930,0.47609703950427584
1931,0.5131500000231993
1932,0.5638175457542701
1933,0.6588845835744317
1934,0.5427116293139163
1935,0.6783134702017131
1936,0.5698637148233643
1937,0.48678315373557046
1938,0.4872349727789122
1939,0.5302219326439859
1940,0.4253953629808355
1941,0.6486917230088969
1942,0.45965862457599527
1943,0.5921770059997328
1944,0.4470260635289605
1945,0.5050952143544815
1946,0.5469760610783776
1947,0.4727258541367162
1948,0.6785315040960356
1949,0.5890016133069305
1950,0.49596540978710046
1951,0.6518665205300492
1952,0.47025963760749667
1953,0.3114462740756565
1954,0.5441888274021737
1955,0.5823836392328768
1956,0.5326649408745301
1957,0.5287365320244108
1958,0.542878587668458
1959,0.6472972680795903
1960,0.4811861751714561
1961,0.48801543630257477
1962,0.43885904395577674
1963,0.5384153932103563
1964,0.5161885896905294
1965,0.5834845545514068
1966,0.5628220154849659
1967,0.39035197544517386
1968,0.4339065517783595
1969,0.6397070607727441
1970,0.4549379464396112
1971,0.6467657930674202
1972,0.4014505354236235
1973,0.5235637054329514
1974,0.5589732422632963
1975,0.5841771110751008
1976,0.3618249630871497
1977,0.3237925642689209
1978,0.5274892344465925
1979,0.6395177954475403
1980,0.5083820493161604
1981,0.5382358583596786
1982,0.66689986446302
1983,0.5750739773756893
1984,0.5307265932313954
1985,0.537618611201634
1986,0.3500809043820492
1987,0.6248620618150902
1988,0.5592663459032311
1989,0.5147269135803946
1990,0.38161986765170525
1991,0.48765823359411925
1992,0.6174162314863944
1993,0.5566816367473321
1994,0.47237860957770084
1995,0.7165729956741346
1996,0.44726901463919555
1997,0.5320780582683979
1998,0.49853414953383046
1999,0.43640716611425445
2000,0.5319743701298284
2001,0.586515495661599
2002,0.5761451828756554
2003,0.41500501794435923
2004,0.4390166345425181
2005,0.4242206460780101
2006,0.4617791915608463
2007,0.5455598061405449
2008,0.37986686874420217
2009,0.5246661729718758
2010,0.4564440065102012
2011,0.3636569366275366
2012,0.476678295827702
2013,0.4757308889246016
2014,0.6348721590335531
2015,0.4637615950824371
2016,0.6085387819034442
2017,0.659505786985938
2018,0.43590381532635686
2019,0.4423908576244004
2020,0.6379080082871033
2021,0.597897360242576
2022,0.46013717299199747
2023,0.4015514071314735
2024,0.6201565393437655
2025,0.5435418631501627
2026,0.38062982637132814
2027,0.4098030023318123
2028,0.46121101675929765
2029,0.47604302475377075
2030,0.5256633899874205
2031,0.6439900049963452
2032,0.526507754706866
2033,0.38689940331680256
2034,0.49764617560186547
2035,0.5520748381839267
2036,0.6645821078633926
2037,0.35765258065257777
2038,0.4342262768842077
2039,0.7373928129822321
2040,0.45285366090584456
2041,0.5458606238604469
2042,0.4502223360668001
2043,0.5880011701178615
2044,0.5482956801846001
2045,0.5674251100260534
2046,0.6662209471286413
2047,0.49872377890204894
2048,0.4674402370580665
2049,0.43248185042612847
2050,0.4422613905906834
2051,0.5071666246796844
2052,0.5481649562172093
2053,0.47230084989988586
2054,0.4027941620873572
2055,0.3606446748477146
2056,0.49994476537857124
2057,0.42014832669190433
2058,0.4180406648990361
2059,0.5452184189010577
2060,0.5118619187683118
2061,0.4665816307290971
2062,0.4800832800130156
2063,0.5511497123722705
2064,0.5271463078076943
2065,0.5242766827512979
2066,0.4041255061172369
2067,0.503146536194139
2068,0.5788731928674367
2069,0.44654971372828495
2070,0.5450509992295556
2071,0.5106295588452812
2072,0.4954773834908199
2073,0.4417330880148985
2074,0.5935621632911265
2075,0.4824056721944778
2076,0.5407140124624109
2077,0.33042839960044557
2078,0.47119733137955133
2079,0.440902581294378
2080,0.45498826929102837
2081,0.6132030778432741
2082,0.5609851718364953
2083,0.5456404780464809
2084,0.522898429714878
2085,0.64774541334289
2086,0.39750917874401626
2087,0.615351539507833
2088,0.5140995073581647
2089,0.5130609293979329
2090,0.49181319165081283
2091,0.5003440536317517
2092,0.5561733822950198
2093,0.573961980571958
2094,0.4957871000824992
2095,0.5028733218928174
2096,0.47269274662574995
2097,0.6436640895378966
2098,0.5439815784855685
2099,0.605416087444842
2100,0.49541304737259845
2101,0.4780532854351075
2102,0.4731212829486589
2103,0.3367661061453123
2104,0.694090338140833
2105,0.36651602081739265
2106,0.5255490593529817
2107,0.3980135773183933
2108,0.4282799244557724
2109,0.5266903097354063
2110,0.4337360230225874
2111,0.38606344826843536
2112,0.47366749617081366
2113,0.3867881511430524
2114,0.5845164885628868
2115,0.5897239968690777
2116,0.3202310861315856
2117,0.4717928218811515
2118,0.5714308950447529
2119,0.3959847846895964
2120,0.515858210466806
2121,0.5629415111006392
2122,0.453853517364222
2123,0.5807177297907755
2124,0.6170900895643775
2125,0.46107943218841724
2126,0.4623414719840623
2127,0.648896012528816
2128,0.45221473715556243
2129,0.5003360043545367
2130,0.40702182580357693
2131,0.4112742498380058
2132,0.6190266960395401
2133,0.29902797654558466
2134,0.40984681181846094
2135,0.5915433195986562
2136,0.6404025342414225
2137,0.4810102072166393
2138,0.4150641547644981
2139,0.6439735079775527
2140,0.42735021279919233
2141,0.5752362966622364
2142,0.5615405385609415
2143,0.5485998941953351
2144,0.556600938430601
2145,0.5444218663111163
2146,0.6547047647337607
2147,0.552346790590521
2148,0.5611574064312267
2149,0.5055673031185539
2150,0.5389923791752544
2151,0.5427631531578286
2152,0.4897096218384569
2153,0.485305960480714
2154,0.408370702637986
2155,0.5829628416976866
2156,0.4347088546199792
2157,0.5266086260291346
2158,0.5365452346169337
2159,0.5015685001207155
2160,0.41056173308477567
2161,0.4853443893333093
2162,0.2559045609770534
2163,0.5558968793657444
2164,0.5996493011686467
2165,0.5106191537530841
2166,0.4816825015154034
2167,0.45391250364144825
2168,0.610142360796859
2169,0.5289432188728126
2170,0.5629899905694374
2171,0.49102559664866696
2172,0.5178872052993779
2173,0.4338695829164569
2174,0.7859929395663172
2175,0.5515722252261159
2176,0.8237639100510163
2177,0.4200471486331838
2178,0.6404345193513623
2179,0.5144034068033486
2180,0.5965662225315638
2181,0.3445856539604524
2182,0.5955038288442682
2183,0.373118887677923
2184,0.5906407406092035
2185,0.3896374045273513
2186,0.5267120888974492
2187,0.6611491725577042
2188,0.5131020939752095
2189,0.4156799426360557
2190,0.39379993098354926
2191,0.6370208473080283
2192,0.6418294345305329
2193,0.4035611384542256
2194,0.44980031203005855
2195,0.47022242772452894
2196,0.38431371890613775
2197,0.3570453678816125
2198,0.5027468239662466
2199,0.4706103158445395
2200,0.6566993980269938
2201,0.3358884261840087
2202,0.5760852565466951
2203,0.49209557990723374
2204,0.5622103832088838
2205,0.5899492482914053
2206,0.5098603561343394
2207,0.5021314650909511
2208,0.4573899519611604
2209,0.5481230687684538
2210,0.513767407028655
2211,0.4187256849270334
2212,0.3928562938948036
2213,0.7101256798403115
2214,0.4539426912322091
2215,0.5134396510451031
2216,0.5076450887460403
2217,0.42771236258996265
2218,0.3621688658699217
2219,0.43292636006725305
2220,0.46377523129043075
2221,0.5252076439143671
2222,0.5043245496159442
2223,0.49597387259525094
2224,0.6089632472541002
2225,0.5408966978761819
2226,0.3560814924980043
2227,0.48115867401812296
2228,0.6356004413921279
2229,0.5329841367251942
2230,0.6553752885899119
2231,0.407990746101506
2232,0.540270772986405
2233,0.5625377937615526
2234,0.4655656554490697
2235,0.45452271993187443
2236,0.47909558982326544
2237,0.5813082007887436
2238,0.4918291022876934
2239,0.7566148226960129
2240,0.620164044882451
2241,0.4834138936127529
2242,0.521543663315996
2243,0.545467668894788
2244,0.303802667048509
2245,0.4858827316350017
2246,0.47289974137823637
2247,0.5134590459146917
2248,0.5571996637282854
2249,0.5789931687227343
2250,0.3516631268119932
2251,0.44211531479696775
2252,0.49350091381593886
2253,0.5543942144210571
2254,0.5066795695635689
2255,0.5378260121790558
2256,0.5871634265681911
2257,0.4661815759431842
2258,0.5071317462011681
2259,0.42566120577736827
2260,0.5071718854855619
2261,0.44261417293038147
2262,0.3686997893996152
2263,0.469709662398813
2264,0.633340220292527
2265,0.4855589713304053
2266,0.6294867763785241
2267,0.34702295263962
2268,0.44651560306772686
2269,0.5054074498725154
2270,0.43618490261738024
2271,0.5434304123991607
2272,0.49776254510738294
2273,0.44899576649849576
2274,0.46929875891191697
2275,0.570411358352031
2276,0.42300774226961624
2277,0.4948850625085878
2278,0.4737469107499904
2279,0.4424150861984416
2280,0.5846966510449154
2281,0.6771535099374862
2282,0.5429334264416158
2283,0.5150863705486853
2284,0.38094317544737455
2285,0.48163606726772656
2286,0.6349273593204121
2287,0.33821854736941004
2288,0.4130842237109069
2289,0.6174811085205363
2290,0.39476898045388104
2291,0.5156725306393658
2292,0.4777333912500542
2293,0.3506033594153743
2294,0.5822830060670392
2295,0.40659257369603596
2296,0.5083400290289092
2297,0.6228213531363538
2298,0.4795676090040517
2299,0.6214618113873385
2300,0.5793787054704242
2301,0.34918514088304164
2302,0.4772189138206678
2303,0.5055603720278483
2304,0.49765241894513584
2305,0.47082150480343227
2306,0.6207863972173341
2307,0.6549569000243545
2308,0.4911827324211834
2309,0.4791502462064051
2310,0.4487800126097728
2311,0.5539707377249894
2312,0.4298121474548311
2313,0.6061227572199623
2314,0.35584564898547194
2315,0.3882084657213828
2316,0.48589454685621297
2317,0.5312601063862602
2318,0.5102188904350659
2319,0.6451349893377228
2320,0.4663667452180934
2321,0.5294306550351432
2322,0.4769653836015056
2323,0.4239925348132699
2324,0.6316866182883846
2325,0.47590461067648887
2326,0.4554416682395299
2327,0.6168924778977358
2328,0.42817187324662337
2329,0.4593525427173798
2330,0.5307543828894893
2331,0.5329403094846223
2332,0.5388955980088805
2333,0.45042487756326816
2334,0.6610403843454495
2335,0.4029575175495859
2336,0.6549043712887428
2337,0.4135455150258983
2338,0.4314803969785368
2339,0.42122429394748107
2340,0.5569276915359214
2341,0.6723437167011136
2342,0.5735850149069629
2343,0.6677213799265863
2344,0.3323500313327557
2345,0.44883813858438804
2346,0.5278479336113412
2347,0.4607309065292278
2348,0.4318296765265027
2349,0.46147451707010667
2350,0.4348291559525923
2351,0.7824275600337098
2352,0.433215174689661
2353,0.44849463435493797
2354,0.485265322796933
2355,0.5038266075703491
2356,0.5558683066308585
2357,0.5863292124205468
2358,0.4132325193359684
2359,0.7129725785554535
2360,0.3490060139723786
2361,0.5747971924234518
2362,0.5518310798166283
2363,0.6304071138363085
2364,0.5911943502119985
2365,0.38198428337920476
2366,0.4926658271851425
2367,0.6589002923919671
2368,0.531126240663991
2369,0.5305763869043603
2370,0.5623382882825008
2371,0.49747070162032053
2372,0.6115333947701166
2373,0.5368610282439943
2374,0.47412193515903434
2375,0.38594848235823365
2376,0.6283134100676214
2377,0.5953415245567067
2378,0.3982968053120773
2379,0.6328214768979059
2380,0.4977323963954256
2381,0.5275947431467362
2382,0.510913726107189
2383,0.6424800385089489
2384,0.4306303180081899
2385,0.5749953443965764
2386,0.6188626936408727
2387,0.41208556021262377
2388,0.6173428937679841
2389,0.5269397683040473
2390,0.5742693524917962
2391,0.6430206312012366
2392,0.5765757374631335
2393,0.5511228272195224
2394,0.49205707735978965
2395,0.4989384209408983
2396,0.5366210737655828
2397,0.5133139740833875
2398,0.4392693037985932
2399,0.5872435405474955
2400,0.3651011837327558
2401,0.5724321640074135
2402,0.38527705082222996
2403,0.46518543497564946
2404,0.5266681716432486
2405,0.5429130284504459
2406,0.47684040455792864
2407,0.4399512291124877
2408,0.6890389937872531
2409,0.42169607416801097
2410,0.3966447333734196
2411,0.5084905448822197
2412,0.2884018664288259
2413,0.5744608509233687
2414,0.5576905884652392
2415,0.3889401291876657
2416,0.43318172695084906
2417,0.35610489468634904
2418,0.6072190724996767
2419,0.37121357158900586
2420,0.5825931687744967
2421,0.47462433009500726
2422,0.522265711881269
2423,0.5938811823802691
2424,0.5339763954532202
2425,0.541655818466725
2426,0.4471056798177955
2427,0.4458989583116534
2428,0.4678343227741798
2429,0.5511958266433724
2430,0.44354570265207544
2431,0.48066311222344094
2432,0.4856189248818747
2433,0.6455216623642712
2434,0.4512610921252444
2435,0.5154084669541996
2436,0.5571622888873179
2437,0.4304185535795639
2438,0.48521535345852274
2439,0.3697475905057747
2440,0.6157400956879493
2441,0.44126809308880927
2442,0.5310093369577045
2443,0.5303660795967752
2444,0.6807780217588695
2445,0.5415611608400791
2446,0.4989141537504353
2447,0.4548185087268197
2448,0.5754511243927982
2449,0.4827388894881651
2450,0.4174566491912224
2451,0.4611090751375205
2452,0.44224123226831225
2453,0.46464757970058423
2454,0.5520305261868824
2455,0.4816460059270617
2456,0.5124401383684558
2457,0.5295353804546324
2458,0.3647683315801722
2459,0.5740275739929672
2460,0.4690678730730002
2461,0.5775478417038622
2462,0.5407189745926466
2463,0.3853059533039349
2464,0.4305992440506058
2465,0.4702918410980996
2466,0.7156415684806465
2467,0.35009716514796074
2468,0.48267301491384496
2469,0.563763496960661
2470,0.4591390247643268
2471,0.5574829949560645
2472,0.39120055683563837
2473,0.43585360421873864
2474,0.6201946261126358
2475,0.5452660628967565
2476,0.5209326927373471
2477,0.4710948750888494
2478,0.5141029277517173
2479,0.5018160807932833
2480,0.45897566123222744
2481,0.5219471480817279
2482,0.6427837639138972
2483,0.46500329739906215
2484,0.33612989630382073
2485,0.45243694961733544
2486,0.5168652505917833
2487,0.3633295318961979
2488,0.48414586520608743
2489,0.5843186733141214
2490,0.3360916595103945
2491,0.5162808430933542
2492,0.5182044095158744
2493,0.6542528371787705
2494,0.5122732712773277
2495,0.4520403388679558
2496,0.5832695740661457
2497,0.508642873674624
2498,0.5437971224472163
2499,0.44301965488873574
2500,0.6346733504527837
2501,0.4191360450044675
2502,0.8223640440556751
2503,0.464993278266415
2504,0.7260052854664095
2505,0.5113909019195063
2506,0.597040235389934
2507,0.5535282736692424
2508,0.4187243135414693
2509,0.3149540929564462
2510,0.6481934350781047
2511,0.5670306336157673
2512,0.2641463573226255
2513,0.54420314467778
2514,0.6880093688200272
2515,0.41566523585707416
2516,0.4407137126828239
2517,0.5656153167603092
2518,0.619860531849627
2519,0.5992470331149456
2520,0.6730329075427172
2521,0.6989923601429597
2522,0.5255300216845553
2523,0.35525078490413886
2524,0.4352995204113571
2525,0.5498420230630251
2526,0.4938463300120021
2527,0.494242286689701
2528,0.5792157690731389
2529,0.6198078344922333
2530,0.4604164478472496
2531,0.4489662531052826
2532,0.6338010013608383
2533,0.3560850830107022
2534,0.5834226608508593
2535,0.6013061302128572
2536,0.4789509409301008
2537,0.6184451697593067
2538,0.6303976941649152
2539,0.31674387816864225
2540,0.6189576694575187
2541,0.49802438100124746
2542,0.4611349043537985
2543,0.4879861997958825
2544,0.5510481099279743
2545,0.41610299821066055
2546,0.4967162662245832
2547,0.4792130863799508
2548,0.5363160194551384
2549,0.43186748394107266
2550,0.5480611468008831
2551,0.48728957754881597
2552,0.6146265297579632
2553,0.6528683553361811
2554,0.5905022863130069
2555,0.4713511751433614
2556,0.43461625441870044
2557,0.5458391173557827
2558,0.4592513843092461
2559,0.6220926480183089
2560,0.5965335262041602
2561,0.5900196962375741
2562,0.552120065842794
2563,0.4910325057799976
2564,0.46279289146573543
2565,0.3827824823680689
2566,0.5363380250219454
2567,0.4740180202937356
2568,0.3995474149059212
2569,0.5431351139892324
2570,0.4784737342993986
2571,0.5309913003384272
2572,0.47711376330080846
2573,0.5983750248799999
2574,0.3050749125800163
2575,0.5342268777321293
2576,0.546162842202244
2577,0.6977688581590559
2578,0.4899776268476624
2579,0.5929910079743524
2580,0.3904015944881184
2581,0.45481316467362737
2582,0.6088868927342235
2583,0.45669573476616154
2584,0.5203556133201351
2585,0.43519104461618513
2586,0.5582556207921248
2587,0.45151581609733715
2588,0.3409951900353603
2589,0.6277004995906896
2590,0.5005456958660551
2591,0.5113529621955316
2592,0.535792738357403
2593,0.7958529769568334
2594,0.43055609266412614
2595,0.47901424379795265
2596,0.5510607071432482
2597,0.5162174560243024
2598,0.6430031606136164
2599,0.26125962762291755
2600,0.5696023252973228
2601,0.5246430992078559
2602,0.45983169307338195
2603,0.3989027805029573
2604,0.5350635107758193
2605,0.5015466846072989
2606,0.6059527596216684
2607,0.4641121109254912
2608,0.582351361541387
2609,0.6495541538149352
2610,0.5701463502620081
2611,0.6501586245587322
2612,0.5611113534377488
2613,0.4915545816408639
2614,0.5635863035199679
2615,0.5273313878497166
2616,0.6052468174943003
2617,0.5769669948338224
2618,0.3969640732020065
2619,0.4590915088049698
2620,0.4121716705458852
2621,0.5085889598204619
2622,0.49123852285031055
2623,0.7831189899124729
2624,0.5486706940832029
2625,0.3925059241788445
2626,0.5376021570920317
2627,0.52375592072768
2628,0.5098481129674907
2629,0.43057750712536175
2630,0.4912541784269156
2631,0.6682995663989435
2632,0.4679844780921307
2633,0.5808870024104137
2634,0.2832947857529534
2635,0.6683727299893859
2636,0.5101585466091244
2637,0.4262564675886186
2638,0.48402451242852645
2639,0.4366026056919393
2640,0.42156788555934666
2641,0.6547676699699312
2642,0.4606558746851989
2643,0.6516530027473819
2644,0.45732286121431787
2645,0.657083383174746
2646,0.5342974806271095
2647,0.6831543951639489
2648,0.3804094543302952
2649,0.5651658114484384
2650,0.48119812101370585
2651,0.31513111427254215
2652,0.3923702466935227
2653,0.5321264465746727
2654,0.5041518997640783
2655,0.4672870052431693
2656,0.5212850369434038
2657,0.41842475819092995
2658,0.5364632403132833
2659,0.455648467384305
2660,0.49285110989485464
2661,0.3413465037669592
2662,0.4461739016684444
2663,0.32901753936049943
2664,0.5090195335311336
2665,0.6062250533537837
2666,0.5989636702424395
2667,0.485545915498296
2668,0.5309773659029348
2669,0.49006104664036193
2670,0.5739259757262026
2671,0.5429419195760242
2672,0.4831667244242445
2673,0.577086427951013
2674,0.4158939638609406
2675,0.43458620731307807
2676,0.46873743214417773
2677,0.4540009881739593
2678,0.539140094472826
2679,0.5390263344007558
2680,0.46272534669687804
2681,0.42529515421306213
2682,0.5220858640976794
2683,0.3504378024791355
2684,0.5256484160270172
2685,0.5312476400629351
2686,0.5211336797020915
2687,0.5825284343289998
2688,0.6141314018131541
2689,0.5868646773682955
2690,0.5911467118481227
2691,0.5643701192271668
2692,0.601323329040017
2693,0.5555908525729424
2694,0.35704560764480225
2695,0.6752042062745698
2696,0.4618346153046958
2697,0.60818215388295
2698,0.45571584792491165
2699,0.4126918975270891
2700,0.3919484488225046
2701,0.40064850389983353
2702,0.5943387777404647
2703,0.5923583245622089
2704,0.5258710891043137
2705,0.3959960376930014
2706,0.4585149815424985
2707,0.6920572055234787
2708,0.4400998308640259
2709,0.6403986261811414
2710,0.8038067752862277
2711,0.7219940535381281
2712,0.47428019386834325
2713,0.3890707315339163
2714,0.47343691449489644
2715,0.5566055341259856
2716,0.47021723864350246
2717,0.43571697155713285
2718,0.5577311408152875
2719,0.4418773539345431
2720,0.7228319079290546
2721,0.5032599467091406
2722,0.45995506427588606
2723,0.6480944100035778
2724,0.5420172136721866
2725,0.4800437667064966
2726,0.5698090496372459
2727,0.42746070724881036
2728,0.5413684487462376
2729,0.7286033002165748
2730,0.40304846214332246
2731,0.6467732248250659
2732,0.4430822423255328
2733,0.5159386573274817
2734,0.5292877386436927
2735,0.5163625133666244
2736,0.47008969738141937
2737,0.4347639657798309
2738,0.4737226616135019
2739,0.49121475897109773
2740,0.38833714670761127
2741,0.38406675174451327
2742,0.389879866104237
2743,0.3848523749232067
2744,0.5567227371196545
2745,0.5232424371965395
2746,0.6730509544772008
2747,0.5601215538357073
2748,0.4925619235247216
2749,0.4977695810183526
2750,0.4946133328912708
2751,0.38800624699600694
2752,0.6370070110555436
2753,0.7102333328635289
2754,0.5583564260132049
2755,0.5423285232270079
2756,0.549666235885041
2757,0.6611758991682091
2758,0.47935289966736927
2759,0.4404920533649877
2760,0.4881152457078019
2761,0.4419055670502449
2762,0.5217622784180697
2763,0.6808238240205143
2764,0.4776302302676238
2765,0.5137946958192504
2766,0.5305682384779596
2767,0.38047959556697347
2768,0.47524353596294217
2769,0.4887800948015751
2770,0.4409149323229995
2771,0.4862057064459586
2772,0.50425148309678
2773,0.5345165887399516
2774,0.4880922637880195
2775,0.363033129076826
2776,0.47766347947846316
2777,0.5019617538498519
2778,0.4577496731952214
2779,0.5636816602012822
2780,0.46530992420207956
2781,0.5530642590345144
2782,0.5633970384164991
2783,0.514434392011455
2784,0.4177005182195309
2785,0.4390876278024856
2786,0.5856060765425712
2787,0.5595767650797832
2788,0.28202797462527696
2789,0.5381662193605303
2790,0.47008807061502966
2791,0.49390322992023344
2792,0.5029170839255637
2793,0.4354669990508218
2794,0.7285444474835941
2795,0.4677877851961036
2796,0.5098750045098712
2797,0.4497588473451009
2798,0.5798432428459168
2799,0.41266721487430724
2800,0.46672078234057907
2801,0.7427473877075598
2802,0.3745414944047935
2803,0.5756484238765635
2804,0.5082098501775848
2805,0.44968379582820855
2806,0.6230024600981786
2807,0.4311363362326197
2808,0.5782362205869594
2809,0.43764993884764014
2810,0.4865541382492865
2811,0.5132231042566602
2812,0.5398202279628095
2813,0.5240846642820983
2814,0.4540588883346483
2815,0.47962311476744324
2816,0.7438579396561438
2817,0.6194956379608962
2818,0.6366698547137453
2819,0.6282681343935977
2820,0.5187367886611811
2821,0.46557092928034083
2822,0.6764479715953977
2823,0.5315694332148062
2824,0.39017498274657575
2825,0.5950869418491641
2826,0.47692413717597143
2827,0.5209789848553472
2828,0.36411093540194656
2829,0.3944047869544902
2830,0.5797823990943037
2831,0.4080104118488609
2832,0.38419596810162393
2833,0.5191427432637762
2834,0.4842332748071866
2835,0.5338688997530461
2836,0.45531371578220836
2837,0.5696927906842051
2838,0.4687549257541168
2839,0.3426833289736588
2840,0.4526833848619586
2841,0.411579877974548
2842,0.4915805007061311
2843,0.46651710843924843
2844,0.49699463677405353
2845,0.4544326023327213
2846,0.5097309510813083
2847,0.5235658889108804
2848,0.49566115587688714
2849,0.4879138269442045
2850,0.5120308053838625
2851,0.48542424215024843
2852,0.8218292324921309
2853,0.43566720741294324
2854,0.5858016785078015
2855,0.5220711087290776
2856,0.6694243379810505
2857,0.42597406460429205
2858,0.7008302096687861
2859,0.5077065078054551
2860,0.7915270888201159
2861,0.5626795106530018
2862,0.4075046948480294
2863,0.45196066963383236
2864,0.6630484935318692
2865,0.45251941994727635
2866,0.492265180652762
2867,0.5195333315868195
2868,0.5172324826708935
2869,0.46007538617438953
2870,0.48483207116052063
2871,0.6658107664198875
2872,0.4567274490602985
2873,0.4919860209850799
2874,0.4626379179256023
2875,0.5539196467184382
2876,0.5437311666974805
2877,0.4747046307911409
2878,0.5378548863793831
2879,0.45303553898571625
2880,0.3719979847775443
2881,0.43250287996778936
2882,0.4797125230347941
2883,0.6865901339797186
2884,0.4527305256348781
2885,0.4336366075072051
2886,0.6142816328215136
2887,0.41662220220505336
2888,0.46650323424661955
2889,0.43751860757275496
2890,0.3617373766347241
2891,0.523198717408371
2892,0.47648537065293844
2893,0.40344557200249864
2894,0.508297352492231
2895,0.4870268073528462
2896,0.4377735665847272
2897,0.540641792572384
2898,0.4789022918057504
2899,0.6625691543815188
2900,0.5467065280163025
2901,0.3853889618608328
2902,0.4470523632869714
2903,0.5027825499639655
2904,0.549745780478878
2905,0.40303291331437013
2906,0.48616224771227795
2907,0.4502446947542148
2908,0.44483895861370754
2909,0.467107473808008
2910,0.48916146920141224
2911,0.42742178307002554
2912,0.694666692356356
2913,0.5844226836928086
2914,0.36692203028382236
2915,0.49492094900372435
2916,0.39312646702053694
2917,0.6240830729815503
2918,0.718881884385681
2919,0.47010375342979793
2920,0.4195298342852258
2921,0.5209917408639012
2922,0.5590382857666378
2923,0.4437640695791244
2924,0.72271291669457
2925,0.5567656923007488
2926,0.6450297184863759
2927,0.455880982186519
2928,0.392176416635459
2929,0.44559189596925897
2930,0.5436021644221933
2931,0.3598786057773284
2932,0.6602396823870291
2933,0.5374611212083779
2934,0.6338200704337226
2935,0.4824937717523432
2936,0.38941887344077064
2937,0.6237476893250178
2938,0.40102880177036054
2939,0.43350806550904747
2940,0.6230869806290811
2941,0.6233871634174655
2942,0.5316209432287349
2943,0.3896410367917128
2944,0.4851923373761478
2945,0.6126824134294128
2946,0.41071595535951466
2947,0.5954206907434509
2948,0.41823532912976635
2949,0.4586578649810183
2950,0.4397395499045691
2951,0.4174723257007059
2952,0.4370981708719272
2953,0.6082627844185257
2954,0.5309167754842935
2955,0.4310293412558187
2956,0.47168322259880335
2957,0.6348427192682454
2958,0.6643350154292115
2959,0.41847964217349104
2960,0.39951881751479135
2961,0.46663327314460085
2962,0.5114771944278355
2963,0.47955167528237885
2964,0.4325940611087364
2965,0.6361007615649734
2966,0.5542291268302348
2967,0.4397133320598118
2968,0.7707392182601633
2969,0.7354082694515722
2970,0.5345636517195418
2971,0.5501415842311846
2972,0.4110567886583112
2973,0.6239758361395139
2974,0.5338465564671586
2975,0.4278586349043516
2976,0.6529763033512161
2977,0.4112597561052158
2978,0.6678520746952941
2979,0.4808123533371265
2980,0.4919718814663574
2981,0.5270860089351124
2982,0.5445547006332292
2983,0.48305162961902004
2984,0.4485480578346732
2985,0.4525550591823566
2986,0.5874758936936785
2987,0.42998591262218366
2988,0.7703377000062639
2989,0.4549338833225149
2990,0.4669888998432274
2991,0.5151767381943256
2992,0.4692753023571152
2993,0.5340646171634265
2994,0.5551503464307738
2995,0.4716105985189203
2996,0.4453296327047369
2997,0.5273168096101556
2998,0.5434899263216297
2999,0.4546039825729139
3000,0.6021422030665741
3001,0.5865926829706362
3002,0.41165648236864716
3003,0.5625711798385069
3004,0.5426247185226505
3005,0.43209387067604116
3006,0.4751991500251305
3007,0.5594330955082498
3008,0.4537711281606586
3009,0.532149652393156
3010,0.5140828343244055
3011,0.3876535978913677
3012,0.5980172815501871
3013,0.4562123512283313
3014,0.5448365412291641
3015,0.768126199619646
3016,0.6105637052171002
3017,0.49299196042033677
3018,0.5207325394096911
3019,0.5060306035639294
3020,0.44568339735090334
3021,0.5239243970117017
3022,0.523609466257049
3023,0.31273125108143507
3024,0.5718293595485379
3025,0.42171159095919053
3026,0.6010057370270683
3027,0.5604676188039064
3028,0.5367255427579062
3029,0.5149132254361682
3030,0.49893201520752845
3031,0.6723764539311081
3032,0.41935719936806476
3033,0.46962876358045597
3034,0.6881492275142403
3035,0.42910635979229905
3036,0.39711923563609514
3037,0.5058013521068696
3038,0.5865359220070897
3039,0.43851163622588024
3040,0.5942667611335479
3041,0.48103912748815497
3042,0.5460805108613898
3043,0.5955244146014782
3044,0.5213939571316694
3045,0.5125261533275243
3046,0.4081759841644033
3047,0.5924280759782253
3048,0.4275823052464795
3049,0.6099219907746135
3050,0.5978344524126731
3051,0.41099265885819203
3052,0.467718843386367
3053,0.557045503557143
3054,0.36732931539408736
3055,0.4048098149448196
3056,0.42860652358545775
3057,0.5014945848898947
3058,0.713534267955827
3059,0.4344559121257963
3060,0.4551566190876385
3061,0.5472398400834222
3062,0.3185849935959334
3063,0.507400427737018
3064,0.5217763513797721
3065,0.5580753532378366
3066,0.594838506521504
3067,0.4592504052383704
3068,0.4477445564577368
3069,0.46623342333837753
3070,0.54990530400296
3071,0.5324975675423452
3072,0.44852534826394075
3073,0.5458625417730814
3074,0.6821461853975951
3075,0.7265072855560727
3076,0.4781642560485112
3077,0.5228840842723369
3078,0.41954065457650097
3079,0.5559594151898871
3080,0.5040473479118566
3081,0.5351581340469095
3082,0.4317673771987789
3083,0.5022352986515911
3084,0.637865138252668
3085,0.7188821160996808
3086,0.5265345343878577
3087,0.5756185696358801
3088,0.7211841405798143
3089,0.5924072744385355
3090,0.5705661591518906
3091,0.3802171675916493
3092,0.5379826512616166
3093,0.6916043968442118
3094,0.4008522493096385
3095,0.5543068015992735
3096,0.4829395332436274
3097,0.5299723709478895
3098,0.5721574128923952
3099,0.4264302267162699
3100,0.6308623184964578
3101,0.4718031123312743
3102,0.3612894986540506
3103,0.574671035960979
3104,0.47440760150750094
3105,0.7389585426723172
3106,0.5028236772898492
3107,0.641970127771557
3108,0.6079140871921174
3109,0.4661759644470388
3110,0.5790932356840401
3111,0.5536140489231121
3112,0.4162672146198769
3113,0.4582733516668413
3114,0.5964088789705332
3115,0.3889055336868396
3116,0.38750373407974714
3117,0.5786481255550906
3118,0.43017673690929925
3119,0.5165058941237796
3120,0.7426006654467636
3121,0.5323578446416929
3122,0.5609606724919505
3123,0.5042616746505113
3124,0.6505615832624042
3125,0.6125836597307801
3126,0.417469574142043
3127,0.4756172752877658
3128,0.4823587439201996
3129,0.3870115611545165
3130,0.5141466083684821
3131,0.5401184583347406
3132,0.2849120088218751
3133,0.6594511657897879
3134,0.6217009082299576
3135,0.41805524697348784
3136,0.4774942777533835
3137,0.5320392690622987
3138,0.7132228467341334
3139,0.6704011151279954
3140,0.477637981888557
3141,0.48667680575935596
3142,0.6743517841313184
3143,0.4051805205567609
3144,0.606095092791745
3145,0.5296179072801259
3146,0.5292983983194277
3147,0.7451783393111083
3148,0.43899419190937405
3149,0.399630487193277
3150,0.5532419993666413
3151,0.5015128569638625
3152,0.4871373019664383
3153,0.5409367597413914
3154,0.5852090567885126
3155,0.3729343816227957
3156,0.4750942053363374
3157,0.566601790031641
3158,0.6094220285953428
3159,0.4737136712354915
3160,0.5931957273499938
3161,0.4610576885053894
3162,0.5764151585560376
3163,0.5506571134469711
3164,0.4107066852295887
3165,0.5340897271174642
3166,0.5201707121812287
3167,0.5605881872570816
3168,0.6536225261097024
3169,0.7675420257989927
3170,0.4242498720550567
3171,0.44989132915943353
3172,0.44208620149394395
3173,0.4138517408658281
3174,0.4350436208098477
3175,0.4892262040106411
3176,0.6248300367176781
3177,0.4683725366156767
3178,0.46235416633568943
3179,0.5417293068983745
3180,0.4121979337445228
3181,0.48626866582851386
3182,0.4666114813906302
3183,0.5649517351160165
3184,0.574617870489801
3185,0.37646946694493544
3186,0.5015524624030315
3187,0.4582333083107319
3188,0.5779197462920407
3189,0.49343348482104726
3190,0.6983207726773131
3191,0.5094862716236191
3192,0.6482352359181082
3193,0.5266612395032233
3194,0.4013474382615422
3195,0.6133755793133164
3196,0.4406065701680031
3197,0.6467232510933377
3198,0.3011718810215877
3199,0.5448074502934388
3200,0.49922092241173743
3201,0.41688134328294557
3202,0.5750703753240249
3203,0.513541429816908
3204,0.6049298268549007
3205,0.608310676590495
3206,0.48802030004387115
3207,0.6534809956207184
3208,0.7425970594687076
3209,0.4406850160032397
3210,0.47385066971471934
3211,0.4603423892019885
3212,0.558894487767721
3213,0.4768614850090304
3214,0.3793266528085244
3215,0.37709488892909193
3216,0.5041436538409657
3217,0.6326625432342066
3218,0.48899799704592395
3219,0.4810099667601971
3220,0.600219479535415
3221,0.3857318070038027
3222,0.5513667427458309
3223,0.4785944589860191
3224,0.47182123427304895
3225,0.53005418051092
3226,0.5906730400420956
3227,0.5666225092808834
3228,0.4333911001603784
3229,0.42873595998625985
3230,0.759642804285367
3231,0.5221349886094343
3232,0.4555976598255839
3233,0.47259022381539717
3234,0.5463644316114282
3235,0.6200767353945951
3236,0.5071282348273718
3237,0.49984701026407535
3238,0.480065495786304
3239,0.7100077067879497
3240,0.4695563778105407
3241,0.6266297975618909
3242,0.5305459712417491
3243,0.35465945338923993
3244,0.4032441069514745
3245,0.5212377012918796
3246,0.49746046560017054
3247,0.6357839155908905
3248,0.4967220802187119
3249,0.530238415023936
3250,0.4623572765183282
3251,0.6190425649977186
3252,0.36332307472240616
3253,0.5603076314016818
3254,0.6638623041554225
3255,0.5441028918601004
3256,0.7203095434208747
3257,0.44917339221151015
3258,0.4813156331978751
3259,0.3916666046314349
3260,0.5568373911632496
3261,0.5544120945845487
3262,0.5499482571033804
3263,0.37399329828199734
3264,0.6769927460181548
3265,0.36665241450562647
3266,0.5374183278439175
3267,0.47309609286849885
3268,0.4915632709513873
3269,0.5599950600715824
3270,0.570720611770283
3271,0.5895910921586698
3272,0.501469268183189
3273,0.47174581023059153
3274,0.6100710982229368
3275,0.5387532739351163
3276,0.6864105241371161
3277,0.6953016754624675
3278,0.38653389989300296
3279,0.5712306799849022
3280,0.4432010539330845
3281,0.50200350401811
3282,0.4918056929767419
3283,0.5735195721184136
3284,0.490890356203262
3285,0.5844027971459138
3286,0.5731266022550701
3287,0.5885993538912642
3288,0.572889653848648
3289,0.5497938974509341
3290,0.5103972316767301
3291,0.5552380963620612
3292,0.5087363237141643
3293,0.33557834442573126
3294,0.4456100931618895
3295,0.422954580752975
3296,0.39945321951029744
3297,0.49035153699071643
3298,0.5944083113892472
3299,0.6719699708009681
3300,0.4040456325680013
3301,0.4307558113706742
3302,0.467209523039927
3303,0.47971711440901876
3304,0.38339017603875003
3305,0.5822217028659701
3306,0.6851255197790198
3307,0.45635355770756436
3308,0.43820873845086034
3309,0.43803174353751984
3310,0.42891420426361493
3311,0.5771092949698443
3312,0.5237501867854901
3313,0.5141049641113788
3314,0.7303569274514994
3315,0.47186399773862897
3316,0.3877541429247322
3317,0.5635591363574688
3318,0.6173150770401663
3319,0.6414671685241141
3320,0.5873284180850353
3321,0.5012038694841272
3322,0.37278705395237144
3323,0.557934942055116
3324,0.45884302189453735
3325,0.5374801010369828
3326,0.49320636339453666
3327,0.5028345982885197
3328,0.5969394748878767
3329,0.5444877697279084
3330,0.4711774488342078
3331,0.5247585799167963
3332,0.6091770217693386
3333,0.3098513248432232
3334,0.5716700608762075
3335,0.5805242354546809
3336,0.5199294685273043
3337,0.5807218408358806
3338,0.48105151469364016
3339,0.47909946577318924
3340,0.48890268166647366
3341,0.6633955073120203
3342,0.4021400818429925
3343,0.3843676434168319
3344,0.5475694790695693
3345,0.5365928543503743
3346,0.379668079612831
3347,0.5719052633428159
3348,0.5709723261168762
3349,0.6213908915023865
3350,0.3825695578084495
3351,0.5408283040268537
3352,0.5347004917907858
3353,0.5663298010309453
3354,0.7569306238715822
3355,0.3968876556078975
3356,0.514646463255454
3357,0.5273328776169216
3358,0.4629648647286182
3359,0.45274562091269493
3360,0.5546158581014472
3361,0.5726195841847618
3362,0.3609601501848194
3363,0.5386445008675674
3364,0.5122361251213811
3365,0.374265915718226
3366,0.3137753346042156
3367,0.47519881099979133
3368,0.53707503829997
3369,0.3411400116035213
3370,0.6096725884907661
3371,0.4307990994768703
3372,0.4910614117067701
3373,0.47953280969274914
3374,0.5206897367779839
3375,0.5736451604438367
3376,0.3557597374143828
3377,0.3821956844150426
3378,0.4786954013465535
3379,0.4975253432556495
3380,0.5887754748319257
3381,0.6649690578687092
3382,0.41042501689915395
3383,0.4803286906055142
3384,0.599963511460093
3385,0.49569587294180845
3386,0.5444955436519082
3387,0.6233222762262639
3388,0.5971245391529176
3389,0.45290950616477205
3390,0.5786559890761065
3391,0.5171007011525766
3392,0.5998643846595346
3393,0.46748388088668075
3394,0.5537647634335285
3395,0.4084628939825817
3396,0.5200792727908635
3397,0.4827433945163163
3398,0.4315358165145454
3399,0.4407502550339894
3400,0.542383661766199
3401,0.6934585144794612
3402,0.36369461859606567
3403,0.48925993446402183
3404,0.4968674759372198
3405,0.4094249891834292
3406,0.6717170460183701
3407,0.44788554303005557
3408,0.40376609469773406
3409,0.5128178680777681
3410,0.716111308725618
3411,0.5621130135105917
3412,0.3967726391579673
3413,0.385581287254806
3414,0.6262482687876422
3415,0.3632164255248602
3416,0.6752828822638351
3417,0.4682578367758595
3418,0.4668359484664444
3419,0.6217344680654842
3420,0.43204076109309264
3421,0.5458018222772839
3422,0.3855282498398114
3423,0.6411623836811503
3424,0.48046086722933523
3425,0.5162181424722656
3426,0.46592431874587503
3427,0.5518103879582071
3428,0.4738478107479306
3429,0.7660423526940783
3430,0.45183434738123956
3431,0.46519093270124035
3432,0.4075974555735101
3433,0.3302314774854015
3434,0.5848799400171202
3435,0.7236847079846632
3436,0.4637708736668809
3437,0.5510337916193871
3438,0.4034099325394322
3439,0.46251258372742743
3440,0.5016811016782422
3441,0.4029470357556753
3442,0.44719881565966396
3443,0.5147400064966133
3444,0.5725471961840198
3445,0.5280958784719483
3446,0.6291300815235659
3447,0.524968953864398
3448,0.5417163992238144
3449,0.5636715915291993
3450,0.4041679361012992
3451,0.38964842024795143
3452,0.4285065965719461
3453,0.4648379628746975
3454,0.503320834303993
3455,0.5087249469929991
3456,0.5755338299877899
3457,0.5039938981167159
3458,0.47821122388131776
3459,0.41426138433016146
3460,0.6750035722055945
3461,0.5058010962994925
3462,0.42842452633768285
3463,0.7570920254665269
3464,0.49128440108356025
3465,0.5208899406322416
3466,0.7836965189779068
3467,0.5960920740299812
3468,0.6044668940352226
3469,0.44600691025656997
3470,0.5881221054876355
3471,0.5095136601180046
3472,0.518115610978552
3473,0.5435346292737149
3474,0.4403570770304233
3475,0.5313209648901662
3476,0.5185876632543244
3477,0.5401763256315184
3478,0.5661908808638367
3479,0.7291771365622728
3480,0.6062807857491912
3481,0.5189374809070542
3482,0.49046447991175834
3483,0.7080161949233359
3484,0.4265629325387015
3485,0.71480512219949
3486,0.4642950771720353
3487,0.7540845440220959
3488,0.5909166575904954
3489,0.618420765727443
3490,0.3909225402062216
3491,0.578258374322398
3492,0.3887824533775407
3493,0.3427104728942598
3494,0.6551650454278435
3495,0.7412195563287733
3496,0.5062084900532872
3497,0.5396082296357572
3498,0.6359653451958238
3499,0.5127924666746603
3500,0.6410401933740176
3501,0.527048612676381
3502,0.568362659489716
3503,0.36607098235884084
3504,0.399209568219276
3505,0.5756159314721974
3506,0.6205975191354847
3507,0.47582335472281867
3508,0.6194642408935354
3509,0.7170051624958533
3510,0.5146676217869754
3511,0.3415693283256628
3512,0.5070529685681076
3513,0.4563273014368721
3514,0.5929836550333074
3515,0.4638059619714758
3516,0.36411905460153826
3517,0.34322227489829815
3518,0.46456383785933114
3519,0.32383944845743096
3520,0.4513518825204957
3521,0.5255306291578401
3522,0.4111501104296633
3523,0.4288598998017841
3524,0.457133626590314
3525,0.49718826131578947
3526,0.5783716146806103
3527,0.43231770915554374
3528,0.6251156389735437
3529,0.5243094245647252
3530,0.5111841530177642
3531,0.6821652138515588
3532,0.5841923868213073
3533,0.42478489758516297
3534,0.4201320556826842
3535,0.48613247513287705
3536,0.43715640106904674
3537,0.4639199310586451
3538,0.696089521997389
3539,0.5681896391160147
3540,0.4452346123458473
3541,0.49284722183594337
3542,0.48734114263035005
3543,0.6124437842882999
3544,0.4769556466029898
3545,0.6721810576972388
3546,0.8393919609357081
3547,0.4038787482941889
3548,0.5762963494802753
3549,0.6434431492581778
3550,0.549970693309626
3551,0.40718475941141424
3552,0.707900071401253
3553,0.4869000505467488
3554,0.5858541565379741
3555,0.5986167960967672
3556,0.49263793290255015
3557,0.4328957814875053
3558,0.4414361379879904
3559,0.42528796334676494
3560,0.6993894963690479
3561,0.4821009402946527
3562,0.47208553106481344
3563,0.6841209591127768
3564,0.5032182729812956
3565,0.4919507136573825
3566,0.5963082863810905
3567,0.7236778936869599
3568,0.6222705697931719
3569,0.5401305590983211
3570,0.4268756368082946
3571,0.4935275066660601
3572,0.42077312514308074
3573,0.3903663368233721
3574,0.4277007581842062
3575,0.5377590669105803
3576,0.5165746022837957
3577,0.5391256354180333
3578,0.5562402967834199
3579,0.5509105860560446
3580,0.5164004251996943
3581,0.6009865734057778
3582,0.6479309435036542
3583,0.552401051344439
3584,0.5947314586553057
3585,0.5389424294616476
3586,0.48319324666670393
3587,0.6986057339920927
3588,0.41016817583008014
3589,0.31788037875489505
3590,0.4658679106678196
3591,0.34909548420499914
3592,0.4576141426948769
3593,0.4618099254147682
3594,0.5982871383557831
3595,0.3557657645012547
3596,0.652428772919242
3597,0.3881139709333935
3598,0.4743410893460394
3599,0.43565663325959453
3600,0.5329953016220224
3601,0.5840228436665341
3602,0.5807421687457182
3603,0.5346016504974124
3604,0.47063844233198354
3605,0.4801093792297836
3606,0.4808839242714208
3607,0.5085417757505228
3608,0.5986636015375952
3609,0.6167626010738116
3610,0.6102097866093217
3611,0.46453938426537256
3612,0.849740980544696
3613,0.41027748237569484
3614,0.49116493516824267
3615,0.46999302394126014
3616,0.4941994784422763
3617,0.35607902723308305
3618,0.5079767153504968
3619,0.5006227359774545
3620,0.5106902448179839
3621,0.5912897654750473
3622,0.6286066713426598
3623,0.5960829461107298
3624,0.2969839917077417
3625,0.44585675368349115
3626,0.47024375178869054
3627,0.5152122870428745
3628,0.5210955565086107
3629,0.43241496668803936
3630,0.7002609987545085
3631,0.40307188281137996
3632,0.4772646022113247
3633,0.5571791635697045
3634,0.43478854575940995
3635,0.46329445099011696
3636,0.29887242021217886
3637,0.5712650996028297
3638,0.5832619272607016
3639,0.5412060726075187
3640,0.6300617482005875
3641,0.5956302238831587
3642,0.6003421028097742
3643,0.4993371222071166
3644,0.5976449444639713
3645,0.5627447636423802
3646,0.6238509914875557
3647,0.4212124735386986
3648,0.4526610138551803
3649,0.48387205785183496
3650,0.4596835149651031
3651,0.2697719867528271
3652,0.39804632326464157
3653,0.5046519098378046
3654,0.45656481938590804
3655,0.43219428479304756
3656,0.4962467111893937
3657,0.4795952210582783
3658,0.6209837648410591
3659,0.47793671730064496
3660,0.6159784200105692
3661,0.3871010789688849
3662,0.46003458574201034
3663,0.5198742453512141
3664,0.44402233224286675
3665,0.4511079400266696
3666,0.44143131360900756
3667,0.44294573967338785
3668,0.5588759197888935
3669,0.5556012272667377
3670,0.48142825647403037
3671,0.5293750325709389
3672,0.3316067291458784
3673,0.46166879718885545
3674,0.42361307828651995
3675,0.5465326536891205
3676,0.5423291657932233
3677,0.4750234012329846
3678,0.5435136757008857
3679,0.5729537834020705
3680,0.5358211039323412
3681,0.5565215063806817
3682,0.39743088516629954
3683,0.5122499764194632
3684,0.5150577569968202
3685,0.48065867184256256
3686,0.45602617806987333
3687,0.7210214856897005
3688,0.47009484638064364
3689,0.5757248350843092
3690,0.4039133766065124
3691,0.5054244195109852
3692,0.6003113445668233
3693,0.6113258103133432
3694,0.4653682640155959
3695,0.34772235288619535
3696,0.4190307277868815
3697,0.5208890028568347
3698,0.5359042733103166
3699,0.4062186281876161
3700,0.4314615827845422
3701,0.6033160506971998
3702,0.6781786405377463
3703,0.6703979267719109
3704,0.5132133662834956
3705,0.692690001891336
3706,0.571567264098502
3707,0.4209207837742711
3708,0.5378478305604396
3709,0.43612538267551965
3710,0.44624664167457895
3711,0.5685375879297677
3712,0.49305880614988806
3713,0.710209416072149
3714,0.5911780248526981
3715,0.5484224551844292
3716,0.2787692022973725
3717,0.679287894060152
3718,0.5998870983745674
3719,0.4882597619436972
3720,0.5238151667369166
3721,0.6142002900730092
3722,0.6085024148482991
3723,0.40397616069839465
3724,0.6866037700133818
3725,0.41576218671042126
3726,0.6535241664374126
3727,0.5272889251918902
3728,0.42745304720271937
3729,0.49934584003678745
3730,0.8096245474700681
3731,0.48812996310669193
3732,0.6187669860483538
3733,0.5013665021396296
3734,0.4807935087539789
3735,0.6200721167286523
3736,0.5380378096510428
3737,0.3992139885706213
3738,0.547971527279949
3739,0.49572496800135774
3740,0.6564271631118022
3741,0.4623627705505929
3742,0.37201026855929675
3743,0.5766110520171309
3744,0.3707633559254192
3745,0.5490703327030856
3746,0.4915396878286135
3747,0.4373499062852736
3748,0.4180113876295594
3749,0.7232615248213607
3750,0.6214932485528186
3751,0.4853161616418744
3752,0.49518450914415535
3753,0.49665156215021666
3754,0.42848226293754244
3755,0.45641274422203065
3756,0.5283600343749079
3757,0.42809756584812275
3758,0.4277585292760551
3759,0.440178418114828
3760,0.562284276786108
3761,0.49103700987001075
3762,0.4422714931848068
3763,0.4647655134328737
3764,0.5197086265049146
3765,0.5292410558384469
3766,0.6914831043162659
3767,0.47730359783536835
3768,0.696189254255569
3769,0.5561057032965941
3770,0.5660911327369679
3771,0.5786141673876166
3772,0.5505941426677086
3773,0.677544469372661
3774,0.5493047617362037
3775,0.3835974404327587
3776,0.5102158472323866
3777,0.49012711623806066
3778,0.5452940887902561
3779,0.5901833269465975
3780,0.49406025059358666
3781,0.5529032171578332
3782,0.46868302007905505
3783,0.419997100273361
3784,0.4384667336598265
3785,0.5448866614175317
3786,0.5320163532984195
3787,0.6141070804694544
3788,0.7429091918740831
3789,0.5003925275853492
3790,0.5646826463449138
3791,0.509448959290125
3792,0.43446278321461196
3793,0.46949607951479283
3794,0.6018619574597307
3795,0.2830344672301614
3796,0.6221524807388492
3797,0.5398165554082303
3798,0.46558809301674564
3799,0.5424291546612509
3800,0.42168643084382207
3801,0.6089441557890368
3802,0.44533987127697533
3803,0.4788058206924475
3804,0.4871410085688317
3805,0.5557415733075882
3806,0.46648493031111027
3807,0.44733218267990604
3808,0.5883724979188035
3809,0.7649112539796616
3810,0.4738863755288938
3811,0.5080501870855784
3812,0.5502439705756692
3813,0.4756053083314767
3814,0.5559158492320019
3815,0.4673570568623949
3816,0.43114756885731537
3817,0.4237583836932418
3818,0.40025239389360256
3819,0.5408710535261022
3820,0.6895508130082326
3821,0.468047449868491
3822,0.5240066059212137
3823,0.4696797812895122
3824,0.6660269336529925
3825,0.5327244627482758
3826,0.7303539160311403
3827,0.4801070982102337
3828,0.5903596017881172
3829,0.5416747211869323
3830,0.42179486005488526
3831,0.4997054713500098
3832,0.48800423916249225
3833,0.5655163807266042
3834,0.5363413461642493
3835,0.4264610756962938
3836,0.4598642574427036
3837,0.5124375113718805
3838,0.3825716604912608
3839,0.5120817863345829
3840,0.5348414393886852
3841,0.44555403289234996
3842,0.5078542643364233
3843,0.3895576636226067
3844,0.5268703793401402
3845,0.5622337380756313
3846,0.5252366400832467
3847,0.4958330225681532
3848,0.48193171795248796
3849,0.45334171279852986
3850,0.5049229464395202
3851,0.5758950219221757
3852,0.41789979677484895
3853,0.8309650623387275
3854,0.5327254260133443
3855,0.5814649699635973
3856,0.5159324943441248
3857,0.4182143122745771
3858,0.6434503658852483
3859,0.6023931413894195
3860,0.5382328878027691
3861,0.5335774299975738
3862,0.44960605560692685
3863,0.4871471591875033
3864,0.5429137870202266
3865,0.49727747856932736
3866,0.48179328293683105
3867,0.6052631104350616
3868,0.4611933691246251
3869,0.5856387384196698
3870,0.5428964831071815
3871,0.4868995299631602
3872,0.4496653109284345
3873,0.7322437256716761
3874,0.4295102366459883
3875,0.5178903917029791
3876,0.576670710509166
3877,0.49904399621618595
3878,0.4020951162164062
3879,0.426570230166792
3880,0.6400550128461997
3881,0.41140584965568383
3882,0.46872494219890504
3883,0.46276064646317694
3884,0.5532097170175585
3885,0.44763814704296445
3886,0.4417078468045692
3887,0.5144557690896974
3888,0.5484683489253803
3889,0.5524887387964192
3890,0.5589639397809091
3891,0.4440483816145333
3892,0.5520700826169782
3893,0.5318040175769059
3894,0.5745480665354055
3895,0.5232560803190368
3896,0.507314844620818
3897,0.38413325278476107
3898,0.49999778610190787
3899,0.3931161563508528
3900,0.5415478050475063
3901,0.47752443671866557
3902,0.5381062024166993
3903,0.5082682807150344
3904,0.5286067722655327
3905,0.5398500211139401
3906,0.6404018813796761
3907,0.5436261275951139
3908,0.6359203247522711
3909,0.5986393163807691
3910,0.4459846118419583
3911,0.3858198806218546
3912,0.5389138111350152
3913,0.5062290871151316
3914,0.4959396534258836
3915,0.47178734828138474
3916,0.5601109326980788
3917,0.6020860392904911
3918,0.4109552954426478
3919,0.44431047065464546
3920,0.6677049888039893
3921,0.391513209911326
3922,0.3598574474835607
3923,0.8106970573204813
3924,0.6188571727980394
3925,0.46584095760585653
3926,0.36076279961946445
3927,0.4324030003362212
3928,0.5353811548868045
3929,0.556295364756837
3930,0.5924839241790508
3931,0.36028054359585937
3932,0.40183311507032804
3933,0.5502530520424462
3934,0.8633524503555265
3935,0.6211163728595607
3936,0.4348984879146215
3937,0.3343005593786189
3938,0.3150196676636786
3939,0.462152511316622
3940,0.480987243547206
3941,0.4781353930486413
3942,0.562585072283938
3943,0.429358029895705
3944,0.3581581110796134
3945,0.602538730135047
3946,0.40620865540289275
3947,0.5282987226508161
3948,0.49399132246234173
3949,0.5366018983672237
3950,0.4203605721588035
3951,0.6036508522301457
3952,0.44459214344431364
3953,0.4472823005575376
3954,0.559022768134804
3955,0.40490127127470277
3956,0.6218365643807248
3957,0.5512265722103882
3958,0.4614804549344829
3959,0.4924953691158049
3960,0.7325355549232231
3961,0.5838433538571544
3962,0.49684877426464236
3963,0.4334720021192698
3964,0.43316037360712856
3965,0.5121545032346841
3966,0.5683605135410079
3967,0.4014587001982383
3968,0.4783096566958879
3969,0.38125043879124176
3970,0.5132314344824144
3971,0.4647126294323913
3972,0.5468065853907499
3973,0.4520343107965913
3974,0.4392521397026098
3975,0.4738901830579004
3976,0.46024151802424734
3977,0.5812171278921447
3978,0.3995004473674106
3979,0.6091278784351484
3980,0.49801270013978194
3981,0.5269834508297687
3982,0.5133659311839999
3983,0.4700012902514091
3984,0.5081640356267294
3985,0.48016563862281014
3986,0.551280203460066
3987,0.4355719246606039
3988,0.4841212459818899
3989,0.2697359700057972
3990,0.41394913269391054
3991,0.570609810441433
3992,0.5254903071485374
3993,0.444525302888155
3994,0.5531634023069261
3995,0.5011169796055818
3996,0.4457034470762542
3997,0.5300230646119491
3998,0.3452078592439718
3999,0.5036663978192759
4000,0.4826117842713507
4001,0.5419849818403581
4002,0.43251322160903605
4003,0.6105496204151881
4004,0.4547742682841422
4005,0.5632781099945874
4006,0.5923202770794795
4007,0.5062061794789628
4008,0.4264115391456147
4009,0.6144726611584416
4010,0.5257136424871693
4011,0.5676229492136001
4012,0.5463250868695742
4013,0.4663574908960239
4014,0.36967222040017256
4015,0.4555524937910507
4016,0.5346086037839073
4017,0.4669874184010622
4018,0.38209763813046144
4019,0.5378350118804629
4020,0.2743278429292139
4021,0.44896910362148024
4022,0.4395675924272983
4023,0.4893212913043917
4024,0.463078995841555
4025,0.4799894404519775
4026,0.46858767723430644
4027,0.4970109891591896
4028,0.47480608183209005
4029,0.6349809647618258
4030,0.3889572273410944
4031,0.622417954092949
4032,0.4601860810441316
4033,0.5276809513587244
4034,0.36470422420935245
4035,0.47584800499579183
4036,0.5319709472105109
4037,0.6395579139948335
4038,0.46753970499192166
4039,0.4531165826563817
4040,0.5188202124687978
4041,0.6175405619994612
4042,0.4941372455776199
4043,0.48000965432224596
4044,0.5250318602797831
4045,0.5532771770310854
4046,0.5717362421797035
4047,0.6186602419969371
4048,0.5323732603603333
4049,0.3459308459939132
4050,0.43930046623758845
4051,0.4610636796354606
4052,0.5895003557874916
4053,0.5369190013350875
4054,0.5529787023563179
4055,0.27536286934431087
4056,0.42418917586475235
4057,0.8487648852472296
4058,0.468859652786222
4059,0.387147196113645
4060,0.4975653351726107
4061,0.4131410122744311
4062,0.5168428131878389
4063,0.39476445092238194
4064,0.43904780960788425
4065,0.4545042662319285
4066,0.6985516137510517
4067,0.5957855304152384
4068,0.5153564286796514
4069,0.4853139544802684
4070,0.6512613702934726
4071,0.4342465769766329
4072,0.44516695321888233
4073,0.4493835989437869
4074,0.4792678049603507
4075,0.5214782045733426
4076,0.5013591722360171
4077,0.5432658294296774
4078,0.7003758091334306
4079,0.4444577334728502
4080,0.3895170908355239
4081,0.4847446107585246
4082,0.4681683563596396
4083,0.5389620389077858
4084,0.6561135170763384
4085,0.45522777881592
4086,0.43904558822576534
4087,0.40683457689931735
4088,0.5710967390286245
4089,0.45134876915727806
4090,0.6206091567685255
4091,0.5673927361273711
4092,0.570568428911504
4093,0.45471414194967064
4094,0.3999923554800359
4095,0.6760190735205791
4096,0.45483937030562216
4097,0.4331461945820492
4098,0.5749899254754666
4099,0.471107045631797
4100,0.4904135943457236
4101,0.5434148468848309
4102,0.537712502109147
4103,0.5426524941056594
4104,0.3749652847715089
4105,0.5862685271038632
4106,0.4556797939694156
4107,0.6435078419676676
4108,0.510056818180861
4109,0.4675261543094137
4110,0.5049201791527851
4111,0.4901642401856691
4112,0.4211964318184036
4113,0.8038538216058252
4114,0.4942834055530954
4115,0.5271514274792135
4116,0.6737273534638929
4117,0.5815106444267512
4118,0.4658292227312041
4119,0.48931056220176367
4120,0.6398592517392165
4121,0.5032864454073577
4122,0.39157805681288915
4123,0.35578168188561937
4124,0.7522588994681063
4125,0.28443496654371947
4126,0.46670239361932664
4127,0.47071699164897157
4128,0.5516354286440813
4129,0.4073309116473147
4130,0.6058780091782684
4131,0.5332278871705763
4132,0.7727772159875774
4133,0.453273232651112
4134,0.7385930252823654
4135,0.4057006468207953
4136,0.6055212151983748
4137,0.4460339060825312
4138,0.4688344021735491
4139,0.44686600662797793
4140,0.6295090255583663
4141,0.45323196525465975
4142,0.4358815687837868
4143,0.40238663684349596
4144,0.5109872720669447
4145,0.54817572230877
4146,0.42032763966374836
4147,0.6126187621278402
4148,0.44918805261802025
4149,0.5226378161194538
4150,0.3840943394255505
4151,0.4521919217031405
4152,0.41385973872472104
4153,0.5488392666498835
4154,0.5180838128744443
4155,0.49161148559374335
4156,0.5949580817685985
4157,0.5139538875312569
4158,0.8170262508221675
4159,0.49378637584940066
4160,0.7250241794267298
4161,0.3623205364439179
4162,0.566888418037502
4163,0.48433380248786423
4164,0.5570141849382761
4165,0.37264387969189794
4166,0.4616174005861879
4167,0.5410860974497956
4168,0.5516806675731768
4169,0.40384574244046445
4170,0.5445047340174354
4171,0.5062095783580064
4172,0.5267018126803122
4173,0.578485273644925
4174,0.5184764562061075
4175,0.488070125809343
4176,0.5220501015376723
4177,0.5191282787748014
4178,0.4464813562864074
4179,0.6073158875024744
4180,0.36441754611860167
4181,0.5434839272748839
4182,0.5080232063632502
4183,0.325102490265297
4184,0.43679313009216514
4185,0.45898830156288456
4186,0.6128120320498944
4187,0.3666436135608072
4188,0.49977498313649493
4189,0.6511901551708007
4190,0.5928952273244872
4191,0.49173524931890905
4192,0.5394417044486542
4193,0.5888804891926428
4194,0.5389673135238195
4195,0.3190302263024552
4196,0.527797869535383
4197,0.4636385752417492
4198,0.4803935016721425
4199,0.35739079780848937
4200,0.4969361517246627
4201,0.4134638999283764
4202,0.4186873976197612
4203,0.4949998520555337
4204,0.5003924492455545
4205,0.5418639256681136
4206,0.5436399267376932
4207,0.5986632918075934
4208,0.463555066968904
4209,0.4897884763070564
4210,0.4521577153400792
4211,0.48016174888863156
4212,0.5211059895783137
4213,0.4467280267908619
4214,0.5746111461230691
4215,0.6726437494939345
4216,0.27547949425459217
4217,0.4956801524207162
4218,0.6081855543025533
4219,0.4791265319714175
4220,0.545071237390958
4221,0.5160128274156092
4222,0.5806701817151497
4223,0.540361191120096
4224,0.3914107757793179
4225,0.46313106731350806
4226,0.5838792629275553
4227,0.491128651600727
4228,0.39853878442973106
4229,0.8241463991202627
4230,0.5643051138928674
4231,0.4066070725074986
4232,0.5230560174530572
4233,0.7026685447982488
4234,0.553965951666489
4235,0.7719436931032768
4236,0.44031566787506754
4237,0.5926409492151965
4238,0.5000939404692424
4239,0.32738807252228397
4240,0.5144010120290519
4241,0.4148982731284502
4242,0.6033573611958543
4243,0.39974329014794485
4244,0.5114824471767795
4245,0.5378023604829779
4246,0.5225429967690335
4247,0.5147465753546857
4248,0.6657278590518481
4249,0.49286857250500865
4250,0.4591519863658619
4251,0.6970817412685866
4252,0.6069273467653215
4253,0.5034307437695102
4254,0.5300583257024752
4255,0.45752241309308056
4256,0.4316666656577407
4257,0.465889088234152
4258,0.5721287431577446
4259,0.5036384446619031
4260,0.47412932419136566
4261,0.399563797474375
4262,0.43716029072909435
4263,0.580916122474331
4264,0.7443003570406326
4265,0.4234738313418537
4266,0.6015055818521946
4267,0.569169327277055
4268,0.5829288532761963
4269,0.5505744342970004
4270,0.5486770741970997
4271,0.4096583311403823
4272,0.46068699738233115
4273,0.5000917808024292
4274,0.4675186488694262
4275,0.6471009731198352
4276,0.5221980509388957
4277,0.5238094159649895
4278,0.45842895692155156
4279,0.4861649293469604
4280,0.4488077714010191
4281,0.4831824740995462
4282,0.5308615465552882
4283,0.34703364555560356
4284,0.38753128230904055
4285,0.6686494054547789
4286,0.39563948831359397
4287,0.6426974989197094
4288,0.5895752041700725
4289,0.5388339342359418
4290,0.5288786000365325
4291,0.7626823466558819
4292,0.6291483797040318
4293,0.5783652072302206
4294,0.5653435435153077
4295,0.5465552778382898
4296,0.5308716088660046
4297,0.45621695780794563
4298,0.6684895773796586
4299,0.4094359260718977
4300,0.5586463547492688
4301,0.4526465038001703
4302,0.6123685661186707
4303,0.49080414057261135
4304,0.5290103191031285
4305,0.6596231754152371
4306,0.46677644386997497
4307,0.5478855907214027
4308,0.6244767333209517
4309,0.37700375761243626
4310,0.6173361657796337
4311,0.6230551436618161
4312,0.5802740244375659
4313,0.47910729841938327
4314,0.4927111535257448
4315,0.4208533018079981
4316,0.5183505222103376
4317,0.48095189240501995
4318,0.46729755955705216
4319,0.529244595251773
4320,0.719628127858186
4321,0.5459905851996274
4322,0.7274827204413756
4323,0.7315215241975004
4324,0.4166631270720289
4325,0.5179964189947172
4326,0.5106101830501207
4327,0.3957943952836042
4328,0.5551497088842654
4329,0.598800640232567
4330,0.4851851154198182
4331,0.43480907041437616
4332,0.54951501378556
4333,0.350380948541704
4334,0.48322522678153806
4335,0.5493299930579606
4336,0.5372829278486463
4337,0.532402346579962
4338,0.504887567673861
4339,0.4767999319560668
4340,0.46515170394418875
4341,0.5137685477266323
4342,0.6688636245592902
4343,0.5496873327021952
4344,0.5219757164410549
4345,0.6290415539940798
4346,0.3781334017483655
4347,0.49219957662351005
4348,0.46184500583781857
4349,0.6994679219476516
4350,0.3539183188337484
4351,0.5474467619580183
4352,0.4428838417992042
4353,0.4727559931394877
4354,0.5272352773415684
4355,0.4131797406436233
4356,0.5608748638598703
4357,0.5175082956818339
4358,0.509752187967692
4359,0.6450677111016178
4360,0.5268032390947337
4361,0.6403232209271472
4362,0.36224849716581176
4363,0.513365789597896
4364,0.4721894829479723
4365,0.6631192335315763
4366,0.5607263369447496
4367,0.49550578682371665
4368,0.694269386171898
4369,0.5215477520466941
4370,0.39440558678321586
4371,0.5751581290340003
4372,0.45443095434405734
4373,0.6138985599061214
4374,0.5226239338120898
4375,0.46929886020208367
4376,0.421219170715329
4377,0.39542408638734694
4378,0.4377754314946894
4379,0.6509267051378078
4380,0.3992883727942217
4381,0.43321360095088396
4382,0.45318656893717896
4383,0.41339016429003583
4384,0.4849251023623111
4385,0.5661312075073237
4386,0.4830494758497702
4387,0.41366007905832336
4388,0.5961434596420245
4389,0.5269177743767708
4390,0.41629170560994944
4391,0.5590112014535683
4392,0.34888667725994005
4393,0.5726413065274064
4394,0.48551111817610776
4395,0.5227939635794275
4396,0.5102226640835178
4397,0.6312422325458295
4398,0.6306010067424497
4399,0.511245993722979
4400,0.5528493591377205
4401,0.5089044246987598
4402,0.3592894463413745
4403,0.3783925010382354
4404,0.5224829794858329
4405,0.5889257854954508
4406,0.5943231163867012
4407,0.431729284108558
4408,0.7635706919325048
4409,0.5009544082352679
4410,0.48572678690305127
4411,0.42332204319657196
4412,0.43615282991585347
4413,0.47292742188212894
4414,0.5068270900342534
4415,0.4862451254977056
4416,0.566927041668955
4417,0.509979005810186
4418,0.48527350409180736
4419,0.6804635043257146
4420,0.49752088595575683
4421,0.49844472419884306
4422,0.42325018537741244
4423,0.4427431461998747
4424,0.46807826558273974
4425,0.3924034374415388
4426,0.4637548626684579
4427,0.45221277237453666
4428,0.5596194903560753
4429,0.4331934342358943
4430,0.45450025971315133
4431,0.4315156312127845
4432,0.41593830688155653
4433,0.432518108681131
4434,0.5984596086206391
4435,0.522480285408866
4436,0.5209172872074033
4437,0.5054502042381207
4438,0.42544400662426984
4439,0.49454654401789455
4440,0.5647480912288653
4441,0.5441172092618917
4442,0.40699512384224323
4443,0.5216711095618185
4444,0.5101017995114742
4445,0.5705961104081869
4446,0.45292996405206076
4447,0.544001140245319
4448,0.3358454449030931
4449,0.46485955546084606
4450,0.42384600404951556
4451,0.47960157307378953
4452,0.5074454658661804
4453,0.7295312598504702
4454,0.5420864209250216
4455,0.45004158592535054
4456,0.828459618748163
4457,0.6002365606880252
4458,0.46553318503746915
4459,0.4642287221039557
4460,0.5847784323638237
4461,0.528802361096253
4462,0.5188813960074836
4463,0.5128712619067578
4464,0.5899578404381922
4465,0.4492275663648237
4466,0.6273556435039981
4467,0.7063328034999214
4468,0.5860253641697954
4469,0.5520346628863545
4470,0.5588433354002035
4471,0.4151894954800911
4472,0.44872218082125553
4473,0.296521568797911
4474,0.7210574407659774
4475,0.5663146545779283
4476,0.3578578580770373
4477,0.5808804879390205
4478,0.5467416744669119
4479,0.5121257612244903
4480,0.4710879160304617
4481,0.3577591709550948
4482,0.4970420354363472
4483,0.5571692442913723
4484,0.5272043416208458
4485,0.39015472572970394
4486,0.5796799273405682
4487,0.558398383847673
4488,0.49208606373457053
4489,0.48958282498883565
4490,0.6080051612552521
4491,0.4438708173007482
4492,0.5886522487505358
4493,0.5064331386378458
4494,0.7088070053519973
4495,0.48954162335199586
4496,0.5956352149970825
4497,0.5704386254010695
4498,0.38415589964683017
4499,0.44151636025457996
4500,0.49917909010970934
4501,0.654151159926069
4502,0.5081477768812838
4503,0.49539721101124695
4504,0.5646155126931827
4505,0.35633740156011123
4506,0.3767020990548078
4507,0.29917126698885665
4508,0.5813313916295141
4509,0.4950301894123364
4510,0.5432573175660702
4511,0.602931051695567
4512,0.5162234181974467
4513,0.4823010626214125
4514,0.5183780519334618
4515,0.5532505415129709
4516,0.5669710484990329
4517,0.5657568724853203
4518,0.3788784593966982
4519,0.5641987084658181
4520,0.5704922846498874
4521,0.42252674746140906
4522,0.5087621614688884
4523,0.473982678542221
4524,0.4816085111310168
4525,0.4464846013825403
4526,0.5717445397008277
4527,0.5336213507270942
4528,0.459005324300922
4529,0.6076699754494591
4530,0.5494215502291209
4531,0.5800497615897194
4532,0.3092330420877315
4533,0.3736991463483769
4534,0.4700096943048638
4535,0.49949109182617935
4536,0.5211755978720681
4537,0.509375972525076
4538,0.6065993312856762
4539,0.3926072070919867
4540,0.5416879494283058
4541,0.5256212297498192
4542,0.47585598097410386
4543,0.4421552512340777
4544,0.5038604147715818
4545,0.602465369777182
4546,0.7746430244910618
4547,0.36358391373923526
4548,0.47509665345648133
4549,0.4094925896602663
4550,0.5402343007892731
4551,0.560622782350576
4552,0.5267818759930029
4553,0.5776050291417182
4554,0.5781591265815955
4555,0.5387269108491772
4556,0.4067383328323461
4557,0.7333180278913064
4558,0.6011894331044814
4559,0.5582665718901677
4560,0.4978121955459197
4561,0.5931809825397228
4562,0.6276360100697147
4563,0.5114768479324194
4564,0.5397609957268781
4565,0.367752703237931
4566,0.38475723641386267
4567,0.38043479189469986
4568,0.5081316631066741
4569,0.47478894082141837
4570,0.5451991433914365
4571,0.40665274271909707
4572,0.48867626818296583
4573,0.36429153934059366
4574,0.4520841094534165
4575,0.4069376191265833
4576,0.6278589515818886
4577,0.5580714292091811
4578,0.49553598281677946
4579,0.41450493715460046
4580,0.6154973818987801
4581,0.5101516368269169
4582,0.5061585881622168
4583,0.34182016408957905
4584,0.40090147094317247
4585,0.5516977240979273
4586,0.5948657736245115
4587,0.4661326962794982
4588,0.4546146172357032
4589,0.4591715129486749
4590,0.3467939204863699
4591,0.5048250735812874
4592,0.6230159240866902
4593,0.5619304253168694
4594,0.6635418866490624
4595,0.4383128454763505
4596,0.5617230987244695
4597,0.37152365388082054
4598,0.618707856330168
4599,0.539167955290355
4600,0.41075181483119283
4601,0.5715697231134669
4602,0.6402495593975727
4603,0.45433448304343355
4604,0.5799577628430175
4605,0.5594706759742567
4606,0.5831278232232991
4607,0.5109449702039341
4608,0.4037046907362714
4609,0.4678326619254098
4610,0.5616669917779221
4611,0.3746826567404591
4612,0.47351675960853934
4613,0.5941990195434156
4614,0.42953423925230116
4615,0.5675271010589465
4616,0.49970109943522867
4617,0.532034427582852
4618,0.5199079058100433
4619,0.5468399251465073
4620,0.5646177604472555
4621,0.5443172656609142
4622,0.544327899604832
4623,0.649439847946764
4624,0.5263255799888438
4625,0.6362517775171092
4626,0.600875569712038
4627,0.5357488437269706
4628,0.3355454552168244
4629,0.6041739378896946
4630,0.6550784341375875
4631,0.6418468368300967
4632,0.5595942463801135
4633,0.5033203893226473
4634,0.5465448277134829
4635,0.5026800991053895
4636,0.5402110925927588
4637,0.4847709295615814
4638,0.54567342283236
4639,0.49694013136815113
4640,0.5555420036135622
4641,0.5109230552165591
4642,0.4845791603531197
4643,0.30695316505281467
4644,0.5152883140065722
4645,0.4683442848303991
4646,0.5623978691065611
4647,0.49059209479472105
4648,0.5083881691956096
4649,0.8117623541918012
4650,0.6930522246944134
4651,0.5828889992799745
4652,0.5723791056525598
4653,0.4832211810724827
4654,0.8330292742066696
4655,0.44749401553406853
4656,0.4509842786040969
4657,0.5250647747154099
4658,0.3994378371367261
4659,0.3610849660095464
4660,0.3528651052737233
4661,0.4563785583616902
4662,0.3752256876192389
4663,0.43401005993741776
4664,0.5470164828617101
4665,0.3959760598481096
4666,0.6893493856946865
4667,0.4164453770752477
4668,0.5736607219028728
4669,0.5896113313719975
4670,0.5259042387387706
4671,0.46449511192125464
4672,0.6497771801373675
4673,0.5428296133420503
4674,0.39297920016983046
4675,0.5225447387118837
4676,0.41802169518976845
4677,0.6908521844937581
4678,0.5174815825627227
4679,0.3786762653508114
4680,0.508971326308495
4681,0.5141415604485617
4682,0.5291962976551441
4683,0.564773241409293
4684,0.4571461839811678
4685,0.6017050403542366
4686,0.4664519568378698
4687,0.3752296584748665
4688,0.5014606394599203
4689,0.6819068067154408
4690,0.48817781896797374
4691,0.4893324928141629
4692,0.32332658328931785
4693,0.5843458589039774
4694,0.47796182951044464
4695,0.4853760358521967
4696,0.72017373270697
4697,0.6313709879908571
4698,0.49322872385398775
4699,0.5546262559673252
4700,0.5381535994246837
4701,0.6713089256501554
4702,0.4607656389342334
4703,0.476550368340078
4704,0.457625679313022
4705,0.7666049505687359
4706,0.5548466743194709
4707,0.5889223285118552
4708,0.6486512705542108
4709,0.5446579802344254
4710,0.5759601914357562
4711,0.5295199104549275
4712,0.6433227980678289
4713,0.4736138235150553
4714,0.5137198129062728
4715,0.49609549446243495
4716,0.8042770383125366
4717,0.508266670036872
4718,0.5385877395434155
4719,0.387044939390118
4720,0.4106018308813647
4721,0.518228993906636
4722,0.5746233439011194
4723,0.5881930896081125
4724,0.6257818694866742
4725,0.5587772677774745
4726,0.6208353964373245
4727,0.42075192659009686
4728,0.4943783157596843
4729,0.5213081562298341
4730,0.5530674354764187
4731,0.5211199166904993
4732,0.45802994284638926
4733,0.6302048293895285
4734,0.38796120571383663
4735,0.4611073185311411
4736,0.43149633621502526
4737,0.4628708635883372
4738,0.7083983752473928
4739,0.44902731584667394
4740,0.5819091933094953
4741,0.4657011691429483
4742,0.45675799842983583
4743,0.5434737983950897
4744,0.573886253284403
4745,0.36551732318011665
4746,0.49542026562485764
4747,0.543138179519718
4748,0.5342217496312435
4749,0.5608349686545494
4750,0.5414469906051028
4751,0.4407439145586494
4752,0.5443237863603815
4753,0.4327594884938019
4754,0.5479526399788982
4755,0.4545235413245936
4756,0.521651051516549
4757,0.5834427059256089
4758,0.34563390717225634
4759,0.6783611003810518
4760,0.32770356815058366
4761,0.4936268619124463
4762,0.6741519568735554
4763,0.6665455663691966
4764,0.4483666226713188
4765,0.7751050575042266
4766,0.38125615811688446
4767,0.28815540120355365
4768,0.5549265455320213
4769,0.3268140845681232
4770,0.335523290111007
4771,0.470366858563504
4772,0.45346411530048303
4773,0.5273188918011187
4774,0.473674442845446
4775,0.6290178344356424
4776,0.39938234315543336
4777,0.5485268746148219
4778,0.5382130334548361
4779,0.7482187990618376
4780,0.38097417841935477
4781,0.6720548636694063
4782,0.4436031829942158
4783,0.3835161532222735
4784,0.49635908404965356
4785,0.549147212952107
4786,0.5333398862119854
4787,0.6522579427797572
4788,0.600918332564873
4789,0.45304259348089304
4790,0.6371883816304008
4791,0.4393293071963162
4792,0.49999427669567686
4793,0.5593418073806473
4794,0.5278496439100546
4795,0.7101794861892796
4796,0.47158055481621036
4797,0.48538891788789085
4798,0.4065662987307697
4799,0.6245009768916086
4800,0.5173931593104627
4801,0.6308651346706928
4802,0.41442242813579305
4803,0.5614224954521588
4804,0.5305560436639805
4805,0.7617850355749196
4806,0.5942067576840866
4807,0.5022847750271369
4808,0.4652253788845421
4809,0.4682540293790131
4810,0.5375157962735528
4811,0.3225346045648212
4812,0.34518351261675806
4813,0.383876186173544
4814,0.555660009284113
4815,0.6928046016116958
4816,0.4116834486820727
4817,0.4831602393710865
4818,0.5669828955766706
4819,0.6624020316795776
4820,0.40341786342524216
4821,0.5187284740497026
4822,0.53870710807026
4823,0.7109155928929288
4824,0.5618115676571291
4825,0.48320649453084685
4826,0.6177919398151582
4827,0.5000565200877402
4828,0.5028147363731773
4829,0.40399921931985094
4830,0.44901755742864513
4831,0.5077378703538858
4832,0.6438840965493013
4833,0.47598490562926116
4834,0.44794237441902107
4835,0.48001593095009093
4836,0.4880666936997067
4837,0.4442655060188603
4838,0.4983440789479596
4839,0.5244061512385852
4840,0.3459671961651797
4841,0.6116655520889333
4842,0.5853041717686324
4843,0.5536422563067942
4844,0.5689584665214087
4845,0.4496319264183697
4846,0.5421124130848242
4847,0.6024098995131029
4848,0.47110204844948994
4849,0.643305361768223
4850,0.4706145422795659
4851,0.49165051828051753
4852,0.5051303378405305
4853,0.7159847261179284
4854,0.5467257802910062
4855,0.5006361359236186
4856,0.46402572118330115
4857,0.4308621408328995
4858,0.5635297474622285
4859,0.6511855201565819
4860,0.5407229858261566
4861,0.2959082348414259
4862,0.5741900652790924
4863,0.5347032780354442
4864,0.6021501606549137
4865,0.36366811829157963
4866,0.5482915598472077
4867,0.5545158091316791
4868,0.4321937285969797
4869,0.2994533069429226
4870,0.5843793043193108
4871,0.4876566979393535
4872,0.7405503483895892
4873,0.5598700100262709
4874,0.5036227784251013
4875,0.5015303827875676
4876,0.6888164320015824
4877,0.4163033568164197
4878,0.5330018561217794
4879,0.4826263173186866
4880,0.5339924521728413
4881,0.5810781847650027
4882,0.7158800818604979
4883,0.5633753533324338
4884,0.35866900215437547
4885,0.33387086970849894
4886,0.5456518813942685
4887,0.4937006038837827
4888,0.5571713247697373
4889,0.5375750179820912
4890,0.4734653423759698
4891,0.5201308676946839
4892,0.4027983242332474
4893,0.5303324119114331
4894,0.5629729845209807
4895,0.5161201750597642
4896,0.5168544261288026
4897,0.3766201516441341
4898,0.5147780489851134
4899,0.49204312995326
4900,0.4742779049633788
4901,0.4484334537017869
4902,0.6448295464245958
4903,0.5783095597598621
4904,0.3973551489171329
4905,0.5129116994944147
4906,0.5260350267107319
4907,0.5690747653325428
4908,0.5743250554008356
4909,0.49200775865418833
4910,0.4992585516644646
4911,0.46388539210080987
4912,0.4043473042359781
4913,0.47416188651007746
4914,0.4931589263454462
4915,0.562354242767933
4916,0.4581182685443951
4917,0.5528149541206274
4918,0.7811657352155126
4919,0.42976971051089213
4920,0.6056795582903283
4921,0.6294997340094926
4922,0.532652582334005
4923,0.44156231947140995
4924,0.4390361321307546
4925,0.5529620040267594
4926,0.35663992029782277
4927,0.6050185104862338
4928,0.4593652849286318
4929,0.5035627866139765
4930,0.45347875175712415
4931,0.7824539399223245
4932,0.5275406853157469
4933,0.4682314118986816
4934,0.4300998370137582
4935,0.4868660866796433
4936,0.5635922720334788
4937,0.3978251677798652
4938,0.5716712955926148
4939,0.5365221964819398
4940,0.5472868000483971
4941,0.4679219737105182
4942,0.5498003548999654
4943,0.5382612012581912
4944,0.5610826179405289
4945,0.6191193079479838
4946,0.6040558810656136
4947,0.45187607339087466
4948,0.4167483130295212
4949,0.4225357960410675
4950,0.5363590679064567
4951,0.42111100175454136
4952,0.4817832205610344
4953,0.3598189770029325
4954,0.5350269407005782
4955,0.4953717128845294
4956,0.39325759823201845
4957,0.3766320602928839
4958,0.392956239511391
4959,0.4673284041567476
4960,0.4322129190511454
4961,0.4753026344243
4962,0.5147031369890711
4963,0.5208000725028121
4964,0.6001447271227265
4965,0.3734241112514071
4966,0.368892866247791
4967,0.6566387853180113
4968,0.4493345748788895
4969,0.6754993273656282
4970,0.35056427025161674
4971,0.4886698486015732
4972,0.4651609727916153
4973,0.5014405901429864
4974,0.5452920146476189
4975,0.6529440084340531
4976,0.422283084883447
4977,0.7226758795060795
4978,0.5714604300436643
4979,0.427156529266325
4980,0.5355796987153614
4981,0.6215559906881417
4982,0.43026238157353586
4983,0.4778751168272922
4984,0.4455607616376874
4985,0.39623688233891186
4986,0.5071388613241525
4987,0.4185219575148048
4988,0.6116880781267429
4989,0.359336228151659
4990,0.5215536694581784
4991,0.5743556014110902
4992,0.5334704871089022
4993,0.47137323214470767
4994,0.4824987541143248
4995,0.6254544044830475
4996,0.49920470789179267
4997,0.440398812224468
4998,0.5031065951832691
4999,0.5742210881925367
5000,0.4930219909377079
5001,0.5001791677746366
5002,0.43891899545877466
5003,0.5084453255350979
5004,0.573556956271513
5005,0.49185028533940955
5006,0.38910792010853573
5007,0.47773986002851787
5008,0.6464540233766538
5009,0.6615034861766943
5010,0.4201890211544173
5011,0.43932054034213974
5012,0.5268854092353233
5013,0.47676128493843684
5014,0.4797834169133807
5015,0.504212603264518
5016,0.49290868875046645
5017,0.6151591528016401
5018,0.42229678647238744
5019,0.4744385570660197
5020,0.3693670349496567
5021,0.6442356711392331
5022,0.4206968634814902
5023,0.6087550732473319
5024,0.37896738138933495
5025,0.41687330170704545
5026,0.4841572276279763
5027,0.5465694978517001
5028,0.57272303374609
5029,0.37898030398096694
5030,0.5528524843331634
5031,0.4164886103732491
5032,0.4626096894764595
5033,0.5827452212348166
5034,0.525889593832174
5035,0.5902342193680773
5036,0.4877478394538235
5037,0.4269067605094352
5038,0.41764129960386287
5039,0.6746073450654897
5040,0.7272153507029937
5041,0.5358406983238815
5042,0.5989590788103923
5043,0.435237776741908
5044,0.3619519539299472
5045,0.4883987872402717
5046,0.54834284805534
5047,0.5511731265075868
5048,0.45145867986058097
5049,0.4321881951198637
5050,0.5834981482776733
5051,0.5622613428812533
5052,0.42775639094367157
5053,0.5768654610122224
5054,0.4329734182072995
5055,0.4329078998360102
5056,0.4271159021837547
5057,0.5311629616072165
5058,0.43969402857062195
5059,0.6889243515858634
5060,0.501338284150801
5061,0.48273216966187416
5062,0.6966900620769567
5063,0.49112367394671824
5064,0.4438176867620395
5065,0.44657309455340377
5066,0.35652973467171734
5067,0.485551736070297
5068,0.6085856198308781
5069,0.33361007110342866
5070,0.39903726200637035
5071,0.41935355474472413
5072,0.42780801440905325
5073,0.6041884507388107
5074,0.48338831308819635
5075,0.5896773640708282
5076,0.5584055403379831
5077,0.4153592852534566
5078,0.45490241494277184
5079,0.4845827415605826
5080,0.49410490580860633
5081,0.5199639119484103
5082,0.43275965538176564
5083,0.48633850769193604
5084,0.5036097000448282
5085,0.6254180618749857
5086,0.5033495679463066
5087,0.4497451395866758
5088,0.5045696863064186
5089,0.6328064437807703
5090,0.4265482927704789
5091,0.40058839421691206
5092,0.49604509358607995
5093,0.4105526989902564
5094,0.4916795954291897
5095,0.5456962764704255
5096,0.614371666084705
5097,0.4391588689578205
5098,0.5887918207733871
5099,0.47802078281515736
5100,0.3408016269657223
5101,0.5303880727955499
5102,0.48119237917822716
5103,0.6211977651027158
5104,0.44618915304263695
5105,0.5040776841945318
5106,0.5296704643388537
5107,0.3821596454444469
5108,0.44002799815708915
5109,0.6616875726754721
5110,0.46152216484043623
5111,0.5767367752091591
5112,0.6794863945719911
5113,0.4784157911974147
5114,0.32289636214300843
5115,0.42541462199153884
5116,0.6225421208469446
5117,0.5640777933753683
5118,0.39404047924716123
5119,0.4871186577896972
5120,0.33913726217739093
5121,0.4174123577499567
5122,0.545682504152142
5123,0.765405558457225
5124,0.575538042525033
5125,0.43393269350500735
5126,0.5082137088460378
5127,0.6689287143124018
5128,0.7224571288680548
5129,0.5089641322869431
5130,0.555973345473681
5131,0.42665643607123105
5132,0.4956865122231408
5133,0.5722166325282999
5134,0.3696969999583813
5135,0.4402962488539393
5136,0.44345633395584133
5137,0.43602608233516804
5138,0.3465017172475069
5139,0.3321490849856846
5140,0.6281930988689114
5141,0.4605826774000864
5142,0.4889422882502307
5143,0.5142573820298282
5144,0.6721751490496722
5145,0.4533875912137826
5146,0.4214515823506543
5147,0.43420219269456123
5148,0.6466268918175392
5149,0.46560116951542985
5150,0.5374369042960148
5151,0.4953832641574479
5152,0.6354994674875818
5153,0.6330351059369939
5154,0.5036969846196192
5155,0.45603986218553966
5156,0.6984924484758736
5157,0.6513044329178044
5158,0.43884487822603074
5159,0.47998750824864145
5160,0.3224317271697541
5161,0.5764004922482961
5162,0.5956984325850886
5163,0.3794706175262369
5164,0.6954979654211595
5165,0.4436485908670649
5166,0.5319094310747146
5167,0.3607463550145158
5168,0.4760853602561552
5169,0.5114243516451155
5170,0.4630709677045108
5171,0.5318826353715782
5172,0.6396918278956482
5173,0.4373650544102689
5174,0.451901511128707
5175,0.5082018027836657
5176,0.37760551492580974
5177,0.34689426187571987
5178,0.6583883932327765
5179,0.5076186366820181
5180,0.5375385500642981
5181,0.5488950428125768
5182,0.4945517977067898
5183,0.5382751341917205
5184,0.47661488109366396
5185,0.5784690583493737
5186,0.4973230474096969
5187,0.4203767881088725
5188,0.553887689102914
5189,0.36557709399488675
5190,0.4669308170010926
5191,0.353361279050033
5192,0.4695289679550349
5193,0.5513349454116016
5194,0.4303703751054957
5195,0.48309155968668643
5196,0.4888734969516275
5197,0.49384422270109446
5198,0.6396822977225725
5199,0.7668025977131827
5200,0.5099703118554905
5201,0.5337789259461732
5202,0.5922070800181229
5203,0.5830770972177508
5204,0.6199937929617982
5205,0.5873502620479887
5206,0.5284638191467521
5207,0.5177884257023204
5208,0.5505389718041913
5209,0.3890330626614261
5210,0.487670347373314
5211,0.5088839675077046
5212,0.35115142067535515
5213,0.449247835657496
5214,0.47108691389388974
5215,0.5228566157768886
5216,0.46832938812106545
5217,0.8545706543284208
5218,0.33678996514395343
5219,0.6435249416135923
5220,0.4933031318291438
5221,0.549605016575298
5222,0.5525386931852323
5223,0.5133148246716611
5224,0.49224024941302474
5225,0.5757326250958018
5226,0.641330191353757
5227,0.5731098478432184
5228,0.5154655104392725
5229,0.47858688537167304
5230,0.6772101776350837
5231,0.5057122628147508
5232,0.5597756953909435
5233,0.4717690128265803
5234,0.4752013552724532
5235,0.5446529744047183
5236,0.3831239016407608
5237,0.5171863003686392
5238,0.5034634338491636
5239,0.45953620650269106
5240,0.44888812671834005
5241,0.6217129594923501
5242,0.7295423703474482
5243,0.56706314062421
5244,0.40414101586783924
5245,0.5011401493923663
5246,0.49471890321369477
5247,0.42559703610222455
5248,0.5336476534481913
5249,0.5497866617562902
5250,0.4934914320284761
5251,0.5370615526350574
5252,0.4631801255910867
5253,0.4327689009227809
5254,0.6188175097038102
5255,0.4438326699587203
5256,0.47654028852266583
5257,0.3744281091874727
5258,0.45093070009013525
5259,0.5486294484295309
5260,0.4643478427606701
5261,0.7160251073210829
5262,0.4842801240966947
5263,0.6810990528550955
5264,0.3764330119198962
5265,0.5807990320224972
5266,0.6510360458555359
5267,0.5833191289925446
5268,0.7542802449408714
5269,0.410603063358809
5270,0.5884353947073855
5271,0.5061356908616969
5272,0.48748518718112566
5273,0.4508992341394946
5274,0.4064271075424386
5275,0.43694397981001765
5276,0.4605217592730899
5277,0.5193360348103127
5278,0.5792269898767842
5279,0.4088231892203453
5280,0.3709071866799839
5281,0.5751886380517375
5282,0.3829857234492403
5283,0.41162703199035056
5284,0.5229536377484141
5285,0.5164629165342265
5286,0.5295776689817705
5287,0.6059421153104417
5288,0.4486635442218613
5289,0.696304834808765
5290,0.47727668886651814
5291,0.4384168725855068
5292,0.5313559871485696
5293,0.44746791565800426
5294,0.43585791635938753
5295,0.6632957213059834
5296,0.3659576395558506
5297,0.43550748234969516
5298,0.6148453244562189
5299,0.5854115597176002
5300,0.5286996318962393
5301,0.86163487623184
5302,0.5702622559690297
5303,0.340094461512925
5304,0.4276747782773656
5305,0.5361409754096232
5306,0.37825386086010343
5307,0.48876221041999285
5308,0.5062285175518937
5309,0.42547919959625885
5310,0.4553739480018013
5311,0.664685176354399
5312,0.3486706269360379
5313,0.5401374043202868
5314,0.4713748504890484
5315,0.4809904273786214
5316,0.4501894080328441
5317,0.4940714669673674
5318,0.4687673623142408
5319,0.4373917133946475
5320,0.7227618880161358
5321,0.38011970738422096
5322,0.4273152197370488
5323,0.49931315754549443
5324,0.5329966323192828
5325,0.6372522562726111
5326,0.43527167395744787
5327,0.4724709880244421
5328,0.47919897204923795
5329,0.5292069649259905
5330,0.5908018668164885
5331,0.5091050859418375
5332,0.5270327602827525
5333,0.4892808103519576
5334,0.5659420763304596
5335,0.4678763449460625
5336,0.509611889191218
5337,0.6989665814027322
5338,0.4239545582775064
5339,0.7906910320319278
5340,0.424192426750524
5341,0.4459086946599857
5342,0.4934948476782995
5343,0.48700670314522937
5344,0.5859705865435577
5345,0.5772294336029973
5346,0.479083061299189
5347,0.557067567239506
5348,0.49448603242164435
5349,0.41587582622512403
5350,0.4792309435194567
5351,0.5456864924058266
5352,0.48622029395062194
5353,0.5450617535946412
5354,0.47323892428556136
5355,0.6442586767293761
5356,0.7094947792561483
5357,0.4922926515292782
5358,0.7157950104357573
5359,0.6325870134218228
5360,0.6927783114013377
5361,0.601875772052595
5362,0.497192062704887
5363,0.5769860902607762
5364,0.5495661532686563
5365,0.5273461886899348
5366,0.6818588835547826
5367,0.5969528288458187
5368,0.5183997096984935
5369,0.4865848964320872
5370,0.5201511519607256
5371,0.47634525666285343
5372,0.6145797397506606
5373,0.5899473390060225
5374,0.4642988426921005
5375,0.5333672444621574
5376,0.5926096602489128
5377,0.49715058870697015
5378,0.5656971303761968
5379,0.5112846350141286
5380,0.5323076672437197
5381,0.41599868826375747
5382,0.4796531787570881
5383,0.4329670255653821
5384,0.6835789163468196
5385,0.5320776294937739
5386,0.7906582372746681
5387,0.43144122352992664
5388,0.4564477610468178
5389,0.4764164769455953
5390,0.5790864598161363
5391,0.3632572348257676
5392,0.5126078673699812
5393,0.46534620710853414
5394,0.46484545976440117
5395,0.4016096200763204
5396,0.47528895773307955
5397,0.48333299757502324
5398,0.37462528523584704
5399,0.573236774134191
5400,0.48564391288261494
5401,0.6103740716577869
5402,0.4901068188853676
5403,0.5103316513401033
5404,0.4419990903554015
5405,0.6037768385944468
5406,0.6161514402566055
5407,0.5584271385441755
5408,0.48761397740488965
5409,0.5170951553892853
5410,0.5055394505362909
5411,0.5466378688619824
5412,0.4688464617206332
5413,0.4141922151466773
5414,0.6344751062653566
5415,0.3584840278152257
5416,0.5207991460104396
5417,0.5637096485435205
5418,0.35760370562799626
5419,0.4303768393978956
5420,0.490037241505142
5421,0.4242769268184634
5422,0.6544655267235697
5423,0.5248919857920397
5424,0.3342440357333844
5425,0.5541763784395944
5426,0.5661929230445057
5427,0.5023791297738105
5428,0.6598320125008537
5429,0.38057700886312784
5430,0.4715541822780867
5431,0.6680430992323693
5432,0.4984199081685868
5433,0.47776280456053005
5434,0.42689027867724966
5435,0.6583185272359525
5436,0.4180746051281635
5437,0.5726099280245699
5438,0.4752808665554326
5439,0.4722485494883434
5440,0.5444379352563838
5441,0.4752411245852563
5442,0.7125898011951066
5443,0.5485523598038455
5444,0.5695342691870822
5445,0.289806540335355
5446,0.486412813127463
5447,0.5662650423842445
5448,0.6283661201756899
5449,0.6927707457608949
5450,0.5856687056479379
5451,0.4948569891991946
5452,0.4855640688451897
5453,0.45368711705666226
5454,0.5080914416201149
5455,0.6639064986760208
5456,0.6184264573260783
5457,0.43171434322636365
5458,0.6112295024861538
5459,0.5364613733873753
5460,0.5612515631590479
5461,0.43549985527502794
5462,0.4593970703101574
5463,0.5071696249604519
5464,0.4307251274145634
5465,0.3531213983511682
5466,0.5659058195930798
5467,0.4200118388712093
5468,0.4287207238608035
5469,0.3944068007802948
5470,0.6680190800859949
5471,0.5537655972156703
5472,0.46157969364903695
5473,0.5550104984916829
5474,0.4765915864121586
5475,0.4512326815311143
5476,0.31111223143411276
5477,0.42818869480249594
5478,0.36468706750840374
5479,0.6105121987393537
5480,0.5495206654857477
5481,0.7186530624905252
5482,0.30746162903563473
5483,0.468648953283325
5484,0.5010179160732772
5485,0.5955780140293229
5486,0.5190319247978411
5487,0.755597757755339
5488,0.6023275334794145
5489,0.46667929766198585
5490,0.4622162359115616
5491,0.4956677698211377
5492,0.47245171683229426
5493,0.6067031998139911
5494,0.7127656071141537
5495,0.5381506041631475
5496,0.46332628117348457
5497,0.39156918784265843
5498,0.6082704184962731
5499,0.5451872973479301
5500,0.634438390090297
5501,0.6096079425179173
5502,0.4774430013758566
5503,0.536324928374643
5504,0.40695393978988875
5505,0.40602657109964757
5506,0.4629620328782509
5507,0.7314544105332279
5508,0.4280416972170483
5509,0.5524440784570454
5510,0.4962129802340089
5511,0.6338696540285197
5512,0.6782087691455353
5513,0.754593143000222
5514,0.5602032245132996
5515,0.60066425291476
5516,0.5086192415798185
5517,0.42752540883008155
5518,0.7236424871616138
5519,0.5707192459880366
5520,0.39593895930177614
5521,0.49138856368888023
5522,0.5714551312634362
5523,0.43211301265388213
5524,0.4779638380131426
5525,0.6445268142079748
5526,0.6322945270433514
5527,0.6659291680832647
5528,0.6341465056513436
5529,0.48517390850798237
5530,0.3257335052902678
5531,0.6315431904096509
5532,0.5215235024062662
5533,0.4574349594605692
5534,0.45696436528528717
5535,0.6452315792921732
5536,0.5771824324053378
5537,0.39172053051212585
5538,0.32532188247935345
5539,0.6806862782006482
5540,0.592734201228697
5541,0.5610744086506723
5542,0.5983412077636108
5543,0.5828993444958561
5544,0.5491825462300509
5545,0.44892106823626
5546,0.5067099783171061
5547,0.541575064486417
5548,0.529851378893895
5549,0.42581467099987297
5550,0.38177499104555673
5551,0.5480597446208147
5552,0.6863356965358789
5553,0.6674386813952857
5554,0.5237079036297589
5555,0.44002894872014564
5556,0.3542408699342158
5557,0.5821441611705962
5558,0.4589335424625627
5559,0.556208707241855
5560,0.43255441600134736
5561,0.47643276151209485
5562,0.6930572211009648
5563,0.6413416898579648
5564,0.48970025249815685
5565,0.6186840671624829
5566,0.4153470102889458
5567,0.49458233795446566
5568,0.4679037351679118
5569,0.4146666858107881
5570,0.5011365715014482
5571,0.5023889810436932
5572,0.5691599037805478
5573,0.5440337595746025
5574,0.4804045012378617
5575,0.43219653271305863
5576,0.4257946062367228
5577,0.5577466067869452
5578,0.4733236109245167
5579,0.4605940859164733
5580,0.49304560258520763
5581,0.4351574096319536
5582,0.5278890026810257
5583,0.5509169881802323
5584,0.543239157741105
5585,0.27228004818898227
5586,0.48581746854858465
5587,0.5297524373599265
5588,0.4335653859134411
5589,0.642534155707639
5590,0.6973426015460807
5591,0.38482975259992697
5592,0.5068850813258029
5593,0.8006695037269301
5594,0.3941346839161457
5595,0.476891560849613
5596,0.47806393970347216
5597,0.6796629114211254
5598,0.6313620942834524
5599,0.5425695316462695
5600,0.5222572166704146
5601,0.38861185210154575
5602,0.6423246685824697
5603,0.5498839786823551
5604,0.49986170213188286
5605,0.5048093106491099
5606,0.5638188114517949
5607,0.5064869773932934
5608,0.5288668080751399
5609,0.5718770682996108
5610,0.6005292859244635
5611,0.38838197730998625
5612,0.5407901373848059
5613,0.6060727053277045
5614,0.41907732472167913
5615,0.3947411671301741
5616,0.48289838455144074
5617,0.5993493136774122
5618,0.5673653304865858
5619,0.5394196320571321
5620,0.37043367932845583
5621,0.5852878578486005
5622,0.4671353259613222
5623,0.4290013657599703
5624,0.4294443243823437
5625,0.4470734749657557
5626,0.5565702485213823
5627,0.4323445680868603
5628,0.5339283029478953
5629,0.4849230415429674
5630,0.4404498266109445
5631,0.5161410051388128
5632,0.6391328409401028
5633,0.5943926285812431
5634,0.48689163758185094
5635,0.4607957463733102
5636,0.49726342270150115
5637,0.5716858306706898
5638,0.3863910225671827
5639,0.5660112544797693
5640,0.6135611539508913
5641,0.4886342827307178
5642,0.4883789338092643
5643,0.6093263370976014
5644,0.42218589520334554
5645,0.5453070518251203
5646,0.4247131434735078
5647,0.4914677101956619
5648,0.6521950459046448
5649,0.5031237855716979
5650,0.44760294230910463
5651,0.7314722859486804
5652,0.47561775574631765
5653,0.4520256520370096
5654,0.4840144441346791
5655,0.3994736031686279
5656,0.39281231943178035
5657,0.6444214639721922
5658,0.44184064772673676
5659,0.36800783035802354
5660,0.5012496099022378
5661,0.41788982120952145
5662,0.5810951148903758
5663,0.6539744647444661
5664,0.49378319256044606
5665,0.569964417704765
5666,0.5573258881372054
5667,0.6871180855440335
5668,0.5391981712166543
5669,0.598522458820958
5670,0.41334922372898286
5671,0.45855596910943885
5672,0.6019937959538003
5673,0.3692405562209633
5674,0.6046470719264648
5675,0.5030796493871867
5676,0.47014704509408906
5677,0.44142698690895615
5678,0.5352255782279663
5679,0.5179836759298008
5680,0.6263431439451654
5681,0.7226898099689971
5682,0.4977761312511489
5683,0.4406103756603436
5684,0.5329637949915033
5685,0.49528365905196675
5686,0.3575625304939508
5687,0.6442282109339028
5688,0.47114607395184216
5689,0.37880668227357706
5690,0.43983701718300033
5691,0.5086662146207284
5692,0.5888307982718406
5693,0.5222246997115494
5694,0.6114954928412876
5695,0.43274726536013597
5696,0.5255005444800365
5697,0.4851941566849689
5698,0.7589730462509114
5699,0.4273251327256139
5700,0.476848253063353
5701,0.6105801431414491
5702,0.5811139322599823
5703,0.5914544761263321
5704,0.31898798656063876
5705,0.5879436428854403
5706,0.4775332010852698
5707,0.5054698891828474
5708,0.5056682644896696
5709,0.7141040523024812
5710,0.5268102538862943
5711,0.634165441019485
5712,0.5958270882355245
5713,0.6049409683010184
5714,0.39703921807258963
5715,0.5761099508964378
5716,0.5536963167187506
5717,0.47413993935159543
5718,0.600877195249764
5719,0.44320214749024783
5720,0.552051193972748
5721,0.36815819590938026
5722,0.6804429813481603
5723,0.49254372724038337
5724,0.47667133791860683
5725,0.6345534564129225
5726,0.7007095252870168
5727,0.3581359664274819
5728,0.5871585926570522
5729,0.6529240956087077
5730,0.698813370413106
5731,0.5723554707149953
5732,0.39385953424943587
5733,0.5803611958332531
5734,0.5271388432409692
5735,0.48130276234665675
5736,0.5254517106129974
5737,0.5344123784355602
5738,0.43515298134790376
5739,0.4476857074932319
5740,0.5806197335993908
5741,0.37806897009779017
5742,0.832502679186035
5743,0.41351657778517226
5744,0.42077864153875943
5745,0.6044795541112871
5746,0.6208013961956464
5747,0.4939843979309802
5748,0.4490190401665808
5749,0.4142474168612559
5750,0.41129557042628495
5751,0.4440547421297517
5752,0.46672940438755517
5753,0.4718983745534784
5754,0.5393692145433261
5755,0.6232257417290896
5756,0.504508799392564
5757,0.40355833180677886
5758,0.5985470300344526
5759,0.43380710552521845
5760,0.5624909882371376
5761,0.4448110735527693
5762,0.622007541626269
5763,0.5333218997690674
5764,0.4934218070428487
5765,0.6484358948768798
5766,0.3918366983685874
5767,0.5140690053747887
5768,0.3345844739084978
5769,0.3839411009702387
5770,0.3811013684914747
5771,0.5084742242144753
5772,0.5636887972120144
5773,0.4734099092794136
5774,0.5719652922346522
5775,0.658456068300634
5776,0.4988564663340937
5777,0.4454472644589841
5778,0.6349293844094314
5779,0.6078824180834828
5780,0.36464511930167354
5781,0.5367272779001432
5782,0.3809468642188597
5783,0.46751440024606344
5784,0.4785772275649416
5785,0.4352319967639867
5786,0.4214183057682296
5787,0.4762142955283326
5788,0.4951570923071461
5789,0.5456178348823658
5790,0.7448036420585633
5791,0.5921939209601297
5792,0.4645249144945559
5793,0.46719445473553345
5794,0.3425330216982603
5795,0.6573405120514489
5796,0.5367743656939474
5797,0.5655714549504989
5798,0.45325625415490967
5799,0.6548666915540015
5800,0.5121571796417811
5801,0.465214383211276
5802,0.5928401834899018
5803,0.37125848143238405
5804,0.4992793135166758
5805,0.7693662786082808
5806,0.722178521430496
5807,0.48329577608582946
5808,0.2337512230070079
5809,0.4917760613438382
5810,0.49188563476231456
5811,0.5177099660869086
5812,0.535969996822236
5813,0.5027538306380345
5814,0.4790091489116003
5815,0.5444003163941052
5816,0.5234264539233876
5817,0.4618174147553273
5818,0.5503394291984912
5819,0.4521533840422724
5820,0.37649981110886177
5821,0.7383382451600817
5822,0.3825858285552298
5823,0.5494336007462479
5824,0.5277793087302853
5825,0.4913874755093456
5826,0.47249205910963965
5827,0.6073472763286055
5828,0.466053257142965
5829,0.49491964031253083
5830,0.5299073878730458
5831,0.46484510659889083
5832,0.3128713432426386
5833,0.5076120907727601
5834,0.7389395992997803
5835,0.319445161401065
5836,0.45141784181599726
5837,0.4874983221044919
5838,0.5668221734768621
5839,0.39148991075839107
5840,0.4291449843892119
5841,0.4981908760267511
5842,0.537677376556414
5843,0.4476820233773106
5844,0.5625991352248988
5845,0.46239647477319556
5846,0.43604655732173897
5847,0.551012044518745
5848,0.5423515100926253
5849,0.4983433755725413
5850,0.5112133525516918
5851,0.581432556927332
5852,0.5319758384110289
5853,0.4422292310138868
5854,0.6289065242995657
5855,0.39131377151943153
5856,0.3466628221828323
5857,0.6700147557581604
5858,0.49760821796978244
5859,0.512973187917731
5860,0.37226170085202476
5861,0.35497659896869493
5862,0.3981581155273947
5863,0.499791551267978
5864,0.41349058861262555
5865,0.5150383995906445
5866,0.4833193083187023
5867,0.7246004615414302
5868,0.6064410427137975
5869,0.44405587799218416
5870,0.537435992473748
5871,0.5063497461950098
5872,0.4549570141240515
5873,0.49634568268143925
5874,0.4514827117524079
5875,0.4326718455928923
5876,0.5472142482681004
5877,0.671197381714355
5878,0.453005269796653
5879,0.513084134731727
5880,0.5600268886898481
5881,0.5274424731957547
5882,0.4058711461197363
5883,0.5864235002821281
5884,0.6308572124654014
5885,0.4730535713779053
5886,0.43989879661993403
5887,0.4524186697824669
5888,0.5536538239118378
5889,0.4967106134279225
5890,0.6056605751608565
5891,0.44875801356162365
5892,0.4725770617112732
5893,0.5187396832400659
5894,0.43640402665633754
5895,0.25677102498583126
5896,0.5692363091640261
5897,0.5705050278396163
5898,0.4518473369791684
5899,0.41707485727397864
5900,0.53682377898869
5901,0.5358640121290359
5902,0.3743680726528219
5903,0.4306370419383759
5904,0.6485035352082607
5905,0.5843566249920437
5906,0.504202133354351
5907,0.5754047938725136
5908,0.48926552784429506
5909,0.2963944299888761
5910,0.5444161596429373
5911,0.6548100629634545
5912,0.5259734851477477
5913,0.5150692647528144
5914,0.6056038248323394
5915,0.4720611703284049
5916,0.4064349769087233
5917,0.44994061549061903
5918,0.4982089748493672
5919,0.31366294829166763
5920,0.3685038101604631
5921,0.5064004891485281
5922,0.3172323096100622
5923,0.3100604837606859
5924,0.527655112402916
5925,0.5605359831728111
5926,0.450345980349003
5927,0.28929793899968054
5928,0.5571119271541164
5929,0.4366816038540508
5930,0.40440397149371715
5931,0.34756366457592325
5932,0.6516855978203282
5933,0.5041157622814747
5934,0.5221601192832692
5935,0.4149625050580794
5936,0.5487911986515086
5937,0.4307435995381478
5938,0.5397532098667084
5939,0.48383174178571575
5940,0.5095716201171966
5941,0.45550964181494696
5942,0.3980803892752874
5943,0.3426116401456135
5944,0.5218409965654801
5945,0.4529592140624751
5946,0.528963878155547
5947,0.5352776450830955
5948,0.46497864289144425
5949,0.39684986069832034
5950,0.6556168565509938
5951,0.5408756303546537
5952,0.757538073332022
5953,0.5230675378892187
5954,0.551315074188994
5955,0.5464296544585899
5956,0.42313528984631377
5957,0.561880930136899
5958,0.6903044955082734
5959,0.34468032072397325
5960,0.5219503658452456
5961,0.5194284252850834
5962,0.543884751049963
5963,0.6412043510537966
5964,0.7159839432814579
5965,0.5886009116337751
5966,0.4268143343513424
5967,0.386529672948261
5968,0.5810127143165502
5969,0.4685902992566814
5970,0.3149546385729079
5971,0.5586243781885104
5972,0.5886199028972338
5973,0.37439498188241527
5974,0.5394095183438525
5975,0.6202431871005458
5976,0.5019656289143278
5977,0.41782291035370556
5978,0.5596555018435458
5979,0.45976685714098187
5980,0.53902399740444
5981,0.3387114868999622
5982,0.5180261180647794
5983,0.6129087456953223
5984,0.6397680872016424
5985,0.6361114836228257
5986,0.42883246980813794
5987,0.5989984489431682
5988,0.4546114418847063
5989,0.33954640170753914
5990,0.48896888057734783
5991,0.5550991941864525
5992,0.7048682774254293
5993,0.6347582912173736
5994,0.5033894628430091
5995,0.536505388544737
5996,0.5780278698583635
5997,0.5726522987541172
5998,0.5152376553477586
5999,0.4400117715733209
6000,0.4297417525052887
6001,0.5792727155750128
6002,0.525128740244806
6003,0.5194289898220638
6004,0.43914444539934233
6005,0.39079861067414984
6006,0.4625458428965852
6007,0.5621453783262468
6008,0.6131666567550772
6009,0.5783695387903536
6010,0.48953061699654
6011,0.46115193708472224
6012,0.570849925410968
6013,0.525903040920625
6014,0.5034706916786902
6015,0.4006973304792788
6016,0.393643596759071
6017,0.541161170022404
6018,0.5511803453864994
6019,0.40414024435889806
6020,0.5942671428732076
6021,0.5580832667193629
6022,0.5742990793100862
6023,0.4229619622980263
6024,0.43855309697406164
6025,0.47843919476929603
6026,0.6417436186908533
6027,0.6220487680766944
6028,0.3696388424326147
6029,0.5540079218143008
6030,0.3843679827249099
6031,0.485591588315419
6032,0.5639695400393961
6033,0.5262350892353828
6034,0.381065327548212
6035,0.41850357199533783
6036,0.5130179142189162
6037,0.4469632851092589
6038,0.5590142377990804
6039,0.4908319793448518
6040,0.38404841669365297
6041,0.49333051452177706
6042,0.4249496944917028
6043,0.5031833469725753
6044,0.542183352441002
6045,0.511738755276211
6046,0.36763464174289817
6047,0.5397046119232924
6048,0.7068843395681548
6049,0.5072700900909602
6050,0.47693962193122263
6051,0.48049086707561045
6052,0.6885811112647031
6053,0.6003471457972018
6054,0.5814386538293337
6055,0.49125638435963814
6056,0.4178064821814233
6057,0.4310809616282444
6058,0.58278549232415
6059,0.40991014204638254
6060,0.5737808614742183
6061,0.6141741923676862
6062,0.43119348846577976
6063,0.568415623967536
6064,0.4738873195349912
6065,0.499260960074307
6066,0.742361468431095
6067,0.4332079958706365
6068,0.6683575500655939
6069,0.5082982819097999
6070,0.45014396705190096
6071,0.49762694093788445
6072,0.4228301895991619
6073,0.37406521875914805
6074,0.5038452472788115
6075,0.44332462369127024
6076,0.5305505299157536
6077,0.5614020950129205
6078,0.46443095389282263
6079,0.42044921999962165
6080,0.48044587139859163
6081,0.4785143156634581
6082,0.5482120375725053
6083,0.467087422136226
6084,0.3945366368010428
6085,0.4848835110519304
6086,0.6146778020612536
6087,0.5032516589922243
6088,0.40952042510095304
6089,0.6060662974804631
6090,0.4698940188044507
6091,0.5949848296785447
6092,0.47032966237430596
6093,0.7325159392535467
6094,0.51520717709573
6095,0.5391998277029606
6096,0.42395307393435255
6097,0.5989712762116174
6098,0.6057207907032108
6099,0.5726091285791262
6100,0.5892722972186236
6101,0.5695612666878085
6102,0.49608797647782815
6103,0.5878383808901677
6104,0.4420434079340046
6105,0.34551321503277366
6106,0.4690455918501773
6107,0.47234953154258524
6108,0.6019677352968419
6109,0.37044264083884
6110,0.4989417227366312
6111,0.47831370165454307
6112,0.5978896352079394
6113,0.5305772410244258
6114,0.757564356830618
6115,0.5065702197820174
6116,0.5139675519251988
6117,0.5124353820107914
6118,0.41491343397017594
6119,0.3350963525859985
6120,0.47124435779198537
6121,0.48305817571862203
6122,0.5001522036693574
6123,0.4565241515613052
6124,0.5202819479489641
6125,0.5123689765943724
6126,0.5854401365602477
6127,0.5948638903546879
6128,0.6004332897857754
6129,0.46234040817750166
6130,0.496609827494006
6131,0.5298347074705237
6132,0.5737134879874262
6133,0.3526989185183761
6134,0.6245744340806765
6135,0.6917258128189148
6136,0.5345780426242702
6137,0.4599936461147687
6138,0.5107546275601522
6139,0.581155828262187
6140,0.6074994793570264
6141,0.292533844643465
6142,0.677270879325688
6143,0.4478449717218429
6144,0.3716993017493493
6145,0.32164935772776293
6146,0.6457241857033162
6147,0.576861796881631
6148,0.4382935419028138
6149,0.4738689609903935
6150,0.4425913877733524
6151,0.6224042772683971
6152,0.5822051997874965
6153,0.48677398573267106
6154,0.48454555453963155
6155,0.4280906561515883
6156,0.6345069582313515
6157,0.48701579902099745
6158,0.42694254005137766
6159,0.4828751683351818
6160,0.529151886256083
6161,0.4914247414059023
6162,0.6858221990840588
6163,0.4712497022481109
6164,0.5813403729151644
6165,0.534946254229533
6166,0.5272261557717076
6167,0.39518634690973714
6168,0.5445995437952659
6169,0.4785822913133502
6170,0.5019335881127087
6171,0.3285886648722418
6172,0.5732999614090324
6173,0.4269993085743723
6174,0.6590720930078189
6175,0.5527449873518571
6176,0.5033065340378038
6177,0.6428971537306059
6178,0.4835283633238052
6179,0.5657599071758534
6180,0.5795434689353604
6181,0.549402558053084
6182,0.5085810986805008
6183,0.589557100300568
6184,0.550062609524203
6185,0.5803997616542528
6186,0.4731568233702513
6187,0.5761904430959677
6188,0.447077995337075
6189,0.40358253144814915
6190,0.49212582657595433
6191,0.5532947716250918
6192,0.6249788482201514
6193,0.5316975231488874
6194,0.3739368628932428
6195,0.4402114364922073
6196,0.4348220758207844
6197,0.48776746706263635
6198,0.2726992385644219
6199,0.42087181543005225
6200,0.5356021669348626
6201,0.5143939503256555
6202,0.43554392450443696
6203,0.3791835494432178
6204,0.5984964372144027
6205,0.5746013128092822
6206,0.5756129176652773
6207,0.34546895606917416
6208,0.4888023213925178
6209,0.5610183524072718
6210,0.5632459628585205
6211,0.5084943977272433
6212,0.47821316219147264
6213,0.454678272971392
6214,0.5009619297664535
6215,0.41170798461096403
6216,0.41380697502998065
6217,0.4392354058864247
6218,0.5322535007863415
6219,0.5934683586329046
6220,0.4910858993817727
6221,0.46431532798507014
6222,0.557165917809275
6223,0.5907767039250645
6224,0.5067684933191254
6225,0.5947445854062464
6226,0.41066839887111545
6227,0.8623234090383447
6228,0.3809567775552797
6229,0.5520481750406944
6230,0.433796271633069
6231,0.5357532734170334
6232,0.7221740851685481
6233,0.5833558438311117
6234,0.7162654439386722
6235,0.4607073524676613
6236,0.3173105103038386
6237,0.5796289962627919
6238,0.5635532088150543
6239,0.46431836036376656
6240,0.4382692255541765
6241,0.534687893715737
6242,0.4630616605950938
6243,0.5179167313972116
6244,0.684303509899014
6245,0.6075251967270998
6246,0.643523965784263
6247,0.46849615812121786
6248,0.5181946802699335
6249,0.42246573808147625
6250,0.50549560940455
6251,0.5213105250247967
6252,0.42138119455949075
6253,0.5166531105746297
6254,0.45660466011206313
6255,0.5768158993085791
6256,0.5450018541491772
6257,0.6787470134748718
6258,0.42400680334950536
6259,0.4809648432572534
6260,0.5645648948353055
6261,0.45847237070645575
6262,0.32971413219569723
6263,0.4039448498357526
6264,0.6181938964070215
6265,0.5966517001632837
6266,0.40653733536992537
6267,0.514132752613725
6268,0.7364472390669835
6269,0.6849045921980813
6270,0.5863712677848127
6271,0.5152162514892408
6272,0.6544071016194872
6273,0.6856184784646336
6274,0.40232529680036566
6275,0.4196481399786482
6276,0.43840525004205655
6277,0.6633549590442192
6278,0.5093091806183974
6279,0.5469059780412464
6280,0.5092467956002237
6281,0.5024763708422735
6282,0.5390157775462535
6283,0.6869527700710342
6284,0.3497262531058648
6285,0.5308503611906341
6286,0.41903675128313445
6287,0.5719199135301232
6288,0.4736650699015695
6289,0.5625755594643376
6290,0.5678236444768215
6291,0.4235577533626467
6292,0.4283981015988487
6293,0.7815372735552948
6294,0.4049602226521852
6295,0.4363086059007448
6296,0.614654469292978
6297,0.4780253688319604
6298,0.4577016489025946
6299,0.5102960124110644
6300,0.41543064342222025
6301,0.5463829076680077
6302,0.4916643593173222
6303,0.43779036880176436
6304,0.48262854032578895
6305,0.34600197780884706
6306,0.45124017360427726
6307,0.5080252546235988
6308,0.6555086962781453
6309,0.7671208191622786
6310,0.45112542520693993
6311,0.42145278326130897
6312,0.5357439292048499
6313,0.5099882444634701
6314,0.7373582653410311
6315,0.34468466371588224
6316,0.4868334014271457
6317,0.5041954721816677
6318,0.7055360404290612
6319,0.608452594848083
6320,0.45533914619429927
6321,0.5256343060163207
6322,0.5117833606933196
6323,0.40305290651553316
6324,0.5028140839691807
6325,0.6003954842247958
6326,0.45481100430185134
6327,0.6295994391273853
6328,0.613254189992924
6329,0.4815881017105274
6330,0.5669091841370918
6331,0.4749824422970169
6332,0.4506700618795705
6333,0.36981678896883063
6334,0.6785349557664572
6335,0.5837842617244207
6336,0.4400299906682422
6337,0.4517142754639417
6338,0.5223404913783439
6339,0.5650148848832183
6340,0.42732315920827496
6341,0.5786249344623374
6342,0.6709898088888524
6343,0.3696528021074644
6344,0.4989601113635481
6345,0.4521664041887355
6346,0.3751417698377882
6347,0.5056845733468075
6348,0.5573448317896454
6349,0.7370183768945028
6350,0.5067458293163266
6351,0.5291822516163834
6352,0.48716513458277877
6353,0.5681723367573533
6354,0.41711839971456055
6355,0.5491063742439977
6356,0.4954683342754534
6357,0.6061786750869365
6358,0.5386574115201681
6359,0.40892311601417586
6360,0.5053975984569737
6361,0.6615701646191201
6362,0.36248189521219276
6363,0.5585135125717748
6364,0.6410265142506639
6365,0.6494834171206528
6366,0.7020485046226705
6367,0.6656534852100888
6368,0.5875585608844159
6369,0.4975512771879609
6370,0.5488602603348174
6371,0.5576862451743649
6372,0.43621114058420046
6373,0.42697822237188215
6374,0.4066930246963536
6375,0.4739553459785895
6376,0.35740270073072594
6377,0.5164492753980444
6378,0.3440977027218265
6379,0.5393254705006313
6380,0.5384005092230746
6381,0.5254354505129071
6382,0.6192216455738901
6383,0.5173290155779813
6384,0.4990519287616901
6385,0.4375804756680135
6386,0.5884122295837473
6387,0.4576531323012948
6388,0.47650615653932854
6389,0.5473399271516336
6390,0.45881910433981943
6391,0.531994874601757
6392,0.5446304628841786
6393,0.43518833609136953
6394,0.5089819980604045
6395,0.4103928961065607
6396,0.5235120615028812
6397,0.673097300356471
6398,0.4777168201801053
6399,0.5494431975764832
6400,0.4471235598530201
6401,0.3081676363367857
6402,0.44490722122079907
6403,0.43277457370267575
6404,0.5754592067664349
6405,0.4501116497819395
6406,0.48950742798558583
6407,0.5540592759522482
6408,0.4469788123054521
6409,0.5353605115273812
6410,0.4636110641120641
6411,0.3460063098089857
6412,0.6010286601343355
6413,0.5005407115593788
6414,0.6264349697165942
6415,0.6909192477618764
6416,0.5584364771045132
6417,0.624318735520295
6418,0.5740298177028262
6419,0.4659109821286852
6420,0.36808568051080814
6421,0.4722982031105154
6422,0.5486651326183097
6423,0.4180700446066907
6424,0.6074906012697168
6425,0.5768354722047355
6426,0.5293567770471713
6427,0.3844604346325524
6428,0.5499645429817694
6429,0.4157068549167173
6430,0.6990719850289877
6431,0.5522011419421585
6432,0.4646527587529639
6433,0.6109129913879727
6434,0.5140873998388409
6435,0.4110048587926848
6436,0.4884853906762658
6437,0.5303019799489124
6438,0.3469000099846876
6439,0.5487774571707185
6440,0.4173117677242296
6441,0.36563646353344836
6442,0.452526726900904
6443,0.4534807932365663
6444,0.4142947738055942
6445,0.5787991917709308
6446,0.49187324994527765
6447,0.5657288201037759
6448,0.5707564872903925
6449,0.40656678389064316
6450,0.4452664291559959
6451,0.6386106560144051
6452,0.5147242635528378
6453,0.6064134268259831
6454,0.7898048188785955
6455,0.3752541135407449
6456,0.4890110190826486
6457,0.584462271647616
6458,0.4471929599558052
6459,0.5073775347567837
6460,0.4544847364292258
6461,0.4175705823842839
6462,0.44832902884612524
6463,0.628106824582953
6464,0.5386296941683614
6465,0.5621464445911851
6466,0.4540864974369907
6467,0.48087381309843813
6468,0.5318356454637008
6469,0.522140932870228
6470,0.6402701367380134
6471,0.5659135408425796
6472,0.48804626847679516
6473,0.6478379014914607
6474,0.5830882141828916
6475,0.434550210905035
6476,0.4973451933125432
6477,0.8588057190660665
6478,0.6478794236085464
6479,0.5397251575158434
6480,0.596227321479941
6481,0.4286059043226189
6482,0.4712343231252194
6483,0.42765506803213754
6484,0.6025429177611372
6485,0.4931616430637424
6486,0.47108224532845266
6487,0.471688640544163
6488,0.34756032885771804
6489,0.6536859815549219
6490,0.3666705638117437
6491,0.45451436087512287
6492,0.4183419260283467
6493,0.41801559403276406
6494,0.45743146282265
6495,0.5312828632513037
6496,0.36010215904791254
6497,0.4881249315476917
6498,0.3278655034834512
6499,0.4593342283199731
6500,0.5274625511580688
6501,0.5463805798472103
6502,0.35376508246531124
6503,0.6228652003547333
6504,0.4518402832805134
6505,0.4453648376447012
6506,0.485062407841498
6507,0.6107179130533108
6508,0.4364378669421288
6509,0.42818645466199945
6510,0.5304957718106968
6511,0.5168048797891821
6512,0.48172066637456623
6513,0.4949527121622332
6514,0.5326434913597087
6515,0.49912292578786316
6516,0.7207262194085978
6517,0.42258310058691506
6518,0.5523795408909473
6519,0.43887684351544176
6520,0.3372894533805678
6521,0.4871776633496791
6522,0.3171769995083348
6523,0.54324592301795
6524,0.37250370685728273
6525,0.7382523725356175
6526,0.6603679080897523
6527,0.6559308155082596
6528,0.5763469763302478
6529,0.5762619949508536
6530,0.4489069663880703
6531,0.6132081059121455
6532,0.4923615700892298
6533,0.5773673803177265
6534,0.5003190950134163
6535,0.45019935647142073
6536,0.45891562401483066
6537,0.5166841180821464
6538,0.461116300801303
6539,0.5200729932818757
6540,0.5082428732094701
6541,0.6105469397959913
6542,0.574887256627987
6543,0.5287198547823339
6544,0.6893808531867044
6545,0.571774389388555
6546,0.7882562505648835
6547,0.5373104698110113
6548,0.3582365044052612
6549,0.520425105762697
6550,0.42368221980464016
6551,0.510837342709019
6552,0.38865031059473854
6553,0.6114221445922221
6554,0.38948333205546587
6555,0.5789374719034079
6556,0.4392838682931107
6557,0.4939148491359197
6558,0.5837372400295244
6559,0.5147686549593972
6560,0.6893999914389748
6561,0.39561419753548444
6562,0.5190402194739038
6563,0.6018712047922622
6564,0.47539161003196895
6565,0.37651090118746144
6566,0.6017229068988955
6567,0.41458844495170155
6568,0.5435932051360873
6569,0.5649090416448019
6570,0.5236436439272046
6571,0.7859933991867343
6572,0.6266143181935345
6573,0.5700189167629213
6574,0.4799676266148501
6575,0.5509626822992775
6576,0.5612390304526398
6577,0.5269907134210823
6578,0.501041688888731
6579,0.5393973440795802
6580,0.4712117070155362
6581,0.41489655868193837
6582,0.6463454931796113
6583,0.40881343396149666
6584,0.5591103137971424
6585,0.4676779463751167
6586,0.47911871244144655
6587,0.3528775370892714
6588,0.679542707514823
6589,0.6403235628273589
6590,0.5242204012767637
6591,0.49901760984132093
6592,0.34741950303767877
6593,0.561273697333173
6594,0.45781311747652154
6595,0.44383624383803516
6596,0.49917314245496436
6597,0.5258483891091644
6598,0.300480399381048
6599,0.4327106517500119
6600,0.5735257333739785
6601,0.5185877382600683
6602,0.6132107763030866
6603,0.435789224622288
6604,0.5659849947761351
6605,0.4301292841878799
6606,0.46204235729953624
6607,0.46520072785815714
6608,0.4252633842459392
6609,0.5523952273236545
6610,0.37193116422028927
6611,0.48135390410404966
6612,0.33787757758617737
6613,0.4636000459504691
6614,0.5207712995689819
6615,0.5519387919367015
6616,0.4166187848605265
6617,0.43741501796267573
6618,0.3968383341358257
6619,0.3917085503404508
6620,0.5456982551134524
6621,0.5538494333125885
6622,0.3969295098580957
6623,0.6161637578487725
6624,0.4260683440706131
6625,0.5158431488372991
6626,0.5330038900364665
6627,0.5823783650362685
6628,0.4113016287035586
6629,0.3797315408908279
6630,0.5458081482465815
6631,0.5715454847669378
6632,0.4646794961365156
6633,0.5169628803103758
6634,0.6867573337769608
6635,0.7130321457268178
6636,0.5418231336488232
6637,0.37531679134294416
6638,0.46973570592021463
6639,0.5349187048772268
6640,0.48191138832256797
6641,0.6470090307597598
6642,0.5168185966286235
6643,0.644981552369183
6644,0.3998384597748396
6645,0.5649617006757166
6646,0.4073070083601593
6647,0.5502340509312076
6648,0.5608341591942713
6649,0.4604142907408177
6650,0.4293904833682064
6651,0.608141129334064
6652,0.61334174639732
6653,0.5058225094941591
6654,0.45284339772562304
6655,0.5106548391244459
6656,0.5501346306240343
6657,0.4163737054428878
6658,0.3487027189503079
6659,0.7448895715167471
6660,0.5701852691611318
6661,0.3669450201794531
6662,0.5452732856580932
6663,0.596074231938337
6664,0.5421809339254915
6665,0.5228993011026737
6666,0.4958925110549332
6667,0.354350947081686
6668,0.5225688878104591
6669,0.37048129652020156
6670,0.5883192471928036
6671,0.4882414256594261
6672,0.6122300521754416
6673,0.5367695379283702
6674,0.42667624887050887
6675,0.4575428802332858
6676,0.5793084180686628
6677,0.44220799281890244
6678,0.5287172654773408
6679,0.40067748285988386
6680,0.45512876543564085
6681,0.49265100058623384
6682,0.5419949754720071
6683,0.4288020193930255
6684,0.5445430221632567
6685,0.47891116223793334
6686,0.49553936600684334
6687,0.46434238121432336
6688,0.5538837130982759
6689,0.4804215873785441
6690,0.4009194733370699
6691,0.5458951151225511
6692,0.56246368585437
6693,0.7470657082599972
6694,0.47678798221290586
6695,0.40805311957142937
6696,0.5181050351364244
6697,0.45542531933070074
6698,0.6260562072080811
6699,0.6041798267181432
6700,0.5773234802468451
6701,0.555601604202578
6702,0.49594128761525824
6703,0.4659947305345243
6704,0.4793515081252744
6705,0.5316852336362373
6706,0.4846744508918053
6707,0.5121360321194032
6708,0.4913766037667474
6709,0.7209926921693818
6710,0.7738282242677728
6711,0.774828294230443
6712,0.5576159841639733
6713,0.4934625921963166
6714,0.5061937924491365
6715,0.6463312784802788
6716,0.35474836698479095
6717,0.625867813852998
6718,0.4043296979461708
6719,0.6965195679493059
6720,0.4915396324757978
6721,0.6244487737352822
6722,0.7977733660842272
6723,0.5102512943413202
6724,0.4999126634949743
6725,0.5537330470645286
6726,0.41558400268694884
6727,0.4189046861115823
6728,0.422714918962742
6729,0.42800005019015974
6730,0.47896304275305085
6731,0.4713471937125685
6732,0.3668835936054444
6733,0.46530233853138026
6734,0.6138387708516233
6735,0.37861630883802266
6736,0.7515368664075555
6737,0.4362462427466772
6738,0.42186263733541957
6739,0.6376682777694181
6740,0.48186641665330826
6741,0.47274225572965356
6742,0.47790136727154836
6743,0.4600062806897165
6744,0.44620974890813925
6745,0.7860739834297796
6746,0.44904450531354034
6747,0.6396350900629293
6748,0.39366204597841
6749,0.4357054696838064
6750,0.5744114573362854
6751,0.4821821171995162
6752,0.4884014367540682
6753,0.3923409596913507
6754,0.4852587938921367
6755,0.6476347205204268
6756,0.45942634872839083
6757,0.6591047924777642
6758,0.27710178067891283
6759,0.4624008706549322
6760,0.3342027360740926
6761,0.5128149805553387
6762,0.6528403608388621
6763,0.38418730207353935
6764,0.5550724026460148
6765,0.5674383790765363
6766,0.5256325009335354
6767,0.49355420300611264
6768,0.3354552797048014
6769,0.37018376277898024
6770,0.48562053251649373
6771,0.6844742442660274
6772,0.4713992616470888
6773,0.4404768000669914
6774,0.7369853111730832
6775,0.5513447324662423
6776,0.36357034201625416
6777,0.519035749114514
6778,0.5364749819232888
6779,0.4310150746350194
6780,0.6557701944349938
6781,0.45231942453396057
6782,0.40545250970108526
6783,0.4957996421006443
6784,0.5598285352659201
6785,0.5308578457613188
6786,0.6051166776170336
6787,0.8561400010193478
6788,0.48374547800215556
6789,0.46954593814282697
6790,0.4289856125144998
6791,0.6727487938639822
6792,0.6208292885926932
6793,0.5563569364898175
6794,0.7056155761670495
6795,0.39449759709333243
6796,0.6824712110572096
6797,0.5467455089495838
6798,0.35803008317080165
6799,0.60875494299568
6800,0.32483596078731913
6801,0.601700297729901
6802,0.37539807161082
6803,0.5222057921569295
6804,0.6009396761291155
6805,0.5512343088835885
6806,0.6156217686841949
6807,0.5594745852271268
6808,0.5010323039549801
6809,0.5813527687556619
6810,0.35723262103868214
6811,0.5228584616463157
6812,0.43184591485306384
6813,0.401464654228152
6814,0.3935609530140781
6815,0.4403936352147018
6816,0.301369777102337
6817,0.49377064960221007
6818,0.5386399158553618
6819,0.30418499469555493
6820,0.5809454575658001
6821,0.5389980513624475
6822,0.3773269004468287
6823,0.45354513737244456
6824,0.5867041895757914
6825,0.4245571154458147
6826,0.5226186171121142
6827,0.5799151363814226
6828,0.4079786364124539
6829,0.6782022850419477
6830,0.49479720922222914
6831,0.5182776899423598
6832,0.6637131917964185
6833,0.6473943831324684
6834,0.2932301630244367
6835,0.4866626717045473
6836,0.6295840244513802
6837,0.38531945493715336
6838,0.4965896689108858
6839,0.6329987398274195
6840,0.5499522640594044
6841,0.4951752172617532
6842,0.610162850798645
6843,0.5374941687092705
6844,0.368560129048203
6845,0.4803883056289461
6846,0.5302763590919427
6847,0.47417138836901473
6848,0.7219817425382711
6849,0.45732577807039276
6850,0.7654261869811261
6851,0.4530470027040492
6852,0.5225563460412052
6853,0.3740804621943458
6854,0.7142310544364018
6855,0.47310162211418894
6856,0.3250258967355846
6857,0.5005575519021798
6858,0.6096685109325497
6859,0.41811064245150265
6860,0.5935993406391006
6861,0.29647438081557465
6862,0.4545217981981963
6863,0.5092638921811533
6864,0.5941232962619345
6865,0.8043374394998928
6866,0.48810493960139406
6867,0.4905645038653454
6868,0.7570706845445422
6869,0.6140124355875619
6870,0.5239424769583871
6871,0.3932947179190023
6872,0.5992796098618155
6873,0.5192155438416762
6874,0.6225064516009925
6875,0.4789202872791153
6876,0.5216864961986543
6877,0.4605414437784851
6878,0.474561729316373
6879,0.6300807070294294
6880,0.7159088032408406
6881,0.47987208415586746
6882,0.5212724511489237
6883,0.5112050114913723
6884,0.85239003131547
6885,0.49970339770300104
6886,0.6386190026466928
6887,0.5989693847347706
6888,0.7053817004517616
6889,0.5295436475058679
6890,0.4588722548978262
6891,0.5838072562932438
6892,0.5861917892671341
6893,0.5124831291215103
6894,0.5995774790751319
6895,0.6101137131478487
6896,0.582023672722094
6897,0.46720185325770597
6898,0.6126035342338447
6899,0.5389954845071053
6900,0.4734581171983963
6901,0.4372958511016638
6902,0.48860485358266775
6903,0.4456912443166485
6904,0.48253064511437005
6905,0.4813559560678019
6906,0.5183541007328583
6907,0.4993777025356206
6908,0.5117877540673328
6909,0.4413332610711106
6910,0.5129487761626449
6911,0.3889871498676561
6912,0.43727127234887964
6913,0.4337869858540425
6914,0.4659757721257855
6915,0.38756952031811664
6916,0.35292074157512754
6917,0.6213122012241886
6918,0.4842105254073039
6919,0.7572753219962409
6920,0.45526422178222614
6921,0.7103442160445056
6922,0.558039268900373
6923,0.5190578171645728
6924,0.39095191899996795
6925,0.7294673610515763
6926,0.5339457214247763
6927,0.6699057078825164
6928,0.49220200334463876
6929,0.5808244632265486
6930,0.5398704367168936
6931,0.5981875899648208
6932,0.5887822118897281
6933,0.5105062596096943
6934,0.574533813060573
6935,0.8394822650789749
6936,0.503095292817638
6937,0.3730856052666116
6938,0.40818519289292277
6939,0.38861773072843997
6940,0.4317991860147524
6941,0.5142804301190842
6942,0.5563989442252187
6943,0.47866932021617026
6944,0.6256268166274533
6945,0.49442742453726557
6946,0.6394344544725835
6947,0.6547453746513384
6948,0.6656839904134797
6949,0.5661153453914722
6950,0.5211275018037924
6951,0.5717815877594941
6952,0.49497184540114547
6953,0.6641211672942832
6954,0.6110087358932825
6955,0.47319487116398523
6956,0.6091904947429481
6957,0.44731309300825606
6958,0.4387870923745288
6959,0.37600070339484715
6960,0.5051725972150812
6961,0.4874752735188052
6962,0.4710288353564768
6963,0.6204838992890321
6964,0.4423419706620538
6965,0.43840978069190506
6966,0.44815017638842986
6967,0.4240677676469653
6968,0.3699232191249584
6969,0.3601518737479591
6970,0.5180973777928046
6971,0.6479415845728256
6972,0.5466657025298227
6973,0.5042277128684555
6974,0.42145435396393344
6975,0.6020672535467215
6976,0.5581442407469409
6977,0.5726571437714004
6978,0.6432367508697145
6979,0.47264639313236423
6980,0.5431432315741296
6981,0.5302201439152038
6982,0.9079130880005153
6983,0.3582162153688313
6984,0.430401115398957
6985,0.415092118003045
6986,0.5119133081647947
6987,0.595598252560327
6988,0.4995234698845887
6989,0.5729791376781531
6990,0.46026386308182654
6991,0.3751002997519036
6992,0.7706471174046058
6993,0.6981951307027825
6994,0.6035903943753663
6995,0.40426355480716075
6996,0.41510193714449783
6997,0.5069051131618635
6998,0.40315213054885324
6999,0.44917602500166637
7000,0.49748580878105875
7001,0.5742051162355485
7002,0.5739985423275553
7003,0.5042319557380729
7004,0.4535962717459363
7005,0.5871406515381311
7006,0.49952890066049027
7007,0.44051046469445665
7008,0.5741728472519287
7009,0.6192625006234076
7010,0.5927039139255302
7011,0.4424629573465565
7012,0.4828545422698545
7013,0.4842200435121274
7014,0.42603667101960074
7015,0.38017036226694545
7016,0.6090351049226328
7017,0.5655872687638124
7018,0.5916677981076203
7019,0.6580277196176425
7020,0.39593412532046984
7021,0.5709657230005752
7022,0.5586458382340982
7023,0.29759942740737466
7024,0.48721645047923573
7025,0.5017509131948564
7026,0.5563624007628174
7027,0.2908691002983447
7028,0.6115303947073187
7029,0.5704635559616378
7030,0.3208923251903106
7031,0.5796792722991568
7032,0.5676427179689131
7033,0.4757322700775238
7034,0.4385111844222768
7035,0.4136989571100214
7036,0.22895588371362846
7037,0.46903549814056106
7038,0.5447980769305447
7039,0.3478449859556231
7040,0.46081877928045134
7041,0.4994865051080587
7042,0.47162197028234265
7043,0.4651260962037991
7044,0.6554660850510512
7045,0.6091344848883751
7046,0.4429872992774085
7047,0.544685338384118
7048,0.6873588730055398
7049,0.5178077667578665
7050,0.7492789351158492
7051,0.4716517154820649
7052,0.49588677229958467
7053,0.42960434045184454
7054,0.5869935223766047
7055,0.45250895271022884
7056,0.45369056002788966
7057,0.5775062154306901
7058,0.5896042965859675
7059,0.4527178468758194
7060,0.42616995070971586
7061,0.6968583995736004
7062,0.5403753747634692
7063,0.6043316956152857
7064,0.6355707511109455
7065,0.36690245368785274
7066,0.4891947589029655
7067,0.6265615621884342
7068,0.4901650280011517
7069,0.4817896297582661
7070,0.5974955665339606
7071,0.4233934172422037
7072,0.5621104065301155
7073,0.5979285024745908
7074,0.5904777493692517
7075,0.5242587017215101
7076,0.38843256605536786
7077,0.5552531619567028
7078,0.4703133078118535
7079,0.5748192605924962
7080,0.5489743423774975
7081,0.6328294114222327
7082,0.5856407771268037
7083,0.4294463211513576
7084,0.4870058222008463
7085,0.45954453085605346
7086,0.5589975421622462
7087,0.41129924770429366
7088,0.6997661629704012
7089,0.5109656359130682
7090,0.5567821373245119
7091,0.34128374842692166
7092,0.5694324735105587
7093,0.6151051700297844
7094,0.43667457462191184
7095,0.595736667533939
7096,0.46807678117506274
7097,0.6010682423417106
7098,0.564438410565433
7099,0.528643131853927
7100,0.6191098739272558
7101,0.615509159654373
7102,0.4967595439118678
7103,0.5356772285584837
7104,0.5333776290695197
7105,0.40443890581943753
7106,0.29544170468374886
7107,0.44142174597027395
7108,0.5765166374331746
7109,0.485896319965518
7110,0.5304475153068028
7111,0.5532865071829426
7112,0.6204195330170963
7113,0.39688087756572143
7114,0.36731081602018223
7115,0.4458751812358336
7116,0.6153566685257427
7117,0.5374575332186806
7118,0.49444352542155884
7119,0.43999853125636257
7120,0.742181689615921
7121,0.3314974261725402
7122,0.5390582727955615
7123,0.4742233735391567
7124,0.5697156169427378
7125,0.5933334796222042
7126,0.522069536651825
7127,0.5095199798520567
7128,0.6838878519720062
7129,0.4521305831610766
7130,0.7256452218001516
7131,0.4377538565073886
7132,0.34344373666881156
7133,0.6232351695045659
7134,0.4723638870850347
7135,0.5253166838445109
7136,0.4615594048498092
7137,0.4906592200931267
7138,0.6136141673852782
7139,0.44129430259533714
7140,0.5914594862930793
7141,0.3686702459430272
7142,0.4765789891567583
7143,0.7318788556211665
7144,0.38968218210370803
7145,0.3911139194105565
7146,0.45733457633965946
7147,0.3619594733207464
7148,0.516948749068428
7149,0.5299926844762204
7150,0.40931622678391755
7151,0.6748239995999303
7152,0.6207028384688977
7153,0.5616109833473295
7154,0.39422706762611137
7155,0.5671514811600693
7156,0.4459053758055337
7157,0.39665047589764346
7158,0.4671782752269832
7159,0.7597581687537476
7160,0.4813654148546073
7161,0.3804414082643284
7162,0.5938168887353691
7163,0.5230721533191971
7164,0.4704897945129961
7165,0.6134482960091551
7166,0.6510947438371069
7167,0.37165537336527305
7168,0.4450950370912415
7169,0.5606621007704647
7170,0.48791758868218316
7171,0.40774972628484846
7172,0.3984402965169633
7173,0.532993774641869
7174,0.5923949924366915
7175,0.479896831779053
7176,0.38813669176969257
7177,0.5926675358830835
7178,0.5092642378387429
7179,0.6671265393299576
7180,0.3453284659195478
7181,0.4399528891486745
7182,0.38167017022868577
7183,0.5176531297362008
7184,0.6260469424930091
7185,0.4507280943197433
7186,0.4474067196357869
7187,0.49540360405838524
7188,0.5125799104649267
7189,0.45449534641258826
7190,0.5202117927618896
7191,0.4482079526787196
7192,0.5920722205315908
7193,0.6486106457159136
7194,0.5811912663591128
7195,0.5299640961939031
7196,0.536379629036226
7197,0.48405587267176764
7198,0.4676657597869318
7199,0.3256310253810593
7200,0.4765997620693257
7201,0.44125451510811775
7202,0.46221562902239915
7203,0.5133959761675843
7204,0.5253637396252726
7205,0.3704147335167251
7206,0.5404988953192313
7207,0.5850208278036821
7208,0.3600398677422433
7209,0.43797452919527613
7210,0.5581736557969489
7211,0.5951619512836014
7212,0.4808028111905196
7213,0.44054725894676766
7214,0.48537636823966496
7215,0.4398786544205679
7216,0.5314634435022412
7217,0.3473687911070995
7218,0.40632813563432746
7219,0.407508464028117
7220,0.5767506219581244
7221,0.41456121189359313
7222,0.506407381483681
7223,0.5320049314626717
7224,0.41564561030984615
7225,0.5294264754936371
7226,0.5648078120072038
7227,0.5227358538284236
7228,0.5196936928329347
7229,0.6011512696292078
7230,0.5138945724081918
7231,0.2549505944374061
7232,0.5200977837164454
7233,0.6238948769661729
7234,0.4545064837897468
7235,0.3862406308190463
7236,0.5930556311377992
7237,0.49162634154814205
7238,0.48591306279601465
7239,0.45737441205462054
7240,0.4478644487794387
7241,0.659490734936246
7242,0.5443633186571165
7243,0.4171235316066908
7244,0.5795006460350153
7245,0.45076818016237674
7246,0.6404931048582554
7247,0.5044528115916239
7248,0.4422064219431867
7249,0.5872265177821456
7250,0.571801436568114
7251,0.48936226324753995
7252,0.5212125871840486
7253,0.6240923034080074
7254,0.5079419273085802
7255,0.5588851071383714
7256,0.5318265937113124
7257,0.4735531918390392
7258,0.4757126811328547
7259,0.41219276202857325
7260,0.4147880737982735
7261,0.5085827087722135
7262,0.5543111197488162
7263,0.42684984792892766
7264,0.5008513719395801
7265,0.5227437838978416
7266,0.42920815201742246
7267,0.5303262470700688
7268,0.5665347783972475
7269,0.5702413383276279
7270,0.45256836421054775
7271,0.4639176089106062
7272,0.45614137089217377
7273,0.5853640491676109
7274,0.5307670818857261
7275,0.6081054648626861
7276,0.5584932326477218
7277,0.5830274753338482
7278,0.5988149612219075
7279,0.4636827040478214
7280,0.4073965532767801
7281,0.4426663186185036
7282,0.4332935539820067
7283,0.49058949204922014
7284,0.673034545875113
7285,0.6473444007093203
7286,0.3786143136001522
7287,0.5172985530752533
7288,0.5383547048075834
7289,0.44106597040886086
7290,0.4560588592300045
7291,0.5998208078023419
7292,0.4710540202329654
7293,0.5828252769661113
7294,0.5370342591021542
7295,0.6555560315584916
7296,0.5032910163563514
7297,0.60525618027666
7298,0.48660339873113906
7299,0.46130510432532457
7300,0.4777861127657029
7301,0.47133841596772513
7302,0.5597980885422758
7303,0.5061837685136074
7304,0.4695491624820135
7305,0.5025126928976119
7306,0.5375588886676971
7307,0.5632337530727737
7308,0.5357263617024256
7309,0.7662699210562142
7310,0.8585503010444111
7311,0.47727946247492614
7312,0.5478279367161296
7313,0.5052144402467539
7314,0.4458511130059449
7315,0.6589634767406223
7316,0.5359360726547618
7317,0.5050194490291207
7318,0.4103823870865443
7319,0.45244934939720644
7320,0.32746502668803446
7321,0.5235876919023852
7322,0.5620753029002177
7323,0.5762269275514401
7324,0.49344983609850007
7325,0.3693248118294233
7326,0.6013635440520604
7327,0.3924661283978484
7328,0.37693196780778715
7329,0.3075275792452291
7330,0.36181340301583514
7331,0.6012444984223163
7332,0.6108820760080856
7333,0.5691585312395246
7334,0.7702031407147689
7335,0.526241756868124
7336,0.4694437938510219
7337,0.7241418993538493
7338,0.384897954230789
7339,0.3564363478556053
7340,0.45033971549553253
7341,0.5347088760179863
7342,0.5274109066169685
7343,0.3842835416672191
7344,0.4054623195938411
7345,0.40303436921257974
7346,0.3902152553490505
7347,0.6929792426675798
7348,0.5393590552605401
7349,0.7127375498220376
7350,0.45359302321526973
7351,0.6320949700513641
7352,0.5021140030570157
7353,0.4928917556725005
7354,0.4816039140123797
7355,0.6198159229921444
7356,0.5934307068870748
7357,0.38630282528691784
7358,0.6424976269249658
7359,0.5068671496146554
7360,0.4368074668823333
7361,0.5319636588090246
7362,0.6567942310316786
7363,0.46396667853272616
7364,0.46736077009731664
7365,0.49943032422645844
7366,0.34272199621578026
7367,0.49985349611778923
7368,0.43477343997619217
7369,0.42240097641685265
7370,0.6011927583584253
7371,0.5398639121429679
7372,0.5386979866617716
7373,0.4402729873056822
7374,0.7252614400610461
7375,0.3703548264582861
7376,0.4748082272044309
7377,0.3924210450067711
7378,0.45498819353132336
7379,0.5836018201569056
7380,0.455748925774583
7381,0.5892105305237557
7382,0.5470832639663238
7383,0.4334247430369792
7384,0.5905504860593673
7385,0.7423363473493297
7386,0.49020823079208875
7387,0.545415078088433
7388,0.5940678953921328
7389,0.47244593778896693
7390,0.5911257425050093
7391,0.6391086081672023
7392,0.4636972021017042
7393,0.5823514243484608
7394,0.48021873449308267
7395,0.6705727422583059
7396,0.6639404726090407
7397,0.5833545423974504
7398,0.4670191140879054
7399,0.5404389589838963
7400,0.5066576019356489
7401,0.4544347415361028
7402,0.5231983603218695
7403,0.568347283179974
7404,0.3925064854727875
7405,0.5017747119514441
7406,0.5484602465788971
7407,0.5705502889276307
7408,0.5729791969695552
7409,0.668048839940815
7410,0.38870798671293827
7411,0.48406075937096893
7412,0.38420366066626577
7413,0.4683925930342995
7414,0.5814848478176485
7415,0.5222682198909119
7416,0.42090491457944973
7417,0.5978427083080462
7418,0.5745261339205006
7419,0.5008682488368595
7420,0.4289677822646823
7421,0.3220665280289532
7422,0.5117416112348485
7423,0.4414344405618845
7424,0.5501112047238712
7425,0.45560378412645125
7426,0.47998467716986415
7427,0.4865014860450875
7428,0.5837307361709028
7429,0.464597129640606
7430,0.5685327550429596
7431,0.4780339140027773
7432,0.6267729586053088
7433,0.4802757020578095
7434,0.4841887424635873
7435,0.36252818864705294
7436,0.43935588394544367
7437,0.4663225057570138
7438,0.4051251280069013
7439,0.41718798178521643
7440,0.5286760564131878
7441,0.6808851665342295
7442,0.415128188352652
7443,0.6739248065722131
7444,0.6045990874973417
7445,0.48539756098125747
7446,0.5433787604638829
7447,0.4695097240222122
7448,0.599293920334339
7449,0.39021314971796334
7450,0.40014509926166136
7451,0.44788874128346906
7452,0.44701578697162503
7453,0.47644765180205195
7454,0.44108558488853356
7455,0.5007405935573267
7456,0.5562675612026786
7457,0.6630629012635791
7458,0.4005024461389286
7459,0.4562496731391501
7460,0.4844867505040815
7461,0.44645239677807314
7462,0.5602733395220331
7463,0.5585927984693411
7464,0.6018513547236594
7465,0.510274287882801
7466,0.5439459554497643
7467,0.6243206293044384
7468,0.32573738371939576
7469,0.5042085624921929
7470,0.5306441640285701
7471,0.5829958531436797
7472,0.36351476790342785
7473,0.5776185169985396
7474,0.39431952616816224
7475,0.44162728763477377
7476,0.5138830845385225
7477,0.5964627433217351
7478,0.6881051393665706
7479,0.4639088411307538
7480,0.6270266354870941
7481,0.46209189742532125
7482,0.48013929699783064
7483,0.6641370413447256
7484,0.5004910022243395
7485,0.6532538430376451
7486,0.33416901359146767
7487,0.5958035921741843
7488,0.608048452838148
7489,0.5993714769137694
7490,0.45088352971642587
7491,0.5135195127614033
7492,0.6654812840876392
7493,0.5207562324935046
7494,0.4518063034576602
7495,0.7040395389393446
7496,0.37828088385926517
7497,0.5020168732547533
7498,0.4012843774630299
7499,0.5016081812419437
7500,0.6278215917517297
7501,0.6256123898454091
7502,0.5850219515934978
7503,0.5699447073499018
7504,0.525616468343201
7505,0.5278962857133165
7506,0.47351080794622097
7507,0.5427975074823217
7508,0.30078607768130483
7509,0.537128700720807
7510,0.5101850753208157
7511,0.4934414472401907
7512,0.5529060702418999
7513,0.37928787386697127
7514,0.48964737002368464
7515,0.5782821609506477
7516,0.570351102835698
7517,0.4356785043086795
7518,0.5150689561287614
7519,0.48823741784511293
7520,0.5659510253310647
7521,0.6951381130452097
7522,0.5357552587527962
7523,0.43528571515005604
7524,0.6256589457306366
7525,0.5109080450870566
7526,0.5367734678989791
7527,0.4623103703507694
7528,0.47422068570163095
7529,0.4222771689294688
7530,0.41490897630906454
7531,0.551856269503967
7532,0.45377346068060964
7533,0.45760462409435426
7534,0.4817511866151786
7535,0.5228710347666928
7536,0.4086233093998524
7537,0.47404743672954885
7538,0.38870134203299633
7539,0.5064273559753054
7540,0.43814281459052307
7541,0.5968809038585917
7542,0.37258354036674635
7543,0.6103038427379578
7544,0.37603557775598284
7545,0.6069227932386976
7546,0.49266532627849424
7547,0.5210427486870685
7548,0.4841684567894889
7549,0.6608164678314337
7550,0.5777705806996531
7551,0.5310578656984251
7552,0.543627437509911
7553,0.5104413450920515
7554,0.38798683239538134
7555,0.5296697652541945
7556,0.6431592924318897
7557,0.31504741610678305
7558,0.5679602886051061
7559,0.5251763193877925
7560,0.45730678749545406
7561,0.38039406946515064
7562,0.531290588125766
7563,0.6901962542056342
7564,0.5797927472243806
7565,0.6576961174295135
7566,0.4062716597478395
7567,0.4620364445865597
7568,0.6340843390961527
7569,0.34584127626974803
7570,0.6205054602015343
7571,0.5172747548091264
7572,0.5274416055192297
7573,0.5485255424433999
7574,0.46270977548734826
7575,0.45723396924417836
7576,0.38149778145558594
7577,0.5134957543975843
7578,0.6143491109156952
7579,0.5169533142408269
7580,0.4659039605485486
7581,0.48766483814378314
7582,0.4091530480349197
7583,0.5116793734153475
7584,0.5304823511613287
7585,0.520665020712458
7586,0.8049569580540885
7587,0.4793320394376276
7588,0.6446265831376903
7589,0.5314815958819229
7590,0.5618743054547078
7591,0.4359222505446362
7592,0.49412214694391693
7593,0.5663328012282528
7594,0.5484306988909433
7595,0.4263826278270678
7596,0.6018713770389095
7597,0.4396359758799448
7598,0.5849696446990753
7599,0.5584563117984608
7600,0.4973841461966481
7601,0.32205125553743336
7602,0.6185590782008017
7603,0.41493290296485696
7604,0.4115143798745533
7605,0.42539652653852256
7606,0.5575700527400859
7607,0.4904697019124359
7608,0.5516490399460932
7609,0.6395456719104206
7610,0.4857378524029799
7611,0.4121415185435883
7612,0.4607451997335108
7613,0.47222975561965813
7614,0.3659500757311407
7615,0.6079616857069507
7616,0.49414049251755116
7617,0.519544029584541
7618,0.391372461549784
7619,0.5128786819070605
7620,0.45589342117922194
7621,0.5062474790877904
7622,0.3339020686628227
7623,0.40618883429957875
7624,0.44572658472413546
7625,0.5407948899418755
7626,0.4628404606900027
7627,0.4122156001683843
7628,0.627017529310954
7629,0.4755879076654578
7630,0.4137599069516526
7631,0.40273946571546215
7632,0.4123814958764617
7633,0.395100997406247
7634,0.7301695409700422
7635,0.5903069343935585
7636,0.6663508957788994
7637,0.653447859891179
7638,0.45137910465079994
7639,0.43520549036926837
7640,0.5043631733905332
7641,0.5440046068561075
7642,0.5185058242871134
7643,0.6144102867695581
7644,0.5927167223099565
7645,0.6400007007501327
7646,0.625473984123464
7647,0.4467453946938783
7648,0.5784143533353328
7649,0.47375524072978803
7650,0.6372846606287623
7651,0.461329092607312
7652,0.3481260276148084
7653,0.6184678880059574
7654,0.41980660888419463
7655,0.4099792220765034
7656,0.5407529799899854
7657,0.5389657730414688
7658,0.5171304509921902
7659,0.27131235712393886
7660,0.46614888056239834
7661,0.559352166738444
7662,0.5318353883234718
7663,0.5864237484717902
7664,0.5053010373199237
7665,0.47142744991224794
7666,0.4424179338334053
7667,0.5140211752566433
7668,0.5365936673321284
7669,0.545315738485444
7670,0.5539417444280802
7671,0.3577119103628683
7672,0.4318936819496856
7673,0.5067165923924227
7674,0.3898007961221261
7675,0.5813477697526824
7676,0.3364158147473643
7677,0.5806697929375956
7678,0.42982661598563965
7679,0.6372281908004321
7680,0.4626458242511808
7681,0.4233647483767662
7682,0.7057512945275688
7683,0.5183377401750959
7684,0.4844265036536538
7685,0.4557741105736265
7686,0.5653733681822133
7687,0.4955281795970197
7688,0.4275575115122238
7689,0.5205905064664101
7690,0.472750548818521
7691,0.5785236292156598
7692,0.5632558267595985
7693,0.4328521231006712
7694,0.4815440729301579
7695,0.4696399080042007
7696,0.4089588740468007
7697,0.6140521856955833
7698,0.41433117169271616
7699,0.49833254041405556
7700,0.4984835775387318
7701,0.42868877240492087
7702,0.5145598447516622
7703,0.4143782045883597
7704,0.611549919510201
7705,0.49208748273901914
7706,0.5101582927357612
7707,0.49601103283231873
7708,0.6052439284338191
7709,0.42014370507354426
7710,0.45479704692804584
7711,0.6878221159240613
7712,0.448401135798147
7713,0.4646039382567267
7714,0.6213137355999512
7715,0.5946863314389456
7716,0.43955614031973234
7717,0.4616141803581481
7718,0.5016259807818252
7719,0.620576632851352
7720,0.533232217678463
7721,0.3936354126973386
7722,0.6650320926598879
7723,0.41537071857894325
7724,0.5401770109550328
7725,0.4633081122159797
7726,0.40546027618470337
7727,0.37870779757920103
7728,0.401880306741528
7729,0.5100848889225478
7730,0.4135694860636824
7731,0.40235416728784806
7732,0.689859345715632
7733,0.5693587932451035
7734,0.47891788550864645
7735,0.7318793411695671
7736,0.5097161123926366
7737,0.4490823991189692
7738,0.5941059355448459
7739,0.608858916107905
7740,0.5213006997145532
7741,0.6495610529499878
7742,0.6809246458904483
7743,0.5158756926477273
7744,0.5199317939616901
7745,0.5223353741135804
7746,0.5220478967428932
7747,0.48432440963919954
7748,0.588455068834159
7749,0.49944529539486404
7750,0.5612370519872868
7751,0.5873919721773447
7752,0.46223367727949044
7753,0.4223712846304028
7754,0.3239354241243001
7755,0.3522456167886244
7756,0.49316290968317567
7757,0.40188183196844113
7758,0.5692057116523969
7759,0.6742482959509069
7760,0.5327983708588724
7761,0.42395739761170903
7762,0.7051367496770358
7763,0.7208542801117237
7764,0.44516671448227335
7765,0.3955144407974558
7766,0.5009278788424878
7767,0.6134635332194428
7768,0.5313504530188536
7769,0.5705549289322001
7770,0.7891281507530077
7771,0.4309485455756337
7772,0.4863603776252596
7773,0.36752474932685053
7774,0.4432781900496025
7775,0.4968776680016682
7776,0.4244715800392391
7777,0.6095435300240515
7778,0.5361325045055922
7779,0.5484112817596808
7780,0.5024564806233132
7781,0.48222422562114964
7782,0.5612431628220564
7783,0.4450645202488057
7784,0.6174107053567677
7785,0.34255015959353957
7786,0.6117075976139715
7787,0.4491787422665829
7788,0.4567896546349747
7789,0.3649051164828802
7790,0.3921006975074089
7791,0.49390602761314256
7792,0.46976237892315836
7793,0.43573336480757074
7794,0.5335241293333384
7795,0.5346912911165432
7796,0.42972850747355124
7797,0.5353336587263368
7798,0.34475483287770825
7799,0.44632368973588477
7800,0.5146915509824622
7801,0.7137988833629151
7802,0.4019324522547885
7803,0.5217117558135174
7804,0.6521970244194659
7805,0.3595738414029904
7806,0.7129987794422413
7807,0.4120998482918474
7808,0.5674946318828397
7809,0.35894774278507724
7810,0.4480934389386272
7811,0.5599418556906055
7812,0.46081776261704926
7813,0.5089035037209377
7814,0.4569503861936254
7815,0.37284754726130026
7816,0.49703958642851875
7817,0.66715203697476
7818,0.5904658647181461
7819,0.556511246612319
7820,0.5175492756429564
7821,0.5222319439967982
7822,0.8134927343706564
7823,0.5461022410631775
7824,0.5699585475209565
7825,0.4584176525833088
7826,0.42469111030261153
7827,0.3843443934613186
7828,0.40015140242309166
7829,0.5583242298143934
7830,0.3292079821674836
7831,0.4947030064993124
7832,0.5061903668865734
7833,0.31779651491303007
7834,0.5284839882857526
7835,0.4305962937394158
7836,0.43314685688455323
7837,0.6248805170672476
7838,0.6243479815480146
7839,0.5642990011221116
7840,0.5227235461392769
7841,0.41215150882504625
7842,0.43660991459750054
7843,0.49120511171127174
7844,0.4410495548131328
7845,0.5396238894444327
7846,0.41357076649836944
7847,0.4750763097462439
7848,0.5746211155894464
7849,0.39035016798608907
7850,0.5905179156604089
7851,0.3623871009857751
7852,0.34856278130890683
7853,0.42368690441178436
7854,0.6878149126278851
7855,0.6345210798007047
7856,0.5624742819750079
7857,0.5126378577809473
7858,0.5671533201182211
7859,0.5423231599953298
7860,0.40099184325987913
7861,0.6035278167108687
7862,0.5911499686721019
7863,0.5299976731441377
7864,0.6794570395244033
7865,0.48852750779874465
7866,0.5756596179641323
7867,0.42570507180829076
7868,0.7452925637021439
7869,0.6240956241827434
7870,0.5988819008350699
7871,0.3677126194503802
7872,0.41966198573611585
7873,0.4003175131145642
7874,0.5082853830996823
7875,0.3963453990769965
7876,0.5074918549561107
7877,0.4487453670609927
7878,0.5485687411034618
7879,0.4070327747830643
7880,0.49936181028340265
7881,0.46720051033258864
7882,0.7535760597071984
7883,0.4304113162861134
7884,0.4693702299431776
7885,0.5965566075465161
7886,0.5128688263429503
7887,0.4869509145483304
7888,0.5998853960166476
7889,0.5346453930125556
7890,0.5087181223589007
7891,0.38401903025255485
7892,0.6533561655053995
7893,0.5400057004921697
7894,0.6897045547690612
7895,0.3922702554303764
7896,0.3829926323455273
7897,0.51882550241492
7898,0.4889950257342088
7899,0.3135266887038992
7900,0.5560461972152992
7901,0.608224902398373
7902,0.4734497503753474
7903,0.591463403248658
7904,0.563614870371525
7905,0.46523583035570193
7906,0.4153902090056925
7907,0.6745961825784903
7908,0.4745202683406997
7909,0.6525698502055276
7910,0.4651106129389594
7911,0.42917934089049603
7912,0.6751340399502281
7913,0.4225181191403682
7914,0.43531206585214377
7915,0.6442966270272923
7916,0.639165309875068
7917,0.47463808982490197
7918,0.37378840613644304
7919,0.5613678013386225
7920,0.7218927813935453
7921,0.3964609433786174
7922,0.4386050378996468
7923,0.587137347435709
7924,0.4144608340898182
7925,0.48193527220816523
7926,0.497571224946301
7927,0.463318382730311
7928,0.3716440780116418
7929,0.48924933585852615
7930,0.6233099814718999
7931,0.4736800912811722
7932,0.7030077596616887
7933,0.5154662159309146
7934,0.39655481546924787
7935,0.6028702418289889
7936,0.40789076974258265
7937,0.5336870937560451
7938,0.5406460409996445
7939,0.48807014906990603
7940,0.42623934758808313
7941,0.43260597143243973
7942,0.48112506285273043
7943,0.5446095694647437
7944,0.721831306891789
7945,0.3724521905781778
7946,0.5702012469730847
7947,0.5132003009326815
7948,0.5126636470911777
7949,0.6646273340752344
7950,0.4108326135815067
7951,0.5641950805244458
7952,0.3979565546402401
7953,0.3902171927732042
7954,0.3940686365032871
7955,0.4889438389243496
7956,0.44843687973811
7957,0.5788664134143565
7958,0.6165614955278408
7959,0.4674538937473725
7960,0.39578811899134164
7961,0.6163239647582861
7962,0.6080397723713431
7963,0.4626974153784051
7964,0.3297363090278396
7965,0.5451598329268882
7966,0.5025895600905362
7967,0.45409922408792536
7968,0.6320898406830041
7969,0.5134472703022878
7970,0.4752514261850558
7971,0.4815417624628404
7972,0.5331669529560885
7973,0.5088987467661403
7974,0.5410574856999436
7975,0.5667114143470514
7976,0.3817660854100147
7977,0.547627336664257
7978,0.5160629828258722
7979,0.5154144831134143
7980,0.33962686617441235
7981,0.45970146844651827
7982,0.51144656878059
7983,0.5528529329445242
7984,0.5800477633716639
7985,0.45436479887941267
7986,0.6263232093780834
7987,0.6080819556697364
7988,0.42881737969205247
7989,0.6463634768253321
7990,0.7420082515305189
7991,0.42188838512790205
7992,0.45190416652786125
7993,0.3283441509530294
7994,0.5592017934647794
7995,0.4392125444506478
7996,0.5856551470973209
7997,0.4971663422144889
7998,0.4532384580112606
7999,0.41173108026605365
8000,0.373281369633489
8001,0.4426748591916178
8002,0.4550129573946784
8003,0.5238899875977848
8004,0.45494809203485365
8005,0.45465711745892595
8006,0.7114112557538336
8007,0.4429272215217512
8008,0.5298805712825013
8009,0.6162716771433152
8010,0.5099800906576982
8011,0.4854459023566487
8012,0.4650146603397935
8013,0.5089866963145443
8014,0.7022784289484134
8015,0.6090016777665647
8016,0.4223258552732382
8017,0.6438084464139993
8018,0.5110723867452602
8019,0.49328568684592744
8020,0.4517443539950579
8021,0.4858753476148311
8022,0.3941372526107125
8023,0.47478050940090466
8024,0.4682739231329278
8025,0.4375470401625426
8026,0.41859625081874174
8027,0.6475948075093094
8028,0.4664152485169518
8029,0.6143391394397915
8030,0.39836898061318715
8031,0.46188930454658056
8032,0.5028359650029653
8033,0.4860304196085432
8034,0.46893770584916805
8035,0.4883064380929565
8036,0.43771563624109844
8037,0.5367613193931324
8038,0.47994947352973893
8039,0.4395414165856697
8040,0.5151660154537261
8041,0.4891328301258115
8042,0.5534591129650163
8043,0.5280438026537163
8044,0.4760218291939357
8045,0.31413196264126475
8046,0.4581295435446802
8047,0.443990997947972
8048,0.4560550188788055
8049,0.4690712880788831
8050,0.46588592059159994
8051,0.48867039067120793
8052,0.5405934473955706
8053,0.5088306024739108
8054,0.4284025080469595
8055,0.35965266653224526
8056,0.7137290915977353
8057,0.415180290160842
8058,0.6917214427222582
8059,0.4779912674337161
8060,0.6013588117773517
8061,0.46999438799703513
8062,0.43363052965124094
8063,0.4738797317398913
8064,0.5340122027895134
8065,0.4643289046810289
8066,0.5796272679769949
8067,0.5536447466320696
8068,0.3535477189529416
8069,0.48998821452904573
8070,0.497041114759897
8071,0.49245063817271795
8072,0.43006526068670964
8073,0.5691844520068796
8074,0.5296927604877245
8075,0.5210094159806357
8076,0.5078835392681084
8077,0.48342400997613855
8078,0.41051452673545646
8079,0.43053767693813916
8080,0.3287243102860766
8081,0.6160317080780544
8082,0.5090752311858753
8083,0.5214153382140436
8084,0.676784432244376
8085,0.464159449741822
8086,0.6115094823498454
8087,0.49885083270392777
8088,0.633808146241033
8089,0.5320133637693005
8090,0.3576378824759432
8091,0.5047813184492321
8092,0.4175840304440156
8093,0.33124386031877595
8094,0.6158979671905463
8095,0.5626624550899447
8096,0.3851755577786204
8097,0.4553541657131434
8098,0.6203356413227858
8099,0.4217249034663945
8100,0.503581303417101
8101,0.39422094162793936
8102,0.46318570010070015
8103,0.40792433399768524
8104,0.5593524459234167
8105,0.5143074911390595
8106,0.5414584356139465
8107,0.5465066285574305
8108,0.4797912359864814
8109,0.5465660790263888
8110,0.6784310193688483
8111,0.41322643792383845
8112,0.5702105699451384
8113,0.5638616348686285
8114,0.4272292911202574
8115,0.7104892417955813
8116,0.5877057823219561
8117,0.425030586750082
8118,0.5123773681902087
8119,0.5309949943884609
8120,0.4461404545544407
8121,0.4218188727104245
8122,0.34271656568878617
8123,0.744066487869907
8124,0.5751908327418795
8125,0.4653599875842136
8126,0.43772054781565234
8127,0.510184475780349
8128,0.3749222098058985
8129,0.4686066016717479
8130,0.41438389351937704
8131,0.7430024777338468
8132,0.3742444743076445
8133,0.3997053198667
8134,0.2976491596394193
8135,0.4420220381687168
8136,0.4071608749932444
8137,0.6083205130308609
8138,0.4535887476976805
8139,0.3879338500076744
8140,0.5780114534340205
8141,0.4620502519542635
8142,0.7703172108602814
8143,0.4204889683279318
8144,0.4493953675438628
8145,0.6460399834853563
8146,0.45563947665934335
8147,0.48637676021174686
8148,0.38173457967651553
8149,0.5363416917527197
8150,0.579410332013036
8151,0.4918247642574643
8152,0.3863211225498377
8153,0.7723806156188644
8154,0.5477128781824923
8155,0.4103992955420528
8156,0.4420943719965617
8157,0.41960908411202624
8158,0.6349325917495425
8159,0.5113969647032297
8160,0.5251945998676076
8161,0.4854493003653726
8162,0.47378240177524744
8163,0.473541342754951
8164,0.5953874706297645
8165,0.6839162613722709
8166,0.40437398140689
8167,0.5522758920154608
8168,0.5026163518008262
8169,0.3975090445429817
8170,0.3606957924991637
8171,0.4460715539175769
8172,0.643521614478359
8173,0.3864950958909393
8174,0.4699615372680922
8175,0.5048322988212965
8176,0.44733607547532217
8177,0.5646271961239282
8178,0.625692346026162
8179,0.5446720069146538
8180,0.4990315334346242
8181,0.5149334285318543
8182,0.3881361742972709
8183,0.6074224673953006
8184,0.5483656450810084
8185,0.3530375905692577
8186,0.6001519176961723
8187,0.46011928364594284
8188,0.48387922838399045
8189,0.6887473288997954
8190,0.4068369801272552
8191,0.4560349312732259
8192,0.6129786734454623
8193,0.6281824603643125
8194,0.6120367189828946
8195,0.40160447648320285
8196,0.38719316109525825
8197,0.5507263568405273
8198,0.5679219165777678
8199,0.44787034756477806
8200,0.48379035736809706
8201,0.8204611635210567
8202,0.500370048149779
8203,0.4820634555606415
8204,0.6394260497178028
8205,0.8403266977179555
8206,0.48383440678668593
8207,0.5328829843176468
8208,0.49186919732884893
8209,0.46769299575375595
8210,0.47725963949707323
8211,0.33922612953851083
8212,0.4288085384245208
8213,0.49636520349712143
8214,0.49645124130886736
8215,0.36238236254287326
8216,0.6678530614260513
8217,0.431122263807466
8218,0.5443451125485748
8219,0.5365464780967147
8220,0.4926102376867009
8221,0.5610006493141042
8222,0.512411642289427
8223,0.6048141739902112
8224,0.6545287385538164
8225,0.44686287633690064
8226,0.5341447059800027
8227,0.42915981161335104
8228,0.4883241647787377
8229,0.4238470736915486
8230,0.5332017400663147
8231,0.47813723415321985
8232,0.44507371576914584
8233,0.4813335636904314
8234,0.40836214910444035
8235,0.43734439893911936
8236,0.4366698462808654
8237,0.5674817251240872
8238,0.5100111461473448
8239,0.5372478424987599
8240,0.3796280330499334
8241,0.7329077506016479
8242,0.548169968738303
8243,0.5301052717655361
8244,0.6019791139249903
8245,0.37446103306101436
8246,0.4272977331518156
8247,0.4927083801300552
8248,0.356775264622782
8249,0.362911809641865
8250,0.46887037588942104
8251,0.3899565856566448
8252,0.4601082228743477
8253,0.43436991647078477
8254,0.5879592495909243
8255,0.6050639702545202
8256,0.5422920786326426
8257,0.5645306562346224
8258,0.5078509776874929
8259,0.5797992951810654
8260,0.49992785804829487
8261,0.5881692329784595
8262,0.5458172904042472
8263,0.5038703379788546
8264,0.5417061778301097
8265,0.5436866710225745
8266,0.40521091991813685
8267,0.4204441408781667
8268,0.4291297403892811
8269,0.36706930902098267
8270,0.4961236078492288
8271,0.40858534404136587
8272,0.5366720153146368
8273,0.4588143251373187
8274,0.33609970570801784
8275,0.4364036431174647
8276,0.6362143496745973
8277,0.5674686529899818
8278,0.46862987300893033
8279,0.5192721664172523
8280,0.5340312446837774
8281,0.5516506430045294
8282,0.3958598567631988
8283,0.39353345536153966
8284,0.4298742651792353
8285,0.40783361069653273
8286,0.31875836832498317
8287,0.4626599716091566
8288,0.4040807077072178
8289,0.5012948358446416
8290,0.4191763186077301
8291,0.5403547678910342
8292,0.5976053046625751
8293,0.6968585872797752
8294,0.47997053275339807
8295,0.4990648816067462
8296,0.5372017375747656
8297,0.5537294624989939
8298,0.38483599926514167
8299,0.5967795133374245
8300,0.6014084293501589
8301,0.4586770585550675
8302,0.5133685374965963
8303,0.4831205225252215
8304,0.4752098977969247
8305,0.46052931712981204
8306,0.6143601817164205
8307,0.533778743807918
8308,0.47784778286430035
8309,0.5836558182989111
8310,0.3053628421653778
8311,0.3967868661704163
8312,0.4129936864536095
8313,0.48108402579612264
8314,0.6695977741125488
8315,0.518572380811242
8316,0.4061524668587217
8317,0.4859343355063309
8318,0.45887086639173724
8319,0.6270536492544988
8320,0.4765457127045767
8321,0.5190761328302482
8322,0.30265054842506267
8323,0.5235684811209177
8324,0.5458743104244512
8325,0.504090633815395
8326,0.60094250924471
8327,0.5907452331392944
8328,0.46968522461264245
8329,0.36304714257947057
8330,0.37208348249476675
8331,0.41516859556586116
8332,0.4861660961731757
8333,0.4820653450758083
8334,0.5662184661317571
8335,0.4642023517596798
8336,0.5565189872990622
8337,0.5179984164637057
8338,0.6156457402959081
8339,0.6434511628836812
8340,0.28588301063110905
8341,0.4136626543004806
8342,0.6421559324469313
8343,0.42738791388865316
8344,0.42446182070243976
8345,0.5003614146466412
8346,0.5309725689878345
8347,0.4704913540251211
8348,0.7170247090989526
8349,0.4658925581538786
8350,0.44092185953613927
8351,0.3784778945683844
8352,0.4480296027271812
8353,0.44551358995604196
8354,0.7515932197462264
8355,0.542919599017354
8356,0.5538072863647646
8357,0.5697748844378282
8358,0.5890525671545815
8359,0.27224770555595673
8360,0.45205537648995897
8361,0.6734441646642532
8362,0.5935207733247376
8363,0.46178245336966783
8364,0.334126528284414
8365,0.4996128965438217
8366,0.6467220785351914
8367,0.5830652805368204
8368,0.5453299391376898
8369,0.30525872067658616
8370,0.5250003827716156
8371,0.4984263557427924
8372,0.4671373843399754
8373,0.3878021274638189
8374,0.5797765805115441
8375,0.6939975149930271
8376,0.4433152106257563
8377,0.5739031723883099
8378,0.4631505219565916
8379,0.4650490565467629
8380,0.628139751234055
8381,0.5538913614054841
8382,0.6487322435241138
8383,0.5553562731058974
8384,0.538253695237246
8385,0.6770713693515052
8386,0.679317222677025
8387,0.44106561002179934
8388,0.4868176635212938
8389,0.32729475183469836
8390,0.5440076968284042
8391,0.779097660852023
8392,0.6738057116508055
8393,0.5206438595206381
8394,0.5381664632521277
8395,0.5835178038865018
8396,0.7098720232591986
8397,0.47173061632287033
8398,0.5328854099033645
8399,0.4365419595061298
8400,0.450596688754032
8401,0.441892864704965
8402,0.4784922043412565
8403,0.5068786320994964
8404,0.34180095298347335
8405,0.5009028130524442
8406,0.6657816934552703
8407,0.6739054251807298
8408,0.49601472893597875
8409,0.6017010059205088
8410,0.4879884646899084
8411,0.5644273813313019
8412,0.32333503559489485
8413,0.5310224051198782
8414,0.5061033651668626
8415,0.5935581296746394
8416,0.37626433620073935
8417,0.47662341692168475
8418,0.4448497951327309
8419,0.45636514849197723
8420,0.5462612813339002
8421,0.4941548193238768
8422,0.5241218791809639
8423,0.48267230972946734
8424,0.5660677377554835
8425,0.6069585896286696
8426,0.45462615243656535
8427,0.6923792395758264
8428,0.4917222848409276
8429,0.6370973505143744
8430,0.4173984543809688
8431,0.5118214599205521
8432,0.5424937916225641
8433,0.3760958911808082
8434,0.5259667065444393
8435,0.773718746802302
8436,0.4107879412790207
8437,0.569447478928649
8438,0.5092679496491996
8439,0.4801459554823093
8440,0.3358560083889397
8441,0.5961659493253217
8442,0.5132865831280418
8443,0.5372941119220066
8444,0.43921710465442015
8445,0.5827936203035893
8446,0.4599083894816159
8447,0.4086044746090021
8448,0.5601466648004275
8449,0.4938003931332762
8450,0.4425453585769196
8451,0.5413935086697392
8452,0.4709908592252282
8453,0.49070211752745124
8454,0.6212994451314395
8455,0.6043666772897448
8456,0.5320965596958879
8457,0.5190086200866267
8458,0.43002857160259556
8459,0.5294655870197905
8460,0.6719742615414509
8461,0.5025496689204818
8462,0.5345489444526241
8463,0.47753637455460896
8464,0.4123770143231937
8465,0.5738393845396887
8466,0.5785738379724797
8467,0.47599446435561676
8468,0.37745549434768444
8469,0.4961634959699181
8470,0.49193387937854943
8471,0.7256266153716243
8472,0.5901646743372507
8473,0.6898927976375133
8474,0.5897452455476008
8475,0.4712207510278903
8476,0.5152714010892472
8477,0.4989969164929098
8478,0.5350578935461588
8479,0.28541232620799706
8480,0.5279053994094437
8481,0.524989204210671
8482,0.4154701988805676
8483,0.38711909393802607
8484,0.519255600829986
8485,0.38761249036509027
8486,0.7813642639051632
8487,0.534970423251329
8488,0.3294728687673494
8489,0.5235305195973499
8490,0.6861915531668954
8491,0.4706037253120307
8492,0.3633200441745507
8493,0.4692365267613144
8494,0.39981482763596476
8495,0.5069974321079104
8496,0.38723438224877765
8497,0.4797460699538442
8498,0.383569569989071
8499,0.6210210883659123
8500,0.5573281978510607
8501,0.4208648786088049
8502,0.47491242436794673
8503,0.4680648860315684
8504,0.5337290796531853
8505,0.439059534067076
8506,0.5053067218678915
8507,0.5148297681287741
8508,0.6600604947340531
8509,0.5153058198695091
8510,0.37273557362554044
8511,0.5063615459454971
8512,0.7326887551606666
8513,0.564616402363536
8514,0.49869583088827873
8515,0.46127628624781125
8516,0.5564916499312015
8517,0.5865403621897433
8518,0.432368328964427
8519,0.6193830404003543
8520,0.5039762753626534
8521,0.40644522280017203
8522,0.3950732520150289
8523,0.4678877319117188
8524,0.5307284208317914
8525,0.4205313606079976
8526,0.3762309145265163
8527,0.5980021258163121
8528,0.5112441309670288
8529,0.6333425744858341
8530,0.5461659303258996
8531,0.4435128250476668
8532,0.5776005467574857
8533,0.4956452503020837
8534,0.5687730052252211
8535,0.5261944723242323
8536,0.5448846050158941
8537,0.5738816789920084
8538,0.5315589039646803
8539,0.37654201641504625
8540,0.5319678901455147
8541,0.6465031226104835
8542,0.5809710291438805
8543,0.5624786724831046
8544,0.4637021518820974
8545,0.527973038466188
8546,0.37513365428788026
8547,0.39543537314963856
8548,0.6019570924073667
8549,0.4278259761450942
8550,0.3684267935337099
8551,0.36761183043502954
8552,0.656160842377596
8553,0.5217563572501819
8554,0.5313853638195921
8555,0.579403707051532
8556,0.6669333333029698
8557,0.535886498068831
8558,0.42255692424016067
8559,0.567315566668887
8560,0.5765489323640334
8561,0.4753018515635112
8562,0.5470394926996441
8563,0.5649005606294147
8564,0.569813167638617
8565,0.444645705433409
8566,0.5544034553402784
8567,0.5952145816716803
8568,0.5050285297907426
8569,0.6532797777325028
8570,0.5346370382411515
8571,0.4998013113921155
8572,0.49832037097943055
8573,0.6378499745392279
8574,0.5708395177897998
8575,0.4942753770315421
8576,0.4132492432263144
8577,0.4495103622612102
8578,0.5050250311742557
8579,0.3974276859902567
8580,0.5163577641110806
8581,0.39283999970033007
8582,0.5469165867126503
8583,0.5688542302930241
8584,0.3673337767872343
8585,0.5402663220128165
8586,0.40303037958591353
8587,0.39365425186745934
8588,0.3873100796689982
8589,0.5623889052293823
8590,0.5358637632378659
8591,0.5994036158980945
8592,0.694983109107102
8593,0.4341376594322461
8594,0.5135017392610823
8595,0.4645232070587986
8596,0.5301650383891516
8597,0.5738401493930181
8598,0.356178174728816
8599,0.7729230920542021
8600,0.481036408001221
8601,0.35825744309119467
8602,0.4546407450921679
8603,0.5059198466708609
8604,0.4155025121220377
8605,0.35818441734622297
8606,0.5096961137235622
8607,0.5103102529939314
8608,0.6045855904494453
8609,0.5534879761518283
8610,0.5835373887236674
8611,0.48061276902398453
8612,0.5337387849990505
8613,0.4876482437009516
8614,0.31927582846778135
8615,0.46745119244408434
8616,0.5542386407600443
8617,0.43609364505492426
8618,0.5470624196792178
8619,0.4117686701474787
8620,0.5717596916138542
8621,0.4327147583435107
8622,0.41840391275604744
8623,0.6706300550414197
8624,0.3348330171149283
8625,0.4593507098023431
8626,0.40683251194725495
8627,0.3874620801218487
8628,0.41678498286720667
8629,0.39563492494409996
8630,0.5757989557440877
8631,0.39031929005764104
8632,0.6247968020385907
8633,0.7151962146769668
8634,0.5761033424585855
8635,0.5105523259532517
8636,0.5194094974658143
8637,0.5929146870306089
8638,0.39040905654358093
8639,0.5747659839411893
8640,0.428180372457437
8641,0.4942425936540931
8642,0.4537304229217015
8643,0.544082903223825
8644,0.4142509566876331
8645,0.3925620487686956
8646,0.5003723329684271
8647,0.5230666888663319
8648,0.5088452160869431
8649,0.5543353481443543
8650,0.5656124060754161
8651,0.483600731552866
8652,0.6269981536750739
8653,0.5257266890001071
8654,0.43320754148848234
8655,0.44661043336538586
8656,0.4780312877240787
8657,0.4786328836820275
8658,0.5308204272378371
8659,0.43097503280589344
8660,0.5235507030976453
8661,0.4913525046418693
8662,0.3856604666932002
8663,0.5728346841242489
8664,0.497575100855537
8665,0.6792240711260293
8666,0.41192133543946874
8667,0.5594887072249962
8668,0.6039415210517287
8669,0.39917420835845374
8670,0.6362276444471637
8671,0.5556470492218514
8672,0.4470911723549511
8673,0.37372481599153373
8674,0.6677809261846593
8675,0.4440927601907398
8676,0.37385135405760367
8677,0.41679741902736067
8678,0.6055575785013965
8679,0.4514414642825234
8680,0.45541680903520915
8681,0.40280975683307424
8682,0.44947785832048714
8683,0.48328809002295664
8684,0.4938898580135325
8685,0.32796402917831996
8686,0.6909183381226585
8687,0.4921570232042775
8688,0.6652122671740014
8689,0.4275672334973706
8690,0.5662759080340365
8691,0.5533626097818827
8692,0.4440415637687973
8693,0.539168142761197
8694,0.5223303701394234
8695,0.647185506196936
8696,0.529548305103051
8697,0.408604924222807
8698,0.4762089009531364
8699,0.46853143603534503
8700,0.46281745526131857
8701,0.37881468640594546
8702,0.6274990289790748
8703,0.5273787762800541
8704,0.40607202696545786
8705,0.43641002319442057
8706,0.4851028761635116
8707,0.5841223477351695
8708,0.45071764351364924
8709,0.7491259933405829
8710,0.48933928132542015
8711,0.5279408001797812
8712,0.4125313482539854
8713,0.5044027366471933
8714,0.4604651520475383
8715,0.3916661242478658
8716,0.6097277494787834
8717,0.457611876202795
8718,0.6638675960762761
8719,0.3429807132397919
8720,0.5132394859384682
8721,0.6090754922582272
8722,0.6155718159231234
8723,0.5398038887282391
8724,0.43123447219670896
8725,0.5329727225920725
8726,0.4843756014563292
8727,0.5230191862169183
8728,0.6183981991557477
8729,0.5512623774058998
8730,0.5584621223433932
8731,0.5273455031449551
8732,0.4538875464227483
8733,0.46151092131324944
8734,0.36303282150640387
8735,0.4568855750109767
8736,0.471056139378433
8737,0.4447500899433539
8738,0.3931281335968184
8739,0.5686628858231023
8740,0.48498813379220057
8741,0.3867336004555439
8742,0.7651445554392793
8743,0.40022891936799965
8744,0.4903818107444307
8745,0.35363741897296086
8746,0.45418279309423143
8747,0.418971777350277
8748,0.39960652669815755
8749,0.5719920723457801
8750,0.44480611200079956
8751,0.4197180099231216
8752,0.5436574300860401
8753,0.4561698443598067
8754,0.5784299406362052
8755,0.39943544256041336
8756,0.4029315481209669
8757,0.4741069699965193
8758,0.6308864713470081
8759,0.44390424108916254
8760,0.446070648724869
8761,0.5807725432947559
8762,0.48747920713141013
8763,0.5105572667501033
8764,0.49071893547177403
8765,0.4876486078777681
8766,0.48158859152762473
8767,0.48895418016507713
8768,0.6670894836906325
8769,0.5172936008923237
8770,0.4447191964550777
8771,0.4302287660681176
8772,0.5203344477362488
8773,0.45789107698894904
8774,0.5508363103723654
8775,0.5338386392300308
8776,0.5986530489437188
8777,0.4554518020305123
8778,0.48844782015496013
8779,0.5085969940972084
8780,0.4797891042378281
8781,0.5229003422584256
8782,0.5078091294997343
8783,0.5094380794920886
8784,0.568675447275176
8785,0.3874767807087943
8786,0.4608735760818127
8787,0.40603760759360746
8788,0.40043189639474347
8789,0.4851175090268119
8790,0.36959563361951386
8791,0.43727935296772147
8792,0.569935445126755
8793,0.47192518248257603
8794,0.5813206455514994
8795,0.3992765222468392
8796,0.5367421746937868
8797,0.45954587246396567
8798,0.5003451218690533
8799,0.32822885541891467
8800,0.5347763367938944
8801,0.46174973081674525
8802,0.49327045205385533
8803,0.5525012756378398
8804,0.4994737011005042
8805,0.6392068517291843
8806,0.6954576386203788
8807,0.540956451508132
8808,0.347726979125636
8809,0.33493063165254955
8810,0.5203144443511121
8811,0.43363415042222125
8812,0.5548253577108325
8813,0.4654111818720047
8814,0.5429102559828046
8815,0.5580221279077321
8816,0.6456563028524627
8817,0.4120434159780407
8818,0.3656617715734125
8819,0.41092660464630704
8820,0.40905965151153
8821,0.354601293636869
8822,0.6908476674242481
8823,0.34471163983346353
8824,0.5345874772427179
8825,0.5577048811570389
8826,0.6162012417377682
8827,0.5712392365824471
8828,0.5939833550021048
8829,0.6154068644387317
8830,0.5238374553430335
8831,0.5251977795112829
8832,0.6685282501690372
8833,0.4276287969264863
8834,0.5397035492125953
8835,0.5052384671459048
8836,0.535820735284209
8837,0.3877807169193699
8838,0.7390039165749441
8839,0.5564554978883425
8840,0.49857709768947583
8841,0.3340427481381711
8842,0.5808754260157455
8843,0.7252059158776641
8844,0.5506265923576903
8845,0.3406533961077879
8846,0.640823437483272
8847,0.5356380608498926
8848,0.6446954316107945
8849,0.4605344655383905
8850,0.7072535271605265
8851,0.5088383823633783
8852,0.497187920921727
8853,0.5418109144040754
8854,0.5334461385000593
8855,0.4344180745699622
8856,0.47532216555804324
8857,0.5723182083102984
8858,0.4588191419809648
8859,0.5091623732049607
8860,0.5615087617334218
8861,0.750900259226513
8862,0.4391563541726903
8863,0.5245738371077731
8864,0.6249526253431297
8865,0.4125146845405292
8866,0.5089169136111175
8867,0.45533546254484764
8868,0.42288878257160556
8869,0.4852393154101076
8870,0.4720173691758967
8871,0.535194619406134
8872,0.44450218402733654
8873,0.48759195128683813
8874,0.3529006320635393
8875,0.5557213188986476
8876,0.6630899225557889
8877,0.6087367406557316
8878,0.5963964260171377
8879,0.6765120321397671
8880,0.639408899389093
8881,0.5009650883290534
8882,0.5834776518730277
8883,0.36823825760023743
8884,0.4276669476184566
8885,0.4314907861771918
8886,0.53040495909626
8887,0.45583380550672303
8888,0.47392261981231043
8889,0.43543818907519194
8890,0.42096139086644635
8891,0.5307857317202722
8892,0.32989238341214105
8893,0.4386069054844616
8894,0.4918451811062504
8895,0.37510866744477167
8896,0.533253774888777
8897,0.5365492767685403
8898,0.535278125457682
8899,0.526727103530809
8900,0.5390102867424851
8901,0.39677977540389175
8902,0.738243105285487
8903,0.48198513276192023
8904,0.7169938676558123
8905,0.5234618120131944
8906,0.49073134795786966
8907,0.47743260480905103
8908,0.6327340810918763
8909,0.5396162494468882
8910,0.5591023598912791
8911,0.4970487272200534
8912,0.4253129104729197
8913,0.3803664204863414
8914,0.4038990318045325
8915,0.46966697126003465
8916,0.5101369251567461
8917,0.5562567762709814
8918,0.48500817139218905
8919,0.6573005477289352
8920,0.4337250553996831
8921,0.34780909785419484
8922,0.4338378195968478
8923,0.3287418599615216
8924,0.41334853720335446
8925,0.48701448065281183
8926,0.5202313186402072
8927,0.5874194992892517
8928,0.4904202150160839
8929,0.44534961389716743
8930,0.436039233147148
8931,0.4689287306310455
8932,0.4381273669121464
8933,0.6727120717099737
8934,0.5401694727802026
8935,0.5411967957245366
8936,0.36140143847469275
8937,0.5172212333546838
8938,0.6235140108872302
8939,0.3233869022047351
8940,0.5759196070203205
8941,0.3791029772338653
8942,0.6074778345912261
8943,0.5100787080682656
8944,0.5885481004229471
8945,0.4133999287229388
8946,0.4948865831135828
8947,0.5306462882175349
8948,0.41456263623282164
8949,0.45687319320403047
8950,0.48335984152060363
8951,0.5745217882502377
8952,0.34724692759825715
8953,0.6147892173435118
8954,0.46072835486857144
8955,0.5262277901188791
8956,0.5339140570390949
8957,0.5446122178303154
8958,0.6138805186436695
8959,0.4942741227351958
8960,0.6638206188249768
8961,0.4527381824629618
8962,0.5434499661098761
8963,0.5976777230696724
8964,0.5907489596258079
8965,0.5593513228332839
8966,0.3300679195064065
8967,0.3334221531748711
8968,0.48972419398671774
8969,0.5094928078849644
8970,0.7612046450466062
8971,0.5079213511513715
8972,0.5319719422808153
8973,0.5017102065661412
8974,0.6460909743012058
8975,0.3937121069711897
8976,0.39214796668929564
8977,0.436247491123882
8978,0.49611395842514305
8979,0.5192303149715326
8980,0.5846841017404993
8981,0.5674605352577303
8982,0.4825589935458993
8983,0.42217306297504714
8984,0.39538843469674695
8985,0.42151562366074913
8986,0.6383990019067489
8987,0.4193864993713985
8988,0.35226226651431225
8989,0.530291297337159
8990,0.5112180638626074
8991,0.5006500376440612
8992,0.36435009224044634
8993,0.6730682176434543
8994,0.4461279587438049
8995,0.688447155440993
8996,0.5505612995558137
8997,0.579353355906238
8998,0.5694462958367176
8999,0.3740216674502249
9000,0.4292306460739631
9001,0.5287739981229505
9002,0.41930869051869896
9003,0.8692724627714059
9004,0.4171739045975481
9005,0.37729583676520373
9006,0.3809106341858671
9007,0.565596836292352
9008,0.5052160463163313
9009,0.46720200855809696
9010,0.432853545624173
9011,0.5062049733325192
9012,0.4893981448603227
9013,0.5373670854466537
9014,0.8077091621867757
9015,0.410749124207638
9016,0.4609864285846433
9017,0.51803877738691
9018,0.4699289962081173
9019,0.3798349595397148
9020,0.5419918101488078
9021,0.6011530141612652
9022,0.5184526067154414
9023,0.583716492525716
9024,0.4968432622345063
9025,0.3432540664004481
9026,0.47255094970476486
9027,0.4959445797744889
9028,0.4010206362738503
9029,0.5437475593210558
9030,0.39465027956629445
9031,0.40527825293267056
9032,0.47104180869988044
9033,0.5822307279394197
9034,0.5904933081711299
9035,0.5203737852720879
9036,0.47726673796729274
9037,0.5297288266785031
9038,0.588338478189145
9039,0.5668001460801328
9040,0.5755749893451301
9041,0.42769835480241736
9042,0.4631931283288544
9043,0.33384594674169055
9044,0.5618456936392598
9045,0.4691829301110429
9046,0.334682566691181
9047,0.586375133949188
9048,0.5332074423573023
9049,0.4182309389723111
9050,0.4300499622642605
9051,0.4175760816453361
9052,0.46190293919989345
9053,0.5024028687306443
9054,0.5781699005519533
9055,0.5533199733639558
9056,0.7601264738099893
9057,0.5455725573465791
9058,0.49989622975413994
9059,0.4314307172957247
9060,0.5533145953297927
9061,0.46868700873911356
9062,0.6565354317316823
9063,0.4566657265624514
9064,0.6402920961619722
9065,0.5537942780354903
9066,0.439047356336143
9067,0.5070391971282897
9068,0.4529720565278058
9069,0.7071056967480881
9070,0.44163793621205705
9071,0.6691123890714006
9072,0.4929739173536001
9073,0.5965690696066265
9074,0.37722100706891704
9075,0.6356830469360915
9076,0.4252139732246123
9077,0.47889509031490196
9078,0.4959357650856253
9079,0.3812933040830868
9080,0.5393606368445298
9081,0.5830907806662302
9082,0.44530543193474087
9083,0.562465996972844
9084,0.46307520256380713
9085,0.7133478367386032
9086,0.5090913619544538
9087,0.7055967837340087
9088,0.5229207032156109
9089,0.5963658258095587
9090,0.604381051078919
9091,0.47037319887179835
9092,0.404707423496546
9093,0.566016323370773
9094,0.4051446092104945
9095,0.5894533772944924
9096,0.45194196436953205
9097,0.48192776988529024
9098,0.6382677100082347
9099,0.6821354457599502
9100,0.6651819270061262
9101,0.5726954255015593
9102,0.4334523446107065
9103,0.43464205303683323
9104,0.7451865245145363
9105,0.6516489426070035
9106,0.6071522139036583
9107,0.6977575907890511
9108,0.5691059013389941
9109,0.5705093848753542
9110,0.47468909429290845
9111,0.5195440331986458
9112,0.6417149659797858
9113,0.5733659457914634
9114,0.5644037774011541
9115,0.5000027678926295
9116,0.4885066859501678
9117,0.5448117220807088
9118,0.6331674719694522
9119,0.5922623496857031
9120,0.6603817382496684
9121,0.5541376561960991
9122,0.4864974578418182
9123,0.5778758126539149
9124,0.6828636078880814
9125,0.5639477874889389
9126,0.33092263127826865
9127,0.45540513295403745
9128,0.43840813505698945
9129,0.5251445806505108
9130,0.4057418231689534
9131,0.5707020391620018
9132,0.5831851416279628
9133,0.7488658482716389
9134,0.4157450598948871
9135,0.4600088819481572
9136,0.5226668391380012
9137,0.5264631221492727
9138,0.6653225020497524
9139,0.46845107633178257
9140,0.5747206633880315
9141,0.3382299446332106
9142,0.6421118592574585
9143,0.3900109516706991
9144,0.5578011332546318
9145,0.5312212411340159
9146,0.5592382923041396
9147,0.3994924999021948
9148,0.5052535345078198
9149,0.5505139942775542
9150,0.5190825864493462
9151,0.4888574110971373
9152,0.3608038955200529
9153,0.5403576464733512
9154,0.5982345959574759
9155,0.46718034444735496
9156,0.5946459497297117
9157,0.5743981352922904
9158,0.6230285558737424
9159,0.4835873598406613
9160,0.519069726496901
9161,0.4618438160431363
9162,0.5861790927010349
9163,0.4984677806242407
9164,0.34913935586230294
9165,0.5652682435507469
9166,0.6605429515367701
9167,0.5856419117889927
9168,0.5307862190848001
9169,0.4380227730047835
9170,0.5315494254105254
9171,0.5785265701051807
9172,0.6204470480261586
9173,0.7362215251566039
9174,0.475849236294518
9175,0.4932177122336083
9176,0.507069480402229
9177,0.40959522956816485
9178,0.38619003473120694
9179,0.49273757364465404
9180,0.5491680148301057
9181,0.4574559130893716
9182,0.538268098603425
9183,0.45535988561365004
9184,0.5195137696617482
9185,0.5479107441512737
9186,0.4880917973219036
9187,0.40572549420383447
9188,0.41207523720171846
9189,0.4075249442119666
9190,0.6448965112555614
9191,0.5404790685516089
9192,0.5370768251394538
9193,0.520356139196331
9194,0.5170091428434056
9195,0.5948021684126538
9196,0.6075037630014026
9197,0.483571918522478
9198,0.4102883531842042
9199,0.4313615915539865
9200,0.5904525889528367
9201,0.7003883536503532
9202,0.492018931850474
9203,0.5471056847312566
9204,0.688011134995204
9205,0.5675142674375184
9206,0.46778523216745177
9207,0.49638981793820647
9208,0.42693842546615823
9209,0.4628689429104035
9210,0.5449999649415065
9211,0.52923460711843
9212,0.4725048381380898
9213,0.5020000244648062
9214,0.6306049328762441
9215,0.6320504693716829
9216,0.5323431808970266
9217,0.4966668076194762
9218,0.5588006671262402
9219,0.5999198187180071
9220,0.376783000004537
9221,0.5289388500862867
9222,0.45993043840209236
9223,0.516033744220143
9224,0.6255331682469076
9225,0.4876804934983632
9226,0.5736713015079784
9227,0.49710105802857363
9228,0.5138341686282971
9229,0.34925159677039136
9230,0.5695156871332694
9231,0.5599945176850176
9232,0.34528067612543634
9233,0.3638574220671998
9234,0.7579578484415672
9235,0.4809629974726175
9236,0.5672748602350834
9237,0.5012137227877138
9238,0.5585484156465339
9239,0.3710811020934164
9240,0.5599437249670082
9241,0.6068839670160106
9242,0.47395221187185654
9243,0.4105584411407211
9244,0.5480854694133461
9245,0.37064725155571315
9246,0.4829271378742614
9247,0.5024454535796752
9248,0.5047226145726191
9249,0.31462734989400687
9250,0.5014822547205546
9251,0.46365847221445916
9252,0.5452158662782244
9253,0.49896154816126964
9254,0.5491276708610185
9255,0.41398477771241654
9256,0.37134714774720945
9257,0.5707676400240457
9258,0.3721955930802001
9259,0.42937102186330406
9260,0.6514648071408435
9261,0.5823679712394008
9262,0.6415039043283751
9263,0.4998556001837952
9264,0.645802839076129
9265,0.42464587725573744
9266,0.478267821239186
9267,0.397326632581668
9268,0.5139470711714622
9269,0.4579260302596797
9270,0.5707852262413646
9271,0.5706806801508898
9272,0.4690521802500838
9273,0.461902083577907
9274,0.5222508204096667
9275,0.735809928729933
9276,0.49244979255041477
9277,0.43237997239364956
9278,0.4884855878252963
9279,0.6622391023011933
9280,0.42601103322566725
9281,0.5153730818897219
9282,0.5211317066826828
9283,0.5009643135989484
9284,0.6756097297837629
9285,0.4689857084277867
9286,0.47805332729336136
9287,0.503383681582161
9288,0.4480201876721449
9289,0.5871779108261721
9290,0.3831939845985339
9291,0.49066426861325146
9292,0.5789833180693319
9293,0.4277263751875805
9294,0.46888095145355924
9295,0.5712192394273516
9296,0.5172821020530621
9297,0.5164998961128574
9298,0.4202332692668884
9299,0.4545584189622352
9300,0.4320948501677592
9301,0.52105080970553
9302,0.5010767302749808
9303,0.41385578144573487
9304,0.5482068203929586
9305,0.5377285217569925
9306,0.5912502087339755
9307,0.6724207343651861
9308,0.40505840840649543
9309,0.44101498511082804
9310,0.6073574839818295
9311,0.5093436135692464
9312,0.5685411945740703
9313,0.5885722076334867
9314,0.43319075301230586
9315,0.3900698018722598
9316,0.3905696232054131
9317,0.5633845057887205
9318,0.42642115247739504
9319,0.6078896612801468
9320,0.35274228468013147
9321,0.48995297338216914
9322,0.4163537170872851
9323,0.5958013847672026
9324,0.435440709645679
9325,0.6747125672728871
9326,0.7029444275030813
9327,0.5355383559539298
9328,0.6558067349160467
9329,0.6508012476704612
9330,0.7024169001487031
9331,0.5224395513862935
9332,0.5824491174434482
9333,0.4499584780952509
9334,0.48372735959447294
9335,0.7694498512500065
9336,0.4564937639008793
9337,0.46685542712258427
9338,0.3505735064079325
9339,0.4296037687230589
9340,0.4059616360556336
9341,0.5064690553031473
9342,0.5224374611671204
9343,0.4624388904161039
9344,0.3968331245895759
9345,0.3972676026442986
9346,0.4975113405232711
9347,0.7064749978366642
9348,0.7043658031160414
9349,0.332030911989192
9350,0.5217794211517761
9351,0.6374149527913947
9352,0.3630384816823593
9353,0.4710259519062897
9354,0.5252061155003908
9355,0.4752405266219317
9356,0.5316293451333854
9357,0.5646877419958567
9358,0.6280929137882181
9359,0.5499649516171865
9360,0.3934883467744727
9361,0.48930962480367746
9362,0.4763185500806513
9363,0.6053832890741925
9364,0.28147863711749
9365,0.5495001841628311
9366,0.35129530792372754
9367,0.3717547702633871
9368,0.544059881602374
9369,0.4668614415750134
9370,0.35298684923506235
9371,0.45610518645469333
9372,0.6851355841483165
9373,0.35467951600468045
9374,0.5323156056972306
9375,0.7389849938618476
9376,0.5136734463897396
9377,0.6673645975985114
9378,0.39187667333356696
9379,0.7123385472352781
9380,0.6022373790066038
9381,0.5180966528677595
9382,0.35217104987240677
9383,0.4189186839803161
9384,0.45939480333565746
9385,0.551698333740306
9386,0.5369846253062228
9387,0.4650330819686079
9388,0.5260893561071992
9389,0.7528973336062733
9390,0.4815590649492647
9391,0.5257997528468892
9392,0.5591835875483095
9393,0.6597974473917196
9394,0.4828109482101582
9395,0.4546238488078634
9396,0.4913235466778269
9397,0.5052681369179075
9398,0.44315854887400524
9399,0.471744131198596
9400,0.519009118793375
9401,0.5324380996092788
9402,0.6332919515651751
9403,0.4911237418834016
9404,0.6574253289383232
9405,0.5496333316761067
9406,0.4543551594243973
9407,0.521158469238103
9408,0.35823209416008683
9409,0.3001739101698909
9410,0.5421846958131914
9411,0.442998765773402
9412,0.31833687094754437
9413,0.44242899334661295
9414,0.5798042894372317
9415,0.4948693153674
9416,0.710936652297704
9417,0.6107260312739254
9418,0.4373178302741366
9419,0.5523281373187727
9420,0.5471331928229933
9421,0.41572191828073934
9422,0.46001895968798107
9423,0.522883821771215
9424,0.4708681568157819
9425,0.5288391575458276
9426,0.47002802991277265
9427,0.46259368848613386
9428,0.5263434477243341
9429,0.43041224877185463
9430,0.44777607147646786
9431,0.38419589290320844
9432,0.5650995629257449
9433,0.6578377426753896
9434,0.4078392945359805
9435,0.7508347431510215
9436,0.4524562849227287
9437,0.5596251891162382
9438,0.507214434170434
9439,0.49786505937340975
9440,0.46107946032743086
9441,0.5363368349288041
9442,0.4871392937177372
9443,0.3614486221735361
9444,0.4290216563861915
9445,0.6750114104208825
9446,0.49545955253774454
9447,0.5463427179464042
9448,0.5973027560993575
9449,0.311318787304673
9450,0.5229698056042813
9451,0.4282942058465109
9452,0.5961949858075826
9453,0.5554705938323452
9454,0.6564501214077915
9455,0.42772803426681677
9456,0.5889340679780092
9457,0.41280900617758964
9458,0.40153796466279906
9459,0.5488162608420455
9460,0.5411100957144732
9461,0.5496987640879759
9462,0.7099058253236148
9463,0.42623548857987426
9464,0.5574912271590348
9465,0.4152316380320638
9466,0.5960660266654848
9467,0.531116746454881
9468,0.623000477386685
9469,0.46614951265528254
9470,0.8371995139790886
9471,0.7138478623744673
9472,0.4189140983750066
9473,0.6844901360306448
9474,0.4879666695144703
9475,0.4396337931956498
9476,0.5328364244404803
9477,0.4285171474929752
9478,0.7435658847226135
9479,0.5279105026816885
9480,0.4968418772913582
9481,0.5658117942869677
9482,0.7492747228243191
9483,0.5366713813820412
9484,0.4396974760098709
9485,0.3903764283315239
9486,0.5871113227143201
9487,0.5661795670266881
9488,0.673839578625375
9489,0.5998540291527121
9490,0.4706338861165578
9491,0.6224810833893517
9492,0.676999372129929
9493,0.46079436991145395
9494,0.5590019550621423
9495,0.6440413076988529
9496,0.4908645912553701
9497,0.5521860225070262
9498,0.5503447365207438
9499,0.5190657171267878
9500,0.6777175664307319
9501,0.42684735968961696
9502,0.4119036257933879
9503,0.5302975172701891
9504,0.44425930780113787
9505,0.38069259935923677
9506,0.4106798116746323
9507,0.5565413906941326
9508,0.5306258578990085
9509,0.44876364896111653
9510,0.5230005418628182
9511,0.6429791870473307
9512,0.3859805979525582
9513,0.6259543836856944
9514,0.5078675902866853
9515,0.35002006697233556
9516,0.4513865726848726
9517,0.6084362079300153
9518,0.48570839336488475
9519,0.5495348250489993
9520,0.6099483782735186
9521,0.6286071084336683
9522,0.5898216576097783
9523,0.7401588040444644
9524,0.6683377826398622
9525,0.4040198688377644
9526,0.5105961309389233
9527,0.601742771790994
9528,0.661310825309444
9529,0.47421789428229266
9530,0.6893904264368722
9531,0.44045146284401804
9532,0.5106540186507413
9533,0.6012226309507656
9534,0.40168580148599603
9535,0.42480630542842207
9536,0.6919791558937771
9537,0.3948591767271044
9538,0.5019204808397115
9539,0.3411755805897313
9540,0.3915431669988346
9541,0.4748234805516138
9542,0.5743527109695048
9543,0.4585130482976437
9544,0.6105639566353203
9545,0.44124986442080116
9546,0.46781280111808843
9547,0.497057485183704
9548,0.384374576509263
9549,0.449497607855213
9550,0.540190284003591
9551,0.5465378239775234
9552,0.47441116599202865
9553,0.4406504093254605
9554,0.5453129013881721
9555,0.7212930428814053
9556,0.43303028792464915
9557,0.39811919137101187
9558,0.42822254493532197
9559,0.43215254277236215
9560,0.5302255950963304
9561,0.43653790118616154
9562,0.5241744163344185
9563,0.49688645157382094
9564,0.5731314783923428
9565,0.3417603352914296
9566,0.5462555985494044
9567,0.691796795155353
9568,0.4772164724634876
9569,0.4882069566924908
9570,0.4498000833102861
9571,0.5251437946331283
9572,0.48818077784822206
9573,0.653913931305287
9574,0.548738462782544
9575,0.45611877935124345
9576,0.6116505750216781
9577,0.49925724928664994
9578,0.5240739415556936
9579,0.49967960333673317
9580,0.5435327805296717
9581,0.48172555128807676
9582,0.48279260398718205
9583,0.6268433241768346
9584,0.4178748042065887
9585,0.44703516857292785
9586,0.427887448003986
9587,0.3100395297210493
9588,0.45347125633267377
9589,0.4772989195338799
9590,0.4619751643147448
9591,0.5353315446062609
9592,0.35062888666239156
9593,0.5416196333604893
9594,0.49440041063624895
9595,0.6859389367771901
9596,0.5799004163168748
9597,0.4040514514792042
9598,0.6128637170986438
9599,0.6434579495262572
9600,0.4398076213443752
9601,0.5624405512311519
9602,0.6532676611510465
9603,0.5548413568366982
9604,0.2719511757157055
9605,0.5189745542908569
9606,0.5104010553087728
9607,0.6971714138989147
9608,0.4953430852657965
9609,0.44275305933038034
9610,0.3939091587296301
9611,0.48255072409190675
9612,0.6207052126618139
9613,0.4857984827823695
9614,0.5695309795128333
9615,0.454066894321535
9616,0.32061035338799715
9617,0.5232610767583257
9618,0.6612326487731143
9619,0.5903040112378205
9620,0.5212610694798231
9621,0.5868634864439531
9622,0.6268888587586461
9623,0.38492060341124246
9624,0.5616676383981374
9625,0.3538861519061439
9626,0.49483855899887286
9627,0.48337752848998267
9628,0.6171290834148926
9629,0.41691810293828013
9630,0.5063282487199448
9631,0.4045807495243654
9632,0.40503428239141837
9633,0.4548903119292306
9634,0.308511651206823
9635,0.445179467378552
9636,0.5564139801682618
9637,0.563319851312565
9638,0.5835980472757053
9639,0.39930693571123477
9640,0.45036390906371954
9641,0.4305428333047038
9642,0.3930425770957665
9643,0.6197151751910966
9644,0.5063143471643756
9645,0.3922392747049498
9646,0.38287065565277656
9647,0.597864812340007
9648,0.35960189867213355
9649,0.534966144901469
9650,0.6880701325327573
9651,0.6278310554413377
9652,0.48995961022222223
9653,0.4924753374681359
9654,0.511402663931186
9655,0.40855620221072403
9656,0.5561744347007276
9657,0.6449443915368893
9658,0.4723389105555102
9659,0.6473970428411185
9660,0.4756811330964943
9661,0.5136294272689528
9662,0.4493245227802501
9663,0.37322235679261623
9664,0.5925976276825444
9665,0.5162574518422532
9666,0.5475606255344487
9667,0.4559396073256599
9668,0.4822205028407032
9669,0.5344708619855378
9670,0.33092676175143265
9671,0.3281615726914805
9672,0.5303134192202792
9673,0.5146162715490117
9674,0.44132456333246955
9675,0.5561853827141875
9676,0.6538306863901943
9677,0.5247279849022539
9678,0.623114359896801
9679,0.6654215649102693
9680,0.41856775994370804
9681,0.518969109810311
9682,0.5483135280099408
9683,0.7319494749531493
9684,0.5352589040433842
9685,0.44823723833559065
9686,0.5012949678610464
9687,0.7484344887997689
9688,0.5015090516550375
9689,0.6352941883530068
9690,0.5804048696227324
9691,0.6607732069462511
9692,0.5788368860730009
9693,0.5139136468447406
9694,0.4517802797450349
9695,0.4030546461519025
9696,0.39078259641959784
9697,0.5678581909691438
9698,0.47376519015297597
9699,0.5000134811900097
9700,0.4035847109307448
9701,0.447501664491984
9702,0.4923333612023457
9703,0.527380857458172
9704,0.3760648388961947
9705,0.45900002991510486
9706,0.5380386704437576
9707,0.4967884455319938
9708,0.4000333666029663
9709,0.5761564272170856
9710,0.5169075535449951
9711,0.5146517413635043
9712,0.4936545953895985
9713,0.5479391720872204
9714,0.42456015325768814
9715,0.39689105795263596
9716,0.6281417957736452
9717,0.7497703999224186
9718,0.3994661286235631
9719,0.6441098237806961
9720,0.523208889335818
9721,0.45895653127829283
9722,0.5015331754953849
9723,0.6964854844225521
9724,0.46836399750938285
9725,0.6119832597800067
9726,0.44243955894575565
9727,0.4941689773738774
9728,0.41421799410487625
9729,0.46576440365768434
9730,0.5041790628438052
9731,0.6208553421377783
9732,0.6228816299005111
9733,0.6100395165520675
9734,0.5516884867707268
9735,0.4313106783652154
9736,0.5833218097290236
9737,0.5606068646415016
9738,0.6316181058858626
9739,0.4659750591649117
9740,0.5041964460296071
9741,0.42521824495340826
9742,0.35075617429813666
9743,0.45451087368050863
9744,0.45714152624504156
9745,0.4818278784525542
9746,0.5084598982520858
9747,0.4268803865821812
9748,0.39512315636516865
9749,0.5578745287630495
9750,0.4613927299849316
9751,0.46090832068100496
9752,0.44215565682162783
9753,0.45318470010780504
9754,0.44759573139327086
9755,0.625870764246489
9756,0.4834299073162814
9757,0.4577693600040723
9758,0.5710481774524961
9759,0.47936090779021195
9760,0.6698653206422497
9761,0.5876176213992128
9762,0.5497020272039583
9763,0.5180330365547646
9764,0.6716807454088227
9765,0.47775570079130525
9766,0.47615576498001266
9767,0.3530275077993981
9768,0.559125822953815
9769,0.4214502672630344
9770,0.5466622327259466
9771,0.3488504168264507
9772,0.46961955740182115
9773,0.4939061970393766
9774,0.5974514519744365
9775,0.5438743186579652
9776,0.4833442097464553
9777,0.35209023815178797
9778,0.3277203723011667
9779,0.460709379113508
9780,0.3928755366147805
9781,0.6100822710932989
9782,0.43797414508340393
9783,0.5478501360887892
9784,0.45944119852953125
9785,0.5694933803709624
9786,0.41185217329636614
9787,0.5277061704642246
9788,0.6809098844546243
9789,0.49824766549873933
9790,0.5483517383872398
9791,0.32914980647629166
9792,0.29161894723887577
9793,0.4744774237237272
9794,0.5867624394803846
9795,0.5255519784469809
9796,0.7710707703481874
9797,0.4108507759898559
9798,0.4604443337347034
9799,0.462774804378313
9800,0.4799538012928841
9801,0.3990414553860361
9802,0.42046448811004233
9803,0.6021920568903691
9804,0.48974614602609856
9805,0.4664716764598198
9806,0.4483185335724005
9807,0.40381974253633296
9808,0.4808770113323217
9809,0.41981803747145197
9810,0.43083095522286685
9811,0.44802067334420065
9812,0.49149920434377925
9813,0.5070342211814559
9814,0.41992442365463334
9815,0.4837520529907413
9816,0.5356882694904316
9817,0.43940772332675415
9818,0.5693661358298605
9819,0.4918516702658511
9820,0.42794700685712495
9821,0.5778069535795882
9822,0.5199349431107539
9823,0.3929266839854272
9824,0.3999107378592035
9825,0.48224052322014677
9826,0.35234808274044
9827,0.6019396789798872
9828,0.543949810162393
9829,0.5834347017908391
9830,0.5828607412505362
9831,0.6935766240473562
9832,0.44249707099801594
9833,0.656418683338557
9834,0.5025477798968823
9835,0.45205757767731236
9836,0.51102973553488
9837,0.4194201630963039
9838,0.5142198604976909
9839,0.4092704024180093
9840,0.43417297675403604
9841,0.4481660369616485
9842,0.5232516565947225
9843,0.3992046346724334
9844,0.5123090768202873
9845,0.5234393977063734
9846,0.5257418446569577
9847,0.509300412678485
9848,0.4887968501120807
9849,0.49682825366835914
9850,0.5166750076740348
9851,0.5286367371026931
9852,0.6886866388114804
9853,0.4134758715493598
9854,0.5212972194069727
9855,0.4438796465645898
9856,0.31835815798734163
9857,0.49164271058180364
9858,0.36777848277645553
9859,0.4425308941924818
9860,0.397161714007042
9861,0.7466149611116413
9862,0.4857867100656229
9863,0.7066906946538998
9864,0.49610333416559754
9865,0.44572304737287216
9866,0.46124125586798514
9867,0.6546867671699309
9868,0.47710157989972146
9869,0.5131692054678955
9870,0.5513710899882986
9871,0.5056959607564633
9872,0.47278524206722555
9873,0.5097204491268214
9874,0.5261557830177704
9875,0.3103492991482675
9876,0.5338271736393447
9877,0.5594228381652975
9878,0.5485123967219312
9879,0.4355277642446074
9880,0.3065301499535016
9881,0.6656635548751892
9882,0.47728615376758404
9883,0.8057376806006751
9884,0.5495762556087702
9885,0.420070963437391
9886,0.2913741757498905
9887,0.4535830261149574
9888,0.46524883197958694
9889,0.5666788695405274
9890,0.43458320623617414
9891,0.5415621486402508
9892,0.5608103788215852
9893,0.601577138983873
9894,0.48662256676238136
9895,0.5186247152628961
9896,0.5421728370945215
9897,0.5553751882146005
9898,0.48162119708824846
9899,0.30134741097549167
9900,0.4840393295611559
9901,0.5267997034600433
9902,0.42611128648228513
9903,0.42580083074486674
9904,0.5108570891050698
9905,0.45450900951581424
9906,0.4888609367045591
9907,0.35542555753237964
9908,0.3494424298966017
9909,0.4989759708202986
9910,0.5040558530924995
9911,0.5270188105742062
9912,0.4111007086665727
9913,0.5038830478506998
9914,0.5084794304838093
9915,0.4417424460810951
9916,0.4336236275757053
9917,0.4230167357600662
9918,0.6713874860954808
9919,0.48952239204372433
9920,0.677781150287285
9921,0.4780876387685446
9922,0.4537056515901293
9923,0.433351362913139
9924,0.5892573709415942
9925,0.6378238029612423
9926,0.4940883948255511
9927,0.49700552382192276
9928,0.5426139323497605
9929,0.30387454322427093
9930,0.62960823728458
9931,0.5608108966648014
9932,0.4215089340981247
9933,0.5012491069085208
9934,0.5371515553447749
9935,0.4329130616904552
9936,0.5356185042765494
9937,0.5272483232355489
9938,0.4762304156836682
9939,0.43905846323138786
9940,0.6086475985259974
9941,0.7769804773627904
9942,0.5475058207155784
9943,0.5584000326929748
9944,0.5201792006688233
9945,0.6465897773030943
9946,0.41112177008950246
9947,0.3519482738111266
9948,0.4740413430955155
9949,0.5846686143821983
9950,0.26886027057527156
9951,0.5337355535728013
9952,0.5779104156572064
9953,0.5643382759546901
9954,0.44718747617010024
9955,0.3509370796396847
9956,0.4553230239775712
9957,0.389297342316707
9958,0.694454879172986
9959,0.58834738614391
9960,0.5112219582559486
9961,0.4820838739766312
9962,0.3826040836369458
9963,0.72655874231177
9964,0.6211976561117581
9965,0.6527594874469085
9966,0.6751066822256955
9967,0.5909343532367496
9968,0.5655088259213252
9969,0.5954458349996442
9970,0.7041162553830701
9971,0.5081179756488877
9972,0.4707773640914144
9973,0.7701740870514957
9974,0.43907992824716074
9975,0.33377225983008285
9976,0.6223131851107933
9977,0.4788475354405635
9978,0.6069930372070526
9979,0.5845970357747041
9980,0.4108474663552567
9981,0.4853404730533567
9982,0.5579290078240046
9983,0.5839437311157893
9984,0.5405992539376689
9985,0.8460174834984538
9986,0.4453927350184276
9987,0.6235563661654508
9988,0.6817257350162151
9989,0.4995281834474112
9990,0.5309701075711998
9991,0.4717934166609664
9992,0.6410879207556325
9993,0.45160584094291323
9994,0.40117469551368046
9995,0.44311510023119666
9996,0.5228173328623397
9997,0.7255549191912054
9998,0.5078525289555643
9999,0.4650943092915981
10000,0.4139081422864655
10001,0.45656966406925825
10002,0.3851826470677248
10003,0.44743286883751987
10004,0.4298315306615298
10005,0.5273241062389069
10006,0.6811616128096646
10007,0.4265712713130835
10008,0.2900920205118541
10009,0.3925401868809268
10010,0.48826753218490454
10011,0.44030219813137306
10012,0.44055561713074864
10013,0.5489610592057438
10014,0.6293840496236294
10015,0.490234423440499
10016,0.6037139720307166
10017,0.4461267829446273
10018,0.4908676946462313
10019,0.5379605635000896
10020,0.6428576597244968
10021,0.4077295224462625
10022,0.46516808811449345
10023,0.5227867663204034
10024,0.4142127502138318
10025,0.7787443191255262
10026,0.7966305625199428
10027,0.44426566740406703
10028,0.435035055274154
10029,0.46879475713413754
10030,0.4615378961322583
10031,0.4365725889913804
10032,0.5933993033062362
10033,0.5302728466040498
10034,0.6054918232226114
10035,0.45318929582003037
10036,0.34629871259767375
10037,0.32436446940022706
10038,0.6232551531615088
10039,0.7363860961293929
10040,0.5097902368351327
10041,0.5877357070964768
10042,0.5801547282786168
10043,0.6178546895850363
10044,0.6265920714113246
10045,0.38748733498402166
10046,0.45124701713775267
10047,0.6357899823044761
10048,0.4965813783381971
10049,0.5025853901758492
10050,0.5917619562233294
10051,0.5907012274087949
10052,0.625994035974205
10053,0.5241910214892777
10054,0.44979387111542823
10055,0.4597962715623578
10056,0.5807825930245922
10057,0.36039832255644866
10058,0.4982181032788375
10059,0.48508067833727
10060,0.6003536227142781
10061,0.35113792433608315
10062,0.48429028636818217
10063,0.5203964753825762
10064,0.602415789357068
10065,0.5074626379963119
10066,0.6904134595079907
10067,0.6859713694885605
10068,0.48196079508700773
10069,0.5844286395484345
10070,0.48742641388571717
10071,0.5872876561155053
10072,0.4798645242795876
10073,0.6545377311517144
10074,0.5272579761738991
10075,0.4600309884930187
10076,0.5628475469958644
10077,0.5535318210488813
10078,0.5868540497768351
10079,0.4435104752421043
10080,0.6729160801517479
10081,0.4918902171610066
10082,0.6228427803073431
10083,0.48332632059434283
10084,0.47840628995891143
10085,0.6116348522839621
10086,0.4749607974331677
10087,0.4776213841005152
10088,0.4321487429453566
10089,0.5048134329063471
10090,0.6958535994699454
10091,0.5137879353212942
10092,0.37037325482630923
10093,0.49986890066352163
10094,0.5803270636931335
10095,0.36303753925747645
10096,0.4285612681723533
10097,0.547489156824459
10098,0.48390169797734983
10099,0.5111003011245666
10100,0.3131255414781292
10101,0.654685778396952
10102,0.41139597224951574
10103,0.6480278435857778
10104,0.521009991644734
10105,0.46458221002981626
10106,0.45727727493395626
10107,0.46054915642322497
10108,0.4705585233869672
10109,0.4583224634381695
10110,0.5551017678541167
10111,0.5596945552783007
10112,0.4274775798757324
10113,0.4787143662900202
10114,0.5858271602668016
10115,0.43140726467972035
10116,0.5058075578375141
10117,0.5644129948890698
10118,0.416392568797954
10119,0.467988957858648
10120,0.5626935827294627
10121,0.5209316668260037
10122,0.6742313242132043
10123,0.7162097941909509
10124,0.3683322487960793
10125,0.5865908936809809
10126,0.43484507378217185
10127,0.4280811644094471
10128,0.44043224463269415
10129,0.49673310028979967
10130,0.45257263094780176
10131,0.4341877078256433
10132,0.49387759887045
10133,0.8514304827225374
10134,0.3260373600173337
10135,0.4828934572025102
10136,0.4847965234000897
10137,0.5237473218579768
10138,0.3196322202562962
10139,0.5208542450230212
10140,0.40562740188086344
10141,0.5828505479688175
10142,0.6590198386525247
10143,0.4154600546341974
10144,0.5499686188185589
10145,0.493317596842637
10146,0.31007912137924215
10147,0.41112289550499037
10148,0.5078149169627801
10149,0.4754513616073819
10150,0.41107444380096525
10151,0.5468086412261234
10152,0.6649329374104038
10153,0.6616456145812853
10154,0.49934699604721866
10155,0.48234299203667613
10156,0.6188013317013873
10157,0.543384521001893
10158,0.5106820463869092
10159,0.5774573951367197
10160,0.45078976708558216
10161,0.5425399010136022
10162,0.45550638617367795
10163,0.6136990512888744
10164,0.5530804449173675
10165,0.39599505476451236
10166,0.5531185651283664
10167,0.6266998554310301
10168,0.6331542657137721
10169,0.6635721408110182
10170,0.5283466143798037
10171,0.4671904952030992
10172,0.4851943037343362
10173,0.5178417968911563
10174,0.5483410533311138
10175,0.3979259204308173
10176,0.5008538612772964
10177,0.560884354828719
10178,0.5295862127381453
10179,0.45884007361223406
10180,0.48956790791563914
10181,0.37253017565522856
10182,0.558591331163008
10183,0.5393463788395776
10184,0.42435129374075664
10185,0.3791319680280974
10186,0.4452772131496276
10187,0.5386058629294238
10188,0.5543927460109557
10189,0.4584972076384375
10190,0.43309701349855045
10191,0.5397103517617943
10192,0.5741998763803271
10193,0.4772103656216847
10194,0.5338729951021991
10195,0.5215853782621902
10196,0.3859990127986633
10197,0.6272718497050994
10198,0.571326187531565
10199,0.38640864263155605
10200,0.39782049846382717
10201,0.4223476566791925
10202,0.5348512406101237
10203,0.44973534494892703
10204,0.5744344625913593
10205,0.5933844307605856
10206,0.5658825355803625
10207,0.5197689517422766
10208,0.5617545108529709
10209,0.5794284798915841
10210,0.6274549247346372
10211,0.5396086414760148
10212,0.5197705158465111
10213,0.49079019198315327
10214,0.7796669277853314
10215,0.4518286171010843
10216,0.6402191711146207
10217,0.5097656940280697
10218,0.5335693244984044
10219,0.653961350619483
10220,0.4997809911205356
10221,0.5444298578084852
10222,0.47165725927911933
10223,0.4850238812922962
10224,0.5807624082576747
10225,0.526117448500819
10226,0.4719769703927092
10227,0.6429652601471813
10228,0.3988350377163069
10229,0.49691521825684126
10230,0.5463294142924204
10231,0.43619749797885166
10232,0.6625619788083248
10233,0.7188700485066727
10234,0.5494100821191147
10235,0.48846819744557746
10236,0.3935269762867919
10237,0.46537159078935486
10238,0.5872387697205405
10239,0.441193178628774
10240,0.3891075579792702
10241,0.5300172903987337
10242,0.5670967673662947
10243,0.41563591139109524
10244,0.6124794951722644
10245,0.4963043652985306
10246,0.5507622420068126
10247,0.7538091804790747
10248,0.5720015471153084
10249,0.5930428896559944
10250,0.5012936106651321
10251,0.5795558757562166
10252,0.5680995273111572
10253,0.43944998225708665
10254,0.5099721633529651
10255,0.4348570786982914
10256,0.5827394472658689
10257,0.3830888908961285
10258,0.38411644889602664
10259,0.48350479534104096
10260,0.5458549747662171
10261,0.4579986383257583
10262,0.6123740108991241
10263,0.49094020806548816
10264,0.40832708180500626
10265,0.5745721331607304
10266,0.6333224682965842
10267,0.4997450930720975
10268,0.5553310150868161
10269,0.5551451852589557
10270,0.4780328118271269
10271,0.4842018551854832
10272,0.39251427595179295
10273,0.646908872871415
10274,0.4903153388282802
10275,0.5716608040401681
10276,0.6521244927784694
10277,0.49532386075274476
10278,0.5680371196020865
10279,0.5291802623906257
10280,0.5703292582922389
10281,0.5515206295119355
10282,0.5008458834792872
10283,0.4517547485606744
10284,0.5886950657118739
10285,0.4930908208774209
10286,0.5321377786223549
10287,0.5159501460277325
10288,0.40143907114193816
10289,0.5550735967184023
10290,0.5175783401866708
10291,0.48900748147504397
10292,0.49187390994729935
10293,0.690239278700833
10294,0.49977976193892604
10295,0.539910309195877
10296,0.46611516084867893
10297,0.46495919840514466
10298,0.4947874788311308
10299,0.5567985559551171
10300,0.6447917406976966
10301,0.47155033603845264
10302,0.5414002700094229
10303,0.6052036222955699
10304,0.7176946140074818
10305,0.4924579849113852
10306,0.5710305734122939
10307,0.5711824029096123
10308,0.5180930243998484
10309,0.4014146479372927
10310,0.46097562483517
10311,0.57051555707106
10312,0.3575412203431543
10313,0.3609600246928784
10314,0.39357529651117906
10315,0.48937026154783725
10316,0.3820009280728491
10317,0.6044666238629066
10318,0.4821237808697067
10319,0.42543759609982845
10320,0.3984036445839215
10321,0.5318870791368191
10322,0.49070566108279345
10323,0.5708622781416541
10324,0.5269073255997615
10325,0.5303044048028515
10326,0.5371185909214777
10327,0.6088809718045689
10328,0.4154425877687152
10329,0.6467914426072064
10330,0.6410339973512523
10331,0.5152640944192666
10332,0.5072854469163535
10333,0.5859468603676242
10334,0.32266360678274114
10335,0.4851727080625576
10336,0.6245142826706531
10337,0.49663064827871156
10338,0.48108700571172947
10339,0.49366916983276266
10340,0.594476699750718
10341,0.6598019019291597
10342,0.5408410054933409
10343,0.7648199889446469
10344,0.4675239706503033
10345,0.7312383726009916
10346,0.5515779909871433
10347,0.5392262771168655
10348,0.5744247640137728
10349,0.39756103364892653
10350,0.5303796979613251
10351,0.4617631695442036
10352,0.4634072170766106
10353,0.42889705562717173
10354,0.4793880584010513
10355,0.36292632545040837
10356,0.4921670674154926
10357,0.6121402050230756
10358,0.5385808155365555
10359,0.601707718274832
10360,0.5492002138293856
10361,0.48341079276264665
10362,0.6080903939361126
10363,0.6285440812408397
10364,0.7862425341228623
10365,0.4853406784389324
10366,0.5073050309060428
10367,0.3780972648163069
10368,0.5381553973409765
10369,0.5264253404736448
10370,0.7633808035396621
10371,0.43653601883743415
10372,0.5744349299145914
10373,0.34806867500759125
10374,0.49120881185633886
10375,0.3639216040395651
10376,0.6760598514330007
10377,0.33783111563556256
10378,0.4887145597609444
10379,0.46520143998330565
10380,0.5157525790949034
10381,0.47302414289105055
10382,0.47209538538753043
10383,0.5080098612624057
10384,0.44436607453045146
10385,0.7705832193882437
10386,0.47589652853900516
10387,0.45367878097783115
10388,0.5113021553003084
10389,0.46456651771517904
10390,0.6491561801588213
10391,0.47816564744891255
10392,0.3579054592947566
10393,0.5078361607281117
10394,0.6339094570116528
10395,0.6687255426312299
10396,0.43455972461321946
10397,0.520423663389102
10398,0.3791251973744432
10399,0.47954777356016437
10400,0.41344619346852823
10401,0.47494600816408244
10402,0.6007176360188186
10403,0.48490978102853366
10404,0.47905219334800003
10405,0.4981027836634139
10406,0.4757011648216733
10407,0.5560059074781508
10408,0.4085688938588609
10409,0.5162304781711547
10410,0.4409802950312595
10411,0.6332323759141475
10412,0.37961223811424816
10413,0.5688148396159448
10414,0.29216019689675204
10415,0.6245638838162164
10416,0.5623188985730819
10417,0.46901750221988914
10418,0.47552677740249427
10419,0.46247726612366624
10420,0.46776705176643285
10421,0.44251083022107573
10422,0.4910417502619706
10423,0.5942138500949364
10424,0.3649181556040887
10425,0.7037653882119612
10426,0.46700211140085035
10427,0.46403438239588446
10428,0.5997668043134641
10429,0.5201075804082477
10430,0.5727926845270169
10431,0.48066784504340543
10432,0.5895388200623903
10433,0.56878972817678
10434,0.38304320050178964
10435,0.5082043067434201
10436,0.5256762587171647
10437,0.5225085679408655
10438,0.5935304120590744
10439,0.2872163756081818
10440,0.4903519493515046
10441,0.7086599851398635
10442,0.47025609277602926
10443,0.376607199090637
10444,0.5479042781292262
10445,0.3767370060035208
10446,0.5174204749059195
10447,0.7144586808380703
10448,0.5610403677758972
10449,0.5502465105636769
10450,0.458514740504097
10451,0.5206363575825821
10452,0.4641027635613307
10453,0.45282960385888504
10454,0.459370008610436
10455,0.4162366758856888
10456,0.6412122403062983
10457,0.2630094116626693
10458,0.6417841535536108
10459,0.5083595876817925
10460,0.4644631922889592
10461,0.38700659187713404
10462,0.48604150989330414
10463,0.706437891066307
10464,0.5055146341375265
10465,0.47556025105212807
10466,0.47390879681590925
10467,0.548773793620558
10468,0.48788034640705247
10469,0.4005657057785571
10470,0.5999860705049483
10471,0.5256371354337336
10472,0.5821481727597941
10473,0.5815063239398757
10474,0.6272563790192915
10475,0.48076417091432394
10476,0.47573361556421184
10477,0.490804176960375
10478,0.5561312247076573
10479,0.3980851677256147
10480,0.5475717579951783
10481,0.5286716181455703
10482,0.6801256433044858
10483,0.34113101675347623
10484,0.6071036612045351
10485,0.5419385728366225
10486,0.5429486744300104
10487,0.6122827033443464
10488,0.4621874467708338
10489,0.6088407600851008
10490,0.5100523933953093
10491,0.6005113359737568
10492,0.48511325722646703
10493,0.4749971498415807
10494,0.4630446777430562
10495,0.4493636550736454
10496,0.5135833739584448
10497,0.5297489587328724
10498,0.6709018329666914
10499,0.4312900262974825
10500,0.5088609501509818
10501,0.5713229864588073
10502,0.4513527032229181
10503,0.5390951363927665
10504,0.6441975954232069
10505,0.3770922844455613
10506,0.4575497081775035
10507,0.4706388714349596
10508,0.46857852897392166
10509,0.43177408233763787
10510,0.738629076690166
10511,0.4489413161428987
10512,0.6219934920629029
10513,0.5448260042158288
10514,0.47492583409656824
10515,0.49262448314688745
10516,0.49633610411168955
10517,0.3612411272245256
10518,0.5960669271763828
10519,0.7158416524423118
10520,0.5844023978612085
10521,0.636397928955302
10522,0.5264873915075148
10523,0.4703038592402725
10524,0.5454297929085382
10525,0.43111402131250093
10526,0.43693408519679033
10527,0.5395353105901318
10528,0.5632951187616919
10529,0.5366251928442025
10530,0.6278030494971257
10531,0.43583899676447607
10532,0.4314768262531812
10533,0.5439161222865025
10534,0.2963248535170356
10535,0.5449408794287482
10536,0.5386831782246374
10537,0.4937337367347069
10538,0.6014767524343672
10539,0.5099640509562787
10540,0.5507713698820829
10541,0.39876902375905054
10542,0.36463217323539165
10543,0.5526014701938843
10544,0.432593481864224
10545,0.4748616044299102
10546,0.6197585245301369
10547,0.7787458745670099
10548,0.645364376101234
10549,0.5374907109860468
10550,0.466554705134538
10551,0.5294551579756608
10552,0.5875916621979861
10553,0.5073887418638046
10554,0.38056411083204933
10555,0.6337274923010511
10556,0.422108455108046
10557,0.4904773704357281
10558,0.3573017745095262
10559,0.35981197416168387
10560,0.3620298513197171
10561,0.5503689467311207
10562,0.6556683607138966
10563,0.5607364267394096
10564,0.5223667811990145
10565,0.5029020480071671
10566,0.5655878500576859
10567,0.6176866471261183
10568,0.5664380867720492
10569,0.5042909001495731
10570,0.43367428933134367
10571,0.2733195248272937
10572,0.6073563828926917
10573,0.41034382220806503
10574,0.5413430176366973
10575,0.4285778679647292
10576,0.462706635218571
10577,0.6077058450084406
10578,0.5373057287894772
10579,0.5144135269625321
10580,0.6353228757269466
10581,0.677459838758967
10582,0.6145987149302523
10583,0.37428723120685525
10584,0.4741023034423051
10585,0.4919653574427119
10586,0.4521352876491342
10587,0.6100103993112765
10588,0.38524383252258754
10589,0.5233170029614521
10590,0.4969037574142118
10591,0.5138420701946087
10592,0.41276581398666595
10593,0.4654599720843702
10594,0.5380006330205958
10595,0.4906671940621218
10596,0.4451339895877724
10597,0.5144309453881633
10598,0.4193609878439772
10599,0.48422018766786223
10600,0.4442443171812133
10601,0.3901236994369569
10602,0.4920569138159344
10603,0.6236055885600873
10604,0.4656988100506357
10605,0.40553962533312443
10606,0.540018353881863
10607,0.5088347895133811
10608,0.5692187878906144
10609,0.5308990806301224
10610,0.3864588669552724
10611,0.5291599581903038
10612,0.650486653573565
10613,0.5808912370262912
10614,0.3441327532826889
10615,0.4213311965875868
10616,0.5455513296081007
10617,0.6564433959599262
10618,0.5180840621015455
10619,0.5940826257576338
10620,0.5511840361117005
10621,0.6459110857192869
10622,0.5452802038186751
10623,0.585088329896135
10624,0.497228921482395
10625,0.541631392832348
10626,0.44668718262990903
10627,0.5275516572378376
10628,0.584944333002969
10629,0.6362993900646082
10630,0.6542761630102616
10631,0.5347431092591277
10632,0.5253961105037234
10633,0.4346316918733516
10634,0.469908184148282
10635,0.42042238019161965
10636,0.4815225150844568
10637,0.6335454467282431
10638,0.3781005570182889
10639,0.5235138303673462
10640,0.4686887008583742
10641,0.4979725964656246
10642,0.4590041716597125
10643,0.5633692617912922
10644,0.4078290288992884
10645,0.3986370122112485
10646,0.5292354124746255
10647,0.5183674472695375
10648,0.45075486530281506
10649,0.5110438657749115
10650,0.5617712509223083
10651,0.4195704728855494
10652,0.5011327318018839
10653,0.5627635033789341
10654,0.4813504499637672
10655,0.544077590723838
10656,0.5670969515753735
10657,0.5869413721552903
10658,0.4681414067394546
10659,0.5146213759671573
10660,0.4133276260796868
10661,0.48145970149286615
10662,0.40137990233895376
10663,0.3847142285989017
10664,0.43788983602930165
10665,0.5244442038159309
10666,0.455108681287232
10667,0.5163903366593142
10668,0.5848545678408574
10669,0.5568657363765499
10670,0.5729270296751461
10671,0.5736134166124753
10672,0.4171906951854357
10673,0.39310550450741677
10674,0.4202954647485964
10675,0.5745558605845504
10676,0.6328945868045311
10677,0.44034864592181666
10678,0.6101186025824961
10679,0.5634116809386943
10680,0.6807561548871676
10681,0.5431187280289212
10682,0.29609683333678344
10683,0.5615817660193172
10684,0.524863440364658
10685,0.4137299147594945
10686,0.4338374879314886
10687,0.47769990173375415
10688,0.4519475100648772
10689,0.4497213651698525
10690,0.42774989726282675
10691,0.37125211057538887
10692,0.5161016340379101
10693,0.5384479178152677
10694,0.7422424854238996
10695,0.53858581222764
10696,0.5919544184573432
10697,0.4113779664856523
10698,0.5306702548482377
10699,0.5470996213689515
10700,0.49550043562266277
10701,0.49434793684677886
10702,0.5451392259810438
10703,0.5945404262883935
10704,0.34146995783838463
10705,0.5112128763452206
10706,0.6002999562683043
10707,0.40492752842068414
10708,0.44593611300721475
10709,0.5784481466982265
10710,0.27026900875745485
10711,0.5997784660961694
10712,0.6584799382264559
10713,0.31205902434874033
10714,0.6549624600981175
10715,0.49917240011150554
10716,0.3450203564369243
10717,0.511101137322014
10718,0.6937941727865972
10719,0.3548036571158043
10720,0.4045214291015697
10721,0.5257940318842684
10722,0.5321524433508161
10723,0.4974148032132391
10724,0.5266684708014433
10725,0.4124370792864188
10726,0.44324337549459353
10727,0.6231952816981888
10728,0.5071302830760779
10729,0.5023139967059189
10730,0.478399438620679
10731,0.44876751409989885
10732,0.39160807428711425
10733,0.584859008801789
10734,0.6654689159810291
10735,0.357097079812287
10736,0.5774801243386818
10737,0.5711767386508159
10738,0.4370613637378449
10739,0.41973307432833296
10740,0.48230407239031764
10741,0.6919475711622289
10742,0.5733645096872797
10743,0.43069294022987487
10744,0.39561642821253135
10745,0.5482009882133794
10746,0.5942464884075084
10747,0.6483923526438268
10748,0.5839619153381617
10749,0.4937051027578414
10750,0.4171927258322368
10751,0.5001001387085803
10752,0.5067697388269626
10753,0.7363734862130517
10754,0.508081355030647
10755,0.4999953142839244
10756,0.5495998868221389
10757,0.5763788042357114
10758,0.5211849024229083
10759,0.8453860083998417
10760,0.5262564272079343
10761,0.4776153974924234
10762,0.5484457709230708
10763,0.6928517768723715
10764,0.563733106761946
10765,0.46037257822566924
10766,0.5182080883182199
10767,0.3964400993105604
10768,0.5774040135209494
10769,0.7136157965780988
10770,0.5914416143130463
10771,0.5274441045104343
10772,0.48356221485714657
10773,0.41146772855042724
10774,0.5394840671838504
10775,0.4127710283171534
10776,0.5228593959863207
10777,0.41202989498722875
10778,0.6008147509432258
10779,0.7226695024463871
10780,0.568338584282353
10781,0.5608536968486759
10782,0.5461861274654372
10783,0.5892665080019492
10784,0.4317107988160224
10785,0.5262819044653543
10786,0.5968499321910404
10787,0.5335964997107102
10788,0.36629177225737136
10789,0.49100733422730386
10790,0.6299543542918143
10791,0.5059011067423236
10792,0.5310376882062268
10793,0.8027328683515893
10794,0.4997546707032157
10795,0.4156624987307893
10796,0.41549215036634257
10797,0.49796934736222775
10798,0.6862926527308219
10799,0.4632671574862883
10800,0.5435572073161026
10801,0.6505481719237979
10802,0.49320521111919113
10803,0.517404222315715
10804,0.4713014401607961
10805,0.7702077650924197
10806,0.4972767341234065
10807,0.527080836761125
10808,0.4426026645357085
10809,0.3836257445907826
10810,0.49873882241958156
10811,0.438362181780143
10812,0.4215918884271024
10813,0.3908091201766751
10814,0.5698015677164009
10815,0.6182923554014138
10816,0.442056642557056
10817,0.4080510118038765
10818,0.4444027416412887
10819,0.5643014212307663
10820,0.5577188075173207
10821,0.5730297817118295
10822,0.5088693121163415
10823,0.6192284961291703
10824,0.45654033337632394
10825,0.42905317053632186
10826,0.35533941619791687
10827,0.4838140575365487
10828,0.43737851410785167
10829,0.5093552885466575
10830,0.42946643320811195
10831,0.46723763625138093
10832,0.5294130797761878
10833,0.4634374271066005
10834,0.6258454144365304
10835,0.6650423975930715
10836,0.7965051919446727
10837,0.46537928870505385
10838,0.5228816894234651
10839,0.4772586553768153
10840,0.5541936424773102
10841,0.4918700445008609
10842,0.5115748373938286
10843,0.6161375011472715
10844,0.4844098193852084
10845,0.8406229752461509
10846,0.4267436952781626
10847,0.5389415943233202
10848,0.6167290185543092
10849,0.4777066440141526
10850,0.6538671609567622
10851,0.7209127542835876
10852,0.730051438950366
10853,0.5027630111175838
10854,0.3809607607568568
10855,0.5681547525937507
10856,0.587155792920058
10857,0.48709761223334613
10858,0.48340375767210875
10859,0.46944615265689627
10860,0.45894339960662817
10861,0.6519957383146284
10862,0.5042357831252516
10863,0.424266577023299
10864,0.5916217880766859
10865,0.44723184429962193
10866,0.5423917285057605
10867,0.5673999278273484
10868,0.36757445326700855
10869,0.45828516729379204
10870,0.4803565216763645
10871,0.45892740568957785
10872,0.5274153459865528
10873,0.6262581180398687
10874,0.6139968534288307
10875,0.5268165589779681
10876,0.43622739245096814
10877,0.5737796350979696
10878,0.4934489985199106
10879,0.41966998581897474
10880,0.5281249275000992
10881,0.4131710008709435
10882,0.4172321247853198
10883,0.49440874525993284
10884,0.6605898789389882
10885,0.5324317296026062
10886,0.4671494282709569
10887,0.4846329548041968
10888,0.4678931205638317
10889,0.5369918526247908
10890,0.6287207352569694
10891,0.4631933556540296
10892,0.47470838431797696
10893,0.35971673078178606
10894,0.4867296140860197
10895,0.4723670922200128
10896,0.7638076374004973
10897,0.381092570186887
10898,0.4923836955385708
10899,0.5485535346060074
10900,0.5602340296938821
10901,0.5631631128456893
10902,0.529464052705414
10903,0.33042530699968614
10904,0.5602722575957604
10905,0.5906720535832193
10906,0.6151134755446941
10907,0.3474408317077756
10908,0.44775882217335095
10909,0.4374303659159111
10910,0.6224543642219486
10911,0.41639367444909486
10912,0.5164504856134963
10913,0.5327348609770394
10914,0.7813362938223487
10915,0.6629501067943899
10916,0.6649628327252053
10917,0.5521955614274843
10918,0.6124713718616858
10919,0.48109675205516783
10920,0.5439565774435596
10921,0.4105095842117962
10922,0.6336725519834977
10923,0.3875998684246151
10924,0.5989020170185486
10925,0.4640787934184448
10926,0.5766271114260892
10927,0.4048373066800595
10928,0.49243005613889396
10929,0.5465711209653655
10930,0.5275533568180605
10931,0.6573108760592812
10932,0.3708684084897571
10933,0.40097860338993263
10934,0.39815723101430045
10935,0.4391524142430099
10936,0.6820209569032776
10937,0.6212786645910712
10938,0.4141979718049054
10939,0.7494529171328048
10940,0.5859141989273473
10941,0.38218675537610036
10942,0.41521762901402803
10943,0.4165781390759421
10944,0.4683659463446362
10945,0.5243480891441805
10946,0.46385063254993164
10947,0.3657868337435012
10948,0.43035612163319226
10949,0.5114846309958605
10950,0.5309326390368381
10951,0.375105181788005
10952,0.35608049311589296
10953,0.6868902721415147
10954,0.42783329195845937
10955,0.5453599343579003
10956,0.36621029939100935
10957,0.6501826460693145
10958,0.353303737497202
10959,0.5773810503124618
10960,0.645271501285517
10961,0.6461480812735177
10962,0.4758527821703543
10963,0.4496835582779409
10964,0.5146446748171549
10965,0.3631266519233324
10966,0.537309218650009
10967,0.5450732780519274
10968,0.563402718014518
10969,0.5342713257662483
10970,0.3952641113208328
10971,0.5530692781429414
10972,0.495403749506822
10973,0.5550838583641824
10974,0.5172321660166068
10975,0.37363685503380084
10976,0.4274052423855368
10977,0.40838461537760834
10978,0.44692544849992283
10979,0.45684092430267076
10980,0.6318855915612693
10981,0.49598445066654456
10982,0.47919703444709
10983,0.49528589293642916
10984,0.5051320687437173
10985,0.4000746473222748
10986,0.3045737149249349
10987,0.37166272610031126
10988,0.514949503448501
10989,0.6243727702246142
10990,0.38231997131296874
10991,0.5425586703254599
10992,0.6680622674324754
10993,0.7119156827015274
10994,0.6049825214963449
10995,0.5376855193111143
10996,0.47024754332011975
10997,0.5880859343148522
10998,0.4443087821205513
10999,0.6940419941008346
11000,0.38434264272845275
11001,0.4677389102591816
11002,0.44370368363730706
11003,0.6677474439230675
11004,0.5007139476755308
11005,0.49173583750246314
11006,0.48550884988985876
11007,0.6905038965350853
11008,0.38212039456189295
11009,0.5392478230420451
11010,0.51632257633116
11011,0.3435212399835246
11012,0.4907034074184417
11013,0.5083860180363348
11014,0.4145598373500581
11015,0.3802175422610523
11016,0.5856575189523725
11017,0.3614928154825574
11018,0.7170992606742512
11019,0.7630623840503654
11020,0.6494961092931835
11021,0.530024024054999
11022,0.7451192324000233
11023,0.7225374292050801
11024,0.513563304614338
11025,0.6802416088672847
11026,0.4464451320579766
11027,0.4725251272427602
11028,0.3501389886084793
11029,0.511228777146804
11030,0.47826169429945087
11031,0.5086471636377848
11032,0.4072366926125437
11033,0.5320702989640732
11034,0.4275570964418423
11035,0.5078199131174576
11036,0.39419883829744956
11037,0.6008908079496722
11038,0.5107265100233754
11039,0.44558959708342455
11040,0.6011406292014787
11041,0.47338273005560666
11042,0.5073696439208987
11043,0.5492747134370062
11044,0.40719982041256186
11045,0.389930825556218
11046,0.5622376849221266
11047,0.5406505032767018
11048,0.5578629043576184
11049,0.5957657956588707
11050,0.5108689557490773
11051,0.5327278562588237
11052,0.5605149713737999
11053,0.39309153047819934
11054,0.4806798086591053
11055,0.5657125720739333
11056,0.39988123948307697
11057,0.5021129604749419
11058,0.3637004256673233
11059,0.4021681372605665
11060,0.5171098982350971
11061,0.42200566852756183
11062,0.4851840158326759
11063,0.5651784450191876
11064,0.43791007465162685
11065,0.6548986553208835
11066,0.47320843201782464
11067,0.47709248569307233
11068,0.464913057761158
11069,0.5064894055066527
11070,0.4961873573794382
11071,0.5375443854975774
11072,0.5528883712734013
11073,0.45055432216160474
11074,0.4190246743534721
11075,0.47946965348946213
11076,0.5755135456605882
11077,0.5605176841474547
11078,0.6679345333865381
11079,0.4627173121356017
11080,0.6060388346907636
11081,0.5460343448819949
11082,0.4855559782195259
11083,0.41652120729932374
11084,0.3213026825579396
11085,0.5759553814466348
11086,0.7447130843923483
11087,0.7488850192292328
11088,0.4071247907480563
11089,0.5479069442814265
11090,0.429663614556972
11091,0.4241313700537509
11092,0.48292358301498295
11093,0.44496457489291424
11094,0.49912193247975517
11095,0.5350196564321157
11096,0.6464045729488926
11097,0.5575635041590439
11098,0.6291788164817377
11099,0.5291513119367905
11100,0.4469486563611062
11101,0.5266148280849036
11102,0.5715445781819883
11103,0.394474248614642
11104,0.5497667693805453
11105,0.5344625779380369
11106,0.500094438180052
11107,0.4071604662933678
11108,0.5562363541697768
11109,0.46281565026695043
11110,0.4035813173907286
11111,0.5043315131983561
11112,0.3068313813028636
11113,0.4061215358317076
11114,0.6165504728591085
11115,0.45572487808462503
11116,0.4892850595414243
11117,0.6254061798271374
11118,0.5199487784777274
11119,0.4464675923379506
11120,0.4627909277726404
11121,0.7280647040611521
11122,0.49826009416918116
11123,0.6038801732331194
11124,0.649971733298728
11125,0.4064650436643658
11126,0.5225501544306991
11127,0.5778765726528013
11128,0.46668778797923177
11129,0.6166920490623314
11130,0.4404626859875319
11131,0.523488103562553
11132,0.5718566854017297
11133,0.5877027148066071
11134,0.5258829649016561
11135,0.49117403462492487
11136,0.3848197631759993
11137,0.4912365855897712
11138,0.5049143673913307
11139,0.5144975077474772
11140,0.5521684337490526
11141,0.5501300593759004
11142,0.4402294254927892
11143,0.7140427069420752
11144,0.36187015992600235
11145,0.5034564757477354
11146,0.6954550945572789
11147,0.47998034672261547
11148,0.612675693203078
11149,0.4779313558546518
11150,0.5567356606806093
11151,0.5013082890973551
11152,0.5052198051815227
11153,0.597167043136472
11154,0.44828463086909315
11155,0.3690953927770795
11156,0.5153806905893299
11157,0.4815649176099702
11158,0.49077052942725546
11159,0.6135690197825961
11160,0.7125436204658813
11161,0.4179018275710936
11162,0.39138037880554716
11163,0.3998563064960725
11164,0.451118403726409
11165,0.38150655408368195
11166,0.49768057785961034
11167,0.5550723938647989
11168,0.5342749418421444
11169,0.586166282424035
11170,0.44370097439086
11171,0.5616962743853344
11172,0.522656960896437
11173,0.502459649601123
11174,0.6289487255802317
11175,0.4923402335638723
11176,0.4732003566811362
11177,0.6331283860089785
11178,0.4775236456139752
11179,0.6221846470796123
11180,0.4097114356664833
11181,0.47366185073659134
11182,0.5688789143659894
11183,0.4640827985821104
11184,0.3395986433148413
11185,0.5822111275707516
11186,0.5355807526249702
11187,0.3586413958007666
11188,0.5738092424110097
11189,0.4606959197918526
11190,0.4572111107864949
11191,0.4218916808377252
11192,0.6086224123106746
11193,0.44946164514423714
11194,0.4920266724784337
11195,0.6008566274766466
11196,0.5213101732810874
11197,0.5446292540359303
11198,0.616994300252774
11199,0.5561674571298063
11200,0.4188227616922329
11201,0.5644304896413025
11202,0.5434895199252268
11203,0.5689114815707507
11204,0.47519392786912984
11205,0.4125240408285295
11206,0.635409894561059
11207,0.5521133032979071
11208,0.6678960127329487
11209,0.5613301351662185
11210,0.4192112817092921
11211,0.5502387592963952
11212,0.3694093194269986
11213,0.5143541043418987
11214,0.4721056482493409
11215,0.6972158541077565
11216,0.7220327305708731
11217,0.4008483828503635
11218,0.4055808411357898
11219,0.3947199000493431
11220,0.5722623662538867
11221,0.5060387563951507
11222,0.3936847042194068
11223,0.6357681861279276
11224,0.48908278517406806
11225,0.5696681144705551
11226,0.4403578832045143
11227,0.544802002023542
11228,0.45141377664283927
11229,0.4571596125889418
11230,0.450887914687584
11231,0.46266538140847835
11232,0.5997295746959985
11233,0.539231482000949
11234,0.4593804617456819
11235,0.5469917650476064
11236,0.6184034633212147
11237,0.7313323598514421
11238,0.47331904190077
11239,0.6004174058989225
11240,0.4406585065451183
11241,0.42465092538419447
11242,0.39650559241720046
11243,0.4644399885201932
11244,0.7746529601381482
11245,0.3919567347247182
11246,0.4691997779394076
11247,0.3100843494553578
11248,0.45993846428541363
11249,0.510573646529238
11250,0.4016083666095766
11251,0.5133500047915476
11252,0.39887211569375663
11253,0.5411660133435439
11254,0.409118372956422
11255,0.4995399171537706
11256,0.40027541468114236
11257,0.26844333301399537
11258,0.5331734725072419
11259,0.5070523649642463
11260,0.5122695092957066
11261,0.5284130832819096
11262,0.48595241163033526
11263,0.5152996182642994
11264,0.5493000315148553
11265,0.4912434775835901
11266,0.524876048291634
11267,0.4563268562115222
11268,0.4246927815847814
11269,0.4196317869170505
11270,0.4673338109775037
11271,0.6240509113607371
11272,0.3739712635959099
11273,0.47579341922681095
11274,0.4643006253027659
11275,0.40758083481990665
11276,0.5051504288419901
11277,0.6789185324985199
11278,0.5237588979800659
11279,0.47670582494806685
11280,0.60202081219059
11281,0.355244285187564
11282,0.5677292701688313
11283,0.6776755506833222
11284,0.5598660185020461
11285,0.6534327379960438
11286,0.4635468079798152
11287,0.6817771915504172
11288,0.5543632759984864
11289,0.4685452037165853
11290,0.5428769483811996
11291,0.5041829498225434
11292,0.5673846547379398
11293,0.5713774880794608
11294,0.3250817227769619
11295,0.40367469182328586
11296,0.5176054755961366
11297,0.4788013888710205
11298,0.5221729930411514
11299,0.42768908505272124
11300,0.5415623832422948
11301,0.5017859049282662
11302,0.4115399239191066
11303,0.44090402914811433
11304,0.515898078823312
11305,0.5707748694746182
11306,0.3149755176384855
11307,0.4202525469882102
11308,0.5580014111955455
11309,0.6661245521220549
11310,0.44985092841639496
11311,0.5054299973663333
11312,0.5950732331350704
11313,0.510925395606737
11314,0.4578479343942289
11315,0.4990237313523621
11316,0.4269873393172441
11317,0.640733317444403
11318,0.5340144441373114
11319,0.49810382183334206
11320,0.5349991675050387
11321,0.519052891471119
11322,0.49325123148665223
11323,0.4361682661185103
11324,0.6159205371744401
11325,0.5518748932870521
11326,0.37112368091234493
11327,0.6561072260637559
11328,0.5954762052920165
11329,0.413979930188782
11330,0.533624105861737
11331,0.5379708341315569
11332,0.463060406635167
11333,0.35116815815326546
11334,0.46853528965841656
11335,0.5713569786551588
11336,0.5506885079707715
11337,0.4184316855342641
11338,0.35680640087852883
11339,0.4832012627324618
11340,0.48508366002091324
11341,0.6161610731348278
11342,0.5514220365750575
11343,0.6751330624802598
11344,0.4036423068072427
11345,0.4036295616983445
11346,0.5003337742475003
11347,0.49909795445968785
11348,0.41135008679447077
11349,0.4726017134313493
11350,0.5757532412329303
11351,0.4913002326895204
11352,0.6619635958316167
11353,0.5497745528933379
11354,0.4885554726789182
11355,0.5059540557722415
11356,0.36509413515083
11357,0.4366183773888897
11358,0.5397617101119339
11359,0.5135561994419143
11360,0.48292029883077375
11361,0.3762561983049172
11362,0.42170103006682447
11363,0.5948176021576884
11364,0.545190667890787
11365,0.5483494634272539
11366,0.5219731610706626
11367,0.5030728899855291
11368,0.3990814719613885
11369,0.4997053917983402
11370,0.5636578674912289
11371,0.4800227875404625
11372,0.7978757640983345
11373,0.4881938614281773
11374,0.2567319480433565
11375,0.4202415869840708
11376,0.5103338285077257
11377,0.45078019847185
11378,0.3797729942931185
11379,0.5540065917893319
11380,0.46895167308563873
11381,0.45524662024629736
11382,0.46192543588619506
11383,0.47091548544524064
11384,0.39684134059688436
11385,0.4632231424883592
11386,0.47105981537268415
11387,0.5767804994820515
11388,0.6003396223406684
11389,0.5155849568451122
11390,0.4653420679798751
11391,0.5254559059896695
11392,0.4760560888031798
11393,0.5364359179683833
11394,0.4282749883227238
11395,0.4722822658678091
11396,0.554024615130642
11397,0.5153278597537524
11398,0.4990862991233527
11399,0.6051891311658734
11400,0.6228003136099735
11401,0.5627010329117373
11402,0.470980683482652
11403,0.6045440460984348
11404,0.45735472774445374
11405,0.5639276206490289
11406,0.4652698091519415
11407,0.3912518568828673
11408,0.39158209405684513
11409,0.4790605898900726
11410,0.5965205346430514
11411,0.5501358243068305
11412,0.5985061866157916
11413,0.3847380711372184
11414,0.4861823373949092
11415,0.5415613688861616
11416,0.4659002835071314
11417,0.506491206342446
11418,0.6827177848330317
11419,0.43506925371044225
11420,0.48122379462713455
11421,0.4701442007427895
11422,0.5511279078573137
11423,0.2872410050098393
11424,0.47797888190175
11425,0.6622010594803374
11426,0.5175881531735298
11427,0.5135313096107509
11428,0.5589578889127322
11429,0.4801695470727471
11430,0.4439351407456068
11431,0.48425511913051317
11432,0.3839572941980698
11433,0.5986236072276852
11434,0.40140929837670414
11435,0.6094232399268044
11436,0.5564856324778301
11437,0.5409119669129596
11438,0.5500352131452249
11439,0.6362846697939725
11440,0.5864371138245451
11441,0.6325968289451274
11442,0.4972711761402071
11443,0.5450986848151955
11444,0.5439857647693578
11445,0.3752677082978751
11446,0.6168847330152444
11447,0.5160809303698896
11448,0.6409224809518673
11449,0.7135031555577298
11450,0.6471700169161422
11451,0.44198676695436734
11452,0.40524290302934785
11453,0.4552392064723173
11454,0.577987287247251
11455,0.5040893705179891
11456,0.39133388024436855
11457,0.5617420267776779
11458,0.420158241363099
11459,0.5687778266609876
11460,0.5658636046407429
11461,0.3446849684699917
11462,0.4614314324660081
11463,0.7417158932322435
11464,0.46342794687881433
11465,0.5220243576664921
11466,0.4867414072907868
11467,0.5638803698264893
11468,0.5459612539344394
11469,0.4448636160327254
11470,0.4782989555202656
11471,0.48359044223429026
11472,0.4571553904385189
11473,0.39988904490198585
11474,0.6916682356190131
11475,0.5837364037362206
11476,0.4540385797302794
11477,0.5580770297261922
11478,0.47412223717720203
11479,0.5430213447356915
11480,0.4975150594307462
11481,0.5179100493289637
11482,0.46340402937439873
11483,0.748010943420933
11484,0.6085050997636053
11485,0.5273494244796618
11486,0.6116282260783484
11487,0.3673936416581629
11488,0.4626604992658533
11489,0.5071954718396076
11490,0.5503534082859445
11491,0.4889620595992683
11492,0.41454563985513
11493,0.41188271553015576
11494,0.47121508945489854
11495,0.49691850583696634
11496,0.5775639348401794
11497,0.7289126715194878
11498,0.4846956301446647
11499,0.47802624783114794
11500,0.53207495790514
11501,0.4451276784260009
11502,0.38348321152399567
11503,0.4939041814938646
11504,0.6492463868348562
11505,0.4418178792602974
11506,0.5698517005409434
11507,0.6656478349592809
11508,0.4630114233593167
11509,0.6717211159943025
11510,0.3376832728029292
11511,0.4620317664031391
11512,0.5497982527743874
11513,0.5297447090454801
11514,0.6894358611561979
11515,0.43455989198052203
11516,0.5116583529482884
11517,0.549615027417809
11518,0.4741934143361849
11519,0.4323978366639832
11520,0.4995278125911024
11521,0.5344247149960819
11522,0.6882442694966223
11523,0.3619630175880399
11524,0.5069022948697544
11525,0.7441102770247668
11526,0.39683009971590055
11527,0.5723168456764118
11528,0.6038926289536207
11529,0.5534622769924068
11530,0.5269640798307047
11531,0.466491139078882
11532,0.53204457836502
11533,0.4611231234605458
11534,0.5938755272564978
11535,0.5085030486335957
11536,0.5104200646536953
11537,0.5065366563659627
11538,0.407656921818158
11539,0.4314234542216966
11540,0.3926912168784619
11541,0.5713852948243417
11542,0.4643393570830901
11543,0.4547103107591543
11544,0.4567325363248242
11545,0.5430205896188333
11546,0.4128442040153627
11547,0.5903873360754757
11548,0.5359628799434875
11549,0.47762875551879086
11550,0.49697258751522705
11551,0.4807924694304296
11552,0.5906085967700733
11553,0.6041249794964032
11554,0.4673386518219812
11555,0.4580260250507654
11556,0.5703961211669271
11557,0.41525970404418294
11558,0.4019262032022174
11559,0.6015442236092123
11560,0.4447822794421083
11561,0.45443797533593
11562,0.6956518194596761
11563,0.6194285925279878
11564,0.6117347036961548
11565,0.581982457969513
11566,0.5310161470266835
11567,0.5256585468296797
11568,0.5286950667958652
11569,0.6555603190370591
11570,0.5225860903910623
11571,0.5627668651479759
11572,0.43510756360426495
11573,0.567089721647517
11574,0.4684526667079876
11575,0.43082966821258567
11576,0.7559567302928913
11577,0.44634627851059816
11578,0.6299724918792553
11579,0.5115163056649216
11580,0.43061275239599167
11581,0.4621698033813161
11582,0.45021331975560036
11583,0.5271667355567241
11584,0.5643715955341027
11585,0.45665400559937064
11586,0.34603725622399417
11587,0.4736868746132251
11588,0.39376164092031835
11589,0.36542277671290635
11590,0.3979370448477131
11591,0.501488003623225
11592,0.47599125038904266
11593,0.4938814032206743
11594,0.4767421996455223
11595,0.5749649969361894
11596,0.5588218443448268
11597,0.4979583033076041
11598,0.6263166090730483
11599,0.48230923180319996
11600,0.4595645500853195
11601,0.6520395782445464
11602,0.39943715523270945
11603,0.5888016318543641
11604,0.38213812356019217
11605,0.4599660450953809
11606,0.3833505660504877
11607,0.512214451595632
11608,0.5046509684625162
11609,0.5803552901536401
11610,0.5792489031971018
11611,0.7457178355175025
11612,0.46175900509250756
11613,0.3642255006079172
11614,0.5380511541637721
11615,0.6268886050553348
11616,0.5426687199671242
11617,0.3517647186934101
11618,0.5853144400742165
11619,0.5410578612935286
11620,0.43489577926815537
11621,0.5640189540083901
11622,0.5738384079501007
11623,0.5902085019125656
11624,0.39959937252145905
11625,0.4762932167559403
11626,0.40093738590805145
11627,0.468554869139266
11628,0.6240958316281072
11629,0.4707421223522487
11630,0.4647280660580479
11631,0.5617739627332553
11632,0.38169168418290056
11633,0.46262598371284785
11634,0.3999516779149042
11635,0.4276931496295487
11636,0.5507917350306831
11637,0.6193354848583735
11638,0.4401788609219897
11639,0.5554933896681997
11640,0.4801651203720774
11641,0.3580165322588985
11642,0.5610209867455641
11643,0.7236496187931941
11644,0.3278457046282737
11645,0.7098211429220544
11646,0.44686056446993383
11647,0.3855546597025651
11648,0.4918425970497616
11649,0.6362183221478805
11650,0.49547036939866207
11651,0.5096312920073499
11652,0.7795652930459157
11653,0.4549304684311146
11654,0.6024424005067084
11655,0.6484976396344193
11656,0.5720175343214625
11657,0.5238384997832262
11658,0.4372742659720916
11659,0.5665940765657779
11660,0.6123700028752578
11661,0.48954036724931216
11662,0.5333858442446778
11663,0.5252170824409875
11664,0.5481118688639087
11665,0.38960944277745113
11666,0.4748638360346529
11667,0.525686383700541
11668,0.5117092853584361
11669,0.46594358955884946
11670,0.6285117078215221
11671,0.3973435520202512
11672,0.5889496740172147
11673,0.44786100024213704
11674,0.2701857479667882
11675,0.4709883582817446
11676,0.5775257149873443
11677,0.536020626131776
11678,0.5202199415655757
11679,0.5854992137913728
11680,0.562098757538724
11681,0.5370974096317824
11682,0.343275556214514
11683,0.5401951487021021
11684,0.46522416850951176
11685,0.47795910656571605
11686,0.5430829079153744
11687,0.44071738560175444
11688,0.4394666390024167
11689,0.5484297418265196
11690,0.6023581420556134
11691,0.5064704406929473
11692,0.6640585776756125
11693,0.3309043180550162
11694,0.5666955081757703
11695,0.4539642468090141
11696,0.46640850155383595
11697,0.5899958637766441
11698,0.5404185351201878
11699,0.5370164825369811
11700,0.3626215114145792
11701,0.459557380571128
11702,0.40941515115698157
11703,0.5752963265799975
11704,0.5939016116941196
11705,0.5860889944783575
11706,0.4427006233949869
11707,0.4222185084940854
11708,0.41292366906806877
11709,0.4938255550601197
11710,0.44183217564113897
11711,0.33081253908422414
11712,0.4367804010908065
11713,0.4586021153534109
11714,0.5012246196817829
11715,0.6068249074539412
11716,0.6297769868375961
11717,0.41865298495036024
11718,0.38835772343525965
11719,0.5347562662055283
11720,0.47956387222087027
11721,0.5345127505930666
11722,0.5340151668684283
11723,0.5158565554149066
11724,0.49298680531636
11725,0.5517746592395952
11726,0.5478326442065609
11727,0.4910793316486412
11728,0.4048693052514586
11729,0.5037572543890158
11730,0.36004155666712523
11731,0.5822002358885079
11732,0.4900043739117558
11733,0.5268444775325873
11734,0.4310863859471199
11735,0.6485536500222497
11736,0.6367205607872002
11737,0.5133322686457757
11738,0.5029872569363888
11739,0.6283706949188793
11740,0.4019027916405557
11741,0.39894442036781314
11742,0.653215474544214
11743,0.6140746616522946
11744,0.45570081956953007
11745,0.691949341771231
11746,0.43950987726612967
11747,0.3229253977128349
11748,0.4810222539781991
11749,0.5224694010123739
11750,0.3858851440515555
11751,0.372553337640686
11752,0.5313684399994175
11753,0.4623672611169072
11754,0.3995026390829767
11755,0.5829548828315307
11756,0.4085728365110223
11757,0.6920485401948555
11758,0.5731829904620883
11759,0.5145308595184733
11760,0.44512226065822774
11761,0.42856757917328314
11762,0.5148953663363868
11763,0.4769640813435873
11764,0.4972652467436425
11765,0.3425573899914506
11766,0.38396838459892646
11767,0.365661118222699
11768,0.6648621103180135
11769,0.36507460054698215
11770,0.6366769025580574
11771,0.5470088929523151
11772,0.475768908949993
11773,0.45574536259063575
11774,0.6934796550385447
11775,0.5244166999960875
11776,0.3913457015084233
11777,0.4233502953118544
11778,0.3559667823727638
11779,0.5258064751913161
11780,0.6754686782147131
11781,0.5025561860916333
11782,0.4657486719133114
11783,0.376656306654339
11784,0.4050004638457323
11785,0.4492255915486678
11786,0.5405248363451881
11787,0.5432778767962402
11788,0.48691194205444643
11789,0.498361701029622
11790,0.30744764245596745
11791,0.4000217258740073
11792,0.5004397362282437
11793,0.6279551332865202
11794,0.4983599649275003
11795,0.43397750323476575
11796,0.4813556058130925
11797,0.49445467811238647
11798,0.8336143807469837
11799,0.7312341757348382
11800,0.38617429923576396
11801,0.3643235349360264
11802,0.5773549997034949
11803,0.5074270126760252
11804,0.4775323004227672
11805,0.6050312836330143
11806,0.43634239294223454
11807,0.5984213676250062
11808,0.5251677390195066
11809,0.4995923531870672
11810,0.5043163785375835
11811,0.6075820625659984
11812,0.32757150478581776
11813,0.5516977888734647
11814,0.42091480928928937
11815,0.4649652393680577
11816,0.5343095817172122
11817,0.46802522271900104
11818,0.45942139683273864
11819,0.5429260125841543
11820,0.4857769153226687
11821,0.3967147479164227
11822,0.5976664179707549
11823,0.5786663819929645
11824,0.49730821685503
11825,0.4943285357539796
11826,0.3890681804833733
11827,0.43970844814818033
11828,0.5448965702594327
11829,0.4846499570998279
11830,0.4663973715824905
11831,0.6149843376996659
11832,0.4454199749242993
11833,0.5726687378667032
11834,0.45605415183300524
11835,0.5071729422638637
11836,0.7586685057770337
11837,0.34404331359775775
11838,0.3206941743224794
11839,0.5049789251283026
11840,0.3862149233311234
11841,0.31635062600658226
11842,0.6103481786489078
11843,0.49532699930487567
11844,0.5411627805375763
11845,0.44399977269165436
11846,0.5481052718262904
11847,0.45200297319343496
11848,0.5899036857390093
11849,0.4662193690417239
11850,0.6078480300252908
11851,0.6108812584563135
11852,0.5622455979756099
11853,0.5459423242535968
11854,0.43916152425897426
11855,0.517716204185426
11856,0.5214077439933262
11857,0.48074383496927053
11858,0.4924917713604194
11859,0.48282719400129887
11860,0.4503423762204729
11861,0.4370356654869039
11862,0.5791989686728846
11863,0.3892638988570082
11864,0.5915182565958643
11865,0.6004942291369603
11866,0.43992905927032633
11867,0.45238421777840515
11868,0.5180183850779672
11869,0.5109234355933858
11870,0.5317853406347591
11871,0.4991146831024443
11872,0.5674444435312747
11873,0.4621753584861538
11874,0.6737223542377081
11875,0.46345682596861887
11876,0.4955093970308495
11877,0.6140712636538136
11878,0.5512588326885274
11879,0.5390848048014809
11880,0.5601564642324657
11881,0.31943785272209
11882,0.46592028245898753
11883,0.5616756853796251
11884,0.5095639038547252
11885,0.32687106095644014
11886,0.5846854038149472
11887,0.504058781096473
11888,0.6600505018562479
11889,0.6452947092917889
11890,0.5593016306488514
11891,0.7212130625825507
11892,0.41634948624384366
11893,0.4777451410116769
11894,0.6203574491578396
11895,0.5087070597317473
11896,0.6790222390872908
11897,0.48494710161503096
11898,0.6472541273087101
11899,0.49382161278113085
11900,0.45351113064570703
11901,0.5835753496865885
11902,0.4438199042338663
11903,0.40409070390930824
11904,0.6617780744648246
11905,0.5996314331873797
11906,0.569829114936175
11907,0.5456757003855603
11908,0.276007769893551
11909,0.5237677136478655
11910,0.4736324483570834
11911,0.532819047829278
11912,0.5448928072312011
11913,0.2761250419902399
11914,0.5510063204879814
11915,0.5000769509313566
11916,0.45923986266070843
11917,0.4918824834551789
11918,0.4559146884840142
11919,0.4402393684457664
11920,0.5152335942879631
11921,0.4814137016249957
11922,0.5132195443227877
11923,0.7484362492454546
11924,0.42720157117895735
11925,0.4847211559509397
11926,0.6630922043356196
11927,0.4569955330839351
11928,0.500354982102192
11929,0.5518257843051791
11930,0.4459317584330167
11931,0.6622831559849738
11932,0.5584820545932356
11933,0.3511214862632488
11934,0.45624893899922336
11935,0.4404894909141243
11936,0.7309255802061516
11937,0.5761120635563988
11938,0.6850283141215467
11939,0.5018917675609402
11940,0.48356665324461884
11941,0.6046719280568654
11942,0.44176403144167686
11943,0.8046444572331911
11944,0.6137219643801097
11945,0.5574719884694093
11946,0.5005282883511498
11947,0.424995711780529
11948,0.44884912794027376
11949,0.2881814898081011
11950,0.4943769382025197
11951,0.46545315230687456
11952,0.5945909248530705
11953,0.582151780551277
11954,0.5151787741740993
11955,0.5127680255996031
11956,0.4001214682080789
11957,0.6318432502156973
11958,0.469958689722924
11959,0.6389957689315785
11960,0.5408740599258974
11961,0.6387516624600278
11962,0.5734943072946758
11963,0.5202065692534131
11964,0.5471747431559218
11965,0.41943438100241326
11966,0.4286400217255592
11967,0.4913849480725898
11968,0.398980457215087
11969,0.4524550285607037
11970,0.5055361295509239
11971,0.47591263741513967
11972,0.5341666767784321
11973,0.6781417181817664
11974,0.5118264553541466
11975,0.4847101901312276
11976,0.5305527258218496
11977,0.5408823132154318
11978,0.43056372697789647
11979,0.7128901291327663
11980,0.4295290513894693
11981,0.4343112875262423
11982,0.4474630720279233
11983,0.5954865280827378
11984,0.6056377437585527
11985,0.44445830350264875
11986,0.7002049982939723
11987,0.5041690779360671
11988,0.5691200885115715
11989,0.5332656688060978
11990,0.3197623247283391
11991,0.47109654516846494
11992,0.4473615326615773
11993,0.5461134206146715
11994,0.5080143880832454
11995,0.553179173922598
11996,0.4767868067332433
11997,0.629523832937643
11998,0.43805936694468034
11999,0.545143729972691
