id,efficiency
0,0.4232902626451603
1,0.5627655847780181
2,0.529929270642862
3,0.4622719681663342
4,0.47710164138476313
5,0.6729066634532983
6,0.5998922196435839
7,0.4837502605228261
8,0.46847553034187056
9,0.4720419379401718
10,0.6137600898951726
11,0.41661621153858924
12,0.6107864226940285
13,0.7580819469114091
14,0.5575456792299802
15,0.49963615150280605
16,0.37452292783342134
17,0.37717182358070045
18,0.6720846301134945
19,0.5395762508493107
20,0.6040261516541701
21,0.5121427073022397
22,0.6553498396027613
23,0.4655322237186592
24,0.5844408648267488
25,0.3997497422154957
26,0.6218384438607597
27,0.6496650379691262
28,0.49132570443859913
29,0.5150965999812789
30,0.6380154934032782
31,0.6550865273583277
32,0.42501607305075134
33,0.5096317725238634
34,0.6591501586322474
35,0.46671068958687373
36,0.5104008467134706
37,0.5181975749613627
38,0.4190131552970233
39,0.4611500665459917
40,0.4525876680671682
41,0.6317405136023637
42,0.7836256337871347
43,0.7034616527066015
44,0.6053440275249868
45,0.6481720929384136
46,0.5780055808149568
47,0.631331446615681
48,0.7419326200014108
49,0.6907507304124236
50,0.5571724498532582
51,0.5024986921504041
52,0.6239902476627476
53,0.5985351771268935
54,0.4907934719130567
55,0.46473791853209323
56,0.6663403496818358
57,0.35390659917114575
58,0.40090958611185773
59,0.5045452193210412
60,0.48519447993367765
61,0.4500395790181442
62,0.585259376458005
63,0.5812011018597463
64,0.5444023155826966
65,0.8108336631232165
66,0.48877077636171107
67,0.7067347858221015
68,0.38023987641430335
69,0.4473877732830296
70,0.6701076137715277
71,0.5716698310380014
72,0.4321726562128263
73,0.567886738933089
74,0.468138053085246
75,0.5265154370312622
76,0.4665840056298606
77,0.4255574291933629
78,0.44554457680465165
79,0.411152109771194
80,0.41167600863947373
81,0.4632818652111472
82,0.6835415345979907
83,0.6713871867608243
84,0.4098564200397755
85,0.7401952479019759
86,0.6439211327553029
87,0.5166595480770957
88,0.5467377012020572
89,0.46776442303755944
90,0.6157610613697069
91,0.7358074891297843
92,0.553114394567628
93,0.5772470879924025
94,0.532287603113874
95,0.4369608089583795
96,0.6618322981459667
97,0.37993691650541295
98,0.5582096941647703
99,0.8497579270781174
100,0.5275518668416503
101,0.6892243262104868
102,0.5233143636671266
103,0.4861407369642628
104,0.443286197061887
105,0.5186579645789909
106,0.6104665077423416
107,0.4263712679022234
108,0.5010946384904458
109,0.654331174743472
110,0.46197655662089904
111,0.6805124656643082
112,0.5904242934715969
113,0.4208709144562003
114,0.5350876970666476
115,0.6185024831728247
116,0.42252517715199095
117,0.6863935020375522
118,0.3991742587766232
119,0.32560674520713584
120,0.5689396248119837
121,0.5482770748475879
122,0.37514489037081594
123,0.4343702530786482
124,0.6745462956057386
125,0.4825141983321596
126,0.5361912178045422
127,0.6086434347218931
128,0.6035483860064484
129,0.626159492714786
130,0.39545240052841085
131,0.4822101696327876
132,0.6639401870904118
133,0.5748333250866599
134,0.46731715714910205
135,0.33550128333826423
136,0.5834199099593523
137,0.6722587529457706
138,0.6476465621285638
139,0.44605179456033983
140,0.4796625786565396
141,0.5210309524169574
142,0.4755074378632208
143,0.4697872954187719
144,0.5255459344938632
145,0.445007826294723
146,0.5282766913101807
147,0.4639326973598862
148,0.46948088801953647
149,0.5412460985713953
150,0.49222203326555175
151,0.537044988796099
152,0.41032284871649355
153,0.6310166108608681
154,0.5422350721998083
155,0.37259486471164216
156,0.5330918688869605
157,0.5597632589681827
158,0.29580028780344425
159,0.47394111519375504
160,0.5351102543646246
161,0.5128176591502198
162,0.8929493704611872
163,0.6046052695078832
164,0.7165276155735564
165,0.7487521561621309
166,0.5774054190256241
167,0.46348712709909484
168,0.43805379168123076
169,0.4674602558729216
170,0.6105160060759518
171,0.5121012768857351
172,0.6082993087492325
173,0.6724992361081896
174,0.5707005252747676
175,0.41335064143881306
176,0.4949922110167412
177,0.6234345059577111
178,0.5159766476257233
179,0.5600526176344668
180,0.4735147308703732
181,0.561081183213405
182,0.3977193856950697
183,0.4690343830521607
184,0.6187230447019256
185,0.3588104038664919
186,0.49779614324754734
187,0.39265046121534203
188,0.5300794359481525
189,0.4157287668528207
190,0.5569184169414284
191,0.680276129389709
192,0.4719448933625789
193,0.43563215430635377
194,0.6116818546623324
195,0.3982114153048415
196,0.49354816298557236
197,0.6677990132261085
198,0.7071570224428732
199,0.5921770176201948
200,0.6173718561629856
201,0.5022770452151109
202,0.5019512401461372
203,0.5595388910914899
204,0.5660551965380096
205,0.5016231822183228
206,0.5220497056936413
207,0.44473298711625064
208,0.31314278735675427
209,0.5921452168226434
210,0.39223469765448526
211,0.5641475796599761
212,0.4107651837798327
213,0.438873465932562
214,0.4526503596610061
215,0.5286274682498097
216,0.42293862768810125
217,0.41649045810186286
218,0.5589434562783506
219,0.5347997818541309
220,0.5971385054355112
221,0.4653512616869774
222,0.5076884437587287
223,0.6996564074834829
224,0.4467166209059847
225,0.5692085844670071
226,0.3749470591313375
227,0.4445651974596272
228,0.6395715590525484
229,0.4944364722576482
230,0.6813850977790552
231,0.5794580096239415
232,0.5976679010130045
233,0.6230738313839583
234,0.42066397785039455
235,0.41615008850522145
236,0.4391898001232153
237,0.6403168122568834
238,0.45704189292089925
239,0.5782545248411713
240,0.6226022153085924
241,0.5250914653726697
242,0.6890371674890245
243,0.4889280328663549
244,0.5051567804831136
245,0.6575400427416485
246,0.6887502793733723
247,0.6581462908919494
248,0.46624344624065966
249,0.553139594412562
250,0.42642908018296166
251,0.5344947499013338
252,0.4321707935355178
253,0.5482620634275176
254,0.5040381555091348
255,0.43853681056659743
256,0.4742087687936388
257,0.607656085929986
258,0.669148845291846
259,0.6727325157178433
260,0.5071463719338924
261,0.4691327608234441
262,0.34918765928908413
263,0.6580668243006725
264,0.2741220153107819
265,0.49391724406503545
266,0.4359739475827596
267,0.5103677646466704
268,0.5538335240786665
269,0.8009769635253056
270,0.6621676826193186
271,0.470511730078922
272,0.7290572050092641
273,0.6096713022489989
274,0.4942762967783964
275,0.49903887837675487
276,0.5590692067971872
277,0.49579346118054923
278,0.568034560580322
279,0.5309389542050305
280,0.41169411689317287
281,0.4900146697189651
282,0.47571514792567066
283,0.7060764233057908
284,0.41141192326307474
285,0.5177454002351203
286,0.43956495066598555
287,0.42444126119806325
288,0.40003224169531015
289,0.5436795812069012
290,0.5803539285904186
291,0.6236432149963324
292,0.34327554558836254
293,0.4944271334509846
294,0.4641429046821097
295,0.5891192034932151
296,0.5526604477442466
297,0.5662056910423813
298,0.39681940534889293
299,0.6618390437625983
300,0.43857772975796794
301,0.4832668040357264
302,0.5078365825594336
303,0.55607613195283
304,0.5548317760601357
305,0.35854619442479446
306,0.47482517070505925
307,0.44413911793819955
308,0.6999340942324226
309,0.5612463629512334
310,0.5279756833327328
311,0.4061693765942438
312,0.5493513578213994
313,0.48662907909480746
314,0.45191279874359064
315,0.4662797946876878
316,0.4240650672808452
317,0.5077899201452503
318,0.3597166614330714
319,0.4696788292883048
320,0.5594908558079595
321,0.5655925113707517
322,0.5970045606815265
323,0.39597257687573634
324,0.5311779609171406
325,0.45124040198256526
326,0.6813052908119732
327,0.5329813772786428
328,0.47482467242976584
329,0.4047425174285766
330,0.6452947088470943
331,0.48329861625961856
332,0.5145899171126033
333,0.5667497622013433
334,0.49473446683519356
335,0.597476860420597
336,0.4424581971565768
337,0.4818371892020018
338,0.5398541884562659
339,0.5024858207188049
340,0.5359725227674379
341,0.41866835107566464
342,0.619595766108539
343,0.4773297142076705
344,0.32852809775139535
345,0.4574868308679888
346,0.5053591346908275
347,0.5201476928696388
348,0.5036308340564308
349,0.574542977022726
350,0.5254132373970921
351,0.40369692984115807
352,0.47161682030378665
353,0.5471322474745932
354,0.5988524657027853
355,0.5260234344697315
356,0.5160282050186806
357,0.5045311213632306
358,0.5585333465515439
359,0.4476244634226381
360,0.6700277653120889
361,0.34717616746121327
362,0.6890730491115571
363,0.5529279039429239
364,0.6997060177677247
365,0.4749484848385639
366,0.6655832610023625
367,0.548723162803529
368,0.49252498819936086
369,0.47317140852042777
370,0.4807003507954293
371,0.4356782995774083
372,0.4734867826077303
373,0.4472450908815033
374,0.8102407301636367
375,0.35064057282818484
376,0.48748979050421926
377,0.5456007201311754
378,0.6392606138494958
379,0.6352259160166748
380,0.5270077051852463
381,0.4961578083706717
382,0.5707611300811095
383,0.5397968142516123
384,0.589162803830535
385,0.5413859700630653
386,0.4844230981247877
387,0.29229965222825144
388,0.5817169633475171
389,0.6758821345185722
390,0.5562347641617217
391,0.5202212651468937
392,0.7249507845953187
393,0.5985725474991778
394,0.5389464893054392
395,0.523174229486457
396,0.3674602220526587
397,0.5129562037681623
398,0.5803499088379565
399,0.49511485583298626
400,0.4843128249863947
401,0.7234523607653284
402,0.44805628520955826
403,0.5725514638840787
404,0.584167281765459
405,0.3956117592104137
406,0.4099422442230628
407,0.402881427023673
408,0.5917294359308438
409,0.5422226671201501
410,0.46438504398126546
411,0.3869751232665736
412,0.6251123672901886
413,0.5079559547511577
414,0.5336970285458151
415,0.48443994167561527
416,0.4654510760227373
417,0.6098117466067716
418,0.486783817401493
419,0.3861805264168026
420,0.5392598744824141
421,0.5296095499429263
422,0.4251440868753079
423,0.5154831318820804
424,0.5130318505013765
425,0.4137466746881664
426,0.4184700544729913
427,0.3546314721557131
428,0.6889795056415676
429,0.6120571836516335
430,0.5269987943121901
431,0.5841387636978034
432,0.597212980195141
433,0.5144513192889619
434,0.5066713949717527
435,0.5411926921687688
436,0.6327400138812802
437,0.5167323730995147
438,0.616961373750059
439,0.6240396116860629
440,0.6694113506326134
441,0.42986258592859394
442,0.40108811791792703
443,0.5252905070673511
444,0.5347793362775265
445,0.4327244481335703
446,0.5173165879238539
447,0.40714355474750064
448,0.5131650766170429
449,0.4244904918755007
450,0.4657074878071596
451,0.3612977089649876
452,0.4216981453918902
453,0.6090064462729893
454,0.5146712687049524
455,0.44443052238667724
456,0.5650828306190034
457,0.6991132713194174
458,0.5137612476704272
459,0.4965494882946928
460,0.589682112073012
461,0.4974643266661393
462,0.37552507925994183
463,0.7417146803758067
464,0.7312410597608378
465,0.3811811230964368
466,0.43186166861274544
467,0.5224183272920789
468,0.5458205668514788
469,0.6028086293113957
470,0.5038084121670884
471,0.7179696307844958
472,0.5310304542480063
473,0.6943540745735269
474,0.6076688216959303
475,0.35294367294248863
476,0.5471770046256095
477,0.5080924399558481
478,0.6560304584712389
479,0.6532398008559555
480,0.40255260346191823
481,0.39665078034176304
482,0.5709678354174187
483,0.6590903084903993
484,0.5466242196179713
485,0.8164376360367951
486,0.6583089478102171
487,0.5724226158725838
488,0.5448094099435261
489,0.6763485749540786
490,0.6026826320466904
491,0.5234867201013417
492,0.480309062105794
493,0.2857495497695556
494,0.5272569900674181
495,0.555316073267921
496,0.5464597794877628
497,0.651338111726723
498,0.5474183924070439
499,0.3248661745877624
500,0.777363986543864
501,0.5189784843056865
502,0.4881928686776702
503,0.5454373716686778
504,0.5705044745981334
505,0.5224396210815638
506,0.5600481143264303
507,0.5269586578181766
508,0.4733320818887923
509,0.6686152574092525
510,0.5101162840578576
511,0.4947964885253121
512,0.4867777554455201
513,0.543384425427604
514,0.6020960557416719
515,0.43040380360889136
516,0.28431786372632434
517,0.6943887256555048
518,0.42693557665790777
519,0.5346033496006891
520,0.3256853435094358
521,0.5922417183984505
522,0.616416613951181
523,0.5975010330439522
524,0.49655031037739183
525,0.3846048514354305
526,0.49370747350484184
527,0.48916766061179284
528,0.44051679167266755
529,0.426133334756737
530,0.5002143320130302
531,0.7078603883224286
532,0.4503532858800429
533,0.544583856297875
534,0.5289858290642169
535,0.44824407707492686
536,0.6188554772931095
537,0.4948136627224322
538,0.5359255198174215
539,0.5765428188614905
540,0.5339040405709338
541,0.5059080976136658
542,0.43552287813737117
543,0.5705736256348215
544,0.6021992640783154
545,0.45378367083465254
546,0.5368049744641951
547,0.6422660565313301
548,0.4795329765195291
549,0.5593462796515747
550,0.4566232318164812
551,0.4006047416990185
552,0.768109910090601
553,0.4673768538119416
554,0.5043098215146219
555,0.3957593130556439
556,0.4599617563336391
557,0.530312617714789
558,0.8056253362282763
559,0.43049681948416424
560,0.3727475168329336
561,0.6218703264524512
562,0.46290641293869894
563,0.5824475573361123
564,0.5376235918641629
565,0.5040413764444106
566,0.5463298408083228
567,0.4633022593489508
568,0.41015002871604256
569,0.459234068366881
570,0.4138115961958485
571,0.5292137637094868
572,0.34622166311080715
573,0.49748182379638856
574,0.56852367181316
575,0.6078563495686748
576,0.5432114826771097
577,0.5668724824342377
578,0.5010640167775304
579,0.7132080911461528
580,0.4853541770367091
581,0.6680617457366836
582,0.49155113937635725
583,0.5027079799338233
584,0.5317876891335951
585,0.46050843153844045
586,0.4749212796012752
587,0.5126733883155992
588,0.6499451677696598
589,0.5446778828934158
590,0.6762564054076465
591,0.42801201928412014
592,0.42457391738172884
593,0.5803897417991878
594,0.6447827345099216
595,0.47264113817290765
596,0.5023081735601305
597,0.8053669228807849
598,0.6385575881834764
599,0.5152985503779213
600,0.514775668364842
601,0.46156174539033246
602,0.5748781686904577
603,0.487693220403606
604,0.5327847297334762
605,0.4736729533296248
606,0.4646642175517834
607,0.4951436058292059
608,0.38474858009539814
609,0.6359401933126951
610,0.44617609757340415
611,0.5165811635687763
612,0.4723723454604126
613,0.6562979383686403
614,0.5008011724854428
615,0.5603751672227772
616,0.4098076270155297
617,0.6204160074899809
618,0.52439919760077
619,0.558709124872918
620,0.4106892032148717
621,0.4990957784071794
622,0.5088606460999636
623,0.604493589524498
624,0.5061328107401883
625,0.34643969497807964
626,0.6144428307397657
627,0.5017897901886446
628,0.4861030644157726
629,0.7549709324539243
630,0.27171018031466304
631,0.598090292129226
632,0.6649569788870693
633,0.47173583520040446
634,0.5644251041433859
635,0.5523951580832687
636,0.6084504354930729
637,0.5205916049528005
638,0.412325765930233
639,0.5843540431934299
640,0.5114200387577462
641,0.6325979711276759
642,0.5292893461072574
643,0.5811637025495467
644,0.5795162483058105
645,0.31599956091507597
646,0.4270493848610972
647,0.5602929063499287
648,0.45992613072157146
649,0.5377817539628735
650,0.3672191714079575
651,0.42601119089268624
652,0.4777778183693779
653,0.6123073048241263
654,0.6779656441445974
655,0.7287665015053031
656,0.4786895247868268
657,0.6434692287148516
658,0.5054415663619778
659,0.5970281454084188
660,0.4410157490101997
661,0.5077506473806777
662,0.43215187554708456
663,0.46691182754644694
664,0.6004349197384917
665,0.4720739932896346
666,0.49871631224045065
667,0.4953173888648591
668,0.48204399070999704
669,0.4727770712589387
670,0.5668430232761342
671,0.5148415770784583
672,0.39097311821524844
673,0.5698338154234974
674,0.5867927929100341
675,0.45478198929198554
676,0.4498260994859733
677,0.43932200317968106
678,0.5044886007647724
679,0.42549104382193553
680,0.49514638860747706
681,0.5925411642204742
682,0.5020253209504093
683,0.7683625814251772
684,0.3922938928062021
685,0.49836353627651225
686,0.3877282461149102
687,0.6331698664427055
688,0.7693807471064731
689,0.4227517987803756
690,0.4065841933285649
691,0.5486252006637244
692,0.528852819382521
693,0.43198102183425424
694,0.47090515336374555
695,0.5062144097350395
696,0.42877358943164623
697,0.4686796946062386
698,0.4709015053679844
699,0.5435430080080584
700,0.4076566454043252
701,0.544318452326052
702,0.5333807798463331
703,0.6611403520783509
704,0.5226684292553297
705,0.5121826691491016
706,0.5185913259708723
707,0.3522711108116575
708,0.3661497101229658
709,0.5442915648816504
710,0.5145563352064322
711,0.4878039434978465
712,0.46340751160170524
713,0.4938887704361965
714,0.4106032185816008
715,0.5238333024957549
716,0.7240199325468949
717,0.46122006483257594
718,0.4970154284068369
719,0.5508312730266606
720,0.44438770149213913
721,0.6091511279351342
722,0.47107288299557826
723,0.5464202359870024
724,0.4497888492786334
725,0.49567077813856003
726,0.39463646714638295
727,0.5513647514969563
728,0.48050587881428247
729,0.27920122049100005
730,0.5736314090693726
731,0.4972283536340551
732,0.6721957558987869
733,0.40269265760883777
734,0.5123046939915081
735,0.46313870885548786
736,0.6844639033637951
737,0.43285953342158606
738,0.6117839341086746
739,0.6746263253699835
740,0.5560707849878854
741,0.48519358989221467
742,0.4976385654411789
743,0.5149673570031963
744,0.4864338711638409
745,0.609729366999083
746,0.5768127202360208
747,0.7405207658946372
748,0.5309560641318393
749,0.27766036558833906
750,0.45439477208624174
751,0.4942434876844594
752,0.5518486260918147
753,0.7090116876931098
754,0.44407290283434503
755,0.6523051247512033
756,0.5171683235207852
757,0.45095661538855014
758,0.537627016962904
759,0.7015046737857272
760,0.5704291652052516
761,0.5291789940630918
762,0.5077633682802222
763,0.4457041920900011
764,0.4391915777016977
765,0.5170385614769404
766,0.3858538738997006
767,0.7103687423103042
768,0.4531173883176073
769,0.49059462413006966
770,0.4817147322608947
771,0.6614754819309576
772,0.5198438299812529
773,0.5965868960739531
774,0.5406333102272692
775,0.5584671031034966
776,0.4860329573730138
777,0.5503007834780653
778,0.5704747646636962
779,0.5216083287632274
780,0.5320892518268517
781,0.5191077321674943
782,0.3967933001206665
783,0.5157567966405704
784,0.5304932892563436
785,0.6209410514965672
786,0.6297674011976516
787,0.4848005045338871
788,0.5129786898269572
789,0.4865793882524763
790,0.49869543978956216
791,0.6678984472506541
792,0.6769564361007845
793,0.4619301698859704
794,0.38483907292285513
795,0.4009799482611607
796,0.47902587762421683
797,0.5912480135043402
798,0.4504594060583249
799,0.47386688898084184
800,0.38616170575018294
801,0.6725394906686455
802,0.5310531879859062
803,0.49664379219687665
804,0.44319546044863856
805,0.6950182036273675
806,0.6761459965095745
807,0.7585719628191862
808,0.40813491207858843
809,0.5301794480056675
810,0.5296501349056392
811,0.5792324495415382
812,0.5243549084841705
813,0.5392274681170472
814,0.41502959257731903
815,0.47948499260923705
816,0.45457551694135445
817,0.5008049660013881
818,0.4798059117716903
819,0.42525255420876223
820,0.48463957815298647
821,0.5085116638917677
822,0.5924899106481557
823,0.671980100259443
824,0.6432128741392742
825,0.5542381287210074
826,0.52975905298413
827,0.38110809114690375
828,0.39213674268202586
829,0.5179614788850925
830,0.4136780000038944
831,0.5373246454494167
832,0.5262494820890955
833,0.5356057869918615
834,0.5686345725548452
835,0.6192298838767432
836,0.5204587654017577
837,0.6061487549652986
838,0.520728886466476
839,0.4124339876920984
840,0.6473154215424362
841,0.6373590369834607
842,0.6035790839748558
843,0.5418406539475111
844,0.60160901599012
845,0.5412220401590461
846,0.5478922846716309
847,0.622484147922961
848,0.44668897387587986
849,0.48177505400171106
850,0.48493453796738173
851,0.6304284087040118
852,0.44133455163173274
853,0.5037621193848993
854,0.5254124684864931
855,0.44372769205648943
856,0.2885302879590522
857,0.4816952671653097
858,0.5826824984876223
859,0.5869315585990283
860,0.6523978411424641
861,0.5521870666102648
862,0.4689922555416975
863,0.43859196890055807
864,0.5947493266742447
865,0.5334543012669161
866,0.5694343054691704
867,0.5902969948413318
868,0.6417514136663611
869,0.5015437341033294
870,0.5302969064802331
871,0.668122767839232
872,0.547907892513256
873,0.5401299356662144
874,0.3966594363512151
875,0.6656033000695801
876,0.5558453761327133
877,0.5424910506895051
878,0.5724290790371179
879,0.48608898817982626
880,0.5617340298346029
881,0.6245125047395046
882,0.505695738367416
883,0.5070570527701582
884,0.4608822155632914
885,0.5137573008850767
886,0.45946762607839026
887,0.5411637527965163
888,0.3757643875256888
889,0.5555259278615274
890,0.7463393394681466
891,0.5532705574533973
892,0.569784857297017
893,0.45686907172585156
894,0.42902749731335216
895,0.4894861491369391
896,0.5401509126630888
897,0.47683071078638745
898,0.5400740472382629
899,0.6124143858910568
900,0.537122690393708
901,0.48337139110531313
902,0.6009339945317635
903,0.5698754271618692
904,0.4992585659607198
905,0.5643209334906506
906,0.5196727860118177
907,0.4140923672734585
908,0.4927690383543387
909,0.6113048724574112
910,0.5998474567232873
911,0.6774293947428762
912,0.5781146822736557
913,0.6210951690716692
914,0.6255418385323308
915,0.42498442523768865
916,0.5457477769407393
917,0.4193909214482789
918,0.47278178230138734
919,0.38064478733881874
920,0.3192901364007327
921,0.4602016356900464
922,0.3709116701006282
923,0.6034494308066845
924,0.39142467106328027
925,0.4089213766553144
926,0.5335808350301924
927,0.4287897595956292
928,0.41974498045673103
929,0.4537539850283369
930,0.5397813500242207
931,0.4351203157637518
932,0.48175439168818784
933,0.5128560679300749
934,0.8799769054906175
935,0.5231989139403379
936,0.4566023255663044
937,0.44810083925235095
938,0.5641714691463342
939,0.5727330166832003
940,0.5529867914639806
941,0.5666787941037144
942,0.37837862513171916
943,0.5844542200766081
944,0.5450444763469618
945,0.47132233119986355
946,0.6696889825322299
947,0.4984793172248905
948,0.573075611254241
949,0.8225340353330095
950,0.5535315655329878
951,0.359908853392776
952,0.4344348592734412
953,0.6947670217541632
954,0.4321190961700999
955,0.6386365998426916
956,0.2910885455052086
957,0.47145763178534117
958,0.563437627177642
959,0.4250651764300014
960,0.5456615792707126
961,0.46285489975018246
962,0.34935023274316673
963,0.5236991496569285
964,0.499567220667321
965,0.3756071807647332
966,0.4257806279788233
967,0.6824978482041444
968,0.48489699968301625
969,0.5448446833491247
970,0.5365483570189755
971,0.4920649728379233
972,0.5016299571493301
973,0.5731281767187171
974,0.608479796225089
975,0.5864573368084115
976,0.4743946817599101
977,0.6893664723849408
978,0.5957554498411134
979,0.511258500891398
980,0.4138703607743031
981,0.6680490291740121
982,0.6304926138223085
983,0.3841075962096342
984,0.8037543727842605
985,0.6370729299786397
986,0.5666498111108845
987,0.5120295438651311
988,0.634886899289971
989,0.530176086286663
990,0.473073055927481
991,0.36254463941705845
992,0.34543846921741406
993,0.6651893920973999
994,0.6019036328791048
995,0.4926244648712688
996,0.5712106261510265
997,0.4550140431942189
998,0.4550180059124219
999,0.6214841726218705
1000,0.5228943839743172
1001,0.5100511031826092
1002,0.5617322611381711
1003,0.5244402454209275
1004,0.5297735356777588
1005,0.6791479205262492
1006,0.564790963802027
1007,0.4796008236992786
1008,0.6298704565824904
1009,0.5529197120309205
1010,0.3581506414783175
1011,0.6355761533814833
1012,0.4447642140160617
1013,0.4435482516581679
1014,0.5553512455442037
1015,0.47735390047327786
1016,0.4035365524341056
1017,0.6742059685670487
1018,0.37956342324442777
1019,0.5970808535070276
1020,0.39776028283397846
1021,0.49647507150357734
1022,0.505695489197926
1023,0.44641369968947103
1024,0.44297705394877945
1025,0.5979647279538807
1026,0.5894632125117923
1027,0.3752535823618068
1028,0.5948343817594965
1029,0.5660587278655249
1030,0.34332633595646206
1031,0.4830054273699686
1032,0.43667572800537446
1033,0.6761077915054884
1034,0.5442476017203092
1035,0.4153309025698049
1036,0.6183527658680417
1037,0.3351783406429204
1038,0.4097151557944857
1039,0.485635299301682
1040,0.6338320308666574
1041,0.5062842884246931
1042,0.5092297493258952
1043,0.4907235527133877
1044,0.539716393721202
1045,0.7034416888520707
1046,0.600548076448941
1047,0.5717941190405104
1048,0.564031466028207
1049,0.6129048926060051
1050,0.5816463430461947
1051,0.4822524312898585
1052,0.42241409611089975
1053,0.5767126118692829
1054,0.4209722536820304
1055,0.6786954743716712
1056,0.42111831405726297
1057,0.5714203943395357
1058,0.5890499774118472
1059,0.5273890346673773
1060,0.44200130192870785
1061,0.5440679008697143
1062,0.4796448273439935
1063,0.5708472823919707
1064,0.47272815372788995
1065,0.45343334942294716
1066,0.6325219043035452
1067,0.40944686184505535
1068,0.5585375079142354
1069,0.6840734682535058
1070,0.570694295567036
1071,0.4845918629983296
1072,0.31694195507507134
1073,0.44272374192778996
1074,0.6126942540232542
1075,0.4240561986418657
1076,0.449541020969647
1077,0.5910362978044799
1078,0.4886077735016234
1079,0.4405706008152657
1080,0.5119012612099361
1081,0.471051914507491
1082,0.48359339044787664
1083,0.539710843930846
1084,0.600555175504466
1085,0.5865088202885353
1086,0.5916447471152998
1087,0.7191739137424904
1088,0.4138522872235281
1089,0.5086668715394445
1090,0.4620790463850388
1091,0.4892866567434282
1092,0.6475824479394842
1093,0.5220398026548538
1094,0.3764297658033452
1095,0.6856778092901659
1096,0.6271383445400179
1097,0.5051373472406728
1098,0.5480498332322388
1099,0.4139614326299845
1100,0.5258924500647769
1101,0.48998166321253706
1102,0.5308561072928146
1103,0.4704486359789083
1104,0.4376348931509837
1105,0.5559705604662887
1106,0.5877012221278414
1107,0.4481125202291785
1108,0.4172384131229909
1109,0.6048829735758737
1110,0.6546202327713819
1111,0.5728251286652475
1112,0.4095403155691263
1113,0.5381539713110488
1114,0.373148046462932
1115,0.4400461327933214
1116,0.48633142920730127
1117,0.5841334706345587
1118,0.37004912525409817
1119,0.43545449025867894
1120,0.4576464773162571
1121,0.6244501026500773
1122,0.4731332290815885
1123,0.5528227164651884
1124,0.4864031420353027
1125,0.4560026188927133
1126,0.52026498660395
1127,0.4507883626851556
1128,0.39216651217529663
1129,0.5914274442356797
1130,0.5296723071325768
1131,0.5966998976038049
1132,0.5288267327445136
1133,0.39408021577174535
1134,0.4591164894147236
1135,0.5471144867231976
1136,0.719446141857879
1137,0.4884938283672263
1138,0.6196420520864733
1139,0.6029291386191112
1140,0.5965914168917233
1141,0.5932365545600015
1142,0.4605357945455131
1143,0.3150021686882061
1144,0.5431959541188948
1145,0.5342948867919712
1146,0.3599948222796413
1147,0.5833019259038306
1148,0.5884364771518376
1149,0.4623318927388013
1150,0.5115127298136493
1151,0.4915389456192613
1152,0.4268502834384438
1153,0.5451690139926395
1154,0.5642540912550009
1155,0.29727862527242704
1156,0.47577877042425304
1157,0.5274656552389057
1158,0.6255686752333991
1159,0.5209066530417638
1160,0.7149621445355292
1161,0.24674998569805906
1162,0.5790667616836921
1163,0.5227495332308463
1164,0.5684273102851938
1165,0.4452797821759268
1166,0.369056151303398
1167,0.5472308920686725
1168,0.43353072703073087
1169,0.5223766161096329
1170,0.5836392196857395
1171,0.5637614531363497
1172,0.7036598760343458
1173,0.5853680503634293
1174,0.40950278745091906
1175,0.46108385157836895
1176,0.5132888354114633
1177,0.39884176716192543
1178,0.5549951533456343
1179,0.3172587751733819
1180,0.49893001675815096
1181,0.48057269075275566
1182,0.4913445016233611
1183,0.5250897269161408
1184,0.41652728306323017
1185,0.6098012264922555
1186,0.44362873309429296
1187,0.6038593288698187
1188,0.6542454692794387
1189,0.38963861672049
1190,0.24213581749612473
1191,0.436617087417751
1192,0.5339805405057851
1193,0.5300066452549392
1194,0.44179334488923283
1195,0.6257047539794287
1196,0.38225507580434825
1197,0.5758412635296806
1198,0.6466800352839273
1199,0.6307033018819851
1200,0.5382809128157948
1201,0.5403854869581142
1202,0.5367405401617689
1203,0.503509514196126
1204,0.6063553388371211
1205,0.48566511182304717
1206,0.6923918580967042
1207,0.35687259527690346
1208,0.5829421113558038
1209,0.48141029024087084
1210,0.557499066480904
1211,0.6765102893629564
1212,0.5044218565225025
1213,0.4681907608890724
1214,0.5005042796622801
1215,0.40099533854457126
1216,0.4797619376178489
1217,0.6412369571788308
1218,0.6262723982640309
1219,0.5681436678002456
1220,0.6636250173264706
1221,0.6040634213058859
1222,0.5173270886643276
1223,0.47311869753749686
1224,0.5074129100116488
1225,0.5978939407723906
1226,0.5515278574737177
1227,0.4539076144206332
1228,0.41195079240519933
1229,0.519314291736087
1230,0.6567493503495853
1231,0.4926871853582633
1232,0.5582754600880899
1233,0.4415030802893811
1234,0.4603342190992822
1235,0.5141062411443236
1236,0.6018775535837608
1237,0.557878527869897
1238,0.421528652828305
1239,0.5990382519005978
1240,0.6584478290095156
1241,0.6760794972828716
1242,0.5629243867595657
1243,0.5086671077597968
1244,0.5239389320487331
1245,0.46349448777649704
1246,0.5140918921538286
1247,0.5009198672372747
1248,0.5501734746005845
1249,0.5003988903842165
1250,0.4211222362042306
1251,0.6572571574669108
1252,0.5207017933314837
1253,0.39746338464691217
1254,0.4322333596796771
1255,0.45790818367522934
1256,0.5885916826416371
1257,0.4936643624272134
1258,0.5934950464383145
1259,0.605957250455514
1260,0.5400427058688494
1261,0.46606890533722284
1262,0.4792289198650719
1263,0.6215180798145529
1264,0.5205459718462458
1265,0.5147732764426489
1266,0.6071277717603629
1267,0.5033671672044429
1268,0.43738312249306466
1269,0.5253891049251371
1270,0.5224164878378091
1271,0.4496927716280176
1272,0.530388348009495
1273,0.5114636494459379
1274,0.35732665046793527
1275,0.5031261345566462
1276,0.4717100498226488
1277,0.5826336635826211
1278,0.6104615729494297
1279,0.34254186530579644
1280,0.48492576023984285
1281,0.5744850458394986
1282,0.3738015962865082
1283,0.49210861674475237
1284,0.5226133540859564
1285,0.5377428063591825
1286,0.4478597738330736
1287,0.32493322736065594
1288,0.4757528745988124
1289,0.5845273551365271
1290,0.6155879494426635
1291,0.5282508909042405
1292,0.4088591868059603
1293,0.5684464922455089
1294,0.43236539220921966
1295,0.5892049821131811
1296,0.5501084707528284
1297,0.4758376419524232
1298,0.667450040802425
1299,0.4985541397528026
1300,0.5359501480729707
1301,0.4348252200857383
1302,0.3286137247642124
1303,0.46875683273459107
1304,0.42178326072664357
1305,0.4586333315108895
1306,0.52032784751437
1307,0.5291963002800649
1308,0.5990706565652912
1309,0.44658069007888906
1310,0.5280245971447074
1311,0.6088087696329771
1312,0.5038955721415165
1313,0.5040731144303205
1314,0.48699558965343914
1315,0.6130590299514411
1316,0.46792845957869916
1317,0.4202889518986482
1318,0.5532764460095285
1319,0.6494687860205487
1320,0.5329399790679358
1321,0.6282251563641637
1322,0.5344246551584284
1323,0.6704801938275569
1324,0.4839466906750007
1325,0.49535077116939175
1326,0.34008986692421084
1327,0.5459893761429857
1328,0.6686330559049611
1329,0.5528569923748334
1330,0.3379518456777009
1331,0.4639657496250723
1332,0.5258594501066344
1333,0.47858764067188275
1334,0.4896828181402382
1335,0.5037703865720679
1336,0.706004057726457
1337,0.5784923947721072
1338,0.5602728017830589
1339,0.548283941344253
1340,0.6353211766365466
1341,0.5021771954598112
1342,0.44935640952548894
1343,0.642179514516132
1344,0.34368990910773145
1345,0.48998464688879884
1346,0.6056977730731163
1347,0.5122194140275794
1348,0.3557150359063076
1349,0.5451669690042406
1350,0.4477238165056822
1351,0.6452422038361417
1352,0.6071987897638319
1353,0.46850186277279315
1354,0.5980202948923461
1355,0.644828804354063
1356,0.5643155516863095
1357,0.5604941001456518
1358,0.669699907294403
1359,0.5567014269992644
1360,0.6452379309802274
1361,0.6457004908367446
1362,0.3913283687896387
1363,0.5499144991734697
1364,0.7248900572359231
1365,0.5629345630051592
1366,0.35771142633160763
1367,0.41701312782283384
1368,0.6261857855280403
1369,0.4626595562792099
1370,0.5218883668508668
1371,0.45665487324841864
1372,0.5612670855232804
1373,0.479128965024783
1374,0.68545446541719
1375,0.5516072182266445
1376,0.43809930138665537
1377,0.5637281166973136
1378,0.6260815768352354
1379,0.5167622908593535
1380,0.5846321778964304
1381,0.4953134894303086
1382,0.5697347393699729
1383,0.4307837602916069
1384,0.4625815082389101
1385,0.5334830641865371
1386,0.5392210589214994
1387,0.6445556300224683
1388,0.44404495942194244
1389,0.3096790605179232
1390,0.480976039211532
1391,0.6372657347162359
1392,0.5814529342414428
1393,0.5088962040965566
1394,0.6103135903980349
1395,0.537034595595039
1396,0.5469133898119012
1397,0.40989215612211344
1398,0.4325625694374419
1399,0.6401666703810984
1400,0.4833063175998447
1401,0.40738462175329104
1402,0.45645961900854604
1403,0.46015887741776584
1404,0.6469910756837024
1405,0.40848579827951503
1406,0.6407605258662497
1407,0.5409550801973008
1408,0.5122475224718538
1409,0.4972860941711329
1410,0.544870145314641
1411,0.5763573363468683
1412,0.5557261669334321
1413,0.5237308916125162
1414,0.5396611820540284
1415,0.5079846510169643
1416,0.5470071913587037
1417,0.48225158370826693
1418,0.6393361274507047
1419,0.5092199526918523
1420,0.5771221605024377
1421,0.4262366565666802
1422,0.4404924087067636
1423,0.5811964590592802
1424,0.5105175855864361
1425,0.6062870541812204
1426,0.6558541421592228
1427,0.6151290487641153
1428,0.35505918107858536
1429,0.44109947588902776
1430,0.42067731276163617
1431,0.5298289798014617
1432,0.5032449544254421
1433,0.6171708009365462
1434,0.5491471658749842
1435,0.4848525867892848
1436,0.4472803753599307
1437,0.4546596574603645
1438,0.5691579824783748
1439,0.3999679349146674
1440,0.4598087057880275
1441,0.32505205457649744
1442,0.5209191495091662
1443,0.519745023112145
1444,0.925923216105604
1445,0.44610041027702824
1446,0.4571898212426005
1447,0.48163454192997446
1448,0.5742446581401839
1449,0.42087831699469086
1450,0.4221395262527655
1451,0.49108434596016004
1452,0.49494322453135126
1453,0.5218780448141859
1454,0.42556008690278857
1455,0.433979711070129
1456,0.5496848418682498
1457,0.4225546630984285
1458,0.4623472900019361
1459,0.5740191315239811
1460,0.41756750698319633
1461,0.3957433105076855
1462,0.6684490771434842
1463,0.556472642996583
1464,0.4249480506030085
1465,0.4666007502136086
1466,0.44673055366024284
1467,0.5654664275502785
1468,0.6099155375293339
1469,0.4978755798865526
1470,0.5731176387449036
1471,0.37678122134908754
1472,0.47680817979536205
1473,0.5139882686875069
1474,0.4738395631939181
1475,0.531342016638882
1476,0.6886589410840638
1477,0.5709956927812966
1478,0.640285509110275
1479,0.6389826482346409
1480,0.5530809920143721
1481,0.4792444403515851
1482,0.36895930186731574
1483,0.3370488732585363
1484,0.6408732527159794
1485,0.4636735055345459
1486,0.61378774047992
1487,0.6606405405358571
1488,0.420455311406475
1489,0.40558428740856206
1490,0.6880703782502435
1491,0.43039308522191755
1492,0.5053434860999603
1493,0.4970752522367784
1494,0.5844192823040233
1495,0.7281732205540243
1496,0.5451742652913245
1497,0.49683222635581953
1498,0.7114751298465295
1499,0.5416520575741639
1500,0.5173429125115884
1501,0.7180827967577526
1502,0.4446915516658113
1503,0.6350905712524444
1504,0.5744000395868368
1505,0.6543417237652972
1506,0.5396120570685401
1507,0.5650137333206555
1508,0.8693394894877118
1509,0.6812771065943728
1510,0.5606643288856175
1511,0.4985015357280395
1512,0.597227822486522
1513,0.39775386377464145
1514,0.7248270890539652
1515,0.5195178074277047
1516,0.48565504009712357
1517,0.7563408183384762
1518,0.5992026538733839
1519,0.5553604721456937
1520,0.6492629838198183
1521,0.470169511932042
1522,0.5047936354080468
1523,0.4074557543290328
1524,0.5452146798868523
1525,0.5840533301936344
1526,0.40528008386045766
1527,0.4775449026658905
1528,0.7051179980181896
1529,0.5062817179080319
1530,0.31868197574409995
1531,0.5053717431339703
1532,0.37219256639029996
1533,0.4950483470738901
1534,0.5759336957201382
1535,0.3404674675794805
1536,0.49925345550136785
1537,0.653434069863771
1538,0.495014823209403
1539,0.5050235373204595
1540,0.7563039031230757
1541,0.6268609434605207
1542,0.7019962656802159
1543,0.6483118038440997
1544,0.6158541645449133
1545,0.5063911722035489
1546,0.6206223517454343
1547,0.42625805061780253
1548,0.48737194732000694
1549,0.5528989631257555
1550,0.4380048060787551
1551,0.5652806756957306
1552,0.5428368101050535
1553,0.5802984026270125
1554,0.586869039982322
1555,0.6504852435990086
1556,0.4120362914732702
1557,0.48901370062615573
1558,0.47606930621238286
1559,0.6292819144675543
1560,0.423777589555638
1561,0.4788692760145262
1562,0.4563202074919934
1563,0.7910446261167121
1564,0.5084077220650159
1565,0.5180550756293022
1566,0.40390764720252775
1567,0.5316811577479373
1568,0.3500914434442979
1569,0.5272506474731719
1570,0.47172748268168135
1571,0.5057445312820396
1572,0.40978536745232164
1573,0.5242618238059534
1574,0.5524156133565904
1575,0.423397908334971
1576,0.5679502150732646
1577,0.48118113054502465
1578,0.4981656566881402
1579,0.5831559317229638
1580,0.26150254713877474
1581,0.5389004932145719
1582,0.5130366242948907
1583,0.5038435039517074
1584,0.6573462020380187
1585,0.46094081006410487
1586,0.687369527619815
1587,0.5404798763538475
1588,0.5660220571704537
1589,0.5203532389150283
1590,0.5592851468972764
1591,0.5406818739320157
1592,0.5889899364901893
1593,0.47452595528383346
1594,0.501588515286069
1595,0.5269754213017923
1596,0.5126232141162562
1597,0.6549063832490698
1598,0.5475345267478771
1599,0.4361610768958866
1600,0.6478962301757494
1601,0.5223673809331203
1602,0.502136133289799
1603,0.7661608579244692
1604,0.4072537950415337
1605,0.4786389077259039
1606,0.6262913174101136
1607,0.6253407823933781
1608,0.5630479010679535
1609,0.5337071972539509
1610,0.5183478587381097
1611,0.5659173526057982
1612,0.4236090285884859
1613,0.45640887739432756
1614,0.4330699128712631
1615,0.7051636727489314
1616,0.7539168144412304
1617,0.3988343359576836
1618,0.50129742062844
1619,0.5885001300063324
1620,0.40777487162421744
1621,0.5022749630583981
1622,0.5605290620310116
1623,0.5342906373118451
1624,0.5788976891270871
1625,0.46882880575188784
1626,0.542700445583162
1627,0.4127237031952554
1628,0.5962595039806866
1629,0.48207609330703083
1630,0.5903239233651332
1631,0.543860568647291
1632,0.6129465423627984
1633,0.42661516936594646
1634,0.3772464974824925
1635,0.6743989091612685
1636,0.6305100891305216
1637,0.46763678931394914
1638,0.36940069234473094
1639,0.5383792979149795
1640,0.554306936781985
1641,0.5774318770054997
1642,0.4147616362009715
1643,0.5617570863563184
1644,0.48837501245641973
1645,0.6320732031194961
1646,0.45022962112445664
1647,0.5336633956544355
1648,0.45811335349363974
1649,0.5713538662603721
1650,0.6426468897520446
1651,0.5328049263642309
1652,0.4153841000355879
1653,0.5969167981499001
1654,0.45360405497936385
1655,0.4602816594637014
1656,0.4999573557840315
1657,0.45524582331857066
1658,0.5531133931675335
1659,0.5289322227279833
1660,0.7368031526335727
1661,0.5720752057668103
1662,0.3855833040297161
1663,0.3838530355148919
1664,0.5597905359109109
1665,0.5159743684432653
1666,0.5062457649261155
1667,0.5577351948589043
1668,0.3074457365085414
1669,0.4241645089141731
1670,0.4264770616692669
1671,0.4971971158563762
1672,0.44720096792841385
1673,0.53944001169457
1674,0.38799018027855336
1675,0.5623779686796755
1676,0.5954676183842823
1677,0.5651451754349677
1678,0.5628764961275349
1679,0.43983189026350455
1680,0.5968381869247374
1681,0.4743799927437425
1682,0.5803679274409722
1683,0.5059850704687072
1684,0.5861885531057891
1685,0.42643190318563173
1686,0.5560406929340961
1687,0.5522204747393658
1688,0.4737810971081473
1689,0.5423638141849606
1690,0.5307051568521015
1691,0.42384417899618015
1692,0.37069130105164416
1693,0.596814157290224
1694,0.5040475141625234
1695,0.5540401112356035
1696,0.5319413811889929
1697,0.6271514387421335
1698,0.49528623725070764
1699,0.4521805636995635
1700,0.5422640836630914
1701,0.5145214317977304
1702,0.49576387021555834
1703,0.4624371066892508
1704,0.49544545790360306
1705,0.5225862952028361
1706,0.4666402580830007
1707,0.7081542619802397
1708,0.6099319146651815
1709,0.5647639576085101
1710,0.5830853293850711
1711,0.5376497581733718
1712,0.48408162101852353
1713,0.3632348277927401
1714,0.5840925584605061
1715,0.5952836258062242
1716,0.49055721041123324
1717,0.5278617223652567
1718,0.5453799766835595
1719,0.6131485470736785
1720,0.472401770581306
1721,0.5809916594325959
1722,0.6794465148220076
1723,0.5137337509807922
1724,0.5106558396303089
1725,0.4429644694753942
1726,0.5482764443666432
1727,0.41034255538266323
1728,0.37326306755161837
1729,0.44094293883853297
1730,0.5988760614084344
1731,0.59926203814786
1732,0.735752349178073
1733,0.5641973221914224
1734,0.4496867153087237
1735,0.5235972006968214
1736,0.44175327930089314
1737,0.3527737174230407
1738,0.47778779389799475
1739,0.5201285223302015
1740,0.8564306712728786
1741,0.47664334828359645
1742,0.37366441610830325
1743,0.5031838239117953
1744,0.5166301930679119
1745,0.5310283730467233
1746,0.589054830719751
1747,0.42298848275861833
1748,0.5292077720498954
1749,0.6558973852264575
1750,0.5741820430322395
1751,0.5214015680101446
1752,0.6735226223057904
1753,0.5241039207304646
1754,0.5128671082190827
1755,0.5323778158526389
1756,0.35888426654805805
1757,0.471367399215078
1758,0.7025960450417277
1759,0.5813974851954421
1760,0.5506901277654744
1761,0.5532569547537874
1762,0.5017222502800031
1763,0.6760899661558188
1764,0.606134783418561
1765,0.47578504014647804
1766,0.47111248618250007
1767,0.638427602967671
1768,0.6492569935168658
1769,0.4319106347817443
1770,0.5968197982589148
1771,0.5922158009672309
1772,0.29567843280161554
1773,0.5250712988804379
1774,0.515776139578813
1775,0.52943809986421
1776,0.5463354254538221
1777,0.5407158139263781
1778,0.39627179838329196
1779,0.45535085917586426
1780,0.5725755256601068
1781,0.5008530070908153
1782,0.4685059821559778
1783,0.5915172591229574
1784,0.4410956345487205
1785,0.6590585742074839
1786,0.5728172060350398
1787,0.5341742476114558
1788,0.400728093196429
1789,0.43799897191051873
1790,0.6434286347825212
1791,0.6692644155589706
1792,0.693031228739774
1793,0.5067429991983848
1794,0.33438709951821133
1795,0.4036570959971441
1796,0.650289687175647
1797,0.5328025401363783
1798,0.4929634499551523
1799,0.27584656127006957
1800,0.5528395996811922
1801,0.3839717786195226
1802,0.48548673877786064
1803,0.6600475628706048
1804,0.506617267542731
1805,0.45537158130512423
1806,0.5048666434326001
1807,0.4733835112457121
1808,0.4817478702370536
1809,0.7314825972212583
1810,0.455089548409893
1811,0.3800507443785942
1812,0.3484141028159004
1813,0.41174582288350947
1814,0.5985552280507695
1815,0.42895342336246894
1816,0.3977538280543562
1817,0.6438928195148664
1818,0.47848311961443374
1819,0.6669824118987107
1820,0.6345938129642
1821,0.41231911821351475
1822,0.5768111765664591
1823,0.5536378451348529
1824,0.4956691860255893
1825,0.504022028008904
1826,0.3806970933391804
1827,0.4980034686763317
1828,0.5175378704907692
1829,0.7153748734055205
1830,0.7187810428664018
1831,0.5494925570678127
1832,0.5192136450041531
1833,0.5672257142811472
1834,0.37394046341555776
1835,0.45780686290894923
1836,0.6310724308388134
1837,0.629854224602184
1838,0.6373526226940431
1839,0.6214590131382915
1840,0.6145293446388009
1841,0.5902330350890501
1842,0.37086946431342105
1843,0.48527664779797597
1844,0.43334956922085077
1845,0.6877993787995864
1846,0.5826296022267906
1847,0.42870412053908247
1848,0.5903815050624793
1849,0.44726265653262964
1850,0.5692776956916538
1851,0.40491368616769924
1852,0.5197158366017395
1853,0.5523020702000918
1854,0.6212786957761893
1855,0.42972540728701303
1856,0.3900789458589271
1857,0.627289126313229
1858,0.4228382438237979
1859,0.4489689627509907
1860,0.5169221949971228
1861,0.5884470178063497
1862,0.5688744221591902
1863,0.5897806081609515
1864,0.4158847849560408
1865,0.5617286446900596
1866,0.3886671651542713
1867,0.4317644049819354
1868,0.3840744987808975
1869,0.5229637672455867
1870,0.555723428294929
1871,0.5010109605446257
1872,0.494111577376594
1873,0.5481620405422387
1874,0.4630204043579078
1875,0.5407755673207141
1876,0.506880406185325
1877,0.43248369386783325
1878,0.49724809022821087
1879,0.3932233768879373
1880,0.5047611693320869
1881,0.44611314039807093
1882,0.6854142846309988
1883,0.2985616361648663
1884,0.6569848118530048
1885,0.40685144234286985
1886,0.4616509241724329
1887,0.537910126247301
1888,0.6011881260557005
1889,0.5853418095600488
1890,0.5320134119029247
1891,0.4427100697119432
1892,0.4444774112073968
1893,0.4906830173836682
1894,0.464166298464896
1895,0.4183758932387925
1896,0.5334951949016329
1897,0.5949935170355567
1898,0.5720128908295044
1899,0.4174784172903511
1900,0.43014903141336835
1901,0.5461302377866398
1902,0.5930001753110323
1903,0.5440399508494962
1904,0.6179370899755244
1905,0.5780604430524783
1906,0.8488407313299544
1907,0.6444167406318542
1908,0.4012105429951711
1909,0.4627773988578481
1910,0.4950658267080146
1911,0.4748838785147045
1912,0.565961492564218
1913,0.5180493192697824
1914,0.5024903774432142
1915,0.6064956680238086
1916,0.48805101679521184
1917,0.5394908556270185
1918,0.36665250559920615
1919,0.4867516683430961
1920,0.8134291557699684
1921,0.41469094213869323
1922,0.56740521790295
1923,0.7082281528536001
1924,0.4753384833861126
1925,0.7140023333452239
1926,0.620533391358055
1927,0.5097225645986678
1928,0.4901019644529159
1929,0.40449440323873
1930,0.508864401305888
1931,0.5448138400950209
1932,0.5868058048836924
1933,0.6907481875833362
1934,0.5697607842272538
1935,0.7086756500751621
1936,0.5768745023863152
1937,0.4738859304421532
1938,0.5064725688562712
1939,0.5564540934409666
1940,0.4525654547629495
1941,0.6681817192568693
1942,0.4826748699521092
1943,0.606498627487554
1944,0.48364787400258336
1945,0.5462550085554028
1946,0.5588465482671687
1947,0.5023072512626706
1948,0.6898878311952843
1949,0.5799243184777452
1950,0.509028877951285
1951,0.6399178867809154
1952,0.46496780382571457
1953,0.3242826657171519
1954,0.5494545186655504
1955,0.604237091836893
1956,0.5653888089728858
1957,0.5629966021051288
1958,0.5365724578828213
1959,0.6525517294106333
1960,0.5024032520947419
1961,0.5206859759527651
1962,0.40638787958833705
1963,0.5619284701807368
1964,0.5297139179940438
1965,0.6240943655555107
1966,0.5558274733309292
1967,0.40177170682182517
1968,0.41688805939080825
1969,0.6581600588964167
1970,0.4763995127230869
1971,0.6672560683620944
1972,0.4079208843609386
1973,0.5473181920831536
1974,0.5792939864160502
1975,0.6033635969792118
1976,0.3629497360083946
1977,0.3067851180842187
1978,0.5350329439695001
1979,0.6878213732956999
1980,0.5424044652866647
1981,0.5649859595585123
1982,0.6891927468568122
1983,0.5899238297542859
1984,0.5673554643275827
1985,0.5431045898774596
1986,0.3575924595977561
1987,0.6284022843923727
1988,0.5661405478883097
1989,0.5474869469469513
1990,0.37579607037931373
1991,0.5163945710886835
1992,0.6354391987065439
1993,0.5808227996323753
1994,0.4987148718795566
1995,0.7265465863622451
1996,0.45125823151982225
1997,0.5582511276283864
1998,0.5350685642537257
1999,0.43815548959366213
2000,0.527723024526003
2001,0.5886654107089506
2002,0.5974818302360541
2003,0.45267721453481924
2004,0.4455479718369939
2005,0.43757246882219564
2006,0.4975781498116688
2007,0.558426082408933
2008,0.40322666286157005
2009,0.530344982457431
2010,0.4899430205359746
2011,0.36062310299025857
2012,0.4986963995035814
2013,0.4903864476155029
2014,0.6491040895171531
2015,0.4716448006593263
2016,0.6033560476739547
2017,0.6952732886066461
2018,0.42844814618737
2019,0.46273150640017624
2020,0.6565706424465358
2021,0.635374285900328
2022,0.4709720539156379
2023,0.4141989170851334
2024,0.6302054646104475
2025,0.5700876189095223
2026,0.3906211029316291
2027,0.4466169024078467
2028,0.44622616553945915
2029,0.49039473831751496
2030,0.5537484640560956
2031,0.6838525155385519
2032,0.5217160289988856
2033,0.40929328158054173
2034,0.5432165413812315
2035,0.553929565292316
2036,0.7195587958550544
2037,0.40343422884276603
2038,0.42302710262871085
2039,0.7245932631895816
2040,0.43664644502059036
2041,0.5709552822825926
2042,0.4654637524054766
2043,0.6300507990034048
2044,0.5247231501641196
2045,0.5737548693178931
2046,0.7040829151719374
2047,0.5092504966474314
2048,0.5080952025955329
2049,0.44245288347572687
2050,0.4407925637894551
2051,0.521032694979568
2052,0.5618558541911356
2053,0.4830607566181467
2054,0.43515040460329046
2055,0.3688376360824528
2056,0.5435320521438309
2057,0.4558881915855922
2058,0.4330658251155301
2059,0.5435153870327608
2060,0.5412419340719435
2061,0.4882580281730825
2062,0.49195538067565603
2063,0.5468358414086478
2064,0.5277466181639586
2065,0.5229009365119834
2066,0.42451004751658494
2067,0.5012526120604782
2068,0.5759080230541566
2069,0.4758016163526683
2070,0.5688051203575141
2071,0.5207683701633699
2072,0.5292898920333883
2073,0.43877391022139056
2074,0.6567250505189854
2075,0.5050486944573536
2076,0.5667747623794334
2077,0.3763889144796415
2078,0.4791711650276425
2079,0.4726078738474885
2080,0.48206209456070587
2081,0.613271011682873
2082,0.5980089216735475
2083,0.5509648231106855
2084,0.5864710598274336
2085,0.6618020368407571
2086,0.43614710836095805
2087,0.6492921146313602
2088,0.506428010240536
2089,0.5290021965917141
2090,0.5338624769122239
2091,0.544115053107457
2092,0.6004413672935184
2093,0.6039160928171118
2094,0.5162912276453785
2095,0.5328689578652964
2096,0.4873510064500566
2097,0.6770269886952132
2098,0.5783137289688212
2099,0.6134619955897038
2100,0.5279323083236517
2101,0.49888924750397434
2102,0.48275572470624367
2103,0.33824273765470714
2104,0.6925758475096149
2105,0.40750899402334895
2106,0.5343622603582316
2107,0.4401060509172967
2108,0.45774710913487915
2109,0.5573870213687843
2110,0.462860545198975
2111,0.39388532241058377
2112,0.48549120403330165
2113,0.3952936791780993
2114,0.597554860487753
2115,0.6018007843998584
2116,0.33288903486704835
2117,0.49914951677492164
2118,0.6051941594467316
2119,0.40524138777761554
2120,0.5236495503826923
2121,0.611714468967221
2122,0.4564410907257117
2123,0.582179082185849
2124,0.6136115396209842
2125,0.4677406693590993
2126,0.4627718577113385
2127,0.6636547590885
2128,0.4610424233178784
2129,0.5453709607995219
2130,0.42429485609114237
2131,0.45060080056422336
2132,0.632782135604474
2133,0.33805837946836004
2134,0.45179362912963983
2135,0.6052856988415979
2136,0.6604004979303231
2137,0.49681213934828483
2138,0.42919447206413663
2139,0.6581981347558215
2140,0.4753853442211074
2141,0.5849812697211625
2142,0.550324401679731
2143,0.5746837604676559
2144,0.5706508576282833
2145,0.5541228559168739
2146,0.6585892004052618
2147,0.6058037374739216
2148,0.5884075078898077
2149,0.507883590165555
2150,0.6389791634457052
2151,0.548022500849846
2152,0.4980818437871548
2153,0.4643023856303221
2154,0.4263333971832429
2155,0.6305645805806533
2156,0.45835414780846606
2157,0.5577521722340913
2158,0.548862765595465
2159,0.5040026188464602
2160,0.41764272330638796
2161,0.488698845366698
2162,0.2880709727025913
2163,0.5823656347817432
2164,0.592620899118204
2165,0.5202145526814128
2166,0.5001871594514244
2167,0.44015654968669915
2168,0.6460333048577722
2169,0.5702928175427594
2170,0.5899071747088384
2171,0.5208831849907418
2172,0.5380019613879518
2173,0.47134397170136855
2174,0.789686489464882
2175,0.570114975867236
2176,0.825480349700489
2177,0.45279451618270494
2178,0.6323106765809045
2179,0.5217877726422883
2180,0.6231866705510754
2181,0.3711217113168965
2182,0.6043289255625381
2183,0.40407724313370874
2184,0.6076743643855036
2185,0.4137329189546374
2186,0.5148286015065926
2187,0.7077459059171078
2188,0.5801247820828335
2189,0.43206634336745314
2190,0.42672706577431585
2191,0.6193692684767704
2192,0.6568998468283646
2193,0.4170881602250687
2194,0.463589189090604
2195,0.4997318370231599
2196,0.35813820613264724
2197,0.33458817608388947
2198,0.5290235123333822
2199,0.485387221086482
2200,0.688396621981505
2201,0.366443102367001
2202,0.6011573245911765
2203,0.5432773435923601
2204,0.564905069773785
2205,0.577543496517197
2206,0.5507083817703807
2207,0.5266025508463185
2208,0.4704400087056377
2209,0.555361719108234
2210,0.5419952615833942
2211,0.4413860147447362
2212,0.4143778021997281
2213,0.7276085923369702
2214,0.46654804761446506
2215,0.542993812344389
2216,0.5362374812855716
2217,0.4420725872785146
2218,0.40009183418504457
2219,0.46245419506298874
2220,0.49593919653779645
2221,0.5094546136665337
2222,0.5250275989888182
2223,0.5119369430427849
2224,0.6496978203524721
2225,0.5527325027805138
2226,0.3476097042935441
2227,0.48495081379700566
2228,0.6626575317524392
2229,0.5232742634717247
2230,0.6716248065692869
2231,0.40137734711430584
2232,0.5561238039012003
2233,0.5685202794230544
2234,0.4789836563185127
2235,0.483256286792257
2236,0.4925320582136062
2237,0.6239583749333575
2238,0.4783069521461953
2239,0.7403223825887237
2240,0.6460780443026947
2241,0.46637030077890523
2242,0.5330543173706519
2243,0.5742935092342064
2244,0.34062032076822635
2245,0.45764747613881723
2246,0.4921944038816936
2247,0.5754877777332558
2248,0.5717233135823946
2249,0.60063981173545
2250,0.36726630988950837
2251,0.44846384149858526
2252,0.5239883353447156
2253,0.5471667485114345
2254,0.5284692102488908
2255,0.5828221593869272
2256,0.6233539637600696
2257,0.489538878453897
2258,0.5064048766074283
2259,0.43859833098450046
2260,0.5100242471278842
2261,0.47970065761984026
2262,0.3680107310093255
2263,0.4851610268904132
2264,0.6930291614073798
2265,0.4829301145339784
2266,0.6521216205300725
2267,0.39368216542105744
2268,0.46077596614632615
2269,0.5178675975236625
2270,0.4916284091853467
2271,0.5371647714157354
2272,0.4872723366853948
2273,0.5073633631500752
2274,0.5049423440963006
2275,0.6115437612457916
2276,0.4522972419442833
2277,0.5162057899721858
2278,0.4945111970910456
2279,0.4427867852170634
2280,0.5915323462980685
2281,0.6930007591350366
2282,0.5823462292743381
2283,0.5237566464577766
2284,0.4145675956705291
2285,0.4886324294220276
2286,0.6652337505988049
2287,0.3510736443955097
2288,0.4554799567864486
2289,0.6402196968264093
2290,0.43915097250512425
2291,0.5135291897559553
2292,0.5189336339855062
2293,0.3679435258830617
2294,0.5974299735619042
2295,0.39705466155313685
2296,0.5648959078003789
2297,0.6413621557230929
2298,0.49868526033749544
2299,0.6404203529584963
2300,0.5976053099902805
2301,0.3811911909143589
2302,0.4872701483379588
2303,0.5035341528673853
2304,0.547591204947224
2305,0.45300462249758805
2306,0.6606883831752555
2307,0.6923077293502896
2308,0.4982554054896877
2309,0.4928941728805913
2310,0.4850312863174074
2311,0.5712018638620292
2312,0.41975204161545854
2313,0.6157925609373277
2314,0.40419345221282155
2315,0.42388308684141196
2316,0.4960028966153175
2317,0.5273451737811187
2318,0.49900813521355725
2319,0.6419308058676263
2320,0.4709117908478002
2321,0.522912303800754
2322,0.4881981549749003
2323,0.4550763815301794
2324,0.6404729387702074
2325,0.4800892552540481
2326,0.47359517850358224
2327,0.6300838936724902
2328,0.4288563019387303
2329,0.47057117014879923
2330,0.5438818323601307
2331,0.5513325250231638
2332,0.5510958650077467
2333,0.4889692836638112
2334,0.669327288167268
2335,0.4149963078211876
2336,0.6574380642109647
2337,0.4308709900904626
2338,0.45677543953216143
2339,0.4553134548048289
2340,0.5579068622295726
2341,0.7177047358376907
2342,0.6033798439576484
2343,0.6864038213563066
2344,0.33845457169040294
2345,0.44065561558486555
2346,0.5742968896522468
2347,0.4857443716554423
2348,0.4376456758096839
2349,0.48621037583586124
2350,0.45493344969810173
2351,0.8373607089400301
2352,0.42167266974307016
2353,0.4623010783651309
2354,0.49498596785523613
2355,0.5144722662596997
2356,0.5431664708601585
2357,0.5912285197738071
2358,0.4083474473278573
2359,0.7026072053325129
2360,0.3428062013995643
2361,0.6093459099673617
2362,0.5529739035728027
2363,0.6171382656931503
2364,0.6368540249596704
2365,0.4294792574792302
2366,0.497075373331162
2367,0.7643582904718277
2368,0.5648263671819863
2369,0.5315296470793079
2370,0.550560791458917
2371,0.5134322868389786
2372,0.5986490969568699
2373,0.5420374498663002
2374,0.4898694069667615
2375,0.3772672939926576
2376,0.6465005792090375
2377,0.6126633567420519
2378,0.41158154883151166
2379,0.6366515869220041
2380,0.5075738711576326
2381,0.5625195820575662
2382,0.5228788001376962
2383,0.6788640352626183
2384,0.461207124323176
2385,0.566003466530291
2386,0.6410157694944393
2387,0.43913886688366205
2388,0.6157253802937686
2389,0.5158892639797119
2390,0.5915948288663556
2391,0.6831249929683281
2392,0.5906902168033143
2393,0.5819421650059445
2394,0.4941324030688301
2395,0.5144968043179473
2396,0.5673117001352778
2397,0.564803168884587
2398,0.43525791688077187
2399,0.58830955914813
2400,0.3610080317551737
2401,0.5875668967070938
2402,0.4331163483528345
2403,0.4857814511178124
2404,0.5544992849410818
2405,0.5429748294798105
2406,0.5072897836700402
2407,0.462081717986269
2408,0.7352873344705464
2409,0.4185570291966939
2410,0.4433848634044506
2411,0.5526149787248128
2412,0.3117808063472061
2413,0.5626546958435448
2414,0.5833642058084363
2415,0.399470792416341
2416,0.4260871251331133
2417,0.3804774050141751
2418,0.5864283154342022
2419,0.40442185531088043
2420,0.6284434669952772
2421,0.4843385785075444
2422,0.5495494277083035
2423,0.6088013947320385
2424,0.524447862206163
2425,0.5431702130309077
2426,0.48813472090989024
2427,0.48052852902675375
2428,0.4830922158693845
2429,0.5637150167315793
2430,0.46250129749790303
2431,0.4612942107844139
2432,0.5026051613850835
2433,0.6634669635596206
2434,0.47520325256162876
2435,0.510231827712549
2436,0.5715105546895382
2437,0.462347338403947
2438,0.48258887335874767
2439,0.38951612419083925
2440,0.6278599775818677
2441,0.4783019490445524
2442,0.5472669694648236
2443,0.5478993229571946
2444,0.6446187737583127
2445,0.5489074248207786
2446,0.5345148047863759
2447,0.43658158852750145
2448,0.5646136158514317
2449,0.5030928562165043
2450,0.44234046191066473
2451,0.5121699242476675
2452,0.455436548956439
2453,0.474819236163097
2454,0.5764831826058775
2455,0.5367907717779105
2456,0.5071329574263288
2457,0.5664657100118895
2458,0.3909190848054002
2459,0.5934324132136776
2460,0.5132766486327148
2461,0.6056388370844998
2462,0.5526588396843307
2463,0.3858524460249628
2464,0.4472090073802492
2465,0.46974340338980936
2466,0.7369986062614835
2467,0.3458862636069099
2468,0.5162070313278576
2469,0.5854391245502674
2470,0.46511441918307106
2471,0.5736383584890046
2472,0.42435819079042686
2473,0.436321785455846
2474,0.6692263298446178
2475,0.567725144244437
2476,0.538548424012495
2477,0.5048710748089245
2478,0.5256611710909052
2479,0.5275180835216283
2480,0.43891175313081654
2481,0.5378794867607751
2482,0.6416048813786696
2483,0.4945494780425355
2484,0.35809327441788574
2485,0.4568532681443842
2486,0.5637067689186839
2487,0.3758030688958482
2488,0.48627363590247075
2489,0.5854243383017081
2490,0.37035763553053846
2491,0.5165970765949014
2492,0.5103159744804856
2493,0.6406982275876183
2494,0.5554214017426385
2495,0.4691605886940011
2496,0.605194479248426
2497,0.4988749001534496
2498,0.583626992856265
2499,0.4597966497697027
2500,0.6675778025939441
2501,0.44362165563691086
2502,0.8630280480349373
2503,0.4956421530286058
2504,0.7230062349586543
2505,0.5309241939313007
2506,0.6381397857405428
2507,0.588364733965834
2508,0.4501267717708476
2509,0.33375791005249716
2510,0.6642355953624166
2511,0.6035971306268729
2512,0.2644065543348776
2513,0.5646294852779064
2514,0.7243102753019857
2515,0.4399205817765679
2516,0.4790594790207543
2517,0.5789559670473732
2518,0.625030043147295
2519,0.6209563700453481
2520,0.6779122745275424
2521,0.7131950692443659
2522,0.5609205773999524
2523,0.38501269387504544
2524,0.41106446793811846
2525,0.6005219384231197
2526,0.5022090636674551
2527,0.505677993839268
2528,0.5699963668335617
2529,0.613092105042388
2530,0.469915103760368
2531,0.4495838021028325
2532,0.6813132539567504
2533,0.368836647091045
2534,0.6263007947783639
2535,0.6402835925668839
2536,0.48536979162254945
2537,0.6062072325959593
2538,0.6546295066849517
2539,0.3392378825741232
2540,0.6335171838916909
2541,0.531405614767834
2542,0.4936562800554287
2543,0.5092395598717653
2544,0.5765670849425538
2545,0.44097626194299816
2546,0.5304334627103439
2547,0.48618537669775697
2548,0.5565072284820218
2549,0.48391082477086494
2550,0.5381514204775691
2551,0.5041405112998676
2552,0.6194933659815413
2553,0.6787413461620148
2554,0.5865766480841903
2555,0.47161792890716286
2556,0.4255253168387497
2557,0.577265943826668
2558,0.4806302429719497
2559,0.6197648745731988
2560,0.592707811518299
2561,0.6255515644854021
2562,0.5898376173245803
2563,0.5082169399223715
2564,0.4777592904254173
2565,0.43712463260933804
2566,0.5332763484768313
2567,0.5044456014516407
2568,0.4079891080579717
2569,0.5847199934725666
2570,0.483275350552001
2571,0.5583164328304927
2572,0.4852607890008115
2573,0.6289503712658194
2574,0.3052585867515716
2575,0.5743931076152698
2576,0.5673191639412734
2577,0.709719645957921
2578,0.5166211315234654
2579,0.6198907935112763
2580,0.41604989464011766
2581,0.4439690676218342
2582,0.6083569488930132
2583,0.4487165971386021
2584,0.5053123758281316
2585,0.4592956085322301
2586,0.5840370821995126
2587,0.4860848767329497
2588,0.38223931770853786
2589,0.665629720001117
2590,0.5147669118740028
2591,0.5476317572858329
2592,0.5338016050659358
2593,0.780375422174822
2594,0.4742618086965548
2595,0.49665021081152116
2596,0.5504518385060019
2597,0.5367499410314042
2598,0.6550804548354301
2599,0.2662829661824901
2600,0.5655203558262735
2601,0.5020149800218731
2602,0.5086027875844367
2603,0.4508752504374048
2604,0.5432538271973137
2605,0.4968868828515045
2606,0.6453367678008421
2607,0.46851223248904345
2608,0.5687121919442708
2609,0.652721384417116
2610,0.5632519666794227
2611,0.6738475998603946
2612,0.5920363993227025
2613,0.5358442560915444
2614,0.5702787591280338
2615,0.5225983969524229
2616,0.6398691917342396
2617,0.5603481779331817
2618,0.41487960747157787
2619,0.4712885535052246
2620,0.406180909625865
2621,0.5354464108661832
2622,0.5127140910250212
2623,0.8118634758276968
2624,0.5879790692495543
2625,0.42706739012762907
2626,0.5658108034127352
2627,0.5575028355747914
2628,0.4917247828264353
2629,0.43503588808570104
2630,0.5205684941968557
2631,0.72476672174649
2632,0.4753039869677122
2633,0.6252852643366584
2634,0.27147010550639317
2635,0.7177364933547876
2636,0.49181439306790453
2637,0.44233496083913154
2638,0.5139943567326637
2639,0.4372495514426564
2640,0.4207072779046943
2641,0.6834559297409837
2642,0.4921641072041368
2643,0.6629476178162741
2644,0.490664548348432
2645,0.679321435728763
2646,0.5454521394047209
2647,0.684747197014246
2648,0.4275522486024643
2649,0.5732788643788203
2650,0.4964375679667133
2651,0.3123602870121598
2652,0.37401649194192166
2653,0.5484096649305342
2654,0.5085519694231537
2655,0.5047412841252835
2656,0.5468119353751241
2657,0.42729725917528644
2658,0.5949661770680802
2659,0.4766868787060152
2660,0.5393010207760719
2661,0.3418108603624552
2662,0.461967668948451
2663,0.3229298631319074
2664,0.5102361692381658
2665,0.6220264558897406
2666,0.617858930140152
2667,0.4887158066658791
2668,0.5269350253648359
2669,0.48987473917792185
2670,0.6334848794125499
2671,0.5608187428062931
2672,0.5004347979639454
2673,0.5753047965987587
2674,0.4144565872351269
2675,0.4426052946532953
2676,0.4832743665297101
2677,0.45397450516860066
2678,0.5315761717480673
2679,0.5533488324621069
2680,0.4572990195926927
2681,0.4176776312693935
2682,0.5291292598235603
2683,0.36927256405923903
2684,0.5412222436092223
2685,0.5677788247387152
2686,0.5455305055305483
2687,0.5802047380648787
2688,0.6517468816279247
2689,0.6200776888098286
2690,0.609630843585236
2691,0.5581838703546315
2692,0.6118071320084655
2693,0.5781490601319107
2694,0.3342666869559501
2695,0.6787884450247634
2696,0.4416773925735521
2697,0.6331182628784777
2698,0.4431020315037425
2699,0.4115340461791664
2700,0.4042070506376969
2701,0.4130103933160952
2702,0.6315462294312456
2703,0.6485889132762273
2704,0.5032565249054475
2705,0.4216620650936018
2706,0.4835749057706075
2707,0.7207783722055655
2708,0.4509754365048916
2709,0.6377830244398679
2710,0.8245109299616907
2711,0.7369547116942884
2712,0.5130612478560124
2713,0.40938441267357084
2714,0.5002507726575164
2715,0.5771759105979694
2716,0.4999828793085219
2717,0.4538132188805078
2718,0.5644210087411543
2719,0.4546469497358585
2720,0.722598855175485
2721,0.5269745334488556
2722,0.4697432048559719
2723,0.6573048917239102
2724,0.5879526609791073
2725,0.48249009190483744
2726,0.5983784465509153
2727,0.4565702188168573
2728,0.5220538540541237
2729,0.7304123600412908
2730,0.4158350266504611
2731,0.6869771971625822
2732,0.4928950255237191
2733,0.5613160172764649
2734,0.5277028607075266
2735,0.5265992418788342
2736,0.47757295064347427
2737,0.47439639962821395
2738,0.49215978938474986
2739,0.5353198551175962
2740,0.43207470935898584
2741,0.43299982729429387
2742,0.4277741390791827
2743,0.4022487143065636
2744,0.5805567621279485
2745,0.5230441259164924
2746,0.6895626759970508
2747,0.5653558010443483
2748,0.5158788175629725
2749,0.49221522891084046
2750,0.49562571714303605
2751,0.41481475051664923
2752,0.6494754905833887
2753,0.718654049050511
2754,0.5637342122940315
2755,0.5339226594816617
2756,0.5709185861280012
2757,0.6587920658742287
2758,0.5084804264515882
2759,0.46306709881484576
2760,0.48065995912588133
2761,0.4553382500657142
2762,0.5393034337987463
2763,0.7022083478369623
2764,0.4893278963247885
2765,0.5447629758670164
2766,0.5312902993056389
2767,0.3961842653293198
2768,0.49538998883232854
2769,0.4832679270642116
2770,0.4452033918583375
2771,0.4970050356971818
2772,0.5499939789407347
2773,0.5702566402180129
2774,0.49042476393319523
2775,0.37393074612706
2776,0.48712126675522505
2777,0.5272317340229765
2778,0.45422932641419655
2779,0.5527790434403131
2780,0.5108704433107032
2781,0.5689253834641733
2782,0.5667881430677844
2783,0.5401465794184921
2784,0.4393049819662571
2785,0.4420518705277451
2786,0.5898895088822659
2787,0.5858118745909918
2788,0.2973492117670562
2789,0.5595955982059306
2790,0.4888408439379795
2791,0.5003803786597663
2792,0.5331073327363834
2793,0.4299427693385487
2794,0.7150530966376087
2795,0.49362350192133536
2796,0.5254439547361575
2797,0.4574120161134377
2798,0.5911644803404559
2799,0.4326386413944987
2800,0.4778537501947977
2801,0.7406715479366285
2802,0.40538708391600947
2803,0.6154944720975518
2804,0.531054504059659
2805,0.4636714675006108
2806,0.6787897626435395
2807,0.4711641039498612
2808,0.5888928011954621
2809,0.4535628929892316
2810,0.4927896188624561
2811,0.5582354624751305
2812,0.5633126724076446
2813,0.5711831639991453
2814,0.45219128218714644
2815,0.488987969873802
2816,0.7868531733071029
2817,0.6640642151420034
2818,0.6619530026868263
2819,0.6288509617649714
2820,0.5477070668006372
2821,0.4763046682738628
2822,0.675341548574687
2823,0.5513430146340174
2824,0.4109848502106915
2825,0.6109636049086198
2826,0.4825762023409119
2827,0.5226310757656384
2828,0.35232200691213306
2829,0.435616523622967
2830,0.6097586479381067
2831,0.4375455691126309
2832,0.4207725707090483
2833,0.5479934445411039
2834,0.4558413077045904
2835,0.5553653227177825
2836,0.4816914957344273
2837,0.5695761389903665
2838,0.48542159244569827
2839,0.3714190686027182
2840,0.455240532358522
2841,0.40514022550206674
2842,0.5505789737275276
2843,0.47827045926663736
2844,0.47552447855170976
2845,0.46345085635459327
2846,0.5205175929080952
2847,0.5489372918470787
2848,0.5292356345923046
2849,0.4956768083332875
2850,0.5274059081976502
2851,0.5324541405300195
2852,0.8348369135544479
2853,0.46113215150479947
2854,0.5928103748560297
2855,0.5742111789500043
2856,0.7036444796742329
2857,0.47045784568643545
2858,0.7050691094329459
2859,0.5111092498022178
2860,0.7853627609591949
2861,0.6192495131871063
2862,0.41578061996438853
2863,0.4886281759222779
2864,0.6452203093667555
2865,0.4780990870268991
2866,0.468010189831952
2867,0.5373919620670632
2868,0.5473308774531773
2869,0.4589488713899866
2870,0.4910275672266886
2871,0.712575211589787
2872,0.4838999414881731
2873,0.5110500563433102
2874,0.44354725553651225
2875,0.5523326297225815
2876,0.5494923463908329
2877,0.5326907458904838
2878,0.5564992532147544
2879,0.47379320645210676
2880,0.4250201443218957
2881,0.46562313301063696
2882,0.48278475390876097
2883,0.6743771328444969
2884,0.4556988676171561
2885,0.4541060726243764
2886,0.5881901039052266
2887,0.4473776278746718
2888,0.4808630116295449
2889,0.45038510169331625
2890,0.3853933185970746
2891,0.5133372595094343
2892,0.4873095772622328
2893,0.4085288596564075
2894,0.4950153110309378
2895,0.5115695886278797
2896,0.490603855515371
2897,0.5765817791392257
2898,0.49354432805217346
2899,0.678768910616754
2900,0.5398615243849436
2901,0.38892599028836594
2902,0.4634814569003928
2903,0.5138268067253805
2904,0.5461634404573026
2905,0.42976713051733695
2906,0.4867590192639109
2907,0.46324052996587933
2908,0.4358953410585592
2909,0.45732415327824427
2910,0.49535494899838395
2911,0.4470250072828925
2912,0.7306731743669571
2913,0.6074224490723065
2914,0.36526272581754105
2915,0.5106670555941026
2916,0.3852564544809682
2917,0.6835616652702079
2918,0.7486769762936849
2919,0.47364016499627304
2920,0.4417132622136363
2921,0.5160637067850431
2922,0.5357275377825325
2923,0.459892710439458
2924,0.7645286547103033
2925,0.5583181324787527
2926,0.6767017573368223
2927,0.43789876131537353
2928,0.43967431334108636
2929,0.44668423109734595
2930,0.5770034333866626
2931,0.38635277362069015
2932,0.6915284522838161
2933,0.5594033521389401
2934,0.6810937799192643
2935,0.50142315461057
2936,0.40038936461215463
2937,0.6712496319789945
2938,0.4065162891185157
2939,0.4336342663382288
2940,0.6456157509522134
2941,0.6612418031384011
2942,0.5476082718098396
2943,0.4193775356656757
2944,0.4871828602597222
2945,0.6258620315501586
2946,0.4458560749474663
2947,0.5971547248476831
2948,0.4165668838654967
2949,0.47114891845711965
2950,0.450584492840877
2951,0.41667046771032384
2952,0.45726464833727154
2953,0.6051166971484155
2954,0.5514232734034831
2955,0.45066430985021394
2956,0.45313815715485983
2957,0.6650593183437279
2958,0.65773062535212
2959,0.4057927507901813
2960,0.4418160539822086
2961,0.4911336843174064
2962,0.5178060185287453
2963,0.4760868050046832
2964,0.41244640122463616
2965,0.6637484846332679
2966,0.5641684278340795
2967,0.44881074080364214
2968,0.789136115648447
2969,0.7552659976149159
2970,0.5814296489381996
2971,0.5673301710304355
2972,0.39856403911119315
2973,0.6443816482981138
2974,0.5505534749786045
2975,0.41217189438257273
2976,0.6673205428219008
2977,0.4271413563409313
2978,0.6845741595835004
2979,0.48094440925215415
2980,0.5372776138758217
2981,0.5199240145309239
2982,0.5573041383613988
2983,0.4649982996391572
2984,0.4589754845138246
2985,0.4536170221092148
2986,0.5999203524751763
2987,0.41296118640257573
2988,0.8063819873229936
2989,0.485121462330735
2990,0.49515699588486567
2991,0.5129021587807937
2992,0.4941157473385176
2993,0.5504272099797194
2994,0.5739229217886326
2995,0.4707620244449093
2996,0.4723261179196029
2997,0.5407820655397749
2998,0.5714506424618868
2999,0.4434505524713905
3000,0.6253216391267868
3001,0.629039496292312
3002,0.4374803898128927
3003,0.6014218534051803
3004,0.570372217887352
3005,0.42557845180998155
3006,0.4862650059621837
3007,0.5674478662678861
3008,0.48620126795629137
3009,0.577039802997632
3010,0.5077861678975136
3011,0.4336138163750573
3012,0.6152970871755667
3013,0.504456803839189
3014,0.5833892377484305
3015,0.7857474388348988
3016,0.5943316895724187
3017,0.5233903299916409
3018,0.5857247063598462
3019,0.5194907732431349
3020,0.4619938491859209
3021,0.5144549334838938
3022,0.5377280357887355
3023,0.3327807719550966
3024,0.5725438447476221
3025,0.45747528121507164
3026,0.6398681596888108
3027,0.5748862357566032
3028,0.5453000068807755
3029,0.5314993546504974
3030,0.5333091126353152
3031,0.6738452473917471
3032,0.43903600378922114
3033,0.492606341771
3034,0.717280115570569
3035,0.4479160136898112
3036,0.38800631560312615
3037,0.5121268777377721
3038,0.635972926490079
3039,0.44799273853080085
3040,0.6355411625376818
3041,0.46953965426746136
3042,0.5631768529254514
3043,0.6212252640246023
3044,0.5322835465848091
3045,0.5322805844961416
3046,0.4239946512732787
3047,0.5855200026404159
3048,0.4498057893332964
3049,0.6293470650933314
3050,0.5897428187605519
3051,0.45031544928275924
3052,0.478021332294805
3053,0.582032541719872
3054,0.42153150628737496
3055,0.44295699302846436
3056,0.4488387221320123
3057,0.5161761012041963
3058,0.7399087404791723
3059,0.45815467869759385
3060,0.43714260246817993
3061,0.5602518002917143
3062,0.3538272419376549
3063,0.5017380126285749
3064,0.5267968123183818
3065,0.621033306639207
3066,0.592895774392297
3067,0.4699721080729256
3068,0.43674924803809534
3069,0.460679880147549
3070,0.5494839907095133
3071,0.5752187615636778
3072,0.43939250874320734
3073,0.5627711800902134
3074,0.6817293482409416
3075,0.7526493382657331
3076,0.48898289618882895
3077,0.5578050206524112
3078,0.4173273387227218
3079,0.568613510560769
3080,0.519128628778908
3081,0.5501088582479498
3082,0.4621933761056483
3083,0.5610048079764361
3084,0.6975942579496822
3085,0.7255083271144475
3086,0.5378705347127603
3087,0.5931856005973934
3088,0.7349486530135074
3089,0.6005253380639738
3090,0.5893401092539217
3091,0.3887759453652753
3092,0.5492732665825688
3093,0.6931208163614232
3094,0.42108164896630773
3095,0.5782883849878888
3096,0.4837850294738184
3097,0.5401473801429185
3098,0.6036219646290875
3099,0.44621997134794317
3100,0.646738973806804
3101,0.4779867950207838
3102,0.37945313362246846
3103,0.609549066204477
3104,0.5005759496459203
3105,0.7734509623277857
3106,0.5283909579286374
3107,0.6485803106611009
3108,0.6105342851973792
3109,0.49775241101446893
3110,0.5845656406505874
3111,0.577656003759303
3112,0.43463782798556727
3113,0.47013220505586556
3114,0.6409103166618505
3115,0.3914979914924906
3116,0.4149087828090038
3117,0.5875552283534683
3118,0.4600084708359161
3119,0.5327052891611535
3120,0.7592529535990973
3121,0.5360253374243749
3122,0.5599739389357473
3123,0.5032657589016206
3124,0.644532431109174
3125,0.6335382558530476
3126,0.43197531853963833
3127,0.47193160472860035
3128,0.504690548892425
3129,0.3622756540605238
3130,0.5401342291486757
3131,0.5448130381068588
3132,0.32362950859594986
3133,0.6728739075407127
3134,0.6803449765717497
3135,0.4458276892965033
3136,0.47040804411332954
3137,0.5615379149553359
3138,0.7383763635916847
3139,0.7280294558307147
3140,0.5022727939462697
3141,0.48786111320337344
3142,0.7094126668299994
3143,0.41965734126592413
3144,0.6313013550982155
3145,0.5628383862326601
3146,0.5182575838518552
3147,0.7630674914291922
3148,0.44426934916555383
3149,0.4094073571276618
3150,0.5683103929785668
3151,0.5037645974093794
3152,0.5048701435947239
3153,0.5514662836389183
3154,0.6239297115548185
3155,0.3703690956422379
3156,0.5088018219522962
3157,0.5589156580344722
3158,0.636393458476819
3159,0.47030151587090185
3160,0.6186215568101463
3161,0.4905096324263997
3162,0.6009217706832708
3163,0.5758553070299758
3164,0.44530965662771904
3165,0.5604310101291605
3166,0.5311090545829746
3167,0.5889668913685431
3168,0.6844128426094295
3169,0.7993315235214816
3170,0.4292413274209535
3171,0.4688665445415712
3172,0.46037642946683915
3173,0.43949752738821324
3174,0.4474946222904388
3175,0.5288432902556282
3176,0.6116191505855281
3177,0.4609063580619543
3178,0.48856856246408414
3179,0.5620343542771522
3180,0.4431964800020044
3181,0.49125247077691314
3182,0.46504115848626043
3183,0.6256232526868057
3184,0.5875009738085564
3185,0.4169380167150754
3186,0.5353034755175812
3187,0.4331399642056193
3188,0.5822197740863702
3189,0.5108497803952654
3190,0.7329122468298708
3191,0.5218109024727021
3192,0.6760291485709208
3193,0.5287808062019369
3194,0.39921310867649673
3195,0.6152017342330793
3196,0.4416544441005183
3197,0.6636933607070004
3198,0.3457585435084707
3199,0.5534630722506786
3200,0.5040072540224494
3201,0.41577347588313407
3202,0.5707155605507989
3203,0.5272486831464186
3204,0.6352422210778351
3205,0.6168391915907249
3206,0.5428529828972668
3207,0.6606698325754133
3208,0.8033048650199615
3209,0.45476584466610687
3210,0.4854785875930389
3211,0.48867388889135843
3212,0.5723691070413408
3213,0.4933977669186361
3214,0.39071661407066305
3215,0.37117151706595797
3216,0.5261688446734224
3217,0.6647820760784595
3218,0.5268574507615791
3219,0.49109954158406277
3220,0.6409780568185092
3221,0.42288617234737114
3222,0.5666234280348095
3223,0.5086608878060079
3224,0.49228636046262847
3225,0.5349175377802543
3226,0.6093316936996838
3227,0.6061128806556351
3228,0.45309587331888634
3229,0.44726467582983775
3230,0.7649633610784091
3231,0.5546332021299921
3232,0.4722903494034925
3233,0.49808431915079954
3234,0.5510523652234997
3235,0.6129450697174624
3236,0.5306077716385774
3237,0.513669748528992
3238,0.5077764334341203
3239,0.739984031650772
3240,0.4957762559786926
3241,0.6584951731614679
3242,0.5687358585357696
3243,0.4050790151459357
3244,0.39716487121516963
3245,0.5537071740739266
3246,0.5335716862883219
3247,0.6719875945789617
3248,0.5132135406168873
3249,0.5682574492050678
3250,0.4888835544936792
3251,0.6519750473230612
3252,0.3543520807633896
3253,0.5688471000679615
3254,0.6821231442488742
3255,0.5480163677010438
3256,0.7362509807962685
3257,0.44985962394577395
3258,0.49660058224682935
3259,0.41457089632940664
3260,0.5761974666947962
3261,0.5476874291821794
3262,0.5796155235639087
3263,0.40722865654041773
3264,0.7176323919804484
3265,0.3963213171217874
3266,0.5551980262864072
3267,0.4944301190876544
3268,0.5106387620590863
3269,0.5858442263779655
3270,0.6068716517416995
3271,0.6235633160766223
3272,0.533381400965499
3273,0.48957393288254347
3274,0.6265718450324651
3275,0.5844799487032462
3276,0.6961681815258433
3277,0.7043509627340749
3278,0.40393167172928657
3279,0.5908860704414055
3280,0.4449847311746834
3281,0.5157289583675572
3282,0.5020605456985626
3283,0.6026791459737316
3284,0.4708408122744035
3285,0.5900396097725567
3286,0.5946440500721224
3287,0.6293494219511799
3288,0.5722401939173614
3289,0.5848102883173897
3290,0.5266852789415452
3291,0.5763915435833386
3292,0.49261121739605884
3293,0.3559310927848215
3294,0.4790732338895985
3295,0.4550046238548803
3296,0.41462565190922634
3297,0.5457779394719336
3298,0.6387646472602216
3299,0.6921226892531913
3300,0.44412217765707307
3301,0.4249871276209454
3302,0.5169437759462292
3303,0.4828652359526047
3304,0.41440537780823294
3305,0.5964871312195078
3306,0.6996111132973772
3307,0.4976993009417054
3308,0.4786078769201198
3309,0.4693040310670113
3310,0.45337813310596775
3311,0.5875559099809977
3312,0.5274050378345071
3313,0.5294148572903091
3314,0.7305766237684943
3315,0.48619600523261614
3316,0.4054707663745536
3317,0.5843732529774913
3318,0.6214147184228043
3319,0.641555565053269
3320,0.6265640576534843
3321,0.5254817448379739
3322,0.38819275285079125
3323,0.5640865336296458
3324,0.4760023005510522
3325,0.5747777953036548
3326,0.5077180848677613
3327,0.564842551988343
3328,0.637648253523838
3329,0.5852121294755401
3330,0.5134577938334002
3331,0.5435475555509327
3332,0.6652634653767245
3333,0.31354434783730156
3334,0.590337167097622
3335,0.6112674061086998
3336,0.5022543733652475
3337,0.5748765487247866
3338,0.4976562157878055
3339,0.4991279318506211
3340,0.5106224624188197
3341,0.6830208496222646
3342,0.4141258581433328
3343,0.3901029027282231
3344,0.5568417161613188
3345,0.5725054621222507
3346,0.3966828969914586
3347,0.5965586902031766
3348,0.5943430149600712
3349,0.6492339957327431
3350,0.3806444687053707
3351,0.5511794668738856
3352,0.5790253641779262
3353,0.5450070436634413
3354,0.7477448243989535
3355,0.3987753720291892
3356,0.5196373439452621
3357,0.5377762020693432
3358,0.4518167876208079
3359,0.462275277857257
3360,0.5806916271457109
3361,0.6010135430451301
3362,0.4102521628897163
3363,0.559490887609543
3364,0.5599386353774438
3365,0.3854098982024755
3366,0.33248669495713323
3367,0.4797748571739578
3368,0.5603281259948565
3369,0.3682982340338178
3370,0.6532646786675032
3371,0.437606498937119
3372,0.5019788554863375
3373,0.5088050853838768
3374,0.5214565976484747
3375,0.6116012830904181
3376,0.35385367892366154
3377,0.4031748011432287
3378,0.4749378634068161
3379,0.5153033627514395
3380,0.5716451401847734
3381,0.7053290437778534
3382,0.4281645397992349
3383,0.48017925951817536
3384,0.6185918645105749
3385,0.4877550065208669
3386,0.5527582710468494
3387,0.7016286025888838
3388,0.6381334919845334
3389,0.4611349265045962
3390,0.5833906681094572
3391,0.5476158782026661
3392,0.6132826466073942
3393,0.4797535910733716
3394,0.6040225198246402
3395,0.4556918796031075
3396,0.527077923768141
3397,0.4942326157197596
3398,0.46282571796231675
3399,0.4796927862958752
3400,0.5465718346355243
3401,0.7114249648959247
3402,0.36222676634311834
3403,0.48053422468757695
3404,0.52893861598741
3405,0.40881741491259416
3406,0.7036304012994006
3407,0.4463000069103346
3408,0.44571938348644424
3409,0.549858375713339
3410,0.7569360982973732
3411,0.5837050284056498
3412,0.3960887227180276
3413,0.42550522801217094
3414,0.6351770770510996
3415,0.36389114270694645
3416,0.7140812458738188
3417,0.4905615673334329
3418,0.4678466968799604
3419,0.6085066014236906
3420,0.45661672412486176
3421,0.5616595970782066
3422,0.4148653181840432
3423,0.6940560005605791
3424,0.49882865996240494
3425,0.5318433295865961
3426,0.4745857921462382
3427,0.5664944488145565
3428,0.4786728347147651
3429,0.7940153621480406
3430,0.4811487587239967
3431,0.49045919639367846
3432,0.41520951196512135
3433,0.3474674047728402
3434,0.5881663835267675
3435,0.7649432222208234
3436,0.4869493568453337
3437,0.5602660009340086
3438,0.40982648500062335
3439,0.46579469723748784
3440,0.49546745657152486
3441,0.43671184641117733
3442,0.4891141808273476
3443,0.5191818645401806
3444,0.6005833490284093
3445,0.5547558281637122
3446,0.6646369578055517
3447,0.544840264220966
3448,0.558700080106053
3449,0.5587899798580059
3450,0.4495907691265865
3451,0.3786911641924499
3452,0.45830521673146773
3453,0.4741282371043599
3454,0.5147187461100312
3455,0.4962000524087899
3456,0.5884752782037884
3457,0.5230601591737812
3458,0.48953380464667323
3459,0.42493288210913716
3460,0.6916928479701645
3461,0.5175208305114819
3462,0.4484890540607288
3463,0.780755960267759
3464,0.5371535461196908
3465,0.5454363709254993
3466,0.7987078534338334
3467,0.6034689110574697
3468,0.6213230071495646
3469,0.43817729517563275
3470,0.6196368607969877
3471,0.5001056495211982
3472,0.5168053088016594
3473,0.5937068423959624
3474,0.482598901737819
3475,0.5578282954546807
3476,0.5456254277797599
3477,0.5635167231289244
3478,0.5937096970406339
3479,0.703295617789344
3480,0.6275777386002178
3481,0.5349770451873238
3482,0.49018807619913696
3483,0.7398040777030339
3484,0.45654958333696505
3485,0.7365116509430301
3486,0.5106657717559796
3487,0.7457729356438805
3488,0.6000810199248865
3489,0.5939095576394587
3490,0.411440306433819
3491,0.5918359262691433
3492,0.41076002806943285
3493,0.3661649773297711
3494,0.6459907036280611
3495,0.7779080809638403
3496,0.5252330865179061
3497,0.5498985573001286
3498,0.6414538825444605
3499,0.5299286387992144
3500,0.683077572244908
3501,0.5385933491314921
3502,0.5960648896352426
3503,0.4145737591000383
3504,0.425993643765334
3505,0.5915345018735796
3506,0.662892732412824
3507,0.4831003825929251
3508,0.651143055006083
3509,0.6914750832213773
3510,0.5604701348690218
3511,0.35760295834599876
3512,0.5068798506039175
3513,0.45953132826161486
3514,0.6177425363871984
3515,0.5026160796574674
3516,0.380783646336344
3517,0.34370219684299536
3518,0.4938195947183366
3519,0.31842592315351415
3520,0.43994126931912625
3521,0.5431065150524484
3522,0.43435859854003095
3523,0.4448756608188612
3524,0.4880508029081261
3525,0.49298880772790143
3526,0.5774444920493533
3527,0.44528725710144007
3528,0.6263144780600588
3529,0.5343331967385738
3530,0.5249165176348723
3531,0.731741175411913
3532,0.6183905295106441
3533,0.4422208083062372
3534,0.4512575169746264
3535,0.4993987320940064
3536,0.4431778852055023
3537,0.4910463147118261
3538,0.6910427805101075
3539,0.5598107596574203
3540,0.4720699434573161
3541,0.5141113183613208
3542,0.5078635853540551
3543,0.6441458316661933
3544,0.49171761881765524
3545,0.7069286241706553
3546,0.868917022036803
3547,0.42406491382139244
3548,0.6005536331745713
3549,0.6740890041265649
3550,0.5704828414321348
3551,0.4122320530235688
3552,0.7146550317843396
3553,0.48397059336670256
3554,0.6051732051816904
3555,0.6148960208768167
3556,0.48671643585280383
3557,0.4439346743802559
3558,0.4669724956549899
3559,0.4412477934402952
3560,0.710156528072288
3561,0.5002532404402474
3562,0.48539999476136814
3563,0.7136914934062294
3564,0.5241811411477959
3565,0.5341225641450952
3566,0.6016895821475268
3567,0.7548128411830468
3568,0.6202882486306867
3569,0.5478998899895748
3570,0.45343831134308143
3571,0.5241733432480091
3572,0.43858219679246674
3573,0.4147794249360054
3574,0.4535964902752841
3575,0.5465682930590867
3576,0.5429038209493892
3577,0.5807318549052609
3578,0.5596072369268096
3579,0.5334029679919632
3580,0.5251231309188772
3581,0.6032081595278188
3582,0.6427686565868466
3583,0.5348071139450052
3584,0.587910916487156
3585,0.5497589729163163
3586,0.4993747127687393
3587,0.710004941243066
3588,0.44289231862140804
3589,0.3280757153797382
3590,0.46197569029272895
3591,0.3893954717487055
3592,0.46966394175907233
3593,0.47550862709741504
3594,0.6121077513568234
3595,0.39697441680142626
3596,0.6536863697334162
3597,0.4092943562143901
3598,0.4612869027093978
3599,0.44255639680164593
3600,0.5344406016469592
3601,0.5860219330834278
3602,0.5829993146125633
3603,0.549618011076416
3604,0.48505091890847535
3605,0.5044533011420271
3606,0.513471183898633
3607,0.524192505673656
3608,0.6009735011214369
3609,0.6224039068482805
3610,0.6180219673871116
3611,0.46324831992278137
3612,0.871011509551125
3613,0.41397074965320385
3614,0.5213633868341141
3615,0.4730315244608697
3616,0.5199221014582917
3617,0.3481869411034357
3618,0.5281288852821192
3619,0.5443863280344186
3620,0.5259049337379191
3621,0.6210638986222186
3622,0.6380567265412185
3623,0.599833653985718
3624,0.3260427495918142
3625,0.428683567703963
3626,0.4757265215220727
3627,0.502551210416766
3628,0.510721058998263
3629,0.44304942553007554
3630,0.71000808131528
3631,0.4096389229966019
3632,0.4761966609392868
3633,0.5632854061345066
3634,0.44727988480309855
3635,0.4593331891536696
3636,0.3302141325612868
3637,0.5725065928846814
3638,0.5913109984053525
3639,0.575355885913375
3640,0.6467901465926087
3641,0.6326576528722812
3642,0.6030105562563904
3643,0.5225040702048552
3644,0.615182760141971
3645,0.5625238398127819
3646,0.6446243020910959
3647,0.4473008265001599
3648,0.45226968927174643
3649,0.5009484208705189
3650,0.47231183345286415
3651,0.2927997894040843
3652,0.4188381163421394
3653,0.5377227829322435
3654,0.4764035577864598
3655,0.43934335207184405
3656,0.5083923426376589
3657,0.48402529907581676
3658,0.6264982141773834
3659,0.4870726162115241
3660,0.6303466103307438
3661,0.40062221157992894
3662,0.4883261462771731
3663,0.501269221632403
3664,0.45022652233034416
3665,0.4605254236312971
3666,0.473348161102533
3667,0.491910697491403
3668,0.5583173225105091
3669,0.5837194046912506
3670,0.4833457961899996
3671,0.5439947586522366
3672,0.3770300418923844
3673,0.5054361750156171
3674,0.4074542627506314
3675,0.5718823602494746
3676,0.5773137535185046
3677,0.5113041595123277
3678,0.5702075641925197
3679,0.6106126961514845
3680,0.5630374963405257
3681,0.604199335730506
3682,0.4324062712013322
3683,0.5500661568432792
3684,0.5269472886865723
3685,0.5105809647924362
3686,0.4350525492990524
3687,0.7047533482412376
3688,0.485301031787234
3689,0.5919492356707782
3690,0.44552499994833983
3691,0.4982266087196841
3692,0.58993625301201
3693,0.6504776322323481
3694,0.47607532669919933
3695,0.38244646004123867
3696,0.41982633159611954
3697,0.5385113558606478
3698,0.5350498231697388
3699,0.4022212972916538
3700,0.4272161544132668
3701,0.6245740215045827
3702,0.6905886746426915
3703,0.6877885080125022
3704,0.523876477608551
3705,0.6887364052727524
3706,0.5717697257245488
3707,0.4376912802941382
3708,0.5336663475005505
3709,0.47146796516090284
3710,0.46361145212010874
3711,0.6348657921086981
3712,0.5271691699987665
3713,0.7539903405967189
3714,0.6129084839474703
3715,0.5843883549273421
3716,0.29428880730893114
3717,0.7229069877146145
3718,0.5933070045222512
3719,0.5102044794070724
3720,0.5555547946643943
3721,0.6484994055266372
3722,0.6285864961252174
3723,0.4170328222423594
3724,0.6763546439031141
3725,0.4373755996865628
3726,0.678226139657772
3727,0.5309311791127348
3728,0.4706992694741254
3729,0.5021287627795273
3730,0.8090522127532402
3731,0.5046662311013232
3732,0.6526467327748406
3733,0.5182656442867162
3734,0.4863136580662463
3735,0.6249150843535366
3736,0.5556066931024329
3737,0.4184417326834865
3738,0.5952988194974466
3739,0.5092314150503141
3740,0.692096149366163
3741,0.46203646104591617
3742,0.3949601479664564
3743,0.5774730512960601
3744,0.3921868301775937
3745,0.5640580553618435
3746,0.4930825259808344
3747,0.4423756982964745
3748,0.435174557735716
3749,0.7531570192150546
3750,0.6389431662138365
3751,0.5018671634283154
3752,0.4957747511021293
3753,0.5383015734327641
3754,0.4218911267109816
3755,0.4627683292668746
3756,0.5593639377472971
3757,0.4377116197019595
3758,0.4467262040862386
3759,0.4682773145058324
3760,0.5784267441657462
3761,0.4947864531198738
3762,0.46962722246445665
3763,0.4700131945345683
3764,0.538452574923113
3765,0.5319754995416147
3766,0.7099979670983504
3767,0.480436698663808
3768,0.6787906210933837
3769,0.5715841498621972
3770,0.5866491457060374
3771,0.582012684767052
3772,0.5733869741234778
3773,0.7004612678191457
3774,0.5704859099783767
3775,0.42061457430841576
3776,0.513997741919172
3777,0.5087576513161698
3778,0.5534452454374174
3779,0.6350825504091515
3780,0.5042739398621042
3781,0.5692443461092009
3782,0.491116447705899
3783,0.42637412791042223
3784,0.4698764477431606
3785,0.5692731718362959
3786,0.5746854682975324
3787,0.6321774891642236
3788,0.7277368142622267
3789,0.5347802971095535
3790,0.60274094583358
3791,0.5572372516326904
3792,0.45833309289898916
3793,0.46843104457439505
3794,0.5820265434785985
3795,0.328500272262754
3796,0.634358486116527
3797,0.5548921117323136
3798,0.46658860863822027
3799,0.5609277150994897
3800,0.41323452342002753
3801,0.6425778956976564
3802,0.4680698499550183
3803,0.49940294091309223
3804,0.49407999325498086
3805,0.5394422862282405
3806,0.48082363414429513
3807,0.46371628556033095
3808,0.5830116222914945
3809,0.7556078714316039
3810,0.4973860166988762
3811,0.5291859587151786
3812,0.5503180822557515
3813,0.5094793976501379
3814,0.5799199755829682
3815,0.5051782776182052
3816,0.4197173715749962
3817,0.4573247787988262
3818,0.39620572886856376
3819,0.5542233784703425
3820,0.7231553056321764
3821,0.48179888654358694
3822,0.5247482195425102
3823,0.47670665359640124
3824,0.6938589200554028
3825,0.5779239824745053
3826,0.7364536589097497
3827,0.5207371005688863
3828,0.5877253375626672
3829,0.5364802204679612
3830,0.44156188352354825
3831,0.5032540366966773
3832,0.4896414582561566
3833,0.586131991634118
3834,0.5398791892285213
3835,0.4399526634040268
3836,0.4664381313720556
3837,0.5171547381003115
3838,0.3825553853302096
3839,0.5174300229376647
3840,0.5450819120474445
3841,0.4776681099173907
3842,0.5346835851969959
3843,0.39968873769607727
3844,0.5575323104675233
3845,0.5829939709886063
3846,0.5209228333950029
3847,0.4915958564894365
3848,0.4980024169252351
3849,0.4887273608480012
3850,0.519788821683002
3851,0.608677771810316
3852,0.4356470920517099
3853,0.8500869564252652
3854,0.521552984760696
3855,0.6047531015254387
3856,0.5148242558337398
3857,0.4215175061308605
3858,0.7102474648922743
3859,0.6276132330279699
3860,0.5812476807349831
3861,0.5306107090922048
3862,0.45786115606422995
3863,0.48685701107962365
3864,0.5469617165867916
3865,0.5194390153094827
3866,0.4869133182533637
3867,0.6000757877312837
3868,0.4731074967201859
3869,0.5905399911953786
3870,0.5647959253455573
3871,0.5045055950079806
3872,0.46492446597911347
3873,0.7103067548226839
3874,0.4539713312354685
3875,0.5590312557970055
3876,0.61574659409587
3877,0.5568114285963267
3878,0.41486151064489013
3879,0.4649889658325017
3880,0.6806920130128765
3881,0.4786493715193202
3882,0.4916234218369976
3883,0.48673180296870683
3884,0.5621544098674575
3885,0.438032894476019
3886,0.4377935833333182
3887,0.5401375656027377
3888,0.5729241206012959
3889,0.5806131477562702
3890,0.5563268668428035
3891,0.44636063109531543
3892,0.5467340403567149
3893,0.547191919829627
3894,0.6227585298458844
3895,0.5654426832995134
3896,0.5408044119538387
3897,0.40063842391506665
3898,0.5045096598179074
3899,0.41429160370865714
3900,0.5793244371134557
3901,0.4970381969535251
3902,0.5345333993389227
3903,0.5314626666445558
3904,0.5365311110452851
3905,0.5532247400989682
3906,0.6495143122641196
3907,0.570418265531827
3908,0.6303373813780043
3909,0.590498071724645
3910,0.46867978124568077
3911,0.3986912916158575
3912,0.5493931039000238
3913,0.5170296159031812
3914,0.5170069738664519
3915,0.505082436035106
3916,0.6024177449803434
3917,0.6079523326064076
3918,0.46759338545330303
3919,0.46909934324516167
3920,0.6705517575303305
3921,0.3938060203341768
3922,0.37083339870321785
3923,0.8411523140982332
3924,0.6397707652489916
3925,0.4487358200295487
3926,0.3999422443388483
3927,0.4528667264875297
3928,0.560197107443952
3929,0.5481616470328815
3930,0.5965099969425317
3931,0.35424008216145175
3932,0.41686119229867535
3933,0.5664004031731115
3934,0.9281307114274877
3935,0.6218378287488218
3936,0.44558342062858425
3937,0.3729342913562773
3938,0.3345272884523835
3939,0.4805966835977124
3940,0.5076326414675157
3941,0.49935853538948455
3942,0.5688790275748605
3943,0.41277536089672734
3944,0.3715194083505252
3945,0.6335780824833673
3946,0.4130794828847865
3947,0.5426001872383898
3948,0.5044577871299383
3949,0.557754093180676
3950,0.4372884219803283
3951,0.5997710478290537
3952,0.4554610648607078
3953,0.4614087833061683
3954,0.5946954483561986
3955,0.41550468218594744
3956,0.6026050310917993
3957,0.5896493992208609
3958,0.46633676248537304
3959,0.49156883110622074
3960,0.7160541305794088
3961,0.5931134558558377
3962,0.5061239027331216
3963,0.4754328271508076
3964,0.450317140998415
3965,0.5173880260112044
3966,0.5803118010206404
3967,0.42726663216813604
3968,0.4997916954701003
3969,0.41069113700923554
3970,0.520340897571521
3971,0.48805234650124585
3972,0.5420749090526357
3973,0.4782946565547502
3974,0.4424748731923623
3975,0.46901726186369186
3976,0.4308700327190358
3977,0.6044972337265976
3978,0.397905150643448
3979,0.6467011553766012
3980,0.5004145522518996
3981,0.546258680802439
3982,0.5522837007770497
3983,0.4875222177141029
3984,0.5461055201643037
3985,0.5022135485258973
3986,0.544309651713194
3987,0.42814612381885286
3988,0.5213243863483459
3989,0.2809255986313458
3990,0.3977443674892905
3991,0.5723992941672313
3992,0.5793064601962122
3993,0.4770230604945144
3994,0.5354402017325345
3995,0.52519032888519
3996,0.4616335617237616
3997,0.5543475649682001
3998,0.354534091771926
3999,0.4797001795760235
4000,0.5098751114150611
4001,0.5874085024045405
4002,0.44438683162424264
4003,0.6384240290325236
4004,0.45762733200692407
4005,0.5695231044557347
4006,0.6056693287156442
4007,0.518154836536146
4008,0.44435738622114984
4009,0.6197527911211643
4010,0.5429539335166119
4011,0.5791235414620556
4012,0.5673409364644569
4013,0.4630203230993509
4014,0.3762752120387153
4015,0.47569976691939586
4016,0.5787738731214801
4017,0.48556971793037096
4018,0.3662316899251563
4019,0.53687148127624
4020,0.27324271329792954
4021,0.4475305586811166
4022,0.46382917493026077
4023,0.4766932699594768
4024,0.5083058415679055
4025,0.4736400317398676
4026,0.4690097930199635
4027,0.5087368574444027
4028,0.4921308375168307
4029,0.6214588188782555
4030,0.39891504980805303
4031,0.66870376304269
4032,0.48233119824060366
4033,0.5786709724332383
4034,0.3769270522460991
4035,0.4874763112703754
4036,0.5313899722588038
4037,0.6647311888598924
4038,0.4994980715439484
4039,0.48435816924065483
4040,0.5328453237994017
4041,0.6235296325092511
4042,0.4933413080641798
4043,0.5058596785064688
4044,0.54987611737713
4045,0.5805741233900227
4046,0.6023882439808443
4047,0.6413291793193199
4048,0.5461257315666502
4049,0.330440234339911
4050,0.4449837362550183
4051,0.48928842786421145
4052,0.6142067388174908
4053,0.56556565354935
4054,0.6052018921055216
4055,0.29870417903518937
4056,0.42336568927185014
4057,0.8385439941306503
4058,0.5027979948373063
4059,0.4289203115146787
4060,0.5285164069023384
4061,0.4296135689389389
4062,0.5313325129276477
4063,0.4145722927635356
4064,0.4639478400056913
4065,0.4583656997445296
4066,0.6972157099555293
4067,0.6167242494957483
4068,0.5333998946949041
4069,0.49318131226507494
4070,0.6413268106684891
4071,0.4583278491482426
4072,0.4650692810969754
4073,0.46908018286421843
4074,0.5159891972572698
4075,0.5371173181145276
4076,0.5382606508925103
4077,0.5900190813568389
4078,0.7307787907186909
4079,0.443787362341178
4080,0.39731378974954634
4081,0.4943404331966627
4082,0.45906287335530177
4083,0.5894944573378937
4084,0.6619011355863548
4085,0.489340529492143
4086,0.4410535375406299
4087,0.4151577314795045
4088,0.5909477424353029
4089,0.44857612810945524
4090,0.6360244538403717
4091,0.6032718876269675
4092,0.5858223563159947
4093,0.4424325844984141
4094,0.4322047425995749
4095,0.6905997297299011
4096,0.45102988099652813
4097,0.43233932552240356
4098,0.5508909172544958
4099,0.44911708198676015
4100,0.48889079569944976
4101,0.5457471586928468
4102,0.5511321608348374
4103,0.5963008134543739
4104,0.40908952897764495
4105,0.5927891252754317
4106,0.4753417934773395
4107,0.6347533543660205
4108,0.5290742065368111
4109,0.5162584420539954
4110,0.501734595465388
4111,0.5114343445058823
4112,0.43934966338210923
4113,0.8133792874930394
4114,0.5069663929877538
4115,0.5425562595060558
4116,0.6923509686892578
4117,0.5955638454755123
4118,0.5127361169101514
4119,0.5107940426935605
4120,0.6631345738370467
4121,0.5012218586738423
4122,0.4006331735815397
4123,0.3465501420194815
4124,0.7709336563400581
4125,0.29796492885228065
4126,0.48960270711442905
4127,0.48228469034688876
4128,0.5483817256841332
4129,0.4385182977324333
4130,0.6019665550745994
4131,0.5489244577571009
4132,0.803583366896144
4133,0.46569501304575406
4134,0.7663278823236859
4135,0.40816546643362756
4136,0.6209753798392444
4137,0.4756955385704741
4138,0.4994993586886798
4139,0.4554381504094574
4140,0.6756887533774312
4141,0.45385808765262
4142,0.4598635195692861
4143,0.3901704994234607
4144,0.5121990849230326
4145,0.5858981533449701
4146,0.42414923500987745
4147,0.6502229760854876
4148,0.47338492542107213
4149,0.5626937035328238
4150,0.3988120469961145
4151,0.4726582479527158
4152,0.43052278815137435
4153,0.6045920782086627
4154,0.5606701407254666
4155,0.5357645408005971
4156,0.616458299150069
4157,0.525027008271696
4158,0.7985943628716963
4159,0.5263493428041752
4160,0.741346931908679
4161,0.3611260190493303
4162,0.5610215359529312
4163,0.5027602808648142
4164,0.5710936483041094
4165,0.4273230583725867
4166,0.4679871587517955
4167,0.5715876553279461
4168,0.5581934282405339
4169,0.39876019839247334
4170,0.5673174799343162
4171,0.5248733802658233
4172,0.5536595530247638
4173,0.6275118663002014
4174,0.5439044511238084
4175,0.49772481135264135
4176,0.5235033097734826
4177,0.5319381149057821
4178,0.46456332586865595
4179,0.6453259079745324
4180,0.35585938015725727
4181,0.5671679974542904
4182,0.52821345352275
4183,0.3424748528412903
4184,0.4418537073169442
4185,0.4787136436815123
4186,0.6427269273750387
4187,0.3831601285752031
4188,0.5109415614420867
4189,0.6715865751761112
4190,0.62297953639786
4191,0.5195216726784763
4192,0.5637530276104064
4193,0.619995258543925
4194,0.5389839399289866
4195,0.35616551166405125
4196,0.5431823192172435
4197,0.4738513018085455
4198,0.505917474142622
4199,0.39730047331490026
4200,0.5255426941519513
4201,0.439769195719184
4202,0.4296744025406062
4203,0.5349042773928255
4204,0.5210719504502357
4205,0.5704447653261275
4206,0.5797471458237212
4207,0.6010700154599913
4208,0.49344107364858525
4209,0.48680695155446246
4210,0.4664366129961741
4211,0.4874176609572929
4212,0.5154223590371619
4213,0.49881784649643135
4214,0.6171203525882362
4215,0.6944360484410793
4216,0.2349601327352005
4217,0.5169156522497159
4218,0.6362074006464586
4219,0.5015973584129916
4220,0.5494990788509916
4221,0.5298202655318043
4222,0.570572888452633
4223,0.5696018844734325
4224,0.3919883905666558
4225,0.4749695251359173
4226,0.5827272494538356
4227,0.48201935156690584
4228,0.4408329610780483
4229,0.8686975999102637
4230,0.5751152715715124
4231,0.44010466139075677
4232,0.5447806744857631
4233,0.7191130991802597
4234,0.5842269287087222
4235,0.8149726078685049
4236,0.41981332634118396
4237,0.645234711011206
4238,0.5191859486644133
4239,0.3483850791884833
4240,0.5228553360096722
4241,0.41914194214549666
4242,0.6481415086638335
4243,0.41429679891237126
4244,0.5346023199479236
4245,0.5376012417344694
4246,0.533744980857828
4247,0.512153561994031
4248,0.6863370209455071
4249,0.5209905638808243
4250,0.48108541177307945
4251,0.732311307006842
4252,0.6440865799814387
4253,0.5156089793522234
4254,0.5338369440221036
4255,0.4694288028345631
4256,0.44595926825622034
4257,0.49138955298900977
4258,0.6014066284439211
4259,0.5235334281370039
4260,0.4661156567814015
4261,0.4102030216033423
4262,0.46950382234688337
4263,0.5980960964301408
4264,0.7298379516124868
4265,0.46021624330372335
4266,0.6099350100848732
4267,0.5696216812482375
4268,0.5927372973929677
4269,0.5657597892203998
4270,0.568028744239241
4271,0.3960498575449094
4272,0.4583424353977282
4273,0.5296181605312001
4274,0.4863255448792681
4275,0.6845217364628144
4276,0.543346713843057
4277,0.5587339829046246
4278,0.48832158002771603
4279,0.5072458392218882
4280,0.46853138854621046
4281,0.5045291959485481
4282,0.5657161323936066
4283,0.31910565247236344
4284,0.4322105702797603
4285,0.6575400472131305
4286,0.4316030112130771
4287,0.6667893470802966
4288,0.596568763057455
4289,0.5371904265047692
4290,0.5527166495939574
4291,0.7471006061116815
4292,0.6624517155397338
4293,0.6106524648755364
4294,0.6229483477846414
4295,0.5924955988042796
4296,0.5436507461930116
4297,0.450321172473541
4298,0.7006824980943448
4299,0.41805480628063807
4300,0.5654759944461768
4301,0.46606367831772993
4302,0.6379859538000499
4303,0.5260870547182379
4304,0.5274980889920513
4305,0.6517305323758741
4306,0.49818668943058714
4307,0.5553370614785826
4308,0.6500924880461187
4309,0.36355310327424345
4310,0.6375854255597507
4311,0.658467196709664
4312,0.5920445671200311
4313,0.5161606454330093
4314,0.512721770072996
4315,0.42819237616076167
4316,0.5204561688521325
4317,0.46318261592311544
4318,0.4514873831947039
4319,0.5221261703556789
4320,0.7262704317352353
4321,0.5907152021165527
4322,0.7436224657869953
4323,0.7871824513000283
4324,0.4214012878942035
4325,0.5404357288204316
4326,0.5199515779052888
4327,0.40011336803184694
4328,0.580483045277793
4329,0.5922887566627623
4330,0.4914696172705815
4331,0.45096000045404194
4332,0.5562545230770054
4333,0.3741690138243946
4334,0.49350672192645656
4335,0.5529450415702717
4336,0.5510093067776904
4337,0.5654081315960422
4338,0.5170873309745094
4339,0.4952885229383782
4340,0.46363672233893904
4341,0.533451810231625
4342,0.6927485779846841
4343,0.5730848387767724
4344,0.529631273377268
4345,0.6661563104803979
4346,0.41572416362051784
4347,0.4921887217039223
4348,0.4929097818894954
4349,0.7160480375305678
4350,0.36920466780104444
4351,0.5517892219611944
4352,0.46008648063578333
4353,0.5057375999467063
4354,0.5504130381884318
4355,0.4521583562900671
4356,0.5444002519679154
4357,0.5468574437199089
4358,0.5315388940819167
4359,0.6589694999036235
4360,0.5502503748925768
4361,0.6692736532877697
4362,0.3317214331973525
4363,0.5188737730942931
4364,0.5133345995075137
4365,0.698936231100671
4366,0.5991519063571995
4367,0.5184196901199656
4368,0.6899162723835128
4369,0.5469526531329918
4370,0.4075512881160653
4371,0.5888393615879437
4372,0.4740439470447959
4373,0.6449494413276072
4374,0.5309008926916433
4375,0.5049987938797194
4376,0.459169940825762
4377,0.40770275178064586
4378,0.4362342658786521
4379,0.6220611780589513
4380,0.41526663739263114
4381,0.44381880214428093
4382,0.4716988855531804
4383,0.43446767896041494
4384,0.4979852183759166
4385,0.6099397771985079
4386,0.5116871316009819
4387,0.4300689698178066
4388,0.599504061391857
4389,0.5542280515701228
4390,0.4289637575579667
4391,0.5901535038532032
4392,0.4001592483320129
4393,0.5982930688735767
4394,0.49929052786668837
4395,0.5663188466313142
4396,0.5053704402506183
4397,0.6281431134378037
4398,0.6487797862609391
4399,0.5637285474910818
4400,0.5541108081938042
4401,0.5171806915180466
4402,0.35244041097061096
4403,0.37904774472602454
4404,0.5508067188919347
4405,0.5883346036274911
4406,0.6486211868699199
4407,0.4435177948957627
4408,0.7820373288136114
4409,0.4981641196840948
4410,0.5030804751836084
4411,0.41526657246595405
4412,0.4547068723536182
4413,0.49620970256467406
4414,0.5083973023908324
4415,0.49728154269356745
4416,0.6079387114255018
4417,0.49764558979452794
4418,0.49288891826902875
4419,0.668823512497601
4420,0.5178179871427541
4421,0.5003775460177088
4422,0.4571158303518962
4423,0.44827704669229934
4424,0.4925163867738561
4425,0.40068463297001233
4426,0.46762103651989456
4427,0.45588455855577303
4428,0.5567028472606336
4429,0.4306575862359725
4430,0.44975536702490115
4431,0.4399481881074165
4432,0.4484892961244198
4433,0.4616354539715095
4434,0.6089456308121697
4435,0.5360245725913365
4436,0.5582913635760018
4437,0.5322678328071214
4438,0.4363543009306299
4439,0.5032018614497791
4440,0.5747314083741445
4441,0.5716565165518956
4442,0.40144980567259597
4443,0.527141646888712
4444,0.503663009721638
4445,0.5723775665666619
4446,0.46138140284620033
4447,0.5638519630760253
4448,0.3844412305807331
4449,0.5110524009808737
4450,0.4546619294928279
4451,0.478332525956782
4452,0.5288864913889769
4453,0.7209008385056801
4454,0.534219701636905
4455,0.4574115530262979
4456,0.8819026313923185
4457,0.6101804012920139
4458,0.47099892249868275
4459,0.4507147479056022
4460,0.613293096502353
4461,0.5323268220272916
4462,0.5509647657079807
4463,0.5164030423091093
4464,0.6246145639871579
4465,0.44832297159079976
4466,0.6328707562618471
4467,0.7086162270255542
4468,0.5539429675362713
4469,0.5384655131123022
4470,0.5708970901805654
4471,0.42649250050280046
4472,0.4506412864652962
4473,0.32168939987978573
4474,0.7223835989393509
4475,0.594769584886653
4476,0.36199344914076137
4477,0.5801540942394912
4478,0.5547162243818572
4479,0.5330084726998198
4480,0.48850949671801686
4481,0.35382085670707686
4482,0.49167363955053295
4483,0.5480977852544985
4484,0.5399928325431509
4485,0.45356841490573374
4486,0.611893989453609
4487,0.5948581175914291
4488,0.5631984752537514
4489,0.5061401879755184
4490,0.6437187406952899
4491,0.44895994965213326
4492,0.6044772773691919
4493,0.5096959312541567
4494,0.7236613190062614
4495,0.4950077641260142
4496,0.6194835147794746
4497,0.5887582418183203
4498,0.4314609139460291
4499,0.4336058411061075
4500,0.515822433398881
4501,0.6763648154296827
4502,0.531370518227142
4503,0.48865465650258044
4504,0.5777852252246245
4505,0.3558564297508514
4506,0.41740560852543923
4507,0.2740352831238994
4508,0.6173878306285395
4509,0.5121246875767638
4510,0.5503754158136401
4511,0.6065966566634754
4512,0.5552190745666783
4513,0.4985968505205041
4514,0.5070774378175367
4515,0.5722933947340806
4516,0.5820649397522768
4517,0.5819237348645089
4518,0.37839178992034733
4519,0.5585075423142698
4520,0.6088275620219045
4521,0.4380621551883642
4522,0.5048238195406018
4523,0.4802443493918291
4524,0.47861201809902215
4525,0.4710419936680275
4526,0.5766278815120075
4527,0.5239779190825854
4528,0.48880584575561004
4529,0.6199998360023429
4530,0.5602811723944713
4531,0.58594936953687
4532,0.3942289086736966
4533,0.3802887497871995
4534,0.49152627947521726
4535,0.5251947030906655
4536,0.5799276411719941
4537,0.5319450409003619
4538,0.6065302365301265
4539,0.41149189774995815
4540,0.5789493342448924
4541,0.5652351241482224
4542,0.48508340886631185
4543,0.46606565898166535
4544,0.5198407094621407
4545,0.6407121088528706
4546,0.768441740966534
4547,0.36431504047150176
4548,0.4849698712188942
4549,0.43645467478717
4550,0.5721742681549227
4551,0.5575724496864497
4552,0.5243455608088691
4553,0.5961638724246842
4554,0.603437304431331
4555,0.5366360756285895
4556,0.43348387995914806
4557,0.7416578356029778
4558,0.586326784729758
4559,0.5471745802474564
4560,0.48041146111555066
4561,0.6088108956742474
4562,0.6429863739265299
4563,0.5198205517634775
4564,0.554120251260588
4565,0.4023324624131361
4566,0.42206163483426623
4567,0.4125768824181661
4568,0.5242544184936054
4569,0.48616202697339045
4570,0.5527968529503231
4571,0.4168660447461633
4572,0.5100846751578582
4573,0.373154456435006
4574,0.47380286964575896
4575,0.41297891787078
4576,0.6376534055244522
4577,0.5981453542194222
4578,0.49644645366658163
4579,0.408571679670942
4580,0.6237874429920696
4581,0.5320492850928339
4582,0.5170516579450393
4583,0.31062213293737906
4584,0.40344153998737453
4585,0.5650499092927922
4586,0.636798668900874
4587,0.49370664767232364
4588,0.44312025276401906
4589,0.4869144200246058
4590,0.364445478464222
4591,0.5423871859252544
4592,0.6382251498056721
4593,0.5494183778671843
4594,0.6902256817906754
4595,0.44862868042037274
4596,0.551240475986143
4597,0.386214191051807
4598,0.6547589120572764
4599,0.5433093860162447
4600,0.4538938856239825
4601,0.6026339214876979
4602,0.6543881044991814
4603,0.4630143749462299
4604,0.6039402317288403
4605,0.5727134426551204
4606,0.6346336568065527
4607,0.518661074587709
4608,0.39677146828194465
4609,0.4778514567385706
4610,0.5973976113230378
4611,0.4100061016022832
4612,0.5031311408019612
4613,0.5842994616889453
4614,0.45138716823669345
4615,0.5897704654289775
4616,0.5296221526346607
4617,0.553358410822747
4618,0.534258779859399
4619,0.5547269857405411
4620,0.5706183724761117
4621,0.5502049168378241
4622,0.5387023429749737
4623,0.6893293856345357
4624,0.554159784938047
4625,0.6507426847941454
4626,0.6252469035524518
4627,0.5655604752527047
4628,0.3260551394008156
4629,0.6254155927507851
4630,0.6517170306211878
4631,0.6312156105698769
4632,0.5531784414738943
4633,0.49557884027961296
4634,0.5734991133124736
4635,0.5044985459856498
4636,0.5766764675140483
4637,0.4874757939085173
4638,0.5333633454584715
4639,0.5265835632771882
4640,0.548401853887814
4641,0.535640620125006
4642,0.5075791564257137
4643,0.32649651176640926
4644,0.5379943872597454
4645,0.4870085399355903
4646,0.5843767503618188
4647,0.5057536412563256
4648,0.5267982270240368
4649,0.8078718110829373
4650,0.7598550990147233
4651,0.6089521004509221
4652,0.5892874738247406
4653,0.5126667527450692
4654,0.8382603602704888
4655,0.45903644407165745
4656,0.45839403541207513
4657,0.5522097705119098
4658,0.39710254536920897
4659,0.3947708244045
4660,0.3721904555549921
4661,0.45808004198055285
4662,0.3707307638606421
4663,0.4357604725471561
4664,0.5693068740295851
4665,0.40602138141645094
4666,0.7145246327118803
4667,0.4405105130991456
4668,0.5872563829143368
4669,0.6389689139363595
4670,0.5285947543708485
4671,0.49824815861616606
4672,0.6359052349896619
4673,0.5735408652171939
4674,0.3823425643248265
4675,0.569769339840055
4676,0.40355558452843
4677,0.6985827349190561
4678,0.561723519698573
4679,0.3914276411159443
4680,0.5420202175187103
4681,0.5277450725525512
4682,0.5390752983721605
4683,0.5991737770745931
4684,0.4483015508841178
4685,0.6021923722107225
4686,0.46585572423838184
4687,0.3944223633205604
4688,0.4951008434035032
4689,0.6776538137777628
4690,0.501278559635001
4691,0.5056763146701014
4692,0.3389644502986688
4693,0.5972578974711783
4694,0.4910758780006306
4695,0.5439039057170998
4696,0.7172392991257506
4697,0.6314940937101122
4698,0.5074711474780317
4699,0.5645553529198681
4700,0.5507181664545929
4701,0.6988214472935308
4702,0.4953357295818398
4703,0.45811434102454235
4704,0.48980993944760043
4705,0.7931950469434506
4706,0.5527943623762788
4707,0.6174784732139295
4708,0.6697919627460115
4709,0.5909899916635302
4710,0.59724851384593
4711,0.5510603962642018
4712,0.6300113841009285
4713,0.47925425215173967
4714,0.5210610515145899
4715,0.5204100563711647
4716,0.8452279783580408
4717,0.5126223566247866
4718,0.5576469777717805
4719,0.4070984054005677
4720,0.4282301410428964
4721,0.5185812531667686
4722,0.6199032618020764
4723,0.6044938006356235
4724,0.6713343727281189
4725,0.5962446163102868
4726,0.6229976146960944
4727,0.4385261963834863
4728,0.5133106913699605
4729,0.5230852557298936
4730,0.5724758016694936
4731,0.5270575005535174
4732,0.47801000959969103
4733,0.6291074535624575
4734,0.38909987860809125
4735,0.47446688654398994
4736,0.467161111769656
4737,0.4805675387098838
4738,0.7494713234064453
4739,0.4453630466943733
4740,0.5897342518398094
4741,0.48768516150053187
4742,0.4634391530454287
4743,0.5788553657220086
4744,0.591359215010072
4745,0.39065239745791697
4746,0.49424357365227856
4747,0.5510506931099829
4748,0.5310496473015149
4749,0.5886265728658762
4750,0.5228266628670176
4751,0.44557872540654464
4752,0.54803688487471
4753,0.4578357432792541
4754,0.5508157189742642
4755,0.49880711527187044
4756,0.5542190935189611
4757,0.5982192469841338
4758,0.37962325057490137
4759,0.6613971087250332
4760,0.3419104747269621
4761,0.482186072847967
4762,0.7094314385193983
4763,0.6949814888911866
4764,0.4691549172585193
4765,0.8124099139331892
4766,0.40381913257973107
4767,0.29978297594105574
4768,0.5787714059580242
4769,0.3034324767107608
4770,0.3773727666018742
4771,0.5170923924290454
4772,0.45133731091532325
4773,0.5569156416147436
4774,0.47126338525140704
4775,0.6524809563685505
4776,0.415459139856621
4777,0.5379381537572072
4778,0.5614649400366885
4779,0.762383390557104
4780,0.4074969904456338
4781,0.7045594870011751
4782,0.4526263837900736
4783,0.38783111559544137
4784,0.49935414905426195
4785,0.5929282140450489
4786,0.560875194059852
4787,0.691237680014092
4788,0.6161358519354089
4789,0.4933164979680887
4790,0.6627032054389854
4791,0.472497643007408
4792,0.5200173611948472
4793,0.5561902426061391
4794,0.5414358444481349
4795,0.7189829265656108
4796,0.4764078703019109
4797,0.49680392906044935
4798,0.4497176142921565
4799,0.6308928368991473
4800,0.5524511015061159
4801,0.6328491088801539
4802,0.43137946335841515
4803,0.5866742764480255
4804,0.520382115579377
4805,0.7470664205979635
4806,0.6368149440763357
4807,0.5309051821318315
4808,0.4782593645502773
4809,0.48356567605016865
4810,0.5285459155320499
4811,0.32754153101829275
4812,0.35415909014450775
4813,0.4004225799921936
4814,0.5638497122410364
4815,0.6821166788208887
4816,0.41608333101924294
4817,0.4536348058823443
4818,0.5663691805344626
4819,0.6511370831285197
4820,0.42701424187649284
4821,0.5425013183292854
4822,0.5319202067294021
4823,0.7117590717110036
4824,0.5637132307414616
4825,0.49283690133116476
4826,0.5945579842643217
4827,0.531354711408347
4828,0.4995815190525571
4829,0.40707386067217693
4830,0.46826551108970155
4831,0.5308871025077139
4832,0.6871637699892414
4833,0.4798184251642106
4834,0.4662844710179517
4835,0.4810070124723844
4836,0.4713700803246394
4837,0.44600046101054763
4838,0.546041806565647
4839,0.5285345981282791
4840,0.4076077357323166
4841,0.6299441183759473
4842,0.5758672521912148
4843,0.5773332792281243
4844,0.578516110171833
4845,0.4444161185050246
4846,0.5610111265566454
4847,0.6427756609724221
4848,0.48528274509239117
4849,0.631645232876598
4850,0.4581958787381046
4851,0.51443377900142
4852,0.5038035295925651
4853,0.7360743359999953
4854,0.5502054023378794
4855,0.5077867024888341
4856,0.4653260994165
4857,0.4514520861069474
4858,0.5795919692769962
4859,0.6624591066624479
4860,0.5424946538392947
4861,0.2631250373615388
4862,0.5441736203136387
4863,0.5591205346888426
4864,0.6022054127562314
4865,0.346844704428679
4866,0.5419772746668546
4867,0.5408073379615789
4868,0.42601121356650007
4869,0.3099386498234867
4870,0.5948844382006655
4871,0.5173959948329435
4872,0.7404564688614237
4873,0.5845802115906257
4874,0.5360671119289909
4875,0.48305509446320183
4876,0.6971114986252709
4877,0.41817839539368695
4878,0.5416673462693747
4879,0.5074078551850689
4880,0.5441205842036976
4881,0.6076074773428602
4882,0.7005166666898649
4883,0.5956773163157474
4884,0.38339442435154447
4885,0.3358864052890769
4886,0.5607619953041568
4887,0.4864592111192672
4888,0.5946446236583383
4889,0.5740019673049818
4890,0.4808271752406063
4891,0.5309364748391369
4892,0.41837711497379054
4893,0.5630436703240831
4894,0.5528341484075384
4895,0.5333238241828427
4896,0.5677750856381414
4897,0.36968434694832736
4898,0.5199205404832593
4899,0.505444999500661
4900,0.5015618277268967
4901,0.48963212326678235
4902,0.68582980764729
4903,0.5941029617757565
4904,0.38134068334308646
4905,0.5347135006448183
4906,0.524038888297303
4907,0.6153513550881772
4908,0.5967699844265532
4909,0.5016760280934344
4910,0.4879629653164137
4911,0.4623609835416197
4912,0.4073484512764205
4913,0.4996540890970641
4914,0.5100055028798816
4915,0.5903509506031646
4916,0.4707586218808418
4917,0.5660997624909566
4918,0.7882412708594163
4919,0.448909808037835
4920,0.6199645829739419
4921,0.666695428460342
4922,0.5634653758625204
4923,0.46783274900728866
4924,0.4419733863243439
4925,0.5993745295851164
4926,0.3667353969362448
4927,0.606511107603079
4928,0.4639672455167737
4929,0.5212992094376188
4930,0.4685356549584827
4931,0.7703205366966182
4932,0.5582012834201701
4933,0.5035382313602847
4934,0.4687430679881778
4935,0.5021133202921885
4936,0.5527663967397691
4937,0.40327320035133263
4938,0.6118436118097335
4939,0.5576718604299558
4940,0.5725702704270041
4941,0.47813559591140675
4942,0.5519655030369992
4943,0.5932062283687658
4944,0.5769621097527596
4945,0.6495083324602574
4946,0.611869144916276
4947,0.4417151363892405
4948,0.44361369383338245
4949,0.4364014620834137
4950,0.5611089855873479
4951,0.4453554123738564
4952,0.5070276647581651
4953,0.3998649304530252
4954,0.550175542334504
4955,0.48462903148484987
4956,0.4027346421777154
4957,0.4183329852792968
4958,0.38968303083520206
4959,0.4633329405818339
4960,0.43676033823821414
4961,0.48339912728575646
4962,0.5176298606278166
4963,0.5579156301976406
4964,0.6011339073054613
4965,0.3957438416805066
4966,0.41471049920449854
4967,0.6894839596732873
4968,0.4618584466887668
4969,0.693996623751592
4970,0.38118616842074676
4971,0.49327128993172564
4972,0.4941008764239584
4973,0.5030551145872633
4974,0.5760486581681731
4975,0.6451289087230198
4976,0.42990251674799473
4977,0.7714841552694606
4978,0.583727724619213
4979,0.4284757486725691
4980,0.5625598348379426
4981,0.5880542234253636
4982,0.46833970271393544
4983,0.4884892312679695
4984,0.45433725261648134
4985,0.4082689598008471
4986,0.5213714695451733
4987,0.4370311240391786
4988,0.6439591300255091
4989,0.387608540248051
4990,0.5386135144995456
4991,0.5996352763174939
4992,0.5296861282631191
4993,0.48422814463160924
4994,0.5204510968241968
4995,0.64224396648405
4996,0.49709761242232264
4997,0.44890180543856983
4998,0.5058246324447097
4999,0.5689912671916864
5000,0.491856237695363
5001,0.49980410290321514
5002,0.45836982032104756
5003,0.49523363122140485
5004,0.613461456248208
5005,0.5062293788561074
5006,0.4030771362095019
5007,0.49896644812548074
5008,0.6766439988268083
5009,0.7034830433243886
5010,0.4556434262871911
5011,0.4718703008851539
5012,0.5619903669159032
5013,0.4888801495171785
5014,0.5060424612185331
5015,0.5080743823177398
5016,0.48401267985147306
5017,0.6300707456210732
5018,0.47165728594023537
5019,0.4795751925395386
5020,0.4073338367173767
5021,0.658543749310578
5022,0.4361652418129116
5023,0.6351989278509453
5024,0.4090963310782709
5025,0.444618156040293
5026,0.5003901889146108
5027,0.5915575808982583
5028,0.6002239982398941
5029,0.3873947437744464
5030,0.5773208190317539
5031,0.4437516689996198
5032,0.47830938625415576
5033,0.5951157740470365
5034,0.5216985558534366
5035,0.6016351192811982
5036,0.511295767280548
5037,0.45221345601476104
5038,0.43707591294022086
5039,0.6633740589107515
5040,0.770959350301061
5041,0.5435009828775194
5042,0.6187284810301678
5043,0.44011814997019877
5044,0.3649506638353759
5045,0.5187728606110006
5046,0.5654674611235843
5047,0.5701808955569769
5048,0.4685550058490068
5049,0.45300360891742586
5050,0.6079248857030605
5051,0.5686555841302174
5052,0.43893408590808103
5053,0.5839868735030312
5054,0.4378825054379374
5055,0.45845678695368663
5056,0.44539120863781595
5057,0.5490848463961409
5058,0.4706762735184077
5059,0.6958779707815912
5060,0.4941019605802226
5061,0.4860533098008524
5062,0.7032833598809566
5063,0.5209160678178325
5064,0.4627657074924345
5065,0.46213558955777223
5066,0.3697329698162237
5067,0.4953811105810354
5068,0.6273671312400829
5069,0.3295987209426536
5070,0.4170440409545048
5071,0.45660248047477725
5072,0.46343298053215404
5073,0.608173900303058
5074,0.49066642012847583
5075,0.5742279624709539
5076,0.5985783723557837
5077,0.43898807206016444
5078,0.4495421355943279
5079,0.525152435064956
5080,0.5448411796100261
5081,0.5381977607268262
5082,0.47565500897445795
5083,0.5412130908059732
5084,0.5119310795966955
5085,0.6367398943237454
5086,0.5373032577491135
5087,0.4461474736599176
5088,0.5097300062039669
5089,0.6377838494978901
5090,0.4378727904499654
5091,0.42810005531118467
5092,0.5061968541660229
5093,0.3842113042861062
5094,0.5385327558301909
5095,0.5771194880908971
5096,0.6562768741847917
5097,0.45365016912890516
5098,0.6044850606583541
5099,0.475950302609674
5100,0.36573631629815706
5101,0.538289244069949
5102,0.49144418453258404
5103,0.6742348519889663
5104,0.4821308574604403
5105,0.5322116636115808
5106,0.5446977310712311
5107,0.38569314735475724
5108,0.48225219576874945
5109,0.7115366597978974
5110,0.4799588870234888
5111,0.5717046930391658
5112,0.6719943201670604
5113,0.4948051518997793
5114,0.3518567828586878
5115,0.4371018317449771
5116,0.630748998654725
5117,0.5993913110968939
5118,0.41395900192248103
5119,0.5082352790079429
5120,0.3614844042596461
5121,0.4505400940394263
5122,0.5446896115288214
5123,0.7848828378210195
5124,0.5990956418218579
5125,0.4585141703520567
5126,0.49286969138827635
5127,0.6583400195454878
5128,0.7643869941300244
5129,0.5304549472891195
5130,0.5955887991997595
5131,0.4319231946563062
5132,0.5244071897920537
5133,0.6054832529050291
5134,0.3754564155001332
5135,0.4559037644663927
5136,0.46857216121142764
5137,0.42454256436235793
5138,0.37069457842826115
5139,0.37258331130697264
5140,0.6444651467180538
5141,0.5157365637729424
5142,0.5148856184379774
5143,0.5323519751154575
5144,0.7056187292272104
5145,0.4809787198380688
5146,0.44819241011812183
5147,0.4605680252523209
5148,0.7053961849432648
5149,0.4676932351167543
5150,0.5610546847920508
5151,0.5075619516108053
5152,0.6727784438844698
5153,0.6280389354631308
5154,0.5041847397959545
5155,0.4735650324142862
5156,0.7322164276059561
5157,0.6643175225971639
5158,0.4646806494419943
5159,0.48976348452894297
5160,0.33732659795066344
5161,0.5914846800772928
5162,0.5946542846719496
5163,0.36612058280508214
5164,0.6910404421762979
5165,0.4547014538952636
5166,0.5518547380124045
5167,0.3769499704239043
5168,0.5048995311009777
5169,0.5077771417245537
5170,0.4762151095356177
5171,0.5222782819587898
5172,0.6281804576555574
5173,0.44578070926829433
5174,0.46566336524984964
5175,0.5382478468054134
5176,0.450441650733272
5177,0.3753686935228543
5178,0.6807396673199972
5179,0.5020508284791236
5180,0.537367304641276
5181,0.5873238437448071
5182,0.5310260767965531
5183,0.565185066249916
5184,0.5052455075393696
5185,0.6076283169636121
5186,0.5656220937078134
5187,0.423786778169659
5188,0.5917970268720276
5189,0.38000354137718456
5190,0.5001258199450807
5191,0.39244448607236204
5192,0.48389371207457915
5193,0.5709202891547138
5194,0.44964217569814263
5195,0.4859366594328646
5196,0.5165409325935487
5197,0.5129233110100425
5198,0.6472012437928534
5199,0.8061583223946469
5200,0.5260644296619557
5201,0.5415530859053266
5202,0.6163185556375359
5203,0.6189599441462998
5204,0.6543172009979195
5205,0.6115462780663814
5206,0.5470527343190607
5207,0.5552573622274679
5208,0.5677511525984203
5209,0.39075494179018444
5210,0.49500310148844073
5211,0.5417879147900125
5212,0.34523151880649516
5213,0.4464244640289937
5214,0.46560486850197436
5215,0.5396352018533527
5216,0.49557627004592103
5217,0.9566234556432438
5218,0.32471652810688056
5219,0.6627343376503522
5220,0.4902502052813683
5221,0.5506345616307052
5222,0.5630147279017655
5223,0.5288204230909903
5224,0.5056035459072546
5225,0.5855644990328416
5226,0.6517874811888321
5227,0.5797982832023286
5228,0.5548816385959373
5229,0.5001026589525384
5230,0.7155278761796809
5231,0.522064196951972
5232,0.5739006088792755
5233,0.48394261294316687
5234,0.48880820467824665
5235,0.5606418589507455
5236,0.3979071922277668
5237,0.5161161630798389
5238,0.5188520914862513
5239,0.47454075565518317
5240,0.4508836626914787
5241,0.6332375028079763
5242,0.7411863418758858
5243,0.5875127927544762
5244,0.42312384021170013
5245,0.5388646206669379
5246,0.5126210952293699
5247,0.44782308818555805
5248,0.5588155768888303
5249,0.5927465719005269
5250,0.49589962670525173
5251,0.5684447742683452
5252,0.4776050722372079
5253,0.4661767346836019
5254,0.6424851397433776
5255,0.45817097001031293
5256,0.48095964417122544
5257,0.3988683874491704
5258,0.4370972120295253
5259,0.5919211806553635
5260,0.4671636654188135
5261,0.7500724534954382
5262,0.4926343452620464
5263,0.6868129964654107
5264,0.3968325516263356
5265,0.5990428904669107
5266,0.6733877763726819
5267,0.6041919721370282
5268,0.780011448533209
5269,0.4345239270991768
5270,0.616148769826742
5271,0.530300801661665
5272,0.49098851424430806
5273,0.49392357734939835
5274,0.421459004915507
5275,0.43908949458334956
5276,0.48348862863989583
5277,0.5249050465212256
5278,0.6148927825278752
5279,0.4446534830949994
5280,0.3850247438880424
5281,0.5849509981385915
5282,0.41662994458522407
5283,0.4009578588051702
5284,0.5320708303548736
5285,0.5303626156318588
5286,0.5490041421041103
5287,0.5864767538257938
5288,0.4289781622737637
5289,0.699870687949476
5290,0.4828214332401392
5291,0.46656177508257146
5292,0.5616951147793663
5293,0.479149099489986
5294,0.4724759321842132
5295,0.6600454627636363
5296,0.3909644291990183
5297,0.4352032698615061
5298,0.6174127515667274
5299,0.6441949369692866
5300,0.5410819762742959
5301,0.9287940322874251
5302,0.5827754680598756
5303,0.3248627572941279
5304,0.43241055622929553
5305,0.5232853199703356
5306,0.4188863948372846
5307,0.505251728501774
5308,0.5090736746331342
5309,0.43539184950182186
5310,0.4657874821184856
5311,0.6867452744465834
5312,0.3790130659947521
5313,0.536590239861408
5314,0.4848879715318013
5315,0.4964636244758809
5316,0.4521472575355777
5317,0.5029424514233373
5318,0.47303576876376263
5319,0.42057561863528486
5320,0.7618075879285696
5321,0.4067630167100825
5322,0.43830831818991045
5323,0.5021570706643257
5324,0.5349205714994927
5325,0.6470588721053551
5326,0.4437163923782436
5327,0.4931217281377943
5328,0.5230918122263865
5329,0.5368557797960316
5330,0.6104917812533698
5331,0.5185777090327027
5332,0.5556721739946289
5333,0.5015920278164661
5334,0.5848087466305077
5335,0.49362584905872914
5336,0.5101122477700212
5337,0.7143780744452031
5338,0.4557375418774109
5339,0.7774248831739762
5340,0.42449765865053213
5341,0.4541750551293719
5342,0.5321251245624432
5343,0.49397669335132044
5344,0.5995847650687618
5345,0.5717250624337308
5346,0.48294749890276223
5347,0.5152416217869469
5348,0.48554968942506954
5349,0.4236211042995951
5350,0.5108689415816776
5351,0.5434689364393199
5352,0.5351960678032953
5353,0.527651667306113
5354,0.4624455681378825
5355,0.6529693823257361
5356,0.7512165645431181
5357,0.514792007904953
5358,0.742926076122514
5359,0.6238076133119451
5360,0.7253831111506245
5361,0.6485865708163466
5362,0.4953070968375568
5363,0.5676885872623273
5364,0.5272717900379225
5365,0.5475128418590096
5366,0.6934213585539752
5367,0.5854756848004885
5368,0.5498430312488769
5369,0.4864881789942375
5370,0.5089122008966513
5371,0.4934273726224921
5372,0.6147087054273536
5373,0.5958364181920626
5374,0.46954318225060615
5375,0.5514979761762467
5376,0.6310404952476321
5377,0.527362259932094
5378,0.5603905159963452
5379,0.5089222779717455
5380,0.5465712338651035
5381,0.43192152165661574
5382,0.4831659477486837
5383,0.43499627652877354
5384,0.7163902397022386
5385,0.5362649323321014
5386,0.8095265601154205
5387,0.45942906880516476
5388,0.49773156010114444
5389,0.48070161258615945
5390,0.5553745084201873
5391,0.37882702657211725
5392,0.532476540768168
5393,0.47260168197654956
5394,0.4690844621716088
5395,0.43374001901049
5396,0.47775438765833345
5397,0.4887260093147875
5398,0.39316759066375545
5399,0.5471113448394442
5400,0.46580029598126665
5401,0.6079599627763156
5402,0.5042049446904247
5403,0.5340476180039108
5404,0.4682209516657295
5405,0.6201203294514576
5406,0.6507135460235842
5407,0.5996257714311773
5408,0.5032195646112302
5409,0.5746962522116741
5410,0.5283919063270687
5411,0.5860973321031832
5412,0.4882607642729912
5413,0.4370415930547759
5414,0.6627430734528246
5415,0.38908587313062193
5416,0.5484006761756691
5417,0.5633642527576197
5418,0.3665944447893667
5419,0.4564761382290755
5420,0.4726820737778748
5421,0.45083015157657724
5422,0.6658755923092546
5423,0.5287663197541397
5424,0.34888431122293306
5425,0.5644658072528
5426,0.5751085115349122
5427,0.5333535832685937
5428,0.6876778488406101
5429,0.37310127564873186
5430,0.5094718008806782
5431,0.702677349491421
5432,0.5224329386261518
5433,0.5464762260943105
5434,0.43716037617958486
5435,0.7124712778013149
5436,0.4345871692762917
5437,0.6094500950328879
5438,0.4925159317428234
5439,0.5065027081142925
5440,0.5457914732907232
5441,0.4713719124991293
5442,0.7193902534041443
5443,0.5497950433192568
5444,0.5773902346128787
5445,0.27645570726888613
5446,0.4916281035232664
5447,0.5720964979519088
5448,0.6531488461325756
5449,0.7008685431985228
5450,0.6166783906491018
5451,0.5191877592138959
5452,0.48130212145879153
5453,0.47059031856614725
5454,0.5585917769330038
5455,0.6631097444067485
5456,0.6374001826875477
5457,0.43806415315794744
5458,0.6533968537803783
5459,0.6040612117503079
5460,0.5591026243335092
5461,0.45684392441277233
5462,0.477595916783773
5463,0.5245034729309471
5464,0.4508138946622469
5465,0.35773709746438787
5466,0.6305920052051496
5467,0.450001907710229
5468,0.42675545323366215
5469,0.3909756865823746
5470,0.6883160933237314
5471,0.592281498586014
5472,0.4699527589137652
5473,0.566693911889709
5474,0.4923616540220974
5475,0.46332767326941526
5476,0.3112892341028071
5477,0.4330563863227478
5478,0.3973464014802846
5479,0.6558086210002533
5480,0.5705259752578757
5481,0.7240017370349257
5482,0.3407151409620701
5483,0.4854215533048123
5484,0.5116901495359034
5485,0.5789095203621499
5486,0.5687032186980916
5487,0.8104140640251669
5488,0.6008607935638626
5489,0.48781141849491827
5490,0.4908544280403765
5491,0.5221434649459173
5492,0.4852491354038272
5493,0.6128699467426659
5494,0.7285413124867006
5495,0.5534898956217301
5496,0.4878186335120382
5497,0.4162441008051746
5498,0.6110654788171722
5499,0.5657904918763622
5500,0.6244532727412233
5501,0.653373901996661
5502,0.4928162059778438
5503,0.5418708627431241
5504,0.42718375770422434
5505,0.4261588465069387
5506,0.4869185861702583
5507,0.7432810061118907
5508,0.45494023008224205
5509,0.5679290426980258
5510,0.49748747910276875
5511,0.6594944225676143
5512,0.6975801398613334
5513,0.7788647800925901
5514,0.5949291382324273
5515,0.6700436682381662
5516,0.527519715912596
5517,0.444658562219759
5518,0.6949571646515271
5519,0.5603760275072459
5520,0.41801642044571125
5521,0.504584606464169
5522,0.5831759148311851
5523,0.46003118122659914
5524,0.5119686622062491
5525,0.6712913166191743
5526,0.6509539847173831
5527,0.7251993107953849
5528,0.6604579524357141
5529,0.47445972030172207
5530,0.34638194111470877
5531,0.6190262621062959
5532,0.5349628631055265
5533,0.4824271849581643
5534,0.4819593083834808
5535,0.6435034710007317
5536,0.5775795862517938
5537,0.41042930190919913
5538,0.33889778646592283
5539,0.68280425874342
5540,0.6186486226827584
5541,0.5664757869242675
5542,0.5962760349217421
5543,0.5831235712222631
5544,0.5680125498366321
5545,0.44863566213678424
5546,0.4781333618631912
5547,0.5562627684205999
5548,0.5548345132967499
5549,0.42158070990834906
5550,0.3851093018897869
5551,0.5491059369011205
5552,0.6818237851769177
5553,0.6965157358265084
5554,0.5374486092705358
5555,0.44544633213908136
5556,0.36429415681392
5557,0.5830998873020239
5558,0.4880855041387683
5559,0.5872735330570106
5560,0.42463740149343704
5561,0.5022429578405736
5562,0.68409318569276
5563,0.6852999992177096
5564,0.4718300055841153
5565,0.6288123091322272
5566,0.42842002750082053
5567,0.5019743250667267
5568,0.48729174454773583
5569,0.44461648548230737
5570,0.5274453657454454
5571,0.5384792495795886
5572,0.5628854964175422
5573,0.5408152959390184
5574,0.48696374094304834
5575,0.4304538282687464
5576,0.44627745358268806
5577,0.5899235276860352
5578,0.5028523677935096
5579,0.49146718752274093
5580,0.5171931770192768
5581,0.4735047409559777
5582,0.5435000220778459
5583,0.5953005446459831
5584,0.5397201998888191
5585,0.2562182837321058
5586,0.5425583336697678
5587,0.5462625259092884
5588,0.46780902629965493
5589,0.6461993212427546
5590,0.7185900353254835
5591,0.3849622173226815
5592,0.5388265789474601
5593,0.8079733183774095
5594,0.41321583746575996
5595,0.49709262176424257
5596,0.49084644650183734
5597,0.6650092570360062
5598,0.6215138307798169
5599,0.5405814007388713
5600,0.5385718453244944
5601,0.4176320957253963
5602,0.6753340940414244
5603,0.5628420290947929
5604,0.5079638434349977
5605,0.5219996759826122
5606,0.5367748507612499
5607,0.49473610702721893
5608,0.5484371881059558
5609,0.5949268037069467
5610,0.6021684921818646
5611,0.38907167144928106
5612,0.5543571063058336
5613,0.6378497895773135
5614,0.44116016953750314
5615,0.4137996813177006
5616,0.5527288169503249
5617,0.6107355904902345
5618,0.5955656777891005
5619,0.5690131178908417
5620,0.36122690594206847
5621,0.616027350896103
5622,0.47474927214226353
5623,0.4802781400183054
5624,0.43839514993870904
5625,0.47272751825725673
5626,0.5823968032124993
5627,0.4607408576048031
5628,0.5539358931136482
5629,0.48226803544254837
5630,0.4696979349786987
5631,0.5234087784099674
5632,0.644270989310523
5633,0.6193524483493877
5634,0.5122405173493877
5635,0.4640575828015741
5636,0.49771921776387457
5637,0.6061510003447877
5638,0.42304057258443795
5639,0.5765006571676038
5640,0.6345473538083057
5641,0.4995677758604437
5642,0.5155178663438743
5643,0.649344620676833
5644,0.4266172145630548
5645,0.567954591837782
5646,0.4169471523610794
5647,0.5091045000191823
5648,0.7151415349098977
5649,0.5471172023334246
5650,0.4396800328007221
5651,0.7383249903013087
5652,0.4853868849131788
5653,0.4684349010844972
5654,0.48918651405381763
5655,0.4457505503104733
5656,0.3941349173913288
5657,0.6802997025514126
5658,0.4636297536349932
5659,0.374620386698417
5660,0.509199908476692
5661,0.4404658017104387
5662,0.591143516797967
5663,0.6779477122235034
5664,0.5038394247605339
5665,0.5891941605105349
5666,0.5545587534740472
5667,0.7116023257031809
5668,0.5323375053366751
5669,0.6380857045057614
5670,0.40525648942228537
5671,0.49548214661869017
5672,0.6288677705073489
5673,0.3862575673398728
5674,0.6207307759966543
5675,0.5198744369973545
5676,0.4896327841857684
5677,0.4434328235649146
5678,0.5259068952233545
5679,0.5372447739652451
5680,0.6432422631205831
5681,0.7481095574980152
5682,0.520555953230401
5683,0.4826201024720785
5684,0.580994061945901
5685,0.5126515078052087
5686,0.35323100131845386
5687,0.6507345352957674
5688,0.4978181780704198
5689,0.3731649319490588
5690,0.4540490561505034
5691,0.5212361319923322
5692,0.5969934733350656
5693,0.5152401978193145
5694,0.6652492528413554
5695,0.43897623502239014
5696,0.5657791552871545
5697,0.521272159243338
5698,0.7629147198475789
5699,0.44067427767587225
5700,0.5060374644659869
5701,0.6197058741091852
5702,0.6167091686563273
5703,0.5901481131710661
5704,0.35494415167419147
5705,0.618243747391793
5706,0.4775281814208051
5707,0.523331972903389
5708,0.515588350404139
5709,0.7407083968055393
5710,0.5329463940461127
5711,0.6508526809750497
5712,0.5962244165893709
5713,0.6305608526162583
5714,0.4400166987575051
5715,0.6036100420482018
5716,0.5513101876726934
5717,0.49557595532200854
5718,0.6308868563877568
5719,0.44958986462488454
5720,0.5883437196779195
5721,0.39193936279590313
5722,0.6734814414800054
5723,0.49348168887034805
5724,0.46025076286790284
5725,0.6571851670723002
5726,0.7112075288740722
5727,0.40040619541001876
5728,0.6112724814805892
5729,0.6888179012953795
5730,0.6983982079730491
5731,0.5946736196984646
5732,0.4040225235188373
5733,0.6182594461758565
5734,0.5459270931644264
5735,0.5196680663902429
5736,0.5242828142226202
5737,0.5683214593578627
5738,0.452862281199641
5739,0.4308594334213682
5740,0.5961298946505308
5741,0.40424128324755315
5742,0.8761194552759205
5743,0.4468793320183645
5744,0.42627834916376905
5745,0.6192513278047282
5746,0.6601119651418011
5747,0.4907014606621842
5748,0.4555072996631269
5749,0.44399590374351794
5750,0.42613669844398766
5751,0.46816691837378677
5752,0.4902697169997738
5753,0.4911108579184762
5754,0.5716320802971054
5755,0.6245810007007891
5756,0.5121553294286317
5757,0.4071673173892398
5758,0.6298288948611547
5759,0.4274716296473012
5760,0.5872830785219393
5761,0.4640684791889439
5762,0.6325108674559036
5763,0.5432216491225862
5764,0.4936415742234095
5765,0.6587192779809408
5766,0.41688041960587285
5767,0.5446979706222816
5768,0.35658856268736555
5769,0.39835712878569707
5770,0.38320831869689054
5771,0.5084965732675377
5772,0.5669052004222087
5773,0.48629166642487776
5774,0.5836073485557279
5775,0.6751154076450094
5776,0.4968151647291352
5777,0.4659437006263707
5778,0.6570822489038822
5779,0.6335513566580205
5780,0.41386368909404275
5781,0.556050418541763
5782,0.39710735789159446
5783,0.4911612483574151
5784,0.5136364027494019
5785,0.47532664399035096
5786,0.44764757229797025
5787,0.47220264412253726
5788,0.5076650250641763
5789,0.5538742995268267
5790,0.7177447883433943
5791,0.5910856040545792
5792,0.474661346617329
5793,0.47943998790797254
5794,0.38969374643287
5795,0.6641949842348724
5796,0.5172981614137627
5797,0.5751784434745049
5798,0.47507474502083785
5799,0.6504483325779811
5800,0.5152779631009186
5801,0.48348775353500667
5802,0.6368224389057378
5803,0.38507511824942886
5804,0.5035914597693351
5805,0.7831815018701718
5806,0.7439306292287828
5807,0.5068638179439908
5808,0.2828798830591864
5809,0.4895720739170322
5810,0.4901853104437527
5811,0.5004972468779948
5812,0.5695202480017361
5813,0.5530279271441224
5814,0.5188169532896264
5815,0.5307027499625628
5816,0.5238932082903869
5817,0.4816465984665459
5818,0.550983602790776
5819,0.4672870433921707
5820,0.39294378035915256
5821,0.7611422096761207
5822,0.39344236882277156
5823,0.5316504490472921
5824,0.5557478196710516
5825,0.5130120241898672
5826,0.4886523835841029
5827,0.6302538675302787
5828,0.4953545595498821
5829,0.4824153648648887
5830,0.5249028465027763
5831,0.47515805203482164
5832,0.33029454926585095
5833,0.5420854318093782
5834,0.7427505119875054
5835,0.31191560700343857
5836,0.4793540838260259
5837,0.496849318491031
5838,0.5976286681411851
5839,0.40674399445619513
5840,0.4554171201939506
5841,0.5027821190960895
5842,0.5598896866063602
5843,0.4632694348569601
5844,0.5775777102154704
5845,0.46501009080524275
5846,0.481544279580897
5847,0.5699820206294629
5848,0.5445695700551918
5849,0.5333371010580945
5850,0.5094527322848896
5851,0.6036863289092297
5852,0.5523990816717348
5853,0.4496139698395592
5854,0.6518872571377516
5855,0.41340559388696974
5856,0.3565489617920592
5857,0.6797753540019009
5858,0.5111999224650634
5859,0.5576499703980372
5860,0.3841578111664954
5861,0.36361654069591404
5862,0.411824728226175
5863,0.4976791091604684
5864,0.4306130045497957
5865,0.5570141346509813
5866,0.487440932101022
5867,0.75029277513434
5868,0.6505201507576895
5869,0.44808303586778164
5870,0.5467047096357209
5871,0.5199432799802254
5872,0.46419570528484844
5873,0.49524462536654057
5874,0.46903864840880205
5875,0.4458410624592221
5876,0.5666950535401343
5877,0.704696824154543
5878,0.45625423509919616
5879,0.5350049571521731
5880,0.5419238945490596
5881,0.5581707048935683
5882,0.42554825704461186
5883,0.5900191833094861
5884,0.666423987090351
5885,0.5022880163613136
5886,0.45117155019023236
5887,0.4532907251881348
5888,0.5690731672468362
5889,0.5063269804644751
5890,0.6090704004984524
5891,0.47813021954490764
5892,0.4590782880665811
5893,0.5495381903255184
5894,0.4711287576377015
5895,0.28872499629933035
5896,0.628136041358514
5897,0.5904282875869639
5898,0.45291353779453347
5899,0.4290041919601772
5900,0.5527320171853646
5901,0.5217696659940985
5902,0.3841327109195555
5903,0.45671003931191534
5904,0.6836155309142347
5905,0.6011703991207457
5906,0.49760499414834647
5907,0.5838861749893087
5908,0.5150828508405986
5909,0.32887110037426115
5910,0.5802352076229039
5911,0.6988895811322113
5912,0.5498256283224412
5913,0.5190055499035895
5914,0.6378522420511948
5915,0.48005119317716954
5916,0.42643999209081446
5917,0.47529438440577115
5918,0.5089338291607383
5919,0.3447705682097003
5920,0.401236670209664
5921,0.5048080019112231
5922,0.3157102260786042
5923,0.30906283720900884
5924,0.5294239333812093
5925,0.5424207608107754
5926,0.4591572956234475
5927,0.3069923631243645
5928,0.5738933819645986
5929,0.4246062422521689
5930,0.45782372784314684
5931,0.3670399517648997
5932,0.6520633794349534
5933,0.49956574799781744
5934,0.5451182384671428
5935,0.4488905108294174
5936,0.5499703655618425
5937,0.4524667854137769
5938,0.5592001530807434
5939,0.45947936625937474
5940,0.5440916551652356
5941,0.5042483208131722
5942,0.4215803052388342
5943,0.37853546885193823
5944,0.5093695990195123
5945,0.448575584034308
5946,0.5159310707256665
5947,0.5480422635053832
5948,0.5191947042365482
5949,0.41126074130788104
5950,0.6799749251181538
5951,0.5572157589616715
5952,0.7996429430575134
5953,0.5142500565229431
5954,0.5625172304812789
5955,0.5360624487151386
5956,0.44725045387369133
5957,0.5810434124463166
5958,0.7187028323285889
5959,0.3798704461963207
5960,0.5451853593948024
5961,0.5277628314378592
5962,0.569608977918361
5963,0.6402136999526904
5964,0.7203545380977219
5965,0.5800168262809225
5966,0.4259241563975835
5967,0.39117371569876813
5968,0.6230578237929237
5969,0.5302030827759034
5970,0.3512545166977378
5971,0.5565979695429163
5972,0.5988425590116055
5973,0.3899038417314348
5974,0.581766542869324
5975,0.633842852703412
5976,0.5116045825663172
5977,0.44210258221307985
5978,0.5874395913523118
5979,0.4688289667058999
5980,0.535699234326443
5981,0.3368303606892613
5982,0.5617983036127524
5983,0.6250839145951943
5984,0.6657588002296028
5985,0.67047912560171
5986,0.45830201392444747
5987,0.6437683060183281
5988,0.4903814296722334
5989,0.36727582018879124
5990,0.5164855126572211
5991,0.553538686360998
5992,0.7008382671491162
5993,0.6748076699818459
5994,0.5052093905506432
5995,0.5528409554407009
5996,0.5891084135052448
5997,0.5789244432759914
5998,0.5292523076861843
5999,0.44213116866302155
6000,0.4432333930775805
6001,0.6290357537388463
6002,0.5450153932100743
6003,0.514917303350518
6004,0.4301487948442112
6005,0.43025920345250357
6006,0.49658010546502296
6007,0.6083209732311088
6008,0.6321634010092894
6009,0.6051035187049287
6010,0.5034532417907763
6011,0.4907440957632663
6012,0.5615016279174059
6013,0.5469671165865221
6014,0.5056376265584929
6015,0.41316885765091294
6016,0.40181512339663994
6017,0.5644507848514978
6018,0.5509939079429383
6019,0.38920119146334464
6020,0.5955089251216013
6021,0.599816288114358
6022,0.5743509447400755
6023,0.4421263141465031
6024,0.45201733053624005
6025,0.4848725370679527
6026,0.6434166033491531
6027,0.6115422868813782
6028,0.40636418473565916
6029,0.5928341140644707
6030,0.3841848735835024
6031,0.509412262341742
6032,0.5736565169338081
6033,0.5610660128253979
6034,0.39173504934811754
6035,0.42733351208159365
6036,0.532540449656261
6037,0.4332874831708205
6038,0.5390724968292394
6039,0.4997354213229055
6040,0.42426681734989447
6041,0.5187442935122405
6042,0.45112507072768215
6043,0.5478456206977288
6044,0.5287435890701292
6045,0.5650215216510514
6046,0.3939180797914156
6047,0.5895461921881604
6048,0.756935511863208
6049,0.5046861359672408
6050,0.4946592425814689
6051,0.5272399106905646
6052,0.7000261296269279
6053,0.5910032125142822
6054,0.5881296489039879
6055,0.5194787055923513
6056,0.4245481343459097
6057,0.4878637775684547
6058,0.6032408582081941
6059,0.41183517430576205
6060,0.6061683550629753
6061,0.66151709727188
6062,0.4386347682926136
6063,0.5942744570756059
6064,0.45656476868002327
6065,0.5053246440476927
6066,0.7788134861384437
6067,0.4554749008550928
6068,0.6627975036029667
6069,0.4993418624713994
6070,0.4696059948876781
6071,0.5448055368777943
6072,0.43030610839025385
6073,0.39120024420516675
6074,0.5396988392190172
6075,0.4648142933243091
6076,0.56352671419112
6077,0.5833405623753972
6078,0.48473278233300604
6079,0.4446137744678165
6080,0.4571484280161881
6081,0.504434240934549
6082,0.5333724513637369
6083,0.47723510967158056
6084,0.420320294786481
6085,0.5241742592258986
6086,0.6233013350398022
6087,0.4920466385482112
6088,0.41982882262706117
6089,0.6317908311968392
6090,0.47835657907689894
6091,0.6105074386387649
6092,0.47187799156607957
6093,0.7313430826925231
6094,0.5335281369952772
6095,0.5549067845747913
6096,0.45218977051317455
6097,0.593941879080425
6098,0.6247624843351981
6099,0.6364478122254755
6100,0.6180814947189087
6101,0.5925458279419689
6102,0.5296340617448685
6103,0.6182906804840328
6104,0.46019989739540057
6105,0.3740567091896767
6106,0.4787926950073014
6107,0.4959275616621475
6108,0.6248180611947202
6109,0.3522002687362905
6110,0.5040719252322362
6111,0.5051976260823209
6112,0.6099348385339434
6113,0.5415316918546896
6114,0.7965161793990845
6115,0.5405055888725504
6116,0.5259025697431413
6117,0.5101938013078307
6118,0.4322160861038094
6119,0.3680300453102461
6120,0.48012250960199626
6121,0.4736677436517965
6122,0.4957481718254126
6123,0.4863071205573044
6124,0.5291711355020997
6125,0.5008785094386353
6126,0.5758686723901192
6127,0.6310753945758973
6128,0.6300863144132294
6129,0.4619590667583657
6130,0.516388182153656
6131,0.5651781496768807
6132,0.6062553344437097
6133,0.3779466869486655
6134,0.6453203533075341
6135,0.6856651006670933
6136,0.5781649722922786
6137,0.48325892632856954
6138,0.4723494026563372
6139,0.5841139142035984
6140,0.6020661715774116
6141,0.33470778771917187
6142,0.7065220758028294
6143,0.46279838863059597
6144,0.371594387046433
6145,0.35012957088493246
6146,0.6604818952731181
6147,0.6101500936723658
6148,0.4485986026260493
6149,0.4985431515679199
6150,0.4588068902995946
6151,0.6531154047668297
6152,0.6045162118278697
6153,0.48713774105646457
6154,0.5192702101478053
6155,0.4538808900204924
6156,0.6291690120408281
6157,0.5002979959513828
6158,0.4476326645548942
6159,0.5143141989324553
6160,0.56389071348673
6161,0.5166983189304207
6162,0.6825046247216117
6163,0.49373911195265496
6164,0.5983022427378324
6165,0.5400233921180334
6166,0.5555971151263119
6167,0.3861742861013659
6168,0.5507587440168126
6169,0.4826864071758732
6170,0.5275127080103404
6171,0.30940731669614246
6172,0.5653727048478926
6173,0.44768176346390676
6174,0.6842852107914671
6175,0.6061732327080691
6176,0.4937839547895778
6177,0.6686470037773319
6178,0.4854068035005819
6179,0.618117633839698
6180,0.5774438447079516
6181,0.5587217445292607
6182,0.5233048555426373
6183,0.6061025746046782
6184,0.5525115586464853
6185,0.5855043296225906
6186,0.48556891702314786
6187,0.5890599784980666
6188,0.4555421533127635
6189,0.4096444067979862
6190,0.49397544956119727
6191,0.5808626280982992
6192,0.6437508813090864
6193,0.5333045119622928
6194,0.4106241708622365
6195,0.4481958842710926
6196,0.4464918226228082
6197,0.4898862841581689
6198,0.27410384037646446
6199,0.4271229796550599
6200,0.5591386232026232
6201,0.5180914134559305
6202,0.4711453872200837
6203,0.37768854990333933
6204,0.6176199352433402
6205,0.5587782812659016
6206,0.5623760319363743
6207,0.38042571065132325
6208,0.4997561081636764
6209,0.5522740959465101
6210,0.5506249918169838
6211,0.5281471311946564
6212,0.5007768143502835
6213,0.46362982285358156
6214,0.5114468211984441
6215,0.45674867588562285
6216,0.4539316425492512
6217,0.458896952595114
6218,0.5536899664800538
6219,0.6088977975050489
6220,0.4931485867468583
6221,0.4987208651094613
6222,0.5882043747039777
6223,0.6306793332831372
6224,0.5563028653551518
6225,0.5982899828806972
6226,0.4390925991364128
6227,0.8999085400984046
6228,0.40227872894017724
6229,0.561688719698376
6230,0.43163832989573164
6231,0.5633730959322965
6232,0.7167726619637327
6233,0.6029337973948553
6234,0.7251234478658648
6235,0.4547585858500701
6236,0.30838124766384273
6237,0.5883951871804587
6238,0.5459550036905736
6239,0.4960265142066844
6240,0.46201992834118044
6241,0.5655511617110125
6242,0.4524397503132307
6243,0.5260027331409222
6244,0.7289265655670847
6245,0.608475096615988
6246,0.6674363471983505
6247,0.47641211463128563
6248,0.5504064222044327
6249,0.4321063280736461
6250,0.49700548909886216
6251,0.5414351933492356
6252,0.4125549165333691
6253,0.5481447797006619
6254,0.4842383100794845
6255,0.6210261391727525
6256,0.5555107142477392
6257,0.7241885602628181
6258,0.42792618990129067
6259,0.4885400170205124
6260,0.5921933379656508
6261,0.4788618754010446
6262,0.3492592180254196
6263,0.42334982182405967
6264,0.6526458278270741
6265,0.5973486742391523
6266,0.4232360012522701
6267,0.5109487575028917
6268,0.744647236286931
6269,0.732929990869033
6270,0.6007655924563429
6271,0.5504638994695574
6272,0.677681206483241
6273,0.6591534184559169
6274,0.40357459718720606
6275,0.4413101862005288
6276,0.47332102518760755
6277,0.6729994675744153
6278,0.5367923268375895
6279,0.5625800651537202
6280,0.5014187035864275
6281,0.5160031937830121
6282,0.5736727838601478
6283,0.7077455284848067
6284,0.383504304236974
6285,0.559662120298199
6286,0.4496549161108314
6287,0.598495320754967
6288,0.49454814258975843
6289,0.5795060820876368
6290,0.576431029792258
6291,0.43632823286845146
6292,0.44456707841406984
6293,0.8218889046467146
6294,0.4067238586544849
6295,0.4585162152442865
6296,0.6081961796614885
6297,0.5109687355364373
6298,0.485995494265728
6299,0.524186691785271
6300,0.4484572221874225
6301,0.5863329957925915
6302,0.5135057177595752
6303,0.44634570676524055
6304,0.5107515560374811
6305,0.3294306477898657
6306,0.4633579960370591
6307,0.5159919194602127
6308,0.6769662991036467
6309,0.7682003699579405
6310,0.47434859630194254
6311,0.4437828494710375
6312,0.5471148808636598
6313,0.5177175483315327
6314,0.7438053265557025
6315,0.39044941880894307
6316,0.5047957504049483
6317,0.4992412762364303
6318,0.7349211198544813
6319,0.6109432812384519
6320,0.4785542317791253
6321,0.5577543921711178
6322,0.5190381629361338
6323,0.4190160583962745
6324,0.5361934914555163
6325,0.6039255019221309
6326,0.43579535660931007
6327,0.671199262636179
6328,0.6280983283392376
6329,0.4740903875810418
6330,0.5988610360099448
6331,0.4903552097931895
6332,0.4558411662560635
6333,0.37095874203592355
6334,0.7005744411174903
6335,0.6026724762209965
6336,0.4765948431410229
6337,0.4616354641343812
6338,0.519769010943384
6339,0.577716574757712
6340,0.44874259364860647
6341,0.5922475663651694
6342,0.6907892282049435
6343,0.36511127159519474
6344,0.5376542322618261
6345,0.47292430345512315
6346,0.41291881378394646
6347,0.5495798630006564
6348,0.5659567047737132
6349,0.7338621682722237
6350,0.5165570673257558
6351,0.524787341818106
6352,0.5077946877057147
6353,0.5980793022933296
6354,0.42211604357191856
6355,0.5586153648866711
6356,0.5035373669905754
6357,0.6531738860326604
6358,0.54453189704615
6359,0.4190053806353745
6360,0.5381925232461436
6361,0.7048905997978251
6362,0.3644616124890834
6363,0.585475663674765
6364,0.6602732058188917
6365,0.6643389286846748
6366,0.7274800722972767
6367,0.6792019064138011
6368,0.6481612966456854
6369,0.4952563773321976
6370,0.575272706450246
6371,0.5935793401550151
6372,0.4277297478764745
6373,0.43891695297886557
6374,0.42224717676787604
6375,0.49250673873857864
6376,0.39073289799062516
6377,0.5096387633390939
6378,0.3814719355654691
6379,0.5683738905156958
6380,0.575344905335296
6381,0.5349817032944545
6382,0.6163691961586799
6383,0.59095712930541
6384,0.5391563172834312
6385,0.42748107825460474
6386,0.6453790705690612
6387,0.4636926793467835
6388,0.4818671869982759
6389,0.5490964308405499
6390,0.49489992330535926
6391,0.5588877658601024
6392,0.568031725779061
6393,0.4568083911513457
6394,0.49977405488350546
6395,0.4437583988179423
6396,0.5394788071515894
6397,0.6852717770244523
6398,0.5234058580743249
6399,0.580624217350181
6400,0.4479452590549534
6401,0.33054837389344505
6402,0.4394704425962385
6403,0.4344170577172679
6404,0.5886330626513457
6405,0.4752838582158555
6406,0.5018099806704898
6407,0.5873391012093466
6408,0.4431767257964816
6409,0.578390015452035
6410,0.4605109052871837
6411,0.3738434278078621
6412,0.6086680247766765
6413,0.5132790640123542
6414,0.6266481281114257
6415,0.6975384294084599
6416,0.6017894896346184
6417,0.6483442415656133
6418,0.6021854156028359
6419,0.5079435287271695
6420,0.38257286590917
6421,0.4633358197442939
6422,0.5844936790386304
6423,0.42506890353010873
6424,0.6662620409181146
6425,0.5930184458451008
6426,0.5293428062831834
6427,0.42390368992829636
6428,0.5901587791311846
6429,0.4323947506146586
6430,0.7172436020921503
6431,0.5484089336175955
6432,0.4529347394513201
6433,0.6208439943107373
6434,0.5293929021128452
6435,0.4056985436468071
6436,0.5419279074814523
6437,0.564016239248537
6438,0.37913283805147
6439,0.5370084519640167
6440,0.4134984359310876
6441,0.3672899658885923
6442,0.437540182833396
6443,0.4868625307216772
6444,0.40405330922421323
6445,0.6273008436499734
6446,0.4962696875784923
6447,0.5534574461869277
6448,0.6153744218035326
6449,0.4196102474011298
6450,0.4588384077914367
6451,0.6858432887504112
6452,0.515611138838987
6453,0.6153275498420999
6454,0.8217752415299727
6455,0.387958552695694
6456,0.5067779559557608
6457,0.615257474472003
6458,0.4668811887800799
6459,0.5511563077721645
6460,0.458155623867256
6461,0.42790787058175256
6462,0.46589338778434775
6463,0.6188812938958332
6464,0.5365564554210495
6465,0.6016419462914827
6466,0.49752057576101805
6467,0.4950067810704167
6468,0.5315280924085186
6469,0.5474530320777147
6470,0.6489427133728144
6471,0.590647836189963
6472,0.5092718764966794
6473,0.681099553620567
6474,0.6286180791730039
6475,0.4389850181647134
6476,0.4982954250169291
6477,0.8729458834707893
6478,0.6679599041122454
6479,0.5585664127211618
6480,0.5813961377610434
6481,0.43146214815472356
6482,0.46543454066303847
6483,0.46172938133725705
6484,0.6281648158694434
6485,0.48758424045149484
6486,0.4863191692512422
6487,0.5002412352932682
6488,0.3391628657840222
6489,0.6483896460331807
6490,0.3481391675263976
6491,0.4635390061033532
6492,0.4460521660643389
6493,0.4419200374923112
6494,0.45502065957568366
6495,0.567725528235995
6496,0.3726720042848747
6497,0.5139752272107896
6498,0.33479837885252883
6499,0.4648488696375018
6500,0.521606277942684
6501,0.5688430393202444
6502,0.38827733629806516
6503,0.6714660785468465
6504,0.5121719203315122
6505,0.4644714907349505
6506,0.5078643927539551
6507,0.6498268847085322
6508,0.45955998992061614
6509,0.4185770818559699
6510,0.5322374660533739
6511,0.5314459745257603
6512,0.47903437979256885
6513,0.5078980305631031
6514,0.53882285421612
6515,0.5214148948701501
6516,0.7300467333362449
6517,0.4587423100346827
6518,0.6127861229113819
6519,0.46053791260343213
6520,0.359971709039597
6521,0.4981833966365414
6522,0.3834487581547116
6523,0.5420224221458951
6524,0.40550130767795095
6525,0.7474322176145537
6526,0.6554835478579032
6527,0.6674765507158017
6528,0.5882454403981093
6529,0.6137973520115568
6530,0.4589741379007425
6531,0.6582435919995605
6532,0.5229465146199774
6533,0.5804539813247687
6534,0.5354899986661145
6535,0.46328806340980433
6536,0.4591230253261398
6537,0.4900462045009476
6538,0.5004122645625676
6539,0.564172856917148
6540,0.5059520444016665
6541,0.6415891467971746
6542,0.5719183057748415
6543,0.5503214547766191
6544,0.681618774790588
6545,0.5776563344719206
6546,0.7791775208176266
6547,0.5629314283182097
6548,0.3463129651173964
6549,0.5421782630346853
6550,0.4465077652851337
6551,0.5166869311545161
6552,0.40737459419116584
6553,0.6102668770920038
6554,0.3835051210071759
6555,0.5925892063024325
6556,0.46367984888345665
6557,0.49436725285897826
6558,0.6218570651750415
6559,0.5362780801907868
6560,0.6756779145621736
6561,0.4248304165795911
6562,0.5233296240548108
6563,0.6088287180613134
6564,0.46420569340524603
6565,0.4046265375169338
6566,0.6217848622659864
6567,0.438742947531051
6568,0.5699304660663964
6569,0.5569586560252218
6570,0.5339372065521928
6571,0.8016480405719422
6572,0.6888246825102756
6573,0.5981073682004734
6574,0.5159287422963978
6575,0.5597202526905509
6576,0.5551283157688462
6577,0.5384852446174146
6578,0.5095763898479025
6579,0.5636363605065046
6580,0.4675392053341624
6581,0.41911477178876155
6582,0.6721284011233095
6583,0.4483397978973847
6584,0.5767706234456534
6585,0.4985121543352576
6586,0.5083205330202354
6587,0.3656949975861479
6588,0.6924822206781871
6589,0.6587559182448584
6590,0.5589634434896288
6591,0.4990271915193448
6592,0.3485306481883984
6593,0.571103683800789
6594,0.4641168952650834
6595,0.4618489466098008
6596,0.5209192259907574
6597,0.5297525302431377
6598,0.33217528783086014
6599,0.41881290546038263
6600,0.5801913100907591
6601,0.5555554157542683
6602,0.6496665752928471
6603,0.4524120119491719
6604,0.5744332956536554
6605,0.4340834305696854
6606,0.4772393679087721
6607,0.4934045770404215
6608,0.4373545233344208
6609,0.5691010612677245
6610,0.38980255583066226
6611,0.514957279653239
6612,0.38513537194844355
6613,0.4428385983639776
6614,0.5824482896279821
6615,0.5734130425625447
6616,0.4254703228925595
6617,0.47579555487346553
6618,0.3893788147181244
6619,0.439126991648627
6620,0.5402002970480163
6621,0.568301536088319
6622,0.4261943435727953
6623,0.6507387927164651
6624,0.44738135803560897
6625,0.5432736115323498
6626,0.5377323553453011
6627,0.6333737652082994
6628,0.42597255530308054
6629,0.402549849349948
6630,0.5662478399471212
6631,0.5868209387323919
6632,0.48365750939479923
6633,0.5499465030886699
6634,0.6927066955541513
6635,0.7160097567954791
6636,0.5583102565903603
6637,0.38459885043638753
6638,0.5066308338873683
6639,0.5436809639303831
6640,0.47350221821331157
6641,0.6512568834127856
6642,0.5568242449874986
6643,0.6525114887447495
6644,0.4038093704974621
6645,0.5607709279240052
6646,0.4374139616972037
6647,0.58249788954377
6648,0.5913184193478989
6649,0.4684738669738421
6650,0.4657786823198634
6651,0.6368678388159229
6652,0.6341193586331817
6653,0.5113616536890088
6654,0.45872370759465886
6655,0.5334373604527856
6656,0.5458954709750269
6657,0.4474997788112878
6658,0.3603171728287249
6659,0.7595393734047412
6660,0.5842704531589504
6661,0.3869673946765416
6662,0.5458516056330105
6663,0.6474821840561903
6664,0.5450131185798834
6665,0.5349954834499232
6666,0.5080547401867225
6667,0.35547618101520395
6668,0.5618996679660967
6669,0.38144356537742186
6670,0.623129599359026
6671,0.4681361919776833
6672,0.6323048896603684
6673,0.5583422465913511
6674,0.4482469820725292
6675,0.49916428139670993
6676,0.6011333949124215
6677,0.46354411325229505
6678,0.5207569675475613
6679,0.41548630763238714
6680,0.45382575590368757
6681,0.5347750125641251
6682,0.5611221651548287
6683,0.432180787135517
6684,0.5312845528027702
6685,0.4929928108572252
6686,0.5385306081650243
6687,0.46383205888463114
6688,0.560766619712421
6689,0.5333718742539896
6690,0.41021867550800994
6691,0.5756182706011875
6692,0.5761295876540471
6693,0.7710210010084696
6694,0.4960827907968634
6695,0.4206411277506994
6696,0.5168562704951987
6697,0.4750591924099708
6698,0.6576034086007242
6699,0.6249309204659543
6700,0.589353525596564
6701,0.5945869899782249
6702,0.4940012028219661
6703,0.4817414813611185
6704,0.49553803113621064
6705,0.5347460384914561
6706,0.5045300100041865
6707,0.5159283521830659
6708,0.5014652587565898
6709,0.7418945920647877
6710,0.7989433261659638
6711,0.7846803030415588
6712,0.5655640631425592
6713,0.4983915116016697
6714,0.5195734543842216
6715,0.6569008439713637
6716,0.3624542726016009
6717,0.6163693727291089
6718,0.41535923900110805
6719,0.7235141666653959
6720,0.5005087979397214
6721,0.6751859020429222
6722,0.8435934060905692
6723,0.4987732197054128
6724,0.48783261946411466
6725,0.5647612761204563
6726,0.4319327160796933
6727,0.4678345612032184
6728,0.42925686167951427
6729,0.43303016150323137
6730,0.5125435799126759
6731,0.5106303255202863
6732,0.40359549537128503
6733,0.47334874848938224
6734,0.6352688617121928
6735,0.37318810585384155
6736,0.8011120218724885
6737,0.43940505896334964
6738,0.4450844172076741
6739,0.6680246491779174
6740,0.5076406040359176
6741,0.5169632581081792
6742,0.5104623311382722
6743,0.4631718388885887
6744,0.4715143192969505
6745,0.7838879188713135
6746,0.47466933867186206
6747,0.6410696424115846
6748,0.42268225724709096
6749,0.4664841722997196
6750,0.591452768422391
6751,0.4896307662740162
6752,0.5014819410111367
6753,0.37363354250672587
6754,0.5102302320759814
6755,0.663773017300124
6756,0.46954820048263796
6757,0.6758990876093822
6758,0.27655732058748084
6759,0.47143660187316466
6760,0.3285085412660781
6761,0.5241196290544219
6762,0.6714166585944167
6763,0.391796761036264
6764,0.6020777889557238
6765,0.5542601435659109
6766,0.5667278805745095
6767,0.5095089555699079
6768,0.3305079203908196
6769,0.38893118812840344
6770,0.47955961411913833
6771,0.7006410429043122
6772,0.5034890670073973
6773,0.46334334551682094
6774,0.717632390707455
6775,0.5911772802717796
6776,0.37588993331010634
6777,0.5093407029213857
6778,0.548761478553407
6779,0.43431362791509087
6780,0.689074556633606
6781,0.4269269313060363
6782,0.3999101202301778
6783,0.5239530511795426
6784,0.5802369567072352
6785,0.5554788957508033
6786,0.5915680236289849
6787,0.8791030918859054
6788,0.48327885996782666
6789,0.49555989977915055
6790,0.43201514550688486
6791,0.689535591000694
6792,0.6577872539406756
6793,0.5630862087739761
6794,0.7182766109351707
6795,0.40109332682260146
6796,0.7038474781559734
6797,0.5837709630992598
6798,0.4047274059151954
6799,0.661828843700297
6800,0.29662540675840815
6801,0.6405156244908259
6802,0.37775737956366084
6803,0.5188746994981299
6804,0.5994480266850171
6805,0.5450242998947289
6806,0.6275094379230948
6807,0.5761073786747909
6808,0.520930640572221
6809,0.5909465040355579
6810,0.3562400166945455
6811,0.5577403076051748
6812,0.43201360355896007
6813,0.42983041430130664
6814,0.4040411392874602
6815,0.45401000247719653
6816,0.30558671032582474
6817,0.5142383994821726
6818,0.5678807726961804
6819,0.31056704487481757
6820,0.5713404198238758
6821,0.5490725320103274
6822,0.39411774431862245
6823,0.46885699776116185
6824,0.6117619588535991
6825,0.47210942991260674
6826,0.5110476663826089
6827,0.6191324471399349
6828,0.4219917549339401
6829,0.6968747027519506
6830,0.5110894099579393
6831,0.5335060483179296
6832,0.6914492418696419
6833,0.6679040078006346
6834,0.33385377589170084
6835,0.5072508928115144
6836,0.6612274150701946
6837,0.39821863565186477
6838,0.5111168580430531
6839,0.6569219131252856
6840,0.5614423270738575
6841,0.48819216467766086
6842,0.6126783485000327
6843,0.5902475030375822
6844,0.38416018417753234
6845,0.4971820128728517
6846,0.5491011472024806
6847,0.4803490567522581
6848,0.7563184278058902
6849,0.44651133135696114
6850,0.7621920692919909
6851,0.4491369907782308
6852,0.5557271325003481
6853,0.3863495569196269
6854,0.690507479883902
6855,0.5034183372798962
6856,0.3369688117202627
6857,0.4920129727337189
6858,0.6140775102099607
6859,0.4327368642376669
6860,0.6172728527025464
6861,0.2631761541696507
6862,0.47060680174669983
6863,0.5337029241298807
6864,0.6221195182464402
6865,0.8164648691072656
6866,0.48102247101135315
6867,0.5041905963223267
6868,0.7952398976749719
6869,0.5924022393905377
6870,0.5471526259896103
6871,0.41874883034928845
6872,0.6413798938621069
6873,0.5084738648124252
6874,0.6402269614246164
6875,0.48368093790475075
6876,0.5421922762671918
6877,0.4469238546831638
6878,0.4665425399396616
6879,0.613310732651452
6880,0.6970881806109673
6881,0.5339660011491485
6882,0.5224527955740549
6883,0.5255500290553049
6884,0.8725513440736069
6885,0.529672107313709
6886,0.6592402102182006
6887,0.6190437428482741
6888,0.7067320139932007
6889,0.5190808432773055
6890,0.48121128936876745
6891,0.6182580770975561
6892,0.6048855330142174
6893,0.5169150328727022
6894,0.6321672805475699
6895,0.6473622848570719
6896,0.5845134920557639
6897,0.508770475985882
6898,0.6260006002872758
6899,0.5550670731166365
6900,0.47319801867377914
6901,0.4428478351019083
6902,0.5043116006734698
6903,0.4501146977958179
6904,0.503879731077525
6905,0.5414573633145999
6906,0.5068235624301821
6907,0.5051565715518899
6908,0.5238618263119981
6909,0.4506077592533602
6910,0.5461897535036593
6911,0.43236379143733034
6912,0.4640626456235176
6913,0.4415839115246082
6914,0.46312645333232166
6915,0.4060861383601594
6916,0.3654320758469156
6917,0.6437146589450575
6918,0.5021511181858321
6919,0.7917860427023418
6920,0.4827300065908523
6921,0.7084427777030272
6922,0.5883203920002295
6923,0.5208924658603017
6924,0.43437587247346143
6925,0.7304456355755424
6926,0.5571079814100333
6927,0.6773440893234028
6928,0.5325466049712404
6929,0.5913767397064164
6930,0.5617450809353106
6931,0.5811665438476866
6932,0.6042158987646385
6933,0.515827737241997
6934,0.6092373323877963
6935,0.8538601654619384
6936,0.5102138424695211
6937,0.3962833549195977
6938,0.4237026581343063
6939,0.4048990854610047
6940,0.4199403039651146
6941,0.5161955520908749
6942,0.5600590241878775
6943,0.500614713554225
6944,0.6403619749861896
6945,0.5262526444096217
6946,0.6356765636801214
6947,0.6863358050991764
6948,0.6969699814569636
6949,0.5645521460180775
6950,0.5398563569954361
6951,0.5852971089410206
6952,0.5349159615940943
6953,0.6656656616215755
6954,0.6072779161214443
6955,0.5027503283883085
6956,0.6006988660804155
6957,0.4665802261762064
6958,0.4533498567697173
6959,0.43437808224108776
6960,0.5338858382999982
6961,0.48848143687840784
6962,0.4991097582160116
6963,0.6269609728269413
6964,0.4539872264123411
6965,0.4559060683493632
6966,0.4665894053985744
6967,0.42327796041531573
6968,0.36084818082054915
6969,0.3844794385756657
6970,0.5376765003155834
6971,0.6967925319787396
6972,0.5539707244041046
6973,0.5051819714432381
6974,0.4076400534896728
6975,0.6002512462867067
6976,0.5395347073325882
6977,0.6023505922205371
6978,0.6839929634130733
6979,0.4776068501368552
6980,0.561700721743506
6981,0.5355348589440623
6982,0.9525324546430987
6983,0.3805992887736819
6984,0.4221562848495118
6985,0.41380577973413085
6986,0.4930539946260043
6987,0.5988123933130126
6988,0.5078458521158663
6989,0.5845821036505272
6990,0.4807950304671251
6991,0.38015011882754596
6992,0.7640122527378062
6993,0.6695124399096548
6994,0.6229337980630708
6995,0.41668577110673044
6996,0.4410062258409976
6997,0.5140274246667813
6998,0.4421006720756149
6999,0.4700040212993378
7000,0.5140667955654104
7001,0.6118071773606767
7002,0.5907993495146557
7003,0.5164378090908195
7004,0.48115915684919897
7005,0.6216222285859416
7006,0.5025340107034949
7007,0.4520798664517158
7008,0.6325797272612872
7009,0.6370012407896868
7010,0.5930410807196393
7011,0.46616892402765786
7012,0.5215313069461333
7013,0.48582648773655795
7014,0.42534561782942004
7015,0.4190328677325742
7016,0.6334653186030215
7017,0.5452933562429183
7018,0.615252081212085
7019,0.6661735659884027
7020,0.43988682944795726
7021,0.629777953055647
7022,0.5391812284594834
7023,0.3231172854479275
7024,0.5054437680666318
7025,0.49505981371144964
7026,0.5889614478741757
7027,0.3010073342105197
7028,0.6080100611664071
7029,0.5924306130802928
7030,0.33114011755437733
7031,0.588261863295573
7032,0.5993735344038638
7033,0.4674839318442185
7034,0.4519286870498692
7035,0.4442798071904208
7036,0.2570314191986076
7037,0.49469313580525337
7038,0.5666209628426839
7039,0.36719884253681
7040,0.4688425705514253
7041,0.5168035962141206
7042,0.4956553136856411
7043,0.48227057906948356
7044,0.6514958859216929
7045,0.6502234409567967
7046,0.4484900293987947
7047,0.5865048271450657
7048,0.7104358026797133
7049,0.5510178833362924
7050,0.7800779328653615
7051,0.49421107317225643
7052,0.5349722608034493
7053,0.4376529683462922
7054,0.6086686193467131
7055,0.4768103082157434
7056,0.4741430673096976
7057,0.5995697163667811
7058,0.6188436537003865
7059,0.4824735249119687
7060,0.40643693553013105
7061,0.7141515191919887
7062,0.5737765581233613
7063,0.6414099588810394
7064,0.6638189735964437
7065,0.3741187613865054
7066,0.5108361261604923
7067,0.6327295292200037
7068,0.5080209549928322
7069,0.4743488608085884
7070,0.5883199460595295
7071,0.4597351746376107
7072,0.5398569446426388
7073,0.5876297906901417
7074,0.5937086715521349
7075,0.5450587254647742
7076,0.41171501603114824
7077,0.5757375139201057
7078,0.4633166300453265
7079,0.6074903502895486
7080,0.5777412221887562
7081,0.6551045979686899
7082,0.6080606517110034
7083,0.44710376741592606
7084,0.49524888646195114
7085,0.4827139044955203
7086,0.5565806793622913
7087,0.42131880491917667
7088,0.7291273949779165
7089,0.523402345102105
7090,0.5862941904571011
7091,0.3591806265403168
7092,0.5778592876491571
7093,0.6447874259808022
7094,0.44317769080307406
7095,0.6463968303677702
7096,0.4878054336218054
7097,0.6162271488216758
7098,0.5611307678857081
7099,0.5380610200590608
7100,0.6381939257992624
7101,0.6318839826684783
7102,0.5035605136548016
7103,0.5331058374028629
7104,0.5373094656689136
7105,0.4308552487326589
7106,0.26874499593397333
7107,0.448442120281163
7108,0.5847699863076126
7109,0.5002827866422582
7110,0.546084381438506
7111,0.5630718609466641
7112,0.6610464675935976
7113,0.43806635876693967
7114,0.4091295614779891
7115,0.4439606597207739
7116,0.626141453236802
7117,0.5597263178477699
7118,0.5207357039216416
7119,0.4564266756718381
7120,0.7550375152247102
7121,0.33978111394990695
7122,0.548296662539778
7123,0.4686283891668561
7124,0.5845369150831838
7125,0.6283755346236719
7126,0.5582316298054986
7127,0.5285183638847216
7128,0.6946495015684783
7129,0.45133550131037065
7130,0.7489873735829711
7131,0.42917404706820744
7132,0.33727786134243876
7133,0.6331398871244555
7134,0.5167867432592451
7135,0.5201781070137493
7136,0.4722750449114478
7137,0.5081185348935278
7138,0.6175054487003361
7139,0.45315280142230313
7140,0.6171790066356038
7141,0.37288078508390565
7142,0.48815536310526453
7143,0.7202255626895633
7144,0.3949577725673943
7145,0.3812970111257128
7146,0.4841017730877568
7147,0.3643037655025647
7148,0.5197857173573668
7149,0.5513949666054834
7150,0.41085798841041943
7151,0.6970586435223849
7152,0.6550501275610261
7153,0.5826743988804983
7154,0.40832295663739265
7155,0.5690667395704561
7156,0.4678552201502244
7157,0.4180529848287362
7158,0.4837448903092607
7159,0.7587704207716314
7160,0.46396060978414916
7161,0.3902946052799894
7162,0.6161562710618571
7163,0.552066097254882
7164,0.5021647690865091
7165,0.6345507075400068
7166,0.6988250996533929
7167,0.40878462065803667
7168,0.4499703725605898
7169,0.5904352785558491
7170,0.4864107284611544
7171,0.42425376198058906
7172,0.41892368550873715
7173,0.5484743669866183
7174,0.6398952937180367
7175,0.5226824276590215
7176,0.4119176787506015
7177,0.6230747462007669
7178,0.5112998777974059
7179,0.6796332409648549
7180,0.35984042447031567
7181,0.4737925783996009
7182,0.41536815613142125
7183,0.5413023993538492
7184,0.6235791497133527
7185,0.464644684408638
7186,0.4503701853795601
7187,0.5048078578805337
7188,0.5302334732315362
7189,0.44415313946984786
7190,0.549280999553562
7191,0.44789828324242875
7192,0.6424221591432214
7193,0.6714563916860632
7194,0.5991709806145437
7195,0.524587730182432
7196,0.567292625584151
7197,0.49796523635997375
7198,0.46809099969267925
7199,0.3652970100430799
7200,0.4915187098222404
7201,0.4581938278117696
7202,0.47402954872949454
7203,0.5233160151980215
7204,0.539481037587453
7205,0.392307984785757
7206,0.5503393445010129
7207,0.6263522413427292
7208,0.39386016380465955
7209,0.45890779814975363
7210,0.5678788523558859
7211,0.5960507807492876
7212,0.4817023450406754
7213,0.4761167159827264
7214,0.5073529135219151
7215,0.4228866921193594
7216,0.5567772878356233
7217,0.37536374000421924
7218,0.4217509782220918
7219,0.44155478187296165
7220,0.6188390400906673
7221,0.440835076623358
7222,0.5637241276427813
7223,0.5466496753070136
7224,0.4248833804040897
7225,0.5494780087278816
7226,0.5758169739783237
7227,0.5104177239716737
7228,0.5291417022922178
7229,0.651142619479039
7230,0.5176151451784318
7231,0.27489698445931837
7232,0.5568264139533152
7233,0.6435369699754127
7234,0.4905263877421242
7235,0.4057347126925625
7236,0.6000314422134169
7237,0.5082977493063483
7238,0.476579494481123
7239,0.46099412587030164
7240,0.4560330488857416
7241,0.7144588283443782
7242,0.5785476130018121
7243,0.4359820364861577
7244,0.5864778548989388
7245,0.4805973678842138
7246,0.6524002439293313
7247,0.5032524308233428
7248,0.4411829513477903
7249,0.5758717659756917
7250,0.5928920433620661
7251,0.5073202884377398
7252,0.522253456126215
7253,0.6334594574573423
7254,0.485963123400745
7255,0.5929286894660432
7256,0.5486577170365385
7257,0.4773939396284591
7258,0.4992433982544041
7259,0.4497827861783764
7260,0.40360882917270163
7261,0.5121498839098525
7262,0.5744471967623315
7263,0.4303997039183899
7264,0.5151392364142516
7265,0.5072765078369407
7266,0.4183835269905189
7267,0.5184746512510724
7268,0.5714792785586659
7269,0.577982883779188
7270,0.47100087340959285
7271,0.498174440734722
7272,0.4688464337666344
7273,0.5908517337731584
7274,0.5476456230101124
7275,0.6127225269509756
7276,0.5437400829352729
7277,0.6016350503771527
7278,0.6303497112756088
7279,0.4941333650066315
7280,0.445560304925364
7281,0.45066947457228607
7282,0.45708525185644927
7283,0.511750518766252
7284,0.6757963979545589
7285,0.6600393858836642
7286,0.40290003821643233
7287,0.532618455523693
7288,0.5499936554336105
7289,0.45901300439622605
7290,0.46180507529094145
7291,0.6494435343642888
7292,0.4786748166653247
7293,0.6048050273743915
7294,0.5363335597017826
7295,0.670880197090853
7296,0.5290504729890825
7297,0.6472198297887609
7298,0.49601723105143225
7299,0.4824959639004808
7300,0.4412764311191463
7301,0.4995773380688449
7302,0.5768768932615354
7303,0.5041960669537565
7304,0.5178783142668234
7305,0.5365978844167282
7306,0.5561625426265967
7307,0.6011915631265297
7308,0.5467494333537353
7309,0.8074121758673625
7310,0.8993745603937923
7311,0.48575013714188897
7312,0.5316086663182567
7313,0.5249295131535384
7314,0.48501212022565676
7315,0.7094132311065631
7316,0.551724597390869
7317,0.5287944689896602
7318,0.409342696158103
7319,0.4629435434352676
7320,0.324987200429083
7321,0.5415986748630458
7322,0.6132057785997629
7323,0.612632082093548
7324,0.5097290737076862
7325,0.3628115583409206
7326,0.5929705794836151
7327,0.3739501495488234
7328,0.4144999654266731
7329,0.3074531596633081
7330,0.39344095402349244
7331,0.6166928706168618
7332,0.6163083296881833
7333,0.6006467614426042
7334,0.7863663070466909
7335,0.5691505529355003
7336,0.5055064141790484
7337,0.7230354002667653
7338,0.4114212745455154
7339,0.3623346169544458
7340,0.48273612183481696
7341,0.5596048368022731
7342,0.5542410324798441
7343,0.3783799020027663
7344,0.4250202639194126
7345,0.44281515877797506
7346,0.3983624668394128
7347,0.712813623345127
7348,0.5563235796187503
7349,0.7604425190626241
7350,0.4958076070623177
7351,0.6612953455785658
7352,0.5400252074460428
7353,0.4999278759698385
7354,0.5049704268711909
7355,0.6089054947135832
7356,0.5973823483826621
7357,0.39922292819390637
7358,0.6655705130328384
7359,0.5243005376737482
7360,0.4341499115309217
7361,0.5602005572308223
7362,0.6510322781727824
7363,0.46474858558069165
7364,0.4778068244913237
7365,0.5059283900834929
7366,0.36135298315952125
7367,0.4984052187810477
7368,0.4818419642330154
7369,0.4695084039509595
7370,0.6335752313548919
7371,0.5394644904593645
7372,0.5577880534371782
7373,0.45988777864591773
7374,0.7345837123538522
7375,0.3760155020934179
7376,0.5273033604081977
7377,0.39012266173587845
7378,0.4717252979410971
7379,0.5951171468088764
7380,0.4560006504981334
7381,0.6188543636865098
7382,0.5360140037959787
7383,0.495848502282764
7384,0.6053112126721407
7385,0.7664476256467265
7386,0.4986584229020826
7387,0.5505738252688577
7388,0.5895335510776459
7389,0.4909046373041882
7390,0.6025117907887523
7391,0.6430503305975611
7392,0.47458186935001245
7393,0.6438144859142176
7394,0.4873688404712129
7395,0.7332946650185908
7396,0.6515058053971745
7397,0.6153719847706146
7398,0.5055188056481738
7399,0.5552580042933054
7400,0.5256292588944228
7401,0.48354555043823527
7402,0.5372553277291644
7403,0.5925859688638264
7404,0.3727517600458605
7405,0.5126937162729404
7406,0.5783612467093995
7407,0.5882994399783004
7408,0.5814241334181295
7409,0.7012299198091009
7410,0.3920334210301459
7411,0.49690686000235906
7412,0.39294914733563885
7413,0.4773178334802366
7414,0.6081086632256986
7415,0.5425736397248547
7416,0.424310710442526
7417,0.6298110704691194
7418,0.6157232311957237
7419,0.5316747613595628
7420,0.45706480869262467
7421,0.35274063613732454
7422,0.5238682858713063
7423,0.4405821683882445
7424,0.5571933295850581
7425,0.463621968112052
7426,0.48046113383317474
7427,0.5036219068245449
7428,0.6125279903844698
7429,0.49247773322531563
7430,0.5806914960943786
7431,0.48598911457012717
7432,0.6596651562923713
7433,0.5117959926772488
7434,0.497578490833438
7435,0.3481497775203568
7436,0.44697383729338713
7437,0.4519715784086652
7438,0.429075639233096
7439,0.4298480154810408
7440,0.5354680454906497
7441,0.693858958992346
7442,0.43665693284673074
7443,0.6487732459786946
7444,0.6327232133243652
7445,0.48587212061332485
7446,0.5520138852378811
7447,0.4624541709301956
7448,0.6139445873783128
7449,0.4165277909766699
7450,0.4450037950214361
7451,0.4589729701554486
7452,0.4445065534880693
7453,0.504909088327996
7454,0.4472152526334311
7455,0.510001751512257
7456,0.5865989179975022
7457,0.6855476294958197
7458,0.4030291562367413
7459,0.4463339163929604
7460,0.4827246705194122
7461,0.43367241732518647
7462,0.5998052963222359
7463,0.6144366446541376
7464,0.6038436313907903
7465,0.5424132628763976
7466,0.5379678075338705
7467,0.6493500164222644
7468,0.306041425702597
7469,0.509787562466617
7470,0.5367066149279097
7471,0.6022427734611476
7472,0.3719349851438348
7473,0.5559509033797103
7474,0.4111210179400391
7475,0.42989734575772454
7476,0.551203502599591
7477,0.60765399188515
7478,0.7475071009066673
7479,0.4852091208889517
7480,0.6610817202306435
7481,0.4951563797587358
7482,0.5089477469281226
7483,0.6801385023185318
7484,0.494356133783399
7485,0.6916794120621849
7486,0.35645071756135294
7487,0.6056097255222017
7488,0.641920262442661
7489,0.6023498851409189
7490,0.4853218417968902
7491,0.5310849464973314
7492,0.683644533732932
7493,0.5484544669474877
7494,0.4398596711914085
7495,0.7245633675163682
7496,0.4475365292433606
7497,0.5066194442770777
7498,0.4019388435642003
7499,0.5201197794723487
7500,0.6571953126702985
7501,0.6249378544128149
7502,0.5982144320357314
7503,0.6217909152388524
7504,0.5469824567524751
7505,0.5286222747827192
7506,0.4822776153356936
7507,0.580154304002617
7508,0.31769312529139493
7509,0.5565278872141244
7510,0.545332112795597
7511,0.515559901690136
7512,0.5573639025836761
7513,0.4021412229928839
7514,0.49278891653721035
7515,0.5579414193009496
7516,0.5879051899035221
7517,0.44414975900409437
7518,0.5183260949006899
7519,0.49018459294458966
7520,0.5645406333362375
7521,0.7162112212477347
7522,0.5626189541068968
7523,0.4736228065201081
7524,0.6745001904446025
7525,0.5122035824555391
7526,0.5931476480044243
7527,0.4947471830835354
7528,0.4867529007041687
7529,0.44645554965312284
7530,0.43934265311081777
7531,0.5854019565036972
7532,0.5001275940928345
7533,0.46949065696351305
7534,0.4950325425638034
7535,0.5617091028805248
7536,0.44619341459268236
7537,0.48456686046125186
7538,0.3982004166235562
7539,0.5301928102996559
7540,0.42373559899479996
7541,0.5981168229768823
7542,0.4265296443329618
7543,0.6311424055647815
7544,0.4032867947885468
7545,0.6337233368414269
7546,0.47697690295615824
7547,0.5629809296400805
7548,0.46697051866567824
7549,0.6922618928428157
7550,0.5798020093486074
7551,0.5394981236164424
7552,0.5705861513888363
7553,0.5317744448305418
7554,0.39728504704845696
7555,0.5570945814636996
7556,0.6613429642364321
7557,0.3332526319056216
7558,0.5976245873714823
7559,0.550698613976889
7560,0.4957826018467859
7561,0.4137178855859458
7562,0.5668857059445067
7563,0.7057049251954138
7564,0.622013017344374
7565,0.659428450204575
7566,0.4314882219073049
7567,0.48841419985305273
7568,0.6842495001953652
7569,0.3860504583557768
7570,0.6423488532858823
7571,0.5665402844281948
7572,0.5718327384138608
7573,0.6124665008028953
7574,0.4516753050479265
7575,0.46979100475464536
7576,0.39426870035080863
7577,0.5372853916904176
7578,0.6558822769510974
7579,0.5219671543478522
7580,0.45018362803292566
7581,0.5078067497107309
7582,0.4371680914095254
7583,0.5093049783605026
7584,0.521135714853172
7585,0.5085903370898205
7586,0.82698817509824
7587,0.48570751505647325
7588,0.6599419216065032
7589,0.5552005620999653
7590,0.5541070857406745
7591,0.4676759322524238
7592,0.5514318272719353
7593,0.5867487693213541
7594,0.5720905197963073
7595,0.41800884467455107
7596,0.6205479541045789
7597,0.45523337253963053
7598,0.6171653359965813
7599,0.5809746085903145
7600,0.5427452229593729
7601,0.31131344938321753
7602,0.6286355057043321
7603,0.4356807665751089
7604,0.4301651871444052
7605,0.4159791534800879
7606,0.5824454769916235
7607,0.49252689156944274
7608,0.5230134651591126
7609,0.6103944710098652
7610,0.5115664724221013
7611,0.43121896755701
7612,0.47317621202895815
7613,0.4753913378156505
7614,0.34474396701095156
7615,0.6325689888466147
7616,0.5233263197038902
7617,0.5346365749786404
7618,0.4057923409714121
7619,0.5319308656718619
7620,0.45867897408745595
7621,0.5135683427009948
7622,0.31564711708609955
7623,0.41222020722739383
7624,0.4703706279993586
7625,0.5492840579824088
7626,0.4785566464294021
7627,0.4245686656415134
7628,0.6316684949169907
7629,0.4920483405680486
7630,0.422300798688261
7631,0.4019804249674873
7632,0.43168550766145974
7633,0.4159785181472722
7634,0.7474985413902016
7635,0.5789543353936015
7636,0.6734572710703584
7637,0.6382464613959795
7638,0.4895081931446582
7639,0.47475401127629724
7640,0.5451448356076749
7641,0.56229909390607
7642,0.5298303127336643
7643,0.6389587306242139
7644,0.5863454510380465
7645,0.6925849451106102
7646,0.6771984978473898
7647,0.46121118165074365
7648,0.6102367539417777
7649,0.4742095098327425
7650,0.632267224155509
7651,0.46950068373694204
7652,0.38049779058218713
7653,0.6274327796739645
7654,0.4660992894871615
7655,0.44740374989953263
7656,0.5337324567362265
7657,0.5599559677182758
7658,0.5280017664849465
7659,0.22441826210743337
7660,0.4924837502096739
7661,0.5935643993953573
7662,0.57486503001943
7663,0.6126936834630013
7664,0.5132569003972204
7665,0.4710189374846688
7666,0.47025483298834264
7667,0.5306114307043817
7668,0.577737424288601
7669,0.5595041191295008
7670,0.5547589005886382
7671,0.3858327548076559
7672,0.42595967944024804
7673,0.5384133594983186
7674,0.41580027666383773
7675,0.6430537304408288
7676,0.3688116666104861
7677,0.6135194191194503
7678,0.443722339405068
7679,0.6474924030475722
7680,0.4564470054674608
7681,0.45123437953791573
7682,0.7113540260420129
7683,0.528428782446086
7684,0.5109404717061383
7685,0.4508252124847629
7686,0.5656948258447954
7687,0.5447925256736589
7688,0.4442826867083751
7689,0.5118588404985389
7690,0.4813172837815841
7691,0.6027191621122423
7692,0.5860104898755348
7693,0.45614367832557506
7694,0.49553090279307044
7695,0.47241896793380117
7696,0.43117997998378005
7697,0.6404603756111853
7698,0.430021972485219
7699,0.5220546569190941
7700,0.5410209700329867
7701,0.44122084329413297
7702,0.5496837669818487
7703,0.4537772114169698
7704,0.6400466303004052
7705,0.4896695770976334
7706,0.5353028662513144
7707,0.5111875426967536
7708,0.6162277987430577
7709,0.4272483555806129
7710,0.47063184859205864
7711,0.7153950645041675
7712,0.47297415207474824
7713,0.4550066402652943
7714,0.6425378941650487
7715,0.6236479919309772
7716,0.4615970242838272
7717,0.4767431785729199
7718,0.5251123325636979
7719,0.6493094474368338
7720,0.5409625643990439
7721,0.4118153911005374
7722,0.7034711446561386
7723,0.4550386230409674
7724,0.5225286532386549
7725,0.4636286188168356
7726,0.42093034153512376
7727,0.42957588930808516
7728,0.44754601891701196
7729,0.5225572686527666
7730,0.4418013645948511
7731,0.4091532432122146
7732,0.7109065784238857
7733,0.5897583785395826
7734,0.4952440543682189
7735,0.7722868809663352
7736,0.5125764693072398
7737,0.42450605161026717
7738,0.6174378126444656
7739,0.6407815965040832
7740,0.5323665745029661
7741,0.6543155454871954
7742,0.7049871432635073
7743,0.5617731998572089
7744,0.5123684757296044
7745,0.5246619183783126
7746,0.5343846317466235
7747,0.4945978462531192
7748,0.594935706424638
7749,0.5279694297389048
7750,0.5605501441005003
7751,0.5760059360062734
7752,0.5030962452329424
7753,0.44652282749924765
7754,0.3417899703505536
7755,0.3276266116373776
7756,0.5207973234070801
7757,0.4301477388254328
7758,0.6007345652765296
7759,0.6866207071883633
7760,0.5462123038992364
7761,0.4389579669383331
7762,0.6969562071870248
7763,0.7220175536457731
7764,0.45542956933831386
7765,0.40805805995117594
7766,0.5203972181986251
7767,0.6548002844494342
7768,0.5433980620036072
7769,0.5939414351857274
7770,0.8237615199615842
7771,0.4218550967837341
7772,0.5010607662601247
7773,0.33187712675851466
7774,0.4652613002953438
7775,0.505622171946954
7776,0.42687445367281207
7777,0.6206204018394329
7778,0.5334234415418825
7779,0.5667191944132459
7780,0.5562078697014124
7781,0.46262224273963254
7782,0.5810047417802748
7783,0.47677273522425523
7784,0.6547820929306656
7785,0.32890322171337005
7786,0.6255193186199386
7787,0.4794824009477426
7788,0.4455945723721583
7789,0.3643230416465364
7790,0.41046860513298045
7791,0.49660972798567565
7792,0.48790824565483193
7793,0.4464542155079158
7794,0.5472260039377399
7795,0.5222409957929008
7796,0.4595662602795795
7797,0.5650070565133437
7798,0.34955242545963694
7799,0.47043457622645307
7800,0.517427554418669
7801,0.7011213483914629
7802,0.401500280101991
7803,0.5666942309684456
7804,0.6432979132798791
7805,0.3879564130308193
7806,0.7282738904542838
7807,0.44867924290539135
7808,0.5756105844617804
7809,0.38649432343535584
7810,0.45216434363814323
7811,0.573906042524702
7812,0.47181932477831445
7813,0.5424278738062954
7814,0.49702422140176633
7815,0.3757953881526922
7816,0.49480619398453013
7817,0.6925408787826708
7818,0.5858316071390036
7819,0.608277697177964
7820,0.5375842039867677
7821,0.5223888011610144
7822,0.8758888714892277
7823,0.5241770294426495
7824,0.6004592073725875
7825,0.48584006640887084
7826,0.41389215049927836
7827,0.4294114283204381
7828,0.3917452777578524
7829,0.5653621373956625
7830,0.3605487736823882
7831,0.523155412242372
7832,0.5243987974712827
7833,0.3268044974469167
7834,0.532353196786223
7835,0.4546766474221488
7836,0.44450347958484626
7837,0.6345840026843311
7838,0.6496891973550332
7839,0.61982885264862
7840,0.5598965256860018
7841,0.43608680534830224
7842,0.47165648460847126
7843,0.49863767887887345
7844,0.4656366587816008
7845,0.5754762075123216
7846,0.4413918608875688
7847,0.49635646192106203
7848,0.6106263322277122
7849,0.3850482052978773
7850,0.5769263267832165
7851,0.37135615952833023
7852,0.3357861998938626
7853,0.4346042074754916
7854,0.7136851184239176
7855,0.6362754856378997
7856,0.5881517261537529
7857,0.5200591091768498
7858,0.5990692952074735
7859,0.5647492280231263
7860,0.4220075134600396
7861,0.6000491961372196
7862,0.6051004374242508
7863,0.5412891780763703
7864,0.7109403092845941
7865,0.5011221195928866
7866,0.5838639816189036
7867,0.44026789448297077
7868,0.7418108691677776
7869,0.62676997453131
7870,0.6138374062597752
7871,0.3966637039003713
7872,0.42930290749400185
7873,0.40424249489871256
7874,0.5279490299655094
7875,0.40496299596655727
7876,0.5537256460769221
7877,0.45168851128846954
7878,0.5353643801284267
7879,0.41489430949876027
7880,0.4787569947686813
7881,0.49729057950087296
7882,0.7702107023992699
7883,0.44107024956237784
7884,0.4741751360583045
7885,0.612682626404221
7886,0.5360342676245737
7887,0.5064875414783759
7888,0.6055958939907264
7889,0.5445272186147783
7890,0.5297516529615464
7891,0.3697868002294544
7892,0.6550207339415561
7893,0.568810381164453
7894,0.7146296000143211
7895,0.42599615155805703
7896,0.4130029859636469
7897,0.5291883605674567
7898,0.4892689477087996
7899,0.31527172590146046
7900,0.5727298786240279
7901,0.584752595058946
7902,0.5172499751643894
7903,0.6433607284560723
7904,0.5984636934143218
7905,0.4749714573301237
7906,0.41217236934312884
7907,0.740453539659082
7908,0.4722119730789206
7909,0.6704582995166515
7910,0.4844875852164543
7911,0.44221865334790256
7912,0.7014763068937274
7913,0.4403336145520152
7914,0.4828067107587397
7915,0.6796436455113603
7916,0.654758327969268
7917,0.4757058192822268
7918,0.4129270566395197
7919,0.5778180513327931
7920,0.7439048926921465
7921,0.41871602003655456
7922,0.4522803205494459
7923,0.5804908465194447
7924,0.4175287111581545
7925,0.48523103713922566
7926,0.5065113367819725
7927,0.4735783492460636
7928,0.39096924708751657
7929,0.5126075979425074
7930,0.6433459808172193
7931,0.48339418146820445
7932,0.7466217370394709
7933,0.5361456239567267
7934,0.4319042605951883
7935,0.6243557018338008
7936,0.4523486591713699
7937,0.5757889743856897
7938,0.5542561678939455
7939,0.5000671068816624
7940,0.4329937358330028
7941,0.45468888658637985
7942,0.5067059832931087
7943,0.5534294684535335
7944,0.7380365377666063
7945,0.4127291522569996
7946,0.5962953313647957
7947,0.5278404868893805
7948,0.532376062607838
7949,0.6672432587591915
7950,0.42298100108778725
7951,0.5750492728722174
7952,0.4096516002637396
7953,0.4251132989327565
7954,0.40441507755449957
7955,0.5024167676374185
7956,0.4581856170270993
7957,0.6080041751513453
7958,0.6215770948289215
7959,0.5024629111051265
7960,0.4437543534156462
7961,0.6154644554082387
7962,0.6211209271261083
7963,0.4679359145848877
7964,0.36746659798898884
7965,0.5641764236588149
7966,0.5007549284728785
7967,0.4775115355139981
7968,0.6555199648147898
7969,0.48932394618771713
7970,0.4840358271142975
7971,0.5165284371919495
7972,0.5552685955996699
7973,0.5342581762855462
7974,0.5678230924646521
7975,0.5929081841783183
7976,0.42925915753816624
7977,0.540227066770363
7978,0.5393921595186845
7979,0.531076818881908
7980,0.36673085820196005
7981,0.4596651366733435
7982,0.5516601947056848
7983,0.5465940471940528
7984,0.6040151437931951
7985,0.471944603640551
7986,0.660731669846151
7987,0.6567646274244835
7988,0.4487024334008458
7989,0.6840770469055789
7990,0.740902341171891
7991,0.4450608826203266
7992,0.48436215364371404
7993,0.3671797211508545
7994,0.6191188560602183
7995,0.45014884400783806
7996,0.5935471038951332
7997,0.5228624674569785
7998,0.47658565744552756
7999,0.43794576717247913
8000,0.3948535646858743
8001,0.44512233257680417
8002,0.4594893451764158
8003,0.5182435947758719
8004,0.4677517722638732
8005,0.4667265989440619
8006,0.6985242337295624
8007,0.45818669650147237
8008,0.5206351664209482
8009,0.6178710905996545
8010,0.5560667754517975
8011,0.517632692483236
8012,0.45631223613271066
8013,0.5531711672183045
8014,0.7391442789976668
8015,0.6249385760261141
8016,0.4455724012597703
8017,0.6782783911652369
8018,0.5122747350994414
8019,0.5371419914732866
8020,0.4456770845597461
8021,0.47636733799558106
8022,0.4107137407866262
8023,0.4883639145053746
8024,0.49531680299952596
8025,0.47121292613531063
8026,0.4371694515554394
8027,0.6558268214424641
8028,0.4932935308626612
8029,0.61884844177726
8030,0.39394800346962033
8031,0.48899645364917876
8032,0.4957619001382298
8033,0.5046542396315864
8034,0.4959069567080691
8035,0.5226723454317402
8036,0.4543494092433589
8037,0.5444731019062766
8038,0.5048935343345309
8039,0.4844681152688866
8040,0.5478831587195485
8041,0.5366660907038798
8042,0.5305520218648467
8043,0.5279280243107669
8044,0.5440670332655888
8045,0.31924391763375304
8046,0.482674116535451
8047,0.44768705509462825
8048,0.4733208821438604
8049,0.49379234766930585
8050,0.4755716716557441
8051,0.5156625523879248
8052,0.5767780584964165
8053,0.5100314050615103
8054,0.48216651500319974
8055,0.3184946396093702
8056,0.7464757670947832
8057,0.4250080177087257
8058,0.7195302649607775
8059,0.5140933424847206
8060,0.6096576926534434
8061,0.49645485411022783
8062,0.4378396942556464
8063,0.48803009078521975
8064,0.5674466326665721
8065,0.4914101594916195
8066,0.5806120055672596
8067,0.5753854112195186
8068,0.3032398717219488
8069,0.48812600020307145
8070,0.4982968954792095
8071,0.498084469321552
8072,0.40977432107519574
8073,0.5898617791675409
8074,0.5255571187760761
8075,0.5273312005689144
8076,0.528267574053895
8077,0.4762091300194506
8078,0.42713436325473125
8079,0.4537846609762286
8080,0.30089792909103585
8081,0.6195470543263304
8082,0.5033187866070815
8083,0.5143468870163322
8084,0.7102882106328241
8085,0.4855543801323069
8086,0.6012557333207371
8087,0.533335798984488
8088,0.6517783169009375
8089,0.548607823345578
8090,0.3497468260530754
8091,0.5359771555681223
8092,0.44712382656788036
8093,0.3286995600040465
8094,0.6397104659806995
8095,0.574289709163836
8096,0.42290278748482624
8097,0.4806752189585331
8098,0.66078721179337
8099,0.46860873816171617
8100,0.507151158514776
8101,0.40895269717544336
8102,0.4952700311645115
8103,0.41347742983473434
8104,0.5658332723091416
8105,0.5447516389000727
8106,0.5420645557207786
8107,0.5741851346801573
8108,0.47312547184132575
8109,0.5652256217283292
8110,0.7025518784177516
8111,0.4299013465474863
8112,0.5789297830548947
8113,0.5837345145248872
8114,0.437955559748845
8115,0.7077522181560958
8116,0.5649152498498865
8117,0.4243857883777774
8118,0.530782386484701
8119,0.5552199392622119
8120,0.46709244215981294
8121,0.4440482072519201
8122,0.38723351873606354
8123,0.7935094860092762
8124,0.6133204103028536
8125,0.4988707731603101
8126,0.4867248296914766
8127,0.5385941809624328
8128,0.4228141304159088
8129,0.4691063806627662
8130,0.42551574944457793
8131,0.7572676645867521
8132,0.3630868032894162
8133,0.43199352991023776
8134,0.3087764644762247
8135,0.4648413268917673
8136,0.42281351611368734
8137,0.6399899746141987
8138,0.44492920068632463
8139,0.41501511740388514
8140,0.6006000668201572
8141,0.4587333458565766
8142,0.7614550388859049
8143,0.45479136449559704
8144,0.4568375260263359
8145,0.6323954757382546
8146,0.4820592894920467
8147,0.4954810870675788
8148,0.4189599724614601
8149,0.5516440369013103
8150,0.5967110522234027
8151,0.5104134296776844
8152,0.399215075709883
8153,0.77926940770452
8154,0.558860111642404
8155,0.4041515436174751
8156,0.4726090713526932
8157,0.41638824461383694
8158,0.6506659996277999
8159,0.5194474087372165
8160,0.5582799433421339
8161,0.5089222381603717
8162,0.4884836088554342
8163,0.4760833920484547
8164,0.6218193237153945
8165,0.6606116123599428
8166,0.41470105843267624
8167,0.5852058606670646
8168,0.5302199432189627
8169,0.42298998093775475
8170,0.39191473116669684
8171,0.44047747144153043
8172,0.650145948569791
8173,0.391046370332778
8174,0.5073698125949468
8175,0.5497404794094557
8176,0.49163379918560696
8177,0.5707636073701016
8178,0.6526712308673354
8179,0.5807608506107012
8180,0.5299694773855407
8181,0.5320004374189062
8182,0.37596026129023746
8183,0.6356568691756346
8184,0.5608013907131515
8185,0.38280840253224846
8186,0.6248848839374477
8187,0.46530744278141756
8188,0.5082385438459736
8189,0.6978425548780032
8190,0.43537430413175426
8191,0.49331607716482917
8192,0.6462476997307669
8193,0.6738929035176182
8194,0.6144399996292268
8195,0.44263470608988476
8196,0.4033021557858302
8197,0.5756311186476932
8198,0.5905432133177974
8199,0.48378914200966555
8200,0.510645822328778
8201,0.879022381385283
8202,0.5107580035758984
8203,0.504613396598094
8204,0.6489484086756087
8205,0.8783492183117778
8206,0.4873203566664779
8207,0.5595477133822202
8208,0.48222241561464996
8209,0.4724368824493158
8210,0.49155767938516465
8211,0.3423920710094185
8212,0.4181914589936754
8213,0.5083925511123109
8214,0.48130419412256403
8215,0.40449185127413123
8216,0.678007533554508
8217,0.4406846672021158
8218,0.5613863312777011
8219,0.5447790351458839
8220,0.5135970908554727
8221,0.5871669155960874
8222,0.5395698527985239
8223,0.6389245664658872
8224,0.650067424410726
8225,0.44202667821509994
8226,0.5612862490677639
8227,0.4868120829701854
8228,0.48927428548590013
8229,0.4356287242992602
8230,0.5762873350365955
8231,0.46638678214338625
8232,0.45987512791089263
8233,0.4982256967901951
8234,0.40947274800934486
8235,0.4288598090674523
8236,0.46208550362819056
8237,0.5723094920259636
8238,0.4992208876491794
8239,0.5266288563828768
8240,0.40672534901284835
8241,0.7175709707643296
8242,0.5402905516253874
8243,0.5097061257141429
8244,0.6374883780752466
8245,0.42148060116511726
8246,0.4218753994332798
8247,0.4923578223735819
8248,0.38480303918809
8249,0.3901284515267758
8250,0.49420754246639287
8251,0.4092785750460716
8252,0.47069999446267363
8253,0.4588108952792468
8254,0.5774722296626745
8255,0.6331567137626852
8256,0.5558113186319191
8257,0.5671478555005639
8258,0.5233765751076511
8259,0.6240315325840924
8260,0.5615480976110926
8261,0.5954575568179389
8262,0.5806491818321944
8263,0.516415649052401
8264,0.5672060728235231
8265,0.532674736717605
8266,0.4175701862666229
8267,0.4255538398130648
8268,0.4256782866439494
8269,0.4112084031390797
8270,0.5225658795773312
8271,0.4482592478386228
8272,0.5559379061832758
8273,0.44997312771490083
8274,0.3695699683611549
8275,0.4373881189311158
8276,0.6842652265276782
8277,0.5631990308676874
8278,0.4964462478323276
8279,0.5461005266442691
8280,0.5609395806956056
8281,0.5435203133682179
8282,0.4108330997096354
8283,0.4338692059178245
8284,0.45605823233777837
8285,0.404815340895061
8286,0.3413443868702528
8287,0.4577019101322728
8288,0.4061950312539361
8289,0.5186064361360875
8290,0.44359870015579705
8291,0.5447091744303046
8292,0.6321441760648087
8293,0.7134620937389561
8294,0.5039954299896936
8295,0.5041023973583284
8296,0.539118114396463
8297,0.5777319596305034
8298,0.4284379535815119
8299,0.6022219536211966
8300,0.6370859468795957
8301,0.45645597640834623
8302,0.5586533860505164
8303,0.4993894813825414
8304,0.516448007583683
8305,0.4662492959520552
8306,0.6296166191052794
8307,0.5438284779290827
8308,0.5004825148566633
8309,0.5883735987458595
8310,0.32900160940643985
8311,0.43214820218627414
8312,0.4258389808486904
8313,0.48041593209888606
8314,0.6779127779090135
8315,0.5272990416156288
8316,0.4279693322297142
8317,0.5309879653759492
8318,0.4441197476412018
8319,0.6626707658104145
8320,0.5152277887294723
8321,0.5303341563514089
8322,0.30592312474778993
8323,0.5274268782495585
8324,0.5725793478976506
8325,0.5102514556577896
8326,0.6176123587569038
8327,0.6095527821967903
8328,0.48714829679964133
8329,0.3845376881254126
8330,0.4150056769930404
8331,0.4380373305431661
8332,0.5008677534623093
8333,0.48696011853011895
8334,0.5888625129645081
8335,0.45241279778646115
8336,0.5558376845594084
8337,0.5495226521136269
8338,0.5943068948259844
8339,0.6778040312396546
8340,0.31392890788574357
8341,0.40895792744501175
8342,0.627647047206228
8343,0.42779486455522586
8344,0.4703075052695071
8345,0.5272850257684113
8346,0.5650800885571312
8347,0.4921509094253439
8348,0.7406819555769149
8349,0.4535476438151643
8350,0.4360794109958539
8351,0.38144218518921125
8352,0.46088244170362247
8353,0.4547869090902188
8354,0.7423104991380137
8355,0.5811799395041297
8356,0.6486381248497269
8357,0.5949362566273211
8358,0.6020187894514872
8359,0.28392289932870174
8360,0.4747318539051254
8361,0.689990940979931
8362,0.626937282436249
8363,0.46821313933092507
8364,0.33839752260863265
8365,0.5198411404090049
8366,0.654836289626451
8367,0.585713757025093
8368,0.5588567243631051
8369,0.3208926615137077
8370,0.5261554268158486
8371,0.528108564231473
8372,0.5087066919242492
8373,0.3796409585875773
8374,0.5965659089448015
8375,0.7024410734558183
8376,0.47946460999048407
8377,0.5934344088658702
8378,0.4750315492491477
8379,0.48170440874392007
8380,0.6485237542724542
8381,0.5770765208557969
8382,0.6830152759341098
8383,0.5771223192936725
8384,0.5699224509936744
8385,0.7047559293184995
8386,0.6898315373441376
8387,0.45579397124070276
8388,0.5307659716317837
8389,0.33833135368194134
8390,0.5537886284628756
8391,0.840955886498944
8392,0.6905840290705496
8393,0.5383239279809966
8394,0.5702185530443246
8395,0.6052627448266447
8396,0.7323051241799323
8397,0.48085918573573566
8398,0.5410062733665203
8399,0.4628303004839881
8400,0.49010672520908644
8401,0.4458074421862239
8402,0.481084281277796
8403,0.5170011027480649
8404,0.3718033265464213
8405,0.503854242783722
8406,0.6701089512898124
8407,0.6926879880813736
8408,0.5213571767546211
8409,0.640207774948753
8410,0.5039777612102203
8411,0.5757832648870063
8412,0.3636903381215608
8413,0.5297595899709447
8414,0.5255236665502029
8415,0.6426991731833798
8416,0.368472309296958
8417,0.5062894268889567
8418,0.44765236452132895
8419,0.4825846602151881
8420,0.5525176186931978
8421,0.5315731304593908
8422,0.5024723743501879
8423,0.46737236786649916
8424,0.5514737243501331
8425,0.6433384764559787
8426,0.4569228168902124
8427,0.7198076661259565
8428,0.48171705977350565
8429,0.6445467680276691
8430,0.42542884175666723
8431,0.5183343653806493
8432,0.5661905145549077
8433,0.3908389097013002
8434,0.5278464964864702
8435,0.8155179475768739
8436,0.4224536110771809
8437,0.5727154780472121
8438,0.5410870878785061
8439,0.48963613423292063
8440,0.36536943240519437
8441,0.6164746117234639
8442,0.5404677295955949
8443,0.5719753048856131
8444,0.46861654202240244
8445,0.5670714985374865
8446,0.4829120050164111
8447,0.43409005193485584
8448,0.5717244395766157
8449,0.5135636352829038
8450,0.44583057011800054
8451,0.5349318086715853
8452,0.46876607892159877
8453,0.49985586439225493
8454,0.635112767005183
8455,0.6140847451266165
8456,0.5192645526559907
8457,0.5137605546193451
8458,0.4399639743095168
8459,0.5416004568563031
8460,0.666406259075492
8461,0.5308070277476457
8462,0.5768516578050259
8463,0.4793686509634485
8464,0.44479125258230995
8465,0.6028082164001378
8466,0.5935465476604355
8467,0.5002030862497965
8468,0.3904726465425349
8469,0.5467365268726812
8470,0.4805107646578661
8471,0.7943266838451839
8472,0.61641214750768
8473,0.701743557447663
8474,0.6135369448693397
8475,0.4893273787013942
8476,0.5596112951435732
8477,0.5260971708178178
8478,0.5596462801684712
8479,0.2823523867362413
8480,0.5297703768027658
8481,0.561566149571307
8482,0.44540462114715923
8483,0.38897736163639196
8484,0.5477295214586867
8485,0.35320344026040706
8486,0.8147426479871902
8487,0.5509347870815466
8488,0.3420573423559489
8489,0.5438517822023075
8490,0.6870066479292688
8491,0.47760449579650593
8492,0.3753892392045314
8493,0.5088409200415871
8494,0.4065266647416593
8495,0.5309712454537158
8496,0.39879390673986126
8497,0.5027587105007619
8498,0.4176363111087385
8499,0.6376105051888563
8500,0.5564437276267201
8501,0.45431465799462567
8502,0.47810178833194195
8503,0.5030280764143787
8504,0.5417638153286028
8505,0.47174623049457204
8506,0.5144140904477961
8507,0.5396580925238434
8508,0.6785431817290194
8509,0.4873273510389776
8510,0.41929695128796046
8511,0.5150375680002889
8512,0.7316087154414963
8513,0.5449508585263456
8514,0.49036623438108107
8515,0.4633303488181222
8516,0.5493226774167561
8517,0.5998970806562622
8518,0.45575503408300455
8519,0.634349770576097
8520,0.5220831151055733
8521,0.4372583156108636
8522,0.40609250665413515
8523,0.4904143803769781
8524,0.5629103293649282
8525,0.42016853215068184
8526,0.37659901225418535
8527,0.5948521961086797
8528,0.5259126561420947
8529,0.6462198500768362
8530,0.5542402817396526
8531,0.4566800217479108
8532,0.598751587816368
8533,0.5049544387122646
8534,0.5899141140634415
8535,0.5239492247773619
8536,0.5421378336620521
8537,0.5458700678238813
8538,0.5560843833095491
8539,0.3908821814956247
8540,0.5279769253861015
8541,0.6840356852103902
8542,0.57400316795336
8543,0.5761157042554599
8544,0.4760789308495198
8545,0.5351647901970694
8546,0.3812639851970611
8547,0.4057961260012494
8548,0.6150054029092419
8549,0.4463091074465303
8550,0.3731736414833581
8551,0.3453013881424162
8552,0.696258350599743
8553,0.5395699163070015
8554,0.5336381446493885
8555,0.6329978829241204
8556,0.6814530129345512
8557,0.5303328262342482
8558,0.437575663209984
8559,0.5759860386174522
8560,0.6031243407864858
8561,0.5004459767259362
8562,0.5427497444403009
8563,0.6240898012163596
8564,0.5863594465021222
8565,0.465475166264257
8566,0.577239196981977
8567,0.5806541559501043
8568,0.5224372734106774
8569,0.6700953160810305
8570,0.5386708660618044
8571,0.48816058500903664
8572,0.5030118490884949
8573,0.6797297196532276
8574,0.5837446882916462
8575,0.49648251774733193
8576,0.4353700433268667
8577,0.47513966032069976
8578,0.4947800436064319
8579,0.41361862276028705
8580,0.5336546701157616
8581,0.42775562407335854
8582,0.5772339954575527
8583,0.5975118990729215
8584,0.3983505785031601
8585,0.5311187466619938
8586,0.41683821464845994
8587,0.380800575524891
8588,0.3788973455194938
8589,0.5958756515702921
8590,0.5476097715887761
8591,0.6424883531030999
8592,0.6934525473655413
8593,0.4214926971728478
8594,0.5492808503821079
8595,0.46375816362875333
8596,0.5409751815294412
8597,0.592491299873942
8598,0.33572450237977314
8599,0.7900188933100218
8600,0.507464782928622
8601,0.3428079180132644
8602,0.45362534689431905
8603,0.5208000913886056
8604,0.46525820232595877
8605,0.35680068636906986
8606,0.5211067535310666
8607,0.4885784162834548
8608,0.6318750440331967
8609,0.5810565180454561
8610,0.592607140069578
8611,0.47373908670816706
8612,0.537727765369687
8613,0.5220291128726494
8614,0.3279656248733357
8615,0.4839649860893729
8616,0.6058234337319867
8617,0.47558508032347535
8618,0.5431818806998515
8619,0.43769980560941496
8620,0.5487095904514374
8621,0.4418665067951421
8622,0.4528797419292181
8623,0.6771895925210786
8624,0.33947341019860655
8625,0.47884047763301024
8626,0.4159073519348922
8627,0.4171779599080756
8628,0.4333194596113491
8629,0.43269405510487546
8630,0.5742564406052048
8631,0.38560141096527045
8632,0.6186511151056496
8633,0.770088604122757
8634,0.623656728731967
8635,0.5517629015393484
8636,0.5430111683985911
8637,0.6458422728292351
8638,0.406693461893347
8639,0.5819156086592734
8640,0.4347120439075667
8641,0.5031433037344539
8642,0.4471554672638667
8643,0.5529217525589013
8644,0.40307157433182195
8645,0.3987911014668517
8646,0.5451124431219755
8647,0.5144085066398348
8648,0.5212851733663413
8649,0.5817091638162054
8650,0.5680527465462561
8651,0.49388553130509477
8652,0.6560378604054256
8653,0.5329572596020339
8654,0.4372546886420974
8655,0.46415494214610165
8656,0.4903871853946396
8657,0.4801442066698147
8658,0.5277692820728557
8659,0.4454626312240932
8660,0.5476148163422553
8661,0.5289323518432562
8662,0.41453148079713775
8663,0.6036439689269208
8664,0.5128420206814682
8665,0.6781221938023847
8666,0.42708828733875537
8667,0.5625333897510678
8668,0.61126886122955
8669,0.40062568891044953
8670,0.6367328430193484
8671,0.5687164825405044
8672,0.45867780391443147
8673,0.42492579880837
8674,0.6948217610671961
8675,0.4294664288306668
8676,0.40587428358629296
8677,0.46059266803961046
8678,0.6194669646340739
8679,0.46418387972282166
8680,0.4736658407754491
8681,0.3963988399078874
8682,0.46571357583572937
8683,0.4956989714629833
8684,0.5111521334905135
8685,0.3584143694280316
8686,0.7104213020132013
8687,0.5339339081847015
8688,0.6808031613508444
8689,0.4605268977960049
8690,0.5494846059560301
8691,0.5667025779492454
8692,0.45587484081193486
8693,0.5668462693540576
8694,0.5395417447849263
8695,0.6682943085613137
8696,0.5330564410728258
8697,0.40750050236710417
8698,0.48702490447408064
8699,0.4744894081727714
8700,0.4675603060276315
8701,0.4062273420182906
8702,0.666187951744863
8703,0.5374539775707142
8704,0.40340311169852405
8705,0.47704232119807394
8706,0.5253523113820537
8707,0.6098551148903746
8708,0.47826817786060843
8709,0.7652040454563224
8710,0.49316060575707193
8711,0.5267660392374389
8712,0.44648547511619463
8713,0.529447457731697
8714,0.4623219183662607
8715,0.41083357901861367
8716,0.6480773341838176
8717,0.4724999270506311
8718,0.6742663178204786
8719,0.3407639118699925
8720,0.5253679134109281
8721,0.6448209013461823
8722,0.6229524509538829
8723,0.5239984477749128
8724,0.4561868069854202
8725,0.5520245375274665
8726,0.45707524011889855
8727,0.5096199672456263
8728,0.6259448259337377
8729,0.5559383841682772
8730,0.5538563732014793
8731,0.5235296999824129
8732,0.4717095048399947
8733,0.46858418609371566
8734,0.39752662828504765
8735,0.47416444531792107
8736,0.47642387317029755
8737,0.43568976293985584
8738,0.4043230181179634
8739,0.5842268311119021
8740,0.4928484312728069
8741,0.4031363305480032
8742,0.7745853239114767
8743,0.4179855399563174
8744,0.5024471381434514
8745,0.3584343144186811
8746,0.47185419127950945
8747,0.41636887595316435
8748,0.4160630523648079
8749,0.6032494236587848
8750,0.4371709825909157
8751,0.4305915973699794
8752,0.5446556279282294
8753,0.4786759285923413
8754,0.57040691640216
8755,0.4288492948844715
8756,0.4359781173110253
8757,0.4989247872515758
8758,0.6345584762636292
8759,0.48775221666213553
8760,0.4635833994909804
8761,0.6064768436261956
8762,0.49202074620236286
8763,0.5267683961866867
8764,0.514560268316303
8765,0.5026854573450107
8766,0.49010422280007165
8767,0.5065139108078784
8768,0.6957122679699594
8769,0.5238983843311219
8770,0.44602480595487737
8771,0.44168764494084317
8772,0.5457650741240467
8773,0.4675929580942489
8774,0.6053098078854334
8775,0.5635770942919499
8776,0.5806517835923147
8777,0.4578491847481675
8778,0.47130810548268504
8779,0.5554227555436528
8780,0.4781577124182966
8781,0.5341502638120542
8782,0.5145883561894716
8783,0.5140574837419619
8784,0.5730394058468722
8785,0.42257921434881585
8786,0.4593522241735408
8787,0.41914266955199764
8788,0.41189728070470766
8789,0.5025935914724687
8790,0.37046753895226275
8791,0.44047361859737094
8792,0.5918259117567798
8793,0.46325965191345575
8794,0.5928796257701607
8795,0.42064153109750246
8796,0.5651311023245774
8797,0.48433876176746116
8798,0.517553152217285
8799,0.35054924369872476
8800,0.5305730932137473
8801,0.48583400130758536
8802,0.5329819730817309
8803,0.5603710833709628
8804,0.505551475059327
8805,0.6303108509042639
8806,0.7555669800358321
8807,0.5445363081642447
8808,0.36119084665908485
8809,0.3590977750321581
8810,0.5528881476187507
8811,0.4520765366045889
8812,0.5505366371149228
8813,0.4726111318906932
8814,0.5375167593169077
8815,0.5995818745664157
8816,0.6687518091499904
8817,0.4209973632245485
8818,0.3644701649741542
8819,0.45304621085458074
8820,0.42915571844484207
8821,0.3947114575457583
8822,0.7259924485696012
8823,0.32397350140260794
8824,0.5257907551373417
8825,0.5796574219288086
8826,0.652397983972051
8827,0.6163542301268007
8828,0.6369780063687638
8829,0.6631836104146286
8830,0.5450050355868976
8831,0.5442947756846735
8832,0.6957201678341064
8833,0.43298740798539165
8834,0.5566713393070574
8835,0.5368017497421058
8836,0.5732373996123521
8837,0.3953190393319381
8838,0.7728501787748285
8839,0.5715669877015441
8840,0.5173302383918311
8841,0.34481190967153547
8842,0.593373833745128
8843,0.7253081548302172
8844,0.5578590883371128
8845,0.33380094647401937
8846,0.6613612162167042
8847,0.5470642369452894
8848,0.6560386784869051
8849,0.47085129115576435
8850,0.7191436062215003
8851,0.5188803425984032
8852,0.5123122649663872
8853,0.5454202290125456
8854,0.5532328812882187
8855,0.45381829493577264
8856,0.5139949333451685
8857,0.5814319820265745
8858,0.46291149336232024
8859,0.5511891032918361
8860,0.5791835437217154
8861,0.7322063109757044
8862,0.4593131230504637
8863,0.5286895682819017
8864,0.6387284534369907
8865,0.41243064827803744
8866,0.4994503265286773
8867,0.46856462001021315
8868,0.44324853863451485
8869,0.5197650776012132
8870,0.49295936708073135
8871,0.5437287127140219
8872,0.44935580999322755
8873,0.4960830038776993
8874,0.3621839874695476
8875,0.5727997312892935
8876,0.6766988818177049
8877,0.6299255171448552
8878,0.6273297672461604
8879,0.6885329919475602
8880,0.6219219819048509
8881,0.5283530310327607
8882,0.5961479090829728
8883,0.3739820155036241
8884,0.42414530071391066
8885,0.45197756834300545
8886,0.5869677884965633
8887,0.48678964283213866
8888,0.4815329020749149
8889,0.45855741107061493
8890,0.4443759626939681
8891,0.5717421255676295
8892,0.3595871895909568
8893,0.4667402405328265
8894,0.5200407858864724
8895,0.3867188992548116
8896,0.5757792404111672
8897,0.5575687270212005
8898,0.556652183090378
8899,0.5368726309906232
8900,0.5431089321163041
8901,0.4600794978110345
8902,0.7271433275571739
8903,0.5180849868595999
8904,0.7646134407425003
8905,0.5301729502945952
8906,0.5065818238836538
8907,0.48848432214590554
8908,0.6495344429775397
8909,0.5778050062305516
8910,0.6018014451551054
8911,0.5059412074352773
8912,0.40461615958086744
8913,0.37636098037173726
8914,0.4580597509517585
8915,0.4827530420956452
8916,0.5170785935496602
8917,0.5672618641558838
8918,0.5188843850600775
8919,0.6420073947468351
8920,0.4671711551330091
8921,0.37591393715665344
8922,0.47060292299900774
8923,0.34422786682210293
8924,0.4341611367129112
8925,0.5346887691921735
8926,0.5358436016066157
8927,0.6313517523176482
8928,0.46925516090059693
8929,0.4480582446401859
8930,0.4382502340742714
8931,0.46478860850515746
8932,0.4733068159431174
8933,0.7012203238428361
8934,0.5657089548709694
8935,0.522315898941957
8936,0.3723934440816522
8937,0.5382723883248879
8938,0.628992887132299
8939,0.37001658502632545
8940,0.5957057100062064
8941,0.4166015492252187
8942,0.6266485718052246
8943,0.537352471264477
8944,0.6315178397240079
8945,0.43510886904145457
8946,0.49436016196092547
8947,0.5631966294920026
8948,0.44378467639673175
8949,0.486548237040362
8950,0.4957583401907799
8951,0.6070072268408783
8952,0.3805050829592286
8953,0.6371020026880969
8954,0.4804608101382952
8955,0.5299930798550707
8956,0.5591997826453401
8957,0.5459957614670901
8958,0.6182486747212766
8959,0.518171886048353
8960,0.7101975403508722
8961,0.488102322634523
8962,0.5769977801372037
8963,0.6269743811888363
8964,0.6106797453620381
8965,0.6031383903506415
8966,0.3687136580552203
8967,0.35401714842401755
8968,0.5102886460454017
8969,0.5369689184326037
8970,0.7772130929311709
8971,0.513311862639466
8972,0.5243581650619471
8973,0.5223628327531106
8974,0.6753034126398026
8975,0.41590677410008337
8976,0.3865407441292432
8977,0.41257912455548174
8978,0.534055351430145
8979,0.5171167376246398
8980,0.6155997263224051
8981,0.5937057732934102
8982,0.5031711457798712
8983,0.45299867463977683
8984,0.39837624635852176
8985,0.41925812906792087
8986,0.6302468001396386
8987,0.41354024970178976
8988,0.36367261486761054
8989,0.5620427520415473
8990,0.5687116970675304
8991,0.491489779151288
8992,0.39526607476433917
8993,0.6734197587593688
8994,0.4577097266952778
8995,0.709323419622802
8996,0.5635117699270362
8997,0.6125009040668102
8998,0.6091075824500094
8999,0.38541449698290076
9000,0.4314340573765904
9001,0.5479677812612248
9002,0.46138296744650326
9003,0.8653710514015703
9004,0.4358754381902441
9005,0.38756995094352953
9006,0.3993863468140888
9007,0.5643345083025737
9008,0.5239665325296927
9009,0.47050766697377944
9010,0.43377983258596864
9011,0.5265257046900602
9012,0.4911481593192745
9013,0.5607056253376347
9014,0.8437060377574337
9015,0.42339654246889574
9016,0.4480344943186834
9017,0.5399246550511124
9018,0.48726521654346827
9019,0.37120930330925717
9020,0.5429136210564838
9021,0.6123681382271612
9022,0.5393591919167071
9023,0.6170540953214897
9024,0.5137206258825898
9025,0.39201734401986266
9026,0.5112159854021332
9027,0.526850121402869
9028,0.41343079949132727
9029,0.5795012555559683
9030,0.40899231317732165
9031,0.4276783052225466
9032,0.45326325678884255
9033,0.6020666111017781
9034,0.6118542735611275
9035,0.5357845155842597
9036,0.5296774257080831
9037,0.562755666336564
9038,0.6130120313461037
9039,0.5862520679099005
9040,0.565237259242901
9041,0.41948194855964466
9042,0.49324606125324794
9043,0.32933013303156855
9044,0.554669417073821
9045,0.4807856042467055
9046,0.34920052895154985
9047,0.6129716060234772
9048,0.5519320113094697
9049,0.42818384115013775
9050,0.45448897653468334
9051,0.4122741898008894
9052,0.472658022759676
9053,0.5368898719801638
9054,0.5903445028676165
9055,0.5648781495385651
9056,0.7538948602154179
9057,0.5883886964427001
9058,0.5025076023223835
9059,0.4415627625598466
9060,0.5650368295610868
9061,0.5069564425392878
9062,0.6653444463209764
9063,0.45922617555464645
9064,0.6594151677425186
9065,0.5847988678883922
9066,0.4699596719440585
9067,0.4967383163598202
9068,0.4572370668408724
9069,0.701620691305059
9070,0.45318355158812473
9071,0.6753609139263647
9072,0.5180927229480758
9073,0.6342096239973284
9074,0.39642351084848326
9075,0.6877683886026451
9076,0.41383025754834507
9077,0.4957475878562246
9078,0.4929074390705933
9079,0.3923201549192878
9080,0.56532113836556
9081,0.5748389102196927
9082,0.4645763580655764
9083,0.5678336340646506
9084,0.437845998547571
9085,0.7137448429175597
9086,0.4967115435691114
9087,0.7263391191079899
9088,0.510430383394268
9089,0.6217873522130009
9090,0.6044687505667641
9091,0.48154062030509925
9092,0.45902509564620064
9093,0.5909521727232924
9094,0.4357142154987954
9095,0.6174184181311833
9096,0.4850345340010254
9097,0.4830193751206824
9098,0.6504917765518774
9099,0.6702534067035859
9100,0.6580686642070596
9101,0.6053087483372623
9102,0.4235851192532557
9103,0.4538373754224949
9104,0.7540450128811611
9105,0.6942454368153869
9106,0.6043101585556715
9107,0.7399463046389212
9108,0.5891769436495969
9109,0.5864232442374689
9110,0.5009799517554292
9111,0.5541190268485781
9112,0.6757038259271622
9113,0.5734063156001799
9114,0.6029703500448956
9115,0.5357565347301882
9116,0.4555042094895322
9117,0.5774713552709493
9118,0.6404781730905942
9119,0.6186137639403398
9120,0.676291971572337
9121,0.5477887361698333
9122,0.4940982160713721
9123,0.614751786965773
9124,0.6934267502819322
9125,0.5796430415065357
9126,0.36906698875706645
9127,0.46898420389603596
9128,0.43970391817204096
9129,0.5231290927049097
9130,0.42033826637511046
9131,0.5878376154326737
9132,0.5734622721330045
9133,0.753973079634935
9134,0.4601013773701977
9135,0.46634399683757743
9136,0.5241774464181456
9137,0.5374323648474882
9138,0.666113179712303
9139,0.4884780983187414
9140,0.601680020126703
9141,0.35827162392972706
9142,0.6584495230941647
9143,0.4089940429945915
9144,0.5849756551075426
9145,0.5438814815989694
9146,0.5590368533271719
9147,0.41138564851969184
9148,0.5247194574697956
9149,0.5775203356876397
9150,0.5589524252232312
9151,0.5345105587187922
9152,0.3476646845985859
9153,0.5473438196744618
9154,0.6452721981821405
9155,0.4891745262638065
9156,0.6010653434815445
9157,0.6142060770505092
9158,0.6427911609035983
9159,0.503210675380205
9160,0.5301119048374203
9161,0.4843877028661589
9162,0.6061625414329721
9163,0.5079876672279049
9164,0.34120702625151456
9165,0.604742466159653
9166,0.6429286575500989
9167,0.6179417255698109
9168,0.5526368282407935
9169,0.43435461643737083
9170,0.554328204182495
9171,0.6115577342140458
9172,0.6765741881058713
9173,0.735912575103315
9174,0.49988862774411696
9175,0.5216533581113271
9176,0.5362096548425557
9177,0.42590720613207145
9178,0.43057394903178514
9179,0.5452663556730756
9180,0.5784249738223777
9181,0.4957135412722925
9182,0.5584906437738694
9183,0.450543510552808
9184,0.51956417028837
9185,0.5572713734494386
9186,0.4967654481595238
9187,0.39627476420903374
9188,0.41211457014724473
9189,0.4255233099423734
9190,0.6726486435703772
9191,0.5478599431058089
9192,0.5543100693125349
9193,0.534079142735508
9194,0.5146467898127489
9195,0.6231327119188662
9196,0.6083642756914436
9197,0.5013046472515721
9198,0.41205023147211467
9199,0.4288122040741803
9200,0.6036925164240441
9201,0.7142338847149365
9202,0.47186293043344
9203,0.5696215120275753
9204,0.6792715658505278
9205,0.5613981005863004
9206,0.46868204942607317
9207,0.5027612683860043
9208,0.43919735553559214
9209,0.44133579890763974
9210,0.5597415941479746
9211,0.5630169089573998
9212,0.5040071867008062
9213,0.5019448231246647
9214,0.6605858906725921
9215,0.6164123914148443
9216,0.548582593264388
9217,0.5193620508524729
9218,0.5643700683924718
9219,0.6198416465391356
9220,0.4256904479714673
9221,0.5263653827761573
9222,0.47075656816365585
9223,0.5070352368018318
9224,0.6540662335055837
9225,0.49322544994513906
9226,0.5803296750986543
9227,0.5046488636250153
9228,0.5356939397198125
9229,0.3688428634824924
9230,0.6118634468739024
9231,0.573245645103715
9232,0.3464892905555512
9233,0.3577732213518879
9234,0.7621902950298995
9235,0.46713899032109446
9236,0.6272296811147929
9237,0.4952494118910872
9238,0.5925895232821453
9239,0.4250785774971654
9240,0.6048829277629528
9241,0.6358485511297396
9242,0.4834023587916092
9243,0.4485828449128691
9244,0.5826747224267114
9245,0.40035944981930643
9246,0.5089379426846736
9247,0.5133601990649189
9248,0.5168481969668532
9249,0.32826062304020126
9250,0.506654988761083
9251,0.4879024931932511
9252,0.5443711071169242
9253,0.503203423581586
9254,0.5663492218873648
9255,0.43069748618585557
9256,0.38959501932376306
9257,0.6031309564178483
9258,0.40587335796951607
9259,0.44538152437242334
9260,0.6999640053292467
9261,0.5931156612544808
9262,0.6718610500070992
9263,0.537088456967195
9264,0.6685194893175819
9265,0.4524400462469078
9266,0.49739237699737376
9267,0.41873385274960045
9268,0.5171319757820176
9269,0.46084193129451545
9270,0.5691391602972934
9271,0.5883000740459011
9272,0.4865080549665446
9273,0.4428838007779208
9274,0.5388743456261228
9275,0.721217810811654
9276,0.542234153330972
9277,0.45741932123517354
9278,0.491780513740935
9279,0.6563161999179337
9280,0.4447047370443804
9281,0.526131351734408
9282,0.5388218210173109
9283,0.5267485108161849
9284,0.7183327232118822
9285,0.49432458379967353
9286,0.49692894872577653
9287,0.5263932845910185
9288,0.4606167276556176
9289,0.5944271514201609
9290,0.38269434044679373
9291,0.5148189672225799
9292,0.6142982551390718
9293,0.45286404907599154
9294,0.48845465306849395
9295,0.5779485800308038
9296,0.5322228591775013
9297,0.5684070608621197
9298,0.42654076349162096
9299,0.4520092187328252
9300,0.43323756792224866
9301,0.4976616076408818
9302,0.5094920535228064
9303,0.4324619393818245
9304,0.5696256449798226
9305,0.5027222393299918
9306,0.599844885928111
9307,0.6853510894759969
9308,0.41937700742669226
9309,0.4535703947095914
9310,0.629796884600676
9311,0.5446657555129736
9312,0.6213043083874283
9313,0.5805243281233302
9314,0.4471090573031688
9315,0.4000088981427382
9316,0.400334004303212
9317,0.5552091947586788
9318,0.44583016585067736
9319,0.6127708987705877
9320,0.34568644080711364
9321,0.5340005580263464
9322,0.4442812280407535
9323,0.6313104193839711
9324,0.45519438310802063
9325,0.694402349797311
9326,0.718186501976734
9327,0.5190978852480755
9328,0.6795521767868313
9329,0.6439017961330665
9330,0.7357756503805442
9331,0.5404914869276694
9332,0.6145386569650475
9333,0.41666159385648993
9334,0.4922452441089457
9335,0.7991677115254084
9336,0.4771590769505933
9337,0.48369757455481066
9338,0.3373759325346774
9339,0.4591392240837416
9340,0.45831473216280005
9341,0.514177105501498
9342,0.546302468625067
9343,0.4831379572988305
9344,0.4207907860208512
9345,0.4207397854434231
9346,0.5027407304235525
9347,0.7308829401933242
9348,0.7346750187935437
9349,0.3641726513990257
9350,0.5120223733335034
9351,0.6528113936256782
9352,0.36881243788330803
9353,0.5004931781241105
9354,0.5567268380007817
9355,0.4747627891011357
9356,0.5190168566847885
9357,0.5776505671694605
9358,0.6498522256607276
9359,0.5509486565182263
9360,0.3770697084157734
9361,0.4879521793494636
9362,0.47493476562399245
9363,0.6451901992071308
9364,0.22471217028474
9365,0.5893791600660068
9366,0.36203902291076395
9367,0.4001898884157106
9368,0.552601096523285
9369,0.485337584469298
9370,0.36285830121080864
9371,0.4954599924365631
9372,0.6991577755462144
9373,0.3691751790046396
9374,0.5494028635937591
9375,0.7588818965703352
9376,0.5290476219344078
9377,0.6944786322053398
9378,0.4139697057964465
9379,0.7168243745783044
9380,0.6814574154297273
9381,0.5492437966955425
9382,0.3634315781537799
9383,0.46175313335356033
9384,0.48607370356613505
9385,0.5597612798578719
9386,0.5626290331923283
9387,0.4573951384250645
9388,0.5576095624137883
9389,0.809946893524802
9390,0.516152997454945
9391,0.543345803058608
9392,0.5851570330826095
9393,0.6773841893957024
9394,0.50614035938238
9395,0.47145167972026353
9396,0.5150519462346329
9397,0.5240900828078148
9398,0.4492719208413268
9399,0.47595143523236505
9400,0.5168127777270487
9401,0.5390904723545727
9402,0.6490759437476449
9403,0.5150766132412459
9404,0.6844964844145958
9405,0.5852210090403077
9406,0.4730533213168921
9407,0.543701267774443
9408,0.38593411726047594
9409,0.3160719760804529
9410,0.557787398363236
9411,0.43556564115629104
9412,0.3487791671763086
9413,0.488591524270368
9414,0.5877542471264707
9415,0.5037865072275428
9416,0.7213988350869942
9417,0.6230038905163237
9418,0.42895824254043524
9419,0.5793874631805034
9420,0.5350791352957563
9421,0.41570361799966177
9422,0.47296869248707896
9423,0.5317376164025722
9424,0.45567717785349937
9425,0.5596227923278998
9426,0.5026100613680726
9427,0.4826313625263865
9428,0.5405259892491071
9429,0.4288916792007127
9430,0.48736068524307485
9431,0.40674320555805876
9432,0.5577553865398147
9433,0.6793983221807153
9434,0.4351178872117899
9435,0.775471791867547
9436,0.490490625612746
9437,0.5940438802428728
9438,0.5217447801914202
9439,0.505670005934134
9440,0.44849385767488276
9441,0.5587161725797134
9442,0.49666797036083316
9443,0.3646293475868955
9444,0.43716018871341433
9445,0.6704196622725116
9446,0.4765853003594418
9447,0.568890591543702
9448,0.617024181456284
9449,0.3415427353932139
9450,0.5499208250061478
9451,0.4350130997400431
9452,0.6023168277375287
9453,0.5540893360694477
9454,0.6878068804025484
9455,0.4288153989835454
9456,0.6091033770236999
9457,0.40754963190671645
9458,0.40175510885427407
9459,0.5856054171095173
9460,0.5543078388942658
9461,0.6075125922331273
9462,0.7119626728981074
9463,0.4498977152736875
9464,0.6167022046894107
9465,0.4510667589492971
9466,0.6253240330942904
9467,0.5617497150292103
9468,0.6270638700003155
9469,0.4855971833447491
9470,0.8274680965024397
9471,0.7307878909802838
9472,0.4397864992183147
9473,0.7207775708910986
9474,0.4872416020259627
9475,0.43825328941679337
9476,0.5430491177478989
9477,0.4576289352174253
9478,0.7845979514630845
9479,0.5261859427024282
9480,0.5113080583072108
9481,0.5573950505670794
9482,0.7289874309839733
9483,0.5670337032361722
9484,0.4410293201421159
9485,0.386252896973302
9486,0.5928404216389788
9487,0.5942053407789811
9488,0.7167416688301522
9489,0.6284259508159205
9490,0.4873788650020839
9491,0.633406091681705
9492,0.6934890609816802
9493,0.5048095985085007
9494,0.5506823823258944
9495,0.6293794406840822
9496,0.54128203695514
9497,0.5678016412230537
9498,0.5709108442183414
9499,0.5204192345327863
9500,0.7288847990576779
9501,0.44122889243861657
9502,0.4348606180213949
9503,0.5398099536952488
9504,0.4500109010705517
9505,0.38528099560795404
9506,0.4104394108734728
9507,0.5663970782010493
9508,0.5526497045030155
9509,0.48225798807985776
9510,0.5499777916623048
9511,0.6782474781053611
9512,0.41421484212524795
9513,0.655410360909907
9514,0.5240826852843223
9515,0.35769081324269153
9516,0.47569828593063407
9517,0.6345218315960145
9518,0.5010808760138932
9519,0.6200922396259052
9520,0.6141876993806956
9521,0.6573233024744143
9522,0.5717544458096816
9523,0.7559415865239799
9524,0.6787243132651715
9525,0.4064234029857436
9526,0.5088606047573558
9527,0.6197078109498911
9528,0.6777883583206207
9529,0.5002172896510387
9530,0.719705261656759
9531,0.47285201717445413
9532,0.4986429717658419
9533,0.6538149495923298
9534,0.4055903349739047
9535,0.44328246978818153
9536,0.7449140238609331
9537,0.4355108095950792
9538,0.5020755579330728
9539,0.3657611120648853
9540,0.42381165778461977
9541,0.48872074226714785
9542,0.5661790413479396
9543,0.4983049700563252
9544,0.657091491257367
9545,0.45820503518284805
9546,0.48013772117851283
9547,0.5269127647881129
9548,0.38306469304504426
9549,0.45459669728753804
9550,0.567935276716825
9551,0.5575708340557076
9552,0.4604135471353491
9553,0.4692614333827094
9554,0.562185312895656
9555,0.7497953806840403
9556,0.4177741236904656
9557,0.41279722737264135
9558,0.44021533154306036
9559,0.4665903700705504
9560,0.5568496111381834
9561,0.45529175876101785
9562,0.5551151143845792
9563,0.5317494975173799
9564,0.5781091842222117
9565,0.31457461159414546
9566,0.5387151657157403
9567,0.7497412723161968
9568,0.4985517969138387
9569,0.4906693119582464
9570,0.46056407551878514
9571,0.5446536569027728
9572,0.4868114311785905
9573,0.6644134808426457
9574,0.558459217554965
9575,0.47045901652332556
9576,0.6484528676711808
9577,0.4928889791706835
9578,0.5505054748762906
9579,0.5466901793581307
9580,0.5800907832175644
9581,0.5020834203742383
9582,0.48588677789173246
9583,0.6602056248361019
9584,0.4228867718078806
9585,0.47837649230093154
9586,0.42355840043962345
9587,0.32682872335478685
9588,0.4674781857476249
9589,0.5027752860992976
9590,0.49112382408919364
9591,0.5429113743721462
9592,0.3851216718028335
9593,0.5340769095246644
9594,0.49529518311474124
9595,0.7322781057999455
9596,0.5895420333953778
9597,0.4513467642068577
9598,0.6266908319596904
9599,0.6676767682412221
9600,0.42856557967032977
9601,0.5944686566485872
9602,0.6512268468240546
9603,0.5999279753746116
9604,0.27331162515415103
9605,0.5379745018006452
9606,0.5176836075639245
9607,0.7125165048514739
9608,0.4845032754110783
9609,0.4637910522281886
9610,0.41088706868716196
9611,0.5088461446639887
9612,0.5844404134363563
9613,0.497689201053867
9614,0.5685465396557041
9615,0.48615825649094274
9616,0.3058054824064829
9617,0.5107308532813449
9618,0.6729082213533889
9619,0.5980580312991758
9620,0.5381539491279425
9621,0.6221340287163162
9622,0.6288256042365978
9623,0.40121882208354376
9624,0.5600100446014608
9625,0.35891120474940796
9626,0.49031781968121485
9627,0.5033520044086569
9628,0.6014308649278964
9629,0.41369511721924335
9630,0.5478184474565357
9631,0.4135267491808719
9632,0.41209295878979035
9633,0.45212107190965367
9634,0.31814837599917767
9635,0.4631170707882072
9636,0.5774917974383391
9637,0.5635449897414344
9638,0.5836192010614915
9639,0.3737744515335234
9640,0.47221547259836005
9641,0.44390591512055483
9642,0.4206827168226144
9643,0.6629965698735472
9644,0.5105116464227445
9645,0.39936993905031326
9646,0.3996541486973983
9647,0.6303588825962376
9648,0.3738049326007903
9649,0.5467903570527399
9650,0.7012772366624255
9651,0.6483643302924325
9652,0.5197266091945806
9653,0.4960152249031177
9654,0.5180494860427055
9655,0.44917815304617054
9656,0.5542459673500902
9657,0.6275875139694045
9658,0.5155720066672105
9659,0.6797440042623649
9660,0.49064025166937797
9661,0.5511543851553151
9662,0.4813760463668386
9663,0.3473672130738138
9664,0.6070223666715857
9665,0.5124598947412377
9666,0.5826245448353298
9667,0.4619611023082427
9668,0.4971550165069457
9669,0.5746917080223269
9670,0.39935463926012515
9671,0.3226512914104315
9672,0.5607741692614716
9673,0.5725500213485925
9674,0.4809059426104527
9675,0.5785302151676777
9676,0.6698643925078512
9677,0.5272864128333827
9678,0.6721291307578683
9679,0.6969403234478204
9680,0.45564784821779497
9681,0.5475034311415498
9682,0.5588297037614984
9683,0.756887818734535
9684,0.5500943688861166
9685,0.4734059360901441
9686,0.5277961908207384
9687,0.7827915099950671
9688,0.528963290556764
9689,0.6550056238824744
9690,0.583598344997781
9691,0.6667918479593838
9692,0.6168015564255539
9693,0.5263325205785018
9694,0.4857160356353899
9695,0.4075895646972115
9696,0.38986660197128387
9697,0.5740204156488665
9698,0.4950895952387773
9699,0.5200698642406076
9700,0.38836461582844883
9701,0.4673069647695475
9702,0.5154663426156789
9703,0.5200794119049424
9704,0.40848637331365306
9705,0.5003032930980347
9706,0.5447712063620402
9707,0.4722475601872138
9708,0.4418991782534961
9709,0.5993052912960102
9710,0.5387316692931147
9711,0.5177130900899191
9712,0.5234603566208957
9713,0.5400384896711573
9714,0.44197869351037483
9715,0.4175933748052403
9716,0.6325577203294601
9717,0.7709266011425502
9718,0.43087340838693267
9719,0.6468257221724836
9720,0.546771218155358
9721,0.49124064355864283
9722,0.5347111690779223
9723,0.7171178409051835
9724,0.4605780613377318
9725,0.6275289916251889
9726,0.48328500217040427
9727,0.5023252756095216
9728,0.45748091646350897
9729,0.46359116993080385
9730,0.5238904973032201
9731,0.6120137193978625
9732,0.6374010383495867
9733,0.6348641481703965
9734,0.5615393877296206
9735,0.42838527827491213
9736,0.6132514840868836
9737,0.6075576219708132
9738,0.6625244626155951
9739,0.48548513207065536
9740,0.5568884401800899
9741,0.45373926458376035
9742,0.389747977496422
9743,0.45343437055177027
9744,0.46318656938734126
9745,0.5105423853063553
9746,0.5264761688542582
9747,0.4344139810885448
9748,0.39904838646515534
9749,0.5848878419886306
9750,0.4631175925068613
9751,0.46431827823146476
9752,0.46585903794352673
9753,0.4755157890700483
9754,0.4578933344767332
9755,0.6423464877940938
9756,0.46727337112005646
9757,0.4622962659382921
9758,0.5489242956450958
9759,0.48658280153124833
9760,0.7084564008111367
9761,0.6314849418113729
9762,0.5794363153783751
9763,0.5541852807230879
9764,0.6711001517891348
9765,0.48247875159290876
9766,0.5056285891805674
9767,0.34523062237383123
9768,0.5597739538632547
9769,0.43870890836328946
9770,0.5581485191727148
9771,0.36755692783214144
9772,0.4925236609124431
9773,0.4990542922913394
9774,0.5958906711348778
9775,0.5590553300759831
9776,0.5058299482797209
9777,0.38777746673258107
9778,0.3090092892237605
9779,0.49749214115008683
9780,0.4080457271591681
9781,0.6066897294006226
9782,0.47350414459012946
9783,0.5798937424213487
9784,0.4936599116956493
9785,0.5647574703317442
9786,0.4314052992782511
9787,0.5104253671900414
9788,0.690661443056381
9789,0.5213355404231366
9790,0.5816408803114003
9791,0.36289889110948914
9792,0.33389842243922757
9793,0.4850611917470366
9794,0.5896127625070642
9795,0.5587252074047815
9796,0.7811742909660059
9797,0.40605864180629303
9798,0.45016270573245976
9799,0.4855047003573799
9800,0.49605359460226606
9801,0.42412756958690356
9802,0.41369818491960864
9803,0.630091288437091
9804,0.5052451649239235
9805,0.4939421574164867
9806,0.44726085261984405
9807,0.41554386729429516
9808,0.5023239609981283
9809,0.43451408664156255
9810,0.4669646179952175
9811,0.4669416565104711
9812,0.5151124355973181
9813,0.5068419091909243
9814,0.39500143115673114
9815,0.49212936358427817
9816,0.5643796382668675
9817,0.46726090765910633
9818,0.5840624073100134
9819,0.49149480585813743
9820,0.4441766116388031
9821,0.5998934681398048
9822,0.5663901426640421
9823,0.3999281802992378
9824,0.40091615797734015
9825,0.45627529124133187
9826,0.3878633207605374
9827,0.6211755609259707
9828,0.5599806009946235
9829,0.6020394902460466
9830,0.5653945148450363
9831,0.7128749653378789
9832,0.4480348691600545
9833,0.6829834748901615
9834,0.4973802757986271
9835,0.47583093465051396
9836,0.5165590393076186
9837,0.4397955727283106
9838,0.5548304918058851
9839,0.4167781166140578
9840,0.4662803887585312
9841,0.46585789929315935
9842,0.5230729310186389
9843,0.4123881391225384
9844,0.5480277678852201
9845,0.4982509001293319
9846,0.5438791134500366
9847,0.5342285326405315
9848,0.5065706069032059
9849,0.47819246179584907
9850,0.5570188780089145
9851,0.535039864413074
9852,0.6976936454264029
9853,0.4622659166238201
9854,0.5393666055352747
9855,0.456347008955046
9856,0.32901033115260203
9857,0.5156087076539387
9858,0.40604880397287685
9859,0.46285600522411396
9860,0.404289392000988
9861,0.7447067033593389
9862,0.4925168023746192
9863,0.71394594047347
9864,0.5117801541655687
9865,0.453250425629679
9866,0.4963651492993
9867,0.6737739382879424
9868,0.4802751664069531
9869,0.5176622169510624
9870,0.548273893155376
9871,0.5118186294143989
9872,0.4816371482493419
9873,0.5428353105382226
9874,0.5483659635482937
9875,0.3166673553457051
9876,0.5259051540926035
9877,0.5708910638118351
9878,0.5867717978105818
9879,0.44326982328151676
9880,0.31733730385960984
9881,0.7068419380289784
9882,0.4918521578196772
9883,0.8207790473647811
9884,0.5800372402144539
9885,0.44132923228715487
9886,0.29548403892959074
9887,0.46116183845196884
9888,0.4858707685627658
9889,0.5781785089479092
9890,0.493725090421038
9891,0.5372901442297648
9892,0.5823310625156672
9893,0.6219393570558778
9894,0.4965059383031038
9895,0.5129443133477867
9896,0.5570916555305426
9897,0.5917632012425755
9898,0.47723198100711
9899,0.26795632913552214
9900,0.5082614750641976
9901,0.5307519419789773
9902,0.44306112093733024
9903,0.4058009968160394
9904,0.5117709655224416
9905,0.4805186823039308
9906,0.5102049477990586
9907,0.3728593343024641
9908,0.32579779837294964
9909,0.5151049136870796
9910,0.5249442721175368
9911,0.5616271304915542
9912,0.44577410915898485
9913,0.5198417109366893
9914,0.5229170001579618
9915,0.45284729237289767
9916,0.4507674346663382
9917,0.45645661216962014
9918,0.6808986811053406
9919,0.49860395805458346
9920,0.6749573391196879
9921,0.5208390518066552
9922,0.4737325237107632
9923,0.45586329157044164
9924,0.6256726564687314
9925,0.6704924451998769
9926,0.48211356075980943
9927,0.5137731995647327
9928,0.5474602633144775
9929,0.2933661777868941
9930,0.6393055007607196
9931,0.5566004528426011
9932,0.4359802859265107
9933,0.5235680531625687
9934,0.5416536340616125
9935,0.4477307594826578
9936,0.547078010334437
9937,0.5577089335411468
9938,0.4973852029438341
9939,0.4230904794958227
9940,0.6139636984292011
9941,0.8002856942257932
9942,0.5773779272512639
9943,0.5714337788060627
9944,0.5389607087027029
9945,0.6568646568693723
9946,0.41433334339887395
9947,0.36678160278602334
9948,0.47424876742869343
9949,0.5911580042569481
9950,0.2752139956646398
9951,0.5364983622063566
9952,0.5774055970552503
9953,0.5760252242779568
9954,0.46991297974269153
9955,0.35353900994320747
9956,0.48259631590866103
9957,0.41501184363889243
9958,0.6968476296493552
9959,0.5903685296916209
9960,0.5165366830873088
9961,0.5061198921597654
9962,0.39981164241942146
9963,0.7192996357605854
9964,0.6393517650837378
9965,0.6597782057487946
9966,0.7316226872846486
9967,0.588034924298271
9968,0.5824949402805804
9969,0.619176834996106
9970,0.7586442490457722
9971,0.5051394120016037
9972,0.47202412733271826
9973,0.7764348910639576
9974,0.426647235135045
9975,0.33914572436299034
9976,0.6418783694416376
9977,0.4861862849303522
9978,0.6318599656174116
9979,0.6311475701224443
9980,0.44415192047176877
9981,0.5232305020848198
9982,0.5804705065335332
9983,0.5740995270987543
9984,0.5597147221869424
9985,0.8613323172262308
9986,0.45458544493075204
9987,0.6587132344081215
9988,0.7054055812359126
9989,0.5034207932001995
9990,0.5443531152387905
9991,0.4888889244382478
9992,0.6916542407482495
9993,0.4594544644414069
9994,0.414779423069078
9995,0.45216843211172597
9996,0.526773612486373
9997,0.7344690343639452
9998,0.5495780947864511
9999,0.4760473542898707
10000,0.4364963370127873
10001,0.46988958095229066
10002,0.3901989964545079
10003,0.4769679168999674
10004,0.4226290003437919
10005,0.5250221692582525
10006,0.7008684865527384
10007,0.4702295332322753
10008,0.27756921711614946
10009,0.39793721834204415
10010,0.47942168421972825
10011,0.43744078190024993
10012,0.45328055610120305
10013,0.5788645731767684
10014,0.6437193861524623
10015,0.4950775120052853
10016,0.5991452714963728
10017,0.43257253321616723
10018,0.498631615881913
10019,0.5690845054705199
10020,0.6746704466726694
10021,0.404342303208338
10022,0.4881710366242442
10023,0.5120714081772942
10024,0.42815420233571916
10025,0.7601024875882411
10026,0.8133954174448643
10027,0.4444581879948569
10028,0.4470145666744561
10029,0.498466497460847
10030,0.46907387038041537
10031,0.452017753017817
10032,0.5811235591767765
10033,0.5514723496152957
10034,0.6321171440655001
10035,0.47744074756770577
10036,0.3783873080204576
10037,0.3258473486523731
10038,0.6758437714778095
10039,0.7733179790704102
10040,0.507943822079324
10041,0.6155596721813825
10042,0.6273891094345135
10043,0.6205613061986076
10044,0.6539931807379231
10045,0.4056337124480689
10046,0.47906380419254024
10047,0.6776429593739368
10048,0.5206192872230765
10049,0.5260822150743222
10050,0.5814654652693175
10051,0.6158770599355471
10052,0.6470877905330152
10053,0.5183649010587555
10054,0.48448814438941395
10055,0.48062061719160704
10056,0.5755222650219766
10057,0.3627989094138616
10058,0.5181703936515188
10059,0.5218211617981812
10060,0.6402345035426856
10061,0.3686052059320071
10062,0.5095282507631702
10063,0.5562696583628599
10064,0.6245946107459605
10065,0.5252971231800428
10066,0.6897038284394941
10067,0.7091769580209919
10068,0.5254666035432577
10069,0.5948984504832742
10070,0.5200910748809074
10071,0.5767967417996107
10072,0.4761541299847585
10073,0.6793860107192302
10074,0.5215874315360142
10075,0.4771744888722613
10076,0.5629570544768158
10077,0.5623014005893525
10078,0.6160502506678114
10079,0.44916447830092643
10080,0.7050591520807025
10081,0.4964912605790542
10082,0.6446244889441943
10083,0.49556840601321667
10084,0.4903058819959484
10085,0.6466717039818274
10086,0.477515737625648
10087,0.5034200675859613
10088,0.4384535536074978
10089,0.5174104736031012
10090,0.7001530206972586
10091,0.5249675252561783
10092,0.41407831566900943
10093,0.5551010072983893
10094,0.5915008138961046
10095,0.3816112425479214
10096,0.46052793520988655
10097,0.5629598362601006
10098,0.522450208919503
10099,0.5172521423601352
10100,0.31967657061550037
10101,0.6875476917762712
10102,0.45074246478374824
10103,0.7099183669870279
10104,0.5328331169362728
10105,0.4848296153112231
10106,0.45832020322379974
10107,0.46223766458866733
10108,0.512981547253307
10109,0.47164241056089357
10110,0.5647622391806116
10111,0.5694318765306849
10112,0.46496841395807964
10113,0.4928287177931357
10114,0.619983675717385
10115,0.4470494502972374
10116,0.5369246486498865
10117,0.556327060297957
10118,0.4440244071652676
10119,0.45657474980923946
10120,0.5928798755944201
10121,0.5331966613495452
10122,0.6721930320774161
10123,0.7392637904163912
10124,0.3686072414276177
10125,0.6263288102705085
10126,0.46623764210352725
10127,0.45525078487115966
10128,0.45674898632719707
10129,0.5320648900517436
10130,0.47308972633771346
10131,0.4794614338980652
10132,0.5250226363460215
10133,0.8474780003426876
10134,0.3526981403249642
10135,0.4809189830374907
10136,0.46438041632355065
10137,0.5285710237556822
10138,0.3460040407840731
10139,0.5250093556425802
10140,0.4214878897354364
10141,0.6227193256216629
10142,0.6847955399546735
10143,0.40972116082342735
10144,0.5744070989996228
10145,0.48252770107250387
10146,0.37675426577214877
10147,0.41451439216528385
10148,0.5542435109967458
10149,0.4652059487332431
10150,0.4403095607956053
10151,0.579671551763845
10152,0.6890998476623859
10153,0.6856077236122942
10154,0.4953583880727537
10155,0.4935685690919227
10156,0.6217648064977677
10157,0.5256657487561212
10158,0.5544138634488863
10159,0.5712806579104498
10160,0.4831032866486939
10161,0.5737054017018038
10162,0.4676528649366063
10163,0.6254821731518702
10164,0.5680439526345223
10165,0.40126699499614127
10166,0.5780411712441565
10167,0.6773304043036321
10168,0.6139450155226258
10169,0.684872663112803
10170,0.5192027391035888
10171,0.5024197140245932
10172,0.5174029819224147
10173,0.5212346697755671
10174,0.5692747196410387
10175,0.42298557304264417
10176,0.5579003837377945
10177,0.5590029758705483
10178,0.567212495736106
10179,0.4517001867350252
10180,0.49947107520310285
10181,0.3496948659377046
10182,0.5726765153289859
10183,0.5285759486352001
10184,0.4262905045223221
10185,0.4062342320448147
10186,0.4566637120518357
10187,0.5760362398374528
10188,0.5705639080551689
10189,0.4539881055826682
10190,0.4117120920327818
10191,0.5550458065332031
10192,0.5587013703286366
10193,0.48252404546694555
10194,0.5331520012052547
10195,0.5323962055847399
10196,0.3846103050468145
10197,0.6121289587716622
10198,0.6102633626783047
10199,0.3901614821807583
10200,0.39841416493850085
10201,0.46445219737456855
10202,0.5353164195737979
10203,0.4479983437410587
10204,0.5996388227197171
10205,0.6161062812053848
10206,0.5663189607720645
10207,0.533609039617253
10208,0.6050797005656477
10209,0.6213503471797062
10210,0.6806409886498597
10211,0.5475877871667738
10212,0.5564781759732704
10213,0.5038930499614898
10214,0.7875669724846682
10215,0.46445636521129385
10216,0.6766506719321745
10217,0.5195525776915257
10218,0.5192775041794983
10219,0.6749983049538794
10220,0.5257896132605883
10221,0.5364539493940897
10222,0.4646954724840647
10223,0.4693215115471346
10224,0.5866488010828536
10225,0.5276273573913064
10226,0.4689087631945924
10227,0.6974839415854758
10228,0.4397585449876301
10229,0.5180282163519768
10230,0.5831822622813053
10231,0.44282931941863835
10232,0.6910458481543749
10233,0.7256499456264234
10234,0.536634429384068
10235,0.48382546861558823
10236,0.4024035899130934
10237,0.45222271148334187
10238,0.5944893738333312
10239,0.4481087851128751
10240,0.3948065474195647
10241,0.5203018183545066
10242,0.5890218716667416
10243,0.4247462302002104
10244,0.6228567294510344
10245,0.5071460913102288
10246,0.5716687930320979
10247,0.7779248250140249
10248,0.6023135555081682
10249,0.5986640007533597
10250,0.5024547688238038
10251,0.5923184677783465
10252,0.5963905443278237
10253,0.4625963513024382
10254,0.5262600894159833
10255,0.4514744589989652
10256,0.5967124827127049
10257,0.3964641894344125
10258,0.3944552314038603
10259,0.5098550304134519
10260,0.593852504037345
10261,0.4646062048193736
10262,0.6078345407166872
10263,0.5152779455921868
10264,0.4548640958708561
10265,0.6138625362070673
10266,0.6264463150655132
10267,0.5002681492666353
10268,0.5531500620553563
10269,0.5841841463526984
10270,0.49621496813468896
10271,0.5061642107341731
10272,0.44313388737048276
10273,0.6742558241479325
10274,0.4919028753085149
10275,0.56428551302833
10276,0.6695056845293523
10277,0.5308752511821595
10278,0.5939551047112428
10279,0.5408770517554364
10280,0.6068652782294159
10281,0.5518530067372659
10282,0.5213708311849898
10283,0.4601323290775195
10284,0.6015630021407237
10285,0.5143510828699273
10286,0.5834113410678229
10287,0.537682700075205
10288,0.43528168532637257
10289,0.5701968121140427
10290,0.5183031415732826
10291,0.5143556630772127
10292,0.4948613238871166
10293,0.6925207530424928
10294,0.5391939553815017
10295,0.5470519501553238
10296,0.4616759677473474
10297,0.47956724493050973
10298,0.537000360580976
10299,0.5663032059476012
10300,0.650009558641155
10301,0.4868218513473648
10302,0.5425906464444189
10303,0.6347446256756106
10304,0.7363931115118172
10305,0.49658800456920643
10306,0.5487738884249428
10307,0.5994080547589099
10308,0.5105353298516496
10309,0.3987374859540047
10310,0.4815676080294948
10311,0.604098888812025
10312,0.39055142137301985
10313,0.3536339100247066
10314,0.41921032912466094
10315,0.4742087071519925
10316,0.38988135191260076
10317,0.6330999355513196
10318,0.5095034475546726
10319,0.43862101814214377
10320,0.4311350160462786
10321,0.5518326689298247
10322,0.4925677477078053
10323,0.590204922030878
10324,0.542787263332976
10325,0.5609304782002327
10326,0.5390681711241843
10327,0.6484351632352668
10328,0.4331556101421303
10329,0.6685216652231638
10330,0.6391383699981056
10331,0.5349968372341765
10332,0.5523664673677067
10333,0.5876999793230088
10334,0.362603127817021
10335,0.5073143384568907
10336,0.6499050018495336
10337,0.5346312187738059
10338,0.5231514330960167
10339,0.49278865734647626
10340,0.6098871797902876
10341,0.6673037012179039
10342,0.5397232538588368
10343,0.7911666568141296
10344,0.5004025548736614
10345,0.7770220947193053
10346,0.5941827357883029
10347,0.5309744644372026
10348,0.6103663654945737
10349,0.4135148069334734
10350,0.5237501421396735
10351,0.4406259378863334
10352,0.4575660754894803
10353,0.4199534781238322
10354,0.5246063565790207
10355,0.40905920717373234
10356,0.5241867513105967
10357,0.5988231778458658
10358,0.5685919282751318
10359,0.5990271796242727
10360,0.5756732683096002
10361,0.5020719869885062
10362,0.6557476744626132
10363,0.6432870682443798
10364,0.8070985694304764
10365,0.4932339187058205
10366,0.5190998158392333
10367,0.4201258541273057
10368,0.5540101233942974
10369,0.513374636259544
10370,0.7847702178266228
10371,0.4518761811673889
10372,0.563549546641283
10373,0.37172945124409607
10374,0.5152087599431607
10375,0.40109024773326907
10376,0.6943984844285451
10377,0.3742584157433252
10378,0.5076881889394216
10379,0.5112903251929071
10380,0.5315788508369258
10381,0.49269648904002616
10382,0.48186560052183364
10383,0.5280327857392658
10384,0.47250950055974317
10385,0.7733700711221836
10386,0.49297993473633517
10387,0.4758528100504248
10388,0.5360822110666098
10389,0.4892985915339205
10390,0.6360589845995683
10391,0.4801167465527211
10392,0.3912717011450631
10393,0.5281089819852028
10394,0.6529909198811997
10395,0.6758814186304334
10396,0.48178829198582607
10397,0.5601092736657469
10398,0.388295628225859
10399,0.49516255685992117
10400,0.4248344994273328
10401,0.48345237286257
10402,0.627035397811028
10403,0.5012237634660236
10404,0.4712536448212522
10405,0.5200042890780757
10406,0.47457551284394006
10407,0.5590918453970984
10408,0.4301642641888438
10409,0.5015572025777552
10410,0.4431753915540866
10411,0.6196963027931532
10412,0.388317287676662
10413,0.5790490024607323
10414,0.26660989248524336
10415,0.6030705354717051
10416,0.5815683445695193
10417,0.5057084575134551
10418,0.47157087190914493
10419,0.47749615623474845
10420,0.48156464513162384
10421,0.45107272060232423
10422,0.507628807597154
10423,0.6203963420462413
10424,0.3815879626690484
10425,0.7533009311819998
10426,0.4515218733433158
10427,0.47739610121222487
10428,0.6234089187532141
10429,0.5315050182534056
10430,0.6138456873788847
10431,0.4804925997276496
10432,0.6382253994223372
10433,0.5878644580138617
10434,0.38067397075020754
10435,0.542009596083545
10436,0.5492515675557033
10437,0.5244276600667487
10438,0.6311571850817934
10439,0.3171230559001412
10440,0.5168889696887098
10441,0.7039904237864073
10442,0.46951913896973196
10443,0.39073472508742385
10444,0.5667816205500728
10445,0.38052210994596103
10446,0.5304489046731335
10447,0.7339011481874118
10448,0.5969754922189859
10449,0.5802210108362912
10450,0.4786030803351397
10451,0.5100853122849043
10452,0.4843822762279023
10453,0.48163630266897245
10454,0.496488396172065
10455,0.42524637847755165
10456,0.6663935339747529
10457,0.24724741818493073
10458,0.692005738735529
10459,0.5259404958279448
10460,0.458200670884613
10461,0.39932161103815816
10462,0.528590793099664
10463,0.7095139050033272
10464,0.5194590526109798
10465,0.5040474226771304
10466,0.5038442196390851
10467,0.5622504742686238
10468,0.4976540195433499
10469,0.40992628583050794
10470,0.60786762352987
10471,0.5382780687199501
10472,0.6289114606505167
10473,0.6024171271974854
10474,0.6463994370380974
10475,0.510490415727504
10476,0.48917743970822014
10477,0.49529095546509344
10478,0.5747874507019914
10479,0.4038452763291834
10480,0.5721740717249821
10481,0.558578002661544
10482,0.7189147332600007
10483,0.3452328460595081
10484,0.618433515059421
10485,0.5688711082389694
10486,0.560140382617354
10487,0.6053272152393757
10488,0.4863665635829405
10489,0.6455031463244354
10490,0.5089657320022497
10491,0.6199417532794586
10492,0.48563813863860195
10493,0.5163116702065513
10494,0.4811475704003539
10495,0.47775484318135736
10496,0.5341660292438607
10497,0.5551983483390472
10498,0.6810856410620768
10499,0.4585772411157697
10500,0.5244428612624513
10501,0.5807025261062979
10502,0.4495073832315577
10503,0.5262602432557658
10504,0.684218162135828
10505,0.3900444715970778
10506,0.470458155086954
10507,0.46274896859780407
10508,0.4985455472081044
10509,0.45477719501098485
10510,0.7275245901278127
10511,0.4525576088423197
10512,0.6704695748990601
10513,0.5825261558581677
10514,0.5167673247649214
10515,0.500269288140237
10516,0.5002438459142334
10517,0.36595082922202904
10518,0.6001970374106832
10519,0.7462439105399579
10520,0.629002511966324
10521,0.6537361774536908
10522,0.5154702443341572
10523,0.4612069967448885
10524,0.5625782777275848
10525,0.44512858596818494
10526,0.4592562751886046
10527,0.5815677124860494
10528,0.5870009854666908
10529,0.5342471514147114
10530,0.6477893325030404
10531,0.4354692933088004
10532,0.4725432617096007
10533,0.5525970685191429
10534,0.29924954235591833
10535,0.5542313583801423
10536,0.5479056262445439
10537,0.5135953693226696
10538,0.6210295794313745
10539,0.5170731897060952
10540,0.5492822548153147
10541,0.41221787408290633
10542,0.37106988528604934
10543,0.5551980348147001
10544,0.4546867526364025
10545,0.47610291984452885
10546,0.6409168963178944
10547,0.8307847133572356
10548,0.6477235915995316
10549,0.5712404544135845
10550,0.46589077514929544
10551,0.5508242466987309
10552,0.5958249231771652
10553,0.5646366806350717
10554,0.4174625610245536
10555,0.6431293584365112
10556,0.4181616563710032
10557,0.556808037207521
10558,0.4069867961994178
10559,0.37683074413928236
10560,0.37181799027418794
10561,0.5816420096662628
10562,0.6487794689357691
10563,0.6441706162902929
10564,0.5239470951001534
10565,0.515908963984582
10566,0.5840918470461449
10567,0.6645980963574463
10568,0.5821444100215123
10569,0.5036649694123199
10570,0.47112278220279125
10571,0.2912284634701175
10572,0.6236455760825349
10573,0.3985577676377682
10574,0.5573198126359443
10575,0.42749813388302066
10576,0.4731272377350676
10577,0.7120189666268102
10578,0.5388998880147451
10579,0.5185937277958966
10580,0.644692316569383
10581,0.6771842343971373
10582,0.6225648326970964
10583,0.3957710114682136
10584,0.4748000946177073
10585,0.537821448329642
10586,0.47557997522684997
10587,0.6519551116562061
10588,0.3790042521309304
10589,0.5362723422507922
10590,0.5319075015872323
10591,0.520179153955208
10592,0.4567841340260228
10593,0.5106056007071164
10594,0.5453636964064205
10595,0.5150502532570203
10596,0.46865636859221255
10597,0.5414569972939629
10598,0.423085111519386
10599,0.4863060131184224
10600,0.44800817539041754
10601,0.41508809902667804
10602,0.5261108336678744
10603,0.6416256713744226
10604,0.48572029038458364
10605,0.40598844466926354
10606,0.5305339963919123
10607,0.5249209552328976
10608,0.5645466862974655
10609,0.5210826976367934
10610,0.40530350121184
10611,0.5397177707005819
10612,0.6585970297126488
10613,0.5946251996636646
10614,0.30926140455765516
10615,0.4830975358993781
10616,0.5769183453349028
10617,0.6888168853316846
10618,0.5387083560660751
10619,0.6101459724665839
10620,0.5557355961789229
10621,0.6856838536561662
10622,0.5813432100426583
10623,0.5948060197612522
10624,0.5108281448258952
10625,0.5790939404616547
10626,0.46107801874601306
10627,0.5155363792156216
10628,0.6105118224658485
10629,0.6242111615037333
10630,0.6313004852242614
10631,0.526012852341493
10632,0.5771696894385179
10633,0.42165649802296346
10634,0.495197938476272
10635,0.4468273407816049
10636,0.5011158885246042
10637,0.6718052183717695
10638,0.38540922122154253
10639,0.5311101287042145
10640,0.5026412708159221
10641,0.5140953261534152
10642,0.45902097352434873
10643,0.6202193063870965
10644,0.4343309359639512
10645,0.40980586225078913
10646,0.5713797955286836
10647,0.515095114192139
10648,0.4792047421990683
10649,0.5384806061036511
10650,0.5725143178242269
10651,0.4123546620927204
10652,0.527501116307334
10653,0.5955291507053814
10654,0.5383293340943732
10655,0.55682601674991
10656,0.5803277416384331
10657,0.5747160421442004
10658,0.446733513284903
10659,0.5362842307779115
10660,0.4374740105088729
10661,0.4861743654000083
10662,0.45031153227340276
10663,0.40009408475545105
10664,0.4345447374476349
10665,0.5357803579043644
10666,0.455064693318877
10667,0.5236894195023246
10668,0.5636575470709128
10669,0.5608720125564166
10670,0.5906061198860026
10671,0.605649097421332
10672,0.4155624511959656
10673,0.3759339026852244
10674,0.4188301112816764
10675,0.6048311264658338
10676,0.6181350885429666
10677,0.4405228824183824
10678,0.6180146896341464
10679,0.5627411681945046
10680,0.6914832398411827
10681,0.5662476607673654
10682,0.28925772491202495
10683,0.5965270758559424
10684,0.5427495321118815
10685,0.4365111658991673
10686,0.456907907816941
10687,0.5123543839530285
10688,0.45305398938420766
10689,0.4712839814426917
10690,0.44753388439120395
10691,0.40854757968960476
10692,0.5197816354987612
10693,0.5697353768128594
10694,0.7507652326122697
10695,0.53794777433874
10696,0.6149625330096442
10697,0.42864534239254254
10698,0.5481127761933581
10699,0.5518361420107292
10700,0.487725814969285
10701,0.5236149776567706
10702,0.5703094984591522
10703,0.6393518852391814
10704,0.3594673092901529
10705,0.5285573432721757
10706,0.6310908274400352
10707,0.41144787009830197
10708,0.4513945710403404
10709,0.5718743858513673
10710,0.26845961100301213
10711,0.599268157283059
10712,0.6851366807788672
10713,0.3369588331806241
10714,0.6954338242362101
10715,0.5282848195566818
10716,0.3727120855694461
10717,0.5087076465338224
10718,0.6940004844210739
10719,0.36840380211236506
10720,0.4424261141385376
10721,0.5213435826881463
10722,0.5259407402053928
10723,0.5084389062798946
10724,0.535007187386135
10725,0.43197204636856146
10726,0.46021795353699685
10727,0.6411041215139475
10728,0.5417432810057817
10729,0.4950495403561857
10730,0.4923221619076802
10731,0.4625381203665276
10732,0.42391613986958243
10733,0.6097330902505379
10734,0.6963988958771951
10735,0.3232315473065304
10736,0.5847650213682687
10737,0.5929522929954499
10738,0.42929755225864386
10739,0.4192475824076624
10740,0.501880157570657
10741,0.6901633575972833
10742,0.5970450548032097
10743,0.4628805834139527
10744,0.4132604673868603
10745,0.5582886105567194
10746,0.658972939049929
10747,0.6747335287145552
10748,0.5905514497005233
10749,0.4792502469017634
10750,0.4284493886585252
10751,0.5177032844416299
10752,0.5139300129084657
10753,0.7446139634045363
10754,0.5293008100887039
10755,0.5174476726722729
10756,0.548448182301438
10757,0.5904353214300443
10758,0.5243666475236883
10759,0.8512717494075139
10760,0.5719673375025202
10761,0.4697434377308001
10762,0.5514573177046667
10763,0.6865820652504149
10764,0.579518094087567
10765,0.5020174974958947
10766,0.5255748012614804
10767,0.39412938655521124
10768,0.6270702159215243
10769,0.7298291306190556
10770,0.6097346224243698
10771,0.5271307536456383
10772,0.5046864272443674
10773,0.41828456807740233
10774,0.5536772212790254
10775,0.4291874336753489
10776,0.578243274756899
10777,0.3920059021380622
10778,0.6399651075479428
10779,0.7268625261007984
10780,0.5955387541129497
10781,0.5844667289443347
10782,0.5850518151024057
10783,0.6224510472813246
10784,0.4586238606433304
10785,0.5551593002240945
10786,0.5797428640995153
10787,0.5395107688385322
10788,0.37922460196888375
10789,0.5055364296285749
10790,0.6570480277138551
10791,0.510143836656344
10792,0.5288698016909225
10793,0.8256916936702178
10794,0.5223868166642834
10795,0.45327907511674576
10796,0.42616618922340416
10797,0.5078291689452084
10798,0.7088343340722636
10799,0.46489891572590625
10800,0.5441165797643222
10801,0.6562344766922186
10802,0.5080192547320903
10803,0.541580018434233
10804,0.46021875321750094
10805,0.7674524212459786
10806,0.5183965920531407
10807,0.5153267881347869
10808,0.4763612985787238
10809,0.41168625642410867
10810,0.5072342309150264
10811,0.4442085943462192
10812,0.4433119341830103
10813,0.40518070141548224
10814,0.5716030989595592
10815,0.6474261257728534
10816,0.4523653716571856
10817,0.45556647983797843
10818,0.4955478317086269
10819,0.6075800099443411
10820,0.6153020972770744
10821,0.5887467409445472
10822,0.5408330389995077
10823,0.6405855090758165
10824,0.4619722731350314
10825,0.42976272224723255
10826,0.3823550373127733
10827,0.5049636435655256
10828,0.4821053582075945
10829,0.5191746845794648
10830,0.47274298785555063
10831,0.47471089267173
10832,0.5217741342361342
10833,0.4828159427256192
10834,0.6556599564825157
10835,0.7130290448611253
10836,0.7994479043690295
10837,0.46908612061264726
10838,0.5330361631181901
10839,0.4817272694864782
10840,0.5626213324255336
10841,0.5203965225892542
10842,0.5512225160355647
10843,0.6555725730259648
10844,0.4829036561248596
10845,0.8489265567453033
10846,0.44514114350364026
10847,0.5542299465830977
10848,0.6302181785679677
10849,0.4919276630500984
10850,0.6738217115397354
10851,0.7344073039333353
10852,0.7384358632595814
10853,0.5614645156336416
10854,0.37162826892302525
10855,0.5808921474319066
10856,0.5920902744254916
10857,0.5147780539126938
10858,0.5145165485279733
10859,0.4883745458513726
10860,0.4716154896417337
10861,0.6736930895868793
10862,0.5253049457931807
10863,0.42785708961809166
10864,0.6122186124730447
10865,0.4278767200680972
10866,0.581604484351465
10867,0.5869618044928141
10868,0.38463108478357555
10869,0.47639299312553907
10870,0.5225318996037437
10871,0.48438156817482303
10872,0.5310109294911113
10873,0.6267625449531874
10874,0.6435850324051277
10875,0.5545878049266664
10876,0.4539219577472057
10877,0.5673735843167359
10878,0.47691059341687564
10879,0.42928625236750606
10880,0.5772155524737703
10881,0.42636543417504225
10882,0.3985610648459469
10883,0.48481316031904587
10884,0.7152701540376012
10885,0.537066245552938
10886,0.5013550709782225
10887,0.5077015778002518
10888,0.4455008946682805
10889,0.5500960584435323
10890,0.6595591413707473
10891,0.45670170596174
10892,0.4804297728106752
10893,0.38684968668813385
10894,0.508537278677802
10895,0.49380270491158357
10896,0.7627353974175458
10897,0.3828954280110805
10898,0.5176592086053284
10899,0.5591219040040158
10900,0.5883223191081343
10901,0.5870312288695163
10902,0.5121675362855922
10903,0.34702081033207555
10904,0.5394511697553752
10905,0.5955648109059722
10906,0.6388470156169216
10907,0.3803910125880649
10908,0.46499842804511593
10909,0.4430081971512507
10910,0.6498003090692901
10911,0.4287294569781535
10912,0.5064129778594587
10913,0.5414588597829412
10914,0.7832060246483988
10915,0.6644683070564477
10916,0.6911151559734361
10917,0.543110900950166
10918,0.6433312582291482
10919,0.49009901696677477
10920,0.5811683487259629
10921,0.43328102790984085
10922,0.6752195518053141
10923,0.4335393825575512
10924,0.6158274414454152
10925,0.46245130769482024
10926,0.5952483708815981
10927,0.40190014861165013
10928,0.5023384255914449
10929,0.5855783507313488
10930,0.5201880813485267
10931,0.7241155914790278
10932,0.3838901046297387
10933,0.4211926496720533
10934,0.407298299401875
10935,0.4417474611109017
10936,0.7038900099139431
10937,0.6399455837353396
10938,0.42583060660289274
10939,0.7788724641692534
10940,0.5995994010795752
10941,0.38765243760308954
10942,0.438844512215825
10943,0.40475332141725284
10944,0.48921865134984555
10945,0.5380603366537047
10946,0.46693697983714116
10947,0.36012890402882697
10948,0.43105001815611677
10949,0.5252057963055206
10950,0.5651862223407613
10951,0.3625019488281833
10952,0.3757865913431021
10953,0.7276474554066115
10954,0.4520718106900545
10955,0.5586309234275029
10956,0.3600930116886185
10957,0.6507827181392938
10958,0.38650817647579927
10959,0.5976245937485105
10960,0.6422393227117893
10961,0.6413579417371709
10962,0.48963520935290233
10963,0.44250038426480764
10964,0.5285451141555229
10965,0.36560676032132056
10966,0.5697222102865944
10967,0.5491780380987464
10968,0.5834016323035099
10969,0.5613464536572398
10970,0.4201582599018474
10971,0.5750051151633203
10972,0.5196757307661533
10973,0.5688575946715844
10974,0.5227749468795811
10975,0.4234025474428425
10976,0.4642357650466525
10977,0.41506632754277556
10978,0.48333807650745636
10979,0.4750507931695655
10980,0.6408256024722544
10981,0.5220246139783019
10982,0.5172265410341058
10983,0.5091003603570091
10984,0.5414916611911237
10985,0.42660269614174606
10986,0.3425981254139716
10987,0.38914821684918605
10988,0.5427070783268861
10989,0.6257184785402959
10990,0.35975444276152835
10991,0.5608632568691928
10992,0.6776593810747878
10993,0.7298685758023701
10994,0.6087632149098725
10995,0.5462856117813416
10996,0.48481665876989294
10997,0.6361482871740342
10998,0.46869122746598246
10999,0.6994952932334566
11000,0.4097406916583461
11001,0.4915164659550648
11002,0.4515443214074958
11003,0.6968729090725407
11004,0.5432096420199146
11005,0.4927563042259865
11006,0.513815324514683
11007,0.700827710493265
11008,0.3690867070938292
11009,0.5847739614322731
11010,0.5192052261759846
11011,0.3672228796224144
11012,0.5267406106936497
11013,0.549232941250824
11014,0.4581894307107759
11015,0.4006590987685984
11016,0.6313709214104544
11017,0.34437978233381633
11018,0.7341914351706443
11019,0.7428723520317558
11020,0.6933293350502994
11021,0.5491436300462247
11022,0.7616257010698932
11023,0.7588935854278365
11024,0.5162600032222376
11025,0.6830326641972999
11026,0.4844700571560094
11027,0.49613503552583216
11028,0.3510733141554586
11029,0.4884349225031012
11030,0.4618944710566618
11031,0.5187534477906289
11032,0.4336301926823061
11033,0.5211696919430833
11034,0.4516388153029674
11035,0.5274028396011278
11036,0.42532866274578984
11037,0.6158611839886045
11038,0.502742901346448
11039,0.4741607851338559
11040,0.5993000557033119
11041,0.4723182778462978
11042,0.5168215268766456
11043,0.5739818113757542
11044,0.4196716048439775
11045,0.4201329293024111
11046,0.5705508350911633
11047,0.5599286468960625
11048,0.5859527028467942
11049,0.6215758733955182
11050,0.5559459658609586
11051,0.5150138382469333
11052,0.5845430029304123
11053,0.40618741844841744
11054,0.4490258356906905
11055,0.5613244111664053
11056,0.41302497181224496
11057,0.4947780298186187
11058,0.3878552577982639
11059,0.44394127979557874
11060,0.5149337727410849
11061,0.4447250819371076
11062,0.48658845498657527
11063,0.5856268908571907
11064,0.45703331714413464
11065,0.688050191702998
11066,0.4839190201508418
11067,0.5024468140712716
11068,0.4639836406214518
11069,0.487337161446887
11070,0.5062730105759187
11071,0.5493981150556464
11072,0.5851854381760575
11073,0.4534191529301064
11074,0.4434074960650011
11075,0.5050566555395853
11076,0.5613888810166245
11077,0.5763219780412199
11078,0.6814187427619006
11079,0.5069727067027299
11080,0.6147697958808249
11081,0.5380378660316658
11082,0.49280625427113883
11083,0.4082491652100383
11084,0.3378829191417928
11085,0.619963810663337
11086,0.7744356787676212
11087,0.7475105208733555
11088,0.4133221553265853
11089,0.5709103339473821
11090,0.43867412532719474
11091,0.4148373053269793
11092,0.4892543499663201
11093,0.47724669859266605
11094,0.49243056951202346
11095,0.5817618548553026
11096,0.6272443004613977
11097,0.5774493370683031
11098,0.6113035385715926
11099,0.5302043386014789
11100,0.46092868891808814
11101,0.5320881720575541
11102,0.6221306593387951
11103,0.4224554716709102
11104,0.5473704564145386
11105,0.5353416308193361
11106,0.5330934983602066
11107,0.43851940950876367
11108,0.559328143524477
11109,0.4648537151303187
11110,0.40445598634038116
11111,0.5263907147870525
11112,0.3037594216912859
11113,0.4117023295978998
11114,0.6375395622067017
11115,0.46955578720009794
11116,0.4721602123992094
11117,0.67703523933792
11118,0.5413886000138145
11119,0.45734173127092853
11120,0.4700116946672404
11121,0.748457181821334
11122,0.5099512073024398
11123,0.6272376092419757
11124,0.6718311989608718
11125,0.38546267058187267
11126,0.5030685076779676
11127,0.6026827394663452
11128,0.4759504918979598
11129,0.6150916549557128
11130,0.4774753261704534
11131,0.5353355348324201
11132,0.570428501010718
11133,0.6369629283710465
11134,0.5391859112352412
11135,0.5240930279826737
11136,0.4040589630591781
11137,0.5094706596492425
11138,0.5362477850646152
11139,0.5152419019504195
11140,0.5750571971439713
11141,0.6076421599052437
11142,0.45166114034455834
11143,0.728192884078889
11144,0.38547612310462553
11145,0.527436179689633
11146,0.6950741780778873
11147,0.5105214556203986
11148,0.6538479712444722
11149,0.5013807884040178
11150,0.5611285653267823
11151,0.5623489681361983
11152,0.5107627954227869
11153,0.6270498429464276
11154,0.4447126114361004
11155,0.379920264802718
11156,0.5366942923394086
11157,0.48674986811358023
11158,0.4980287333166499
11159,0.6456719611910937
11160,0.7115690227997215
11161,0.41875370240479237
11162,0.4016868729257656
11163,0.41704202505096577
11164,0.4639059134440139
11165,0.4149776008824654
11166,0.49502387818968885
11167,0.5946902576878483
11168,0.5259460353995241
11169,0.6279414619247718
11170,0.467746888535309
11171,0.5939091454748475
11172,0.5135935384047025
11173,0.49423375106399986
11174,0.661182700320484
11175,0.515179370816734
11176,0.47735603902116513
11177,0.670673132984304
11178,0.49746706194069695
11179,0.6344024848576285
11180,0.42085784983550767
11181,0.4826093729828833
11182,0.6220062443082475
11183,0.49342422391335794
11184,0.3629841603505387
11185,0.5835505495801039
11186,0.5401270336692621
11187,0.3659041394259437
11188,0.5521202121701869
11189,0.4689060957957213
11190,0.46584801335494647
11191,0.4572581846509991
11192,0.5876573343698772
11193,0.45288169665882355
11194,0.510983685814064
11195,0.6242948195117334
11196,0.5204910948042393
11197,0.5471054551403404
11198,0.6311176966026655
11199,0.5746576052575137
11200,0.42908264699302195
11201,0.5613335075802318
11202,0.5555228572734362
11203,0.572960395543725
11204,0.46322067233360315
11205,0.3964152985339948
11206,0.6548016445011402
11207,0.5717452688881912
11208,0.701799520927655
11209,0.5823106088487549
11210,0.4829836054305644
11211,0.557117010920491
11212,0.3783413185404121
11213,0.5424231349353519
11214,0.4797658208353573
11215,0.7270885078688754
11216,0.7086933768200747
11217,0.39783355800586906
11218,0.435551524644717
11219,0.41905226282141816
11220,0.6179930091979192
11221,0.4885469585991025
11222,0.39608810575538766
11223,0.6394044420006937
11224,0.5336972711254202
11225,0.5840851254160679
11226,0.4771083875742115
11227,0.5461160352059918
11228,0.44797172223507775
11229,0.4766429110304693
11230,0.4513365686455288
11231,0.4943338036881174
11232,0.6145280967496831
11233,0.5664405871777995
11234,0.49411965020155096
11235,0.5343304198462674
11236,0.6525939654625531
11237,0.7587488060920191
11238,0.4654951784096162
11239,0.6283291229743182
11240,0.47864349531007777
11241,0.45146738634714617
11242,0.3826025780604003
11243,0.4757744598252095
11244,0.7816250597254886
11245,0.40909721333844595
11246,0.5059106795793228
11247,0.31776057852357076
11248,0.4766704325759885
11249,0.526090176422414
11250,0.3852005861848238
11251,0.5266043217170896
11252,0.4181734579046855
11253,0.5689521587698352
11254,0.4269956319116776
11255,0.5214908920658214
11256,0.38702497224992755
11257,0.2783261312109768
11258,0.5575231080585782
11259,0.5123143674238614
11260,0.49703035395888795
11261,0.5537126566484927
11262,0.4877213714000914
11263,0.563311678606067
11264,0.5904944247235268
11265,0.5017490581560633
11266,0.5111414734964975
11267,0.5001365958774618
11268,0.414721940102723
11269,0.4618149249453578
11270,0.48543705234545775
11271,0.6256341283984542
11272,0.3838328648314224
11273,0.5207173289698994
11274,0.4488989971288546
11275,0.43275987975620556
11276,0.5237455830502582
11277,0.7274320069727394
11278,0.5458061817683915
11279,0.47524034618681404
11280,0.6241235585622662
11281,0.40455741992182787
11282,0.5652067509549928
11283,0.7027776264682748
11284,0.5929603139779569
11285,0.6864127844494088
11286,0.47473886360845446
11287,0.6939784652834851
11288,0.5623998918775374
11289,0.47089510042804794
11290,0.5424649857118939
11291,0.5208481105809583
11292,0.5637994409159097
11293,0.5766715431754763
11294,0.2978966082863358
11295,0.41210220256224595
11296,0.5234052164495181
11297,0.5124025601961841
11298,0.5450397449438632
11299,0.4267972730054188
11300,0.5412348561996385
11301,0.5490590100896364
11302,0.4482271475321151
11303,0.44978369688682346
11304,0.5286892867090064
11305,0.5900962660786109
11306,0.34132626006764555
11307,0.4362303346192132
11308,0.5595279711113621
11309,0.6804375408361762
11310,0.4780757744926884
11311,0.5259432823099032
11312,0.6306118842946729
11313,0.5398724429434324
11314,0.4632473191503289
11315,0.5113855996460341
11316,0.46863858916290235
11317,0.6543558763317803
11318,0.544834145410749
11319,0.49404893050256754
11320,0.5714464112845368
11321,0.5193890951646276
11322,0.501514889116533
11323,0.4814245017586053
11324,0.6288087990961002
11325,0.5815790690861254
11326,0.35761293782045134
11327,0.6659927588008905
11328,0.6262480984112835
11329,0.44513582555943215
11330,0.5332203112705308
11331,0.5576695823428284
11332,0.4962669760309865
11333,0.36227782409768267
11334,0.5150054342855207
11335,0.5944522108769213
11336,0.5747794238220545
11337,0.43631823839320494
11338,0.3695630725000277
11339,0.49319321347285233
11340,0.49671458233502763
11341,0.6214571067307593
11342,0.5687403702937596
11343,0.6869413021639503
11344,0.42164703777756835
11345,0.4487207038995561
11346,0.511829601364047
11347,0.5195022517001762
11348,0.4117346121702794
11349,0.4897984744567365
11350,0.5720788879070257
11351,0.5009621565505472
11352,0.7133092526982596
11353,0.5508341030060326
11354,0.4568922014373038
11355,0.522405881169011
11356,0.3861550224205892
11357,0.43633108048615754
11358,0.5469317076805836
11359,0.5086040767708666
11360,0.49776209119219084
11361,0.3847027214462748
11362,0.418566370630488
11363,0.6562985867179427
11364,0.561046182104062
11365,0.5958342469007546
11366,0.528360090098765
11367,0.5102871408611561
11368,0.45501779549539967
11369,0.5216529711538416
11370,0.5743253928103551
11371,0.5043473678735012
11372,0.8132900866255368
11373,0.5024514808380576
11374,0.29376487807588914
11375,0.4692182290111355
11376,0.5334939536537774
11377,0.45949457158411966
11378,0.3907036041041445
11379,0.5984195729623307
11380,0.47775918670223294
11381,0.49374597196113185
11382,0.47265533723945685
11383,0.487382515367754
11384,0.40882882814101595
11385,0.5112680666071543
11386,0.47388073267167496
11387,0.6112089954375477
11388,0.5923604350058465
11389,0.5565020472658694
11390,0.48584248759795057
11391,0.540306590150571
11392,0.5047992486958474
11393,0.5817748309250198
11394,0.4038510241491363
11395,0.4616151753160621
11396,0.5571875656241503
11397,0.504086687580226
11398,0.5169314630068703
11399,0.6113848444565843
11400,0.6482911587080247
11401,0.5817105056413757
11402,0.4858011610496592
11403,0.6041977535533901
11404,0.47472894447709596
11405,0.581664264433169
11406,0.4830112313671829
11407,0.39862352777838433
11408,0.42042897031342963
11409,0.5037565214206526
11410,0.6469156551494094
11411,0.5670765661170488
11412,0.5980317308251758
11413,0.4213637430260594
11414,0.5259309442777019
11415,0.5611920757760324
11416,0.47465834346553415
11417,0.528546486164806
11418,0.6865431398562121
11419,0.4228355833694264
11420,0.49274129193338956
11421,0.4827679533629193
11422,0.5668401499554512
11423,0.31332042537106375
11424,0.48119528788224614
11425,0.7054547857899526
11426,0.48944683359796876
11427,0.5076743937457125
11428,0.600454926733917
11429,0.5073274910390511
11430,0.4732994394289581
11431,0.5027696924984958
11432,0.38321717960650736
11433,0.6270652655011782
11434,0.44939713875495624
11435,0.6652135615365937
11436,0.6357364032736406
11437,0.5624953646527701
11438,0.5675664552117826
11439,0.672576701155548
11440,0.5931599188109777
11441,0.6410620985654836
11442,0.5251482151248397
11443,0.5533185563956394
11444,0.5834380764087586
11445,0.4095766001747352
11446,0.6418685548624208
11447,0.5340953349894962
11448,0.6856560153004768
11449,0.7277099809643678
11450,0.6597248171336181
11451,0.4585546683623114
11452,0.3985429690873059
11453,0.4776119592984248
11454,0.6171448268509236
11455,0.5344920361779801
11456,0.4044480012899885
11457,0.5860125028147086
11458,0.4443942305736049
11459,0.5635327709933122
11460,0.571210133092005
11461,0.3340832754366554
11462,0.4812343767999569
11463,0.7720432535113367
11464,0.4703289872028939
11465,0.524137155036134
11466,0.5306151221316892
11467,0.562767989681874
11468,0.5451013108857757
11469,0.4263186578477518
11470,0.46391689548987886
11471,0.5084732834750657
11472,0.48460747373079294
11473,0.38791887590661955
11474,0.6990802720267901
11475,0.5826298690999424
11476,0.4606783573445098
11477,0.5831282095435226
11478,0.48884013336753207
11479,0.5500273625077585
11480,0.5324100707703894
11481,0.5239099607069931
11482,0.46048402855808107
11483,0.7941004389164144
11484,0.6333330629353522
11485,0.5460964735191326
11486,0.6049387009579169
11487,0.3546850139414841
11488,0.48200917132921367
11489,0.5306303897017728
11490,0.5794353488865115
11491,0.49241863110125783
11492,0.4356769262446949
11493,0.41467409364528424
11494,0.4946233350992142
11495,0.4936566667407811
11496,0.546653247720893
11497,0.7419905260801857
11498,0.4928762982444221
11499,0.46032993703412284
11500,0.5186102924786617
11501,0.4651993156350339
11502,0.4128286968548827
11503,0.5220342305786181
11504,0.6689557129197833
11505,0.436618418283633
11506,0.5978537694287234
11507,0.7366174427626067
11508,0.4870410868296167
11509,0.6955545996913979
11510,0.3821017651355529
11511,0.4778199874378339
11512,0.5727186144232657
11513,0.5289601362355983
11514,0.6760974190328574
11515,0.4549282365961733
11516,0.525224395542509
11517,0.567949011513817
11518,0.47250293106539654
11519,0.4391207148427401
11520,0.4964540428332569
11521,0.5137459011186931
11522,0.6645101943049742
11523,0.3823676992520231
11524,0.5213527062612239
11525,0.7695812849783424
11526,0.4434901081431343
11527,0.6256136570601449
11528,0.6086920277373437
11529,0.5759086437898249
11530,0.5498176830663215
11531,0.4745244996268889
11532,0.5596726109471077
11533,0.49523867543777406
11534,0.5854128548447005
11535,0.5074387290988055
11536,0.5276869162434428
11537,0.5312706557690693
11538,0.4267657363184607
11539,0.43365789919392655
11540,0.4010812254236239
11541,0.5830486500471032
11542,0.47191728497922486
11543,0.4833194082952907
11544,0.4828968224086376
11545,0.5654150479376878
11546,0.43480123294691253
11547,0.6281414346178954
11548,0.5589006792450708
11549,0.49075069828547346
11550,0.5074820481393431
11551,0.49275605964518676
11552,0.6208273249015411
11553,0.6282822232905052
11554,0.49623228986463086
11555,0.4886538974409549
11556,0.6133767220877281
11557,0.440982580042673
11558,0.4380335459534662
11559,0.5868407877974551
11560,0.460274902656132
11561,0.4629686404639179
11562,0.739055281024759
11563,0.6570073118654829
11564,0.6291446213192623
11565,0.6137281220341296
11566,0.5579515661995409
11567,0.5077892152374291
11568,0.5615381710265362
11569,0.7150787199490298
11570,0.5699430295986793
11571,0.6196688232644677
11572,0.4499888841814364
11573,0.6064245309423748
11574,0.49610597269334056
11575,0.45636365891599245
11576,0.8142787806049931
11577,0.4831764816909375
11578,0.6391350106845181
11579,0.5401473961425545
11580,0.47477105895514193
11581,0.45990063709056844
11582,0.46569989901013265
11583,0.520106723834286
11584,0.5788299529634084
11585,0.49448603766817856
11586,0.36234599532424483
11587,0.4998656169131301
11588,0.426919364713944
11589,0.394043346511719
11590,0.3923429528318713
11591,0.5252455940733297
11592,0.49264078115699295
11593,0.4882331497505183
11594,0.5080764672772713
11595,0.5853051901942328
11596,0.5511288326722101
11597,0.5136193409364854
11598,0.6480257692376032
11599,0.5246601901951651
11600,0.4760986953050135
11601,0.6654011587592941
11602,0.42099208192645554
11603,0.6154203427436984
11604,0.3906731791000656
11605,0.49117197504051535
11606,0.40387358284111496
11607,0.5468672802853561
11608,0.5139683126532278
11609,0.5974865331698863
11610,0.5995860989527295
11611,0.7772864554284074
11612,0.46170256170640533
11613,0.3716516740042983
11614,0.5611527250756116
11615,0.6267976715563928
11616,0.5630539058039358
11617,0.37903184497030706
11618,0.569692924458302
11619,0.5532237473243227
11620,0.4524277845795174
11621,0.5721268805990858
11622,0.5682166003765277
11623,0.6352375746130017
11624,0.42648023752467895
11625,0.46763760126641285
11626,0.44846578954696537
11627,0.4735977865606111
11628,0.6403680656349787
11629,0.5186126458651074
11630,0.5100654031991008
11631,0.6005144676235664
11632,0.39633714878727255
11633,0.479678252975108
11634,0.42338991204031806
11635,0.4326427585233933
11636,0.5389574854818787
11637,0.6470538851619979
11638,0.463841697144629
11639,0.5741180959395479
11640,0.48168888066550186
11641,0.401139053416478
11642,0.5806818759402024
11643,0.7496900775292042
11644,0.31701278675971645
11645,0.6904308173048022
11646,0.4697606161769132
11647,0.3932671153964383
11648,0.5060443790618484
11649,0.6221931122423281
11650,0.5247302410887856
11651,0.5237320585483431
11652,0.8201613627041804
11653,0.4634477151472032
11654,0.6517905285090643
11655,0.6839685932007328
11656,0.5942754223730746
11657,0.5120108767430492
11658,0.4716867949269221
11659,0.594201889693394
11660,0.6469976422049541
11661,0.5072204231185153
11662,0.5260549062322983
11663,0.5690561022139974
11664,0.5944834474736445
11665,0.3989399621580064
11666,0.4896933664374822
11667,0.5659660552882021
11668,0.523655021570299
11669,0.46028627481479906
11670,0.6487309925789779
11671,0.40643089866947146
11672,0.582579082253511
11673,0.47689293383759446
11674,0.26244134326027824
11675,0.49051518038263625
11676,0.6353859464545975
11677,0.5354534888898892
11678,0.5670919817351798
11679,0.6075649168807075
11680,0.5813117338677152
11681,0.5423160864454839
11682,0.3350649515364976
11683,0.5626816884862872
11684,0.461759388752502
11685,0.519444199102908
11686,0.5650632689129031
11687,0.445326127729558
11688,0.45309955254745715
11689,0.5305354763607184
11690,0.6431390783732698
11691,0.5246048567129326
11692,0.7173404079802361
11693,0.337110437003199
11694,0.6011088296787602
11695,0.4430061489512276
11696,0.47364129435845503
11697,0.6442771659679055
11698,0.5486559065988221
11699,0.5328147566301162
11700,0.40148689097893026
11701,0.47970107648567933
11702,0.4143269738708738
11703,0.5978294023991402
11704,0.6248992575101063
11705,0.6110036748131206
11706,0.4611411285486362
11707,0.4381422936601561
11708,0.42493076710496996
11709,0.4954299159354479
11710,0.4633530689987267
11711,0.35333890391441825
11712,0.4334283134287331
11713,0.4872057706811014
11714,0.5151115310326573
11715,0.6469281195558378
11716,0.6517775587596519
11717,0.4025416917635644
11718,0.4244425220579858
11719,0.5593250068828685
11720,0.48566309871203545
11721,0.5500372177865626
11722,0.5592949744739628
11723,0.5438545237722627
11724,0.5088417493706349
11725,0.5652765340711206
11726,0.5818591464529816
11727,0.4802152002088594
11728,0.4115717254866031
11729,0.5142408677583096
11730,0.38639884161636834
11731,0.6246075443415241
11732,0.4892382239048837
11733,0.5519178751998365
11734,0.4827401871764836
11735,0.6700532606849625
11736,0.648450439901983
11737,0.5360868039455157
11738,0.5285229718659806
11739,0.6828462482033932
11740,0.40116640834977135
11741,0.42334153136901
11742,0.6597123212201765
11743,0.6177325872639783
11744,0.486218314971297
11745,0.708984384559896
11746,0.45785548858679154
11747,0.33795175874166905
11748,0.47768442158360164
11749,0.5369442964054645
11750,0.413555440799302
11751,0.376920171174036
11752,0.5777030745625151
11753,0.4713528684573874
11754,0.39245528670282337
11755,0.5607478182964334
11756,0.4267249032570624
11757,0.7206806402032203
11758,0.6047458230501609
11759,0.5308987484036956
11760,0.4592233102368435
11761,0.4584717900028909
11762,0.5197065093133346
11763,0.4990246984250608
11764,0.5184880495253694
11765,0.36549014709346395
11766,0.4010645543045417
11767,0.40968100858991197
11768,0.6697608667694213
11769,0.3594841333567495
11770,0.6538029363695466
11771,0.5794522209516322
11772,0.5043019393738979
11773,0.4786346765267496
11774,0.7137660157522567
11775,0.5608771274606256
11776,0.391617134169173
11777,0.4469578384614572
11778,0.3672948971953879
11779,0.5370641120160553
11780,0.743671279972805
11781,0.52799272793843
11782,0.4569389911672756
11783,0.4053586647404935
11784,0.4025260944842103
11785,0.4661257194611711
11786,0.5467711012670222
11787,0.588436832053406
11788,0.5260170575655515
11789,0.5064036449011308
11790,0.3320337654706915
11791,0.44230215946354634
11792,0.5284660639687503
11793,0.6400813097395439
11794,0.5305923671886071
11795,0.44479155571360995
11796,0.48839174445850353
11797,0.5026725772856164
11798,0.8304934260288908
11799,0.7359660640241175
11800,0.4117361311476287
11801,0.38495744292136647
11802,0.5763510940197752
11803,0.5215239256333161
11804,0.4948884316928408
11805,0.6209146922197886
11806,0.46058651993227445
11807,0.6029893318950862
11808,0.531074955632248
11809,0.5219663602512129
11810,0.5290217886980432
11811,0.6285656683802286
11812,0.33198459330227137
11813,0.5542796566716164
11814,0.41092300385152913
11815,0.46162277788561645
11816,0.5312347479244744
11817,0.47675212974863446
11818,0.4754170704864356
11819,0.5437720200705787
11820,0.5064921000605767
11821,0.42949030784942366
11822,0.5800513937256255
11823,0.6148729291674659
11824,0.5323693073870138
11825,0.5361773938644273
11826,0.412662858000535
11827,0.47045647499541743
11828,0.5618414673841388
11829,0.479763927191604
11830,0.4861724011310147
11831,0.6298586381412873
11832,0.45061488277401873
11833,0.5827179368182503
11834,0.4831912155145446
11835,0.49000285456182646
11836,0.7435344913615536
11837,0.38909484566915276
11838,0.34099878578758325
11839,0.520752470289824
11840,0.3915477679846382
11841,0.3013519193414842
11842,0.6407528467693433
11843,0.516791886162148
11844,0.5329482285564705
11845,0.4601068273913631
11846,0.5746698331765805
11847,0.4770688893213821
11848,0.60929547481799
11849,0.5006154684980029
11850,0.6283711809057466
11851,0.6188418456220286
11852,0.5809932159603921
11853,0.5331917000993324
11854,0.4967440490630442
11855,0.5333325623389609
11856,0.5618199534047542
11857,0.5104960853799884
11858,0.5035136004765799
11859,0.47762852402225686
11860,0.4758088846078262
11861,0.4827773025502752
11862,0.5643078280468735
11863,0.4089004424779567
11864,0.5956254190371163
11865,0.6322905619196058
11866,0.4414207787943698
11867,0.4558846018257563
11868,0.5314484064168821
11869,0.5388191966759222
11870,0.5502255682339977
11871,0.524927696628795
11872,0.5660102874880905
11873,0.46041762851267654
11874,0.7082669812967013
11875,0.45376013425435624
11876,0.5080892124115268
11877,0.6303859954892297
11878,0.5685765317569474
11879,0.5564542197414427
11880,0.5910929723677414
11881,0.36037786934525406
11882,0.5152130486130992
11883,0.5816430366708578
11884,0.5336983072720957
11885,0.3586827061786222
11886,0.5851172753825395
11887,0.47967958306949104
11888,0.6826433341965117
11889,0.6220351403456515
11890,0.5468987778026001
11891,0.7491373201635785
11892,0.44705098425054374
11893,0.4916908443844292
11894,0.6770568987708019
11895,0.5602064757026641
11896,0.6760067240114608
11897,0.5145921866833502
11898,0.6559904169628622
11899,0.5013484366665919
11900,0.4757136478863745
11901,0.6003647483905727
11902,0.4670587915017187
11903,0.40825028265122865
11904,0.6820032611361517
11905,0.6224527581605748
11906,0.5767769643143368
11907,0.539003292236579
11908,0.29779204217853766
11909,0.5367088631717104
11910,0.4910942044815617
11911,0.5570398201047146
11912,0.5757208121605416
11913,0.2504746002775082
11914,0.5686451158391399
11915,0.4649315611628773
11916,0.49219056280245466
11917,0.5116381290385457
11918,0.4818394630562496
11919,0.44389134979604106
11920,0.5318732054649179
11921,0.5017184139442424
11922,0.559088178211447
11923,0.7662484960632141
11924,0.46814181579503744
11925,0.5050353302025559
11926,0.6650676944298948
11927,0.4817831265747904
11928,0.522906507825085
11929,0.5599940627634736
11930,0.46892256599001764
11931,0.6680485560795169
11932,0.5977367287542099
11933,0.37288863286427476
11934,0.4694602155564031
11935,0.48886165387342373
11936,0.7494794996071867
11937,0.5955397111412218
11938,0.6910179674048692
11939,0.5195004212086608
11940,0.5124364687947197
11941,0.6383658138239597
11942,0.44448704268819184
11943,0.8042701519271589
11944,0.6221777982575689
11945,0.5666668553562704
11946,0.5282862415244892
11947,0.43845167418193937
11948,0.4721037078791234
11949,0.3220078058651953
11950,0.5353060371763263
11951,0.46492116613533135
11952,0.6124820600793214
11953,0.620427923948883
11954,0.5191890939277217
11955,0.5092620026580034
11956,0.4141415537312298
11957,0.634171935933717
11958,0.492043830391
11959,0.6844348677065655
11960,0.5474983591679279
11961,0.6670001960813348
11962,0.5676759264159279
11963,0.559416524555303
11964,0.553637771708432
11965,0.4072806162175381
11966,0.4366472660453403
11967,0.5161323081033419
11968,0.4144306253366631
11969,0.46637929168048564
11970,0.4998216978334079
11971,0.49132491626390173
11972,0.5714300927386767
11973,0.7026806058747244
11974,0.5436364521311898
11975,0.512812863074633
11976,0.5459864637977888
11977,0.5479117598859944
11978,0.45768991645254586
11979,0.7058961473070476
11980,0.45155503077775516
11981,0.4394678057811339
11982,0.4679959366308005
11983,0.6173355930092146
11984,0.6210548180178915
11985,0.46956746701963886
11986,0.7076800902269947
11987,0.5469127525935761
11988,0.5931104547227419
11989,0.5219726999900198
11990,0.33793067902000623
11991,0.4784663609387861
11992,0.45223031594589813
11993,0.5469845101225544
11994,0.5410426894860901
11995,0.5588293184058308
11996,0.4922888217933951
11997,0.6377394211111758
11998,0.4497156289664697
11999,0.5666052923503887
