id,efficiency
0,0.4000148034719345
1,0.5403647365892005
2,0.5190178354215728
3,0.4519574043914377
4,0.47245795466251456
5,0.6574058754371164
6,0.5903434681197397
7,0.46805247530838406
8,0.4587688291761682
9,0.44977179146817675
10,0.5743569749029875
11,0.3824732690996253
12,0.5982122333248802
13,0.7438298574387137
14,0.51542268985693
15,0.4711655120288658
16,0.35501860305445765
17,0.36217188776654496
18,0.6601135347659902
19,0.5293544281683996
20,0.6016266534275152
21,0.49404396001118894
22,0.6240147730908387
23,0.4528406729733889
24,0.5577545496430981
25,0.39740169645111323
26,0.6004402407113177
27,0.6385848269842631
28,0.4784326053502905
29,0.4650418001676212
30,0.620005239798667
31,0.6283260749031007
32,0.4249730362119269
33,0.4765971980301364
34,0.6578148118306314
35,0.4738542734096791
36,0.49152589061675167
37,0.5376166459944666
38,0.3736943825822491
39,0.4387169541431223
40,0.42185729177287073
41,0.610062508495049
42,0.7412178714430491
43,0.6855826998597829
44,0.6160118380534301
45,0.6146921348831944
46,0.5801287933022209
47,0.5962165780691022
48,0.7095965078309207
49,0.7125512786121004
50,0.5303175637839576
51,0.4969652158181579
52,0.5923244232209335
53,0.5600282225649744
54,0.4635518204611143
55,0.4272037009196026
56,0.6315675518158232
57,0.3372854219595338
58,0.40675235297693857
59,0.5034155320025205
60,0.4944657480503781
61,0.4389568281684154
62,0.574534639452362
63,0.5633661880328156
64,0.5610867521815976
65,0.7983014561800982
66,0.4657360809290386
67,0.675918205171792
68,0.3969350540004637
69,0.40626368613374303
70,0.6608650911306004
71,0.5504990248304394
72,0.42663174440063445
73,0.5588728924618389
74,0.4431573368265662
75,0.5224692833511113
76,0.4528341488262108
77,0.4211799972127761
78,0.4267874679674761
79,0.37020562752315145
80,0.3887928103932103
81,0.46554981310133503
82,0.64475604367104
83,0.651577513660469
84,0.3646513594455601
85,0.709362310837072
86,0.628327254456908
87,0.5116124963670052
88,0.5279037097535747
89,0.4608833365188257
90,0.5927465374259763
91,0.7139388983123952
92,0.5423759624901672
93,0.5752408365616275
94,0.5084919158582893
95,0.44253432722287545
96,0.6503656210230543
97,0.3597190143499669
98,0.544065344674132
99,0.8404833558587328
100,0.5131395200607223
101,0.679568679844476
102,0.49773120576167285
103,0.486952348757604
104,0.4302044252763906
105,0.5188540975787549
106,0.5901440725865561
107,0.4119196555173239
108,0.5064580933081178
109,0.6208063902186652
110,0.47831423245661314
111,0.6197329351512693
112,0.6001757665364003
113,0.3889559065530251
114,0.5192051860549528
115,0.5746531816129542
116,0.42883536124276744
117,0.6540788626113136
118,0.3636218621501418
119,0.2878390266849533
120,0.5335966931231818
121,0.5381185655310026
122,0.3777525853031575
123,0.4141529551037475
124,0.6444041285761197
125,0.48455557938468036
126,0.5039961778076262
127,0.6044802532377423
128,0.5837513743669098
129,0.6225528130403413
130,0.3657165649917391
131,0.45939136375466844
132,0.6619371442220106
133,0.5597967995999702
134,0.49443047752187597
135,0.34695695892076717
136,0.576837799704309
137,0.6541544026318571
138,0.6281764857515323
139,0.4225897339781127
140,0.49785832507952227
141,0.5061598073548458
142,0.46457208918059784
143,0.4751264843254841
144,0.5062809685876457
145,0.4368198940595642
146,0.5122605757557103
147,0.4234025141708757
148,0.47976633591715206
149,0.5216957958128743
150,0.46412908158149047
151,0.5251189263519617
152,0.40995139986544715
153,0.5700110189538602
154,0.5433738827405161
155,0.37299131927913465
156,0.5477292594680502
157,0.5579595064541624
158,0.33336246338265685
159,0.4395803905822031
160,0.5224948210204003
161,0.5095118914600955
162,0.8785924635323534
163,0.5645289795706635
164,0.683901398121803
165,0.7334504807123953
166,0.5289205057542226
167,0.461321184551465
168,0.4234092306358581
169,0.4471858440326701
170,0.5807677139457755
171,0.5115982908977488
172,0.5836746662595593
173,0.654370898994473
174,0.5813695575924651
175,0.3924624304480614
176,0.5134776206880787
177,0.56839868734768
178,0.49180329082139146
179,0.5262871515932912
180,0.4822111350861073
181,0.5318200716535313
182,0.3843596835193446
183,0.46759547894462966
184,0.5848501285536549
185,0.320886089902098
186,0.49313182405191996
187,0.3453758712334679
188,0.5176621769292101
189,0.4147368103693758
190,0.5424336933677113
191,0.6669855657290057
192,0.457121238355732
193,0.38824658802122863
194,0.5714094985406167
195,0.3586345626508898
196,0.4684518987522055
197,0.6281557904827226
198,0.7006727168041058
199,0.5550182404039217
200,0.5812865270162016
201,0.4782319771701675
202,0.50495653591111
203,0.522176063658146
204,0.5791319818690532
205,0.49752313234001305
206,0.5043042608681075
207,0.43697302886473643
208,0.3286637695816501
209,0.5452129049547646
210,0.3875476449883052
211,0.5275602917036988
212,0.40440339646980866
213,0.4185852961981709
214,0.43964356433082463
215,0.5285717532287381
216,0.3960610175886978
217,0.41380037819118365
218,0.5510263852619713
219,0.49537701358537883
220,0.5726815209882574
221,0.4678774003687102
222,0.4814556709479837
223,0.6873276338692499
224,0.4374438946431606
225,0.5601986868562574
226,0.3466158634649427
227,0.4237912444529127
228,0.6418995844646452
229,0.4763077597677814
230,0.6469312646525656
231,0.5807359556156618
232,0.5926266654248833
233,0.5778317949193887
234,0.3782037253506354
235,0.3952657259816634
236,0.4579013784699059
237,0.6231122587598165
238,0.45003677356596583
239,0.5557140368616742
240,0.5896293808089215
241,0.5124239049693338
242,0.6600275582372861
243,0.4749242161315531
244,0.5125926658442456
245,0.6207871729041408
246,0.6769512774360067
247,0.6438422537911147
248,0.45850778999835295
249,0.5163604542200736
250,0.44474815773954085
251,0.5105034383878451
252,0.42629038437367694
253,0.5500874897623661
254,0.49254432011569727
255,0.4306120544980314
256,0.47209423965995495
257,0.5859298054597354
258,0.6538116219639163
259,0.6720042654657542
260,0.4946016169142536
261,0.4736436931974372
262,0.34481989858781603
263,0.6143633281440763
264,0.27728672013900246
265,0.4692363525074474
266,0.42664599153285837
267,0.5044309601297771
268,0.5703058392255997
269,0.7809845595926556
270,0.644845221530049
271,0.453571246904871
272,0.716797858414516
273,0.5981091982904523
274,0.4742635328749151
275,0.5134751223978499
276,0.5361100557813894
277,0.462326781999998
278,0.5699808062646247
279,0.50047845176621
280,0.3627076336662537
281,0.4549795295462589
282,0.4720232318754812
283,0.7048666639006894
284,0.39585970684030314
285,0.5294044154426694
286,0.43357614257044985
287,0.4009288486297739
288,0.4022743154830857
289,0.5374859508910832
290,0.5521308194366944
291,0.580963281255987
292,0.3298532347531091
293,0.47951897123297227
294,0.46110926381015044
295,0.5408608986107026
296,0.5603646511426712
297,0.5496111227609445
298,0.4024326571670102
299,0.6252973466183245
300,0.4485374458951823
301,0.4649920571715224
302,0.5059749197538835
303,0.5696940423432348
304,0.530085487665502
305,0.3655192404431031
306,0.46459981996057864
307,0.4581279789432314
308,0.6857568134686203
309,0.5370112387583531
310,0.5399920262792366
311,0.42932887858546287
312,0.5318276734549758
313,0.475260695623531
314,0.44135384971357733
315,0.45705012712486903
316,0.39616327022597186
317,0.5098686755810803
318,0.3289969736399344
319,0.4784836192042272
320,0.5436595660320502
321,0.5752936242112595
322,0.5868775664165314
323,0.3558648396401215
324,0.5121886080017654
325,0.45773346058663633
326,0.6599405653617728
327,0.5018684522383623
328,0.4578460321628316
329,0.3946149167122109
330,0.6674714608212338
331,0.48208286203660894
332,0.5166950549050398
333,0.5650425566076427
334,0.4660035667043248
335,0.5560984736268524
336,0.41957842796117883
337,0.48002782155084583
338,0.5221328144220039
339,0.49543483952703643
340,0.5297063870226391
341,0.42079920767376755
342,0.6064790262192892
343,0.4616681817840137
344,0.3381094576733364
345,0.44869202186558976
346,0.47764559278740826
347,0.5155895832406789
348,0.5025754207631629
349,0.5441644818953195
350,0.5177632676633438
351,0.41005971980015915
352,0.4615289670037269
353,0.5125768564050541
354,0.5753731898478956
355,0.5057190085824438
356,0.521026372832086
357,0.4809241727810002
358,0.5601290383072289
359,0.42923271326329515
360,0.6527218927231595
361,0.31983264251369314
362,0.6485819205356469
363,0.5367784063327258
364,0.6784449291798467
365,0.457298085910841
366,0.6350197048458209
367,0.5456341242299662
368,0.5062022598203094
369,0.44794114709986926
370,0.47341697066735283
371,0.4132899262849151
372,0.4541258898322842
373,0.42213946228850463
374,0.7887988762546312
375,0.3139756971732036
376,0.46559947870153395
377,0.5332840743165597
378,0.609522272928205
379,0.5839303274488461
380,0.5151869995133878
381,0.486858385462637
382,0.5604445865302845
383,0.53111343622702
384,0.5522039256167178
385,0.5240912620326956
386,0.429506458691024
387,0.295084945176802
388,0.5872085609776934
389,0.6225663310083522
390,0.5429422175722044
391,0.5308095591945873
392,0.672012339415075
393,0.5780030646095338
394,0.5383034174560258
395,0.5194052951300336
396,0.3684240128850288
397,0.4827838929084253
398,0.541861591777849
399,0.4771596640052089
400,0.49569431114461043
401,0.6861544774955822
402,0.41520847548189066
403,0.5476893412190733
404,0.5448016354055444
405,0.39043943889848876
406,0.40504507902086107
407,0.3732849333322773
408,0.5525098784110875
409,0.4980548039753801
410,0.4480570607131902
411,0.38412720403354816
412,0.5880129510234208
413,0.5014186785131096
414,0.5448680085261887
415,0.4767020109644018
416,0.4615235377126661
417,0.5942759114811189
418,0.45063491245810416
419,0.3452387198024802
420,0.5237719585735264
421,0.49773691283343463
422,0.42842453267725716
423,0.49743373404046914
424,0.4809120789130889
425,0.41261005514328597
426,0.39337007309602445
427,0.33740417893970753
428,0.6794199022083891
429,0.5958547762239949
430,0.5186169737045162
431,0.5826323413572467
432,0.5839807352144354
433,0.4980831849417638
434,0.4904247920561431
435,0.5125528976400914
436,0.6334067515198257
437,0.4971754661530437
438,0.5920670207194769
439,0.5740719451492334
440,0.6304065011293213
441,0.42490325804602225
442,0.40955610079323335
443,0.5140671115860672
444,0.5344576789818608
445,0.4378681838170949
446,0.5000166055074856
447,0.41391426670442744
448,0.4963716650881533
449,0.4021396982969888
450,0.4787827680298897
451,0.3399472916641931
452,0.40126543007496634
453,0.598315653954851
454,0.4987393686900521
455,0.422348627988592
456,0.530567777424518
457,0.677352078388914
458,0.4991165172911866
459,0.4989331687841277
460,0.5624206712992785
461,0.47710378402181736
462,0.38775694821865403
463,0.7141282048894139
464,0.6737582801270352
465,0.3903797894554769
466,0.4044458619912781
467,0.5035556202028723
468,0.5047328630419733
469,0.5874541790801163
470,0.4733268255887714
471,0.7014778623342298
472,0.524767647292978
473,0.6852606564338526
474,0.5753721447820765
475,0.3490529111576731
476,0.5325633626394599
477,0.47128428800235456
478,0.6220801547202741
479,0.6314581778975673
480,0.4147649636835766
481,0.4053969076879965
482,0.5839859966482324
483,0.6182155820838218
484,0.5236374106847295
485,0.784887791007999
486,0.6307195492648664
487,0.5393627190772928
488,0.5207720715220486
489,0.6368067095354489
490,0.5849719661121643
491,0.5115597781927718
492,0.4653004762009188
493,0.26164166709806447
494,0.5202938010643655
495,0.522011270642815
496,0.5067152003203557
497,0.6284003380729185
498,0.5265131091614823
499,0.3305669740989137
500,0.7529267534965922
501,0.4952784216543517
502,0.46467978776071
503,0.5401891662270906
504,0.5515698408655969
505,0.5099095176443872
506,0.5151716769861899
507,0.5109050277261846
508,0.4407524914050044
509,0.6404048761010008
510,0.486286918755982
511,0.47071557856262847
512,0.4922234332607653
513,0.529538998847396
514,0.581940829773897
515,0.40955886627989213
516,0.29186315864313167
517,0.6940683471514423
518,0.38962822862515356
519,0.49773538803001627
520,0.27159067428835126
521,0.5869859487107931
522,0.5731592063211969
523,0.5721009534912146
524,0.4900348589767065
525,0.3767437828739031
526,0.48444582924369145
527,0.47037682277789006
528,0.42801712707569384
529,0.4349433728814679
530,0.4915121838935306
531,0.7196263321702674
532,0.4272072284459719
533,0.5440040411982852
534,0.5064335295938174
535,0.44156941941674027
536,0.57290773777322
537,0.4829763651433735
538,0.5272815270106743
539,0.54816972709935
540,0.5192599635907669
541,0.48530624364099867
542,0.42902584939305366
543,0.5386817019238849
544,0.5738721987282092
545,0.4433428138984794
546,0.5049734593364802
547,0.6489898672162183
548,0.4764188293245465
549,0.5696199553765882
550,0.4167264804638874
551,0.3797989569991553
552,0.7728346639715538
553,0.4409915273076772
554,0.495845123802794
555,0.3572803568652529
556,0.43708886450686263
557,0.5171948409687409
558,0.7613563772444507
559,0.3946831825765171
560,0.3549552298139729
561,0.6018207060406264
562,0.4487127776374851
563,0.5543565592131768
564,0.496620332654847
565,0.5026285235339422
566,0.5339165067028538
567,0.4253504975924698
568,0.4011776426061938
569,0.44505508159684687
570,0.38410047780036516
571,0.4869026703069221
572,0.3594666127008667
573,0.4873561638596443
574,0.5572125511406117
575,0.5866913902666581
576,0.5140113872978843
577,0.5415939258693426
578,0.4795005123840561
579,0.6944236132127426
580,0.4552077987858686
581,0.6231752931356034
582,0.47170497125024113
583,0.4682317082243138
584,0.5169305557161281
585,0.45252973715181694
586,0.4557726724435549
587,0.5171813605957225
588,0.6196510071567488
589,0.5426005131651337
590,0.633021547874378
591,0.4215484832826787
592,0.4038442918203895
593,0.5685801360291675
594,0.5959840694357517
595,0.44776091686834973
596,0.4959024720638304
597,0.7460760273687002
598,0.6148776960678298
599,0.4652757801549501
600,0.5206865653731721
601,0.4318564281745281
602,0.545934453938834
603,0.4734373089235601
604,0.5334013187969977
605,0.4534669730296096
606,0.44682260343901736
607,0.497892753701223
608,0.367468169048728
609,0.6189728313323529
610,0.4235919525869445
611,0.49132790362864226
612,0.47749735186198006
613,0.6186995847655281
614,0.4787197123589151
615,0.5400771718457711
616,0.4046671205536411
617,0.6000218241438207
618,0.4992393844202574
619,0.5495585056332445
620,0.41461652982886393
621,0.5074729084876
622,0.4962547591810111
623,0.5813770965267419
624,0.47291776449389533
625,0.3536323323191719
626,0.5984164592149107
627,0.4999392594239512
628,0.4727025980461552
629,0.7336155876116602
630,0.26848114089770425
631,0.5674476438367
632,0.6457521474148002
633,0.45448186717852973
634,0.5673846899279689
635,0.5456131377734201
636,0.5986023414972287
637,0.4755180019302218
638,0.37597633721182705
639,0.575163444132038
640,0.4909957724298149
641,0.5831767884900563
642,0.48761554989497546
643,0.5597108293535813
644,0.5443057424232235
645,0.32641733086401836
646,0.400099721107811
647,0.5619432980626664
648,0.43341338528290574
649,0.537068874695275
650,0.35996939950018925
651,0.4389762662442175
652,0.4539716224463398
653,0.5861103815240083
654,0.6585434053723623
655,0.7127648962976725
656,0.47635453915259385
657,0.6193025117372994
658,0.48213501385572105
659,0.5943622648809848
660,0.4420851351984683
661,0.48465864676700726
662,0.44217327680111695
663,0.44683899351719514
664,0.5678296212672799
665,0.4438415259959789
666,0.4714415488841497
667,0.4663721660227837
668,0.4803647761159362
669,0.4455722324350799
670,0.5403105822384975
671,0.4958923743298441
672,0.39962835902610067
673,0.5512599414192927
674,0.5781523950294194
675,0.4539836962101593
676,0.4513149809753413
677,0.4359387438526541
678,0.4953707539055749
679,0.4515808940697943
680,0.50271356561491
681,0.5791650488347079
682,0.48321808158456875
683,0.7072224777847423
684,0.4027170995351499
685,0.4915685765979392
686,0.36853459465684085
687,0.6073360220397849
688,0.7498117048796661
689,0.400893887908182
690,0.37526056421156845
691,0.5372378387386731
692,0.4814197654522196
693,0.4193067753495013
694,0.48433376681898727
695,0.4963311697133132
696,0.40265372670440613
697,0.4592741600545257
698,0.43992751553334375
699,0.5126243843345627
700,0.38497370492852845
701,0.5287953204490639
702,0.5125204898148092
703,0.6574337630731671
704,0.48623124469393886
705,0.5075332179987219
706,0.47334572387158524
707,0.31785569614790277
708,0.3542578513517516
709,0.546448697826951
710,0.4773375026066511
711,0.473928985098271
712,0.4269280837604558
713,0.5021881142527631
714,0.39109537444321535
715,0.5058740120308943
716,0.670777614576986
717,0.43077072008939304
718,0.4812272864829655
719,0.500390688623749
720,0.44524631948621074
721,0.5671160925832334
722,0.45001754419354884
723,0.5205398817296916
724,0.42785251352837667
725,0.46516675894340204
726,0.3685738695381089
727,0.5326522818127845
728,0.4779229320730904
729,0.28962679062101787
730,0.5262556665018451
731,0.5000422436607034
732,0.6426072945915926
733,0.3611841082525363
734,0.5246288539459348
735,0.4538332887876946
736,0.6799546003336718
737,0.42310511753532903
738,0.6017450536566502
739,0.6774433467385165
740,0.5159142844869463
741,0.5018521789261826
742,0.490056539663252
743,0.5166822564913613
744,0.4600281183739818
745,0.5773328603817975
746,0.5542355305466421
747,0.7017952151831113
748,0.5213201626807856
749,0.28812464557170014
750,0.41926349733011214
751,0.4879636012173907
752,0.550143590890418
753,0.697579420565454
754,0.4369433890512842
755,0.6347426561920755
756,0.508031748410853
757,0.46435932387409645
758,0.550935524518295
759,0.6948547066938646
760,0.5564605806872949
761,0.4997859467241591
762,0.4967888160017391
763,0.41589017039395415
764,0.4322917681782332
765,0.48765974334109785
766,0.39134246238394466
767,0.6882757463695633
768,0.45962820084994827
769,0.4755537212396623
770,0.4361248709544449
771,0.638626571566391
772,0.48824926234612065
773,0.5673645428936992
774,0.5327114764627182
775,0.5277024553485892
776,0.48774208762546956
777,0.5093523163527187
778,0.5212413700646931
779,0.5117229772275462
780,0.49695532657276625
781,0.49829815314335385
782,0.41549881931640387
783,0.5259546129451182
784,0.5056129833681451
785,0.595343641724244
786,0.6033519603212426
787,0.46833876489453724
788,0.4812800626143843
789,0.46234308307684413
790,0.45552105338467197
791,0.6513162291729444
792,0.633778550907732
793,0.4570857022953879
794,0.35563478253745595
795,0.38724811800150916
796,0.4600114043967211
797,0.580179562555736
798,0.4635497819448774
799,0.45967911712755677
800,0.3633752604320543
801,0.6501576410379647
802,0.5006827055968351
803,0.44863243404382097
804,0.418637317952153
805,0.681779833996165
806,0.6439261614690452
807,0.7106727830163934
808,0.42191950630089
809,0.5336232623826079
810,0.4862421203451803
811,0.5754578147628286
812,0.528149171779985
813,0.5297589667546415
814,0.4092546226072442
815,0.4734092964456103
816,0.4637766057331869
817,0.468092202004664
818,0.49497548280427006
819,0.4136176551649552
820,0.47721295767801664
821,0.5094108494511356
822,0.5421182439821236
823,0.6641080457449038
824,0.6255468203804362
825,0.5632750380075919
826,0.5394914615629877
827,0.36448761514005695
828,0.37534885697794934
829,0.5251530444673718
830,0.4019611195568317
831,0.5481240600050072
832,0.5293426856347633
833,0.49973855879914103
834,0.544664793361868
835,0.6247558814436098
836,0.5040157983848969
837,0.5766373081701116
838,0.5229688921093746
839,0.3993178360165451
840,0.5989903900718876
841,0.6162310105314986
842,0.5680242165556668
843,0.5336857102164212
844,0.5631327424544099
845,0.5358714244851539
846,0.5603080666615546
847,0.6074768068186324
848,0.4392850727204078
849,0.45890730224773774
850,0.4729314732103106
851,0.5936247718969712
852,0.40989953149431063
853,0.5021169208432693
854,0.5063528276530764
855,0.41214517587692034
856,0.3455767222905587
857,0.42627090914478116
858,0.5636959853701655
859,0.5787223474884526
860,0.627404872523422
861,0.531880111301122
862,0.4419104797149251
863,0.43901485647915656
864,0.5510904243740227
865,0.5297568829184306
866,0.5227609433967317
867,0.5621778987501074
868,0.6428156423571482
869,0.4690111333689213
870,0.5119541325293935
871,0.6244077155049776
872,0.5209343714422405
873,0.5285965311551083
874,0.39006002015661845
875,0.6362875724607631
876,0.5247236820270684
877,0.5444812151526505
878,0.5703322565609596
879,0.4754351214255227
880,0.5263013692365376
881,0.6295217679942399
882,0.5098906634455207
883,0.4817086729593416
884,0.4670962502043396
885,0.5042890911244285
886,0.46024990497338175
887,0.5229741743713145
888,0.35814456094345826
889,0.5122001532381815
890,0.7020291721012578
891,0.5539358585158651
892,0.5502192874004068
893,0.4568998478609961
894,0.4339825457140173
895,0.46991447591167046
896,0.5288584849715632
897,0.46079703962691837
898,0.4894033834506214
899,0.5830023839814277
900,0.5101478958943394
901,0.47839170197389785
902,0.6045925909346549
903,0.563194332872433
904,0.502880042584406
905,0.5499616145026245
906,0.5321569850121554
907,0.40616325609414583
908,0.4640716951038789
909,0.6003750404390105
910,0.582320448813994
911,0.6567934879469084
912,0.5661988000721442
913,0.5934957866199655
914,0.5973363222255684
915,0.4066777301370584
916,0.532514924990748
917,0.3828869448720167
918,0.46587583504972235
919,0.3873111646683297
920,0.32936979930126903
921,0.4365002356078003
922,0.36335784811814065
923,0.5675322539955324
924,0.374439152715053
925,0.39411479321983367
926,0.5264835038040686
927,0.42723246356344996
928,0.37070178633534523
929,0.41894938426072464
930,0.5514286392627915
931,0.4171179816857528
932,0.44561305602735246
933,0.514668342352603
934,0.863025388895073
935,0.5247547936206945
936,0.4341321045343284
937,0.44007019143462317
938,0.5222820352197767
939,0.5560691584168812
940,0.5318634696336905
941,0.5330173500352139
942,0.3608087307917874
943,0.5520505077829134
944,0.5313915480175516
945,0.4697268970114242
946,0.6508800225744542
947,0.5015355243927184
948,0.541050657964196
949,0.7900174476478288
950,0.527983388820439
951,0.3493418253646556
952,0.42533607169965315
953,0.6837202235057432
954,0.4387390386613229
955,0.5977365822395615
956,0.31440648207258454
957,0.4407534732586329
958,0.5584324952754552
959,0.41148527220764286
960,0.5105524755519536
961,0.47284624168355127
962,0.30932264293481776
963,0.504469826076592
964,0.5121806950341324
965,0.3713233333981236
966,0.4381849760557654
967,0.6380132648466782
968,0.4531381586559613
969,0.5344709470008833
970,0.5292065735005123
971,0.4647417328321856
972,0.4793468492289096
973,0.5395869309827203
974,0.5908024818340514
975,0.5826516750180571
976,0.4429463485362331
977,0.6649991267187636
978,0.5410871208841167
979,0.4975066003824009
980,0.3927688781474152
981,0.6416394206942996
982,0.5951336776556907
983,0.3728622800029989
984,0.7754245403251436
985,0.5888383026330921
986,0.5203877521810765
987,0.4852652032782807
988,0.5986747581931292
989,0.49661227636912875
990,0.4523853378426688
991,0.36319268906639823
992,0.3550020227031836
993,0.6667508215522988
994,0.6014955915239071
995,0.4924525965781079
996,0.5729985674278026
997,0.43958073430545935
998,0.44760283199916495
999,0.6133653784440298
1000,0.5220421269047926
1001,0.47841001457948995
1002,0.5592505201540866
1003,0.5022626140946537
1004,0.5207374640291812
1005,0.6567791709157424
1006,0.5596976904080422
1007,0.4964169111882107
1008,0.6108081769263404
1009,0.5303238272075008
1010,0.35249454542589176
1011,0.6166578947726121
1012,0.45146029423795786
1013,0.4313080196293545
1014,0.5196153540667573
1015,0.4671819853116815
1016,0.38438553503996364
1017,0.6379361510207933
1018,0.35674162410759697
1019,0.5869888578504614
1020,0.4103031518495313
1021,0.45355391243164295
1022,0.4612354232553011
1023,0.451946346039093
1024,0.41171189175334016
1025,0.5712874652801192
1026,0.5476677650332203
1027,0.3735381359646376
1028,0.5821072565292398
1029,0.5691762947222772
1030,0.33130066178254247
1031,0.4785361967107916
1032,0.42840999858249484
1033,0.6436367549181122
1034,0.5478051799684897
1035,0.3874513851387449
1036,0.5622144477534343
1037,0.29051739826908807
1038,0.40219908391345316
1039,0.4888494460634608
1040,0.6015647583286199
1041,0.46227166872151
1042,0.4787422050411861
1043,0.4716442064200935
1044,0.5243098610847801
1045,0.6748344423518338
1046,0.5779517213858052
1047,0.5768010021648039
1048,0.5461983965637583
1049,0.6305074578519029
1050,0.5608207488689746
1051,0.4870693561523643
1052,0.4039547825549513
1053,0.5662853416183238
1054,0.4180212968876638
1055,0.6833325350168369
1056,0.4003113009101751
1057,0.5472377694147867
1058,0.572762077263989
1059,0.5475110282186012
1060,0.4213863558701088
1061,0.5148538869747379
1062,0.4837042598049485
1063,0.5538263544451018
1064,0.4540885213966841
1065,0.4673373375730726
1066,0.6079353419288652
1067,0.3828723963807543
1068,0.5463968761290418
1069,0.6399845149855693
1070,0.5224896508650837
1071,0.4732981658448574
1072,0.2950605397151507
1073,0.42507573234352
1074,0.6009121939327614
1075,0.40333880607873307
1076,0.4123053897954348
1077,0.5335234015886852
1078,0.4653805508605129
1079,0.4241122286326615
1080,0.484130154975906
1081,0.4747866293904823
1082,0.4690561131461215
1083,0.508236328501613
1084,0.5723847175783994
1085,0.5718743899004268
1086,0.5728761135681002
1087,0.7066686311304553
1088,0.4461480999994371
1089,0.47492357021540593
1090,0.43246714781730433
1091,0.4646367596964636
1092,0.6163202318594106
1093,0.5100227581301362
1094,0.36394055816997106
1095,0.6514477866760074
1096,0.575977056972102
1097,0.5047891316272552
1098,0.5494099349887318
1099,0.4001627337554259
1100,0.4980783206918576
1101,0.5014396002936563
1102,0.5213355811038215
1103,0.4746976087574876
1104,0.4156071577902975
1105,0.5560600348610792
1106,0.5931624991890285
1107,0.43888204189781344
1108,0.4334418861919483
1109,0.5858706997191733
1110,0.6223528953586344
1111,0.5583234501979936
1112,0.4284615331059374
1113,0.4944903849282538
1114,0.3862239491575009
1115,0.40978220848454683
1116,0.4948599386088256
1117,0.5726462539588225
1118,0.3704130714657209
1119,0.4280090942828001
1120,0.4577569644692967
1121,0.6313585182263243
1122,0.4584745159109434
1123,0.5274652432851904
1124,0.4980097065115487
1125,0.4505025763089618
1126,0.5183957375719958
1127,0.4341088337992639
1128,0.3795797479107471
1129,0.5767969743801289
1130,0.5207705079332544
1131,0.5736869983490323
1132,0.5144080836342407
1133,0.376285075497809
1134,0.4346363478503651
1135,0.5165471171196286
1136,0.7139407929368253
1137,0.4566342950099166
1138,0.5835838420020392
1139,0.6035418053716219
1140,0.5889308933587295
1141,0.5986678642714195
1142,0.4282582799405836
1143,0.2977797154221481
1144,0.5444164894291591
1145,0.5191799316768736
1146,0.36427250769436503
1147,0.5627841643646799
1148,0.5466214642427787
1149,0.4575708373559098
1150,0.4989615063587318
1151,0.4648482311128226
1152,0.39651547469102205
1153,0.5254835189004204
1154,0.5394093101306137
1155,0.2998863230497628
1156,0.4710094950263018
1157,0.5419678585446046
1158,0.6084937577320484
1159,0.4938675806092887
1160,0.7241061894339125
1161,0.2486334655538714
1162,0.5357622793724878
1163,0.49150190078849443
1164,0.55097252992226
1165,0.4442797583932415
1166,0.3995061409399666
1167,0.5298684017553016
1168,0.4195374547716392
1169,0.5216405287011306
1170,0.5547954074837418
1171,0.5382122255616069
1172,0.6648595715897051
1173,0.5407178503597684
1174,0.37442354312340625
1175,0.45559229526338596
1176,0.49676788019463197
1177,0.4076886561025306
1178,0.5274383413769363
1179,0.27910196268891047
1180,0.47517619921104765
1181,0.4387893720031262
1182,0.4922606349265249
1183,0.48606293432819325
1184,0.44648611379848413
1185,0.5806776942521346
1186,0.42518937401558704
1187,0.5728144258126836
1188,0.6259255890222004
1189,0.3569421938065403
1190,0.2539609865361378
1191,0.42710939791782854
1192,0.5183422794286757
1193,0.517572783596089
1194,0.438672992214561
1195,0.5859673278564801
1196,0.3962243091101137
1197,0.5424239403476195
1198,0.5993174898039254
1199,0.6247209529049813
1200,0.5217162230673185
1201,0.5413406532148742
1202,0.5291736259495372
1203,0.47879053978570807
1204,0.5682790581570707
1205,0.44774717254442276
1206,0.7051926688851012
1207,0.3510957307576657
1208,0.5783663130423874
1209,0.47760704958539635
1210,0.5465416110294627
1211,0.6515801493605582
1212,0.4991258285860674
1213,0.43743849899474274
1214,0.47255705549968124
1215,0.4069083477604138
1216,0.4616767176837891
1217,0.6199359297087703
1218,0.6028078696476751
1219,0.5407333498162218
1220,0.6460739709934777
1221,0.5928311099779929
1222,0.47959586924709685
1223,0.43587635193570606
1224,0.4998286766813739
1225,0.5886656015291822
1226,0.5264921687837918
1227,0.43610992096971485
1228,0.39200762663864075
1229,0.5116691843823967
1230,0.6338561364073564
1231,0.5120781682127739
1232,0.5257462767083799
1233,0.4286525303651001
1234,0.4298102141498749
1235,0.48501350716875485
1236,0.5719556998381552
1237,0.5660981416197575
1238,0.43813016596302173
1239,0.5861979858059669
1240,0.6455257124143718
1241,0.6509196393438486
1242,0.5253753777329652
1243,0.49271917703367213
1244,0.5176793688240067
1245,0.4785078438481867
1246,0.5082226619192581
1247,0.49347388676868087
1248,0.5046912062511377
1249,0.46887825402379896
1250,0.4066839572411214
1251,0.6353964487086827
1252,0.45852716734284377
1253,0.3811044167933296
1254,0.4054570805181361
1255,0.4444702576212714
1256,0.5632697342555576
1257,0.4595581331610338
1258,0.5548340329087142
1259,0.5843772760922089
1260,0.5318569685764829
1261,0.4720683768509258
1262,0.4446237031327624
1263,0.5851100349891141
1264,0.48328586598518924
1265,0.5040042734754907
1266,0.5870615900668884
1267,0.4854053680111197
1268,0.4183708288534408
1269,0.5216933994599849
1270,0.503753247513243
1271,0.4724781715422142
1272,0.5012206949020662
1273,0.47952432312145576
1274,0.34230381784747277
1275,0.49922694811359863
1276,0.4528881753918293
1277,0.5563670360388947
1278,0.6165853312071921
1279,0.29831131265819444
1280,0.4764656307716657
1281,0.5786218287136683
1282,0.38720095526033105
1283,0.5072582441856098
1284,0.5042061125183612
1285,0.5167541894665713
1286,0.4158741343884175
1287,0.3176439107793344
1288,0.4860637902705542
1289,0.59580792917142
1290,0.6016337060209895
1291,0.5357244572355812
1292,0.3540936588449002
1293,0.5634831016188415
1294,0.4133740614048817
1295,0.5638376789539454
1296,0.5548387774350402
1297,0.4776995526551057
1298,0.6346625407875626
1299,0.4920077510204973
1300,0.5084619429797319
1301,0.4289714329344779
1302,0.3413228062858006
1303,0.47096950816131805
1304,0.40693272167411715
1305,0.4628146196321363
1306,0.4669759432149503
1307,0.49928463114788585
1308,0.5797301886853072
1309,0.42986766631411893
1310,0.5249694847796289
1311,0.5746014391764035
1312,0.49054746838761093
1313,0.47888754406180395
1314,0.4505336484078707
1315,0.5991114879010577
1316,0.4763048276125309
1317,0.3994715993895892
1318,0.5633450581211973
1319,0.6213442557186631
1320,0.5318780571860965
1321,0.6065764019273964
1322,0.5590592871306925
1323,0.6333993179083768
1324,0.4870710921792119
1325,0.48917345729911177
1326,0.345920885976751
1327,0.5480717047661753
1328,0.6323974048358568
1329,0.5305528416881861
1330,0.3350078748150807
1331,0.44129812079603564
1332,0.500302083204564
1333,0.440054414819047
1334,0.47520253340915625
1335,0.4831732337797944
1336,0.6798484084737275
1337,0.5832276986848052
1338,0.5536959017620713
1339,0.542480766566769
1340,0.6236832305711938
1341,0.5035019374972555
1342,0.4175161304583922
1343,0.6001094231277785
1344,0.3274337325939095
1345,0.47234154834916786
1346,0.5610902397370341
1347,0.5141240111793063
1348,0.36848239909624625
1349,0.5073713009784038
1350,0.44510086028913903
1351,0.6291059872126094
1352,0.5594968063154137
1353,0.461332750160269
1354,0.5742336615006335
1355,0.6259461739476224
1356,0.5595871349057058
1357,0.5584673811418699
1358,0.665999160586535
1359,0.5290844650251165
1360,0.6164287831338252
1361,0.6504631666450322
1362,0.38810671591343976
1363,0.5502494441872398
1364,0.7423761822993727
1365,0.5613594959021554
1366,0.353842202128632
1367,0.4069670418795347
1368,0.6334499425840894
1369,0.43172081647592264
1370,0.504324640539757
1371,0.4516567244128028
1372,0.534575400189245
1373,0.4974468833142807
1374,0.6626650989399707
1375,0.5246713250200536
1376,0.41210092124636166
1377,0.5681976004008966
1378,0.6170044794718408
1379,0.5376904528871832
1380,0.5912205619654454
1381,0.48565895034549184
1382,0.5307569457770966
1383,0.4086294699632671
1384,0.4297824882875435
1385,0.4980576839641363
1386,0.5336412527220296
1387,0.6024746482836121
1388,0.43445009605656093
1389,0.3358750888161085
1390,0.46693392182437343
1391,0.5982010751730898
1392,0.5694130760180255
1393,0.5084073350402548
1394,0.5969206172363233
1395,0.5340439604358238
1396,0.5703826021014349
1397,0.4320431975623494
1398,0.4224821151337489
1399,0.6353419129441484
1400,0.4676901738623939
1401,0.36601511924628516
1402,0.4645656647571108
1403,0.44587352985504636
1404,0.6381096404421613
1405,0.40939814161685073
1406,0.6128729275533066
1407,0.5487942524637089
1408,0.49201880176130863
1409,0.47775583230854585
1410,0.5119339372324273
1411,0.5694054844766744
1412,0.5441566471052779
1413,0.4940521908927614
1414,0.5138955195207453
1415,0.4940141895002565
1416,0.5298475246211481
1417,0.44898916000262873
1418,0.6170616552104007
1419,0.510226162730022
1420,0.5748925856840797
1421,0.4241332463031626
1422,0.44918278523020455
1423,0.5782653390317292
1424,0.49571207464421496
1425,0.5888816084155892
1426,0.6123041961603235
1427,0.6011845591204548
1428,0.3641820709268767
1429,0.4492153429553103
1430,0.41049113643288637
1431,0.513878503382987
1432,0.487586227752619
1433,0.6272225729110495
1434,0.5483252920343133
1435,0.475102055956295
1436,0.43453505942534737
1437,0.474126848504144
1438,0.5531534835010995
1439,0.36867792651254716
1440,0.4533236518314606
1441,0.3273161164872631
1442,0.5125909062179296
1443,0.5242367721404124
1444,0.8813215710915834
1445,0.4517315063407615
1446,0.4308635669663227
1447,0.47702330953572303
1448,0.5817400194711873
1449,0.3912175752274316
1450,0.44161452819292046
1451,0.48754451262409904
1452,0.4640183853452563
1453,0.5337368751600297
1454,0.39306725777943796
1455,0.40672323290568974
1456,0.5154318468224239
1457,0.4018342756042857
1458,0.4828558936756147
1459,0.5566316628011108
1460,0.4075069944683249
1461,0.3693409913658042
1462,0.6164368678718066
1463,0.5200579168653972
1464,0.40743738085785614
1465,0.47327788641063645
1466,0.42606997248130846
1467,0.5410253413877686
1468,0.5704289877418537
1469,0.49835824212239205
1470,0.5588896271575402
1471,0.36083753273088726
1472,0.46792431538833656
1473,0.5135886741884431
1474,0.46222900448303306
1475,0.5233530825286485
1476,0.6741000600168809
1477,0.5692690627256827
1478,0.6200626766370081
1479,0.6429400793791116
1480,0.5223062500198894
1481,0.44235834716346634
1482,0.34983435633125204
1483,0.30252535146597737
1484,0.6164926054955002
1485,0.4625786330415501
1486,0.5634202142646548
1487,0.6257581373277856
1488,0.38491109451592087
1489,0.3999075705698502
1490,0.6562551420281477
1491,0.4323650486013121
1492,0.4875542649714
1493,0.483173389971202
1494,0.5544996243436318
1495,0.6999145006296221
1496,0.5451080692135607
1497,0.48358418554273946
1498,0.6849867304233299
1499,0.52647177969939
1500,0.5239394995409674
1501,0.6759039853283023
1502,0.42522594319483753
1503,0.6015476876641791
1504,0.5545277908245044
1505,0.6374628370047601
1506,0.5352575582403512
1507,0.5386145217647865
1508,0.8413161855846618
1509,0.6572408063424988
1510,0.5460546949663848
1511,0.4654039603632027
1512,0.5933206644216376
1513,0.3779025942071157
1514,0.7137690059629089
1515,0.5062263227364531
1516,0.48166205065542667
1517,0.7167648630459412
1518,0.5765495025652481
1519,0.5354138907285684
1520,0.6152048649195372
1521,0.44956715140594883
1522,0.5189176129658071
1523,0.41995854068563526
1524,0.5381662843708428
1525,0.5451208784123625
1526,0.3865800384783245
1527,0.47010499775465764
1528,0.6789343819405729
1529,0.5053391434306277
1530,0.30321063187649566
1531,0.520629493016958
1532,0.34474902417372383
1533,0.47921191788866413
1534,0.5407864908928077
1535,0.3468072581662134
1536,0.48451305697712976
1537,0.6792744573224451
1538,0.46546624841969164
1539,0.48803486489721287
1540,0.7354385006219619
1541,0.6211933484126887
1542,0.6881462700529445
1543,0.6208847637559898
1544,0.6051426750551641
1545,0.5105287038800732
1546,0.5772634102281373
1547,0.3991323861198195
1548,0.4906628842281792
1549,0.5652760298226673
1550,0.4161654004594434
1551,0.5508380597729433
1552,0.5308586019070909
1553,0.568109430032507
1554,0.5423683497169239
1555,0.6011256060867644
1556,0.39356803661981654
1557,0.4545965096836352
1558,0.4835323644928167
1559,0.57374646044843
1560,0.4239511297950124
1561,0.4788190706469232
1562,0.4483981430278256
1563,0.7442759635947453
1564,0.49258680745353917
1565,0.49153204171148585
1566,0.37219330722393285
1567,0.5116596655638551
1568,0.37151911045290503
1569,0.5436269387626969
1570,0.449978399415612
1571,0.48622079061684803
1572,0.4300843476981137
1573,0.4824716172567409
1574,0.524830861844458
1575,0.3749516225946716
1576,0.5285878940380992
1577,0.4753292456967937
1578,0.48309931243265763
1579,0.5462810778261785
1580,0.2739688141972437
1581,0.5299041337825657
1582,0.48594265609910076
1583,0.46466984640591125
1584,0.6458930410967832
1585,0.4541901342629962
1586,0.6720498386677427
1587,0.5215960240289281
1588,0.5455280801322245
1589,0.5138286708725528
1590,0.5409587019092402
1591,0.539236552184705
1592,0.5735566742635112
1593,0.4616405683472757
1594,0.49619622713335576
1595,0.4941620963967035
1596,0.5059347286630091
1597,0.6077630067624528
1598,0.5191965717306251
1599,0.40560584978857833
1600,0.6237953698619827
1601,0.510453014819721
1602,0.46361644397503404
1603,0.7398589732492544
1604,0.37714762905896904
1605,0.46784283462515963
1606,0.6089778534628121
1607,0.5717452422971446
1608,0.5426430849167234
1609,0.5415804812085185
1610,0.4801193735522513
1611,0.5235026145398783
1612,0.4231048285075388
1613,0.44514928514747
1614,0.3911704387741697
1615,0.6412674788775974
1616,0.7523007276537448
1617,0.3761055408911306
1618,0.47155469790223736
1619,0.5751312162806256
1620,0.38414436193652424
1621,0.49388149087381517
1622,0.530272266123564
1623,0.5379624625278011
1624,0.5503600666388138
1625,0.45203356014492385
1626,0.5456965441145822
1627,0.3825337571691172
1628,0.580426156025061
1629,0.4922740415334731
1630,0.554833156264224
1631,0.529204143032353
1632,0.6094067185114737
1633,0.4186511665898157
1634,0.38554108907791407
1635,0.6460702797083224
1636,0.5914167483181553
1637,0.4530978136796968
1638,0.36962703262591556
1639,0.527544499656847
1640,0.5170786152146936
1641,0.5257245820818388
1642,0.3682298143826864
1643,0.5295636333067782
1644,0.49621119744399306
1645,0.5698917923573543
1646,0.44726496011278083
1647,0.5100068477259153
1648,0.4470333298234563
1649,0.5641273932713986
1650,0.6334713960266981
1651,0.498521833401082
1652,0.38411626190780845
1653,0.5724762313192358
1654,0.43831527689029925
1655,0.4274813207891388
1656,0.48688816402102947
1657,0.4601626009054025
1658,0.5366065490230881
1659,0.534018126659434
1660,0.7053763556880244
1661,0.5510531144063914
1662,0.34264999827745724
1663,0.3750474911518924
1664,0.5221633237924157
1665,0.49463347331447677
1666,0.5172593027407911
1667,0.5261944640659707
1668,0.300232541919054
1669,0.4288014459883255
1670,0.4289726752403217
1671,0.4874079794020734
1672,0.4254423887436699
1673,0.5232396171753794
1674,0.3689971126384128
1675,0.54960330205555
1676,0.5835860259099384
1677,0.5586506990508452
1678,0.5414109481255851
1679,0.4217888858240204
1680,0.5756746764676826
1681,0.4659950800442816
1682,0.5699215329486752
1683,0.4952139273694178
1684,0.5706251679064464
1685,0.401080774783252
1686,0.528854520474756
1687,0.5340829000591084
1688,0.4405920283751718
1689,0.5179774496007566
1690,0.4938523665727336
1691,0.4300619862850251
1692,0.3892345236591259
1693,0.5711924491514536
1694,0.5048327719358213
1695,0.5275345568879833
1696,0.5184595546204266
1697,0.5744863399505918
1698,0.49448579765980943
1699,0.4236157600221961
1700,0.5459889997839404
1701,0.5198264595622349
1702,0.4925793512651789
1703,0.4350544477893974
1704,0.4759266559035244
1705,0.4845178828636206
1706,0.4511213940956969
1707,0.6769699852265044
1708,0.5654479715800513
1709,0.5299248464407375
1710,0.5459841848904342
1711,0.5350345924485825
1712,0.4582901591989957
1713,0.35921474122994834
1714,0.5761856331272885
1715,0.555744320701223
1716,0.489829655370406
1717,0.48335478700453444
1718,0.5148404870770629
1719,0.5860237696409684
1720,0.46063329173677936
1721,0.5482638453682634
1722,0.6508838241959652
1723,0.48188662968282464
1724,0.49897620161011086
1725,0.4406195872121518
1726,0.5406067655982449
1727,0.4112646249593743
1728,0.33496964190642475
1729,0.4377383483622943
1730,0.5852815982841059
1731,0.5666981356313971
1732,0.7026768458535808
1733,0.5452652639435291
1734,0.4710536330510218
1735,0.506595013851261
1736,0.42557706449831495
1737,0.38737967042690075
1738,0.47219063062402344
1739,0.5020591118708869
1740,0.8062917210352814
1741,0.4507663366767709
1742,0.3590159522153171
1743,0.4967448031193961
1744,0.49811623391890636
1745,0.5129292001417306
1746,0.5821450574500399
1747,0.3882298924923792
1748,0.48923370617541273
1749,0.6227436745655887
1750,0.5555334862737296
1751,0.5239721685968481
1752,0.6501447099165967
1753,0.497107498424558
1754,0.49567189873434336
1755,0.5075171204402505
1756,0.39163027614528784
1757,0.4671543956727187
1758,0.6661718189013972
1759,0.5921899391534866
1760,0.5504231500149034
1761,0.528331236636053
1762,0.46860294715111483
1763,0.6760594069531325
1764,0.566716685026564
1765,0.4800270295331779
1766,0.4767007546873745
1767,0.6211631849453725
1768,0.6239090887985341
1769,0.43094835679874943
1770,0.5634258219877866
1771,0.5674419041647193
1772,0.27652836792198604
1773,0.49866137869060073
1774,0.47258349060535604
1775,0.5306724970872881
1776,0.5214305950090653
1777,0.5192923563975103
1778,0.3948438615240691
1779,0.44661106842449166
1780,0.5562114610272407
1781,0.48742272810538784
1782,0.47315489060364213
1783,0.5812395532660068
1784,0.4377911141498359
1785,0.6311971694282023
1786,0.5298718841031886
1787,0.4903000027610686
1788,0.40074259288595837
1789,0.43627204974253664
1790,0.6332018142253856
1791,0.6277769600001875
1792,0.6507908440151402
1793,0.49499651002620176
1794,0.32894748280743225
1795,0.4100209685810252
1796,0.620523271835176
1797,0.522585996375873
1798,0.4683697281227938
1799,0.3084973058528675
1800,0.5731474068484589
1801,0.3766464172477796
1802,0.4783042965873729
1803,0.670859104412344
1804,0.49612038115892515
1805,0.44009183674167024
1806,0.4930985764961597
1807,0.4616515204864277
1808,0.47428976936003875
1809,0.7256529387101841
1810,0.4260565708110714
1811,0.36402339536240813
1812,0.3363344193327581
1813,0.4087264464214075
1814,0.5829558968916229
1815,0.437526691828654
1816,0.37657444803828677
1817,0.6149153619072406
1818,0.4725743438439198
1819,0.662681932191981
1820,0.6107707645576776
1821,0.4104915082625157
1822,0.5659047095803227
1823,0.5456210240444271
1824,0.5072160429088127
1825,0.4909604355076799
1826,0.3662036314817179
1827,0.47637923416465133
1828,0.5262895484496306
1829,0.6912447561472352
1830,0.6883711846408092
1831,0.5064689352252265
1832,0.5169027902135003
1833,0.540270797598799
1834,0.36096694430089465
1835,0.4342540639741413
1836,0.6165552297367376
1837,0.6084885195015416
1838,0.6577832802541472
1839,0.5880873673498039
1840,0.5785958428046192
1841,0.5924261701071433
1842,0.34739843954221417
1843,0.49538308025658107
1844,0.42316109590894246
1845,0.6751496832482398
1846,0.576471894747412
1847,0.43112693394736956
1848,0.5505158381281151
1849,0.42954763783186445
1850,0.5769240249071668
1851,0.38975748680494643
1852,0.522373298932985
1853,0.5552977631180719
1854,0.5979643839221586
1855,0.42274980641474347
1856,0.38012260510981044
1857,0.6128348471720777
1858,0.4041201508040807
1859,0.43662574182068875
1860,0.47712196668604395
1861,0.5880516474356654
1862,0.5415631046197759
1863,0.5421749527754142
1864,0.4004791466132158
1865,0.5550865446902487
1866,0.3889911346114016
1867,0.4162327266463342
1868,0.3848106797841412
1869,0.5235802156308633
1870,0.5442495428053594
1871,0.49943056280824283
1872,0.4591664645708471
1873,0.5174825384536477
1874,0.46335553428184223
1875,0.5106883184005236
1876,0.4917933192577541
1877,0.44284634387418553
1878,0.5112046453804299
1879,0.3619317012426353
1880,0.506971412869837
1881,0.43361453439456976
1882,0.6637771745533282
1883,0.3034342991137745
1884,0.6148737945913334
1885,0.401535884422367
1886,0.44924427846526493
1887,0.5455966528700518
1888,0.5802804956815455
1889,0.5687445157296703
1890,0.5120307783714345
1891,0.4364133257755455
1892,0.4099625570589809
1893,0.46974853156722385
1894,0.4531253745874241
1895,0.3750881826734222
1896,0.5205416003605413
1897,0.6122005535686416
1898,0.562895102091947
1899,0.37060898261013786
1900,0.4162112813185631
1901,0.520498116498415
1902,0.5697716021168666
1903,0.4957814518902564
1904,0.63105246402773
1905,0.5643713785010855
1906,0.8146491554797556
1907,0.6404697917970332
1908,0.40055907920292966
1909,0.44338957702537135
1910,0.49927688986502117
1911,0.48308995562341284
1912,0.5342208694271772
1913,0.48408912746933275
1914,0.4626530930646459
1915,0.5692227152551578
1916,0.4936010871195026
1917,0.5310858232534138
1918,0.3511408830616211
1919,0.47561965227085795
1920,0.7626876152233966
1921,0.3917183999442026
1922,0.5749520641247703
1923,0.6743529884389587
1924,0.4764349450899358
1925,0.6658861153441816
1926,0.5957154295349789
1927,0.5281165512971759
1928,0.4789581335399251
1929,0.3981721340115838
1930,0.47452702235836175
1931,0.5188686329952528
1932,0.5692111423885811
1933,0.6687404862499644
1934,0.5491786683000685
1935,0.6681236495558849
1936,0.5719033012679221
1937,0.49806172123638653
1938,0.4922537687329017
1939,0.5289050546624061
1940,0.4194852448655364
1941,0.65171637015022
1942,0.45905986939373067
1943,0.5968944507573516
1944,0.44779661040558355
1945,0.5146419784020863
1946,0.5483269512171322
1947,0.4784980319610173
1948,0.6923974829974013
1949,0.584652062817545
1950,0.507539638257179
1951,0.6477561958894793
1952,0.4689763603632624
1953,0.3085838328644289
1954,0.5480387550146392
1955,0.5864983487425481
1956,0.5332928228184621
1957,0.5388565646469461
1958,0.5435073257850299
1959,0.6395902041111671
1960,0.48731239204518384
1961,0.49059467250412303
1962,0.43666898620072336
1963,0.538387480157495
1964,0.5121019751771985
1965,0.5673535926938176
1966,0.5602001072359069
1967,0.39413433583639207
1968,0.4283844498327121
1969,0.6392051813038582
1970,0.4486280862111673
1971,0.6342188182761996
1972,0.40955632473688103
1973,0.5262726691812912
1974,0.5667749496102195
1975,0.5791381135253164
1976,0.36177337761311945
1977,0.32164075478939186
1978,0.5231993452272693
1979,0.6512721097206644
1980,0.5076398952906581
1981,0.535508946684779
1982,0.6656383575960508
1983,0.5768752830798869
1984,0.5397936161483756
1985,0.5457868157145863
1986,0.355599400237542
1987,0.621950050342278
1988,0.5538211268325193
1989,0.5273251752843262
1990,0.3762235274015606
1991,0.4827603483567797
1992,0.6209301460948391
1993,0.5573776645538682
1994,0.4740961854922018
1995,0.7166217798020018
1996,0.43641152675277595
1997,0.5302316543834585
1998,0.502045789342578
1999,0.43381616077542196
2000,0.5364557235527072
2001,0.5894915605014168
2002,0.579903610555516
2003,0.41005676004566133
2004,0.43717018757576803
2005,0.4258505170661105
2006,0.45843347890547964
2007,0.5475463192638687
2008,0.36851981540158635
2009,0.5270670727278152
2010,0.4550889761343501
2011,0.37013231256040885
2012,0.4775287000972461
2013,0.47338978080455074
2014,0.6316578401641012
2015,0.4708130627388423
2016,0.6020615256735001
2017,0.660881833145745
2018,0.4376059969233825
2019,0.4391132618468706
2020,0.6437920491291796
2021,0.601448675076139
2022,0.4615104734873414
2023,0.40354876849318955
2024,0.617771370656605
2025,0.5435326177080613
2026,0.374054068663767
2027,0.4097438451930552
2028,0.4492227263522876
2029,0.4754528768878689
2030,0.5267907880278474
2031,0.6541886055561079
2032,0.52313574225558
2033,0.38925057727166523
2034,0.5111749207616514
2035,0.5475405421287757
2036,0.6585381719095655
2037,0.34559745588601787
2038,0.42302720786342274
2039,0.7386293882317058
2040,0.4519018190081169
2041,0.5502229579333567
2042,0.4576132202943551
2043,0.5849925741073094
2044,0.5420609762256413
2045,0.5875220914169305
2046,0.6699862675296778
2047,0.491943653197898
2048,0.47545835401930187
2049,0.43272721010085036
2050,0.43502226149299517
2051,0.5094459208910873
2052,0.5439089193296331
2053,0.4795563258805154
2054,0.40815904754496424
2055,0.3600019870637653
2056,0.5124826484756609
2057,0.421535945271261
2058,0.418302327449339
2059,0.5400783330947827
2060,0.5232890211663719
2061,0.4654814904659537
2062,0.4817371569311411
2063,0.5411739821365672
2064,0.5262667111562098
2065,0.5231430279356789
2066,0.40485460986278016
2067,0.5157475827042564
2068,0.5548027785666094
2069,0.45311300541486627
2070,0.5567825563448219
2071,0.5122550638744191
2072,0.5023666630683551
2073,0.43944704606760826
2074,0.6026271153992133
2075,0.48167142872012714
2076,0.534794728862536
2077,0.3514556887346082
2078,0.4711871447243538
2079,0.4344246328262227
2080,0.45496525082298817
2081,0.6144411484245643
2082,0.5678452294983873
2083,0.5416861414966843
2084,0.540472486906868
2085,0.6426210925703881
2086,0.40279703838473413
2087,0.6244680500784354
2088,0.5084899223165371
2089,0.5125839203936455
2090,0.5096293849794548
2091,0.5074655963084991
2092,0.5633391459713895
2093,0.5813635053627939
2094,0.5016547204930893
2095,0.513562248347938
2096,0.4812319601890317
2097,0.646103060773299
2098,0.538101239289014
2099,0.6189061783274419
2100,0.486282092856041
2101,0.47424187423593955
2102,0.4784647462881553
2103,0.34443128758201985
2104,0.6955453274439076
2105,0.3730659398040421
2106,0.5181329119801644
2107,0.39947628093465315
2108,0.4332404840078185
2109,0.5304527665815943
2110,0.4388878194771353
2111,0.3931062487467278
2112,0.474172252751452
2113,0.37980729806037744
2114,0.5761414715111681
2115,0.5872199545971044
2116,0.3118861698496204
2117,0.47997303547103
2118,0.5730004450818195
2119,0.40218657451966366
2120,0.5224365109884591
2121,0.5604830400185016
2122,0.4630325429765741
2123,0.573618824498836
2124,0.6102476392112424
2125,0.45563459775543935
2126,0.4666146741558788
2127,0.6415424078061244
2128,0.45071043163216273
2129,0.5033730802487134
2130,0.40355196723950626
2131,0.4138567800994158
2132,0.6155385223793828
2133,0.3263141387018891
2134,0.4124362724059785
2135,0.5902646137765017
2136,0.637257291651644
2137,0.4721219809309656
2138,0.40778197744727507
2139,0.6385611067877129
2140,0.41933636605557156
2141,0.5863955360256509
2142,0.5691796490255449
2143,0.5536724509700778
2144,0.5489842627741626
2145,0.5387587863339751
2146,0.6331227169127358
2147,0.5564580107955235
2148,0.5646243087033385
2149,0.5001269897949802
2150,0.5859983770859402
2151,0.537892044035254
2152,0.4960122848387374
2153,0.47839025147437914
2154,0.4202494563607421
2155,0.5960775118627557
2156,0.4229175006407072
2157,0.5358268968608393
2158,0.5363924149004061
2159,0.4982413354980717
2160,0.40724863449921156
2161,0.4907320020649838
2162,0.25763441196362863
2163,0.5634070579858306
2164,0.5966440202951995
2165,0.5105830271610631
2166,0.4868632121412993
2167,0.44195598606003494
2168,0.6034811535342526
2169,0.5326428057128484
2170,0.5655121249189122
2171,0.4909240084200951
2172,0.5208012856772459
2173,0.4368825234745302
2174,0.7689393811623821
2175,0.5541007941146764
2176,0.8115405271770898
2177,0.4191326178436407
2178,0.6317561931526915
2179,0.5066856672658852
2180,0.6033571438116213
2181,0.3454200527604689
2182,0.5952461101269555
2183,0.360910081911056
2184,0.5894687163792951
2185,0.380434577087727
2186,0.5250213620182167
2187,0.6638415758261471
2188,0.5198438042299276
2189,0.4193358961535243
2190,0.3987237497184186
2191,0.625369964946622
2192,0.6480111776832818
2193,0.4174172257506726
2194,0.46361691744835193
2195,0.4809933363284815
2196,0.3738442399406116
2197,0.3416998472708874
2198,0.5023756264005735
2199,0.47055637866986894
2200,0.640175922631826
2201,0.33483054318679484
2202,0.5820437452033838
2203,0.5031867653574627
2204,0.5605543376318899
2205,0.5918313923175372
2206,0.5197304750738208
2207,0.5031022617124083
2208,0.4635352702179484
2209,0.5590892692437115
2210,0.5166176781153466
2211,0.413581882505492
2212,0.3794761329932635
2213,0.7046728814481991
2214,0.4454653853465267
2215,0.511193643822291
2216,0.5092635240005993
2217,0.4276688219730842
2218,0.3622658486599114
2219,0.4270635373724361
2220,0.4624148414304953
2221,0.5212403123251497
2222,0.5109731292401841
2223,0.5075154345108085
2224,0.6086880135463684
2225,0.5359089820095172
2226,0.3563376264069046
2227,0.4742938229948681
2228,0.6320022428295986
2229,0.5288730415225157
2230,0.6503114679582636
2231,0.4009234688838244
2232,0.5346143463791024
2233,0.5715024440614361
2234,0.4655821227781717
2235,0.45173445064125867
2236,0.4712925310624396
2237,0.5898531343398347
2238,0.4896817955414501
2239,0.745065002071382
2240,0.6241753916236952
2241,0.47675894254091133
2242,0.5277771072932765
2243,0.5427347660669622
2244,0.29874307688350055
2245,0.4857028845711628
2246,0.47919705229800036
2247,0.5241734094272141
2248,0.5374728833173466
2249,0.5863979562552338
2250,0.3508403208561164
2251,0.4229834638029041
2252,0.4961118890722467
2253,0.5604241783901017
2254,0.5118047915583591
2255,0.5499302442129799
2256,0.5851124318214485
2257,0.47010638171719277
2258,0.5148025782550157
2259,0.413922579604315
2260,0.515533438864302
2261,0.44951038979940083
2262,0.3722935517897602
2263,0.46974109191761043
2264,0.6189424664914918
2265,0.4836232685213175
2266,0.6187395197195934
2267,0.3592521324945043
2268,0.4413771958492754
2269,0.5014130497502439
2270,0.4383795450375002
2271,0.5337709057262591
2272,0.490403156911921
2273,0.4471474382025564
2274,0.4682888477370508
2275,0.5696930375145628
2276,0.41078632408447613
2277,0.506241180574561
2278,0.46597276603292315
2279,0.4284050429943542
2280,0.5801100735591357
2281,0.6827129112745949
2282,0.5439887289890777
2283,0.5011260347138381
2284,0.3732149298910988
2285,0.4856951055273912
2286,0.652338155956473
2287,0.34815644640778853
2288,0.4213539917681906
2289,0.6166375589314247
2290,0.3870023425112951
2291,0.5110746446921487
2292,0.48925867117322847
2293,0.3437651433505672
2294,0.5780463493401549
2295,0.40253428562436677
2296,0.5099207341909066
2297,0.6196372508168106
2298,0.47530342879649407
2299,0.6152455164331163
2300,0.5762166793860177
2301,0.3542292547768525
2302,0.4771261550419226
2303,0.5027739084342258
2304,0.5039015751361761
2305,0.46404156182858985
2306,0.6117211199808429
2307,0.6608999494909705
2308,0.4913386982247391
2309,0.4811525314673332
2310,0.44954645558021206
2311,0.5564436864652968
2312,0.41570210903652854
2313,0.6114031704520553
2314,0.3720734304442047
2315,0.38788227713201107
2316,0.4864594507061499
2317,0.5280333132110089
2318,0.503818226588164
2319,0.6194723819354606
2320,0.4556156930084567
2321,0.5213000150885454
2322,0.4676628380409789
2323,0.4325072393947848
2324,0.6350585876537824
2325,0.48458802550422336
2326,0.46165935459183727
2327,0.6052493752632726
2328,0.4271778824900374
2329,0.46232849498490913
2330,0.5212339412042845
2331,0.5255681995261895
2332,0.5534108188208734
2333,0.45088646236652186
2334,0.66293850440261
2335,0.39994266627226116
2336,0.6614903754109355
2337,0.41290777932518086
2338,0.43298613508464123
2339,0.42459852147723065
2340,0.5574550102999768
2341,0.675417060371483
2342,0.5817404611411123
2343,0.6651264033000609
2344,0.33623564222723024
2345,0.4604035703120068
2346,0.5349544675507522
2347,0.4547768421922561
2348,0.4303818734162643
2349,0.46291792282758965
2350,0.43764409013275385
2351,0.770274192359309
2352,0.4259569205269639
2353,0.45549185895031435
2354,0.48037936731868275
2355,0.5080577466763987
2356,0.5537936442607788
2357,0.5955373859815086
2358,0.40940276916863305
2359,0.7015934051303796
2360,0.3601500420366461
2361,0.5900003129428566
2362,0.5538405114031119
2363,0.6035414253010567
2364,0.5865389244295874
2365,0.39342513616450603
2366,0.4892357029473865
2367,0.6899814510799693
2368,0.5243444030830918
2369,0.5325074981707754
2370,0.5559567207449264
2371,0.49345594498194173
2372,0.6092186626516796
2373,0.5365773239317565
2374,0.4747313881786873
2375,0.3877817069376146
2376,0.6450915512758731
2377,0.5954364290810757
2378,0.39795210153083604
2379,0.6396014666964535
2380,0.5058075127257895
2381,0.5329854249275124
2382,0.5068936551701556
2383,0.6415003228103308
2384,0.42990192127777443
2385,0.5782343995165037
2386,0.6253649727775223
2387,0.4270433932556422
2388,0.6004996294845364
2389,0.5222126424765378
2390,0.5765230340601628
2391,0.6508758295234355
2392,0.5776633708003028
2393,0.5542302312441925
2394,0.4878926782732776
2395,0.4995907758985693
2396,0.5401086056745952
2397,0.5263814847328653
2398,0.43586565274687356
2399,0.5897404326785914
2400,0.36628154609449526
2401,0.5764693492633581
2402,0.3823225919112917
2403,0.47300461400697014
2404,0.5238331286867025
2405,0.53908265347314
2406,0.4797312969080386
2407,0.43675933933067346
2408,0.7003279295929297
2409,0.41852341730142767
2410,0.4059269314542742
2411,0.5151017848254252
2412,0.2909361744061695
2413,0.5765882320253372
2414,0.5642995354472997
2415,0.3813136023980061
2416,0.43229050577178985
2417,0.34806031169776186
2418,0.6039249977216375
2419,0.38212862011027127
2420,0.5944504871390852
2421,0.4679890070125855
2422,0.5225619424582248
2423,0.5944312351894292
2424,0.5246641749871649
2425,0.5483512269577875
2426,0.4436061812899204
2427,0.44760422682082784
2428,0.4650546851610493
2429,0.5500810824031146
2430,0.4324304398909243
2431,0.47676783500092923
2432,0.4871005734558923
2433,0.6201657658882207
2434,0.4578643780627996
2435,0.5112527964898507
2436,0.5638187877679178
2437,0.42983948695652663
2438,0.48437061136449117
2439,0.3690245748652831
2440,0.6043066638624723
2441,0.4469375383466234
2442,0.5267726112105915
2443,0.5368786147936996
2444,0.6642638345401981
2445,0.5451568390147721
2446,0.4918860010111428
2447,0.44885087980067995
2448,0.5668958204936634
2449,0.4778345222854944
2450,0.4041044005169682
2451,0.46220741231159584
2452,0.4418893562759272
2453,0.4732920557302585
2454,0.551429541340508
2455,0.4948567149601986
2456,0.5030583724816451
2457,0.5384766802145048
2458,0.3714417651293178
2459,0.5716832742937841
2460,0.4780179952033715
2461,0.5723427821845455
2462,0.5435671252327462
2463,0.3927870668333461
2464,0.42852009245228856
2465,0.4736520916356732
2466,0.7231520245060572
2467,0.3555652252805444
2468,0.4861691277246027
2469,0.5607646477582473
2470,0.46632248714880453
2471,0.5554509691048701
2472,0.3954589802239475
2473,0.4467024240848589
2474,0.6341664669213773
2475,0.5306159559608007
2476,0.5266250169302086
2477,0.4681383105862269
2478,0.5074124961193857
2479,0.509108303026795
2480,0.46001956662182114
2481,0.5165821559638388
2482,0.6363684471523771
2483,0.46129579043386887
2484,0.3365296343787585
2485,0.4444731225507485
2486,0.5216130415919584
2487,0.3642660819761405
2488,0.4751701331064139
2489,0.5869104778266788
2490,0.32966025685768174
2491,0.5123157407292682
2492,0.5299546271842104
2493,0.6542824709744692
2494,0.5111637808124445
2495,0.44896019574120544
2496,0.5837983685217955
2497,0.5177447861729126
2498,0.5435795407871729
2499,0.43644011620800915
2500,0.6366787405760779
2501,0.4191431254132947
2502,0.8307087987858006
2503,0.4661430447774402
2504,0.7188539052131778
2505,0.5156369892358006
2506,0.5983256445753735
2507,0.5608537585684854
2508,0.4258341333095156
2509,0.3159353415804994
2510,0.6380846337326164
2511,0.5651480674535057
2512,0.26297916594042053
2513,0.5443690042788207
2514,0.6826580455599218
2515,0.41455858688781566
2516,0.45406836109252086
2517,0.5562830333276636
2518,0.62165413822342
2519,0.597685435455036
2520,0.6683186807560533
2521,0.6926947054024367
2522,0.528867870409703
2523,0.34714808409459863
2524,0.423349325650447
2525,0.5463360207727791
2526,0.4895368276581537
2527,0.49297073944568154
2528,0.5793985206923462
2529,0.6199184253308992
2530,0.4594425822577567
2531,0.4532532042252463
2532,0.6510697617771831
2533,0.3529698515535278
2534,0.5875905256118117
2535,0.6114677982213365
2536,0.4757870518381614
2537,0.6260651379313843
2538,0.6293834121137656
2539,0.31702829663752696
2540,0.6155572472077935
2541,0.495502492995152
2542,0.466204400385505
2543,0.47997101558064176
2544,0.5597404017378452
2545,0.42757839262929465
2546,0.4964916927635194
2547,0.4673723827551697
2548,0.5390630513959822
2549,0.4448685485410152
2550,0.5397729929190862
2551,0.48626637607160555
2552,0.6175310548295104
2553,0.630023306583506
2554,0.5933026644846937
2555,0.4692022510738572
2556,0.43237004946824453
2557,0.5408778141577099
2558,0.46176297983392245
2559,0.6207907059470198
2560,0.6006722141519962
2561,0.600635888766526
2562,0.5500139314818842
2563,0.4881776691367937
2564,0.4603389204323581
2565,0.39013804391105633
2566,0.5425326039094247
2567,0.47834125667536825
2568,0.39888370075935364
2569,0.5467813664185702
2570,0.4829125746255425
2571,0.5268824257274491
2572,0.4760130665848037
2573,0.5961474168763659
2574,0.3104674680671559
2575,0.5370241824740968
2576,0.5531239739976629
2577,0.6947243822886702
2578,0.4897163191268571
2579,0.6019260071450436
2580,0.39859814596251836
2581,0.4583050554564465
2582,0.6080246762242775
2583,0.45525245529884906
2584,0.5132139941000128
2585,0.426920498225095
2586,0.5579468106834599
2587,0.4592309983642636
2588,0.3521401956572411
2589,0.6197006509451909
2590,0.5010981134412289
2591,0.5167549638830148
2592,0.5326765021448286
2593,0.7916896453318953
2594,0.436908273994009
2595,0.4876113575187389
2596,0.5449625627403061
2597,0.5126687136380399
2598,0.6364964403789302
2599,0.2642998974669942
2600,0.56703266566696
2601,0.5182227383720488
2602,0.46056154731578125
2603,0.3945242718578639
2604,0.5374566601690136
2605,0.4993429852912822
2606,0.6009518348786875
2607,0.46419519934460296
2608,0.594561578322074
2609,0.6322818803313986
2610,0.5659320435777894
2611,0.6544443696250143
2612,0.5460445077554803
2613,0.49698260199155975
2614,0.5582176019803571
2615,0.5286574768230433
2616,0.6070268770794861
2617,0.5794234197625543
2618,0.3993926172565782
2619,0.46247625183805474
2620,0.40355701009087186
2621,0.5169467139344666
2622,0.4917263618374099
2623,0.7870131300730887
2624,0.56274583934239
2625,0.4110520955604443
2626,0.5264522814506832
2627,0.5238732078281754
2628,0.5018867476812944
2629,0.4236586715214183
2630,0.47897470532085806
2631,0.6827809731610912
2632,0.46737459626710987
2633,0.584302694558841
2634,0.2903985397858766
2635,0.67253391024268
2636,0.5077463448893548
2637,0.43521354549952695
2638,0.4877104579830588
2639,0.4352547293716376
2640,0.4261667040913519
2641,0.6593673713519059
2642,0.463299592166157
2643,0.641599363732837
2644,0.4514052768009419
2645,0.6669445788276618
2646,0.5388583092203628
2647,0.681117114077268
2648,0.397494559745163
2649,0.5668200760559956
2650,0.4801306754279233
2651,0.3224465496281858
2652,0.4002133767236587
2653,0.5331658026684986
2654,0.5076244929863454
2655,0.47693280060266247
2656,0.5277193968607458
2657,0.4127912209767872
2658,0.5374900758598159
2659,0.4465386605650844
2660,0.5097153434829496
2661,0.3433699001132552
2662,0.44588124357173253
2663,0.3298321690477303
2664,0.5033553663068553
2665,0.6070311696182368
2666,0.6013750281466854
2667,0.48580384693755735
2668,0.5319427624506234
2669,0.48548195259184634
2670,0.5731326721070551
2671,0.5302549266468388
2672,0.4976267207690779
2673,0.5746405445884744
2674,0.4242169080629573
2675,0.42987439429674285
2676,0.46527178293258603
2677,0.45314761123899944
2678,0.5456538940456997
2679,0.5464976894202309
2680,0.4551303402032229
2681,0.42377305191363174
2682,0.5317661139635992
2683,0.3704352149113599
2684,0.5170015208376645
2685,0.5434211067037333
2686,0.5270309703700518
2687,0.5756577399915987
2688,0.6160917153900518
2689,0.5959992265904831
2690,0.5892943286604806
2691,0.5664953940862049
2692,0.5921951246024001
2693,0.5396715467771561
2694,0.3580330610157232
2695,0.667371847070499
2696,0.4701015513473078
2697,0.5973213498292063
2698,0.4542688434571701
2699,0.4041914898681785
2700,0.3967338522965085
2701,0.4037832246484428
2702,0.6065160251625393
2703,0.5952277819467269
2704,0.5237152671930814
2705,0.3913457049996325
2706,0.45451310924524263
2707,0.688261079366998
2708,0.4507464492643609
2709,0.6492480495984247
2710,0.79262218715596
2711,0.724630126894034
2712,0.47945146495669666
2713,0.39140391555827747
2714,0.47391900859092356
2715,0.5537219614914154
2716,0.46718153058855527
2717,0.42901287094924384
2718,0.546233023756916
2719,0.4355122987240752
2720,0.7209414005736531
2721,0.49669047095638497
2722,0.46018523226598895
2723,0.6627864581117375
2724,0.5473368351056509
2725,0.4749302825553569
2726,0.5602751228909608
2727,0.42228511593245177
2728,0.5352004439482353
2729,0.7334798128707446
2730,0.4349385102373471
2731,0.6651696269566524
2732,0.45027918465852523
2733,0.5157127344294563
2734,0.5249016379831981
2735,0.5118432466896176
2736,0.47905699506577515
2737,0.4439104644676808
2738,0.4741760307915903
2739,0.5032588766821114
2740,0.40181205575646717
2741,0.3838431436465832
2742,0.4073380152706736
2743,0.3903101364100728
2744,0.5513413148271542
2745,0.5308138763206207
2746,0.6714131489404457
2747,0.5627115479425933
2748,0.49270145996473425
2749,0.49313537133383273
2750,0.4952197108914469
2751,0.401289479475969
2752,0.6245247734047455
2753,0.7035374752473541
2754,0.5484474295760569
2755,0.5335349572374738
2756,0.5412366328558791
2757,0.6455283710027552
2758,0.4802849755847727
2759,0.44713960874724085
2760,0.4951712923284385
2761,0.44737870195966606
2762,0.5141336404379226
2763,0.6862169726960654
2764,0.4748093235558651
2765,0.5131813587705313
2766,0.5314599425002245
2767,0.38734314780030016
2768,0.4899779683392089
2769,0.4871015115341772
2770,0.4479478745418594
2771,0.4878401165530049
2772,0.5110642181110894
2773,0.5278759590323657
2774,0.489364728733554
2775,0.3687471741231715
2776,0.4881991056437558
2777,0.5077324876872796
2778,0.46855562529772243
2779,0.5676719234674441
2780,0.4744449599286341
2781,0.5719919124369783
2782,0.557017727931661
2783,0.5075318393989434
2784,0.41568690376181516
2785,0.43567947717849265
2786,0.5879487596815678
2787,0.5751091184258189
2788,0.2852445130100073
2789,0.5498890004747452
2790,0.4669869473518911
2791,0.49229941988698933
2792,0.49805857491008626
2793,0.4233544466895593
2794,0.7283464240532211
2795,0.4738653825161291
2796,0.5218725358261794
2797,0.45231624875849397
2798,0.5847599929837268
2799,0.4109066434630705
2800,0.4669096792352122
2801,0.7240261759232132
2802,0.3809435612430191
2803,0.5737500107112169
2804,0.5002596662066884
2805,0.4615912312022294
2806,0.6372089060644733
2807,0.4299198916832412
2808,0.581281399588189
2809,0.4421501820431288
2810,0.4851506451229918
2811,0.5169779669139632
2812,0.5217351874464847
2813,0.5255619385701261
2814,0.4472449537048667
2815,0.4780969021292131
2816,0.7571736497350785
2817,0.6269098838570922
2818,0.6521534897948146
2819,0.6204634237544058
2820,0.5221798552939516
2821,0.4624964361046752
2822,0.662468894285598
2823,0.53869881800817
2824,0.3871875651381033
2825,0.5887319917341924
2826,0.47551183985959056
2827,0.5239780299568277
2828,0.35540573484742266
2829,0.385655836821506
2830,0.5877131329825678
2831,0.4108256273622417
2832,0.3951959931498791
2833,0.521248224816196
2834,0.47137586264833053
2835,0.5265681489279973
2836,0.4472197066614039
2837,0.5579391427639603
2838,0.4792879553507352
2839,0.3324216217925656
2840,0.44847440310411346
2841,0.40876913033997975
2842,0.504810827890264
2843,0.46410898341175444
2844,0.4917447555530575
2845,0.4634870825169081
2846,0.5114477173060825
2847,0.5204921195575483
2848,0.4984040661963985
2849,0.48430307266277817
2850,0.5125555376129951
2851,0.4943630678640043
2852,0.8172400620811024
2853,0.42469631483349946
2854,0.5825096512352418
2855,0.5148657327496335
2856,0.6647342177887987
2857,0.43773372370217684
2858,0.6956177309677875
2859,0.5101496442749606
2860,0.7846447651582507
2861,0.5594642558003831
2862,0.3947668610062386
2863,0.46068039545241957
2864,0.6495044956882363
2865,0.44878725300470934
2866,0.4846087516387721
2867,0.5155326599576391
2868,0.5153765883595943
2869,0.45626534554265
2870,0.4942417335365255
2871,0.6826238274449183
2872,0.4610432048386002
2873,0.494353090544548
2874,0.46564045739976767
2875,0.5618491584906261
2876,0.5456709205245653
2877,0.4848037546977818
2878,0.5462142169058113
2879,0.44647615851361055
2880,0.38242077217998666
2881,0.43006518696324697
2882,0.4763197777874332
2883,0.6743307004549769
2884,0.4597610419019556
2885,0.4379595654884958
2886,0.6064083266410829
2887,0.4074777488207627
2888,0.46999885244425726
2889,0.43446797295373957
2890,0.3598928757564885
2891,0.515520780931987
2892,0.47885338077325507
2893,0.40053787878656844
2894,0.5020334267784008
2895,0.4902846463885497
2896,0.4503218177567482
2897,0.536716337230484
2898,0.4776849475883317
2899,0.6737781273834255
2900,0.5455304559741408
2901,0.3917541411418869
2902,0.4486581301307665
2903,0.5027961572929049
2904,0.5361186439296242
2905,0.4004721983322419
2906,0.4897250120498226
2907,0.4498848147653342
2908,0.4427254245906227
2909,0.4694289909171278
2910,0.4909539373009721
2911,0.42932980480442107
2912,0.6962511718168158
2913,0.580770306833087
2914,0.37192285946319814
2915,0.4977572606515592
2916,0.396680788808514
2917,0.622654123540912
2918,0.7086068361428149
2919,0.46395723518427145
2920,0.415341516491087
2921,0.48352476623774765
2922,0.545354044908221
2923,0.4548525404972008
2924,0.719906239588007
2925,0.5505381416033318
2926,0.6430505279055823
2927,0.45324662368838137
2928,0.3937727299016611
2929,0.43970366799728133
2930,0.5545342060783319
2931,0.3632252654593059
2932,0.6634384055078091
2933,0.5435703644900628
2934,0.6433893430984493
2935,0.48616650337094586
2936,0.3783019540304491
2937,0.6374448441478219
2938,0.4043080843826553
2939,0.43694684198784695
2940,0.6211525421559969
2941,0.6353931229171808
2942,0.5359629578922014
2943,0.3883692804818737
2944,0.4809865465911336
2945,0.6086575382890982
2946,0.4017911859950524
2947,0.5921993816816004
2948,0.40188769269228286
2949,0.4672880054458715
2950,0.4388764689757706
2951,0.4136137353455912
2952,0.4378312409370492
2953,0.6043050229239871
2954,0.5344878033742243
2955,0.43166350425153466
2956,0.4660208344514938
2957,0.6326461806821039
2958,0.6530893140572345
2959,0.41605216528907474
2960,0.3946499357962329
2961,0.461211909476783
2962,0.5098984134543704
2963,0.46878495157979094
2964,0.42502621006589303
2965,0.6268917877454117
2966,0.5497961225184413
2967,0.45199588675210334
2968,0.7637016460064955
2969,0.7453978020636082
2970,0.544053756349422
2971,0.5603086749543611
2972,0.4097716420249218
2973,0.6188953259581194
2974,0.5314794523571982
2975,0.43276123959433715
2976,0.6553831055645465
2977,0.43225505643054773
2978,0.6593417370110022
2979,0.4893455184757095
2980,0.5104283122907635
2981,0.5294339932497893
2982,0.5425875965304804
2983,0.47773472191264427
2984,0.45134170938272716
2985,0.4576333619650797
2986,0.585295223199625
2987,0.42981217570036867
2988,0.7739901176707518
2989,0.45608515698721397
2990,0.4609787563636428
2991,0.5189993551338061
2992,0.4802058045852595
2993,0.5183094497287685
2994,0.5573103942505473
2995,0.4646264589611033
2996,0.4499991303115265
2997,0.5194244515047771
2998,0.5406063736742693
2999,0.45297709837417177
3000,0.6032974473502493
3001,0.5853322501198412
3002,0.4159739403400105
3003,0.5704021336460332
3004,0.5565332242166189
3005,0.4322632221910991
3006,0.4706030972154815
3007,0.573226395319073
3008,0.4611780948647895
3009,0.542214124740055
3010,0.5098585155024237
3011,0.38398052421456874
3012,0.6097236239498874
3013,0.46152520999256547
3014,0.5461570513210442
3015,0.7616577339099346
3016,0.6029066325095838
3017,0.49685526863065926
3018,0.5383892201301812
3019,0.5046703455169022
3020,0.4474477729827681
3021,0.5173482165011815
3022,0.5204410305598118
3023,0.3161392372757956
3024,0.5771435856312107
3025,0.41978825266015146
3026,0.5897300452937592
3027,0.5619937839268652
3028,0.5245113837338
3029,0.5293448998118426
3030,0.4966510567290858
3031,0.6642646849746064
3032,0.4248698221266382
3033,0.4776498069646644
3034,0.6910395332651665
3035,0.43109017878786227
3036,0.39604719851862913
3037,0.5078311450837257
3038,0.5835327752113728
3039,0.43878492701043875
3040,0.5894067584521
3041,0.4806062817610688
3042,0.5492621978187147
3043,0.5908147513741036
3044,0.5232843554575618
3045,0.5198246773970127
3046,0.40005309927893123
3047,0.585182054480441
3048,0.41753679204318744
3049,0.5940607318480826
3050,0.5830787524747805
3051,0.41250619121243975
3052,0.46583220705803674
3053,0.564477432627845
3054,0.3733453920693136
3055,0.4029589325229495
3056,0.4342465648946261
3057,0.5096359589532918
3058,0.7036789683073381
3059,0.43474880854877235
3060,0.4510243766685078
3061,0.5412435539615111
3062,0.3213113362919887
3063,0.5102705405141986
3064,0.525088321589269
3065,0.5609290083759901
3066,0.5874096846223076
3067,0.4556113958401906
3068,0.44877062849974997
3069,0.46776808172987516
3070,0.5468949399989151
3071,0.5282179849832616
3072,0.4553202301652935
3073,0.5462349157866737
3074,0.6736066533530631
3075,0.7160224922152421
3076,0.48865167724040837
3077,0.5375767678592738
3078,0.40936980742348456
3079,0.5568172458865898
3080,0.502681180461058
3081,0.5484068150756104
3082,0.4311542912207338
3083,0.5042153965525451
3084,0.6416530201071375
3085,0.7050641038152229
3086,0.5207119573784634
3087,0.5764384383344283
3088,0.7337614242594629
3089,0.5918560459351445
3090,0.5618629303865116
3091,0.36793762141799746
3092,0.5278209084598436
3093,0.6896376539949738
3094,0.39024671087183743
3095,0.5548052452389257
3096,0.4797610572069136
3097,0.5293381269915383
3098,0.5684523048679915
3099,0.42396788082219417
3100,0.6265205241853364
3101,0.46894293028592826
3102,0.3717043732594375
3103,0.5921525830073543
3104,0.4864050208338874
3105,0.7315504957187368
3106,0.5095747494442104
3107,0.6262302523483382
3108,0.6126773520547161
3109,0.4739615279517743
3110,0.5763452140779365
3111,0.5494699038318807
3112,0.4189264773061397
3113,0.4585144180308334
3114,0.5990548443620656
3115,0.38632638875801334
3116,0.3851785560742711
3117,0.5742234755900941
3118,0.4235647537093409
3119,0.5169823311841782
3120,0.7377434946049352
3121,0.5349728018815705
3122,0.5662012262752462
3123,0.49650760292324436
3124,0.6430875341011667
3125,0.6095644898806323
3126,0.4195619770441102
3127,0.46985798701487524
3128,0.47932276392035034
3129,0.3788105222434386
3130,0.5192846901263882
3131,0.5263863528354679
3132,0.2899871023744012
3133,0.6705754637875097
3134,0.6356132966716201
3135,0.41085904081810715
3136,0.47857049199692203
3137,0.5340387799941407
3138,0.7027571859145569
3139,0.687078311506247
3140,0.4635475163687445
3141,0.4802430299678806
3142,0.6873511633461566
3143,0.40471647339234507
3144,0.581890229907655
3145,0.531524553662082
3146,0.5204273913000667
3147,0.7471650505991669
3148,0.44124685260816876
3149,0.39504092381120876
3150,0.5439684322683793
3151,0.49747041743549986
3152,0.4855280039292992
3153,0.5444866366465981
3154,0.5922306833799554
3155,0.36791587391088876
3156,0.47565525292281646
3157,0.5600719085298135
3158,0.6058934087597954
3159,0.47440317884677413
3160,0.5890122244331458
3161,0.46884375779698334
3162,0.5678798790702497
3163,0.5706202932416987
3164,0.40855775897996627
3165,0.5317991458393833
3166,0.5149702921087281
3167,0.562188064987132
3168,0.6456922528865455
3169,0.7666105867406645
3170,0.4275558814819795
3171,0.4549487783804736
3172,0.4390113000094012
3173,0.41242714326543933
3174,0.4361391183079057
3175,0.4985910273076672
3176,0.6148874406594301
3177,0.4572649205743018
3178,0.46440377010250733
3179,0.5491820845318596
3180,0.40264745357832504
3181,0.48538734609498085
3182,0.4660461450179874
3183,0.5689084965986841
3184,0.5745803527139484
3185,0.3784077730774018
3186,0.5129632147963881
3187,0.46261694106371953
3188,0.5730567019591157
3189,0.4942767094459299
3190,0.6972148772263986
3191,0.5128256801747181
3192,0.6520356355466561
3193,0.529227843754297
3194,0.41187034067338046
3195,0.6090546688007319
3196,0.4311916598246178
3197,0.639006744055969
3198,0.30379077734500115
3199,0.5487572075989712
3200,0.5124084765258008
3201,0.40819218642991223
3202,0.5662143968151132
3203,0.5125212217422944
3204,0.6095128811914637
3205,0.6026798443381582
3206,0.513988370834532
3207,0.6549670471721166
3208,0.7401810531068462
3209,0.43651182686450585
3210,0.4743856858276134
3211,0.4537227231346576
3212,0.5574830373654829
3213,0.4878297874075723
3214,0.37449588414998464
3215,0.37548880798415313
3216,0.5032100905418664
3217,0.6297639193574263
3218,0.49934734568490385
3219,0.4839599524321113
3220,0.6017082244650614
3221,0.3972105056904431
3222,0.5517346969454595
3223,0.4858884044499786
3224,0.47028784218303604
3225,0.5264136806715987
3226,0.597770068391435
3227,0.5561826914627006
3228,0.43641710163231767
3229,0.4265654143277583
3230,0.7540865060512465
3231,0.5128548595779737
3232,0.4487608616004935
3233,0.47380309320458464
3234,0.5482915532403507
3235,0.6191222931923467
3236,0.5066706469377515
3237,0.5014191524415376
3238,0.4836439530831307
3239,0.7026737519051581
3240,0.47047365721994516
3241,0.6210197001093029
3242,0.5339223510996485
3243,0.36955797556162007
3244,0.4143137514357056
3245,0.5306792398221447
3246,0.5017676563843706
3247,0.6274258130984097
3248,0.5053289754390473
3249,0.5319671015578196
3250,0.4679202831177389
3251,0.6267012913445666
3252,0.3693315213213394
3253,0.5596202477030962
3254,0.662132464838537
3255,0.5323559979361121
3256,0.7170882628870405
3257,0.44887985877184466
3258,0.4745363986987695
3259,0.3961322640480989
3260,0.5557494478185896
3261,0.5513305923073455
3262,0.5431589255712571
3263,0.3741744451539326
3264,0.6779850463082499
3265,0.37902181667594836
3266,0.5315833242049798
3267,0.47333962881086933
3268,0.49420009087198763
3269,0.5699632993399881
3270,0.573967757834817
3271,0.6028292962273482
3272,0.5020216317275157
3273,0.46968342300286403
3274,0.6075414281834577
3275,0.5605836656761531
3276,0.6730122779275167
3277,0.7017583512952562
3278,0.37960998234610854
3279,0.5713607353420205
3280,0.45547006101897836
3281,0.49715236321838585
3282,0.49221028805924283
3283,0.5808710023895347
3284,0.476556452516476
3285,0.566333665989648
3286,0.5774655015991412
3287,0.5854631151777938
3288,0.5715545110561144
3289,0.5583751864382388
3290,0.5259098355480497
3291,0.550318237888757
3292,0.4853460666551265
3293,0.33544798027233225
3294,0.4561556272117652
3295,0.4220511104482924
3296,0.38229563329077915
3297,0.49162422513893606
3298,0.6063869901080947
3299,0.6901614794302223
3300,0.41100784048698785
3301,0.435922311727551
3302,0.47671969287439264
3303,0.48150912359200715
3304,0.3841489433194589
3305,0.5821266008645403
3306,0.674285854874866
3307,0.46750896297745786
3308,0.4533826284917005
3309,0.43073352030169154
3310,0.4351928581451767
3311,0.5580279226272693
3312,0.5208060960797256
3313,0.5183506785483991
3314,0.7260533015142558
3315,0.48176682264150494
3316,0.38120699220404575
3317,0.572984717498393
3318,0.6116649228067674
3319,0.6430833992321794
3320,0.6061293843490676
3321,0.5041320976263632
3322,0.39159438175829986
3323,0.55447327093038
3324,0.45208515783612385
3325,0.5474528605464809
3326,0.4936143952720156
3327,0.524144005630901
3328,0.5974514748327638
3329,0.5468668063129867
3330,0.4909736276632954
3331,0.5223599758752152
3332,0.6071438747723884
3333,0.3115808151645837
3334,0.5687426910278975
3335,0.5788092329546759
3336,0.5214525374694964
3337,0.5731137543399566
3338,0.4871278898833728
3339,0.47911765729936057
3340,0.5007029333452387
3341,0.6550458989879782
3342,0.40087093663112716
3343,0.37317396173832934
3344,0.545772280445209
3345,0.5483902268330265
3346,0.3818930873605045
3347,0.5764759653283816
3348,0.5764672495642303
3349,0.6282039096418011
3350,0.38706736246426066
3351,0.5456874820433529
3352,0.5380884556839886
3353,0.5593423574840779
3354,0.7428897522539628
3355,0.39296772732186735
3356,0.5279100122850391
3357,0.5172068894164935
3358,0.46417176919691727
3359,0.4533320188970554
3360,0.5612280253904721
3361,0.5704176083441519
3362,0.36972289915480466
3363,0.5392704602756577
3364,0.5168418335171011
3365,0.3805453624067394
3366,0.322379181882027
3367,0.477240550033173
3368,0.5296091878476531
3369,0.342929910941311
3370,0.6092821989738103
3371,0.43141097136122436
3372,0.49494462609771683
3373,0.47641186478206643
3374,0.5105934865088879
3375,0.5705087699821211
3376,0.3578090868581252
3377,0.3831630353300539
3378,0.4843948600297473
3379,0.49876296913795154
3380,0.5761802306290627
3381,0.6604423639575681
3382,0.41253032466035766
3383,0.47421715785964313
3384,0.598983202184637
3385,0.48374903477405085
3386,0.5611704409862343
3387,0.6303448531513933
3388,0.6046152795853936
3389,0.4472549518963142
3390,0.5715952913560026
3391,0.525960634023977
3392,0.6085215959038804
3393,0.4700276449592921
3394,0.5625915941789977
3395,0.4081006067712035
3396,0.5238119277027703
3397,0.4880846574398116
3398,0.4349441717177651
3399,0.4398440166285654
3400,0.5477694013518419
3401,0.696405336897539
3402,0.36115406738044165
3403,0.48515843579828116
3404,0.49913527666014296
3405,0.4036175389737028
3406,0.6771502836522775
3407,0.4429625726135982
3408,0.4040116331668847
3409,0.5213230776374901
3410,0.7200248621628264
3411,0.5736609677723864
3412,0.3953857063749281
3413,0.3941052398322327
3414,0.6322329194944245
3415,0.3564770973377058
3416,0.6748743463738466
3417,0.46750464976881756
3418,0.4644748917440047
3419,0.612129997239908
3420,0.43473025787171515
3421,0.5402073940329652
3422,0.3938544471654417
3423,0.6424608746188883
3424,0.47320849805842163
3425,0.5121687562665967
3426,0.4798393051514159
3427,0.5600199573578268
3428,0.4778369453353115
3429,0.7525869602031112
3430,0.4537625515676794
3431,0.47239888016380355
3432,0.40302090759577636
3433,0.3288232708879036
3434,0.5851721356598639
3435,0.7250500286339006
3436,0.47017743037316795
3437,0.5407515185175306
3438,0.40268255872171915
3439,0.4598834098074661
3440,0.5046942437881075
3441,0.410012114877894
3442,0.4502399044747082
3443,0.5098192698947736
3444,0.5808331278362582
3445,0.5202764201680051
3446,0.6338377725764692
3447,0.5314740009653462
3448,0.5351872342396011
3449,0.563565731272325
3450,0.4131421326542148
3451,0.3861303162299944
3452,0.41946430974434434
3453,0.4589234660143051
3454,0.5085702105058182
3455,0.4957169131697301
3456,0.5995657605406937
3457,0.5062203459421504
3458,0.4807034689188041
3459,0.41182113707637863
3460,0.6721340488786135
3461,0.5059978761499871
3462,0.427404378969727
3463,0.7564107457715119
3464,0.4935368490017216
3465,0.5185530189641246
3466,0.7699571368713645
3467,0.5985204211301718
3468,0.6133873155708229
3469,0.4452976658493771
3470,0.5883601197516648
3471,0.5032338714779123
3472,0.5201489992926702
3473,0.5459270999986066
3474,0.43855792837120955
3475,0.5318240124828684
3476,0.5185451614863719
3477,0.5475799262466479
3478,0.5655871577953587
3479,0.7009299481430001
3480,0.6138578160327902
3481,0.5194254531130361
3482,0.493379620737842
3483,0.7067095541154258
3484,0.42787117063434976
3485,0.7124466194871001
3486,0.46948988981161593
3487,0.7367093478677572
3488,0.5863892305258465
3489,0.6183240666487493
3490,0.39001711647482723
3491,0.58703892816405
3492,0.39399597426539434
3493,0.3478214118378853
3494,0.656272871572114
3495,0.7598869383615605
3496,0.5003600028394124
3497,0.5505332871214006
3498,0.6248200802396171
3499,0.5129963771977553
3500,0.6516612922405344
3501,0.5309962563768612
3502,0.5759122833493332
3503,0.36106885460802896
3504,0.4019370604004762
3505,0.5813652430877395
3506,0.6310158944537845
3507,0.47934285290125855
3508,0.6234102858339491
3509,0.7033356536884438
3510,0.520811448386658
3511,0.34439564949193957
3512,0.5076075233953821
3513,0.45710516793211164
3514,0.5905763202935599
3515,0.48613085243578386
3516,0.3564864960762312
3517,0.33141800574551256
3518,0.47850055481458775
3519,0.3157477855523675
3520,0.4505225643176569
3521,0.524820331403957
3522,0.4054606662903504
3523,0.42834967821433295
3524,0.45660106573793124
3525,0.49993271315753773
3526,0.5591470938080265
3527,0.4448443737313872
3528,0.6180972046437203
3529,0.5166689739985947
3530,0.5149772463406986
3531,0.6755521295660124
3532,0.5876587438864364
3533,0.42698596511053866
3534,0.42283180233044326
3535,0.4847845171324091
3536,0.43567800341314855
3537,0.468584370572623
3538,0.685544499437494
3539,0.5797541535603998
3540,0.4431754480780961
3541,0.48898523096844143
3542,0.4869373155762511
3543,0.6273544984279882
3544,0.48145207160072434
3545,0.6592598385286297
3546,0.8606175499079501
3547,0.40254264990654043
3548,0.573906514096526
3549,0.6519597566307461
3550,0.5520843577059257
3551,0.417848672142195
3552,0.717898739883531
3553,0.4821354658949902
3554,0.5757993910546589
3555,0.6101284360683685
3556,0.4845829649234076
3557,0.432600103833534
3558,0.43692714572741814
3559,0.42830303201424863
3560,0.6919510781483034
3561,0.47823486823812633
3562,0.47206568678823535
3563,0.6942637397913752
3564,0.5064961552141488
3565,0.4908805371450392
3566,0.5930024395583641
3567,0.7246242737417377
3568,0.6285947416551091
3569,0.5551677023480317
3570,0.4322992909129268
3571,0.49026452128197645
3572,0.4138914195676959
3573,0.40140327790448693
3574,0.4458978768034366
3575,0.5479277713796706
3576,0.5180012468946578
3577,0.5421770549832367
3578,0.5477806911710618
3579,0.5512695904999939
3580,0.5258339462679601
3581,0.5951470228577477
3582,0.6350299667743928
3583,0.556449432317593
3584,0.5918530610672147
3585,0.5366994913977273
3586,0.4842987570984721
3587,0.6988314442790889
3588,0.40822329227207854
3589,0.3159676984285873
3590,0.46299502589724195
3591,0.36737374441855625
3592,0.46109961616907047
3593,0.46132541082667367
3594,0.6002219903085247
3595,0.3543249003288498
3596,0.6450062445882155
3597,0.38752110755577884
3598,0.46793282352377025
3599,0.4343841648765449
3600,0.5337148339319702
3601,0.5918558848375913
3602,0.5724827880792939
3603,0.5307503536473285
3604,0.46396749374050666
3605,0.4848621412519452
3606,0.49080750133613044
3607,0.5153979113422517
3608,0.6011896221574902
3609,0.6240595012200281
3610,0.6127765538958053
3611,0.46715524239829864
3612,0.8401237167298872
3613,0.4047618075122818
3614,0.4844502714152978
3615,0.4633085520095863
3616,0.49139515115375243
3617,0.3607268687347702
3618,0.5194710210963509
3619,0.5130100593332254
3620,0.5049946647067367
3621,0.5873192674725186
3622,0.6185685203388261
3623,0.5880947245462318
3624,0.29031813490584824
3625,0.4471634655176486
3626,0.4620152074524769
3627,0.51454458076518
3628,0.5155991544726544
3629,0.44517428270284226
3630,0.699372457182111
3631,0.39471095794154254
3632,0.48171935935432003
3633,0.5569001183658601
3634,0.430194926500755
3635,0.4574523627746703
3636,0.30305105405908417
3637,0.5770213967857067
3638,0.5906744159686674
3639,0.5753665957129017
3640,0.6285680883561957
3641,0.5954581012149522
3642,0.5979344015352132
3643,0.5025488520248355
3644,0.6054327982383151
3645,0.5546376138809663
3646,0.6274977702241312
3647,0.42044814605687686
3648,0.46413452771264485
3649,0.4961096060976202
3650,0.460209820274194
3651,0.2767156321445082
3652,0.38489596386395086
3653,0.5015772477072805
3654,0.4610325131065021
3655,0.43142367506022544
3656,0.5067237191519601
3657,0.47318977865032635
3658,0.6109843812073973
3659,0.4772144457456593
3660,0.6088734765411985
3661,0.37730194016083496
3662,0.4627843574033728
3663,0.507895917688959
3664,0.44095576182138446
3665,0.44862011475016045
3666,0.44012318741114326
3667,0.450923395601871
3668,0.567950330339212
3669,0.5500580461785681
3670,0.47528611750153915
3671,0.5272339397282291
3672,0.3396791512207735
3673,0.46217004127270545
3674,0.4230052840594319
3675,0.5474566658917116
3676,0.594270496544852
3677,0.4817847801572493
3678,0.5413139595090171
3679,0.5731028542591218
3680,0.5289098357044744
3681,0.5569863886340127
3682,0.3925054331223652
3683,0.5151835464995408
3684,0.5114560300075999
3685,0.4786433852046335
3686,0.44613418285095857
3687,0.7012857451955213
3688,0.47078600012434063
3689,0.5807347947562105
3690,0.4278781306823073
3691,0.5082377113584372
3692,0.5823641999559275
3693,0.6052619177062553
3694,0.46862739718115454
3695,0.3609335641644515
3696,0.42801186042808625
3697,0.5289328314077333
3698,0.5465833088151131
3699,0.40103726064729184
3700,0.4253232784472746
3701,0.6053578661719797
3702,0.6806558561175559
3703,0.6911233078504888
3704,0.5124409001025988
3705,0.6712451530875982
3706,0.5768313880579528
3707,0.4293704825734229
3708,0.538017249020349
3709,0.4452428865428869
3710,0.44564337261755127
3711,0.563303383909712
3712,0.5001179214091221
3713,0.7185306278656589
3714,0.5769614001980692
3715,0.5468330519407995
3716,0.281380670011461
3717,0.6775196857196443
3718,0.5972135515040102
3719,0.4867040475074306
3720,0.5201358919528498
3721,0.6093163708850747
3722,0.5998701499699319
3723,0.39995488671444174
3724,0.6851942259051749
3725,0.41883028003865075
3726,0.6378023131667623
3727,0.517193816440894
3728,0.42734421850767024
3729,0.4995090169833504
3730,0.8061222824415536
3731,0.4851784075632635
3732,0.6184546530436081
3733,0.5047833496346891
3734,0.4748292855824115
3735,0.6179065084056418
3736,0.5383977809468423
3737,0.3840943179428947
3738,0.5635539874852019
3739,0.49279651164616894
3740,0.645815564441088
3741,0.46360185839167145
3742,0.3755886370509821
3743,0.5745526452096172
3744,0.3689005949784313
3745,0.5549861450701659
3746,0.5000250231027594
3747,0.43556133513291323
3748,0.4125063964518446
3749,0.7328261038657541
3750,0.6128082159700431
3751,0.4889064706158403
3752,0.4754577907319315
3753,0.5020701938802012
3754,0.42663126392637296
3755,0.44982196481033293
3756,0.5301369275463316
3757,0.4355254344338553
3758,0.4247315038747852
3759,0.44301842182912854
3760,0.5756094945165248
3761,0.5034201715286271
3762,0.4584446983444865
3763,0.4697887046102442
3764,0.5170197215282315
3765,0.5304999375849275
3766,0.6834152277255761
3767,0.4769105440817466
3768,0.6847752904287294
3769,0.5577270638274083
3770,0.5705534793247311
3771,0.5729161850775025
3772,0.5452708120082671
3773,0.6841171185416088
3774,0.5532576880315387
3775,0.3772239014107582
3776,0.5038216658425475
3777,0.504740845856904
3778,0.548001659194052
3779,0.5865844880816125
3780,0.4847018474187085
3781,0.5571702577903419
3782,0.4695998353182904
3783,0.4243462651806337
3784,0.4403284484467087
3785,0.540005019993396
3786,0.5351763536222097
3787,0.6143594223575576
3788,0.7363335065036912
3789,0.5139632990129669
3790,0.5798214012498063
3791,0.5386998923196161
3792,0.42783658083463594
3793,0.4760744183562312
3794,0.598101599138446
3795,0.29053309833519375
3796,0.6139554207792364
3797,0.5313039017307016
3798,0.46895624790662055
3799,0.545743006814395
3800,0.42381341758012625
3801,0.6058230628155132
3802,0.4415880104164841
3803,0.4875733795735625
3804,0.49730041704242584
3805,0.5460612298286299
3806,0.4626037885347957
3807,0.4427299481866164
3808,0.5890819404632537
3809,0.7476367350220903
3810,0.47210292536250414
3811,0.5178495764153405
3812,0.5490757077298756
3813,0.4757561018483481
3814,0.5496815307786881
3815,0.46622784327485284
3816,0.43819753608220396
3817,0.4223856079299528
3818,0.41180754981508205
3819,0.5390569196978499
3820,0.6830137934248685
3821,0.4734409626636205
3822,0.5158100915753611
3823,0.46350033845095556
3824,0.652312885787098
3825,0.539922654488701
3826,0.7112498385932984
3827,0.4810612012435845
3828,0.5772086291999825
3829,0.5256741388592014
3830,0.43117243089345214
3831,0.5001704060624041
3832,0.4807072411466725
3833,0.5775642712507819
3834,0.5299885280316052
3835,0.41207736687114255
3836,0.45202932729429646
3837,0.5091118161468262
3838,0.3933053859827769
3839,0.5157795836421973
3840,0.5458324428761332
3841,0.44002811295197847
3842,0.5136955400918238
3843,0.38642452873986055
3844,0.5388262613304442
3845,0.5747423969747065
3846,0.5209338380073639
3847,0.48839346979575077
3848,0.49749885381578424
3849,0.45345469877937217
3850,0.5015702751282085
3851,0.5767554960557442
3852,0.42078359888815386
3853,0.8358090901990654
3854,0.5225001977944459
3855,0.5805046082078018
3856,0.5158568662842323
3857,0.4242982471677021
3858,0.651942812001015
3859,0.6196521060514898
3860,0.5407450041966638
3861,0.527966600724818
3862,0.44936073576726004
3863,0.47481612278464497
3864,0.5329856936790771
3865,0.5026993460690536
3866,0.4768240670856255
3867,0.5892032511437374
3868,0.46242582768194324
3869,0.5779212635806265
3870,0.5512667645012348
3871,0.4820741319259018
3872,0.44578739351607743
3873,0.7118628905092417
3874,0.4304595635363622
3875,0.5157277931712635
3876,0.591017182381971
3877,0.5147508909791682
3878,0.3955071985939614
3879,0.4401124654652957
3880,0.6510985036676921
3881,0.45499117843278897
3882,0.4619780823756894
3883,0.470013806593798
3884,0.5661240400998496
3885,0.44743139178239344
3886,0.4429181240039118
3887,0.5135820040138279
3888,0.542882522451001
3889,0.5334105663250436
3890,0.558209168346854
3891,0.4532005258756792
3892,0.5372478349876465
3893,0.5276253492421066
3894,0.5779580075847007
3895,0.5169099332194373
3896,0.5095648732974334
3897,0.38992902217844966
3898,0.4979745689462005
3899,0.3911852604549737
3900,0.5409899097591149
3901,0.474855673890439
3902,0.5354373117007403
3903,0.5177781503264538
3904,0.5283412385389916
3905,0.5416154679296756
3906,0.6382360027240203
3907,0.5559236151706384
3908,0.6309383773309307
3909,0.5927756343221097
3910,0.4357598002855026
3911,0.38707852152140687
3912,0.5423589093084326
3913,0.5091089347310355
3914,0.5049022495955812
3915,0.47597638412299237
3916,0.5568054113991645
3917,0.6060299542534651
3918,0.4206763313778744
3919,0.4387012645847924
3920,0.6643057884828418
3921,0.39233781675032275
3922,0.3605289892438588
3923,0.8131777574400699
3924,0.6280679339245225
3925,0.473414959140253
3926,0.3631573239566095
3927,0.43338271588836325
3928,0.5332303218052583
3929,0.5534880526043009
3930,0.5888130692960089
3931,0.37322406036711897
3932,0.41315533105418056
3933,0.5447914270258715
3934,0.8695666471662076
3935,0.6131567358126185
3936,0.4298425328288442
3937,0.34063758547910633
3938,0.31314717670450887
3939,0.46675171866446874
3940,0.4849774055081977
3941,0.479984425276946
3942,0.5671721211037516
3943,0.42873353485536875
3944,0.36234954625427546
3945,0.5865920645885702
3946,0.39830506335892246
3947,0.5360293968259922
3948,0.4983780185563222
3949,0.5336091630872114
3950,0.4204302839391887
3951,0.6002316678436344
3952,0.44248452799493476
3953,0.4482068558916934
3954,0.5632224866158784
3955,0.40499990203876296
3956,0.6083329652901823
3957,0.563322071914952
3958,0.46004591162331554
3959,0.495670739796353
3960,0.7316331729487089
3961,0.5805474393407029
3962,0.5030818203280663
3963,0.42902445952613727
3964,0.43086442785498164
3965,0.512214466255015
3966,0.5678058382164058
3967,0.4009429160711385
3968,0.4764508431743642
3969,0.3818079692426424
3970,0.5110638276319476
3971,0.4592601589412724
3972,0.5498165529850944
3973,0.45882988849129425
3974,0.44342806191235995
3975,0.47244217849346115
3976,0.4486542015647521
3977,0.5728206540146581
3978,0.4025649622876858
3979,0.6017580826359634
3980,0.4981813657088101
3981,0.5247475618603351
3982,0.5150069217965634
3983,0.47272246279888686
3984,0.502559696526853
3985,0.4847245779101136
3986,0.5467367854385408
3987,0.43762585249076097
3988,0.4924254543543112
3989,0.2849641747421181
3990,0.40527114221058613
3991,0.5611225055552848
3992,0.5304702440236564
3993,0.43769040824840205
3994,0.5591041307625679
3995,0.49542162872669304
3996,0.4467974613510877
3997,0.5352388372210432
3998,0.36480530568460745
3999,0.49313910808362393
4000,0.4774086871870195
4001,0.5538000789725749
4002,0.4233254195772304
4003,0.6111687582371952
4004,0.45489019689101373
4005,0.5684329642183582
4006,0.5949022311241629
4007,0.5041810640442066
4008,0.4252116499844102
4009,0.6043551682229619
4010,0.5131873838498088
4011,0.5607083448804591
4012,0.5490043775183104
4013,0.47073671998414823
4014,0.3652307294345576
4015,0.465495762806884
4016,0.5454412362881308
4017,0.4733765056201496
4018,0.36952704830783156
4019,0.5356736325387481
4020,0.2692845352772409
4021,0.4565727412387081
4022,0.43240920437525665
4023,0.47921298789282213
4024,0.48444439236450915
4025,0.4701911635487633
4026,0.4710641389607642
4027,0.5093601586461269
4028,0.49013390756575503
4029,0.6298595598405433
4030,0.38144356703755616
4031,0.6042438095065006
4032,0.4622524908495377
4033,0.5377567193228837
4034,0.3619936808076969
4035,0.4730377483171157
4036,0.5326245553043476
4037,0.6370161313591358
4038,0.4692146273002536
4039,0.4651803222857639
4040,0.5131370148196833
4041,0.6225630840763806
4042,0.4923150730710949
4043,0.4903880539998938
4044,0.5206592695304472
4045,0.5520457147257211
4046,0.5642795498571909
4047,0.6086168307105179
4048,0.5326908049173631
4049,0.3533470109937724
4050,0.4456311043854124
4051,0.4536288173992783
4052,0.6057095264691518
4053,0.5437626458344526
4054,0.5576769276815462
4055,0.28055887876060387
4056,0.42690756173873523
4057,0.8436720737699731
4058,0.46726758098143584
4059,0.39160396782943313
4060,0.491082310416151
4061,0.41096374656978174
4062,0.5229160414002979
4063,0.3863660344436891
4064,0.45002741951542624
4065,0.45666572531279503
4066,0.6915805459127607
4067,0.6023023245882584
4068,0.5179519790424513
4069,0.4953313995753509
4070,0.6492427440681262
4071,0.430347293717405
4072,0.4463512043854057
4073,0.4515577789064899
4074,0.4886345669972824
4075,0.5190496377993501
4076,0.5059490923788313
4077,0.5490065838825706
4078,0.7045170891433584
4079,0.43860816175444767
4080,0.39271682091880233
4081,0.4946635832221858
4082,0.46284215990536925
4083,0.5444367275491301
4084,0.6530489898434512
4085,0.4671279386797305
4086,0.44521361257224135
4087,0.40080036511262845
4088,0.5688468874432623
4089,0.4605386917292968
4090,0.6112089647932221
4091,0.5744323389278301
4092,0.5756092649416696
4093,0.4477764747514812
4094,0.39859077185838604
4095,0.6811198411570345
4096,0.4635407510635873
4097,0.420681380667029
4098,0.5672784166312138
4099,0.4610549912663773
4100,0.4894591156453125
4101,0.5496347641743026
4102,0.5438891062955526
4103,0.549458260885207
4104,0.39191233337223663
4105,0.5777947447013905
4106,0.44458248155564795
4107,0.6352840889939065
4108,0.5010379114647081
4109,0.47151637340229113
4110,0.4949748673996419
4111,0.48747611959268106
4112,0.4264902245361174
4113,0.7973079954127764
4114,0.4914535151573948
4115,0.5240349653892138
4116,0.6718518488829242
4117,0.5701916056892545
4118,0.4728004107923671
4119,0.4861204921744764
4120,0.6261116523570078
4121,0.5006887260698359
4122,0.3869305199033529
4123,0.34605169266916735
4124,0.75814046207649
4125,0.2966785522674145
4126,0.4632634238610875
4127,0.4718845975424586
4128,0.5459731126128762
4129,0.40236296007420824
4130,0.5956014903053544
4131,0.524227057615291
4132,0.7619200266728812
4133,0.4507944211384732
4134,0.7342377616139908
4135,0.4073333965812884
4136,0.6246667216868265
4137,0.4504042508821425
4138,0.467596786602623
4139,0.4454637780395244
4140,0.6487770954650575
4141,0.4601307486194238
4142,0.42690899502182433
4143,0.3986335289958645
4144,0.5174674754096964
4145,0.5521132847558028
4146,0.41305533099186986
4147,0.624082166056849
4148,0.4554081885757906
4149,0.5157654061684921
4150,0.38578190853778505
4151,0.4585215128456759
4152,0.4126367737327047
4153,0.567982389815423
4154,0.5311521915125927
4155,0.4904949560904444
4156,0.5955278790338838
4157,0.5118035629495822
4158,0.7936145738791549
4159,0.498399525823986
4160,0.7209664654575676
4161,0.3640615242977211
4162,0.5644968723842425
4163,0.49118569378985183
4164,0.5511960611777103
4165,0.3948762277418223
4166,0.45812228959768647
4167,0.5442497150195598
4168,0.5428868768316919
4169,0.40146827818638636
4170,0.5528716555796973
4171,0.5033796363741649
4172,0.5148363848049782
4173,0.598857288672153
4174,0.5153411167359229
4175,0.49271673887635226
4176,0.5189111401025132
4177,0.5199917270560229
4178,0.4446087469032477
4179,0.6191260171836338
4180,0.365233407021226
4181,0.5539594838453408
4182,0.5017672508827921
4183,0.3267398524654261
4184,0.4263379403780382
4185,0.47141969466913847
4186,0.6176252010949072
4187,0.36824934975201296
4188,0.5057100067328505
4189,0.6455630242732935
4190,0.5799299606816082
4191,0.49525119035676335
4192,0.5444674019485184
4193,0.5847164891393833
4194,0.5288072872228233
4195,0.32245363180537356
4196,0.520576436698362
4197,0.4550275973899673
4198,0.4833269589590554
4199,0.37253581257799173
4200,0.5046134876985321
4201,0.4092932910427081
4202,0.42999336144884504
4203,0.5045031024208917
4204,0.5008544360259739
4205,0.5360412317770096
4206,0.5440160496251795
4207,0.5970355228077937
4208,0.46025490037231376
4209,0.48123973826638455
4210,0.453906036941237
4211,0.4806221419086747
4212,0.513006911514868
4213,0.45418534013377576
4214,0.5683035081126983
4215,0.670616061379603
4216,0.2674102060186063
4217,0.49132118185288004
4218,0.6004793657763224
4219,0.49353738321358503
4220,0.5479595392601713
4221,0.5179380910755136
4222,0.5704628921390162
4223,0.5382453174800637
4224,0.39830412713776486
4225,0.46289474223547483
4226,0.5908222346799457
4227,0.49502759945507996
4228,0.4166084318781313
4229,0.8344023554330355
4230,0.5699007717405379
4231,0.41367751009431675
4232,0.5213764736384652
4233,0.6925686460572182
4234,0.5561516449500739
4235,0.7730637373281952
4236,0.4442846282410583
4237,0.5960436834036114
4238,0.5023450362795036
4239,0.3234232067500471
4240,0.5256564693890994
4241,0.41501560850303687
4242,0.6009166473823854
4243,0.4000046844837387
4244,0.5188774926325783
4245,0.5403040018717189
4246,0.5187867628331937
4247,0.5070714111553876
4248,0.6522942830892795
4249,0.49235388202833863
4250,0.4467398096902502
4251,0.7014564306401194
4252,0.6137183677568958
4253,0.49986019502362017
4254,0.5368386318787651
4255,0.46427601472595564
4256,0.42582769804842413
4257,0.46121402314002025
4258,0.5735220887373135
4259,0.4942600338716633
4260,0.46649065580947624
4261,0.3934002665949759
4262,0.44118724743879256
4263,0.5864781319782658
4264,0.7395859102322413
4265,0.4207633705976106
4266,0.5924446190964295
4267,0.5717060307092922
4268,0.5778533646534265
4269,0.5554781894130951
4270,0.5496934576003781
4271,0.399035268457403
4272,0.45598515309693444
4273,0.5128054805549435
4274,0.4735368792794475
4275,0.6556212457077342
4276,0.5217084051836155
4277,0.5246520195989991
4278,0.46257430825708945
4279,0.4913559698628412
4280,0.4562365785794524
4281,0.482744537816844
4282,0.5430978156090356
4283,0.34823619134153005
4284,0.38481197710172155
4285,0.6578308740038264
4286,0.3938107892485234
4287,0.6331611395027181
4288,0.5882122745800282
4289,0.5429901041740678
4290,0.5176479526149922
4291,0.7488807572010179
4292,0.6339114346236863
4293,0.5928849774894763
4294,0.561833325768553
4295,0.5700968721364159
4296,0.5341504742242934
4297,0.453627307978171
4298,0.6705122052186692
4299,0.41338308184197364
4300,0.5486436716524122
4301,0.45193506983830584
4302,0.6255445381962229
4303,0.4917136942464601
4304,0.5426300509040141
4305,0.6589550617459273
4306,0.47409067478262745
4307,0.5427859550442528
4308,0.6211617588371758
4309,0.36085585299675915
4310,0.6232045683255891
4311,0.6360220524435313
4312,0.5832077807674305
4313,0.48410395320516364
4314,0.5013651932578952
4315,0.4225601248071723
4316,0.5252277638235864
4317,0.4751353705892013
4318,0.45729660156347174
4319,0.5237943603654608
4320,0.7121018234421547
4321,0.5501082642848214
4322,0.7191239730547229
4323,0.7285682587983261
4324,0.41238706380841317
4325,0.5213924839374721
4326,0.5047153118213985
4327,0.3928721944493492
4328,0.5504589121430044
4329,0.607247638802743
4330,0.49180756103922973
4331,0.4228533826018299
4332,0.5381088962299253
4333,0.3443921062733688
4334,0.48304921666523437
4335,0.5493816484694632
4336,0.5314251900319783
4337,0.5384052556073115
4338,0.4953001907640526
4339,0.48666428464253464
4340,0.4620993207160484
4341,0.5258798663439679
4342,0.673779811083766
4343,0.5561079149009256
4344,0.5129789737175844
4345,0.6349413692480739
4346,0.3833378211353471
4347,0.4949330165807002
4348,0.46262613734940616
4349,0.6877837987688656
4350,0.35050401397554226
4351,0.5459276810110024
4352,0.44471534871550683
4353,0.46890349565627376
4354,0.5254394758348023
4355,0.41283918317806845
4356,0.5481767764781392
4357,0.5127379735894961
4358,0.5035345933098003
4359,0.6401848161947616
4360,0.5235697946527084
4361,0.6343366204259374
4362,0.36147759104635574
4363,0.508894854537095
4364,0.4690387141665214
4365,0.6602421981857032
4366,0.5604175148831806
4367,0.4961280587380291
4368,0.698909032556712
4369,0.5193987273861356
4370,0.39597560779556185
4371,0.561755367660788
4372,0.44951655627697074
4373,0.6099799866973374
4374,0.5155847123355082
4375,0.480772807741434
4376,0.4212194079606922
4377,0.4024524405018707
4378,0.43973349657056526
4379,0.6450116341124983
4380,0.39339627436336727
4381,0.43479080390936464
4382,0.45682344935116953
4383,0.410762221225443
4384,0.4636555425458532
4385,0.569349072238655
4386,0.492175572861232
4387,0.41937334370085405
4388,0.5852315687076615
4389,0.5145208023148807
4390,0.42195342017593573
4391,0.5545898891501817
4392,0.3591239276634982
4393,0.5661643239517884
4394,0.4899843738742586
4395,0.537781833916318
4396,0.4950557073086258
4397,0.6322627946343107
4398,0.6277327099164371
4399,0.5144746783294436
4400,0.5477004474404474
4401,0.5048067167528428
4402,0.35745459463255824
4403,0.3823441939981599
4404,0.5262002516921943
4405,0.5838275882096003
4406,0.6089964044039803
4407,0.4343891482849376
4408,0.7600001915284492
4409,0.5015675606558536
4410,0.4920410273156802
4411,0.41794103008375444
4412,0.43999107255732206
4413,0.47024890372631234
4414,0.5093147552716172
4415,0.48703567155091726
4416,0.562973971338492
4417,0.5079102456078987
4418,0.48657647138420884
4419,0.688279902010204
4420,0.500739816068252
4421,0.5110857835203055
4422,0.42302255697788393
4423,0.4445919717988412
4424,0.4642527852800498
4425,0.3975765485196573
4426,0.46930203820982397
4427,0.44623590006581726
4428,0.5515761019883552
4429,0.43557079154561473
4430,0.4507631939253418
4431,0.43374810429963667
4432,0.4339735092751725
4433,0.4326008434934945
4434,0.6060661268416192
4435,0.5246744021139026
4436,0.5196438099891598
4437,0.5030082167646167
4438,0.44400437824230315
4439,0.49470218568029123
4440,0.5645554774471434
4441,0.5452222838855948
4442,0.41066300001550177
4443,0.5191678335270998
4444,0.505780954554291
4445,0.5773584089559975
4446,0.4514956143728135
4447,0.5421427013975264
4448,0.33854762385222
4449,0.48386103790717666
4450,0.41061815166920546
4451,0.4862034379247031
4452,0.5048423731982262
4453,0.7272472404079913
4454,0.528551043341304
4455,0.4565659757761675
4456,0.8501065361433486
4457,0.5972279287372347
4458,0.4797295552693619
4459,0.4668907696285376
4460,0.5824703965824739
4461,0.534410813686638
4462,0.5195577667524504
4463,0.5144449880957214
4464,0.6037139696888899
4465,0.4543278777037686
4466,0.630104623619846
4467,0.6927638011630414
4468,0.5717119566739481
4469,0.5505648629769275
4470,0.5598468581398987
4471,0.41867100131004764
4472,0.4535236737787574
4473,0.3060877460965149
4474,0.698699640618123
4475,0.5589079556119121
4476,0.3526432690668001
4477,0.5788680681795386
4478,0.5271656411295116
4479,0.5158319843179218
4480,0.4875297783426108
4481,0.3548836966615581
4482,0.49677577922829086
4483,0.5392218118782411
4484,0.5232540487339735
4485,0.4029092468801284
4486,0.5762513863252631
4487,0.5553902136731262
4488,0.5311608128750572
4489,0.49682074106303814
4490,0.6394266177140395
4491,0.44866212477765194
4492,0.5899768564563506
4493,0.5112322540983706
4494,0.6970465442430822
4495,0.499615346588737
4496,0.5888679214491243
4497,0.5770315007967778
4498,0.38035834755390596
4499,0.4499511230307795
4500,0.4928315703321465
4501,0.6496598219310459
4502,0.507836728882516
4503,0.49186411762278603
4504,0.560699442835827
4505,0.36334057099754036
4506,0.37965081448896343
4507,0.3052646360132825
4508,0.5753557691611816
4509,0.5031245823689703
4510,0.5403557656416726
4511,0.5993467543156538
4512,0.5261759289660888
4513,0.4896609879282369
4514,0.5120706925167376
4515,0.55667394837198
4516,0.5639033572520233
4517,0.5546337065799991
4518,0.375913196495931
4519,0.5649661390837232
4520,0.5700493842693741
4521,0.4249482437949125
4522,0.5064316632275935
4523,0.4765233827824031
4524,0.4812170533717753
4525,0.4583163614004966
4526,0.5607570180700796
4527,0.5387886494422703
4528,0.4533651938906728
4529,0.6043598605726188
4530,0.5536180353475029
4531,0.5733779971319213
4532,0.3383145768564351
4533,0.3754708573173887
4534,0.47720716864010765
4535,0.5196057744490697
4536,0.5166660907957634
4537,0.5081443685965454
4538,0.6157732107703976
4539,0.37218086398766653
4540,0.5382007192723454
4541,0.5395891163196849
4542,0.47658460658101426
4543,0.45058183051985135
4544,0.5058017934155005
4545,0.6068465713507223
4546,0.7753211901930789
4547,0.3591920121681599
4548,0.47068625090139193
4549,0.4109214066109377
4550,0.5389655099193519
4551,0.556325961858499
4552,0.5184845946749911
4553,0.5804521194806203
4554,0.5827331248417091
4555,0.5480685816860461
4556,0.41384366856744664
4557,0.7306687802518397
4558,0.608409968523825
4559,0.5559499094630704
4560,0.4921606982846518
4561,0.5924357245806515
4562,0.6223270708627148
4563,0.5024297967002042
4564,0.5303683940630104
4565,0.3712377830851593
4566,0.3923734887201838
4567,0.3729086803609504
4568,0.5040960389752804
4569,0.4767278865185634
4570,0.5422692566025168
4571,0.4036402173575311
4572,0.4922603516224952
4573,0.3587453286216753
4574,0.4489360838346992
4575,0.4060424314380271
4576,0.6236264860454062
4577,0.5505829378249433
4578,0.48408139189586047
4579,0.4074572707006203
4580,0.6072729412035797
4581,0.5175240550349184
4582,0.5108163435800489
4583,0.3354889415068963
4584,0.4088742216200276
4585,0.5562721215489951
4586,0.6002441846194756
4587,0.47653984177010494
4588,0.44407015699550456
4589,0.4596877831288493
4590,0.34580099146278986
4591,0.5001467020053274
4592,0.6160588895282625
4593,0.5548477433556555
4594,0.6641639607455834
4595,0.4303279527592812
4596,0.5493186811987764
4597,0.3820688761929485
4598,0.6119026766288604
4599,0.5296874393890453
4600,0.41985828823883986
4601,0.5746111205873742
4602,0.6241844245115221
4603,0.4465127182974157
4604,0.582312414062033
4605,0.5572472333566632
4606,0.5880814114862108
4607,0.5238452601554497
4608,0.40009782080537754
4609,0.4698386321348666
4610,0.5647657988772629
4611,0.37829723022681466
4612,0.4819924450187692
4613,0.599472921104693
4614,0.44469462524646075
4615,0.5700401586768369
4616,0.4970065388698524
4617,0.535033188764253
4618,0.5232651377547489
4619,0.5422592814793736
4620,0.5643427535474297
4621,0.5488135068364507
4622,0.5417012671286177
4623,0.652821574550951
4624,0.5164090122289825
4625,0.6347466503739219
4626,0.5957452731374399
4627,0.5561377313233006
4628,0.33973257950633085
4629,0.6095482177056333
4630,0.6501304382857969
4631,0.6324176451772867
4632,0.5577527135573823
4633,0.4963227970712783
4634,0.5522403420507553
4635,0.5015879426875811
4636,0.5531790728486727
4637,0.47726419978194257
4638,0.5366498419685283
4639,0.4955485914107011
4640,0.5572939813624194
4641,0.5133575877540706
4642,0.48973926489251746
4643,0.2944589093673431
4644,0.5139970557293261
4645,0.47322074751769294
4646,0.5603375985629282
4647,0.4855041263773236
4648,0.507228843801393
4649,0.7968406654109217
4650,0.7021542649446879
4651,0.5865215594274464
4652,0.5680117585462081
4653,0.49008509641525155
4654,0.8212336449460299
4655,0.45154637833355016
4656,0.4454913439095516
4657,0.5448059651310975
4658,0.40123118014546355
4659,0.35485430337716073
4660,0.35714491359350403
4661,0.451473315007649
4662,0.37676929628716727
4663,0.42296213659143417
4664,0.5423134312680647
4665,0.3931980448935317
4666,0.6847391877877116
4667,0.4103490533712689
4668,0.5712863000481914
4669,0.5888268368159562
4670,0.5139479497330905
4671,0.4733021529213817
4672,0.6425373303911823
4673,0.5411232941150436
4674,0.38916723956444654
4675,0.5291744545920888
4676,0.40666767466702913
4677,0.6921741395901051
4678,0.5341803059004699
4679,0.3851920183130717
4680,0.5045093405302442
4681,0.5190575925810629
4682,0.5207500041903151
4683,0.5686547338686501
4684,0.45352262716017977
4685,0.5990270715046616
4686,0.4589048606897459
4687,0.3786704083822001
4688,0.4900109424150327
4689,0.68159841781819
4690,0.4866278059559983
4691,0.48665066153495035
4692,0.32030847646052973
4693,0.5923014794995607
4694,0.4859500307577895
4695,0.4934364479600441
4696,0.7149189601570856
4697,0.6191208652851842
4698,0.48567736385800653
4699,0.5469910423803155
4700,0.5381546307599898
4701,0.6820466536042629
4702,0.4700021636992666
4703,0.4770207223004777
4704,0.4554907770152662
4705,0.7564794571286961
4706,0.5648750627673654
4707,0.5816743327517925
4708,0.642217020886445
4709,0.5470279319358609
4710,0.5751920345553002
4711,0.5230125095104211
4712,0.6370177449851973
4713,0.47023043221611865
4714,0.5010303997138827
4715,0.4995074001448216
4716,0.8096327581179206
4717,0.5001297585631924
4718,0.5416436222547966
4719,0.37207161219811835
4720,0.4176276768036897
4721,0.5215277329851272
4722,0.5680990003949963
4723,0.5722294953820777
4724,0.6073154784332864
4725,0.5545551387718066
4726,0.6140161205289622
4727,0.41975065532023226
4728,0.5022378043917158
4729,0.5117987906671208
4730,0.5440033959553964
4731,0.5172444201275908
4732,0.46540306505918294
4733,0.6263221893966525
4734,0.3852789977662302
4735,0.4597805330894835
4736,0.4402019370733739
4737,0.4666953052547146
4738,0.7121827472051305
4739,0.45403669129006136
4740,0.5678119672628537
4741,0.46418191332724357
4742,0.46016687643485277
4743,0.5493028557790022
4744,0.5760970661268509
4745,0.35142255164491
4746,0.49430649575073315
4747,0.5341812208255777
4748,0.5271416471392392
4749,0.5603237520606636
4750,0.5340319242514247
4751,0.43823855042933
4752,0.544575675844839
4753,0.4302273301893341
4754,0.5569600047021538
4755,0.4530463390556347
4756,0.5229259276237459
4757,0.5743279189450538
4758,0.34266296183931655
4759,0.6637268306508879
4760,0.32042321927107514
4761,0.49602859431045965
4762,0.6692145148961256
4763,0.6633206350646881
4764,0.45628302806022614
4765,0.7786235055944464
4766,0.3839972569754179
4767,0.28706970996729686
4768,0.558735991017956
4769,0.31836104588000735
4770,0.3448516563028391
4771,0.47208318090179985
4772,0.4539968178048812
4773,0.5215211008018676
4774,0.4704675544691093
4775,0.6366613401802631
4776,0.39915864177348515
4777,0.555457676902574
4778,0.5369862312739974
4779,0.7431710354370079
4780,0.38039986876642995
4781,0.6928167167967466
4782,0.4461497306305615
4783,0.38791987201367845
4784,0.5003695500255921
4785,0.5570759860230279
4786,0.5358088641256725
4787,0.6535647840796951
4788,0.582891940752454
4789,0.47720735229711647
4790,0.6394471151797875
4791,0.44052571507392885
4792,0.4983516703708756
4793,0.5566465581656015
4794,0.5343962457096951
4795,0.6945323593654757
4796,0.47182877971315845
4797,0.4845091550782613
4798,0.41524511681597065
4799,0.6438924763665085
4800,0.5122180871504471
4801,0.6286730694550989
4802,0.4147921849387448
4803,0.5649169789512501
4804,0.5233968106205927
4805,0.7473817057129262
4806,0.5949340242512221
4807,0.49405250693101377
4808,0.46779022692446354
4809,0.4723699589696522
4810,0.5341292392198491
4811,0.3283457886524219
4812,0.3482082818533877
4813,0.3933126982991452
4814,0.5571544419127599
4815,0.672972236430696
4816,0.41364607346888405
4817,0.4598700481750322
4818,0.5680368235194276
4819,0.6470464299244783
4820,0.4034983760515917
4821,0.5258130898248129
4822,0.5221395057078179
4823,0.7018450236539684
4824,0.5518369696077916
4825,0.47991174825011057
4826,0.6030618067877078
4827,0.5107481572715662
4828,0.5087000566628925
4829,0.39835090670501405
4830,0.45651834167868655
4831,0.5102863003188243
4832,0.638087491679258
4833,0.47018478062064967
4834,0.44132253870090593
4835,0.4757584201509992
4836,0.48253513709771806
4837,0.43958339192647977
4838,0.5149861457725614
4839,0.5096985009764833
4840,0.3587648837060136
4841,0.622449605105068
4842,0.5771501505425611
4843,0.5619348741347593
4844,0.5614533779935215
4845,0.45018602974997834
4846,0.5443184189355428
4847,0.6069898310134644
4848,0.46750991726511465
4849,0.6262255317463351
4850,0.4668198651312264
4851,0.4965209033105452
4852,0.4915282150949152
4853,0.7210375205465079
4854,0.5489992000394559
4855,0.5138379908610555
4856,0.45895980145192067
4857,0.43082210562187473
4858,0.5615744269609221
4859,0.6509617735144816
4860,0.5379248368151776
4861,0.2926724115642042
4862,0.5632827360170441
4863,0.5423361198352049
4864,0.5865072052847236
4865,0.36599090187495065
4866,0.5492908661009505
4867,0.5533566321662028
4868,0.42322791751016914
4869,0.30602033703152853
4870,0.5845751947782547
4871,0.49457255682528634
4872,0.7184428879429358
4873,0.5566799467033008
4874,0.507239975774327
4875,0.4940318212574568
4876,0.6902960370666118
4877,0.4136821166446232
4878,0.5316897336125438
4879,0.48344512420595814
4880,0.5523580121177727
4881,0.5750936921452625
4882,0.7139880620429879
4883,0.559630989520564
4884,0.33272762449350995
4885,0.3279615018177554
4886,0.5531612486569389
4887,0.4908034021559353
4888,0.5611778166072852
4889,0.5511470802971801
4890,0.46491922640791405
4891,0.5204576065161582
4892,0.4193755497286784
4893,0.5278105825789163
4894,0.5720439886839034
4895,0.5268241062803575
4896,0.5136439707666082
4897,0.38413356720942565
4898,0.5012370103702485
4899,0.498651301386238
4900,0.48416434082599424
4901,0.45808133684272323
4902,0.65743113454323
4903,0.5774427799968385
4904,0.39002931259703577
4905,0.522477909441141
4906,0.5255584119673526
4907,0.5714705565303129
4908,0.5613781253506318
4909,0.5007440141332796
4910,0.49816108589915714
4911,0.45830977644712034
4912,0.41229159090848155
4913,0.4976117491261185
4914,0.4947410444666373
4915,0.5566848197007529
4916,0.46196988571156505
4917,0.5543829214598341
4918,0.7750483107082423
4919,0.427393787752378
4920,0.5995209928585961
4921,0.6331078270963658
4922,0.5346713227522812
4923,0.4310854969533538
4924,0.44055886582951714
4925,0.5511599483047995
4926,0.353199216323054
4927,0.606308774148286
4928,0.463405289250413
4929,0.49984137225303527
4930,0.4445897283415677
4931,0.7601679047864381
4932,0.5297668074951661
4933,0.4621396117271745
4934,0.43555389892085794
4935,0.4911050234637135
4936,0.5621346334416257
4937,0.4060116984573424
4938,0.5767475378308975
4939,0.5359980926289619
4940,0.551611907333483
4941,0.4670278971477658
4942,0.5360061903690844
4943,0.5413137758919494
4944,0.5712331468845283
4945,0.6164619926431851
4946,0.5820933853833508
4947,0.4422169508763447
4948,0.4062046857102917
4949,0.41918051060187667
4950,0.5386697592593054
4951,0.409163629620907
4952,0.4906146040309902
4953,0.37205360864465387
4954,0.533403716401653
4955,0.4959446155101585
4956,0.38006942120696974
4957,0.37364227962933094
4958,0.37706142978235185
4959,0.46854309773068187
4960,0.4293500812012523
4961,0.47415081024871436
4962,0.5118020330137824
4963,0.5299843699906723
4964,0.5874576464340833
4965,0.361541856476408
4966,0.375543254120124
4967,0.6626811094031297
4968,0.44889922881014593
4969,0.6811528627940846
4970,0.3468581619955831
4971,0.4908364119485516
4972,0.4731446409267321
4973,0.4923095658070724
4974,0.5568238780494568
4975,0.6439420746584625
4976,0.4228942769261188
4977,0.7268225802010883
4978,0.5743129140251912
4979,0.4238310382212437
4980,0.5406011699257514
4981,0.6148935388948413
4982,0.44975554462455974
4983,0.4732899403972083
4984,0.4456663490363666
4985,0.3863560593771659
4986,0.5036897526821668
4987,0.4243363370087456
4988,0.6151888965282735
4989,0.35943092127086046
4990,0.5137220110407774
4991,0.5822945664833784
4992,0.5310607220574138
4993,0.47613402072984023
4994,0.497917771113663
4995,0.6255699459893913
4996,0.4908698673766169
4997,0.4461685295469445
4998,0.5046001249943577
4999,0.5685413498875428
5000,0.4855892503749885
5001,0.4986495978956516
5002,0.446618645053512
5003,0.4989479304354188
5004,0.5655196834277738
5005,0.49731186382049686
5006,0.38840392663330986
5007,0.476492611196536
5008,0.6571920388788175
5009,0.6618054258057177
5010,0.411803916487272
5011,0.4420650187888283
5012,0.539965633861619
5013,0.4757501630041512
5014,0.47493277527960687
5015,0.49093181336383535
5016,0.49337115580019564
5017,0.6213762345883717
5018,0.4313078145037032
5019,0.4825239302759241
5020,0.344979489330589
5021,0.6336648112965657
5022,0.42414804656120814
5023,0.6022745891132172
5024,0.3785092739432062
5025,0.39821586962076727
5026,0.4850473281457061
5027,0.5522491941365469
5028,0.5761435666971907
5029,0.37594527252304893
5030,0.5554994515221565
5031,0.409218493338212
5032,0.4535711308669475
5033,0.5760473924513543
5034,0.5298090639643237
5035,0.5771055943056818
5036,0.4877086188691131
5037,0.4300282742803768
5038,0.3985443680879051
5039,0.6642556089609306
5040,0.751245758708737
5041,0.5366280807821904
5042,0.616928564462948
5043,0.42912465029035696
5044,0.352914846718269
5045,0.4997870206666163
5046,0.5440755378234542
5047,0.5440609506214544
5048,0.44936426665230544
5049,0.44597119034759247
5050,0.5788214244667135
5051,0.5671254516364382
5052,0.42837482703073454
5053,0.5635084417891436
5054,0.4350053498318866
5055,0.4377577858297293
5056,0.4416161591276322
5057,0.5347874434063246
5058,0.43732747180320775
5059,0.6789593409824255
5060,0.5009870040340704
5061,0.49064629549424693
5062,0.7008278581388252
5063,0.49182580627556266
5064,0.4503159584811977
5065,0.4386783437771711
5066,0.36017409187306076
5067,0.46880366306322263
5068,0.600934479313874
5069,0.33264950403042703
5070,0.4152106161029876
5071,0.4244099354587483
5072,0.44343016049916717
5073,0.6001994715939394
5074,0.47582447758220403
5075,0.5840877594668126
5076,0.5766010370107735
5077,0.417949775719487
5078,0.45238587683678266
5079,0.49565723092187
5080,0.49473879971390644
5081,0.5112421653639895
5082,0.431112005011972
5083,0.49407609253800333
5084,0.5139176116723564
5085,0.6271545018913722
5086,0.5000407508437368
5087,0.44800028856657986
5088,0.5017140883015917
5089,0.6298890097057244
5090,0.4302029322178506
5091,0.3992299115043962
5092,0.49154982699185307
5093,0.4166463139941489
5094,0.4908996722048911
5095,0.5510745672188438
5096,0.6073517598172584
5097,0.44231313772116526
5098,0.5907153561546019
5099,0.4645885040539681
5100,0.34395264013088034
5101,0.5191935524750966
5102,0.4881077521258787
5103,0.6234794160476848
5104,0.440258508669264
5105,0.5005731027859462
5106,0.5302045338911878
5107,0.3759525565431924
5108,0.441996860408334
5109,0.6649370136284084
5110,0.4685694970808639
5111,0.5613821524049567
5112,0.6853848284803401
5113,0.4775408918828421
5114,0.3243260644584202
5115,0.4215542386501998
5116,0.6126130159484489
5117,0.558593682303963
5118,0.40057217859730987
5119,0.49398875826687383
5120,0.3438383270673047
5121,0.42854662883658723
5122,0.5480947336051296
5123,0.7667507207699662
5124,0.5728430807885929
5125,0.4263170870120729
5126,0.512410804210692
5127,0.6583539868118666
5128,0.6996717369877589
5129,0.513996911192455
5130,0.558662583572494
5131,0.43335963408768713
5132,0.5009479549735926
5133,0.5788100988595977
5134,0.3685984943953975
5135,0.4422305636184269
5136,0.4528645718565393
5137,0.4305554362236621
5138,0.34570965162219613
5139,0.3391448977389878
5140,0.6272242233729302
5141,0.48303728079958286
5142,0.49129265829189467
5143,0.5063542496642327
5144,0.6871581137484865
5145,0.4461787748706831
5146,0.42654530158315973
5147,0.4405323903943239
5148,0.6492289822279947
5149,0.460910237277583
5150,0.542697181694207
5151,0.49157380103275805
5152,0.6515039568240321
5153,0.622496688854642
5154,0.5075702414674267
5155,0.44941297195850616
5156,0.7033577403193012
5157,0.6580996069869597
5158,0.4403594783831693
5159,0.4760491181074425
5160,0.3112743351144259
5161,0.58099505005687
5162,0.590013513680385
5163,0.38112452620222903
5164,0.6883465529748196
5165,0.43572788416862746
5166,0.5428033061983087
5167,0.3484479880660448
5168,0.4763279572304201
5169,0.5092415860435974
5170,0.4649924313996571
5171,0.525368126429923
5172,0.6404601142856463
5173,0.4379208190925797
5174,0.4633647485094046
5175,0.5072556531578788
5176,0.40394957792924757
5177,0.35950515879823797
5178,0.6548258297109804
5179,0.5058326733400438
5180,0.5400541306209352
5181,0.5481300956023448
5182,0.4937871334171332
5183,0.5414609049947084
5184,0.4796444878047433
5185,0.5641360116675777
5186,0.5107030487294619
5187,0.4173951757837058
5188,0.5578586145394107
5189,0.36911233014646655
5190,0.46910714381998003
5191,0.3576351247002077
5192,0.4672250087220109
5193,0.5383792383055086
5194,0.43498183047597117
5195,0.48753710582435605
5196,0.49954264067358684
5197,0.4941046251482552
5198,0.6256665864992521
5199,0.7562776969558889
5200,0.5144098989120109
5201,0.5341239313593235
5202,0.5926235506776963
5203,0.5919406679517829
5204,0.6177737697997012
5205,0.5934935912962988
5206,0.5228046126393134
5207,0.5201724281100211
5208,0.549119061759691
5209,0.38138074791391263
5210,0.47984731652667334
5211,0.5084737797026275
5212,0.3498896463802878
5213,0.45203299858649393
5214,0.4666929670432661
5215,0.5266060180773715
5216,0.4800077718660033
5217,0.8742160320015911
5218,0.3370721872978458
5219,0.6437836921583142
5220,0.4935660888227765
5221,0.5551430440925917
5222,0.5627783764136634
5223,0.49848341443450744
5224,0.49862101166402134
5225,0.5731786779068122
5226,0.6446041164432212
5227,0.5749008319732677
5228,0.5106963318230207
5229,0.46781758041027094
5230,0.6726469454687094
5231,0.5035847534522103
5232,0.5599240439144602
5233,0.47310218569559365
5234,0.4779262402000844
5235,0.5387247430242958
5236,0.37539131453373054
5237,0.5163613892861432
5238,0.509643869125931
5239,0.45223498903955
5240,0.4483598184626117
5241,0.6205137004090302
5242,0.7053407584466955
5243,0.5450233685073016
5244,0.3957027083432104
5245,0.5074783480435185
5246,0.49275424753765984
5247,0.42234826625410626
5248,0.5373750726600642
5249,0.5572539402662184
5250,0.49771104580126324
5251,0.5388627391059315
5252,0.4625388611403457
5253,0.4267461490371159
5254,0.6034860478995809
5255,0.4388837479488829
5256,0.4750059630822645
5257,0.3884072936847348
5258,0.44975654192365266
5259,0.5627378620785426
5260,0.4572379264348401
5261,0.7074992856262421
5262,0.47243674346882847
5263,0.6813823686729567
5264,0.3692746056465377
5265,0.5696612704728425
5266,0.6479853271626701
5267,0.5921409922505281
5268,0.7609216034750582
5269,0.41067880108310123
5270,0.5878029253125625
5271,0.49857509932276345
5272,0.49435681098978984
5273,0.44855825694301715
5274,0.40148010866129397
5275,0.4404906806189043
5276,0.4556327634299873
5277,0.5134640351346397
5278,0.5929193220764405
5279,0.40390539086302185
5280,0.37568313686446086
5281,0.5728581518761172
5282,0.38529322906465113
5283,0.40738550073549884
5284,0.5124084418629293
5285,0.5262693581280297
5286,0.5392251463901011
5287,0.6003460304356071
5288,0.43937495844657737
5289,0.6877042224572629
5290,0.4795087234866512
5291,0.4327591012220404
5292,0.5266214563602475
5293,0.45410659449453017
5294,0.4259523549156393
5295,0.666683572302009
5296,0.3585169515994913
5297,0.43852719632319825
5298,0.6080632830209445
5299,0.5786379452036118
5300,0.5336727634110304
5301,0.8640417945932888
5302,0.5709148733667777
5303,0.33358334605398
5304,0.43524189540685976
5305,0.5304765625552361
5306,0.373236908900684
5307,0.49649652381116854
5308,0.5034747057688833
5309,0.4346550268140632
5310,0.47826974483205925
5311,0.6649634652178522
5312,0.35862973850751106
5313,0.5396736113384515
5314,0.4754576521488891
5315,0.486614303636839
5316,0.4368804681627866
5317,0.5005534979554801
5318,0.4640172536487626
5319,0.4463682284102088
5320,0.7381870410791168
5321,0.37431962651117034
5322,0.4264904109212504
5323,0.5015203327747814
5324,0.5233855985637623
5325,0.6351349675162904
5326,0.4260898865642151
5327,0.47604795997883886
5328,0.48713280156944694
5329,0.5232767295596835
5330,0.5933519176633009
5331,0.5049427516033462
5332,0.5155956319011867
5333,0.4786130090383074
5334,0.5691260115189077
5335,0.46619283176935766
5336,0.5007121594627376
5337,0.6950309793037861
5338,0.4261946097785412
5339,0.7833748765824278
5340,0.4214916449934246
5341,0.44368350981728577
5342,0.5038547761934568
5343,0.4929060337465819
5344,0.5751450459124762
5345,0.5768736522504948
5346,0.476797174080563
5347,0.5364934079710618
5348,0.49867723059379787
5349,0.4197164894468627
5350,0.47461566991621906
5351,0.5336357874814864
5352,0.4998267202397825
5353,0.5353533514050446
5354,0.4680319171730806
5355,0.6538215459424804
5356,0.7128260202767686
5357,0.4926750019794559
5358,0.7284173220064305
5359,0.6363004462295352
5360,0.6881814477595007
5361,0.6092295030550317
5362,0.4944307385038045
5363,0.5842674551068817
5364,0.5321221095940233
5365,0.5293073943150268
5366,0.6867581961884786
5367,0.6001168541539843
5368,0.5214351530512904
5369,0.48215496594615714
5370,0.5184893782892933
5371,0.4802776313704079
5372,0.610191887345332
5373,0.5882836550296549
5374,0.46672847010880764
5375,0.5424170913658606
5376,0.6096396233853797
5377,0.5012595922580864
5378,0.5606328958698963
5379,0.5028312447403058
5380,0.5446427841360112
5381,0.4098244248345423
5382,0.48349302830467505
5383,0.4308168505222543
5384,0.6812489636536874
5385,0.5209705795903261
5386,0.7904927743588508
5387,0.44145409595280044
5388,0.46830361386747665
5389,0.49106105205965456
5390,0.5694507775133456
5391,0.36227224744616704
5392,0.517212301472007
5393,0.46235848210944425
5394,0.4686564018714245
5395,0.406648638578224
5396,0.47177151148254426
5397,0.4836716476843478
5398,0.3714942531423034
5399,0.5627489080055192
5400,0.4856800830192138
5401,0.6176873942128638
5402,0.48642027452308834
5403,0.5214329846809699
5404,0.4367313418974376
5405,0.5967290159882875
5406,0.6253493735993647
5407,0.5558718935491882
5408,0.4897281806513258
5409,0.5173178059849298
5410,0.5148375875938965
5411,0.5457452591005728
5412,0.4708614080718163
5413,0.41070392726474325
5414,0.6389468983064763
5415,0.34427196391809933
5416,0.52841351756244
5417,0.5652263894803422
5418,0.35416659448016985
5419,0.4375570321346236
5420,0.48101992546384376
5421,0.4280842160738942
5422,0.6426606530384752
5423,0.5260229793495323
5424,0.3267724197232723
5425,0.5610604053915506
5426,0.5598821650678453
5427,0.5085754774813431
5428,0.6540675087299506
5429,0.3799045051670009
5430,0.4778319161052714
5431,0.6776890107857142
5432,0.4996380618274143
5433,0.525906578717892
5434,0.4215631247377826
5435,0.656234864536725
5436,0.41492626932742427
5437,0.567907002683343
5438,0.47887544717643127
5439,0.4705127165366504
5440,0.5432958988674677
5441,0.4714639535542817
5442,0.706358386599133
5443,0.5471780243351227
5444,0.5570056062138047
5445,0.2916291589779686
5446,0.4840727662536543
5447,0.5636246857341254
5448,0.6333278684846776
5449,0.6864871283608944
5450,0.5967391308937411
5451,0.5047398409169298
5452,0.4892564864924514
5453,0.4484642247080785
5454,0.5101061565281491
5455,0.6694199765712588
5456,0.6195985716215141
5457,0.41994009038795005
5458,0.6248852845343462
5459,0.5424256395787468
5460,0.5596230463034769
5461,0.44018600746290615
5462,0.4459173440509788
5463,0.4989781006384125
5464,0.4371251538964085
5465,0.3436316121270026
5466,0.5792103319042935
5467,0.41834158392937165
5468,0.424133422608011
5469,0.39832498707762
5470,0.6708347369737657
5471,0.5590546089040652
5472,0.4696287763147321
5473,0.5520822743708935
5474,0.47016343469369837
5475,0.45137491909321126
5476,0.32019329674991764
5477,0.43405334737442447
5478,0.37456223590408055
5479,0.6000825616348854
5480,0.5504135343552178
5481,0.7040704943247906
5482,0.3123418512662357
5483,0.47105189329344294
5484,0.5045507139670509
5485,0.5932601263889262
5486,0.5308331634995505
5487,0.747081655176054
5488,0.6062427177504972
5489,0.4682730556438164
5490,0.46274949663114195
5491,0.49833985328693275
5492,0.4721964224359703
5493,0.6056045622145766
5494,0.7050767431303615
5495,0.5420611658553666
5496,0.4674745671951459
5497,0.3954471091619307
5498,0.6096896783681481
5499,0.5442214789537217
5500,0.6452583476655375
5501,0.6168114826952689
5502,0.48452606961910333
5503,0.5355064362551115
5504,0.41090569332689625
5505,0.3966213934873555
5506,0.4633196060643749
5507,0.7377367307969378
5508,0.42541389631507814
5509,0.560639388685059
5510,0.5093835020293935
5511,0.6287807065623414
5512,0.6674104741436012
5513,0.7444998799352818
5514,0.571549559540916
5515,0.592059109437343
5516,0.5092047585588785
5517,0.4296894911040901
5518,0.7063355913455566
5519,0.5637745750875639
5520,0.3897534523150743
5521,0.49302579665351104
5522,0.5723517691217913
5523,0.4536743628818544
5524,0.4809576659831228
5525,0.647410741925486
5526,0.6167524121074384
5527,0.6594160626141472
5528,0.639649748041843
5529,0.47458096630957114
5530,0.31825326438067036
5531,0.6246454796962213
5532,0.528655858776907
5533,0.4529625241729375
5534,0.45385748081665495
5535,0.6402192437522191
5536,0.5618137382220983
5537,0.38664180948294047
5538,0.3169362014690653
5539,0.6638396156370119
5540,0.5953267254282617
5541,0.5614728776120222
5542,0.5904167899396029
5543,0.5696266691531995
5544,0.5412745394298072
5545,0.45873100198208855
5546,0.5133396547424058
5547,0.542052344050306
5548,0.5303347360931854
5549,0.42523255223936435
5550,0.38965397531975954
5551,0.5388470623582285
5552,0.6917541494448081
5553,0.672556589703155
5554,0.511452677396655
5555,0.43345278951804067
5556,0.35512036588423923
5557,0.5923441422892807
5558,0.4591923301973688
5559,0.5625463428228551
5560,0.4310822452626152
5561,0.4785813325025489
5562,0.6806948883371251
5563,0.682128067811882
5564,0.4783391443650063
5565,0.6225466082286003
5566,0.40931715152001197
5567,0.48474967497924154
5568,0.4682363050694249
5569,0.4215242557616342
5570,0.5034296940335808
5571,0.5088177041646837
5572,0.5692430048016243
5573,0.5410051116466946
5574,0.4835657850546834
5575,0.432577455850195
5576,0.41777657904156024
5577,0.5526691389604315
5578,0.4929833369876045
5579,0.46266587600964126
5580,0.4934347379540164
5581,0.4482627053420116
5582,0.5338671535090196
5583,0.564914759384207
5584,0.5369591648236494
5585,0.2706599414075425
5586,0.49721299404751707
5587,0.5327912138419921
5588,0.4403126324176702
5589,0.6477846820671748
5590,0.6880023248453031
5591,0.389131459378972
5592,0.5049033731217557
5593,0.8005092443149691
5594,0.39614785031208455
5595,0.47944410265549253
5596,0.4756243876033495
5597,0.6674493995530895
5598,0.6253179935112203
5599,0.5346550236028471
5600,0.5287179729277839
5601,0.3855064163379101
5602,0.6398617914775536
5603,0.5536490304732742
5604,0.49785679566654084
5605,0.5187237092290686
5606,0.5509403470410132
5607,0.5057261009658512
5608,0.5271276051144125
5609,0.5651479101197595
5610,0.5953701016422333
5611,0.38107727938569425
5612,0.5449723506423301
5613,0.6023664985584113
5614,0.4163970187812843
5615,0.3887250570150783
5616,0.4810644170087071
5617,0.6010530503296894
5618,0.5643285102704181
5619,0.5520443578016981
5620,0.3586847166905742
5621,0.5886987455954587
5622,0.464636061052542
5623,0.4370681783430277
5624,0.4266853676585588
5625,0.4431790014844589
5626,0.5646818070382812
5627,0.42397625429139946
5628,0.5261256217408364
5629,0.47604670202237237
5630,0.4424856730703302
5631,0.5193478905228678
5632,0.6279533345984384
5633,0.5885998912080515
5634,0.4927422648252142
5635,0.47362001663019787
5636,0.4821779182029552
5637,0.561924727813707
5638,0.3893807236892259
5639,0.5557914429944758
5640,0.6063980979085721
5641,0.4896656946004126
5642,0.4912312079561312
5643,0.6201574638463823
5644,0.42147043299547665
5645,0.53937269331288
5646,0.4235385794016192
5647,0.4893627208709098
5648,0.6586780568178183
5649,0.5085593740534754
5650,0.4466732274841465
5651,0.7330214031192723
5652,0.4755148687308962
5653,0.44882243258332083
5654,0.46842778661236106
5655,0.4063658600101545
5656,0.40176305622091113
5657,0.6481444233312043
5658,0.4431141222449642
5659,0.37301132048973323
5660,0.49716166252642163
5661,0.4168837279600939
5662,0.5890886156887378
5663,0.6517285531180232
5664,0.4891379867534185
5665,0.5687711215045655
5666,0.557646860352235
5667,0.6948348244334754
5668,0.5379634915995986
5669,0.5895154960107611
5670,0.4088575575243204
5671,0.46904231756963133
5672,0.6002000681597177
5673,0.361702393379967
5674,0.5994567116322183
5675,0.5048491942356998
5676,0.4759342542627541
5677,0.4496467777058597
5678,0.5287484763360886
5679,0.5164945219696017
5680,0.6230548143569405
5681,0.7310146089006418
5682,0.5041414762524014
5683,0.43680305037559974
5684,0.5311088496852845
5685,0.4946168465822071
5686,0.36385940779113424
5687,0.6560140333889808
5688,0.4719495636211227
5689,0.3766139000625893
5690,0.4442496278792015
5691,0.5136508552803265
5692,0.5928791336075742
5693,0.523015740709915
5694,0.609098865125705
5695,0.42735449088471233
5696,0.5367679708125734
5697,0.48467053290230017
5698,0.7620235990437902
5699,0.42596862813395864
5700,0.4786499497275394
5701,0.6193513833829964
5702,0.5871799033624197
5703,0.5930357799014151
5704,0.3239009860020011
5705,0.5974858564959971
5706,0.48117954599597007
5707,0.5111873284583658
5708,0.508560825862745
5709,0.7208199249280811
5710,0.5323286677569974
5711,0.6237590530823005
5712,0.5969802460942106
5713,0.5970727867969031
5714,0.3962888639027395
5715,0.5754337237847694
5716,0.5554328986090138
5717,0.47455958252790914
5718,0.6115790705640309
5719,0.44439647024733103
5720,0.5542093865739438
5721,0.36110340744874314
5722,0.6677433708361415
5723,0.4927033748875422
5724,0.4674524739316238
5725,0.6379381374450085
5726,0.69804014227387
5727,0.35885046983829016
5728,0.5856315144039203
5729,0.6672367559851583
5730,0.6870670215361685
5731,0.5820472976244256
5732,0.3929669986769251
5733,0.5737477548882979
5734,0.5205766782377853
5735,0.492266450030195
5736,0.5315554669540916
5737,0.5453790489940216
5738,0.4311710209606767
5739,0.44396182581996024
5740,0.5819464377663748
5741,0.37063949356641446
5742,0.8351079143548404
5743,0.4136704490227511
5744,0.42357709590357695
5745,0.6042880801649501
5746,0.6359334624553021
5747,0.5012893230380463
5748,0.4469579379901485
5749,0.4128588415091215
5750,0.4110037278445295
5751,0.4428566426805981
5752,0.46927088946681905
5753,0.47275369512286247
5754,0.5353829088735901
5755,0.6238440992638163
5756,0.509081933199399
5757,0.4052528376312924
5758,0.5852561722675402
5759,0.4453647044203448
5760,0.5669986227321838
5761,0.44348870049678446
5762,0.615246089887855
5763,0.5325261701841344
5764,0.48934585950665754
5765,0.63888033669944
5766,0.3964230511323625
5767,0.5169448079783744
5768,0.33699872665167163
5769,0.37686953559113245
5770,0.3803112867150965
5771,0.5109374987648705
5772,0.5486855097761952
5773,0.4693835358990397
5774,0.5834677157848048
5775,0.6645484593625188
5776,0.5032962330669858
5777,0.44809009285395224
5778,0.6449206645543332
5779,0.5982322653322296
5780,0.3705937807265218
5781,0.5552879967315929
5782,0.37396161209128687
5783,0.47837552897806446
5784,0.4739175523826795
5785,0.4415771028193376
5786,0.4206436602420613
5787,0.4781161240362914
5788,0.5056661239603388
5789,0.5449974353330462
5790,0.729704975695314
5791,0.5826401367123858
5792,0.46946494677312006
5793,0.4851361051695634
5794,0.3607830714933453
5795,0.6569114343214608
5796,0.5283129494878162
5797,0.5615692297691152
5798,0.4583412502669325
5799,0.6566146345680143
5800,0.5153773576344922
5801,0.4580883899170031
5802,0.5911918352562942
5803,0.3786956524381725
5804,0.4915979532487592
5805,0.7803468469541042
5806,0.7144696565320202
5807,0.4782672232124643
5808,0.2324455925309648
5809,0.45904407724903895
5810,0.4832372855681682
5811,0.5209036613090714
5812,0.5342785852332593
5813,0.5117954763265584
5814,0.473104430772169
5815,0.5439262267322332
5816,0.5258494843100786
5817,0.46179096799978636
5818,0.5558847973959989
5819,0.4458366035005055
5820,0.3716456165142046
5821,0.741956951585817
5822,0.3831029663551031
5823,0.5329460410003289
5824,0.5312104942315948
5825,0.49169503122628166
5826,0.4677007813606647
5827,0.6095156432560328
5828,0.46942638587326185
5829,0.4907723348904853
5830,0.5296111079814126
5831,0.47238014403536677
5832,0.30896118344042767
5833,0.5159846245374933
5834,0.7452907096128405
5835,0.32172280359378047
5836,0.4523741450369327
5837,0.49433479456888285
5838,0.5694305614140338
5839,0.3843096352893937
5840,0.4371705787509886
5841,0.49659893698283536
5842,0.5436733140169934
5843,0.447401498740327
5844,0.5699557734399984
5845,0.46001058838058917
5846,0.4357342473660129
5847,0.5494206895048592
5848,0.5478683495785299
5849,0.5054558180599703
5850,0.5116810469263577
5851,0.5818427674640777
5852,0.5349229595394045
5853,0.4479597934994089
5854,0.627471219730469
5855,0.40080628251401645
5856,0.3444101576187341
5857,0.6772794875701132
5858,0.4905965030221352
5859,0.5260843972539271
5860,0.3618404643805203
5861,0.34945074048577074
5862,0.4028110714324258
5863,0.4995896212058213
5864,0.41541417134231495
5865,0.5140974673421069
5866,0.4819059060643438
5867,0.7154488360509395
5868,0.6122452489450718
5869,0.4513198214854452
5870,0.5273494039763872
5871,0.5069093301047659
5872,0.4500602625972242
5873,0.49418233458187116
5874,0.4614995834530258
5875,0.43573609754318404
5876,0.5388821575661019
5877,0.6792704447332909
5878,0.4506440239755849
5879,0.5233507562352508
5880,0.5570526746243131
5881,0.5319764433274302
5882,0.40421925963471855
5883,0.5932392764038467
5884,0.622104927588604
5885,0.4702799584231412
5886,0.4417603715373648
5887,0.44904528002113464
5888,0.552152907276656
5889,0.498148597289919
5890,0.6128334815854215
5891,0.4552651020808672
5892,0.47051849469295587
5893,0.5156905645115576
5894,0.4456738944038435
5895,0.25435989217340865
5896,0.572722321081948
5897,0.5885396702745447
5898,0.45298070591193984
5899,0.4083365487930991
5900,0.5400137400168172
5901,0.5278630356364002
5902,0.37309276317418105
5903,0.42758676974116305
5904,0.6500580150661259
5905,0.5826215862350339
5906,0.5023054457075076
5907,0.564965067507185
5908,0.49664635066595136
5909,0.2723884621602346
5910,0.5413137426406104
5911,0.6550685297035176
5912,0.5323813547744506
5913,0.5116369668835667
5914,0.6007733692430293
5915,0.47451773201813874
5916,0.4174947897217527
5917,0.44585360538210145
5918,0.5048508994867016
5919,0.3209868347232362
5920,0.3937793162943116
5921,0.5051694732659049
5922,0.31607602669315893
5923,0.30925422569540184
5924,0.5286445791581098
5925,0.5391411295629124
5926,0.452137201976393
5927,0.2889421995871305
5928,0.5546225730364351
5929,0.44066305855933446
5930,0.4110640479517834
5931,0.3606556911680986
5932,0.6573615573980021
5933,0.4952410704737863
5934,0.5084304143410251
5935,0.41782915150976724
5936,0.5375387525260078
5937,0.4292743547255929
5938,0.5433196181262031
5939,0.4703121845368755
5940,0.5226133189947999
5941,0.4566879014999818
5942,0.3884705817818989
5943,0.3589284510432177
5944,0.5259252012019139
5945,0.4441279365533008
5946,0.5238278517295936
5947,0.5413311764163633
5948,0.4655745273839832
5949,0.4226041948404771
5950,0.6612142427471247
5951,0.5309430097984266
5952,0.7692848592094222
5953,0.5168487241771413
5954,0.5468165160238181
5955,0.5540528988122236
5956,0.422761072334981
5957,0.5554799219611485
5958,0.6800992708079022
5959,0.347336333925852
5960,0.5380117024880281
5961,0.5238825573226181
5962,0.5501470426297639
5963,0.6431093466954537
5964,0.7298588461393603
5965,0.5757180851067262
5966,0.43231667107079763
5967,0.38898372909737555
5968,0.5836289848774382
5969,0.47341805726843894
5970,0.31531844428899225
5971,0.5634367291862036
5972,0.5932300036361916
5973,0.379684804712515
5974,0.5494974023888669
5975,0.6145494859659748
5976,0.5013192461765619
5977,0.4047070443493309
5978,0.5693400027859938
5979,0.45173686126002915
5980,0.5268605760934278
5981,0.34049788797239283
5982,0.5253366234437867
5983,0.6157607585928038
5984,0.6449658612636899
5985,0.6194819387705388
5986,0.430069017015848
5987,0.6094604241027795
5988,0.47216293757127886
5989,0.3469894248148412
5990,0.49370705124474334
5991,0.5346581133147708
5992,0.6958920451951013
5993,0.6448656089378958
5994,0.5009237564182943
5995,0.5247026304457143
5996,0.5864693165259021
5997,0.5759614048308848
5998,0.5157197269931939
5999,0.4390510756928505
6000,0.4399334333130424
6001,0.5974044564387743
6002,0.5277026573051717
6003,0.5220982574818352
6004,0.4473375753397998
6005,0.3942569217134586
6006,0.4690107218750636
6007,0.5657896639581352
6008,0.6209552475920985
6009,0.5757990603858015
6010,0.4876907304079718
6011,0.45118195807846084
6012,0.5672173490496639
6013,0.5239181426554486
6014,0.5079406369072903
6015,0.40293281619781124
6016,0.39930004140208697
6017,0.5487007151590779
6018,0.5522370523942147
6019,0.39784331940036377
6020,0.5978503597618641
6021,0.568630729876951
6022,0.5616619045566931
6023,0.419830690214587
6024,0.4424664905650621
6025,0.4855230290766592
6026,0.6402882255521157
6027,0.6223376435832247
6028,0.36283687666467834
6029,0.5569906435325025
6030,0.38502848475448037
6031,0.4800290543817908
6032,0.5579126640378236
6033,0.5210084549988321
6034,0.3814336900736358
6035,0.41549240300465273
6036,0.5066913547077924
6037,0.43869065093268705
6038,0.5519761734715088
6039,0.49667257984846114
6040,0.3833035629796088
6041,0.49155241137930517
6042,0.4080279602068959
6043,0.5136290659404873
6044,0.5366116387125446
6045,0.5062896346240431
6046,0.362093969985887
6047,0.5540732144493753
6048,0.7097843609361596
6049,0.5111798242930373
6050,0.47943122684164274
6051,0.4971184122346901
6052,0.682820827840595
6053,0.6018138418140621
6054,0.5811692657953946
6055,0.5015748196349734
6056,0.4190763693490663
6057,0.43543137541625565
6058,0.5798454975721143
6059,0.41654037930147064
6060,0.5836293217697432
6061,0.6118191820210419
6062,0.4325887501816172
6063,0.5706161656432347
6064,0.4381831104426247
6065,0.4950805920399749
6066,0.7411029682739875
6067,0.42703869096198754
6068,0.6578082450695222
6069,0.5031288891300522
6070,0.44926976073461594
6071,0.4990632319113419
6072,0.437207995533091
6073,0.37167981539134604
6074,0.4980104745143858
6075,0.452929918392388
6076,0.5414794539196309
6077,0.5717701406377905
6078,0.46127881515232494
6079,0.4209770927963628
6080,0.4813653222582875
6081,0.47901543062442853
6082,0.5517150761190003
6083,0.459556444733327
6084,0.3937728572638932
6085,0.4772617522899456
6086,0.6117733042134451
6087,0.5007035136805318
6088,0.407047643993116
6089,0.6081460239967426
6090,0.4780744275000449
6091,0.5918660426223502
6092,0.47327155710736146
6093,0.7152918648167537
6094,0.5118511904448585
6095,0.5412078815637726
6096,0.4253982828928884
6097,0.5921366083811241
6098,0.6047084655039983
6099,0.5798134974067077
6100,0.5955511543408374
6101,0.5674467525233594
6102,0.5032952663138798
6103,0.5934828924604504
6104,0.4451078882670986
6105,0.33620323521618367
6106,0.4679498826026402
6107,0.462478241433298
6108,0.6074279816898837
6109,0.36510710936241
6110,0.4971700552289956
6111,0.47963596095962274
6112,0.6067885677630999
6113,0.5227580690692702
6114,0.756008723849476
6115,0.4980932708274308
6116,0.5190686816126729
6117,0.5155796855615381
6118,0.4172347876033515
6119,0.3360876136454889
6120,0.4727342520891349
6121,0.4624758212929284
6122,0.5095409957262701
6123,0.46147970547406797
6124,0.5410723766895971
6125,0.5124726433198278
6126,0.5922658171217127
6127,0.5932593304277609
6128,0.6037389267078129
6129,0.46384534046556264
6130,0.4970592472135522
6131,0.534771790191074
6132,0.5681845320125002
6133,0.34589519273739355
6134,0.6199396001477824
6135,0.689763893598105
6136,0.5320511724257999
6137,0.46275746757337255
6138,0.5144528847891632
6139,0.58325967821186
6140,0.6028139875552476
6141,0.2928752480573298
6142,0.666987255864178
6143,0.44422402973916925
6144,0.37422509977146234
6145,0.32907548331855224
6146,0.661553142570994
6147,0.5723071308909172
6148,0.4482494875889673
6149,0.47289776215493107
6150,0.44577538026349584
6151,0.6307958150229459
6152,0.5867478681573352
6153,0.4797293897024799
6154,0.488523864086974
6155,0.42335859765857115
6156,0.6267518122551379
6157,0.48960185683969737
6158,0.437251941482171
6159,0.4851828965493051
6160,0.5422913679572243
6161,0.48794445406571285
6162,0.6811654139286338
6163,0.48794478564909005
6164,0.5764799515024783
6165,0.5260398779147587
6166,0.5291079867012536
6167,0.38927231536870555
6168,0.5323323428864015
6169,0.4777735267741188
6170,0.503408936963484
6171,0.31448262445806696
6172,0.5513293625983422
6173,0.41462580065482657
6174,0.6529425456358344
6175,0.5549802675995967
6176,0.49705531701703326
6177,0.6302510494577901
6178,0.4817730347103253
6179,0.5718952467402362
6180,0.5705916485654611
6181,0.5632790649890319
6182,0.5078282711879544
6183,0.584525856154358
6184,0.5508905836111057
6185,0.5797371679779779
6186,0.4737596560505532
6187,0.571977467558602
6188,0.43900136864275235
6189,0.40774291161310716
6190,0.5001333191209226
6191,0.5651599544639517
6192,0.613705935520767
6193,0.528531875892873
6194,0.3733310224318588
6195,0.43879596625656037
6196,0.4295676984265501
6197,0.48132833520168666
6198,0.2697082913251262
6199,0.4084404490493075
6200,0.5416489806177953
6201,0.5161964303006334
6202,0.44622659278611754
6203,0.3764220665885426
6204,0.5948199109922079
6205,0.5589522482473326
6206,0.5801676381472678
6207,0.33463592716189355
6208,0.48298200728451507
6209,0.557603719769444
6210,0.5721255702676427
6211,0.5058748215337945
6212,0.47444605444258947
6213,0.4536977808843885
6214,0.5045719786614448
6215,0.4446179422668434
6216,0.4167036856803816
6217,0.43871387544585494
6218,0.5353866870757114
6219,0.5971300260764201
6220,0.4890780679854945
6221,0.45358941531357166
6222,0.5594156335427255
6223,0.5906407938967688
6224,0.5087878708207448
6225,0.5931209466358598
6226,0.41916344657337684
6227,0.8632372810999234
6228,0.38002112790528053
6229,0.5405015263109069
6230,0.4262536425763726
6231,0.5328800003153272
6232,0.7181859624085067
6233,0.5886048277689646
6234,0.7166417763620574
6235,0.4607172473500616
6236,0.3249345610748549
6237,0.5746002716491022
6238,0.549672634559782
6239,0.4641773409154682
6240,0.4359400181654406
6241,0.5310363354175797
6242,0.4662475880901742
6243,0.5222841629294481
6244,0.6863688105514157
6245,0.6079142075226214
6246,0.6352573796408438
6247,0.4534655052535028
6248,0.5187472328926199
6249,0.41598211241686844
6250,0.5046665055123826
6251,0.5260691178959749
6252,0.4181938829015857
6253,0.5215426120354839
6254,0.4611582148216792
6255,0.5848608871861278
6256,0.5404522784547209
6257,0.673847209502509
6258,0.4274860421360356
6259,0.4895648276611981
6260,0.5765601615387568
6261,0.4587930970843337
6262,0.33533242088332366
6263,0.4070491205723174
6264,0.6232502592753456
6265,0.5963216184298927
6266,0.4110959862611761
6267,0.5060472051509788
6268,0.7109317274081666
6269,0.692380423005109
6270,0.583936794090122
6271,0.5271079407090629
6272,0.6575370336861648
6273,0.6637916530317476
6274,0.3872658652054342
6275,0.41633756195256666
6276,0.4297772902268591
6277,0.6626474954792808
6278,0.5122986115508641
6279,0.5353272520416258
6280,0.5029481111512123
6281,0.5035869629444292
6282,0.5440825610293318
6283,0.6883813084265753
6284,0.35389064516534174
6285,0.5302312705347518
6286,0.4290315249423419
6287,0.5772615618123412
6288,0.46883833709531475
6289,0.5774954410570787
6290,0.5624994590040369
6291,0.42753301809373523
6292,0.43730231661974234
6293,0.7608986948299136
6294,0.40637742083379164
6295,0.42587545329016563
6296,0.6119281086457703
6297,0.4731395205767507
6298,0.45609679429642297
6299,0.49985222592295087
6300,0.4287600375567962
6301,0.5566627299810826
6302,0.4859455743276172
6303,0.43109542905704523
6304,0.4747532249377762
6305,0.33048952768389084
6306,0.446684245440037
6307,0.5116029822868882
6308,0.6407933280654934
6309,0.7707737282352787
6310,0.45539773407666617
6311,0.41866578369038354
6312,0.5378338715964102
6313,0.5234351708659895
6314,0.7221281038619699
6315,0.3504266583074282
6316,0.49081151004319096
6317,0.5023297670485615
6318,0.6956702492119123
6319,0.6039697190726214
6320,0.46072698533066575
6321,0.5313382593264436
6322,0.5148048073704644
6323,0.39111669693362
6324,0.5184560460169766
6325,0.604388555479434
6326,0.4509382046496284
6327,0.6294929142698023
6328,0.6191922771512943
6329,0.4859911127641261
6330,0.5679971146828352
6331,0.4732221332392331
6332,0.45632247158333306
6333,0.3634109230041163
6334,0.670474112772848
6335,0.5871553181975386
6336,0.4509121829982968
6337,0.44928904037618494
6338,0.529891863228878
6339,0.5618895551305778
6340,0.40959797122199465
6341,0.5727115101445526
6342,0.6648448904859785
6343,0.37042628145375023
6344,0.4929595680535191
6345,0.44901674082293114
6346,0.3718160160893508
6347,0.5135915595087741
6348,0.555542056106511
6349,0.7240769373096076
6350,0.5020305640580606
6351,0.5346045138215421
6352,0.5040915525391375
6353,0.566944026471409
6354,0.41576510958170493
6355,0.5418621375646924
6356,0.4923596069029026
6357,0.6123613281019482
6358,0.5259130016300578
6359,0.406649269111327
6360,0.5050843222616405
6361,0.6619838264858157
6362,0.36093282268455645
6363,0.5594288895064573
6364,0.6499088684030163
6365,0.6476278849862963
6366,0.700058948682315
6367,0.6656597547237451
6368,0.5975754749528646
6369,0.4887639076142405
6370,0.5443039704093467
6371,0.550106839990666
6372,0.4392408148253695
6373,0.4333584192225141
6374,0.41377641662229514
6375,0.4744415656417373
6376,0.3638429831349805
6377,0.5095847687105414
6378,0.3432831381246221
6379,0.5477847031297333
6380,0.5404354187701402
6381,0.5250865425994837
6382,0.6308329108462772
6383,0.5280124752647536
6384,0.5039249088240947
6385,0.4381746421482879
6386,0.5870682840510175
6387,0.46554873115190815
6388,0.4780720716109627
6389,0.5544130417777317
6390,0.454512150179433
6391,0.541041966270861
6392,0.5471386721448701
6393,0.4513960783561442
6394,0.5088203857078141
6395,0.4225892260135311
6396,0.5212828904934994
6397,0.6775907685680496
6398,0.4755851004606716
6399,0.5497402183063052
6400,0.44443281879031576
6401,0.2989733952403393
6402,0.45075522389330963
6403,0.42849911865726004
6404,0.5687613712114675
6405,0.460408651076726
6406,0.4913814685035898
6407,0.5514420117681004
6408,0.4469553309400583
6409,0.5332673915645396
6410,0.461366106763731
6411,0.36213438866449466
6412,0.5990943878079334
6413,0.4946205039565901
6414,0.6248373073126128
6415,0.6836174086599114
6416,0.5470363585094644
6417,0.6339832656294101
6418,0.576212770970301
6419,0.4657763355924336
6420,0.3619312716121472
6421,0.46292202590948756
6422,0.5598035077483482
6423,0.4103494946634778
6424,0.6061022867641326
6425,0.5589306641444677
6426,0.5344129036160145
6427,0.38406076208049666
6428,0.5526654252315696
6429,0.41864194959105244
6430,0.7044412501165969
6431,0.5558886704240016
6432,0.4574512403462367
6433,0.6200829030980386
6434,0.5082637299505038
6435,0.40066795062680793
6436,0.495843616036763
6437,0.5275269079769105
6438,0.35868766003591324
6439,0.5483782634546561
6440,0.40916111363001184
6441,0.3691000575509451
6442,0.4474339593255525
6443,0.4490267796709997
6444,0.41049043989860196
6445,0.5854098118079247
6446,0.4940040262593478
6447,0.5658649894191552
6448,0.5763145012374044
6449,0.41811575609314855
6450,0.45284921879092827
6451,0.6443369428647646
6452,0.5173955393777324
6453,0.6073439205003359
6454,0.7758097703886375
6455,0.3761581687398422
6456,0.48049102994198645
6457,0.585562518808516
6458,0.44911691691882766
6459,0.5012874388908218
6460,0.4533928968600155
6461,0.4216439240374682
6462,0.45604916306085
6463,0.6232489768563236
6464,0.5477465225938539
6465,0.5670163199679915
6466,0.45448718505832975
6467,0.48321695288437394
6468,0.5346440986396005
6469,0.5173910945333139
6470,0.6437331406975371
6471,0.574932814769848
6472,0.48613057102644613
6473,0.6482478732558766
6474,0.5936699298103157
6475,0.42872147511341124
6476,0.5011109479400313
6477,0.8492482151280296
6478,0.6494453921535936
6479,0.5509954492280246
6480,0.5721432228198163
6481,0.4218273898257025
6482,0.4614018098677214
6483,0.43418829338880965
6484,0.5989759096863765
6485,0.4923303576174328
6486,0.4652004317906308
6487,0.47665222379240996
6488,0.3460345983103428
6489,0.6449812650100574
6490,0.3623301840454528
6491,0.45240456854011823
6492,0.42815084481278276
6493,0.41253778832535853
6494,0.45056510834641617
6495,0.5351580240819661
6496,0.3564098253216375
6497,0.48452133867697744
6498,0.3302842960025364
6499,0.4507505898622376
6500,0.5310472341130174
6501,0.5456632002523356
6502,0.36489495539826905
6503,0.6375428450247097
6504,0.47335046411652487
6505,0.440705466530637
6506,0.47743387041818247
6507,0.6042901748679009
6508,0.4398373239282934
6509,0.42224616771262957
6510,0.5374845132974991
6511,0.5149132504566004
6512,0.4945011030169581
6513,0.5014770812917618
6514,0.535716365418808
6515,0.49254181401010966
6516,0.7182715993121915
6517,0.4281786440723537
6518,0.5784089682832619
6519,0.42753279767071917
6520,0.33793980043037836
6521,0.48741104361996374
6522,0.3563847850087034
6523,0.5461292480875499
6524,0.3769683628727196
6525,0.7182225197182772
6526,0.6700558697323417
6527,0.6441690123948758
6528,0.5689877426050138
6529,0.5643030829490966
6530,0.450492579302184
6531,0.6096971550881868
6532,0.4894982178229984
6533,0.5731165606152493
6534,0.5126397393594297
6535,0.45510947575329064
6536,0.4591784182919798
6537,0.5018488171505546
6538,0.46164345614260793
6539,0.5170545773624178
6540,0.5093758857570223
6541,0.5945292352513594
6542,0.5621761701609737
6543,0.5266611154157597
6544,0.674432589721506
6545,0.5620423665709218
6546,0.7833593289999443
6547,0.532365970896056
6548,0.3556774355858061
6549,0.5284102453556879
6550,0.417824805114279
6551,0.4904761231641074
6552,0.39614259885321723
6553,0.6054515319511209
6554,0.3964576788874679
6555,0.5761823583350498
6556,0.4461360884007012
6557,0.4869261262091697
6558,0.5841648390564084
6559,0.5081576998858837
6560,0.6859918890757031
6561,0.39543608693049775
6562,0.5165493231670745
6563,0.5945518592715424
6564,0.46388325499054145
6565,0.3808471639891622
6566,0.5991861285323188
6567,0.41490429845563526
6568,0.5396361416501979
6569,0.559009129885056
6570,0.5201835529094471
6571,0.7741915215423397
6572,0.6408049143193837
6573,0.5845615020118614
6574,0.48725723030383206
6575,0.5436116283109379
6576,0.5532686875886
6577,0.5184907601947725
6578,0.5009524309971699
6579,0.5386451215607604
6580,0.46679383926170115
6581,0.42118159576218717
6582,0.6458305675939539
6583,0.411592091675261
6584,0.5501233728763575
6585,0.4687741488623921
6586,0.48036718439833603
6587,0.35576166598446707
6588,0.6819594100455068
6589,0.6397991914696172
6590,0.5289260042011301
6591,0.4925204814807286
6592,0.32971853447976807
6593,0.5631230094251557
6594,0.4549874134818452
6595,0.4485390060913502
6596,0.5013373167098818
6597,0.5248893344453869
6598,0.30132776971928193
6599,0.4331890050201884
6600,0.5672408843734822
6601,0.5212490000681829
6602,0.620624481571982
6603,0.43038680118047823
6604,0.5450894462175757
6605,0.4304871559642455
6606,0.46447411971963215
6607,0.4665369972726903
6608,0.41918624316040776
6609,0.5515087884079394
6610,0.37526294586385245
6611,0.4793899510674631
6612,0.34026278935169285
6613,0.45912245426156617
6614,0.5417721380227425
6615,0.567446010682045
6616,0.4183683681912139
6617,0.43867002313013975
6618,0.3869612460465331
6619,0.3887787622291237
6620,0.5384141468216311
6621,0.5643142673346271
6622,0.40052093112452825
6623,0.6227530103964075
6624,0.42420280401295357
6625,0.5105436978387179
6626,0.5324404712118638
6627,0.5992208013016556
6628,0.4152098041931935
6629,0.37156264210488904
6630,0.5460113211784466
6631,0.5786446831254201
6632,0.4653574458968735
6633,0.5223286276952109
6634,0.6977347700341572
6635,0.6975476168548987
6636,0.5441024711093805
6637,0.3793844448303775
6638,0.4783233679347726
6639,0.5296064696991657
6640,0.4720485268833205
6641,0.6398425308046466
6642,0.5116173356919723
6643,0.6545331463987236
6644,0.38944478566531293
6645,0.5598853164495657
6646,0.39772800618475246
6647,0.5609546886749559
6648,0.5539146619176398
6649,0.46468749747848337
6650,0.4408000961148272
6651,0.616192725771774
6652,0.613145956680349
6653,0.49887109590637196
6654,0.4502935174434176
6655,0.5155128392954131
6656,0.5471793011796329
6657,0.4140682321392929
6658,0.35828485867005133
6659,0.7295479993158446
6660,0.5672900044147915
6661,0.3845219629158276
6662,0.5426782386501127
6663,0.6005322955390668
6664,0.5412063813537559
6665,0.5258346135946173
6666,0.49502588250785273
6667,0.3493828011342309
6668,0.5253950710242745
6669,0.3814375009136415
6670,0.5869359143480856
6671,0.4854401003745401
6672,0.6226651722596684
6673,0.5295731001062111
6674,0.43303578504198054
6675,0.45747307242825874
6676,0.5738473101683064
6677,0.44043047115974876
6678,0.5231257572695306
6679,0.40388686315843403
6680,0.4494394406138698
6681,0.4980290167827679
6682,0.5334732404368372
6683,0.4300666104006062
6684,0.5355390069659313
6685,0.4711882085108088
6686,0.5054129121549524
6687,0.45777743799606824
6688,0.5483969639666643
6689,0.49038755997487865
6690,0.39738948789163053
6691,0.5308530954072898
6692,0.5679277655396104
6693,0.7389996529181642
6694,0.47358714183051154
6695,0.41092794976219454
6696,0.5099543444253433
6697,0.4651210602188931
6698,0.6258429480937044
6699,0.6048516292214561
6700,0.5699958643697304
6701,0.5529969464083141
6702,0.49533426208961207
6703,0.4645996509276974
6704,0.48904702774074277
6705,0.5234108265723805
6706,0.4927827281422582
6707,0.5061718378808283
6708,0.4902291215612187
6709,0.7138845128048392
6710,0.7625427402680032
6711,0.7435643615826518
6712,0.5425209236249298
6713,0.5018297893721114
6714,0.5102435129368387
6715,0.6457192846387416
6716,0.3625853505513931
6717,0.6104312928679763
6718,0.4061044859739621
6719,0.6777450700043472
6720,0.48863253943877516
6721,0.6347183439954373
6722,0.8019998842372511
6723,0.5059363613142489
6724,0.487646746551953
6725,0.5584773986742279
6726,0.43628719754688317
6727,0.41877643111338503
6728,0.4179763524827611
6729,0.4184581231432435
6730,0.4773080156454626
6731,0.47662903844899734
6732,0.36341624795080474
6733,0.4688046898805027
6734,0.6037878026717588
6735,0.3902987883889225
6736,0.7475658320519449
6737,0.4286816324982196
6738,0.42453115682864717
6739,0.6433140195043878
6740,0.48271603594994106
6741,0.47577952418150815
6742,0.478456734222836
6743,0.4629548560282019
6744,0.4417059969518484
6745,0.768176241289157
6746,0.45360871966109784
6747,0.6337673087098862
6748,0.38970848541912917
6749,0.43355632786636034
6750,0.5843392769303959
6751,0.4765968195843821
6752,0.4882136147977218
6753,0.3812054981829005
6754,0.4901143108654821
6755,0.6400532551794462
6756,0.4646647993355658
6757,0.6563115411929015
6758,0.26415120881052684
6759,0.4659820950730409
6760,0.32826180971049645
6761,0.5116079451505559
6762,0.6520185253305905
6763,0.38267962933234523
6764,0.5563120416151471
6765,0.5592328587888713
6766,0.545171359541167
6767,0.4931258160398724
6768,0.3455660957306599
6769,0.37350546974847476
6770,0.49696857124174704
6771,0.6939736368716497
6772,0.4717720185513862
6773,0.4445448814117331
6774,0.7383512099476816
6775,0.5607449499226397
6776,0.36248464928894203
6777,0.5182134544304468
6778,0.5498406320506312
6779,0.4310946858731044
6780,0.6631575307254387
6781,0.45825397329144796
6782,0.4135102635727484
6783,0.4994151886299219
6784,0.5647166351888804
6785,0.5276681541346926
6786,0.6024275515508213
6787,0.8649607568001751
6788,0.4869934494874885
6789,0.46976447453383136
6790,0.4222893919504035
6791,0.6633525868499056
6792,0.6183060128948298
6793,0.5494563504965343
6794,0.7011296649736156
6795,0.401667886141105
6796,0.6917811483160531
6797,0.5387204169146449
6798,0.3596710093842695
6799,0.6226089249751197
6800,0.31721907012557093
6801,0.6191781538254312
6802,0.37002274335115853
6803,0.5160170271892507
6804,0.5940756705824394
6805,0.5512924479409798
6806,0.6034977489166666
6807,0.565066756618729
6808,0.5146598881437644
6809,0.5853232635586987
6810,0.3553014662928029
6811,0.5301071683971047
6812,0.4365482977054537
6813,0.40352000803675764
6814,0.39549679153398165
6815,0.4330145932046728
6816,0.2973972210818733
6817,0.4971206218212746
6818,0.5363838396657179
6819,0.29315580485707343
6820,0.5819556783198766
6821,0.5197125660278628
6822,0.36934335182427036
6823,0.4525755763805277
6824,0.5948940579336802
6825,0.4356977782870524
6826,0.5158906178992263
6827,0.5815047654001628
6828,0.40167107367852206
6829,0.6717726509883944
6830,0.49379710284971845
6831,0.5353971428503028
6832,0.6690784262724357
6833,0.6515238949197755
6834,0.31379911064917443
6835,0.4962435957129684
6836,0.6265826712829484
6837,0.389825828033176
6838,0.4920329208883878
6839,0.6280931556811374
6840,0.5454109513694043
6841,0.4975551393962986
6842,0.5964946121063328
6843,0.5395693459419635
6844,0.37310469271746344
6845,0.48573083991304367
6846,0.5250517578026156
6847,0.4721830692092467
6848,0.7197967707894963
6849,0.45085675705822953
6850,0.7507547449077135
6851,0.4574871553803955
6852,0.5254466165261626
6853,0.37802124960749717
6854,0.7016391410383204
6855,0.4702328802622697
6856,0.3319343865724184
6857,0.500352457116495
6858,0.6126100167183772
6859,0.4229001882610197
6860,0.5915381045828146
6861,0.3157477054304446
6862,0.4545322815067365
6863,0.5084753506231147
6864,0.6040453172920548
6865,0.8042397898106761
6866,0.494559057039749
6867,0.4947457351451963
6868,0.7469391251586417
6869,0.6062817337185777
6870,0.5293669241355679
6871,0.40577087938108314
6872,0.6013731799189671
6873,0.5268931279245651
6874,0.6144560464171153
6875,0.47584838024262116
6876,0.5213475395903804
6877,0.4597387062459849
6878,0.47804688170967635
6879,0.6277624158013823
6880,0.6951538349006056
6881,0.4838366185004396
6882,0.5224208341213081
6883,0.5067573706652838
6884,0.8405247189172883
6885,0.49805542871436836
6886,0.6332412478736138
6887,0.5936019054341086
6888,0.7165089829732888
6889,0.5344077530944447
6890,0.46258504628120994
6891,0.5921530691738052
6892,0.5808126885524897
6893,0.5072857022438536
6894,0.6021492362613299
6895,0.6158203252456899
6896,0.5819251532790832
6897,0.47451117129573817
6898,0.6064523784996795
6899,0.5429806948985798
6900,0.46936835481638134
6901,0.4395310759679571
6902,0.4967286577250779
6903,0.4546087618164205
6904,0.4907230202981604
6905,0.48463190951398694
6906,0.5203082645930067
6907,0.49561437088006216
6908,0.5125092747316864
6909,0.4315317122762615
6910,0.5344412456933135
6911,0.3870704513348712
6912,0.43675711577778537
6913,0.4369706358831528
6914,0.4699443352443939
6915,0.38856475633546
6916,0.35889437380218003
6917,0.6269542698158176
6918,0.48107559319566445
6919,0.7362092854913406
6920,0.4596837785520119
6921,0.707497074299609
6922,0.5648646159060402
6923,0.49653284491524635
6924,0.3961280716838584
6925,0.7080651253175663
6926,0.5336848807598861
6927,0.6660101145584847
6928,0.487660270939506
6929,0.5855769743166485
6930,0.5361016659510226
6931,0.5892268067288209
6932,0.5927398867532498
6933,0.49953101472242323
6934,0.5844815761505406
6935,0.8274568386123216
6936,0.4983313359777733
6937,0.38086961735749625
6938,0.41609163832828044
6939,0.3966219865872904
6940,0.41771627167801123
6941,0.5160847060704137
6942,0.5516951500645288
6943,0.48292403180391097
6944,0.6267128671583291
6945,0.49819649181754877
6946,0.6474814545465717
6947,0.6764919001187955
6948,0.6549854595479778
6949,0.5705363592088647
6950,0.5267869856842742
6951,0.5724326578226959
6952,0.4847005907668846
6953,0.6636520708799925
6954,0.6183514329636781
6955,0.47834428346191626
6956,0.6003703039246937
6957,0.44231305234218854
6958,0.43878551165101737
6959,0.3875251867953456
6960,0.5145059632051205
6961,0.48061238619241603
6962,0.47602534527741563
6963,0.6103730717230325
6964,0.46010810452894135
6965,0.4329980963824649
6966,0.45104227299412997
6967,0.42279560467612864
6968,0.36680040478565246
6969,0.347625133265142
6970,0.5255220017893408
6971,0.6435662787996405
6972,0.5456816215959146
6973,0.49430052980061834
6974,0.41728032963495393
6975,0.6060288009738516
6976,0.5532869582002881
6977,0.5753189224539491
6978,0.6372190741791951
6979,0.46943952925622223
6980,0.5530893926864064
6981,0.5256431202140642
6982,0.9041935948074921
6983,0.37957779785707063
6984,0.4277819896864502
6985,0.4149616378054144
6986,0.5064393482571011
6987,0.5978578984155487
6988,0.4993459712179796
6989,0.5733272463378989
6990,0.4612925393460237
6991,0.3828355693474907
6992,0.7697877443868639
6993,0.6918900592310423
6994,0.6018281545789096
6995,0.40541388232561965
6996,0.43103420691755734
6997,0.5017082622382191
6998,0.40265816412968203
6999,0.4556816389070004
7000,0.4984583059903827
7001,0.5715698410416892
7002,0.5767756564184323
7003,0.510958285431002
7004,0.44243809302403964
7005,0.5694438407651122
7006,0.5037610330156064
7007,0.43134335548710634
7008,0.5862506039468187
7009,0.6187613722101561
7010,0.5833048759424723
7011,0.4428360405146067
7012,0.4751142868386383
7013,0.48578467209139975
7014,0.42731486654481277
7015,0.38290290190777054
7016,0.6197219723376637
7017,0.561994757941266
7018,0.6046430532367734
7019,0.6502326433007894
7020,0.4107265591180051
7021,0.5998901368355756
7022,0.5567317024047139
7023,0.30340231417889696
7024,0.4941418192885513
7025,0.49804039890323404
7026,0.5686960724097487
7027,0.29176442528082175
7028,0.6107638282642693
7029,0.5598600728485744
7030,0.32548681295566384
7031,0.5638103852219887
7032,0.5716384220973147
7033,0.4777053476702944
7034,0.43007408541854764
7035,0.41983539009218923
7036,0.23759741329410067
7037,0.4691232229409503
7038,0.5488205539471077
7039,0.34395841406042726
7040,0.4677505074191076
7041,0.5041580567633402
7042,0.4794517378498713
7043,0.44973471400421217
7044,0.649398431966071
7045,0.6103113412526334
7046,0.4400286275231979
7047,0.5400385304099143
7048,0.6740252527693322
7049,0.5254801985415966
7050,0.7467229242711897
7051,0.47588987532443366
7052,0.5012473198197943
7053,0.4365788013535612
7054,0.5750949753030853
7055,0.45669314398953126
7056,0.45918691023122304
7057,0.5806322002720845
7058,0.5987520971936185
7059,0.46248092460592977
7060,0.4289600981410825
7061,0.7049371776197901
7062,0.5450153044475143
7063,0.6026576404176199
7064,0.6362454879941306
7065,0.3610318360027315
7066,0.48819258825347317
7067,0.6192019601033076
7068,0.49304756450374276
7069,0.4843273797867447
7070,0.6010274010449961
7071,0.42879681036642386
7072,0.5544718669211308
7073,0.5874820546021629
7074,0.5900404756809532
7075,0.5268829420909213
7076,0.406438936215475
7077,0.5691886531271229
7078,0.4618928829213659
7079,0.5764140793187431
7080,0.560562499869239
7081,0.636699920744723
7082,0.5887589459075078
7083,0.4321924425776776
7084,0.4875818907785143
7085,0.46006236364323133
7086,0.5605790023469359
7087,0.4214568967107362
7088,0.6909344053292187
7089,0.49875959647634477
7090,0.5601018589018955
7091,0.3405821970899136
7092,0.5646669299672582
7093,0.6146546561245535
7094,0.43364156633877937
7095,0.6086989418524197
7096,0.46929584451641326
7097,0.6045444070328442
7098,0.5629608005125091
7099,0.5285986804098325
7100,0.6174904616216856
7101,0.6335138637941051
7102,0.4972849388308042
7103,0.5329770064721403
7104,0.5258003624677283
7105,0.4004532232468239
7106,0.30054775834358805
7107,0.4323341526704259
7108,0.5702805697817769
7109,0.4892652027427291
7110,0.5328391433202966
7111,0.5517213230720944
7112,0.6299778956204473
7113,0.3930759773273662
7114,0.39303707347979383
7115,0.43233358352334705
7116,0.6114226346433979
7117,0.5270611194196752
7118,0.49034361408622634
7119,0.4409991312432496
7120,0.7273904046749573
7121,0.33014402717984637
7122,0.546221501638109
7123,0.472337641454033
7124,0.5750444609304521
7125,0.587489657830779
7126,0.5320309186231947
7127,0.5182548286359097
7128,0.6751931416379757
7129,0.45798429670167295
7130,0.7223568925868218
7131,0.4472099241594413
7132,0.35182987709719854
7133,0.6218423041634159
7134,0.48017998282324553
7135,0.5217879413231051
7136,0.4667493884621346
7137,0.49448693313411557
7138,0.6261702715464204
7139,0.44656620103012123
7140,0.5896067962723862
7141,0.3709056854252557
7142,0.48470429160108464
7143,0.7015759389145583
7144,0.3902293158343779
7145,0.3984775837954429
7146,0.4776742730856522
7147,0.370491630273329
7148,0.5198008866241546
7149,0.5338224572929086
7150,0.40198569425642805
7151,0.6598735210966357
7152,0.623364355951429
7153,0.5580412779437582
7154,0.4049915958592985
7155,0.5633899596028686
7156,0.45174776864418237
7157,0.4017953596931281
7158,0.4594525511088
7159,0.7605740790771921
7160,0.480857837166513
7161,0.37253277014982633
7162,0.5958473205651409
7163,0.5276307008477396
7164,0.4741636134803489
7165,0.6163036876811103
7166,0.6570968326460762
7167,0.37839943383678554
7168,0.43609754402169176
7169,0.5499805080299811
7170,0.48988496525011416
7171,0.41206471490504537
7172,0.3983848857389637
7173,0.525918049308589
7174,0.587555671219099
7175,0.4987517688340167
7176,0.3963750000984044
7177,0.5769946121020112
7178,0.504930177283664
7179,0.6698379874241684
7180,0.3473317600633309
7181,0.44618653977056616
7182,0.3822227900195285
7183,0.5168393853109946
7184,0.6189535740109322
7185,0.45499828431964157
7186,0.4427547491261803
7187,0.5021930789547042
7188,0.5200251883510464
7189,0.4513400701540951
7190,0.5247450125571016
7191,0.45022299914351327
7192,0.589746216431701
7193,0.6554658648973433
7194,0.5728629655263872
7195,0.5262257318822421
7196,0.5409098236944822
7197,0.49025719192003725
7198,0.47841204427719164
7199,0.3237455396998269
7200,0.4854339894469715
7201,0.4384532732556032
7202,0.46597268562845146
7203,0.5118769839967424
7204,0.5435230567316354
7205,0.37020770199129094
7206,0.5266334226696293
7207,0.5796723579759395
7208,0.35554987985847863
7209,0.4336651467986535
7210,0.5558294683634517
7211,0.5831761287100481
7212,0.47158459428293875
7213,0.43561310464699327
7214,0.4795141760899021
7215,0.433541344207112
7216,0.5284692335108275
7217,0.35656015229247434
7218,0.4047410808548091
7219,0.4058118434373866
7220,0.5855209221152373
7221,0.4232903693767382
7222,0.5071833508059328
7223,0.537825696001902
7224,0.4098355558605373
7225,0.5370015491167689
7226,0.5445290256541354
7227,0.518699695237418
7228,0.5191640270767838
7229,0.5974140656013437
7230,0.5084417086731393
7231,0.2546098599828083
7232,0.5181370193323148
7233,0.6181551234495751
7234,0.46252801881605626
7235,0.3680921339812969
7236,0.5891671650727607
7237,0.4993165747273834
7238,0.48425441089559473
7239,0.4488345580824866
7240,0.459273365283265
7241,0.6669599264555868
7242,0.5520867673928898
7243,0.4258576122835483
7244,0.5681862262824582
7245,0.4528024359075724
7246,0.6319093803233542
7247,0.4930399971606782
7248,0.44471788833335646
7249,0.5729178518697376
7250,0.5699809982494657
7251,0.48845521743484427
7252,0.5298920827729302
7253,0.6146444246432973
7254,0.47976323017111483
7255,0.560615765448219
7256,0.5394222404521525
7257,0.4797561172393043
7258,0.47134867805848757
7259,0.41874188326178474
7260,0.4125001975196679
7261,0.5061760735507379
7262,0.5606728292087673
7263,0.4440371341471824
7264,0.4970586319986809
7265,0.5185663543797823
7266,0.4304867291444917
7267,0.5323149777277493
7268,0.572794794445135
7269,0.5687381933288853
7270,0.45308014992467915
7271,0.4593356881571439
7272,0.45373632558234755
7273,0.5846395989465668
7274,0.5410521476286817
7275,0.603448165286282
7276,0.5494761527332851
7277,0.5882392161220722
7278,0.5998369623469068
7279,0.4769043263438186
7280,0.40753057124148995
7281,0.45306745630521045
7282,0.44788172196027637
7283,0.493809918275068
7284,0.6670996122737788
7285,0.6460979492050578
7286,0.3772937392892739
7287,0.5163241678284953
7288,0.5434246611582463
7289,0.44716725712612393
7290,0.45903132577767847
7291,0.6049385064041105
7292,0.467869213131511
7293,0.5771068951480602
7294,0.5251870741482221
7295,0.6540683757827357
7296,0.5066124487160192
7297,0.6062906287956126
7298,0.4778205994107976
7299,0.4662433930418976
7300,0.46011839518518544
7301,0.47976370959226167
7302,0.5442028481407815
7303,0.5109362144232067
7304,0.4808663381658085
7305,0.5058378806983905
7306,0.549405576667845
7307,0.5655765890100289
7308,0.5370024929094811
7309,0.7683926257869134
7310,0.8678301325346021
7311,0.46325143972598926
7312,0.5428456473572728
7313,0.5119487044259482
7314,0.4477293491538249
7315,0.6697208970375522
7316,0.5361425479384436
7317,0.5070743901100963
7318,0.40908655035586683
7319,0.45321690349380644
7320,0.33692257447477947
7321,0.5192721508239669
7322,0.5643947888277779
7323,0.5718766472181639
7324,0.49049123687221136
7325,0.363753690249237
7326,0.6074647024362456
7327,0.38416592265947785
7328,0.3700951210317204
7329,0.3132052034946857
7330,0.3671028824375961
7331,0.6094846800201907
7332,0.6017952128458695
7333,0.5714544343517803
7334,0.763013026984269
7335,0.5313164397132824
7336,0.4766855872235942
7337,0.7373225960488399
7338,0.38337422650503944
7339,0.35997879840892943
7340,0.4463026348939883
7341,0.5378293817372346
7342,0.5191787552379555
7343,0.3893258263993772
7344,0.3911489580912726
7345,0.3971948189449796
7346,0.39043904304122906
7347,0.6828968894470274
7348,0.5389584185677856
7349,0.7210191778815224
7350,0.45431188160158176
7351,0.6295767269328643
7352,0.5039590605476727
7353,0.5025981485980812
7354,0.4940933012304179
7355,0.6220867833999892
7356,0.6003547071077081
7357,0.37182142693301823
7358,0.6516482903833554
7359,0.5084824842621961
7360,0.42802331615610684
7361,0.5292632844990381
7362,0.6462353697858125
7363,0.44739645010319395
7364,0.46502041315193987
7365,0.4975444121759986
7366,0.3431454893796725
7367,0.5005354901304242
7368,0.4538775100751096
7369,0.42613241923015027
7370,0.5940505548762264
7371,0.5347488452812446
7372,0.53695588871846
7373,0.4494000758184228
7374,0.7202955518409272
7375,0.3678555654513834
7376,0.49669630269787085
7377,0.3884768358943991
7378,0.45429028397621024
7379,0.5761118002013084
7380,0.466276872507347
7381,0.6016194876418198
7382,0.5458813438180986
7383,0.4593940398113841
7384,0.586542883591426
7385,0.7229234674571077
7386,0.4883071045242191
7387,0.5484470019283628
7388,0.5860262517980122
7389,0.466856961542537
7390,0.5874152100811659
7391,0.6311380428367286
7392,0.4617254678971764
7393,0.5811714913499822
7394,0.47379097123016767
7395,0.6805572093189051
7396,0.6519737755704245
7397,0.5862119579706474
7398,0.4786254469258707
7399,0.5389228226260214
7400,0.5087351154419923
7401,0.45721245068291055
7402,0.5293848158819195
7403,0.575462108826954
7404,0.38974193173500327
7405,0.513563583692009
7406,0.5568110876072266
7407,0.5687916730689065
7408,0.5838940454550406
7409,0.6748325446040806
7410,0.3843441465764458
7411,0.48367252958112716
7412,0.37255222522012194
7413,0.4682311226249079
7414,0.5895153748164372
7415,0.5171835605294556
7416,0.4147107126225924
7417,0.6005900225293589
7418,0.5737348327818965
7419,0.5084097370190879
7420,0.4360147564636972
7421,0.33666725724552016
7422,0.5096737798642976
7423,0.44440930135536816
7424,0.5438192085502788
7425,0.4550633818100174
7426,0.4778945898525296
7427,0.48552995938580223
7428,0.5830107614670951
7429,0.4683802490973397
7430,0.566395560059474
7431,0.4797152330865039
7432,0.6158960211460264
7433,0.4924691640697071
7434,0.4864511138671117
7435,0.3580324184781648
7436,0.43570234832833243
7437,0.4594302679290483
7438,0.4068529993297151
7439,0.4060062982700977
7440,0.5292894215474497
7441,0.6789876943131755
7442,0.4188262659922556
7443,0.666885401678662
7444,0.6078628810786133
7445,0.4842940635082092
7446,0.5426504536848509
7447,0.46905075107121635
7448,0.5992519826954671
7449,0.39457027297384195
7450,0.4119060709620326
7451,0.4485450395957398
7452,0.44813179182213914
7453,0.47076174030288803
7454,0.44596723469293786
7455,0.49476843585486396
7456,0.560110717663867
7457,0.6784424898934001
7458,0.39562635751687814
7459,0.44631290140878854
7460,0.4870904022084495
7461,0.4475158215325101
7462,0.5767075969498854
7463,0.5652462476716891
7464,0.5960146116356636
7465,0.5221627862315856
7466,0.5322978505329962
7467,0.6265130086263069
7468,0.3272968609821436
7469,0.5076936910178876
7470,0.5248916987429411
7471,0.5940249893440673
7472,0.3732399531956437
7473,0.5744372797348112
7474,0.40037245835238355
7475,0.4454537012184421
7476,0.5142664769938342
7477,0.598363679898559
7478,0.6897143555468894
7479,0.4617259268709935
7480,0.6194544600682619
7481,0.4620419739283231
7482,0.4878698508346851
7483,0.6476229244344607
7484,0.5025642611109168
7485,0.6353480043558202
7486,0.3376571485245484
7487,0.5806364628149889
7488,0.6227266955219577
7489,0.5993697332381878
7490,0.44373763717331294
7491,0.5190994574693208
7492,0.657663690622195
7493,0.529987495610612
7494,0.44717393773581715
7495,0.6853112278572968
7496,0.40937487135917183
7497,0.5025187148389928
7498,0.4062863431444683
7499,0.5011851305057895
7500,0.642166613363214
7501,0.6364219216669329
7502,0.5838003508698064
7503,0.572972645069529
7504,0.5352459731892754
7505,0.5226773401017738
7506,0.46589441652244384
7507,0.5471236035638045
7508,0.31208927545179427
7509,0.5385008587615555
7510,0.5095775294400815
7511,0.4908821692268617
7512,0.5479719561965437
7513,0.38173094321820134
7514,0.49023215852991675
7515,0.5561846878173677
7516,0.5666513657391631
7517,0.43832946731242145
7518,0.5114449535824942
7519,0.48161462338504046
7520,0.5649974960633533
7521,0.6904800886028264
7522,0.5264397148877858
7523,0.4358792237595217
7524,0.632249399709946
7525,0.5132244120428452
7526,0.5489052864384864
7527,0.47739845619188476
7528,0.4567418828454225
7529,0.4149055164085912
7530,0.3986865068579709
7531,0.5619934260285739
7532,0.4707147461418032
7533,0.45811396315610947
7534,0.48738154557623553
7535,0.5247393378264267
7536,0.4203950031959736
7537,0.47828460320457467
7538,0.40126876914061904
7539,0.5088717976755985
7540,0.4336421126451969
7541,0.5930786077967934
7542,0.3765464582154764
7543,0.6154207784295713
7544,0.3746447375691635
7545,0.6104407745184399
7546,0.49675912350663043
7547,0.5202565517405335
7548,0.4859194224649034
7549,0.6664875503045606
7550,0.5866816840803588
7551,0.5310423567960033
7552,0.5356839416671969
7553,0.5099844978989461
7554,0.38488200770713366
7555,0.5202525122495156
7556,0.6369803425645656
7557,0.3127335814545148
7558,0.5708958197315743
7559,0.5267558272077469
7560,0.46440896147561794
7561,0.3874203251627395
7562,0.5215601409917565
7563,0.6630987227164978
7564,0.5836595469454474
7565,0.6512048861527999
7566,0.41613880860757035
7567,0.45912030632845824
7568,0.6347417414597397
7569,0.35124128199997784
7570,0.6116297579153713
7571,0.521459812997297
7572,0.5341758669456682
7573,0.5504958973403893
7574,0.465792487936427
7575,0.4521951354614149
7576,0.38351459542435334
7577,0.5218566860874746
7578,0.6219174722254298
7579,0.5270001092141787
7580,0.4621581683893765
7581,0.4870091917211306
7582,0.41032070395788367
7583,0.5031209512249695
7584,0.5267992976340964
7585,0.5090234284495063
7586,0.8006231109131992
7587,0.47895793087065003
7588,0.6448178379545252
7589,0.5377657690513904
7590,0.5552329088220362
7591,0.43999530604089765
7592,0.5092002194758823
7593,0.5734890547275512
7594,0.5488626842553701
7595,0.4161141534109957
7596,0.6006130845152292
7597,0.4378309098711885
7598,0.5896438427212458
7599,0.5533815128701606
7600,0.5073659123025293
7601,0.3180477782145804
7602,0.6188116462493772
7603,0.41692650020942035
7604,0.41980075870560635
7605,0.41681809572769535
7606,0.5672985670504452
7607,0.4831890037523012
7608,0.5459427124873484
7609,0.6250346498808823
7610,0.48161708637334055
7611,0.4159463461672024
7612,0.4586697608109253
7613,0.4794575037386444
7614,0.3659272498756104
7615,0.6252475534037355
7616,0.49500023582499686
7617,0.5170724770351578
7618,0.3855455031592544
7619,0.5154476868533214
7620,0.46171727665897405
7621,0.5043259267378033
7622,0.3344313999864419
7623,0.3972215373654886
7624,0.4471627764580579
7625,0.5393507925013543
7626,0.4654943305348564
7627,0.4192780700104952
7628,0.6339175275416933
7629,0.4802808841639273
7630,0.4058873120719771
7631,0.403073291652341
7632,0.4168604733596401
7633,0.3853370097573221
7634,0.7338747820409539
7635,0.5899219431613774
7636,0.655500691328036
7637,0.6368833955860491
7638,0.4518912195975919
7639,0.43649967981576515
7640,0.512524494159806
7641,0.5281774391955574
7642,0.5215065942464792
7643,0.6142661338359169
7644,0.5781084004189511
7645,0.6393201209240411
7646,0.6194648305508598
7647,0.4495666756127283
7648,0.5868640446469989
7649,0.4744963896177006
7650,0.6264952016234263
7651,0.4621584030997667
7652,0.3482607288277708
7653,0.6189641077676811
7654,0.42672167238925285
7655,0.41500195118942135
7656,0.5384511639758413
7657,0.5463355400826033
7658,0.5153182240659095
7659,0.2697122701952698
7660,0.47146708019642997
7661,0.5530179215615988
7662,0.5426068326035673
7663,0.5856915109238745
7664,0.4997399309420169
7665,0.46619632915287973
7666,0.4411749233637245
7667,0.5151717405580715
7668,0.5340054242511764
7669,0.5391881036406838
7670,0.5499541889668652
7671,0.3640838805884632
7672,0.4288067485107314
7673,0.5083302867465185
7674,0.3969981436766935
7675,0.5765547774762431
7676,0.3382224587406346
7677,0.5793684102152536
7678,0.42960202602407355
7679,0.6463220920355524
7680,0.4668219863406412
7681,0.432655015228879
7682,0.698550080664818
7683,0.519896525068706
7684,0.4787370508361197
7685,0.46033990501451616
7686,0.5584369490721528
7687,0.5073887737872149
7688,0.4329981487600104
7689,0.516847568681001
7690,0.4742235869746834
7691,0.5781384875166732
7692,0.5628522777770636
7693,0.4381406931108077
7694,0.47291297381164743
7695,0.4582141879613114
7696,0.41855283615644634
7697,0.5982176117271789
7698,0.410405092612436
7699,0.5009218839692302
7700,0.5019815974396091
7701,0.43054779748624417
7702,0.5149707865544252
7703,0.41442942605104083
7704,0.6082803813549076
7705,0.4957831362928801
7706,0.5065581588793585
7707,0.4925812313685685
7708,0.6050934966867683
7709,0.3973377684748589
7710,0.4591001462042672
7711,0.6796185768707809
7712,0.45448237538136105
7713,0.46193785637076423
7714,0.6220025042232544
7715,0.5854353080225664
7716,0.4368798655292609
7717,0.47013513382328653
7718,0.5020756553676795
7719,0.609236644008962
7720,0.5289132675856338
7721,0.3902556702969733
7722,0.6682567585033479
7723,0.42145686287243167
7724,0.5398388902845949
7725,0.4679744683277924
7726,0.4014805642873346
7727,0.3936904202067874
7728,0.4016062790493332
7729,0.5157230686323281
7730,0.4203440377835519
7731,0.3963838835883139
7732,0.6474637154645606
7733,0.5685930115614278
7734,0.48097746565749167
7735,0.7389536215103231
7736,0.5136340170853191
7737,0.44244438099179206
7738,0.5931887464678641
7739,0.60254210516218
7740,0.5208496158024603
7741,0.6435609448309306
7742,0.6809301193954763
7743,0.5269221574997042
7744,0.5305224523531498
7745,0.5221172867252258
7746,0.5243334332704873
7747,0.47655998089156143
7748,0.5909676055882436
7749,0.5033053793372995
7750,0.5571938697930573
7751,0.5791006136124215
7752,0.4700459031003042
7753,0.42484280598936974
7754,0.3376264697522713
7755,0.35000697951836945
7756,0.5017289806861266
7757,0.3986965016856991
7758,0.5716361851947166
7759,0.6702695241228073
7760,0.5321037505619357
7761,0.42360295261301883
7762,0.6966113972090555
7763,0.7176236698922211
7764,0.4437796387569505
7765,0.3956566953975901
7766,0.5080506715040541
7767,0.617326394955643
7768,0.5368777557717724
7769,0.5759690223114545
7770,0.7849036051052813
7771,0.4328625394517891
7772,0.49070153809290956
7773,0.35421598105020063
7774,0.4470213272271043
7775,0.5046892614051208
7776,0.4313237226254254
7777,0.6150343911346308
7778,0.5267482318498999
7779,0.5455198402385014
7780,0.5141113491774852
7781,0.4781451830112154
7782,0.5537527137870486
7783,0.4418895160653566
7784,0.616826488396967
7785,0.34169313773144827
7786,0.6089815268595178
7787,0.45164737706726776
7788,0.4543804346303541
7789,0.3501858383576784
7790,0.38853108233746164
7791,0.49513023127656053
7792,0.47011059663430355
7793,0.42824755002660125
7794,0.534355767829649
7795,0.5243929903080751
7796,0.4300854303316356
7797,0.5288309296752524
7798,0.34490813836424106
7799,0.4355803335060873
7800,0.5145093775460273
7801,0.7079018169148552
7802,0.39935580490000483
7803,0.5878664486545199
7804,0.6237063287485793
7805,0.3533933507164008
7806,0.7195022173177054
7807,0.4157475525270719
7808,0.5550431874505
7809,0.3590158870000253
7810,0.4567215636132809
7811,0.5706506578111581
7812,0.46134131468407014
7813,0.5146575886074399
7814,0.4763561301095861
7815,0.36700089179968276
7816,0.49996705229231186
7817,0.6806725451999651
7818,0.5884287415508711
7819,0.5638514693467382
7820,0.5208860080057027
7821,0.5118389040767731
7822,0.7998537547142317
7823,0.5447452892005341
7824,0.5800178686287841
7825,0.4726568777569521
7826,0.42075033843867315
7827,0.38323125764616706
7828,0.3941310150931694
7829,0.5632319245268383
7830,0.3387346160344076
7831,0.4869128115638103
7832,0.5158292778473889
7833,0.3155187577401701
7834,0.5286719983381191
7835,0.45227646730355703
7836,0.43311459558619825
7837,0.6277131645260687
7838,0.6177864073134196
7839,0.5675779562152112
7840,0.5282897287077082
7841,0.41583964964666864
7842,0.43458140145302904
7843,0.4919257437391617
7844,0.43944974375182744
7845,0.5396989273881454
7846,0.4160230210158015
7847,0.47581157556209674
7848,0.5878756002922978
7849,0.3876736197310289
7850,0.5870551415835565
7851,0.35947597128823433
7852,0.3448262646705993
7853,0.42665194166943415
7854,0.6657693316302342
7855,0.6368809483484892
7856,0.5673488875756402
7857,0.5192356192115102
7858,0.5712089345173458
7859,0.5286408090419914
7860,0.38412741362885566
7861,0.5945907588902859
7862,0.5953045039052326
7863,0.5223698497203504
7864,0.684240320130834
7865,0.4816457544542917
7866,0.5713743036361301
7867,0.4272299527969738
7868,0.730268444610825
7869,0.6089039701696352
7870,0.6011299378616006
7871,0.37406172989709496
7872,0.41281694119269763
7873,0.39903659043697004
7874,0.5016037236363485
7875,0.40311878225621955
7876,0.5101422844257292
7877,0.45212888722116834
7878,0.550017897269646
7879,0.39858167525850857
7880,0.49435590741870467
7881,0.47239191758772037
7882,0.7419353947372171
7883,0.4221639021385325
7884,0.4662063502396435
7885,0.5915918746115799
7886,0.5174591993216336
7887,0.48834013474283944
7888,0.6034426952550894
7889,0.5376700476671842
7890,0.5103316520977961
7891,0.37721476604414483
7892,0.6468074566332819
7893,0.5479215702900605
7894,0.6786902286289087
7895,0.4059105432661465
7896,0.3864854099216477
7897,0.5192893053408658
7898,0.4807149140471814
7899,0.3032984846094431
7900,0.5479123082408096
7901,0.5901840773049779
7902,0.4730672573996598
7903,0.603612228336097
7904,0.5653935212891796
7905,0.4688283076451907
7906,0.41769627499592477
7907,0.6844619136982629
7908,0.48531312442730884
7909,0.6670551528819815
7910,0.4617959917288078
7911,0.4282538097870983
7912,0.6594052474150035
7913,0.4307028939304903
7914,0.4510967814448742
7915,0.6522119434630442
7916,0.6449082569006771
7917,0.4766044592900124
7918,0.37857215085653795
7919,0.5671041774588661
7920,0.7260378497167499
7921,0.39230786700860215
7922,0.4382359389252403
7923,0.580809978179726
7924,0.4077490634150699
7925,0.4913908633892087
7926,0.490084905901559
7927,0.4720776264642244
7928,0.364467883330059
7929,0.4837168906611247
7930,0.6260565976753101
7931,0.470907780881294
7932,0.7053783592906304
7933,0.5167107372663733
7934,0.41397255994657556
7935,0.6027574391784558
7936,0.4139617443270025
7937,0.5335061832788406
7938,0.5361333537827837
7939,0.4910759621418102
7940,0.4185647490868791
7941,0.42933556717094146
7942,0.484492512525103
7943,0.5566750374639432
7944,0.7248903401643729
7945,0.37195686694757435
7946,0.5693796868334844
7947,0.5117458173446723
7948,0.5097365853556551
7949,0.6669109016807047
7950,0.40558831751065705
7951,0.574490792492713
7952,0.3968508387569545
7953,0.38972965486469174
7954,0.38791365184085097
7955,0.47957712426755894
7956,0.4547252877850232
7957,0.5754628463184931
7958,0.6126966855863216
7959,0.47559205077435024
7960,0.3992548413499445
7961,0.6184078846480566
7962,0.6041604246490462
7963,0.46309215865077946
7964,0.3439700666378386
7965,0.5374654377177599
7966,0.5095963134606181
7967,0.45866417920083424
7968,0.6324339750930011
7969,0.5011658621263718
7970,0.4768549566694752
7971,0.48126858380833504
7972,0.5387669336625909
7973,0.5184875234841312
7974,0.5364750042301577
7975,0.5738071137218148
7976,0.3910473166724351
7977,0.5329212421724084
7978,0.5222313995341918
7979,0.5185815791784808
7980,0.33626284591725303
7981,0.45352994547158365
7982,0.5172781038674277
7983,0.5492152303155454
7984,0.591634171873013
7985,0.4568923492878721
7986,0.6204430974389674
7987,0.5915049721155402
7988,0.42877127544845633
7989,0.6586822798964935
7990,0.7287461923453183
7991,0.41822628416139657
7992,0.45435588043930786
7993,0.3391569496729762
7994,0.5629496761400427
7995,0.4512906576473071
7996,0.5829837858916743
7997,0.4967386020043867
7998,0.4555632728500018
7999,0.4108005524843968
8000,0.37565857525479796
8001,0.4377271131975564
8002,0.44982687526025705
8003,0.5298600084813925
8004,0.4546787949037281
8005,0.45552078962887727
8006,0.6962071584418507
8007,0.45050662172233147
8008,0.5339124129763452
8009,0.6114363190354168
8010,0.5118817319914917
8011,0.4964836174405945
8012,0.45442939397800713
8013,0.5139124211961729
8014,0.7066164168572673
8015,0.620721041885328
8016,0.42394760795592895
8017,0.6513909875680486
8018,0.5048895178697278
8019,0.49412184528912095
8020,0.4458782432019814
8021,0.47936525038157896
8022,0.39310634927923616
8023,0.47273935437669407
8024,0.4665512685681884
8025,0.4397049163132052
8026,0.4167436173424041
8027,0.6425088426525961
8028,0.4625684285988234
8029,0.6034507028120805
8030,0.3991143797510131
8031,0.4623320070110873
8032,0.4921864681206376
8033,0.48761820405451944
8034,0.46863323991093947
8035,0.49536693304950785
8036,0.4526004500922214
8037,0.5245251436283788
8038,0.4806993159823779
8039,0.44632847123403646
8040,0.5239537702062238
8041,0.507708672928585
8042,0.5439154306331128
8043,0.5255808669337636
8044,0.5037602726199506
8045,0.3269165341643405
8046,0.45791919451783386
8047,0.45061496518375355
8048,0.46479111451998306
8049,0.4743063461668763
8050,0.45777781587843647
8051,0.49240796210038207
8052,0.5487299573117443
8053,0.4923317437926293
8054,0.4197601669003188
8055,0.3474882661020725
8056,0.7228541068584214
8057,0.41370350038826953
8058,0.6974051780853525
8059,0.4799440879112485
8060,0.6023745336229962
8061,0.4668122728251281
8062,0.4277648380656017
8063,0.47714145030775146
8064,0.54439613316176
8065,0.46784471272446354
8066,0.5791050968150043
8067,0.5588494077962883
8068,0.34834764137924223
8069,0.4863226488827495
8070,0.49074665609345147
8071,0.5008050742455044
8072,0.40846206495837334
8073,0.5711881265289263
8074,0.5222754620121283
8075,0.5334013297323893
8076,0.5110691424224164
8077,0.48795652186337035
8078,0.4016713106494053
8079,0.4280696961351353
8080,0.3204661873185245
8081,0.6171125272431988
8082,0.4988775027125196
8083,0.5206400659096089
8084,0.6830008215143262
8085,0.46742862541080743
8086,0.6086576922991206
8087,0.5088118310526497
8088,0.6336150688476151
8089,0.5399917583814183
8090,0.35543107062063006
8091,0.5134737407059673
8092,0.41571789946640747
8093,0.3187840407801755
8094,0.6251635192909568
8095,0.5696253670205839
8096,0.3919208040264003
8097,0.4531732252885618
8098,0.612790735407169
8099,0.41672004200176344
8100,0.5064448069310742
8101,0.395309171634287
8102,0.46920224050515286
8103,0.40567057369546683
8104,0.5675341865206232
8105,0.5222091615152078
8106,0.5438415101570484
8107,0.5523590441335979
8108,0.48231355174564927
8109,0.5408079660986129
8110,0.6883169272275483
8111,0.4050923276199595
8112,0.5609298894087575
8113,0.5576631474131448
8114,0.40888380790499346
8115,0.7095007211219726
8116,0.5723294399146854
8117,0.43133703130996254
8118,0.5116112210068473
8119,0.529842930170977
8120,0.44547064125121777
8121,0.4240919786862759
8122,0.34294236242879006
8123,0.7589562893973183
8124,0.5763792680382418
8125,0.4689950465281389
8126,0.4400068414296204
8127,0.5184734839765027
8128,0.39582545177264694
8129,0.4699199904614428
8130,0.41423568510621145
8131,0.7359966519239429
8132,0.3691996304786217
8133,0.394935996421425
8134,0.3039197984420058
8135,0.44041304389566377
8136,0.4017011927434174
8137,0.6098062871923229
8138,0.45240170511717853
8139,0.39234784723547517
8140,0.5828301871317081
8141,0.46193194730845344
8142,0.7691921415727341
8143,0.4196720754586792
8144,0.45130349729369734
8145,0.6420256077944919
8146,0.4517470402084931
8147,0.47975498174168174
8148,0.3939265012394854
8149,0.5380087681946558
8150,0.5789028649279578
8151,0.49460263927679804
8152,0.38828062351600656
8153,0.767730882663114
8154,0.5457368618295639
8155,0.40845390214726984
8156,0.4314885217826761
8157,0.4297283281658142
8158,0.6245980366376638
8159,0.5188570728759772
8160,0.5378967399274168
8161,0.49485015559903195
8162,0.47389541398519175
8163,0.47614954360380235
8164,0.5880488285101632
8165,0.6840373150630816
8166,0.40183964481490797
8167,0.565670321163328
8168,0.4978461600812619
8169,0.40466231712552747
8170,0.36883058401063984
8171,0.43673508726507554
8172,0.6494687886112337
8173,0.3857269156383254
8174,0.4770392924009378
8175,0.5135237153931123
8176,0.45678134953295996
8177,0.558182161638551
8178,0.6262914496219261
8179,0.5753580466982495
8180,0.4907294374043822
8181,0.5186536456648237
8182,0.3841632196202538
8183,0.6065409670411226
8184,0.5460280295415841
8185,0.35010264090661225
8186,0.6130210098022756
8187,0.4588618453516093
8188,0.48952448895017475
8189,0.6953409686273043
8190,0.4072869715643492
8191,0.46095359886195636
8192,0.6167416283408892
8193,0.6382503783488429
8194,0.6140225809581098
8195,0.4044423749104047
8196,0.3849283025398177
8197,0.5497739662652309
8198,0.5623165406371382
8199,0.44416709613966093
8200,0.48423653765157115
8201,0.8384466785536406
8202,0.49663509269164674
8203,0.4822459945038419
8204,0.6337807652574043
8205,0.854761515645627
8206,0.4876505711878655
8207,0.5264603910726081
8208,0.4920361489070012
8209,0.47778348802049
8210,0.4708084501333409
8211,0.3388519680595946
8212,0.43884971455884847
8213,0.49980067820224094
8214,0.49505253818707323
8215,0.3664017141784084
8216,0.6515444606986869
8217,0.4201385610060927
8218,0.5418942107997772
8219,0.5306550895928916
8220,0.4918574384034029
8221,0.5487304320075171
8222,0.5155334704556543
8223,0.607848184657247
8224,0.6382002517678977
8225,0.44413874469372194
8226,0.5366345084784927
8227,0.44878866336145
8228,0.47629169224019074
8229,0.42994608437977666
8230,0.5423734354038429
8231,0.4747328947076582
8232,0.4438744624471855
8233,0.49264368885273196
8234,0.4143306767748305
8235,0.43698145236910974
8236,0.4342217956568627
8237,0.560367082599512
8238,0.5074730252990614
8239,0.5265916746757391
8240,0.3871485238760932
8241,0.7328555681654118
8242,0.5408839962341317
8243,0.5181487360043754
8244,0.6127698646409868
8245,0.38006658780438946
8246,0.4184471534681169
8247,0.48733993911429063
8248,0.3583866430260759
8249,0.37432676286868405
8250,0.4786938618001302
8251,0.3844950472523848
8252,0.45318352200979517
8253,0.43858333527062543
8254,0.5898928592709427
8255,0.6118849074020172
8256,0.5440578884640996
8257,0.5604730841171539
8258,0.505244739586531
8259,0.58143059264412
8260,0.5099084113789883
8261,0.5943381770735823
8262,0.542270040719023
8263,0.5037712772294951
8264,0.540439504926395
8265,0.5272375885490108
8266,0.3978452986544784
8267,0.4216187112666132
8268,0.4241827768207201
8269,0.3706700137509005
8270,0.4870223675302949
8271,0.39921999983132556
8272,0.5383687928260813
8273,0.44655854948973056
8274,0.3426615894513543
8275,0.43661533487592363
8276,0.6480981650559269
8277,0.5485259755239514
8278,0.4752818255064066
8279,0.5065108563666157
8280,0.541850239569276
8281,0.5488538906509051
8282,0.4007594145762551
8283,0.4003495095632795
8284,0.4272809026308819
8285,0.4114931270898349
8286,0.32012683677043263
8287,0.45449876207138257
8288,0.39731503879224367
8289,0.5035477661144675
8290,0.41831483840955763
8291,0.5404105923569338
8292,0.6010350245395201
8293,0.6983264097254576
8294,0.4882933838622478
8295,0.49244725860253274
8296,0.5441010010922498
8297,0.5519343943107496
8298,0.3826049169807079
8299,0.5968688372551936
8300,0.6001746818828172
8301,0.4598908199793878
8302,0.5257433260619201
8303,0.49174832213372494
8304,0.460451931815392
8305,0.4675501856950053
8306,0.6214095007688675
8307,0.5410800888717122
8308,0.47167274271403425
8309,0.5814667794628667
8310,0.30774852998028956
8311,0.39954294127537804
8312,0.41224535272541135
8313,0.49229581287854063
8314,0.6704647246535922
8315,0.52135775069337
8316,0.40190449088055125
8317,0.4941169289719136
8318,0.4557062514140708
8319,0.651927769613781
8320,0.48382404672060236
8321,0.5183657811371185
8322,0.2935684825724237
8323,0.527276952979436
8324,0.5570124690306231
8325,0.5170473877166888
8326,0.6039532463709728
8327,0.5905490586067298
8328,0.4639610272695649
8329,0.36102576072391934
8330,0.3744819605759596
8331,0.42291247766829976
8332,0.4743292318542739
8333,0.48096121856951196
8334,0.5723113912570367
8335,0.46202940748707977
8336,0.5476432833750571
8337,0.5447947437378896
8338,0.6204339909866587
8339,0.6442579208008699
8340,0.2808105176808016
8341,0.40813495057621485
8342,0.6303104234259813
8343,0.42130832048904326
8344,0.43825352977744536
8345,0.5030251665484347
8346,0.5332373726452115
8347,0.4731933949593879
8348,0.7275380557345377
8349,0.4604330898683723
8350,0.43338911717984857
8351,0.3735460235977207
8352,0.4468445438165321
8353,0.4455575095319414
8354,0.7376425811054413
8355,0.5502366173790592
8356,0.5856276123293858
8357,0.5716946991926396
8358,0.5852384088752239
8359,0.2761898506770581
8360,0.4522867587827323
8361,0.6733616714243428
8362,0.5947927847643019
8363,0.4588711010138335
8364,0.33320395883903453
8365,0.5005756586193739
8366,0.6495200367652095
8367,0.5816954994705443
8368,0.5455518631433316
8369,0.30453347016756804
8370,0.5122891937786669
8371,0.5048446261888623
8372,0.47593100410274525
8373,0.38056884126404544
8374,0.5831965004709005
8375,0.6983695184394849
8376,0.44275458922071154
8377,0.5731835468093152
8378,0.4673114990012721
8379,0.46693069846410806
8380,0.6287723078127542
8381,0.5590349704597143
8382,0.6292828072005904
8383,0.5428644712675605
8384,0.5447394268790987
8385,0.6765925157450047
8386,0.6780391119733948
8387,0.42651071801488694
8388,0.4934471851780503
8389,0.3279927421752079
8390,0.5474965142520164
8391,0.7976254387316473
8392,0.6764140126647736
8393,0.5204325367587135
8394,0.537484331060195
8395,0.5806037744954018
8396,0.7132492504774748
8397,0.4741802131493078
8398,0.5268649965160483
8399,0.43154624867340274
8400,0.44943626068807907
8401,0.4372796508171143
8402,0.47929774072810527
8403,0.5195935466899466
8404,0.3448358239767727
8405,0.5025797697487606
8406,0.654691437783249
8407,0.6568698240842971
8408,0.49900556579433736
8409,0.6047188928746192
8410,0.49103946409680294
8411,0.5558164214990344
8412,0.32202307064432784
8413,0.5336448830555621
8414,0.51176976911606
8415,0.5933962994363594
8416,0.37711786753512677
8417,0.47573382820953175
8418,0.44102241049445035
8419,0.4601589525461181
8420,0.5433160840711636
8421,0.5016316763850308
8422,0.5169016834577623
8423,0.4859175734220929
8424,0.5659097649556166
8425,0.600950627558247
8426,0.45568497046607415
8427,0.6987816786871655
8428,0.4833910925119929
8429,0.6396147334918445
8430,0.4211378353973364
8431,0.5144499954628585
8432,0.5411344518715212
8433,0.38509063646134944
8434,0.5117483128073458
8435,0.7707051550022233
8436,0.41281827021695483
8437,0.5614836170863743
8438,0.5189695262161789
8439,0.4839641071725429
8440,0.33697544915612676
8441,0.5992327182532774
8442,0.5142913680916619
8443,0.5331901154906703
8444,0.4355730546274374
8445,0.5823899226973788
8446,0.46109025919006635
8447,0.41006563894280634
8448,0.5540664549028516
8449,0.4889284906605259
8450,0.45280735941978195
8451,0.533102171639033
8452,0.47586515332473495
8453,0.4894416380781466
8454,0.6136508097627017
8455,0.5958826841859206
8456,0.531720969686281
8457,0.5081752268802613
8458,0.4352588286012185
8459,0.5302629126360148
8460,0.6723569398811028
8461,0.5136070348284189
8462,0.5294905404156954
8463,0.4756278122722667
8464,0.4213467612228177
8465,0.5786632445628677
8466,0.5772779320282275
8467,0.47367311988185384
8468,0.37229598839972644
8469,0.49739916520076294
8470,0.49537337427853445
8471,0.7685450818405113
8472,0.5914911918204624
8473,0.68116876163495
8474,0.6002349365532209
8475,0.47993775737187166
8476,0.5233969513157759
8477,0.4988189391483541
8478,0.5228191191112729
8479,0.29756074222780776
8480,0.5256706956726955
8481,0.5219831495581075
8482,0.41825623815633317
8483,0.38370828411428964
8484,0.526803880008255
8485,0.37215288583258416
8486,0.7777453325664363
8487,0.5352077658567714
8488,0.32891359115561036
8489,0.5407801022675671
8490,0.6787512135871512
8491,0.47754543498397245
8492,0.3663057521150793
8493,0.46390162361553067
8494,0.4062707461613383
8495,0.5080318907593491
8496,0.3907970743373216
8497,0.48815167019631633
8498,0.3889830839908077
8499,0.6184275291594572
8500,0.5629691350671527
8501,0.42851521571954626
8502,0.4777346001551932
8503,0.4638496709299809
8504,0.5256071586060593
8505,0.43955513838257837
8506,0.5038434437090474
8507,0.5119355391726492
8508,0.6507914982070409
8509,0.5123442741893294
8510,0.3817380273654173
8511,0.5114184601106665
8512,0.7014427571378501
8513,0.5665599962010083
8514,0.49447750087707687
8515,0.4654142762711008
8516,0.5350618885259991
8517,0.5872930683248346
8518,0.42854535665606347
8519,0.6281112953288087
8520,0.5071972337541469
8521,0.4054016188410661
8522,0.3982456383653735
8523,0.4710435254822624
8524,0.5385973390413484
8525,0.41676317869348434
8526,0.37675882519029574
8527,0.6000403354914138
8528,0.500055698010508
8529,0.6182949443671072
8530,0.5439764412823892
8531,0.44420683764149355
8532,0.5849663533959666
8533,0.4932635954857997
8534,0.5785255833347149
8535,0.5300402610881912
8536,0.5484486839875333
8537,0.5657342909688867
8538,0.5365232845912318
8539,0.36972156052816085
8540,0.5179435539674104
8541,0.6528037391338195
8542,0.5842210376815357
8543,0.5679320518773815
8544,0.4632615686557224
8545,0.5237937930366671
8546,0.3726419660621424
8547,0.38571254579833447
8548,0.5991178006982686
8549,0.42259978389240915
8550,0.37444722794386015
8551,0.37710189606789546
8552,0.6648090478238965
8553,0.5264209489858448
8554,0.5309633312092933
8555,0.5853551564945617
8556,0.6660047093891147
8557,0.5214398491331842
8558,0.43202401677315805
8559,0.5520150867925284
8560,0.5742263790559652
8561,0.4676953935653851
8562,0.5395912030995047
8563,0.5626438662156008
8564,0.5546203606463775
8565,0.4628702891158064
8566,0.5581604521975588
8567,0.5997270713877687
8568,0.5113636317241461
8569,0.6479169500667018
8570,0.5239839894558372
8571,0.4926882383132325
8572,0.4948718204715943
8573,0.6334070423473435
8574,0.5692042578522087
8575,0.4917929871072924
8576,0.41509528791905564
8577,0.45616128784474214
8578,0.49503909237519
8579,0.39520691024521326
8580,0.5217999260982685
8581,0.3907573629116148
8582,0.5467077448659229
8583,0.5661234893320127
8584,0.3666353179302082
8585,0.5415275269322999
8586,0.39214731546919274
8587,0.3862760548637164
8588,0.3851061357248912
8589,0.5530974795308402
8590,0.5416741376647201
8591,0.6042430016254764
8592,0.682052456458147
8593,0.43348663390464076
8594,0.5040287583829134
8595,0.45694657052117926
8596,0.5388234113003362
8597,0.5755659165488569
8598,0.3601036485418422
8599,0.780259783908263
8600,0.49186102516362257
8601,0.3555101328778314
8602,0.45485875796702924
8603,0.5066791950261604
8604,0.4219238298441531
8605,0.3541837632058178
8606,0.5091712146932038
8607,0.50702535358822
8608,0.6023746320908429
8609,0.5632973300128141
8610,0.5928197835199612
8611,0.4842147539726492
8612,0.5214377955863084
8613,0.4902093523386129
8614,0.3176298041350629
8615,0.4726489991847073
8616,0.5632300985098366
8617,0.4336934406919256
8618,0.5476882791360989
8619,0.40832343028374624
8620,0.5659782979359465
8621,0.43858304566430895
8622,0.4126736835159782
8623,0.6775879105743368
8624,0.3399359270890067
8625,0.45865946659795237
8626,0.41863594601344967
8627,0.39249267836919555
8628,0.4171460699346202
8629,0.39768028744395006
8630,0.5835389994719233
8631,0.3892711640138472
8632,0.6266744493875727
8633,0.7237528099650832
8634,0.582132694359969
8635,0.5028114269389795
8636,0.5146658083514329
8637,0.5975483098308061
8638,0.3867725025303113
8639,0.5821064264920581
8640,0.4238091672888481
8641,0.49742149138962866
8642,0.4544844928159987
8643,0.5374623084649327
8644,0.38921178712029275
8645,0.40509894381526246
8646,0.5050073134931998
8647,0.5073586347041722
8648,0.5138646702833474
8649,0.5711862797439935
8650,0.5616938635357028
8651,0.4756985587611225
8652,0.6219007937601493
8653,0.5193768208843861
8654,0.43843663333166044
8655,0.44189207181302936
8656,0.47593262066871983
8657,0.484086736989635
8658,0.5268881561344987
8659,0.42678342590380736
8660,0.5309639578909306
8661,0.4919483172468447
8662,0.3875096017403316
8663,0.5780574733642173
8664,0.49980939873738234
8665,0.66413664120498
8666,0.4097173497549356
8667,0.5602141675347527
8668,0.607524189736844
8669,0.4062798205123827
8670,0.6446782837556058
8671,0.5505781982418796
8672,0.44996944442716075
8673,0.37710153409700914
8674,0.6619556252443454
8675,0.4480621276619346
8676,0.37567895518294764
8677,0.4169702193199445
8678,0.6096926169706811
8679,0.4527803601139769
8680,0.4578499850854186
8681,0.40819198129677225
8682,0.4533467350113811
8683,0.49182029895815726
8684,0.5069085914534288
8685,0.33095946226289963
8686,0.6830790331549313
8687,0.49671783051605434
8688,0.6593664349957548
8689,0.41398709892987773
8690,0.5753079350417085
8691,0.5631931225889244
8692,0.4452087448855974
8693,0.5366948937073306
8694,0.5225301821860725
8695,0.6534732826596993
8696,0.5304680578804607
8697,0.4062101074103663
8698,0.4760897734758744
8699,0.4787042773847288
8700,0.45907063937862874
8701,0.3709659745039623
8702,0.6344583838789288
8703,0.5197413444688362
8704,0.4058965156342578
8705,0.4441336138508079
8706,0.4911138195421719
8707,0.5895674410749041
8708,0.4469291504635092
8709,0.7351274363355176
8710,0.49656608312508804
8711,0.5296373797239979
8712,0.40773045263035124
8713,0.49867284254659694
8714,0.45561815580913834
8715,0.38776511894343796
8716,0.5956597171195104
8717,0.45189967333955394
8718,0.6726546062676448
8719,0.32760893935464264
8720,0.5112172719942315
8721,0.6143537209574622
8722,0.6114407531990599
8723,0.5306314887247294
8724,0.43318534673355047
8725,0.5440293497861363
8726,0.47889068734539614
8727,0.5284500773148892
8728,0.6230271156221467
8729,0.5538367011927456
8730,0.5599575750014614
8731,0.514731322437144
8732,0.45103669974241856
8733,0.4562298937732785
8734,0.3651078613914748
8735,0.4585543095487923
8736,0.45846588688605727
8737,0.45587695762257646
8738,0.3929556669690629
8739,0.5756639526256068
8740,0.4970549581264856
8741,0.3836292407712937
8742,0.7555340948508658
8743,0.4104412636179242
8744,0.4923436224900696
8745,0.34128215091254765
8746,0.4613596550031398
8747,0.4161410088514604
8748,0.3985254051924302
8749,0.5848574375431601
8750,0.4298143344914138
8751,0.4222004838467571
8752,0.5510893119941714
8753,0.4533722348408717
8754,0.5736064752632135
8755,0.40802635206853904
8756,0.40533886431141936
8757,0.45958332481387665
8758,0.629807989131506
8759,0.4673047414207152
8760,0.4547573009003257
8761,0.576714432726305
8762,0.48241451512187994
8763,0.5154570799089532
8764,0.48678997050880335
8765,0.48829420971550336
8766,0.48456351946906895
8767,0.4849807827704156
8768,0.6821260564254418
8769,0.5160099801611389
8770,0.43889941600293436
8771,0.4381389326998558
8772,0.5242723971188966
8773,0.46208121458667606
8774,0.5574496543740775
8775,0.5455784792245675
8776,0.5915066528552154
8777,0.4540561232554591
8778,0.4903566618854557
8779,0.5174881924656607
8780,0.4927963563753665
8781,0.5164941524462936
8782,0.5107476974233983
8783,0.49845152103292784
8784,0.5607802046953533
8785,0.39665947533386775
8786,0.45754965277426835
8787,0.40779979955870815
8788,0.3977266832630622
8789,0.4884050648839869
8790,0.367619316238311
8791,0.4344259646415324
8792,0.5732673721056537
8793,0.46887440876599584
8794,0.5831692351579111
8795,0.4062628306766196
8796,0.5349962595616506
8797,0.4675750098642537
8798,0.5037549205658964
8799,0.3385262741471944
8800,0.5416213338289919
8801,0.4613433254908115
8802,0.4962023543453577
8803,0.5438685899949194
8804,0.5040327650750567
8805,0.63679292686285
8806,0.7012992319737162
8807,0.5423433659971821
8808,0.3416601230927826
8809,0.3369454375315089
8810,0.5159753433691443
8811,0.4227879809630685
8812,0.5546759398778245
8813,0.46689350471965585
8814,0.5388597767231875
8815,0.5519402991245544
8816,0.64031278539819
8817,0.41671471476841243
8818,0.3645960488825227
8819,0.4098858933279847
8820,0.4160857075986214
8821,0.353841636063707
8822,0.6967409097094334
8823,0.3385430332199567
8824,0.536387629378599
8825,0.5482318276561846
8826,0.6163509053336748
8827,0.5846266660986897
8828,0.599683048153497
8829,0.6206451520891598
8830,0.532453888874048
8831,0.5274034462078397
8832,0.6715256556748874
8833,0.4260406661382181
8834,0.5399332735360569
8835,0.5024238833381393
8836,0.539320177499634
8837,0.3845423529803109
8838,0.7189627338229759
8839,0.5617989443213289
8840,0.5045666709579997
8841,0.31454540544185583
8842,0.5889376735339938
8843,0.7199073489332878
8844,0.5527359659902411
8845,0.35767121988146455
8846,0.6521611393617247
8847,0.5306894725200401
8848,0.6538807727418278
8849,0.46447952938526266
8850,0.7016098241707862
8851,0.5056429443875454
8852,0.4985400036546869
8853,0.5356248644297837
8854,0.5307241485185346
8855,0.4347509931227965
8856,0.48144225825639675
8857,0.5754211517358637
8858,0.4563726525707365
8859,0.5142167425967543
8860,0.5623917618334512
8861,0.734134228031825
8862,0.4449286410082527
8863,0.5298144552763181
8864,0.6235203375668987
8865,0.41178729373112194
8866,0.49897879182325233
8867,0.45946997890365204
8868,0.4355434681498223
8869,0.4875726628814128
8870,0.47444504502028007
8871,0.5386280317521346
8872,0.4431453486152969
8873,0.47831243056183675
8874,0.3471777884819452
8875,0.5446064765544913
8876,0.6649779052143361
8877,0.6030836516051437
8878,0.5963621662527118
8879,0.6724413887023566
8880,0.6453753490071052
8881,0.5022638702413548
8882,0.5831429207308565
8883,0.36241462343821296
8884,0.4243801485843722
8885,0.4324593523917515
8886,0.5610294699710383
8887,0.45999786408630244
8888,0.47037063446973776
8889,0.4433974142813464
8890,0.4116162286834023
8891,0.5260998782986488
8892,0.3305765813790428
8893,0.43943274102336555
8894,0.48552712949534144
8895,0.38188233306608177
8896,0.5408540731481762
8897,0.5411770415821662
8898,0.5320854129674252
8899,0.5312942550972021
8900,0.5414941342790434
8901,0.4083782650994671
8902,0.739218063274707
8903,0.48272941014767945
8904,0.7152511536642558
8905,0.5243172984871997
8906,0.4886744348036726
8907,0.4786838027143808
8908,0.6232959216969663
8909,0.5475178531316146
8910,0.5667258287979221
8911,0.5016164426201872
8912,0.421050505647352
8913,0.3770848215898861
8914,0.40829050201916445
8915,0.4662431261285136
8916,0.5097525007266038
8917,0.5725471636155911
8918,0.4824608570822815
8919,0.6405212884824574
8920,0.4330561565728343
8921,0.33113342351610286
8922,0.44728071428016475
8923,0.3434263430418487
8924,0.4161385523817254
8925,0.48438481902155606
8926,0.5268049300574074
8927,0.5874454057775863
8928,0.48204173617645985
8929,0.4413847020294169
8930,0.41143231397842095
8931,0.4609743720476251
8932,0.4395861575747074
8933,0.6744365660349
8934,0.5492077443481858
8935,0.5305974972144901
8936,0.372234457380815
8937,0.5162027982835539
8938,0.5986993055099685
8939,0.3305865387433079
8940,0.5691941946622703
8941,0.3701614972727701
8942,0.604413155389798
8943,0.5122187908216624
8944,0.5827290899482948
8945,0.41528844648027585
8946,0.49648646963596443
8947,0.540010506043215
8948,0.4166482544823765
8949,0.4602978551947721
8950,0.48916217638519466
8951,0.5637966817818522
8952,0.33875837202063364
8953,0.6195559666173824
8954,0.4510329202827751
8955,0.5142319928731673
8956,0.5406602897879064
8957,0.5428212441381115
8958,0.6080879004273594
8959,0.49809986220598956
8960,0.6595492610073279
8961,0.45172051105881106
8962,0.5377581654763088
8963,0.5936059573859468
8964,0.5819137915274067
8965,0.5623482586276517
8966,0.3386309271602059
8967,0.3411715489633003
8968,0.4883127021743976
8969,0.5020107690574092
8970,0.763861871558844
8971,0.5140886268659893
8972,0.5158255846478474
8973,0.49703430310566926
8974,0.6450646657991714
8975,0.40739412659023866
8976,0.39501568031042916
8977,0.4248786239733463
8978,0.5061809215771439
8979,0.5109053480821953
8980,0.5889447445062247
8981,0.5649216798308004
8982,0.48774600493479303
8983,0.4234106097370185
8984,0.39889556428810635
8985,0.41760296954638987
8986,0.6352873107130217
8987,0.4209102208586788
8988,0.34724438629065457
8989,0.5297348438017769
8990,0.5080492013892439
8991,0.5031326445466872
8992,0.36166631526240256
8993,0.6747228349852953
8994,0.44333324567101895
8995,0.6749400940921234
8996,0.5509139786522522
8997,0.5715420321474926
8998,0.5714034637718046
8999,0.3818876230948328
9000,0.4336852491921704
9001,0.531129403783378
9002,0.42276353185587273
9003,0.861616290637695
9004,0.4129927661499458
9005,0.3782693959166815
9006,0.3821636520852264
9007,0.5661006038660448
9008,0.5113561302710469
9009,0.4736149725620604
9010,0.4361798187022301
9011,0.5167170549835304
9012,0.4854806229961231
9013,0.5378020274010942
9014,0.8148137468953526
9015,0.40701839504492265
9016,0.453525869289622
9017,0.5158631799463252
9018,0.47257969912280406
9019,0.3784540653383536
9020,0.5369880854435771
9021,0.600420537329757
9022,0.5254705730789077
9023,0.5973937452885645
9024,0.4985615811137662
9025,0.35259791150342484
9026,0.47107982675921084
9027,0.5066846352370082
9028,0.39873757269407595
9029,0.5374118884829868
9030,0.38569681354788676
9031,0.4266100786862719
9032,0.4609540303592265
9033,0.5932508953435519
9034,0.588495388178583
9035,0.5167110588826672
9036,0.4796708029646684
9037,0.5285660891929396
9038,0.5820096314402972
9039,0.5682817425636568
9040,0.569765362387279
9041,0.4330252000028756
9042,0.467176742560766
9043,0.33417066405773055
9044,0.5659885620962567
9045,0.4658933891602455
9046,0.3375361989578368
9047,0.5907596041195078
9048,0.5354067723413616
9049,0.4232050269575431
9050,0.4292849814709666
9051,0.423115874227569
9052,0.46239281244880603
9053,0.5209273642599784
9054,0.5785024842914958
9055,0.5530514955262676
9056,0.7482369957977595
9057,0.5425450588124063
9058,0.510179487759362
9059,0.4258407968480043
9060,0.5620382917430954
9061,0.46788855711518806
9062,0.6527106660528926
9063,0.45491699688891674
9064,0.6441991440857446
9065,0.5628683365976328
9066,0.4348357939290308
9067,0.5047755875035416
9068,0.43921267603273606
9069,0.7004728113477511
9070,0.4438629070044426
9071,0.6583731326403552
9072,0.4972624435213276
9073,0.6025787741716565
9074,0.36853333792776455
9075,0.6446017306366477
9076,0.4096057776089803
9077,0.4763207045710246
9078,0.49970847827857795
9079,0.3759669503509618
9080,0.5439454914946886
9081,0.585098120285413
9082,0.44186444691744886
9083,0.5470107762691845
9084,0.4532162254572737
9085,0.7152633142231201
9086,0.5097498576890127
9087,0.7045191142557536
9088,0.5236858391167445
9089,0.5932509369239065
9090,0.5901163317297049
9091,0.46162559926858454
9092,0.4152232653280854
9093,0.581623756745642
9094,0.4030459084851057
9095,0.5837849019752875
9096,0.45137205203201164
9097,0.46886864278694557
9098,0.6321324729028681
9099,0.6762042011063173
9100,0.6642622177748656
9101,0.5771189825722871
9102,0.4344786603258428
9103,0.43506912480881343
9104,0.7545351829662911
9105,0.6714522712787052
9106,0.6006240679070747
9107,0.6969517495904601
9108,0.5719249574839045
9109,0.5728079622202816
9110,0.4837631750999804
9111,0.5146415823611865
9112,0.638182976589046
9113,0.5791570844720689
9114,0.5698818481713347
9115,0.5003940137037023
9116,0.4797591632786827
9117,0.5432527669042566
9118,0.6430904501721981
9119,0.5937037294182959
9120,0.6688744294638715
9121,0.5436008184621421
9122,0.48205851029697183
9123,0.5743498570957666
9124,0.6820858519413281
9125,0.5603837825832293
9126,0.3544566596396218
9127,0.4584913481928359
9128,0.43703826149557756
9129,0.5286778977446647
9130,0.40852448038954436
9131,0.5679197598836525
9132,0.5745175920984823
9133,0.7374262581513484
9134,0.41992538627099546
9135,0.4591103339999236
9136,0.5185089966533675
9137,0.5167671450852973
9138,0.6612211972973521
9139,0.4765106201088563
9140,0.5759176136515548
9141,0.3311000365716249
9142,0.6448490559112214
9143,0.39259725566581843
9144,0.5534943275221454
9145,0.5284550345156225
9146,0.5500736647087026
9147,0.401006977877051
9148,0.5095265596304182
9149,0.5507150212908529
9150,0.5158907728443664
9151,0.4963624361601595
9152,0.36039059654272304
9153,0.5354729337227951
9154,0.6016663469720775
9155,0.4646403048951859
9156,0.5911612619722147
9157,0.5823809033332368
9158,0.6119729306528727
9159,0.49537846477452296
9160,0.5229220513851766
9161,0.4582146428522318
9162,0.5875666957475475
9163,0.5003077930408691
9164,0.3477650509618627
9165,0.576134209280678
9166,0.6510071445017901
9167,0.5755544237328215
9168,0.5425103475724389
9169,0.44277601350354345
9170,0.5265564203154126
9171,0.5739056305096024
9172,0.6330889376805255
9173,0.7020001372178324
9174,0.4665574165149557
9175,0.492561982888929
9176,0.503044939895901
9177,0.40293323670653436
9178,0.3831743699503668
9179,0.4914722430701638
9180,0.5486382024267807
9181,0.4649340156375534
9182,0.5378559170798954
9183,0.44589658189922915
9184,0.5192019769923647
9185,0.5573780991424141
9186,0.4828431332226549
9187,0.40025893311078614
9188,0.4125496287362972
9189,0.40924203919044566
9190,0.6376495567233116
9191,0.5386270069508166
9192,0.5337809896365492
9193,0.5183060867616788
9194,0.5129991324295584
9195,0.5973998444497373
9196,0.599100320068863
9197,0.4760239706694975
9198,0.4026271525330968
9199,0.4294639271554084
9200,0.5943027582735548
9201,0.6953274276929796
9202,0.4850422071326886
9203,0.5631002705123437
9204,0.6873893343422988
9205,0.5570965228111955
9206,0.4784682834988266
9207,0.5058757685948374
9208,0.4285401492025791
9209,0.46080371883240007
9210,0.5542110458993023
9211,0.5322824738150487
9212,0.48039569999166143
9213,0.49846605115679515
9214,0.6229067092592016
9215,0.6310904690539227
9216,0.5342815581813695
9217,0.49865923147934765
9218,0.5549595272603073
9219,0.6058337257339846
9220,0.3869154896981798
9221,0.5193878271288112
9222,0.446650306805472
9223,0.5208692166378853
9224,0.6434853681599241
9225,0.4875962676672469
9226,0.5818363155238242
9227,0.5051886386738489
9228,0.5091044734200014
9229,0.3442195989742088
9230,0.5744277774188444
9231,0.5577766024606609
9232,0.326489465467433
9233,0.36572210761538293
9234,0.754916715684832
9235,0.48547509895438534
9236,0.5620548743836258
9237,0.49411219400019996
9238,0.562865613490835
9239,0.4050804550229647
9240,0.5776163232287204
9241,0.6128481889972567
9242,0.48073333078199854
9243,0.41729112363043674
9244,0.5598124856261699
9245,0.37607248399352244
9246,0.4839249113516872
9247,0.4895594006382
9248,0.5095798645561227
9249,0.32535187504411267
9250,0.517140282884163
9251,0.4695761830806063
9252,0.5300388976694793
9253,0.4967615321642643
9254,0.5640774287609938
9255,0.41450382676842795
9256,0.3796666857110434
9257,0.5834406636121766
9258,0.3769547743708751
9259,0.4326528695662519
9260,0.6533857501879137
9261,0.5830049046817147
9262,0.6610187065580287
9263,0.5165895513627327
9264,0.6476986369848476
9265,0.4355023270564703
9266,0.47874039021977466
9267,0.39660301796312514
9268,0.5049917714103443
9269,0.4480753724564663
9270,0.5684765713906356
9271,0.5741217707265451
9272,0.4744794827829131
9273,0.46137199519747957
9274,0.5266569938715066
9275,0.7335404863894676
9276,0.5028124819276436
9277,0.44134202015010243
9278,0.4815733913729666
9279,0.670080387496222
9280,0.4288294773277727
9281,0.5057426167540873
9282,0.5197700095264839
9283,0.4990952172608478
9284,0.6942210209505735
9285,0.46506865629055727
9286,0.46484410262101217
9287,0.5064833780501282
9288,0.4571909597014396
9289,0.5805727834201548
9290,0.3837005898903534
9291,0.4999988388240379
9292,0.5768994488663068
9293,0.4311133290566779
9294,0.4763851331116776
9295,0.5767081621786496
9296,0.5166750561080079
9297,0.5416550630265226
9298,0.42343036304600645
9299,0.4497878009958172
9300,0.4322368936824359
9301,0.50469774822427
9302,0.5059459291299262
9303,0.4137046616191583
9304,0.5500917059354142
9305,0.5260113946780299
9306,0.592351927218013
9307,0.6563972982695249
9308,0.4041118282793634
9309,0.45752662025169594
9310,0.6037099967511916
9311,0.5125098484027069
9312,0.5717389184489211
9313,0.5921111896798037
9314,0.4349025144092821
9315,0.3821524224286069
9316,0.38883720933554045
9317,0.5608718353673218
9318,0.41915328068362123
9319,0.6015584879631226
9320,0.34578664178880436
9321,0.48647131898480894
9322,0.4248956448273031
9323,0.6055431414200548
9324,0.43196965663172315
9325,0.6720280845447129
9326,0.703402955636
9327,0.5379237121185931
9328,0.656427499585439
9329,0.6439356078912313
9330,0.6875515847342273
9331,0.5490585482823712
9332,0.5921946666937934
9333,0.43922161307836927
9334,0.47201796696367554
9335,0.7575684022171071
9336,0.46607497570059875
9337,0.46475953752625987
9338,0.3468038463209644
9339,0.4253386590396667
9340,0.42903019719290403
9341,0.49752654861958007
9342,0.5075406381292212
9343,0.4660649028299514
9344,0.41048316601720364
9345,0.39887667257829496
9346,0.5025888632080556
9347,0.7082630561276654
9348,0.7035596381986216
9349,0.31837551846197687
9350,0.5186887700770972
9351,0.628114055415149
9352,0.3699130148962846
9353,0.46935747465635846
9354,0.5255578718259686
9355,0.4687184920239736
9356,0.5260688977385823
9357,0.5702406590231662
9358,0.6329268626333239
9359,0.5462811102125917
9360,0.36161075951767063
9361,0.47857497901899715
9362,0.48253024436764125
9363,0.6171418033902936
9364,0.2786635584736408
9365,0.554265892087571
9366,0.33801597685558776
9367,0.38314713577010734
9368,0.5561728805302463
9369,0.470152912757009
9370,0.3505216706944434
9371,0.45919639721819555
9372,0.6685960182670723
9373,0.3594650597292751
9374,0.5410054537260054
9375,0.73861445464122
9376,0.5217809182310283
9377,0.669282896294801
9378,0.394405042592916
9379,0.6927036275999084
9380,0.6111311958796548
9381,0.5242406906005859
9382,0.3592934330662958
9383,0.43715453086286726
9384,0.4681706566922875
9385,0.5461657417501241
9386,0.5265072705860941
9387,0.4614528550682532
9388,0.5245025202042942
9389,0.7488896197986887
9390,0.49240906816356145
9391,0.5307225079496753
9392,0.5503513358540215
9393,0.6415389827716151
9394,0.48404702415074774
9395,0.45450580900654863
9396,0.49993617042036015
9397,0.5068126968085349
9398,0.4422103717606726
9399,0.47865693193044967
9400,0.5108647377033737
9401,0.5432240171307988
9402,0.6348165311256834
9403,0.49472806784835355
9404,0.6595663702312367
9405,0.5591605993961328
9406,0.44918183444299614
9407,0.5229872999709723
9408,0.3647729084044252
9409,0.2865619507523466
9410,0.5469848382977988
9411,0.42661030272942235
9412,0.31147433517518586
9413,0.44530176558001433
9414,0.5739847489724718
9415,0.49440992393862954
9416,0.7077275961618797
9417,0.5992815668909132
9418,0.4302127617250545
9419,0.5546196682893231
9420,0.5349373642981343
9421,0.4165062578272033
9422,0.45235932973427523
9423,0.5350735466050038
9424,0.4768102889526491
9425,0.5316043377501644
9426,0.47348630514529805
9427,0.4638622143946923
9428,0.530062440670479
9429,0.4275309671698714
9430,0.4421016351451854
9431,0.38276496718271935
9432,0.5624629180819286
9433,0.6487923674575815
9434,0.4101462433607925
9435,0.7629010981822577
9436,0.4472155601933201
9437,0.5574670321890293
9438,0.5055367663042484
9439,0.49519287504831017
9440,0.4657686912921901
9441,0.5399935756356234
9442,0.4949334997963888
9443,0.354867886439275
9444,0.4241082867739275
9445,0.6582870682933284
9446,0.4946495451630612
9447,0.5598045935448004
9448,0.5880774337698383
9449,0.30994774615312626
9450,0.5312122241183513
9451,0.4335418996637871
9452,0.5850598302863876
9453,0.5595888729838548
9454,0.6610662998482388
9455,0.44134185595110975
9456,0.5833570470033164
9457,0.41193823131670937
9458,0.40062716436890344
9459,0.5533802205704014
9460,0.5578490317695832
9461,0.5595193812944212
9462,0.7160200083291709
9463,0.4319440990542813
9464,0.5455079354081203
9465,0.4104102502992266
9466,0.5885511680769593
9467,0.5439853824318479
9468,0.6200894155545187
9469,0.4754831284391309
9470,0.8226485701171358
9471,0.6999770439802875
9472,0.42031002111229643
9473,0.689762220648803
9474,0.48629487240448427
9475,0.4306129211663059
9476,0.5305155963220394
9477,0.4129267951509704
9478,0.7471351835314399
9479,0.5286385564480212
9480,0.4916784099569474
9481,0.5677108829105592
9482,0.7388083978094215
9483,0.5374816584436883
9484,0.42792616183760546
9485,0.38336017895031704
9486,0.5899003613447229
9487,0.5698312035155038
9488,0.674587711668374
9489,0.5985638593135628
9490,0.4722964760084779
9491,0.6188113209621702
9492,0.672395946276383
9493,0.46937556169590317
9494,0.562822037290633
9495,0.6463407707487158
9496,0.4941458043792526
9497,0.5518160978730078
9498,0.5420791490541009
9499,0.5161485177915576
9500,0.6783640304657159
9501,0.43170482005008387
9502,0.41618728498808666
9503,0.5271197649027244
9504,0.4498218295850933
9505,0.3746155538198303
9506,0.4116186119678116
9507,0.5477158359007465
9508,0.5372318492794395
9509,0.46243258502981416
9510,0.5238246583375196
9511,0.6459356907682183
9512,0.37934127592390093
9513,0.6335854755455259
9514,0.5223084663596134
9515,0.34901265210829874
9516,0.4513107019526443
9517,0.613685841899166
9518,0.487769880261844
9519,0.5568597358290992
9520,0.6077445381136483
9521,0.6271662579788464
9522,0.5749759172020514
9523,0.741913426383177
9524,0.6584261853216857
9525,0.3951391424199177
9526,0.5002826014927614
9527,0.600567222453228
9528,0.6631130525029433
9529,0.47245120866672846
9530,0.6911401720276641
9531,0.4431778549920313
9532,0.516838008707046
9533,0.6077465194847625
9534,0.3978660896666824
9535,0.41530929137308603
9536,0.7092919045354887
9537,0.39080521309125366
9538,0.5079382593338531
9539,0.3447142533032037
9540,0.38780253281507754
9541,0.4758960391505375
9542,0.5775734425955514
9543,0.4568329268972158
9544,0.6138485902916463
9545,0.4406346372459862
9546,0.4567769035428709
9547,0.4958923263983891
9548,0.38966720440725156
9549,0.44920117706118157
9550,0.5454565082465772
9551,0.533291294582525
9552,0.4875627976323133
9553,0.43953399448754116
9554,0.5411501960827034
9555,0.6984385808188719
9556,0.4270483368564737
9557,0.40198561694193313
9558,0.42576079472461115
9559,0.4343066402645772
9560,0.5318223926732484
9561,0.4324219679256274
9562,0.5231495104374945
9563,0.5017054172108436
9564,0.5790935578430237
9565,0.3255899033815268
9566,0.5470488004318925
9567,0.7002367985518291
9568,0.4787921752353468
9569,0.4995438181911573
9570,0.4555892415268896
9571,0.5361671373214439
9572,0.47284898699028677
9573,0.6578543761683218
9574,0.5516124754298636
9575,0.46190072310916036
9576,0.6041425156515013
9577,0.5008987624328385
9578,0.5279060077647331
9579,0.5116811816588732
9580,0.5443497568365537
9581,0.47666848948473683
9582,0.48387765248905484
9583,0.626829606298483
9584,0.4155856386339408
9585,0.4579675354328534
9586,0.41853116198156015
9587,0.3095963887283826
9588,0.4601708835887038
9589,0.48521260973536307
9590,0.4659667051458984
9591,0.532567706443597
9592,0.3586465346414848
9593,0.5418673682256039
9594,0.49089930576133084
9595,0.7022921060154372
9596,0.5996924043857886
9597,0.4036626787921562
9598,0.6156547425441001
9599,0.6424527614309519
9600,0.44425913880113377
9601,0.554717393824034
9602,0.659001835686926
9603,0.572473600604213
9604,0.2712066061896098
9605,0.5269373928143728
9606,0.5082672138975726
9607,0.6598051738553774
9608,0.49105081322269856
9609,0.4408724457371684
9610,0.39833990076826936
9611,0.48174009886580926
9612,0.6197448089840046
9613,0.4840341922952678
9614,0.5821530254902674
9615,0.4532704966530212
9616,0.3249091206002896
9617,0.5201601165604764
9618,0.6485259231285947
9619,0.5787248790425267
9620,0.5295298351389023
9621,0.5908088672434311
9622,0.6221036886744279
9623,0.38130658926703076
9624,0.57149089666083
9625,0.35496965868370445
9626,0.48073551889521104
9627,0.491003927540134
9628,0.6183029653637842
9629,0.41332912688615037
9630,0.5206879739078683
9631,0.3950735271331479
9632,0.39929968366276236
9633,0.4574195970966409
9634,0.3243804838908086
9635,0.44696959037590267
9636,0.5495714038367099
9637,0.5603566847200815
9638,0.5780331713671885
9639,0.4036588835154337
9640,0.4504730004800974
9641,0.43405086705912677
9642,0.3919070286667051
9643,0.61650420673156
9644,0.514320351199033
9645,0.38890410707753487
9646,0.3819533281106031
9647,0.5913853145045281
9648,0.35265691518129527
9649,0.5216184591139872
9650,0.6881379441609141
9651,0.6131228723783197
9652,0.4991352794310747
9653,0.4943385892560087
9654,0.5053440376513441
9655,0.41259903500489215
9656,0.559425457770422
9657,0.6277292314285321
9658,0.4755798686610258
9659,0.6556268275106377
9660,0.4762329659099156
9661,0.522190508319914
9662,0.443639196026329
9663,0.3633549286854244
9664,0.6013277556704621
9665,0.5075901495458982
9666,0.5440271299327109
9667,0.45284558276373765
9668,0.483703330178588
9669,0.5404452256235754
9670,0.3552989423425048
9671,0.33128169008335673
9672,0.5350939818237956
9673,0.5190789238614636
9674,0.45729823099993755
9675,0.5546654089737395
9676,0.6641399933673074
9677,0.5249309151514664
9678,0.6144371965870612
9679,0.6626536655145353
9680,0.42217593607069476
9681,0.5199064665911943
9682,0.5449060233292418
9683,0.7304613956362902
9684,0.5382892897692715
9685,0.4453085504074022
9686,0.5119922307213423
9687,0.7584680772710268
9688,0.49838484210238915
9689,0.6350880919926235
9690,0.5617180058341266
9691,0.6624019013724733
9692,0.5908144251232746
9693,0.5234962043671365
9694,0.45827455136043016
9695,0.39761087534787326
9696,0.3910840894394853
9697,0.5603207637950356
9698,0.46824757440419773
9699,0.5029018651536513
9700,0.39998961750651196
9701,0.4505726772685381
9702,0.4876839087122977
9703,0.5349371328495371
9704,0.3858130831920545
9705,0.46183892113226155
9706,0.5313544298345239
9707,0.48687150474714
9708,0.40596437908726174
9709,0.5705914838147391
9710,0.5056049802361032
9711,0.5175571973206763
9712,0.49655377720799426
9713,0.532888073596154
9714,0.4161443994230021
9715,0.38609200189354154
9716,0.6215336257881611
9717,0.7503564554104449
9718,0.3832170165708451
9719,0.6398934426448014
9720,0.5221836520579032
9721,0.45655255600631256
9722,0.504039130822943
9723,0.6964734713891504
9724,0.4723971177891897
9725,0.5970753044316182
9726,0.4451497325864643
9727,0.4960125852616061
9728,0.4256383144075404
9729,0.4640725385019129
9730,0.506411235644076
9731,0.5973045835904508
9732,0.6295921129552301
9733,0.6219748027882377
9734,0.55181326097751
9735,0.41999718508938483
9736,0.5853756081033222
9737,0.562341339291414
9738,0.6323535924444854
9739,0.46675755708134953
9740,0.5044705611866966
9741,0.4437722802470501
9742,0.34979115208850653
9743,0.45835597908064996
9744,0.461980858978942
9745,0.4789027274132858
9746,0.5028738010811175
9747,0.42786736131682224
9748,0.40058890593901636
9749,0.5553133859520323
9750,0.4559401388338464
9751,0.46325282786139504
9752,0.43947014361845094
9753,0.4608173623766172
9754,0.4604730939941491
9755,0.6223434251828394
9756,0.4809081995380611
9757,0.4608615928588062
9758,0.5482329689936698
9759,0.4754928013305093
9760,0.6750074719112094
9761,0.5890341737473366
9762,0.556851035336331
9763,0.5158314203505548
9764,0.6739520796609557
9765,0.47123966547520013
9766,0.49761395330566877
9767,0.3391406174233007
9768,0.5583696642564955
9769,0.41644488336743146
9770,0.5563354431415578
9771,0.3513503259257151
9772,0.4715639259288014
9773,0.4899619873752647
9774,0.6017189913053009
9775,0.5395398718585775
9776,0.4866123463427833
9777,0.3553674237248253
9778,0.3180825514273821
9779,0.4595822956123084
9780,0.3984178814462945
9781,0.6077824489997923
9782,0.4480800593768092
9783,0.5516860128416022
9784,0.4606054940782881
9785,0.5544063247067252
9786,0.41898551285120733
9787,0.528905542886591
9788,0.6762777285046617
9789,0.5104002147513476
9790,0.5434441544157436
9791,0.3405077549578446
9792,0.2944305556018093
9793,0.475855082516933
9794,0.5802082604661313
9795,0.5242079362283427
9796,0.768524946430581
9797,0.42194755321082195
9798,0.45904899902817153
9799,0.45500503621649585
9800,0.47989099683209324
9801,0.39843218278014436
9802,0.418746739198319
9803,0.5903737941804446
9804,0.48578548772070845
9805,0.46826184378013436
9806,0.43674359783355143
9807,0.4073186272764604
9808,0.48704003499106296
9809,0.42312084128557986
9810,0.4375857372656134
9811,0.45395662694013983
9812,0.49920785668999573
9813,0.5031641664261178
9814,0.41652610325510314
9815,0.4844876522194161
9816,0.5358590272656725
9817,0.44304648047324025
9818,0.5669527430985379
9819,0.49140232502917225
9820,0.4379610110834739
9821,0.5846657852345882
9822,0.536008495828287
9823,0.3863617535794512
9824,0.4004441364505806
9825,0.47710199320756325
9826,0.3538169231562196
9827,0.6045231470469532
9828,0.5531896406404352
9829,0.5889393509279406
9830,0.5808795809748849
9831,0.696294103374669
9832,0.4363764611481799
9833,0.6635742086424473
9834,0.4961613576492203
9835,0.45111622066783486
9836,0.5194180574806292
9837,0.41324177506662013
9838,0.5160875834712648
9839,0.4061442625574373
9840,0.43571425296953004
9841,0.44932586917083145
9842,0.5174205001851284
9843,0.3903245990688473
9844,0.5144193085752768
9845,0.5097336625980805
9846,0.5325289816847257
9847,0.4994997222102811
9848,0.4942656877765737
9849,0.4952625575570621
9850,0.5267567778971025
9851,0.5292392676437908
9852,0.6954791039878001
9853,0.4139720503019553
9854,0.5310725850952499
9855,0.44492218073119005
9856,0.31855076364846513
9857,0.48688916470143895
9858,0.37656499601326254
9859,0.43760505531914595
9860,0.4082797831775079
9861,0.7461149259769586
9862,0.4923068073482342
9863,0.6997742261972603
9864,0.5036194311635763
9865,0.44937625845535123
9866,0.46082574481824856
9867,0.6458313531346431
9868,0.47584666603926307
9869,0.506409440162271
9870,0.5444877992859296
9871,0.5130671245707128
9872,0.4724004281375281
9873,0.5146865490327064
9874,0.5224813598710285
9875,0.3057061442835525
9876,0.540373566059259
9877,0.5573744491113888
9878,0.5601059368951667
9879,0.4357122263621066
9880,0.29604014753621277
9881,0.6583235300648049
9882,0.4898979184773429
9883,0.77552764582308
9884,0.5539881318350853
9885,0.42051389787811627
9886,0.29575009544206265
9887,0.4439664515999544
9888,0.47656556269754624
9889,0.5725888329793564
9890,0.4455226465854019
9891,0.5317995291151635
9892,0.5550222254274172
9893,0.6080454010482909
9894,0.49142591777219535
9895,0.522386094624497
9896,0.5392190184535576
9897,0.5536238119331182
9898,0.48205279519231625
9899,0.3043062309094493
9900,0.47397118889532686
9901,0.516655250232904
9902,0.4222355842454494
9903,0.4132527786759598
9904,0.5061566371656477
9905,0.45879477844436056
9906,0.4855364380343212
9907,0.3611546371042337
9908,0.34978622677092436
9909,0.505594881805807
9910,0.5014396904484321
9911,0.5263369151928224
9912,0.4158062814222163
9913,0.5102136096105016
9914,0.5022559452000898
9915,0.437849106914452
9916,0.42839679609529535
9917,0.43251753975156
9918,0.6499605591415539
9919,0.488214277453194
9920,0.6711179494986048
9921,0.48169107528314253
9922,0.4516060305856829
9923,0.4353513275748844
9924,0.5807961915116648
9925,0.6327594769954491
9926,0.48298454372484295
9927,0.5017536020388559
9928,0.5403854216562385
9929,0.3054243625734554
9930,0.6267846981182357
9931,0.5670745543468079
9932,0.4210693128147763
9933,0.4943975582382055
9934,0.5408237644362499
9935,0.4396702909308281
9936,0.5346156547649854
9937,0.5277181116919418
9938,0.4724698382400231
9939,0.43466523390309
9940,0.60917639107879
9941,0.7737146472625824
9942,0.5471753879554822
9943,0.5524216212193127
9944,0.5095862368266606
9945,0.6557440654440958
9946,0.4025591403596033
9947,0.3629383200956584
9948,0.46472926245479046
9949,0.5755485649431871
9950,0.26111352988284603
9951,0.5370960475787037
9952,0.5834095277634769
9953,0.5605809630773668
9954,0.4504143159869637
9955,0.3591642852128718
9956,0.4532255797495599
9957,0.3881619397898997
9958,0.6990137909160574
9959,0.5847632181337804
9960,0.5044883544603933
9961,0.48437247641793285
9962,0.3831073836250385
9963,0.729868177720281
9964,0.6115198098962866
9965,0.662291091239146
9966,0.6855312381121688
9967,0.5966499232146363
9968,0.5781566721711315
9969,0.6002807271588881
9970,0.7009263962569094
9971,0.5153467929837102
9972,0.46322160848126104
9973,0.7565791580089005
9974,0.40752430344978835
9975,0.33397701783897793
9976,0.6195824597226719
9977,0.4855610751414181
9978,0.6058445099299191
9979,0.5960867661974392
9980,0.41766473567052803
9981,0.4823487847756398
9982,0.5450825247702873
9983,0.5729730526006
9984,0.5458363288888382
9985,0.8303888164141078
9986,0.44891165487254153
9987,0.6197986932138293
9988,0.6899957211451706
9989,0.49537056514801914
9990,0.5311659760960339
9991,0.46807880971353255
9992,0.6483239647081951
9993,0.4402787559901722
9994,0.40232839443912194
9995,0.4466848486043489
9996,0.5278194970823873
9997,0.7271831015517874
9998,0.5026767809968601
9999,0.46120131575870704
10000,0.42603430439722834
10001,0.46803403423280887
10002,0.3897421492170078
10003,0.4562746204332082
10004,0.42663982712035875
10005,0.5235554555723096
10006,0.6772664162169058
10007,0.4256162313974692
10008,0.2842999954943195
10009,0.39222994230669866
10010,0.4919769472728454
10011,0.43825746855769754
10012,0.44299591889978335
10013,0.5700689888999515
10014,0.6402253598299064
10015,0.4891856298253667
10016,0.5988102004159119
10017,0.4529148972330446
10018,0.48332739822486676
10019,0.542910918246351
10020,0.6439972557129096
10021,0.3893081356198962
10022,0.4810410862209238
10023,0.5171642259926582
10024,0.40905095591491547
10025,0.7642586771221909
10026,0.8024002355349962
10027,0.4406700087256079
10028,0.4412419208169969
10029,0.46290273286515216
10030,0.458511075267482
10031,0.43624997515226427
10032,0.5867263037533094
10033,0.5406520376069333
10034,0.6150460133561659
10035,0.4562158962707007
10036,0.35614436584348275
10037,0.3188350746162516
10038,0.6397893320848067
10039,0.7290166539541881
10040,0.5111705509822551
10041,0.5978280552420528
10042,0.5823195988067416
10043,0.6040749771023781
10044,0.6105756779962953
10045,0.39447221342308864
10046,0.4490535292788015
10047,0.6446211758203684
10048,0.49962609119417206
10049,0.5139312807540111
10050,0.5873113590509484
10051,0.586065547518206
10052,0.6091306065845322
10053,0.5131790084043203
10054,0.4524671398437488
10055,0.45186291647820065
10056,0.5835543422349001
10057,0.3544084965736668
10058,0.49640874987711087
10059,0.49733246950335086
10060,0.6083814848185808
10061,0.36026945754736145
10062,0.48048390373092215
10063,0.5259330728679743
10064,0.5917125890231834
10065,0.5096404302767564
10066,0.689099697730604
10067,0.6879135471977049
10068,0.4894431182666922
10069,0.5741061484862128
10070,0.4936422210528805
10071,0.5758123858598811
10072,0.48679433941932587
10073,0.6450935203592607
10074,0.5221477349537634
10075,0.4723390298721391
10076,0.570958948473682
10077,0.5670555085859185
10078,0.5873460244748206
10079,0.44261469475027276
10080,0.6777651367630979
10081,0.4858055369962025
10082,0.6010071474182618
10083,0.4838080093654385
10084,0.4785891515905544
10085,0.6268988517592883
10086,0.4760868903246135
10087,0.4730537841743337
10088,0.4182770639807384
10089,0.5011122468038793
10090,0.6890778244926075
10091,0.5120285380930198
10092,0.3846181684912463
10093,0.514651761186461
10094,0.578303168003158
10095,0.36922578856919197
10096,0.42410245001311203
10097,0.5605717862947425
10098,0.4835001679494268
10099,0.5007717328422842
10100,0.31142332563206143
10101,0.6491042768760383
10102,0.41681804701387615
10103,0.6461082640169328
10104,0.5202902964298253
10105,0.4652406811266305
10106,0.45086448500380816
10107,0.45279605884878826
10108,0.48781303832493145
10109,0.45515214442286966
10110,0.5598200566634767
10111,0.5668643567247987
10112,0.4239115210539479
10113,0.4774599167519058
10114,0.5805617916821229
10115,0.4266783682784643
10116,0.5041560357143722
10117,0.5662576486029024
10118,0.4186197786621318
10119,0.46464838598583663
10120,0.5705458056272227
10121,0.5265110009202134
10122,0.6741134991682336
10123,0.7035532145276862
10124,0.3656674035252669
10125,0.5887339810635264
10126,0.43423502349372417
10127,0.43046203967749785
10128,0.4335618627375361
10129,0.5008388911202802
10130,0.46177066235079745
10131,0.440768861988943
10132,0.4948012440179623
10133,0.8447104726569653
10134,0.32803562448995843
10135,0.4840060704452529
10136,0.48488760984164925
10137,0.5214200289487585
10138,0.3234699888053735
10139,0.5193937861261015
10140,0.4003428045157569
10141,0.5857163061158153
10142,0.655245972364232
10143,0.403988367414122
10144,0.5564412735175968
10145,0.47383554249247756
10146,0.31892141960198667
10147,0.39816682923149516
10148,0.500973754490817
10149,0.47128354683953194
10150,0.4349415109814851
10151,0.5460154025441402
10152,0.6675108200831754
10153,0.6648122759435119
10154,0.49945758826760955
10155,0.48705156676606787
10156,0.6138241541503154
10157,0.5511395680180609
10158,0.5244073341471501
10159,0.5705934168104305
10160,0.4523383029307725
10161,0.5367430858782509
10162,0.463342162430641
10163,0.6226850937137597
10164,0.5565878895598361
10165,0.3908081974532633
10166,0.5588139591554655
10167,0.6281815558491729
10168,0.6214508455605443
10169,0.6569878756870151
10170,0.5257609471291146
10171,0.4632293022807828
10172,0.48961846118097097
10173,0.5216619100173489
10174,0.5597728971570445
10175,0.3965947374562636
10176,0.5073055978283132
10177,0.5591941552377409
10178,0.5297118313820002
10179,0.4691567258842459
10180,0.4804707079146746
10181,0.3704117743378126
10182,0.5562019722077667
10183,0.5367748702129118
10184,0.4252888459926091
10185,0.3653295308257507
10186,0.44180717236184475
10187,0.5472254267070293
10188,0.5704594710733106
10189,0.4597666255144842
10190,0.4289608678132834
10191,0.5370770583150565
10192,0.5830371193507836
10193,0.47284655802300024
10194,0.5288661432321421
10195,0.5247304919741735
10196,0.3851592133214594
10197,0.6260963745772815
10198,0.5817895324628487
10199,0.3850772026615853
10200,0.3992701342550001
10201,0.4215034103213052
10202,0.5247303887235852
10203,0.4522282080628843
10204,0.5849220489913562
10205,0.6033732183818038
10206,0.5641910102415654
10207,0.5325908928394467
10208,0.5602820629746772
10209,0.5925858912520702
10210,0.6179735807315945
10211,0.5265477545954951
10212,0.5225057918289103
10213,0.4890540093511163
10214,0.7737482336443391
10215,0.44703985179825456
10216,0.6424742232345478
10217,0.5071653382638805
10218,0.5302706527961333
10219,0.653708880812711
10220,0.49741285849679434
10221,0.5273521063809637
10222,0.4685186030699506
10223,0.4797392136060956
10224,0.5908399026731521
10225,0.5342042698574467
10226,0.4659045283627321
10227,0.6825151905378384
10228,0.4151592572618814
10229,0.4971538684267927
10230,0.5558229404981694
10231,0.4367329673801188
10232,0.6588748018062195
10233,0.7172968934366779
10234,0.5446386141791617
10235,0.4895753511637537
10236,0.3864700481763117
10237,0.460323739914473
10238,0.5809094239692366
10239,0.4407172443177139
10240,0.3973265578138993
10241,0.5282491981885389
10242,0.5680808040883887
10243,0.43158628696104423
10244,0.6144613228508066
10245,0.49572236457554864
10246,0.5515392482408976
10247,0.7480161815185163
10248,0.525829168987224
10249,0.5768314776083062
10250,0.4967722690937141
10251,0.5719146430323951
10252,0.5557798332293391
10253,0.42618679313471264
10254,0.5004785194850876
10255,0.4383324426065449
10256,0.5859513665695073
10257,0.3835659862200207
10258,0.3819110038140425
10259,0.4942779012231248
10260,0.5448402896058018
10261,0.46931672961837234
10262,0.6117060257328207
10263,0.4897265815482141
10264,0.4188027774958361
10265,0.5868355628517138
10266,0.6153230500018065
10267,0.5000472237530122
10268,0.5385623283257148
10269,0.5526166765758407
10270,0.48086531940970856
10271,0.47635916511327603
10272,0.38974857081528297
10273,0.6528425290101861
10274,0.4889412798058777
10275,0.5613551025650798
10276,0.6586736241125313
10277,0.5050422906442897
10278,0.5695769301773959
10279,0.5395391825463454
10280,0.5661629472551699
10281,0.5401492273200842
10282,0.49372091841737653
10283,0.4502718213117608
10284,0.5995383300680129
10285,0.4915456736136269
10286,0.5360035836598043
10287,0.5165395433073773
10288,0.4080086651951028
10289,0.5533892104016199
10290,0.5168167106079642
10291,0.4942626356328602
10292,0.4930272148660527
10293,0.6895466759270131
10294,0.4947149248218268
10295,0.5532986936308081
10296,0.46696494162600577
10297,0.46125841132569534
10298,0.49729884706307725
10299,0.5481238880531671
10300,0.6389070713747265
10301,0.46973634831739497
10302,0.5406106371403033
10303,0.6050054658551922
10304,0.7117156585101095
10305,0.4976110465386305
10306,0.5626216402985043
10307,0.5703883548675863
10308,0.5099709032962665
10309,0.3992253733022125
10310,0.46499522907220536
10311,0.5744269442132404
10312,0.3642863574611322
10313,0.35554840805498966
10314,0.39651603558664766
10315,0.485078525448387
10316,0.3915355394201941
10317,0.6133173408010908
10318,0.4694783258190972
10319,0.41902976029609035
10320,0.4040069708004963
10321,0.5203284140763381
10322,0.48095874801746014
10323,0.5646884561221142
10324,0.5244403905523664
10325,0.5238209032567666
10326,0.5455598953214609
10327,0.6085311812471259
10328,0.4213582771190251
10329,0.647512880097332
10330,0.6261374689797539
10331,0.511161631707288
10332,0.5195162420683982
10333,0.585364370576898
10334,0.3424674046872457
10335,0.4896612571644111
10336,0.6275362254603615
10337,0.49365994150058856
10338,0.4822054740584103
10339,0.4790107486314877
10340,0.5866630222256959
10341,0.648845070889164
10342,0.5452626268870302
10343,0.7649107634244161
10344,0.4725553886772015
10345,0.7188687243131133
10346,0.5711155306414538
10347,0.5446806258472965
10348,0.5708567422758958
10349,0.4088807315308265
10350,0.5354052690112288
10351,0.45579815603090185
10352,0.4498906474608456
10353,0.4199885134176316
10354,0.4996875406334706
10355,0.3712358513032662
10356,0.49794483704158715
10357,0.6106907863962242
10358,0.5488228188006652
10359,0.6181519820577592
10360,0.5616218810437658
10361,0.47959394732892974
10362,0.6210777365752604
10363,0.6328421975073508
10364,0.772780023272681
10365,0.48833282392213817
10366,0.5043287989023937
10367,0.38394184462331127
10368,0.5396418932704322
10369,0.5180714796418373
10370,0.7612146304850106
10371,0.4408778748280711
10372,0.5763473170070946
10373,0.3533336246987685
10374,0.5013416193086975
10375,0.36594359726447845
10376,0.6673901934816159
10377,0.33700706664808855
10378,0.4905456040382613
10379,0.48049839364196545
10380,0.5127270672186768
10381,0.4779809024331104
10382,0.48020711523682336
10383,0.5240866122626338
10384,0.4520168622927326
10385,0.7641489246887243
10386,0.4738350134495096
10387,0.4569231621120518
10388,0.5066929920405976
10389,0.459836699358733
10390,0.6251165551876836
10391,0.4849528922744411
10392,0.3555483182809104
10393,0.5122843032691391
10394,0.6310649474106153
10395,0.6604463173026461
10396,0.4392190455135113
10397,0.5237904307302045
10398,0.3794724453194328
10399,0.4756762462852179
10400,0.41558493151084097
10401,0.4758484957342345
10402,0.6024150541167154
10403,0.48628892569630855
10404,0.47819871965337535
10405,0.507505688865276
10406,0.4726620838780562
10407,0.5496574407464657
10408,0.4116662180039392
10409,0.5230573825829234
10410,0.44091777162220996
10411,0.6290869794914407
10412,0.37917201763396235
10413,0.5601255378948048
10414,0.28428136864979126
10415,0.607121774052696
10416,0.5675801378353184
10417,0.4729934563331412
10418,0.48120684633032507
10419,0.45817530486805536
10420,0.4606172554753304
10421,0.43210444370024703
10422,0.4904805051220789
10423,0.5950863642799458
10424,0.3636610274424923
10425,0.7139968342140088
10426,0.4525354162880246
10427,0.45481964348919446
10428,0.5980677531737968
10429,0.5235293313514578
10430,0.601354895710008
10431,0.4823271605991204
10432,0.5967448920796665
10433,0.5679966894823686
10434,0.3812774672290663
10435,0.5132838102806766
10436,0.524064796764457
10437,0.5396384139235383
10438,0.5932855105518395
10439,0.3056855771176088
10440,0.49415845655435625
10441,0.7043273270547322
10442,0.46089817494705687
10443,0.37661161486574996
10444,0.5543434696684661
10445,0.3808675075916409
10446,0.515294411373556
10447,0.6814913032012834
10448,0.5684423183872016
10449,0.551493447988861
10450,0.4558165558867888
10451,0.5166877531908552
10452,0.4720444021941264
10453,0.4470521505753314
10454,0.4628714901719026
10455,0.40359281244017087
10456,0.6353600297207835
10457,0.28282153029745977
10458,0.6414519769149535
10459,0.5212142771363403
10460,0.4595308520793139
10461,0.38102243117935675
10462,0.4816712475050835
10463,0.6967641655360524
10464,0.49887616757258796
10465,0.4893092122643121
10466,0.47614653779616395
10467,0.5444656819791518
10468,0.5034370251534083
10469,0.39861458473225375
10470,0.5865788426597207
10471,0.5321066876297543
10472,0.5878419928869109
10473,0.5803326569408136
10474,0.6378278098843828
10475,0.4682182063414686
10476,0.4752953423872548
10477,0.4851559652911103
10478,0.5466050424467133
10479,0.40797080050368756
10480,0.5508094215703456
10481,0.5295928325221407
10482,0.6813372918404197
10483,0.3300278448686964
10484,0.6046250516724266
10485,0.5394737141515853
10486,0.544974496235814
10487,0.6041349038326461
10488,0.4677095919099269
10489,0.6053131616435368
10490,0.5135059164545913
10491,0.6040100428455376
10492,0.5009284104942487
10493,0.4794823887298826
10494,0.4618930328234789
10495,0.46298778799313345
10496,0.5107911369571126
10497,0.5328510119417893
10498,0.6614397064628286
10499,0.43618349439491516
10500,0.5073831199955492
10501,0.5714504816197428
10502,0.4622504887143712
10503,0.5284539003876758
10504,0.6475331133384188
10505,0.3767396652420377
10506,0.4567737203742311
10507,0.46164735210971886
10508,0.4699500168565132
10509,0.43838427817917386
10510,0.7352568134747073
10511,0.44436720355845166
10512,0.6235946522202638
10513,0.5355234582775411
10514,0.48178840548689955
10515,0.4893057854002244
10516,0.4959683801094203
10517,0.3521595133470632
10518,0.5975440178462204
10519,0.713227584397438
10520,0.5927812336745556
10521,0.6369209496569781
10522,0.5341297748744067
10523,0.4730253170879366
10524,0.5541314012369131
10525,0.4190425207081939
10526,0.435217388980242
10527,0.5465554959664845
10528,0.5665872288480195
10529,0.5392436228299948
10530,0.6291015949525474
10531,0.44193525877009715
10532,0.44288733544615916
10533,0.5281092926643204
10534,0.28328289466570805
10535,0.543544146196672
10536,0.5471140514736504
10537,0.49795672106160244
10538,0.6021791684726768
10539,0.5026034060913672
10540,0.5410784440144443
10541,0.3953372313724427
10542,0.36673986949582293
10543,0.5421797107595255
10544,0.4347091160184591
10545,0.4762812169429028
10546,0.6267966310290919
10547,0.7860623169566363
10548,0.6382429041144939
10549,0.5343057763697923
10550,0.46301182899412013
10551,0.5314307403524634
10552,0.581931183303808
10553,0.5235449260756223
10554,0.38414711305644716
10555,0.6239199356710863
10556,0.41580049218756837
10557,0.5083058474574776
10558,0.36212965340207504
10559,0.35219878511134295
10560,0.36446450859582435
10561,0.553806954288712
10562,0.6531070334056144
10563,0.6270717744389503
10564,0.5214811590448911
10565,0.5030635473755789
10566,0.5573615158798692
10567,0.6149709986547582
10568,0.5616273665805952
10569,0.5006639578949343
10570,0.4356799589739204
10571,0.2712107372208373
10572,0.6058446507581157
10573,0.4044472340021662
10574,0.5498213863220655
10575,0.4279993787959819
10576,0.46793422274326496
10577,0.6519587232800628
10578,0.5291784590819546
10579,0.5122697761383059
10580,0.6386496642537025
10581,0.6745779298847835
10582,0.6092645718849992
10583,0.3735771580154631
10584,0.4802931102269424
10585,0.5016214467654887
10586,0.4501693350611769
10587,0.6205610966528156
10588,0.3923904834952058
10589,0.5249218073119212
10590,0.4991741248432511
10591,0.5226166944554634
10592,0.41751844737176935
10593,0.4718024330275911
10594,0.5340362564469178
10595,0.4917812118007933
10596,0.4490214224605095
10597,0.5180701114218902
10598,0.4226140080243454
10599,0.4830791597240141
10600,0.44779779713823953
10601,0.39352154380739107
10602,0.5034331274700076
10603,0.6321848488772221
10604,0.4620481309814911
10605,0.40828313120337323
10606,0.5337926647386377
10607,0.5072997138790774
10608,0.5691677894478289
10609,0.532999972547498
10610,0.3960726938987741
10611,0.5259059909606374
10612,0.6458147030846066
10613,0.5746854180491043
10614,0.3361886802221658
10615,0.43291015146673273
10616,0.5398966692125095
10617,0.6554519072233553
10618,0.5071700248850536
10619,0.5866129740320847
10620,0.5427965694290873
10621,0.6534990919943574
10622,0.5394098620003697
10623,0.5715138074619189
10624,0.4940703894355424
10625,0.5430638520175786
10626,0.4372007664030703
10627,0.5267325887173049
10628,0.5819347027078426
10629,0.6263095385672515
10630,0.6495654547785104
10631,0.5385857175539207
10632,0.5423532842507676
10633,0.4275142871728364
10634,0.4699111495749881
10635,0.42681589600910474
10636,0.48181830275177484
10637,0.6218568816644012
10638,0.37261701751055026
10639,0.5110111119630165
10640,0.4694492201285472
10641,0.49804587869671935
10642,0.4680113072057434
10643,0.5826746305096189
10644,0.41068620572688674
10645,0.3924276716022699
10646,0.5288857449146391
10647,0.5238449248179332
10648,0.44079580034919663
10649,0.512443811770539
10650,0.5560618517599945
10651,0.41488873726226805
10652,0.499731638278089
10653,0.5607008656887801
10654,0.4922002082244744
10655,0.5411202598761798
10656,0.5644382885637197
10657,0.5828920023518902
10658,0.45422097235631576
10659,0.5167903862469612
10660,0.39718013043099637
10661,0.4717794512269492
10662,0.3974005559778618
10663,0.38091805236755644
10664,0.4323243033261662
10665,0.5178555841054321
10666,0.454392579607238
10667,0.48900493060190203
10668,0.5699477070528305
10669,0.5588411169371655
10670,0.5770041388073837
10671,0.5720608765599917
10672,0.41566440337669497
10673,0.38908991181902064
10674,0.41614593279394246
10675,0.573239260844615
10676,0.6429759633725
10677,0.4323496028552752
10678,0.5999542899139627
10679,0.5656282772875982
10680,0.6721612606663394
10681,0.5491175503929482
10682,0.3063875774001522
10683,0.553005000436376
10684,0.5310635536981778
10685,0.4163099792852533
10686,0.442948210525304
10687,0.4915722341672788
10688,0.4506322927021731
10689,0.45312923529297255
10690,0.43128896434574965
10691,0.37589600414380353
10692,0.5174576149235036
10693,0.5412696265596381
10694,0.737520764981033
10695,0.5420059444091997
10696,0.5835868661343765
10697,0.4116494882806687
10698,0.5229081013102781
10699,0.5423705889079462
10700,0.495757448060074
10701,0.4929102854454823
10702,0.5385295124454774
10703,0.5982884323571817
10704,0.3427092299817896
10705,0.5032849191424998
10706,0.6061865858235416
10707,0.40002061077992707
10708,0.43618723093326656
10709,0.578606382352989
10710,0.2756999487882714
10711,0.5958354992792251
10712,0.6530289086986204
10713,0.30030407077202015
10714,0.661942980602205
10715,0.5096455416303903
10716,0.3442940336498199
10717,0.5146325149677069
10718,0.6877436786017896
10719,0.3472966258516666
10720,0.4044288387394409
10721,0.5297773685784937
10722,0.5392708325557943
10723,0.5034384441016065
10724,0.5290521954019791
10725,0.4140833932187027
10726,0.4447173014528285
10727,0.6273074334881833
10728,0.5044799867463597
10729,0.5010621148205293
10730,0.48465607521126647
10731,0.44979144697146356
10732,0.39835061860887366
10733,0.5953317641851754
10734,0.6677242117410056
10735,0.3576259351877519
10736,0.5675203839857536
10737,0.5761324773304687
10738,0.431351943141522
10739,0.42055170344028175
10740,0.4793511876322295
10741,0.6834452444218171
10742,0.5726144726823987
10743,0.4325777757290616
10744,0.3876972981762319
10745,0.542793763249454
10746,0.6124484015430824
10747,0.6486334991829771
10748,0.58185753985622
10749,0.49276600958689465
10750,0.42293482347962025
10751,0.5006367743588436
10752,0.5091030593922792
10753,0.7321659049345914
10754,0.5012448794856937
10755,0.4964588069077033
10756,0.5437299253443757
10757,0.5734945514021245
10758,0.5285640657369076
10759,0.8221510828575862
10760,0.5516437485363693
10761,0.47537911642264863
10762,0.5503137010404461
10763,0.6926653496944587
10764,0.5639666742770086
10765,0.47206816808033986
10766,0.521423011782844
10767,0.38882443350522883
10768,0.5807146541775354
10769,0.7043153450744882
10770,0.5916304444074877
10771,0.5217899154715141
10772,0.4845802652714134
10773,0.42526064739050495
10774,0.5341224296853787
10775,0.398491097722043
10776,0.5265418982656531
10777,0.40103308981066105
10778,0.6170263246945499
10779,0.7255073557759385
10780,0.5738236193961572
10781,0.5676693817161441
10782,0.5466250578289734
10783,0.5953820792075473
10784,0.4301096137591369
10785,0.5453115766555836
10786,0.5927593802835763
10787,0.534231258734842
10788,0.36278383918176116
10789,0.49170228832332563
10790,0.6277957250095547
10791,0.506307221398341
10792,0.5161146059637927
10793,0.8040367158616524
10794,0.5001957420988661
10795,0.42706311873937947
10796,0.4144160929441938
10797,0.48004854308452133
10798,0.6867251441640181
10799,0.47022985164462944
10800,0.5414495687609375
10801,0.6296493572496235
10802,0.5053745930342168
10803,0.5148462759151214
10804,0.4704392108081742
10805,0.7782317476494165
10806,0.505611183187293
10807,0.52796349039871
10808,0.44495645403071526
10809,0.3904670718644506
10810,0.4964671230071661
10811,0.4392303646264674
10812,0.4253357089120928
10813,0.3903550092897814
10814,0.5754924039098487
10815,0.6141316755387245
10816,0.44590405719327486
10817,0.4082482348615837
10818,0.45067895494486276
10819,0.5638933915471678
10820,0.5657341959453036
10821,0.5726738405830565
10822,0.5173506014625093
10823,0.6220895423144831
10824,0.45720771297277796
10825,0.43492394043902427
10826,0.3726726493101429
10827,0.5114301231120167
10828,0.4492751051729025
10829,0.5097616176523544
10830,0.4289275575969201
10831,0.47966446495258613
10832,0.5339727053780498
10833,0.45441494757270157
10834,0.6199437234039118
10835,0.6834246497159001
10836,0.7929608938031345
10837,0.4669016609532317
10838,0.5275142679286486
10839,0.4710598552596885
10840,0.5423525205581196
10841,0.49782641187867727
10842,0.5163635674487297
10843,0.6174239884649195
10844,0.48472660375010024
10845,0.83918635786476
10846,0.41948547841610967
10847,0.5460822373879145
10848,0.6021764873307514
10849,0.4924406999961093
10850,0.6504269975269497
10851,0.713276257600937
10852,0.7373276671254593
10853,0.5042389801834385
10854,0.3695293299298551
10855,0.5707218790830582
10856,0.5727253694671893
10857,0.4837992104231058
10858,0.4939266753897724
10859,0.4750519351725918
10860,0.45450438377669
10861,0.6585569111754042
10862,0.5018455997008622
10863,0.4202539371253516
10864,0.591250784387226
10865,0.45200983144630574
10866,0.5482753855199458
10867,0.5714572743949438
10868,0.36868954095932727
10869,0.46866212167681026
10870,0.4781968184259318
10871,0.4578419137586679
10872,0.5258030285505505
10873,0.6312122604725565
10874,0.6122361539800931
10875,0.5157258954177408
10876,0.4350794789896121
10877,0.573747148365152
10878,0.5034017789640134
10879,0.42910949246229924
10880,0.5342049906396286
10881,0.41820296635018583
10882,0.41387485155930004
10883,0.49456725214945185
10884,0.6641965073614602
10885,0.5400080660863736
10886,0.4652686116381793
10887,0.48603971555407416
10888,0.4652685911401098
10889,0.5368752351228723
10890,0.5970935832610402
10891,0.4624858429194452
10892,0.4720824581823273
10893,0.3570226999108863
10894,0.4893883526961231
10895,0.4770227107413506
10896,0.772525027521179
10897,0.3797602764117244
10898,0.5009942731065194
10899,0.5407883194139224
10900,0.5609187357740648
10901,0.5654736199245672
10902,0.5319843226689932
10903,0.33945601495435385
10904,0.5398857548891405
10905,0.5986403497002808
10906,0.6199291121764259
10907,0.3518705385822025
10908,0.45271820860556644
10909,0.4352146454288831
10910,0.6103870775360192
10911,0.4209661421264083
10912,0.5202448546307569
10913,0.5299163280890786
10914,0.769778747512829
10915,0.6618038070969681
10916,0.6665037675917924
10917,0.5472263138974944
10918,0.6175979368052344
10919,0.4744668801046417
10920,0.5555107510705248
10921,0.38561748785369915
10922,0.6200993608751749
10923,0.3897270153713719
10924,0.5937173538997594
10925,0.4606839547173343
10926,0.5779466846442112
10927,0.4092028777374513
10928,0.497775584168604
10929,0.5613714919781396
10930,0.5292031818199662
10931,0.6686115085153844
10932,0.37388219434044495
10933,0.40451285603565484
10934,0.3980176441693855
10935,0.4439078532637959
10936,0.6747384796818476
10937,0.6203860111745377
10938,0.4092658623786691
10939,0.743326526618361
10940,0.6006725363681898
10941,0.3868303877863073
10942,0.4167087704589918
10943,0.41032846676809914
10944,0.47314840078853476
10945,0.5199687270637848
10946,0.4698454662311929
10947,0.37740575260522746
10948,0.4194308023506174
10949,0.5109359964593032
10950,0.5323990382413665
10951,0.37883522739281045
10952,0.35318903830602344
10953,0.7000750132968335
10954,0.4111314426647451
10955,0.535439582926603
10956,0.35940448405571845
10957,0.6475796997002499
10958,0.3484199053492874
10959,0.5733892011653166
10960,0.6456526259117273
10961,0.6308449326855036
10962,0.4731739205394598
10963,0.45087613671664234
10964,0.5171345578277099
10965,0.36027215632254994
10966,0.5340396687184316
10967,0.5378735570630928
10968,0.5547619471756879
10969,0.5337426605294198
10970,0.39787661308061073
10971,0.5530556682315163
10972,0.49883395586489104
10973,0.5542215337616271
10974,0.5106779881412858
10975,0.4064331831496721
10976,0.4271875193983371
10977,0.40289561490553655
10978,0.4488938491561593
10979,0.4557658025200424
10980,0.6228562678231814
10981,0.49940726259268936
10982,0.4765484672257066
10983,0.5025638935497535
10984,0.5115901592565046
10985,0.39428368015954407
10986,0.28806394773778543
10987,0.40760566404121434
10988,0.5118491778520767
10989,0.6120072576767084
10990,0.3832049623207436
10991,0.5264089892450722
10992,0.6650880158619739
10993,0.6902440504782201
10994,0.6185399467328343
10995,0.5322181787140032
10996,0.47234436635497157
10997,0.6201140340262635
10998,0.44527087051838815
10999,0.7037513067829192
11000,0.392445116236689
11001,0.47540383150809096
11002,0.45234302778623303
11003,0.6650014198999328
11004,0.5027045370662117
11005,0.48854735070743094
11006,0.4802879708528437
11007,0.6988605119635248
11008,0.37790547481730263
11009,0.5461658121026082
11010,0.5153520700056156
11011,0.341654775765785
11012,0.5039481006696068
11013,0.525947294208848
11014,0.4286342517525143
11015,0.3778881700279724
11016,0.5930359018806717
11017,0.361553431034873
11018,0.7206793089740842
11019,0.743471978580326
11020,0.6517737278646055
11021,0.5256016257656071
11022,0.738558137949164
11023,0.7240376970707718
11024,0.5158033219269257
11025,0.662012763793917
11026,0.45222512239064955
11027,0.4755562950321636
11028,0.34509451447143896
11029,0.4977341888392402
11030,0.47986516555777947
11031,0.505320789144818
11032,0.403725168615682
11033,0.522612274931089
11034,0.431226132071557
11035,0.501682892422507
11036,0.40679744945980845
11037,0.6066041866603006
11038,0.500225523385706
11039,0.4446357562651738
11040,0.6108279063524626
11041,0.4729040776264023
11042,0.5034586204462232
11043,0.5614959172000422
11044,0.411586298321828
11045,0.3934971063104382
11046,0.5512246081139796
11047,0.5368798775803935
11048,0.569938883742749
11049,0.5923674031635484
11050,0.5071256324008379
11051,0.527236027464922
11052,0.5604883632435816
11053,0.3833645457185045
11054,0.4625403443265065
11055,0.5721519442829565
11056,0.39919208182057125
11057,0.4960642047128646
11058,0.3641709741254768
11059,0.4049657164768315
11060,0.509413693777135
11061,0.42685630283132736
11062,0.475750891081562
11063,0.5645848866683962
11064,0.44018131859356924
11065,0.6528193064288522
11066,0.47892659067509147
11067,0.46862805235562033
11068,0.4631712284312614
11069,0.5006732986608603
11070,0.5071474240786742
11071,0.527669243136265
11072,0.5473866751897054
11073,0.44581010236838875
11074,0.42539915063503275
11075,0.48669977308365436
11076,0.5646005390163955
11077,0.5604029938608535
11078,0.6641680355796726
11079,0.4607621854230713
11080,0.6071067031944575
11081,0.5458563499052401
11082,0.4992988999546161
11083,0.40755136857341967
11084,0.33210924055960633
11085,0.5752996545211404
11086,0.7533838949024387
11087,0.7277813091132446
11088,0.3969237183747324
11089,0.5562816614748193
11090,0.4394616322276944
11091,0.42230195777417223
11092,0.49036807522221293
11093,0.44443349407183796
11094,0.48562093120739774
11095,0.5367349737406634
11096,0.6436008442101644
11097,0.5557572571261556
11098,0.619169858322218
11099,0.5283450976220505
11100,0.4501635857358475
11101,0.5236560943411903
11102,0.5863152005763674
11103,0.40468566284225294
11104,0.5475304711861573
11105,0.5409681247851712
11106,0.5095617266208275
11107,0.41158761143288225
11108,0.5481025373466276
11109,0.4505200470577603
11110,0.40450524678500155
11111,0.5024233006826755
11112,0.29974871291652194
11113,0.4109115662109242
11114,0.6166615577430479
11115,0.44966520077230365
11116,0.4993340927350391
11117,0.6203822304153465
11118,0.5083610483845847
11119,0.43330205043621967
11120,0.45758518514961594
11121,0.7248431333267447
11122,0.5042627434369931
11123,0.6070480996124735
11124,0.650709536653001
11125,0.39996820803194016
11126,0.5144684408153143
11127,0.5715230592135885
11128,0.47240243283298045
11129,0.6163047941340186
11130,0.43874719946686075
11131,0.5286269764000502
11132,0.5636582336370454
11133,0.5980386082813209
11134,0.5240020542164027
11135,0.5024974447371527
11136,0.3842308451676738
11137,0.49784076819165923
11138,0.5165544817063759
11139,0.5051024117946624
11140,0.5439481809295359
11141,0.5539964638694781
11142,0.43385763293281066
11143,0.703799193804634
11144,0.3700738279572253
11145,0.5006639368359685
11146,0.6856518505608346
11147,0.4828940204345399
11148,0.6134698627168714
11149,0.47617491993669975
11150,0.5560580783908005
11151,0.5166907710676525
11152,0.50772442824132
11153,0.625522842930306
11154,0.44380587602818916
11155,0.35649929223856064
11156,0.5193883122942975
11157,0.48488345219727275
11158,0.5007627556194261
11159,0.6130128513501119
11160,0.7009422951475515
11161,0.41936292812603526
11162,0.397973932094225
11163,0.3930433436828742
11164,0.45473596384115267
11165,0.3898558462981199
11166,0.48606006853775857
11167,0.5484225864051476
11168,0.5305795005351945
11169,0.5877551791999097
11170,0.44062002203888206
11171,0.554858770508005
11172,0.518515965964206
11173,0.49955327009979794
11174,0.6248605147035048
11175,0.49268108030792596
11176,0.4626796188784108
11177,0.6425968955232277
11178,0.46316883538744114
11179,0.6093399734167236
11180,0.4007168726417437
11181,0.4738832770670801
11182,0.5721777001287192
11183,0.4676179464185478
11184,0.35385711908612394
11185,0.575907253858698
11186,0.5184589450296454
11187,0.3573026970098368
11188,0.5651835231979456
11189,0.45969870229615234
11190,0.4596674029804631
11191,0.4168220159980851
11192,0.6048737810317288
11193,0.4484172960133147
11194,0.494003125350799
11195,0.6053430758051968
11196,0.51687104894081
11197,0.5451883633914892
11198,0.6228581877294268
11199,0.5520074385611958
11200,0.419630330125461
11201,0.5784223115670097
11202,0.5455731016661433
11203,0.5755767298410348
11204,0.45861003327041133
11205,0.4059308547710888
11206,0.6422827636641103
11207,0.5487280575603779
11208,0.6643016807374509
11209,0.5638042114312483
11210,0.4291443935142499
11211,0.5461327710718572
11212,0.36480318085319763
11213,0.508724478855187
11214,0.47145652556253237
11215,0.699680471068627
11216,0.7084046816283789
11217,0.4012111389981092
11218,0.40616396320887105
11219,0.39424720736086893
11220,0.5701918391887778
11221,0.5028411988518677
11222,0.40298799613419256
11223,0.6347477103238247
11224,0.4966995784834912
11225,0.5851117315028376
11226,0.43913064343862945
11227,0.5521008567739714
11228,0.4587046083172929
11229,0.45823643818868953
11230,0.44317486341812024
11231,0.46202513787984056
11232,0.6032620943148992
11233,0.538311793816605
11234,0.4614740172230706
11235,0.5451830930970282
11236,0.62387076083471
11237,0.745492296325178
11238,0.46579220108255326
11239,0.5909269872723671
11240,0.44439298662544613
11241,0.4255993243792042
11242,0.4022585177646708
11243,0.47038186823704
11244,0.7660471355100333
11245,0.385086810406846
11246,0.46633697247881983
11247,0.3118328542358897
11248,0.4593695942275602
11249,0.5176288138781362
11250,0.4034540875819422
11251,0.5031459699318557
11252,0.39920516685837315
11253,0.5426298050534807
11254,0.4099191090212572
11255,0.49780306725963525
11256,0.39433865025221876
11257,0.25866358162674524
11258,0.5385516742838145
11259,0.509978152084752
11260,0.5035233845178393
11261,0.5307453188550304
11262,0.4857477579886521
11263,0.5200403373336165
11264,0.5556421234637723
11265,0.4971242624518406
11266,0.5245001700700668
11267,0.46800484218509875
11268,0.42278705974984293
11269,0.4158128136058575
11270,0.4530192220967476
11271,0.6290910338517951
11272,0.36483122155185754
11273,0.47922761838926903
11274,0.4683502636202439
11275,0.4114128763209117
11276,0.5019115546224762
11277,0.6908185454002838
11278,0.5206751964376286
11279,0.4823869173597395
11280,0.603667029940968
11281,0.3645247242005819
11282,0.5595310210107233
11283,0.6895552182124063
11284,0.5661895419439446
11285,0.6618248248277679
11286,0.4617111988730138
11287,0.6880074976070008
11288,0.5610996202958021
11289,0.45907692748222323
11290,0.5470140774723057
11291,0.5067659350653431
11292,0.570489672222873
11293,0.5890399978423017
11294,0.32307830985103414
11295,0.40383420829597005
11296,0.5173174191469256
11297,0.4717207277231625
11298,0.526471034511835
11299,0.4329318227458974
11300,0.5377557146866079
11301,0.5053093199673674
11302,0.4146135592549541
11303,0.4407844117676159
11304,0.5249481652484356
11305,0.5791092643986244
11306,0.3183862066640244
11307,0.41202141617622295
11308,0.5531143648086081
11309,0.6681837675699711
11310,0.4495433514761285
11311,0.49161495940098643
11312,0.60556863682094
11313,0.5204447228240273
11314,0.4506219338950552
11315,0.5044048094669004
11316,0.4360158669234593
11317,0.6388598232063576
11318,0.5301009542266215
11319,0.502024218654004
11320,0.5375842442215376
11321,0.5158414167342019
11322,0.5002260518519257
11323,0.4327988261834312
11324,0.6200086322084934
11325,0.5526017020330438
11326,0.3601159224765985
11327,0.6472103052494391
11328,0.5954854564556589
11329,0.42602686671458473
11330,0.5221709952216523
11331,0.5300871598984779
11332,0.4696928066353842
11333,0.35370592232128195
11334,0.4754318327445385
11335,0.581090086175568
11336,0.5572831053306968
11337,0.4173163986364609
11338,0.3541327297654067
11339,0.48509940066035906
11340,0.4951782951674745
11341,0.6222883609904251
11342,0.5399781731030946
11343,0.6918157534141353
11344,0.4185083155220158
11345,0.4047139497109532
11346,0.5001353319535549
11347,0.4957578205646368
11348,0.4042201166613091
11349,0.4646474588514579
11350,0.5691833921027394
11351,0.500567969416341
11352,0.6619421154034423
11353,0.554942611783478
11354,0.4764220623292468
11355,0.5079937722327083
11356,0.3548925043359895
11357,0.4433339756381499
11358,0.5411401280984216
11359,0.5130953864160566
11360,0.4794499680933655
11361,0.3760232803067214
11362,0.4147521938765283
11363,0.6222082174063897
11364,0.5453859136481636
11365,0.5467742081752596
11366,0.5239707287374693
11367,0.49707770006160273
11368,0.40613972456166153
11369,0.49977711332483715
11370,0.5735377823951332
11371,0.4792027644039575
11372,0.7841304030118774
11373,0.48627176062636834
11374,0.26253784909148337
11375,0.41959084522494416
11376,0.5101184870492846
11377,0.4500067928373386
11378,0.36448097400150026
11379,0.561879860605871
11380,0.4676739997970305
11381,0.4631611445541191
11382,0.46004429774580347
11383,0.47032351078732837
11384,0.39900577991283376
11385,0.504763288860974
11386,0.4669932614619373
11387,0.5779388698570762
11388,0.586761513110856
11389,0.492720319867639
11390,0.4692569139011926
11391,0.5242033961090098
11392,0.482599432728378
11393,0.539909298607553
11394,0.43062688954571215
11395,0.47977594235415555
11396,0.5600134612405
11397,0.5158837615578883
11398,0.5040483275106201
11399,0.5984025711212676
11400,0.6192601725147753
11401,0.5566605525605425
11402,0.4761901329136223
11403,0.5942289966355407
11404,0.4584668333598224
11405,0.558874514357325
11406,0.4692904274681152
11407,0.39230154179579485
11408,0.3934773933512522
11409,0.4854834600891185
11410,0.6018952505642869
11411,0.5469354875893401
11412,0.5958283723258576
11413,0.3898762710308311
11414,0.5045351014752635
11415,0.5484448192739462
11416,0.46986782319450476
11417,0.5244846606460433
11418,0.679296564990591
11419,0.413401798782847
11420,0.4877155507116274
11421,0.46956894989101217
11422,0.5522200224533815
11423,0.29477928570245704
11424,0.4765628055697841
11425,0.6685747442669521
11426,0.5186428054523871
11427,0.5251373983138466
11428,0.5948694223261963
11429,0.4889482862147289
11430,0.4453770107120383
11431,0.4828616133960787
11432,0.3924620344963779
11433,0.5946326857266584
11434,0.4123062368669991
11435,0.6124419017870393
11436,0.6103605881255056
11437,0.548034398846849
11438,0.5504990116154255
11439,0.6363730610688129
11440,0.5989871180689942
11441,0.63177453034887
11442,0.49682568912275776
11443,0.5349244788800473
11444,0.5531125507583508
11445,0.3773190407578082
11446,0.6145770370645844
11447,0.5189868944249195
11448,0.6413782413525233
11449,0.7222611848552762
11450,0.6547481238769324
11451,0.44830442558663786
11452,0.3981595536145931
11453,0.4530209853106393
11454,0.5683311053058158
11455,0.5178633959022572
11456,0.40361633937511676
11457,0.5797167840960776
11458,0.4261736738013861
11459,0.5769876991533887
11460,0.5627136600418099
11461,0.3386687599316436
11462,0.46875608566397553
11463,0.7465568789907134
11464,0.465300379902459
11465,0.5283323713109668
11466,0.4934668915259398
11467,0.5615921870824396
11468,0.5368587195828812
11469,0.4487341284987962
11470,0.4740395147155596
11471,0.48386218206687515
11472,0.4779886197248889
11473,0.40443949504115306
11474,0.6815681960547842
11475,0.5819926544936053
11476,0.4563380187034751
11477,0.5665460025013699
11478,0.4728059426456745
11479,0.5454208425508112
11480,0.49747946408408683
11481,0.5197571111186662
11482,0.4657689890973953
11483,0.7534599693673298
11484,0.6115589092406413
11485,0.5342721939837198
11486,0.6097168833633533
11487,0.36681759995315566
11488,0.46577491376638896
11489,0.5030349643296814
11490,0.5502825280934853
11491,0.48725988766898715
11492,0.4142139324885586
11493,0.3995914875685949
11494,0.470751177543832
11495,0.49737570801803405
11496,0.54011452867563
11497,0.7244131024110587
11498,0.49286096826777215
11499,0.47223286102236084
11500,0.54268425541129
11501,0.44550961802873174
11502,0.3958393011370346
11503,0.48707088431403056
11504,0.6543545852356901
11505,0.43645507885521306
11506,0.5667098607409293
11507,0.6696334621329704
11508,0.455170242138942
11509,0.6684797878920724
11510,0.3630846392918784
11511,0.4659467381472509
11512,0.5423881991285409
11513,0.5369523696035747
11514,0.6649735948445813
11515,0.4437660309581132
11516,0.5107229426731827
11517,0.5529032471015931
11518,0.4773223330287668
11519,0.43412552250693226
11520,0.4958985250438233
11521,0.5335221263321043
11522,0.6724429776518709
11523,0.3724867766976819
11524,0.5214361088105556
11525,0.7443798225059306
11526,0.4002841425064877
11527,0.5789634537609865
11528,0.6047652843346653
11529,0.5599513038890576
11530,0.5239787094016966
11531,0.4653125933327965
11532,0.5232356393604551
11533,0.46342125855382954
11534,0.5994316579081668
11535,0.5059851453362157
11536,0.5116607011566231
11537,0.520487960679684
11538,0.41200711389895195
11539,0.4318527716291123
11540,0.38647914589363713
11541,0.569283814892175
11542,0.472275195793091
11543,0.4481803999943715
11544,0.4569685034640861
11545,0.5417776030399776
11546,0.4132473257825363
11547,0.5801409682139523
11548,0.5399505100709708
11549,0.4781359248821282
11550,0.5081234178370483
11551,0.4827148676939511
11552,0.5836694545973323
11553,0.605306669138717
11554,0.474838646825668
11555,0.46075331776505357
11556,0.570150871796029
11557,0.4195052894670717
11558,0.3987697106109392
11559,0.5869671642779707
11560,0.43561481036720384
11561,0.4626199935727806
11562,0.693641696271247
11563,0.6271717809231736
11564,0.6053208896504996
11565,0.5847328649454762
11566,0.5221951820874257
11567,0.5228781564869184
11568,0.5318843919842038
11569,0.668903545359583
11570,0.5219303489912103
11571,0.5668410215083352
11572,0.4418733780923507
11573,0.5813989047066573
11574,0.4702408778793265
11575,0.4349203158213172
11576,0.764445869146766
11577,0.4589604205832171
11578,0.6401144548794537
11579,0.5188076610352359
11580,0.43110887621403976
11581,0.4625322717674074
11582,0.4462746302382766
11583,0.5288361511938774
11584,0.560522723440533
11585,0.45223972374532656
11586,0.34145084913803114
11587,0.47400848887796776
11588,0.41057462257116784
11589,0.3610657567913665
11590,0.388069517225751
11591,0.5018072076163558
11592,0.4819333553183151
11593,0.4895018962966118
11594,0.480656682545265
11595,0.5728931662506704
11596,0.554440071792683
11597,0.4967646885167364
11598,0.6176456501584947
11599,0.4881960260851298
11600,0.45832464127963357
11601,0.6372991776347292
11602,0.38859305971184316
11603,0.5896319825668765
11604,0.3771337650295329
11605,0.45931794620944116
11606,0.3918905564230902
11607,0.5240850822373356
11608,0.49789735887325826
11609,0.5893949350748753
11610,0.5921838518990348
11611,0.7441023132499014
11612,0.4681319303172652
11613,0.3658705251051877
11614,0.5310397455491012
11615,0.6216207306076883
11616,0.5363693904132638
11617,0.3628965412279393
11618,0.579884382505421
11619,0.5347167058692602
11620,0.4366830429897318
11621,0.553988271746745
11622,0.57841589585431
11623,0.6005020899410355
11624,0.4177939321103473
11625,0.48391638169491474
11626,0.4074459555218273
11627,0.467611992922054
11628,0.6323839054159553
11629,0.47663977054447265
11630,0.47453693583750933
11631,0.575246437221232
11632,0.3768969052164265
11633,0.4546654518909041
11634,0.3851227052255691
11635,0.42705198116986975
11636,0.5441153260377649
11637,0.6259037038730171
11638,0.4450822955311748
11639,0.5590645553544619
11640,0.4852333357126935
11641,0.3536462279531391
11642,0.5528296682750782
11643,0.7235549291942229
11644,0.32416154073334735
11645,0.7024004152159762
11646,0.44465348059166915
11647,0.39783977952269883
11648,0.49677702337391594
11649,0.6380628082502255
11650,0.5091512266641899
11651,0.5041126527146694
11652,0.7783375053228094
11653,0.45864479253834856
11654,0.6237570413739029
11655,0.6419324498069949
11656,0.5697685330747668
11657,0.5216008559330988
11658,0.4427559230732958
11659,0.564651102921113
11660,0.6185113974189752
11661,0.4845130640026779
11662,0.5378784860440963
11663,0.5407396310339885
11664,0.5520182750342659
11665,0.39054918029447705
11666,0.46757748549997546
11667,0.5293650171569524
11668,0.5168500190336929
11669,0.4672217551541413
11670,0.6204867258476285
11671,0.4088224649188831
11672,0.5887435724871478
11673,0.4377139839743858
11674,0.2595332286245704
11675,0.47155752572465154
11676,0.5879213450608038
11677,0.5535182471392743
11678,0.5089760428949027
11679,0.5753796169935874
11680,0.5528017421126089
11681,0.5406701131954814
11682,0.3332167944111273
11683,0.5540606814180467
11684,0.46996334655565963
11685,0.48926281064602467
11686,0.5367565705826276
11687,0.44311245763999596
11688,0.43596614016894475
11689,0.539366304991921
11690,0.6000133613684948
11691,0.5035422580679036
11692,0.6577669315532726
11693,0.3405489503439375
11694,0.5769698797022542
11695,0.450177919463555
11696,0.4575695376739653
11697,0.592453011725437
11698,0.5330885773129497
11699,0.5378710292660177
11700,0.3694079129072341
11701,0.4645142557661921
11702,0.412356662642518
11703,0.5785385279122255
11704,0.5879077183547301
11705,0.5869043810383981
11706,0.45148085556420675
11707,0.42244904327787935
11708,0.4031240172326732
11709,0.4926578515680896
11710,0.4605718756521643
11711,0.3350722689203638
11712,0.44373141565805585
11713,0.46612870038502524
11714,0.5127123866028812
11715,0.6046344766690288
11716,0.6350554343075745
11717,0.41153769768886705
11718,0.4049271384094079
11719,0.5359135009430185
11720,0.4790503876297597
11721,0.5393032228655624
11722,0.5293410410287412
11723,0.518792369228175
11724,0.49990681197293796
11725,0.5390919162275344
11726,0.557885080092097
11727,0.49375109110833665
11728,0.3938167846262759
11729,0.4970911154458758
11730,0.35486629443192685
11731,0.5919509354985515
11732,0.480032858633635
11733,0.5291602211687451
11734,0.4371707356291993
11735,0.6430333845727272
11736,0.6302262008757303
11737,0.517137957901445
11738,0.5021713956307072
11739,0.6342945382618033
11740,0.4006554158508857
11741,0.40670306725312505
11742,0.654076833799504
11743,0.6088029288524158
11744,0.46180035049022444
11745,0.7008217040991598
11746,0.43165135594204407
11747,0.33629882234836017
11748,0.47437343263849346
11749,0.516143069678784
11750,0.3904305537016146
11751,0.3685688552886992
11752,0.5303030093812765
11753,0.4591704293456023
11754,0.4033476024417589
11755,0.5757214569053343
11756,0.41021515486484145
11757,0.6937736792237844
11758,0.5725868557813213
11759,0.5097345160666099
11760,0.4575317006388724
11761,0.43447764635433056
11762,0.5177048786521936
11763,0.4857522476393976
11764,0.5010736617900824
11765,0.33901735385291587
11766,0.37813976390863124
11767,0.367989409565039
11768,0.6651664348079812
11769,0.35686665949384266
11770,0.6354269406809873
11771,0.5420316205608702
11772,0.4786316919764462
11773,0.45741101728015093
11774,0.6918000798501858
11775,0.5345627601249069
11776,0.39260132251561886
11777,0.41748196175171215
11778,0.36281625348934693
11779,0.5285236413811392
11780,0.6892390925687409
11781,0.5037239757838663
11782,0.467460849770809
11783,0.3821351216754884
11784,0.41038358214065807
11785,0.467326824203663
11786,0.5337566983241371
11787,0.5476487032124487
11788,0.5063098987177376
11789,0.49213357449964673
11790,0.3064567155822441
11791,0.4093853334468294
11792,0.5094644913611768
11793,0.6217173694428587
11794,0.5002167799180652
11795,0.44229169662404083
11796,0.47363014017035177
11797,0.4867595707395874
11798,0.8225594758054693
11799,0.7219039007367221
11800,0.38508636325802814
11801,0.37037607001245765
11802,0.5664470965204833
11803,0.516691156595215
11804,0.46827745489286055
11805,0.6041162438597314
11806,0.4442689895008175
11807,0.6041843238565174
11808,0.5292072210029372
11809,0.491539647470937
11810,0.5065800968242125
11811,0.6109839072964705
11812,0.31931418747782714
11813,0.5387250163892924
11814,0.41550815249617523
11815,0.4581609750573938
11816,0.5250036830735346
11817,0.46758175345816416
11818,0.4589171546471151
11819,0.5416504547383199
11820,0.48605874670265553
11821,0.3991953158075125
11822,0.5974014717026189
11823,0.5742070144839133
11824,0.49280205763175233
11825,0.4992129675727678
11826,0.39686046420725246
11827,0.4468120521230678
11828,0.5558092069897256
11829,0.48438982942522374
11830,0.46970483673367663
11831,0.6163479067357898
11832,0.44547749308436985
11833,0.5737657383884108
11834,0.4686391361946267
11835,0.4897013182297418
11836,0.7452840857130718
11837,0.34735020894614926
11838,0.31822332608744885
11839,0.49774659301669544
11840,0.36999162327789314
11841,0.3044882124017775
11842,0.6066249240056737
11843,0.5021013222370448
11844,0.5183287926956415
11845,0.45493773163129125
11846,0.5481240868428384
11847,0.45518439500253444
11848,0.5919218494713151
11849,0.45901556928980547
11850,0.6033959896180794
11851,0.6064235663288666
11852,0.5537800828964318
11853,0.5471409996828583
11854,0.45980730199853836
11855,0.5255550252110099
11856,0.519341003620734
11857,0.4890974896305167
11858,0.4979388103616761
11859,0.4852880110414744
11860,0.44902690636039777
11861,0.43235932900544205
11862,0.5765656570733223
11863,0.38959438765591337
11864,0.5798837864628847
11865,0.6127452808973483
11866,0.42755483570551395
11867,0.4522962904913251
11868,0.5158018987979459
11869,0.5208286227183372
11870,0.5232745537264019
11871,0.4986166459991684
11872,0.5642639168777743
11873,0.4480595657107505
11874,0.6745562916056248
11875,0.4506510043608097
11876,0.49493950745702414
11877,0.6177353258868855
11878,0.5511933249923544
11879,0.5324235872006161
11880,0.5617973819315175
11881,0.3143473578228949
11882,0.4769735054657036
11883,0.5555480603523588
11884,0.5003658967764403
11885,0.3301468161930733
11886,0.5815227239974556
11887,0.4951934622185297
11888,0.6576080633195108
11889,0.6171700920446491
11890,0.5508271348518393
11891,0.7169980665866564
11892,0.420827622014343
11893,0.48159259868265186
11894,0.6375118307067089
11895,0.5223374843315737
11896,0.676130674144718
11897,0.48373483711444065
11898,0.6439684347696806
11899,0.4885320450047517
11900,0.46014269227170335
11901,0.57758887495696
11902,0.42414256791120714
11903,0.39923248054752297
11904,0.6760260638646161
11905,0.5970915833108024
11906,0.5630523574556744
11907,0.5411700168964679
11908,0.27134717292300237
11909,0.523774965170349
11910,0.46709097146412365
11911,0.5372309204656482
11912,0.5591606217014287
11913,0.24814649101650887
11914,0.5539518212384921
11915,0.48188389335438164
11916,0.4535407550867648
11917,0.4894586750823122
11918,0.4501633919642123
11919,0.4394067048231637
11920,0.5129827236452614
11921,0.492919150352383
11922,0.5237471796931379
11923,0.7536726158094078
11924,0.42722913919849254
11925,0.4849343328802256
11926,0.6539745355756283
11927,0.4609774171962736
11928,0.5140535573498883
11929,0.5472610147799517
11930,0.4464008306166112
11931,0.6613626357641285
11932,0.5750713141200217
11933,0.36207201024468083
11934,0.46048378083656577
11935,0.44660530979412044
11936,0.7359926389905965
11937,0.5870453204098222
11938,0.6962024189602207
11939,0.5085356908271154
11940,0.48146250851883826
11941,0.6025356278231931
11942,0.44163637438362724
11943,0.7935079695040923
11944,0.6133399521562615
11945,0.550616154215109
11946,0.5094532537238455
11947,0.4263410450559371
11948,0.45261935190775504
11949,0.30236476480239555
11950,0.5076904043287207
11951,0.4624398585685453
11952,0.6046039945339372
11953,0.5932603719038603
11954,0.5197863110929617
11955,0.5098306938175309
11956,0.3866900904887248
11957,0.6365223944015476
11958,0.462172723353126
11959,0.6449683460418746
11960,0.5486865139477859
11961,0.6410977974009382
11962,0.5630206509701612
11963,0.521620662245552
11964,0.5551186120668037
11965,0.422928130000323
11966,0.42018044639923524
11967,0.49934743744732135
11968,0.40722315114139807
11969,0.4537437273598373
11970,0.5028087592268988
11971,0.47732364670878913
11972,0.5293757166839361
11973,0.6768546012885742
11974,0.5134561452292625
11975,0.49192848516439264
11976,0.5272465148991609
11977,0.5505710070146421
11978,0.43362631772552307
11979,0.6988115624591827
11980,0.42451551170658464
11981,0.4349131811269692
11982,0.44860503647100064
11983,0.6019807743092913
11984,0.5981682049708487
11985,0.4457432033939863
11986,0.6860541235707528
11987,0.5082027889463722
11988,0.5564123541447158
11989,0.5307766531722006
11990,0.3131444357422781
11991,0.4657212649295327
11992,0.4449874381977214
11993,0.5415264806758116
11994,0.5161447284225068
11995,0.5456180822540837
11996,0.48140566373366117
11997,0.6170822789186432
11998,0.45198441362179126
11999,0.5383358524074549
