id,efficiency
0,0.3931347143556446
1,0.5401232521916722
2,0.514443090744108
3,0.44720393376749856
4,0.47657517960776313
5,0.6613899008461371
6,0.5911597125128929
7,0.4663236448398745
8,0.4589522352078484
9,0.4454990963403474
10,0.5792825492788594
11,0.38496450601724497
12,0.5854202448289426
13,0.7359149786427348
14,0.5120936768361387
15,0.468656303295624
16,0.3642084385991628
17,0.3725663355470572
18,0.6599620203933525
19,0.5296190893386744
20,0.5980415992847528
21,0.498564471821505
22,0.6271296514440134
23,0.45914734594971524
24,0.5683739976581643
25,0.39817977718045106
26,0.6071510607021644
27,0.6377690298780393
28,0.48034134674716916
29,0.4640562539472968
30,0.6097443092206142
31,0.6403915528391488
32,0.41628747917494746
33,0.4754452157781205
34,0.6530666991778713
35,0.4639762707587258
36,0.4869853192261677
37,0.5368784010799525
38,0.37784611609708
39,0.4362484703881388
40,0.41441598481189473
41,0.6119338280519144
42,0.7274884982585359
43,0.677182322185562
44,0.6116946691266664
45,0.6086960495071938
46,0.5753634721014709
47,0.6147827963947933
48,0.7173350747551482
49,0.7155677066453743
50,0.5275463196487822
51,0.5023868673693519
52,0.5936952281655759
53,0.5596195045409146
54,0.45823298857375167
55,0.4253430289757424
56,0.6337655391826417
57,0.3372446100963317
58,0.3968419851656426
59,0.5070329371124338
60,0.496948598442377
61,0.4380940434517189
62,0.5745222532779783
63,0.5604342925678131
64,0.5612366334007167
65,0.812689641776394
66,0.45988298601238436
67,0.6659909625716407
68,0.38614010275217625
69,0.4191910362225507
70,0.6652712447268954
71,0.5564275908539843
72,0.4341734529786128
73,0.5572474469472964
74,0.44162127957814423
75,0.5123659257947739
76,0.45460577959382553
77,0.41716833520597213
78,0.4328972891264524
79,0.374861965155067
80,0.37951352014621575
81,0.46199997941274795
82,0.6490684299109203
83,0.6567903325348228
84,0.3585124756011223
85,0.7189199159376474
86,0.6255850999591781
87,0.5052745840709183
88,0.5261300105198695
89,0.4685353448905879
90,0.6122388192057285
91,0.7203285278803563
92,0.5410534735639154
93,0.5720199550279408
94,0.5147385878373325
95,0.44345214828951673
96,0.6471373518139274
97,0.3599407899780962
98,0.5501090676641788
99,0.8429949531484416
100,0.5091237797520072
101,0.6614568133161796
102,0.49414589214041715
103,0.48280688541557637
104,0.42278875545276917
105,0.5119191710387379
106,0.5891878387691166
107,0.41037442134412794
108,0.5090000950978236
109,0.6149449730715777
110,0.4715195843438187
111,0.6240182184399863
112,0.6005369226430199
113,0.39522104850393813
114,0.5229911984308366
115,0.5747626655975677
116,0.42501422375542897
117,0.6552154654426916
118,0.36212067780095913
119,0.300849867348743
120,0.5351818867827197
121,0.5394918734089057
122,0.37379580327160117
123,0.40833302528850013
124,0.6363741944618486
125,0.4842362605524747
126,0.4977850887155988
127,0.6106934074624719
128,0.5879764738481356
129,0.6324961278486987
130,0.34962743732054813
131,0.4588871176617514
132,0.6659200414832424
133,0.5629504042861058
134,0.49195073546167123
135,0.34146373981226796
136,0.5777367608109825
137,0.6654549523132451
138,0.627278055589818
139,0.41772598967333197
140,0.4885445035725098
141,0.5057326182852323
142,0.46441026262068336
143,0.4739266382049472
144,0.5054289019894744
145,0.4299099133784988
146,0.5124655001734149
147,0.4159775693885272
148,0.4850293169421308
149,0.5178094562831507
150,0.464616170041101
151,0.5301114387835735
152,0.4018889128355958
153,0.5701184072586963
154,0.5467156696146549
155,0.37140700237519386
156,0.5486624582892754
157,0.5498089164691881
158,0.3349139394778171
159,0.437833890475277
160,0.5188555564771969
161,0.49864714100413626
162,0.8660197941915799
163,0.5731519223332946
164,0.6893639533182487
165,0.7383048008904506
166,0.542351228901037
167,0.463425201990852
168,0.4227044475226658
169,0.4401755217411363
170,0.5744221231328944
171,0.5029366960305159
172,0.577992186456064
173,0.6417776066384352
174,0.5765107401570817
175,0.3997667467224921
176,0.5015294739597385
177,0.5702226443100061
178,0.4928958020235664
179,0.5336452019405139
180,0.47328755103191933
181,0.5378242496718681
182,0.386945379128285
183,0.46384940966054683
184,0.5936875128170669
185,0.3200951934482278
186,0.49050856366694406
187,0.3506010255387191
188,0.5180017885299635
189,0.41318541768918793
190,0.5418478624049764
191,0.669167223421359
192,0.45432840153967924
193,0.3860662877266422
194,0.5659208860830469
195,0.35898485273579095
196,0.4722698324243853
197,0.6384255318739113
198,0.7030201977093669
199,0.5570196630355644
200,0.5779114329939462
201,0.47565618413030647
202,0.5053446621377821
203,0.5096289671159365
204,0.5855507890368303
205,0.5019010196245985
206,0.5004614562849908
207,0.44220719261903096
208,0.338866750366592
209,0.5474876174147634
210,0.38175054578580647
211,0.537699172069141
212,0.4119986701189089
213,0.4212555961605483
214,0.4376870183318793
215,0.5283301676095074
216,0.3989710759176242
217,0.4188893490888148
218,0.5474966732515703
219,0.4962935310405357
220,0.5704187892085035
221,0.46500081434156604
222,0.4871035463781119
223,0.6947560438911105
224,0.4337143523461935
225,0.5627405728116321
226,0.33988622092459475
227,0.42039699215483034
228,0.6402263460369817
229,0.49212132429374916
230,0.6375626098566151
231,0.5805418588141944
232,0.5824190135151772
233,0.5798075132392237
234,0.3819335145077851
235,0.3946396617480795
236,0.45356259257638426
237,0.6146971141083342
238,0.44739167232194554
239,0.5597960147271658
240,0.5951530569035798
241,0.5171143204482664
242,0.6634912885456093
243,0.4626919744345623
244,0.49733521765979893
245,0.6161726105512797
246,0.6812168089113622
247,0.6402670737690354
248,0.4625373385317574
249,0.5134387359115554
250,0.44428342915158975
251,0.512957704595592
252,0.4324314909940885
253,0.5498518096164697
254,0.48456027408522084
255,0.4372248244094653
256,0.4713261314603178
257,0.5923041904117519
258,0.685729255699385
259,0.6774298947830059
260,0.4957617526654544
261,0.46865984254370624
262,0.3470449561548667
263,0.6154223816512244
264,0.2754688183564606
265,0.4728778505506833
266,0.4289393098589947
267,0.5058072317724424
268,0.5672981234465357
269,0.775859826145701
270,0.6592839404748331
271,0.4432047145845798
272,0.7098973112463159
273,0.5956937979116179
274,0.4715186067955188
275,0.5089510527362684
276,0.532522702598472
277,0.46160077968177915
278,0.5813622910115033
279,0.5038502500481438
280,0.36911269453420203
281,0.45247112354519914
282,0.4757477850685387
283,0.6959840291425963
284,0.3978860083675301
285,0.5269400500770199
286,0.43746461123003494
287,0.39692556308513943
288,0.4026014929052208
289,0.5444457587944515
290,0.5626781304545302
291,0.5849110278112855
292,0.32328874494232646
293,0.4824116495134888
294,0.45401598533503373
295,0.5387471970502385
296,0.5580905789295416
297,0.5513899979628303
298,0.40767592529446045
299,0.6224131800589028
300,0.4431118402822295
301,0.4644663991077358
302,0.5067932209343001
303,0.575603225283813
304,0.5293627572395843
305,0.36511386376921107
306,0.4645183684181245
307,0.44823828905625096
308,0.6676070286257361
309,0.5337355548313786
310,0.5380916946606461
311,0.4298833408352284
312,0.532409301462604
313,0.46267176770164037
314,0.44767153828047884
315,0.46230254996812564
316,0.38947816680515296
317,0.5068283104338559
318,0.3368151971259763
319,0.47297055248083436
320,0.5459181911371249
321,0.5730666670336885
322,0.5828951217591377
323,0.3706265075698335
324,0.51129638738078
325,0.4600988507695324
326,0.6540240824412572
327,0.49861949573029474
328,0.4587963895638255
329,0.37897795140085005
330,0.6634534612252394
331,0.48980847069164085
332,0.511507308897056
333,0.5639803546175644
334,0.4669023931451799
335,0.554656315570813
336,0.4257838122044103
337,0.47931918661650263
338,0.5215412557928665
339,0.4903041352436763
340,0.5289498997949555
341,0.4227774034688996
342,0.6134157918190846
343,0.46028052895378235
344,0.34681221167848253
345,0.4270534695613687
346,0.4812752694370304
347,0.5042213840128361
348,0.5048231575758139
349,0.5446027023881574
350,0.5105185020549743
351,0.40791558923608107
352,0.45501473821558225
353,0.5155796361063211
354,0.5778729552763071
355,0.5051132043530979
356,0.5058060282191994
357,0.47872829219086194
358,0.5603507713800444
359,0.4243198164543025
360,0.6598512902450607
361,0.3197226605079496
362,0.6491232514707972
363,0.5366409401864375
364,0.6803835562086684
365,0.4508100852742118
366,0.6355203254846022
367,0.5416290797414711
368,0.5170172012206214
369,0.44056413370109027
370,0.4749175348610437
371,0.4158539934468996
372,0.4474602097961048
373,0.4291410689554136
374,0.795920058841202
375,0.31299981704730095
376,0.46959819900738287
377,0.5187499353647784
378,0.6209771497984355
379,0.5880482946818091
380,0.5171642988212809
381,0.4934508302607634
382,0.5540207886463596
383,0.5327064962991133
384,0.5453927732124095
385,0.5204075415514611
386,0.43392387307173813
387,0.3016434048864475
388,0.589941327073267
389,0.6289955942502513
390,0.5469946762330651
391,0.5327077066706558
392,0.6779717913609464
393,0.5731028472430444
394,0.5441557410377478
395,0.5160634242561358
396,0.36996305264433244
397,0.4813854900975531
398,0.541616428984749
399,0.4628933363674193
400,0.4922349150203066
401,0.6869586712830791
402,0.41641193887527894
403,0.5430745758965052
404,0.5528235544533935
405,0.39153536783255266
406,0.41170127684270574
407,0.37354538758321637
408,0.5551127680071909
409,0.4999800567682691
410,0.43873024699550667
411,0.3688798863109082
412,0.5913273863355378
413,0.5003696265276764
414,0.5446397224529853
415,0.48092530710082265
416,0.45784307810409164
417,0.5941209993652781
418,0.4577255413593765
419,0.3536600125320244
420,0.5186749667288338
421,0.4969441558119899
422,0.41742981168841997
423,0.4981623261760888
424,0.4854037559325354
425,0.4224154850146675
426,0.39088986258443476
427,0.33234393829929093
428,0.677337612470137
429,0.6113059885600994
430,0.5188950205246444
431,0.584712482518611
432,0.5822271851026303
433,0.4939475056566987
434,0.4888676038044702
435,0.5129703934275569
436,0.6228678515471372
437,0.4988638777482501
438,0.5992531072241686
439,0.5723991975610349
440,0.6290518158550686
441,0.4273002178475939
442,0.40968776690742614
443,0.5107710028031455
444,0.5303943776143173
445,0.43090042992559807
446,0.5001235330331697
447,0.41735624707609137
448,0.4937738385321917
449,0.39884508251351203
450,0.4756753606988239
451,0.32596501814280626
452,0.40816032501094396
453,0.6002086666133348
454,0.49180261003647285
455,0.42508700581150505
456,0.5314511625718855
457,0.6797908868111395
458,0.49296032015992
459,0.5042298749939323
460,0.5688622675705474
461,0.4734422101981119
462,0.3876153940615722
463,0.7079876063506169
464,0.676288893449727
465,0.3880455984193274
466,0.4109538800054392
467,0.5073678339937604
468,0.5097083600300408
469,0.5894261387753591
470,0.470619938636658
471,0.7102001970273497
472,0.5238602311805438
473,0.6757404980450142
474,0.5684490902668846
475,0.3481068385913023
476,0.5313890604292363
477,0.4700276082713343
478,0.6186336723943405
479,0.6340913387140739
480,0.4113204237835997
481,0.39729050565269874
482,0.5710639495681326
483,0.6267171860739225
484,0.5252629306541308
485,0.7810624135631625
486,0.6346209840512947
487,0.534527679455379
488,0.5095183597953507
489,0.627010688932923
490,0.5822858083876163
491,0.5059679325269251
492,0.47063693220372027
493,0.26814810133958933
494,0.5225875584409349
495,0.5273719334232658
496,0.506295369970821
497,0.6304555114389621
498,0.5264248107882872
499,0.3277626351482323
500,0.7429461522926464
501,0.4899168044608935
502,0.4663006508172732
503,0.540678097254795
504,0.5547480942067423
505,0.5071478300874097
506,0.5015514046426914
507,0.5009632174990659
508,0.4381195026752607
509,0.6476871719650099
510,0.48599340487268805
511,0.46684545654377957
512,0.49249544053789523
513,0.5211646292579135
514,0.5871944345966265
515,0.4054511199381549
516,0.28963912446732387
517,0.6982564567524446
518,0.397607852520922
519,0.5007512951301194
520,0.27226760568865915
521,0.5890019381531012
522,0.5769021759588937
523,0.5774262203161542
524,0.4895011578621482
525,0.3726082400510861
526,0.4742431202601649
527,0.47325651851815076
528,0.4249130305647377
529,0.4357430183863454
530,0.4958147839978402
531,0.7242434139103864
532,0.4113990191628327
533,0.5405549044419382
534,0.5097084601851221
535,0.4401135163876771
536,0.5700339175498302
537,0.48527208041845776
538,0.5189869711541141
539,0.5525485274561692
540,0.5093681216470506
541,0.49045372199676707
542,0.435255935808731
543,0.5385388914606353
544,0.5718815979915541
545,0.43546095261080336
546,0.5022961626837404
547,0.6489415433934056
548,0.4706854951184358
549,0.564800014466018
550,0.41927009583530955
551,0.3789243373486407
552,0.7812080901121985
553,0.44441032640194406
554,0.49980166109105095
555,0.36166883207508466
556,0.44227941141755306
557,0.5200299844185375
558,0.7662087336241454
559,0.397128155546889
560,0.35387163813228806
561,0.6068600287363656
562,0.44564490822941627
563,0.5566421785984023
564,0.49514759601445857
565,0.49943335569543984
566,0.5276991528720378
567,0.42458543377642866
568,0.39692446134221915
569,0.445094040033886
570,0.39071251576957755
571,0.4808639419578317
572,0.3512831725968546
573,0.48076338268799695
574,0.5587332745230325
575,0.5776845267565791
576,0.51541882602849
577,0.541085660613218
578,0.479136394865437
579,0.6896284912326988
580,0.454139509642434
581,0.631084737345372
582,0.48177884651636843
583,0.4704911694564463
584,0.5098289957759714
585,0.4549896418980849
586,0.4584715519017539
587,0.5099542628734863
588,0.6177907316156728
589,0.5420184039948986
590,0.6361017217072259
591,0.42782550888107496
592,0.4099234022373928
593,0.5640548625724782
594,0.5965098926200275
595,0.45246593971390703
596,0.49831967958546
597,0.7613650577163517
598,0.6288160733448597
599,0.45680627723590705
600,0.5213208136205091
601,0.4380247834333153
602,0.5492467870442113
603,0.4740071555362208
604,0.5373736217078553
605,0.44950366723466645
606,0.4494915886357798
607,0.49986914723432824
608,0.3723413661439249
609,0.6064209602916237
610,0.4212622812369469
611,0.4873228496692484
612,0.47685159646212394
613,0.6176601548634539
614,0.4740190034246251
615,0.5425773350669009
616,0.4027097653836627
617,0.5966682066368251
618,0.4916853736244769
619,0.5458865479867289
620,0.4180808216224683
621,0.5097999858648253
622,0.4906129482206105
623,0.5775992152266752
624,0.4803076799098678
625,0.3447981615073739
626,0.586680892214327
627,0.5048836807671013
628,0.4701019479522359
629,0.7351788515247069
630,0.2814930212136826
631,0.5782570783466398
632,0.6413441919707343
633,0.459271316688458
634,0.5748686081519756
635,0.540073312395607
636,0.5952760459109614
637,0.4803690775563467
638,0.38238857625509504
639,0.5770751401176605
640,0.48387911340524004
641,0.5929267494304695
642,0.4817558672236012
643,0.5571417389039324
644,0.5452523274327515
645,0.32473795684101553
646,0.4060102291037153
647,0.5629595672882298
648,0.4325346289954921
649,0.5357341066618999
650,0.3497580090212069
651,0.43901769984819
652,0.4588574286238207
653,0.5841418319712804
654,0.6448832461907517
655,0.7187373484039417
656,0.47922551270487557
657,0.6139202978090419
658,0.478443092587418
659,0.5923216101886849
660,0.44089182731363685
661,0.4782724759833389
662,0.4452928798299967
663,0.4501202665988736
664,0.5647445877003858
665,0.4404646912745042
666,0.4683744706589056
667,0.4647021268113766
668,0.49107556310037326
669,0.44263080273395083
670,0.5412457056952168
671,0.4869822491085041
672,0.39485578379483754
673,0.5535950732047552
674,0.5835813840944385
675,0.4495426838010109
676,0.4592697091931601
677,0.4393486356378757
678,0.4925196263004336
679,0.4485371149410041
680,0.5049697198386719
681,0.5813805056869076
682,0.48516290844044424
683,0.7048802512086643
684,0.4032115676236074
685,0.483341679290926
686,0.36169519118291016
687,0.6041864841434286
688,0.7584116975295548
689,0.38613015186044153
690,0.3769048653381464
691,0.5385468469126813
692,0.48234160579202073
693,0.4202129868496133
694,0.4811898072335206
695,0.4860704861465863
696,0.39670910487313743
697,0.45752876667832076
698,0.44419395999287303
699,0.5031784105674996
700,0.36454194279298646
701,0.5219346099126526
702,0.5129999204582342
703,0.64989347475001
704,0.4797186020271637
705,0.5155104017853772
706,0.47693395458533616
707,0.3345857385205119
708,0.3659322597024516
709,0.5485450476663787
710,0.4770134873319219
711,0.47691590036040954
712,0.4333769905206799
713,0.49741806982387804
714,0.39080506014952326
715,0.5039681016522467
716,0.6762986505353019
717,0.43241058434140217
718,0.46830251792363486
719,0.5023166569289049
720,0.4529375954662258
721,0.5626858712892941
722,0.4477824215641293
723,0.5199015590220994
724,0.4350695954378318
725,0.46725015864782893
726,0.3669841586554959
727,0.5371417923650595
728,0.4772259698865587
729,0.28969041304289567
730,0.5297074715403843
731,0.49691007381395125
732,0.6469520167899135
733,0.3688405240170277
734,0.523769232512771
735,0.4508190091395374
736,0.6738483250059936
737,0.4162041119644493
738,0.612378996278391
739,0.6773475798724599
740,0.5261198005460993
741,0.4967124207339093
742,0.48167730869265507
743,0.5156152331258638
744,0.45505217437795875
745,0.6094376017827234
746,0.5608136965054524
747,0.6883634258945843
748,0.5227129691159941
749,0.29284474687230877
750,0.4210700457412475
751,0.4823871855307428
752,0.5525061764730722
753,0.6898719451386144
754,0.4455604350088911
755,0.6382602464544738
756,0.5026504137058033
757,0.46214972965947154
758,0.5539820567067121
759,0.6976121615876777
760,0.5552401021534242
761,0.49930400753319926
762,0.4877866111885002
763,0.4205533329158823
764,0.43892540326062285
765,0.4907279355104827
766,0.39663066686152504
767,0.6937179226253187
768,0.4571662095776461
769,0.4711710445559302
770,0.44242359391071906
771,0.6440420778049518
772,0.48809367378820245
773,0.5648902919101928
774,0.5297836951453192
775,0.5195342118096831
776,0.4837873716527932
777,0.5139625155216343
778,0.5118633652807314
779,0.5106184723627526
780,0.5042897648496113
781,0.4965569347193763
782,0.40235631931043114
783,0.5246698415101888
784,0.5130658275100373
785,0.5993349647686217
786,0.6012648465930848
787,0.46877713900346585
788,0.48470731351097773
789,0.4536793255267648
790,0.4570462027946807
791,0.6433944076580717
792,0.6301370230999982
793,0.4621182536338253
794,0.35453213502368175
795,0.393387329062463
796,0.45891711293512916
797,0.5778433341299838
798,0.45427269078037086
799,0.43691611402177927
800,0.3686477800207676
801,0.6468353562567692
802,0.4979370807522754
803,0.45917540343802515
804,0.4221288096446698
805,0.6918840725557948
806,0.6452383439473912
807,0.7167185990050058
808,0.4079032788571416
809,0.5354512924483433
810,0.4878023275928475
811,0.5723006527548662
812,0.5241997760859587
813,0.5383834681725211
814,0.40445723579079496
815,0.4777573260083039
816,0.46251732258941103
817,0.4712962503839667
818,0.4948588900334007
819,0.41794112108584525
820,0.4751786107637036
821,0.5102532931338584
822,0.5484041441698724
823,0.6597948989805668
824,0.6134596823418517
825,0.558004124103898
826,0.5420857690882558
827,0.36407588460534324
828,0.382651520541059
829,0.5247999877901539
830,0.40250518400435653
831,0.5379699302346688
832,0.5199492650242434
833,0.5028387285058852
834,0.5417415183287198
835,0.6182700520829614
836,0.5092144459333154
837,0.584654223056605
838,0.5251356491947943
839,0.4021842380618118
840,0.5991781986596694
841,0.614414835710244
842,0.5634604379447297
843,0.5290386706566294
844,0.5628421532577033
845,0.5457279494578858
846,0.5588972834745384
847,0.6111526944160762
848,0.43233091239752697
849,0.4632489244348243
850,0.4639265208200652
851,0.5955326893965728
852,0.413743182346283
853,0.5018190472602344
854,0.49654087391354257
855,0.4131243717812115
856,0.3324348498172195
857,0.44058599572928464
858,0.5590055672962966
859,0.5796109032426313
860,0.6238901835641882
861,0.5292519582679835
862,0.4497739947715373
863,0.44563977063962945
864,0.5570156707222722
865,0.5387459140698732
866,0.5280840089910875
867,0.5615370716312317
868,0.6341665889636313
869,0.4727914737765589
870,0.5173644584583462
871,0.6294500602403768
872,0.5184328525443317
873,0.5242517366967373
874,0.3778511563417878
875,0.6493382854409837
876,0.5187580113647913
877,0.5505990639502091
878,0.5660314834650102
879,0.4694125161435054
880,0.528240955559338
881,0.6186433162726316
882,0.5132458751022719
883,0.47603767772383787
884,0.4619550765147927
885,0.5020676405262104
886,0.4635703610475915
887,0.5218552312572471
888,0.3529028682970265
889,0.5074821632874132
890,0.6961851712424935
891,0.5627493674281062
892,0.5470750686412619
893,0.4552135921990591
894,0.43103490588550586
895,0.4685215960967653
896,0.5246305313761912
897,0.4584822928114399
898,0.49031073634770556
899,0.5820606380400026
900,0.5192519204480228
901,0.4773337573665721
902,0.5936722091487817
903,0.5624065589062203
904,0.49698768954195455
905,0.5496593322248724
906,0.5334481357260157
907,0.40471918731373435
908,0.461843523373175
909,0.6039736777924245
910,0.5812308697888618
911,0.6644089374899868
912,0.5658128850090858
913,0.5828238463034565
914,0.5881937768859054
915,0.40346621735261884
916,0.5298675761236187
917,0.3815526525380718
918,0.4620300981058646
919,0.40019831898832
920,0.31957117908776367
921,0.43312442622159275
922,0.3537452567098116
923,0.5676636016723785
924,0.3760482322827495
925,0.3790926183278323
926,0.519151646929928
927,0.42092587977210594
928,0.3688228078273019
929,0.415724364704394
930,0.5439175397571592
931,0.42049499542527047
932,0.4488139893847473
933,0.5124776635112823
934,0.8683962850083942
935,0.5324875846394631
936,0.43705419558306297
937,0.43793268790183243
938,0.5333316476664057
939,0.5572306799432729
940,0.5258020158584381
941,0.5269747811571535
942,0.3412330956256546
943,0.55650944409885
944,0.5368564682505768
945,0.4734485564917846
946,0.65537662355249
947,0.4965303673503635
948,0.5401181201181351
949,0.7938512268665756
950,0.5264006380342761
951,0.3421315518151467
952,0.42588154633821745
953,0.6861043533676494
954,0.4317884129371922
955,0.6003630095024719
956,0.31019993799283185
957,0.4373161314034663
958,0.5700722651628017
959,0.4095564631778697
960,0.514895467899612
961,0.4633173886373856
962,0.3120614281596752
963,0.5105545298950481
964,0.512462654484496
965,0.3767239694978781
966,0.4332672760598439
967,0.6407499049870518
968,0.4544636119459284
969,0.5298898683532665
970,0.5290329641408964
971,0.4695876508266037
972,0.48255884975106605
973,0.5439494107755668
974,0.591586501675235
975,0.5904416289667548
976,0.4440640225805127
977,0.6553542830054865
978,0.547968606646796
979,0.493009665619098
980,0.40170245765336754
981,0.6560896162071721
982,0.6039170439970449
983,0.361955947726211
984,0.7691364928681073
985,0.5987365558842722
986,0.5235011422156106
987,0.48248710528735755
988,0.591171346431303
989,0.5014220042691298
990,0.46439607671324734
991,0.36714996393541466
992,0.3579445779039794
993,0.6757342466822693
994,0.6015616312725575
995,0.4937355922493752
996,0.561634235185968
997,0.4330012662343694
998,0.45428688414092183
999,0.6190246785293999
1000,0.5207092593709911
1001,0.4738916475520787
1002,0.5651811507187118
1003,0.5000480632331352
1004,0.5223023813937702
1005,0.6661341658349716
1006,0.5614575245830968
1007,0.49379721527896975
1008,0.6115658197834718
1009,0.5258546184813704
1010,0.34828689616039965
1011,0.6142608237075325
1012,0.46055778395370334
1013,0.43331643390108016
1014,0.5225613055764983
1015,0.461714187041774
1016,0.3828797986430657
1017,0.6298345955482022
1018,0.3598641537999271
1019,0.5800514921617079
1020,0.4029211306929631
1021,0.45408280490411834
1022,0.46514237057366636
1023,0.437658647535565
1024,0.40815002871993555
1025,0.5734270018585617
1026,0.5551751438941083
1027,0.38093358086139084
1028,0.5830483069639822
1029,0.5729715168702406
1030,0.33537422834505215
1031,0.4788647835181495
1032,0.43518619774953227
1033,0.6330906586744268
1034,0.5460671048466748
1035,0.393195416615517
1036,0.5650814317731105
1037,0.2979484152928725
1038,0.40289270249120646
1039,0.48608990923382145
1040,0.597807318936092
1041,0.4669667195303341
1042,0.47495844422775846
1043,0.47167161283818543
1044,0.5152176311631015
1045,0.6729211615985734
1046,0.5767534710546487
1047,0.568323106409707
1048,0.537738005128354
1049,0.6316396409274667
1050,0.5569941049568793
1051,0.48494805877382374
1052,0.3982280217373415
1053,0.5685596571937224
1054,0.4217716883692029
1055,0.6815393090858515
1056,0.40747131750493937
1057,0.5370187352040716
1058,0.575190838275033
1059,0.5529295476475387
1060,0.4206037335879486
1061,0.514981808961193
1062,0.48664827181829634
1063,0.5531752007187428
1064,0.4508156948716114
1065,0.4625008184222638
1066,0.6064634356712731
1067,0.38045225359228607
1068,0.5444705759464372
1069,0.6404726390391812
1070,0.5318601434628518
1071,0.47625416543843274
1072,0.2959313934440767
1073,0.4312061941783711
1074,0.602876401643848
1075,0.3999530659884689
1076,0.42426695806835746
1077,0.5329962625702456
1078,0.46849135845177114
1079,0.4290583090384925
1080,0.4875486336522848
1081,0.4707797240387722
1082,0.46736685970261116
1083,0.5217967908319632
1084,0.562163494454705
1085,0.5653778293966681
1086,0.5669138210931916
1087,0.7003156261814059
1088,0.4413640666023946
1089,0.47815563847605974
1090,0.42588024326282803
1091,0.46671479325730836
1092,0.6157734549121989
1093,0.511989927568157
1094,0.3716797838562419
1095,0.6574960801411256
1096,0.5748435397869376
1097,0.5069294509892078
1098,0.5489697805243583
1099,0.39252097688611787
1100,0.5081274208910432
1101,0.5090279540184722
1102,0.5097532156713018
1103,0.47028750055676105
1104,0.41120146258502854
1105,0.555317276942528
1106,0.5977203865417615
1107,0.4318184606828079
1108,0.42993330444965383
1109,0.5768755150577708
1110,0.6206393174609217
1111,0.5559250008418768
1112,0.4317492885088049
1113,0.48954672131547444
1114,0.3828550923312589
1115,0.4151745588143667
1116,0.4895680698052778
1117,0.5703768632113352
1118,0.37490001609120616
1119,0.43175092561380835
1120,0.4604131372941019
1121,0.6332548082216267
1122,0.45855104371857963
1123,0.526949278679292
1124,0.5020615711574262
1125,0.4484639403862254
1126,0.5195711944656358
1127,0.43076105015727373
1128,0.3795638906962233
1129,0.5846724498438783
1130,0.5244349295392278
1131,0.5594039283979061
1132,0.5106387648432713
1133,0.37032906769436513
1134,0.4326045452178456
1135,0.5238134574773453
1136,0.7250899572469663
1137,0.46600118476890223
1138,0.5838458454568304
1139,0.6072070395586879
1140,0.5953710646096994
1141,0.6034684094906071
1142,0.430129052534529
1143,0.2945012345751061
1144,0.5425469594698904
1145,0.5181989292347249
1146,0.3636756978102301
1147,0.5610873466138105
1148,0.5537829479567065
1149,0.45449630147636655
1150,0.4954680700395469
1151,0.47110807157473894
1152,0.3987584765444271
1153,0.543883078575693
1154,0.541752235521912
1155,0.3014610784630516
1156,0.4711352937267363
1157,0.5423646106716435
1158,0.6202235046886545
1159,0.4984020977921431
1160,0.7306908860382381
1161,0.2528498719806513
1162,0.5307370073483433
1163,0.49192829147334627
1164,0.5556685569108465
1165,0.450215154342805
1166,0.39700023450585054
1167,0.5189723838302333
1168,0.41639779979171443
1169,0.5262731251837118
1170,0.5491787465489862
1171,0.5448519773708866
1172,0.678612058856229
1173,0.5431188030989651
1174,0.36746958916765193
1175,0.4564619901742189
1176,0.49763034329645817
1177,0.39965345548483383
1178,0.5384493825903314
1179,0.2767373831408391
1180,0.4832117731139552
1181,0.4514514002080435
1182,0.5002219593782421
1183,0.48865843152763483
1184,0.436148329776256
1185,0.5801851869182991
1186,0.42161082083046847
1187,0.5736505957728548
1188,0.6376038367477749
1189,0.36319639397983355
1190,0.25645279965020457
1191,0.4313137946039769
1192,0.5216651809374973
1193,0.5238841914770558
1194,0.4358023608973926
1195,0.5786379546655039
1196,0.39167127595162193
1197,0.548113868376787
1198,0.5981229667565873
1199,0.6339835165746178
1200,0.5190327148074582
1201,0.5378616938520223
1202,0.5317793757747419
1203,0.48010097548375236
1204,0.5716789441373971
1205,0.44385464120717744
1206,0.7007654251929049
1207,0.3349390216958632
1208,0.5790278365951578
1209,0.47659922299430296
1210,0.5487572996231532
1211,0.6561356435638712
1212,0.5066587001858321
1213,0.4365022011911204
1214,0.46910442668705904
1215,0.41306718441806134
1216,0.45402852350167494
1217,0.6168353454472295
1218,0.6085031952402138
1219,0.5353139169319979
1220,0.6487858886071047
1221,0.5954621500185981
1222,0.48092051211582
1223,0.4382879019272002
1224,0.5016540467931419
1225,0.5855809138120625
1226,0.5230948618218422
1227,0.43687644419800786
1228,0.3905889528523615
1229,0.5210274174028713
1230,0.6436138972348415
1231,0.5083984649340032
1232,0.5261225999929602
1233,0.4251728916258328
1234,0.4291423902653855
1235,0.47498234909137116
1236,0.5691757662578734
1237,0.563585977727325
1238,0.4424313713500803
1239,0.5919428595422771
1240,0.6563618635419052
1241,0.647285842572833
1242,0.5184086802878266
1243,0.4943055727823256
1244,0.517546912306958
1245,0.47486255491246554
1246,0.5014558056561418
1247,0.4906990255500136
1248,0.5081692508936186
1249,0.470295166425841
1250,0.40617717890952537
1251,0.640986324186406
1252,0.45639548721309325
1253,0.39255197269409803
1254,0.39922572900532544
1255,0.44782580253611376
1256,0.5725707880774441
1257,0.45845130549210045
1258,0.5553093509458468
1259,0.5886873771647853
1260,0.5320011657799938
1261,0.47080423095788493
1262,0.44599627731150904
1263,0.5831903753439401
1264,0.481835103604464
1265,0.5021497828860797
1266,0.587327058521069
1267,0.48313435735391597
1268,0.4093034107462538
1269,0.5316805733891775
1270,0.5041620790531907
1271,0.47403904537129193
1272,0.5028338844723563
1273,0.4802464312518977
1274,0.3578049062265053
1275,0.49437239564529994
1276,0.4563367315715689
1277,0.5550138652223757
1278,0.6165420383594867
1279,0.3026757151493992
1280,0.46907364905654864
1281,0.587220175314315
1282,0.389504765205148
1283,0.5044238926874539
1284,0.5020162582135717
1285,0.5201895206502236
1286,0.4128460564915107
1287,0.3243507013226188
1288,0.4805433060686248
1289,0.5911389847496844
1290,0.6051712815805633
1291,0.538752954507435
1292,0.3636277719789901
1293,0.5560337270730031
1294,0.3965384282293116
1295,0.564579027687351
1296,0.5563311718367745
1297,0.48184017134292045
1298,0.6439138978150627
1299,0.49318091191105473
1300,0.5094628308975486
1301,0.41772927583460756
1302,0.33309279800815106
1303,0.47303124850469097
1304,0.4134544432412247
1305,0.45050065753087903
1306,0.46960791397150425
1307,0.49368245080689177
1308,0.5706491977946333
1309,0.42657687029969005
1310,0.515091717759734
1311,0.57199364567483
1312,0.49051912393526986
1313,0.48150095626616923
1314,0.45930299126954144
1315,0.6019403303483007
1316,0.4804551058390429
1317,0.39715368033711373
1318,0.5772995734198363
1319,0.6200047826162632
1320,0.5244901927694791
1321,0.6030633547218001
1322,0.5598948863684772
1323,0.6337794089583478
1324,0.48669511004901084
1325,0.48801764383156193
1326,0.33546150200006897
1327,0.5335754526148409
1328,0.6294193265410265
1329,0.5275439953178837
1330,0.33199057885602024
1331,0.44304240060792033
1332,0.5064347370983715
1333,0.4436070223816045
1334,0.4826146784660134
1335,0.4853785979374128
1336,0.6740203047716049
1337,0.5863675883912071
1338,0.5497895277691334
1339,0.5501215961968295
1340,0.636698361456688
1341,0.5022470527758431
1342,0.41959576514950486
1343,0.6058818823916969
1344,0.333671978378294
1345,0.4629693360630845
1346,0.5629816585948734
1347,0.5168930901375678
1348,0.36225647346878287
1349,0.5065562872398138
1350,0.4399114934319126
1351,0.6243114487769387
1352,0.5628713939002027
1353,0.4577690798869879
1354,0.5742204947486
1355,0.6216791511123928
1356,0.5651146480683361
1357,0.5465057348044048
1358,0.663848461768051
1359,0.5324609771808497
1360,0.6247015652311176
1361,0.6571036690321237
1362,0.38388968109285226
1363,0.5434463502571987
1364,0.7504661794235862
1365,0.5531862379149542
1366,0.35651017419216235
1367,0.4064245653603143
1368,0.6336805708997408
1369,0.4310709610649555
1370,0.5097326251481902
1371,0.4471014522475981
1372,0.5329524173101631
1373,0.4929549694030432
1374,0.6692243763747188
1375,0.5286297410873566
1376,0.4196943663940257
1377,0.5692059855085331
1378,0.6050292190263088
1379,0.5321658292226633
1380,0.5870212333455205
1381,0.4784828701725093
1382,0.5308267210381991
1383,0.4166414943300891
1384,0.42812856374377756
1385,0.494450399610992
1386,0.5354734725140085
1387,0.5939015555373786
1388,0.42884733128401453
1389,0.3386502469104882
1390,0.46750621125619674
1391,0.6005586772628583
1392,0.5897196888910134
1393,0.5084502380691619
1394,0.6016847841895112
1395,0.5399596676754979
1396,0.5619539370862421
1397,0.4329055532641093
1398,0.4030209122781458
1399,0.6390601518146817
1400,0.46135573815074277
1401,0.37345622487019237
1402,0.4589858235255554
1403,0.43707153662513026
1404,0.6454172691671014
1405,0.4199239604343732
1406,0.6174758284236772
1407,0.5450108691024043
1408,0.4954022890210944
1409,0.4754818941101985
1410,0.506852175468859
1411,0.5748771420426875
1412,0.5421143940408596
1413,0.4979343842776421
1414,0.5141610451061627
1415,0.4994217415572093
1416,0.5262317746989754
1417,0.45041947742795946
1418,0.6103168877287907
1419,0.513022518034263
1420,0.570624206639047
1421,0.42615377232990587
1422,0.447171919800205
1423,0.5821851108883014
1424,0.5010204474350984
1425,0.5894113260648539
1426,0.6168747025701595
1427,0.5917703197036966
1428,0.3506945939964023
1429,0.4512934574719154
1430,0.41085398519905225
1431,0.5122770149068437
1432,0.47974903117144185
1433,0.6305970396616809
1434,0.5439526057810223
1435,0.46187886419092195
1436,0.4363073571915407
1437,0.47272326420898714
1438,0.5605186634761062
1439,0.3721979729139119
1440,0.4492786052387938
1441,0.3294287714155781
1442,0.5142628710775962
1443,0.5152955993264227
1444,0.8753683957265721
1445,0.44875719133825454
1446,0.4346894208739293
1447,0.4804890409983741
1448,0.5734977716579868
1449,0.3937585496947451
1450,0.433272206511575
1451,0.49076983333419344
1452,0.4609364929786027
1453,0.5352777860524489
1454,0.3950097245200169
1455,0.4075703286371039
1456,0.5137906250209486
1457,0.39671603863849414
1458,0.4848638777312752
1459,0.5697220382267577
1460,0.4031337437550022
1461,0.3590384206761564
1462,0.6205726332710049
1463,0.5062796133157186
1464,0.39946521524394624
1465,0.4779529456841797
1466,0.42722500080634407
1467,0.5479050720942645
1468,0.57049309446573
1469,0.499527935160063
1470,0.5585684931014381
1471,0.36430240987112034
1472,0.4618260189804568
1473,0.5176666952912757
1474,0.4586904989230591
1475,0.517884848673824
1476,0.6732095814051982
1477,0.5693843829201851
1478,0.6056115459738244
1479,0.626271570714854
1480,0.5184741900253576
1481,0.4397511718053534
1482,0.3427334648628152
1483,0.295589104372121
1484,0.6150373864838843
1485,0.46250748696880295
1486,0.5570783736165361
1487,0.6272231404601413
1488,0.3861994998673927
1489,0.3951467925724314
1490,0.6503755382473225
1491,0.42887578055878706
1492,0.4888665174813041
1493,0.4809211027356046
1494,0.559197543429165
1495,0.7077265247252152
1496,0.547025169953134
1497,0.48662726492980796
1498,0.6823686152948774
1499,0.5237643217351285
1500,0.5257021515357144
1501,0.6839062878270039
1502,0.42288902721484567
1503,0.6110350568686255
1504,0.5555057607991742
1505,0.6501867704411113
1506,0.5349547891194091
1507,0.5406760515652743
1508,0.8388174255799448
1509,0.6436977653755382
1510,0.5563899595378423
1511,0.46827630633842954
1512,0.6064918860494714
1513,0.3776229144688667
1514,0.7325814679007727
1515,0.5044955288408701
1516,0.4770846584694511
1517,0.7096580420008791
1518,0.5777294431057366
1519,0.5397661037530159
1520,0.6105888076886539
1521,0.44879837294047165
1522,0.5264299479624687
1523,0.41549511794663013
1524,0.5403971994341703
1525,0.547774156904474
1526,0.3888518587110991
1527,0.4706356437233517
1528,0.6867983868984344
1529,0.5092377732244876
1530,0.299933353741925
1531,0.5205620195320158
1532,0.35038436159919306
1533,0.47845164002281826
1534,0.5290538688765947
1535,0.34718882407208695
1536,0.4791728169884904
1537,0.6770178701283387
1538,0.4668408642766054
1539,0.4861055675399931
1540,0.7413688295293343
1541,0.6234408785869443
1542,0.6832021511947691
1543,0.6248524498501768
1544,0.6075608166302583
1545,0.5038694566996006
1546,0.5812860870743397
1547,0.39491331688659875
1548,0.4798693556403091
1549,0.562008533221698
1550,0.4163335803174533
1551,0.5552387660801181
1552,0.5253022976105444
1553,0.5602321580001226
1554,0.5440112840154221
1555,0.6105280188443418
1556,0.3959602241375765
1557,0.4535940197690947
1558,0.48555225822397463
1559,0.5747793442359317
1560,0.42088767428846785
1561,0.4759609629834094
1562,0.44476795661502
1563,0.7392440835085222
1564,0.4901544177997116
1565,0.4716930906387889
1566,0.37511904365049376
1567,0.5170163210619758
1568,0.3700558889455987
1569,0.5402732661527665
1570,0.4551472872896228
1571,0.4876753880025598
1572,0.43966665682154366
1573,0.47110047140365174
1574,0.5209526915242207
1575,0.38851350221930636
1576,0.5338863197571936
1577,0.47712937075824163
1578,0.4703154455034699
1579,0.5501311056326074
1580,0.2680338749466582
1581,0.5234150478130297
1582,0.48949539961480737
1583,0.4622413102908709
1584,0.6425876881261429
1585,0.45337068560984634
1586,0.6660466855419902
1587,0.5101129178000274
1588,0.5459027186911346
1589,0.5162576154714479
1590,0.5430594999901562
1591,0.5411386746101564
1592,0.5697869764477145
1593,0.458430882379208
1594,0.49681571570241256
1595,0.49016348232641627
1596,0.5048378358714126
1597,0.6108086832986823
1598,0.5211047078922152
1599,0.40605578595943725
1600,0.6213204207099536
1601,0.5069419838105222
1602,0.45533640644653506
1603,0.7415009198994249
1604,0.3719962823398031
1605,0.46710874786113177
1606,0.6014730958748895
1607,0.5619427680084511
1608,0.5432446826846492
1609,0.5418350573322068
1610,0.4758838446656365
1611,0.5188279307983812
1612,0.42067919818927474
1613,0.4441755425448237
1614,0.3917256379004773
1615,0.6454089419275522
1616,0.7429479672951951
1617,0.37549554280505393
1618,0.4696787194735852
1619,0.5676557706753251
1620,0.38319546835625296
1621,0.4995918201252358
1622,0.5228025830014097
1623,0.5389640489874652
1624,0.5477334047584572
1625,0.44965799637354287
1626,0.5480439506813545
1627,0.37747820011166755
1628,0.5870507433627803
1629,0.48534424629730666
1630,0.5561518809699
1631,0.5308004960195412
1632,0.6089189188410082
1633,0.42085679445291124
1634,0.38669492943201256
1635,0.642040581414102
1636,0.5896582159474932
1637,0.4423595418762586
1638,0.3781254522664368
1639,0.5331725849265981
1640,0.5113046428109689
1641,0.5238303752236587
1642,0.37183769537943595
1643,0.525940659099301
1644,0.4989812390440158
1645,0.5759319798340264
1646,0.446692184856227
1647,0.506963102110581
1648,0.4521073686406881
1649,0.5550847033236621
1650,0.6390993853214251
1651,0.49426829589528654
1652,0.3833773240574625
1653,0.5741281887414175
1654,0.43056374794826013
1655,0.4260198619622887
1656,0.4844420170891883
1657,0.4625417585306635
1658,0.5335734896056361
1659,0.5287757252377181
1660,0.6845104469938912
1661,0.5522881328076396
1662,0.35032533935625254
1663,0.3801431945413948
1664,0.5269221559099947
1665,0.49607804908264524
1666,0.5196451833853064
1667,0.5225431035917766
1668,0.30867536451163136
1669,0.4313533988786198
1670,0.427627945772607
1671,0.48325276036735715
1672,0.4297844160734123
1673,0.5212352453887228
1674,0.37908109740188556
1675,0.548432019214152
1676,0.5897177261530586
1677,0.5534559713458295
1678,0.5410079193138557
1679,0.41121270273398863
1680,0.5690267034177836
1681,0.47430182306546365
1682,0.5690654373217383
1683,0.4974321895502427
1684,0.5675849563880029
1685,0.4082928462913948
1686,0.5258689044974675
1687,0.5374344716017306
1688,0.4411723067484139
1689,0.520887434006562
1690,0.4989536186038245
1691,0.4256711976743068
1692,0.3799422751728199
1693,0.5764416016605128
1694,0.5031108225740376
1695,0.524686558529374
1696,0.5197779354486916
1697,0.5791457597045812
1698,0.484045141204197
1699,0.43472771934083293
1700,0.5509877659203679
1701,0.5190905059375278
1702,0.49538347503628266
1703,0.43345565730727076
1704,0.4730442642488859
1705,0.48485554903268374
1706,0.44677251330854584
1707,0.6749957846736265
1708,0.5610189582438517
1709,0.5324057786996914
1710,0.5454974355487754
1711,0.5398022847477776
1712,0.4616820597614072
1713,0.35709409952060267
1714,0.5686010325648145
1715,0.5452140104112757
1716,0.49381862464791054
1717,0.48787627182934235
1718,0.5201459166102687
1719,0.5864339718940101
1720,0.4647719162682388
1721,0.5509814212104889
1722,0.6562996154339787
1723,0.48757637676498017
1724,0.4962764816576757
1725,0.442245105199528
1726,0.5422267154035019
1727,0.4104262488464537
1728,0.33330797439688614
1729,0.4354190525302043
1730,0.5847916818967358
1731,0.554236025614419
1732,0.7064160243185273
1733,0.5436065377665522
1734,0.4520093016981659
1735,0.49897968914183655
1736,0.41886865432652226
1737,0.3864333463841795
1738,0.46994089575771236
1739,0.5019602365069201
1740,0.7993293506692263
1741,0.4435538993633351
1742,0.35872081011276524
1743,0.49112435991768927
1744,0.500098391553578
1745,0.5037478641608059
1746,0.5907220678183063
1747,0.3909071140525581
1748,0.48787336197048886
1749,0.6230277932920643
1750,0.5506909370516849
1751,0.529038597581596
1752,0.6536192650526524
1753,0.4992420455838956
1754,0.5115308760414455
1755,0.5107616213076103
1756,0.38190794540246953
1757,0.46123713857709536
1758,0.6709554674672046
1759,0.5852527559653657
1760,0.5530132374011483
1761,0.5250311355178331
1762,0.46805440637546614
1763,0.6741369435565787
1764,0.5678378472323576
1765,0.477520356017887
1766,0.47551206709752647
1767,0.6286694605158549
1768,0.6152503777015856
1769,0.42857504152496384
1770,0.5675974535880743
1771,0.5626695338849944
1772,0.28779827958658066
1773,0.5014634629502079
1774,0.46972388469117965
1775,0.5290135918704513
1776,0.5186575144517906
1777,0.5244727611713391
1778,0.39702356995936594
1779,0.44794896272886703
1780,0.5544882524594994
1781,0.49274757472644276
1782,0.4732555765902296
1783,0.5754096611857353
1784,0.43847223070928515
1785,0.6326023720350618
1786,0.5294822887238365
1787,0.4836153086197198
1788,0.3953925427476677
1789,0.43032699424230514
1790,0.6318024420984907
1791,0.6225396859659715
1792,0.6581616677900439
1793,0.49673156630901455
1794,0.3319152446728976
1795,0.4071645229739452
1796,0.611051064606064
1797,0.52019342781693
1798,0.4667521669169669
1799,0.31307592972829185
1800,0.5752893715230176
1801,0.38456128706207415
1802,0.4836527656600686
1803,0.6611422018526447
1804,0.4932039319524084
1805,0.4355270117380051
1806,0.4993130016654758
1807,0.4535460760175696
1808,0.46778007796479826
1809,0.7202499277410418
1810,0.42218965231967936
1811,0.3626438165923783
1812,0.3404575936387433
1813,0.40410718072768287
1814,0.593876143038885
1815,0.4404138435259868
1816,0.381609485668286
1817,0.6212354852799625
1818,0.4628129963196955
1819,0.6644506386467365
1820,0.6078764569464651
1821,0.4151471350737103
1822,0.5630467065627339
1823,0.5472696840280482
1824,0.5090890141299123
1825,0.4928472839736395
1826,0.37144833253846476
1827,0.47169765799152175
1828,0.5332573460313355
1829,0.6926169854224296
1830,0.6827506909500308
1831,0.508547846287334
1832,0.5089774194846949
1833,0.5357495085620091
1834,0.3677576495472941
1835,0.4417974475889352
1836,0.6135377257196157
1837,0.611376397641279
1838,0.6528216812026642
1839,0.5909861748818135
1840,0.5766531946379465
1841,0.5915623462352074
1842,0.34284032028926203
1843,0.4864476044578069
1844,0.42160538156011573
1845,0.6849794547098971
1846,0.5828472774068548
1847,0.4301383531793272
1848,0.558331421993649
1849,0.41920358274609576
1850,0.572660757964879
1851,0.39149819526281865
1852,0.5210410093976026
1853,0.549702249016376
1854,0.6050746136736423
1855,0.41650700035640303
1856,0.3776635290139959
1857,0.6119836051727744
1858,0.40465112468941805
1859,0.43078326110369947
1860,0.4757461968722094
1861,0.5887003535390001
1862,0.5352203732871226
1863,0.5411957118887721
1864,0.405282775460265
1865,0.5565585780989325
1866,0.3941060196564228
1867,0.4205094449945354
1868,0.3882514822156559
1869,0.5190591210198462
1870,0.5449359389786053
1871,0.49768933878071214
1872,0.4672584672247571
1873,0.5164239590631001
1874,0.46384571143428305
1875,0.5083279993755021
1876,0.4995967318495875
1877,0.44678675352222624
1878,0.5083133357509799
1879,0.36306798649424754
1880,0.4967025669427057
1881,0.4413715215951785
1882,0.6639764924110215
1883,0.3007614127834788
1884,0.609745258765387
1885,0.40098612600513783
1886,0.4477035200959786
1887,0.5434887448607281
1888,0.5806231574387968
1889,0.5706900545243936
1890,0.5043222484494582
1891,0.4477115041954618
1892,0.4063985994156398
1893,0.4721180256969035
1894,0.4499048041006916
1895,0.3716556081732645
1896,0.5114058996167333
1897,0.6094988090496003
1898,0.56204319770093
1899,0.37154813622622024
1900,0.42183664003863264
1901,0.5222234970848275
1902,0.5706349837984381
1903,0.49105647090335264
1904,0.6324183974726989
1905,0.5727846142714642
1906,0.8142714252434327
1907,0.6466889833562462
1908,0.39890942113405314
1909,0.4386401237865638
1910,0.49963566234064927
1911,0.48363513546724496
1912,0.5332111851991461
1913,0.48266334504085584
1914,0.45648240834076015
1915,0.5800085671463902
1916,0.486096761905153
1917,0.5328523130167483
1918,0.34429966432737064
1919,0.46620656453349846
1920,0.7777933320983994
1921,0.40187809583757234
1922,0.5727650113004801
1923,0.6800976136475274
1924,0.4721858671950748
1925,0.6687267395214461
1926,0.6111583394900537
1927,0.5192600476587349
1928,0.4737012454601437
1929,0.38926270536406193
1930,0.48719717495477455
1931,0.5089354671184217
1932,0.5620783263950143
1933,0.6568169791378137
1934,0.5517776217204967
1935,0.6719533486614431
1936,0.5691787849539944
1937,0.4842172224737566
1938,0.4904879844277737
1939,0.5239566977961734
1940,0.4226910363491738
1941,0.6503069653733331
1942,0.4607137507848401
1943,0.5946625970973773
1944,0.4487986210895894
1945,0.5183561752229429
1946,0.5431118243909525
1947,0.4876159288292105
1948,0.7016223991300214
1949,0.583652691481118
1950,0.5061886805057859
1951,0.6497383799101162
1952,0.46892764178119994
1953,0.3141091502437819
1954,0.541091638761768
1955,0.5789945487941885
1956,0.5298144673511311
1957,0.5330372453971602
1958,0.5448364746917307
1959,0.6405405641981572
1960,0.48386260737729253
1961,0.48580454490853364
1962,0.4313142842308922
1963,0.5442141521555496
1964,0.5142511127182632
1965,0.5758368378724937
1966,0.5595884049223835
1967,0.3921612816485014
1968,0.4255283365661672
1969,0.6407310175456371
1970,0.4453953474941387
1971,0.6508350767934157
1972,0.40269598590751476
1973,0.5245838115429867
1974,0.5602782007945212
1975,0.5828939429054324
1976,0.36103608007988597
1977,0.33238959900047504
1978,0.5302736974448254
1979,0.6502591275211185
1980,0.5159273052994631
1981,0.5388421302725243
1982,0.6654650595041713
1983,0.5773460729427483
1984,0.5390673860381104
1985,0.5472702091176653
1986,0.35522851413158285
1987,0.6116965876066648
1988,0.5484976640684621
1989,0.5288241267387472
1990,0.37845687540591916
1991,0.4887783388726614
1992,0.6096502846416768
1993,0.5523514911610148
1994,0.4756575746833413
1995,0.7183992551677194
1996,0.44652158622828436
1997,0.528341692420601
1998,0.5046710486196028
1999,0.43538513619199487
2000,0.5333756949352699
2001,0.5879970383042747
2002,0.5814421689201384
2003,0.4170065709858553
2004,0.4410857119521505
2005,0.42797233094729814
2006,0.45742967565857806
2007,0.555222088085908
2008,0.3768178196901257
2009,0.5196307264475917
2010,0.4586993032763519
2011,0.3535140905471342
2012,0.478987616457677
2013,0.473930576074163
2014,0.6225208959026124
2015,0.4683422503969789
2016,0.6056690285406371
2017,0.683329889207258
2018,0.44323984641321873
2019,0.4359615160595358
2020,0.6363280355564626
2021,0.5975243783235997
2022,0.4670558798024614
2023,0.4065677023339065
2024,0.623419238340955
2025,0.53755320935578
2026,0.3696301278266745
2027,0.40439474796355485
2028,0.45802142704959675
2029,0.48345911231622185
2030,0.5299544114991105
2031,0.6557017241947826
2032,0.5209724612811668
2033,0.3957526312688793
2034,0.512412358232839
2035,0.54765782885994
2036,0.663822012987909
2037,0.37222344149603676
2038,0.4323621654052867
2039,0.7351643689806201
2040,0.4441245116875844
2041,0.5440580211155743
2042,0.4595570438508291
2043,0.5906490464437457
2044,0.5448973870291175
2045,0.5873231503178681
2046,0.6702449072873762
2047,0.4837103728443823
2048,0.46484889626397663
2049,0.4363645034493144
2050,0.44117034334089344
2051,0.5010232115828545
2052,0.5365873995816358
2053,0.47643029627334277
2054,0.40959943077303756
2055,0.36406057455742746
2056,0.5107616316834254
2057,0.4282018345930959
2058,0.42130555076176823
2059,0.5432518888475818
2060,0.5259702281343912
2061,0.4650022556554384
2062,0.48132151416262114
2063,0.5454214569252347
2064,0.525206410731116
2065,0.5314767405803377
2066,0.4028758901544754
2067,0.5035223992857906
2068,0.5527142407785408
2069,0.44899959689733704
2070,0.5511931053415595
2071,0.5144194056310716
2072,0.49794407875512836
2073,0.42863381303209946
2074,0.5974219611185005
2075,0.47047984816990146
2076,0.53961284893342
2077,0.3478686408965056
2078,0.47285239424503134
2079,0.44030664510577566
2080,0.44911575780534574
2081,0.6205361344389979
2082,0.5665860148662533
2083,0.5395660652901989
2084,0.5221706851073367
2085,0.6471629645161189
2086,0.40379850936145145
2087,0.6141356147173039
2088,0.49829830988205814
2089,0.5064052695687044
2090,0.5109971480181378
2091,0.5001109426312695
2092,0.5620094632738397
2093,0.581793782492027
2094,0.49861243760427143
2095,0.5192063681180712
2096,0.4812793117626229
2097,0.6492990880095095
2098,0.5375275952632865
2099,0.6129525123214548
2100,0.49748916747723654
2101,0.47609718030862797
2102,0.4764545313808401
2103,0.336417892118905
2104,0.6960527366083337
2105,0.37235220550478265
2106,0.5149709849097035
2107,0.4017620207598523
2108,0.42854501952434115
2109,0.5274280871979412
2110,0.44571187169712495
2111,0.39844990015247916
2112,0.4670270517291457
2113,0.38337787872029105
2114,0.584452426835717
2115,0.5847401968901331
2116,0.31559864997419257
2117,0.4829028110336438
2118,0.5777649855193855
2119,0.4008787981450489
2120,0.5266750175552561
2121,0.5590160964330219
2122,0.46269857565442396
2123,0.560061895838168
2124,0.6106296516397086
2125,0.4551862690048086
2126,0.45964814797189985
2127,0.6433363378586372
2128,0.447898832959589
2129,0.49508903895154865
2130,0.40627426763260754
2131,0.4151227018170305
2132,0.6196189623219307
2133,0.3324744756539081
2134,0.4104218278583398
2135,0.5926342900694131
2136,0.6424467481981083
2137,0.4768602694907992
2138,0.413580490779693
2139,0.6219197804622383
2140,0.4286049644851993
2141,0.5846950913528784
2142,0.5591301874370347
2143,0.5593438746674378
2144,0.5530961073087391
2145,0.5432346536404997
2146,0.6391857568885874
2147,0.5540205837586725
2148,0.5632475183299881
2149,0.5021521271519831
2150,0.6102305143095268
2151,0.5395120638616201
2152,0.4945504167623369
2153,0.4720232565949115
2154,0.4179618936902413
2155,0.5905402470225145
2156,0.42305031419853995
2157,0.5416538417029382
2158,0.5312289741708948
2159,0.49127162472430547
2160,0.402356793288414
2161,0.4919317072454458
2162,0.26194786611287
2163,0.5489024357120872
2164,0.6020727865086133
2165,0.5091884030607255
2166,0.4872038012535308
2167,0.4478736424470089
2168,0.6145106498450498
2169,0.5311569883031468
2170,0.5718544895694607
2171,0.48780434913971127
2172,0.5158773167978526
2173,0.44375134657989024
2174,0.7797021471992496
2175,0.5609397553656533
2176,0.8184292461527929
2177,0.4127231779054225
2178,0.6315936214236855
2179,0.5115082600212458
2180,0.5930500504141222
2181,0.343025910096637
2182,0.5919666529319049
2183,0.3663748469584683
2184,0.5954867305001597
2185,0.379102049578301
2186,0.5206648152440113
2187,0.6644948264248334
2188,0.5186609431338742
2189,0.4152153867325367
2190,0.3897931610990178
2191,0.6318654130118875
2192,0.6445558360744938
2193,0.40766316031374106
2194,0.4560708853709198
2195,0.479928867505308
2196,0.37494263344924655
2197,0.33989142150624846
2198,0.5021614677951654
2199,0.47155971273366504
2200,0.6453064919509164
2201,0.3404696123230653
2202,0.5804744017843642
2203,0.4957670919737648
2204,0.5491781164465389
2205,0.5950940322995028
2206,0.5209824946948426
2207,0.5021945058100291
2208,0.45893545824161586
2209,0.5580912941089977
2210,0.5203675904949016
2211,0.4234363060144741
2212,0.3840155285734497
2213,0.7103380399388868
2214,0.44287124721689464
2215,0.5159553111131168
2216,0.5127808561760472
2217,0.42494058434196974
2218,0.3689625927856854
2219,0.42483073611035876
2220,0.46187786566573225
2221,0.5261771822334274
2222,0.5074706994561982
2223,0.5165405202310154
2224,0.6175921734834751
2225,0.5411807059229996
2226,0.3682106771244875
2227,0.4765474844167863
2228,0.6322633940776291
2229,0.5291361120614464
2230,0.648921536265958
2231,0.4023074667188319
2232,0.5442759361925513
2233,0.5695790249828327
2234,0.46107246150560127
2235,0.4502108626188474
2236,0.4717872774941576
2237,0.5942035909722616
2238,0.48823389466482614
2239,0.7599441272644891
2240,0.6174841291773578
2241,0.48390226004138326
2242,0.5249832952241037
2243,0.5344115646640532
2244,0.3069683032402608
2245,0.485804803522623
2246,0.4827646561341913
2247,0.5147333288689079
2248,0.5494760667125367
2249,0.586811327470555
2250,0.3492471518192469
2251,0.41821903314419107
2252,0.49036679825184637
2253,0.5602494632105532
2254,0.5148860507565759
2255,0.5534549681950396
2256,0.5812645269571346
2257,0.47044043322115703
2258,0.501653747899186
2259,0.4250608442365405
2260,0.5151683283498637
2261,0.4539968069255151
2262,0.3704217022688513
2263,0.4603839535740192
2264,0.63328892241388
2265,0.48413580830611447
2266,0.6168459388445295
2267,0.35618652914152404
2268,0.4462376606455327
2269,0.5037127430920525
2270,0.4460565828720732
2271,0.5305383590658421
2272,0.4909539168593202
2273,0.4624020517033029
2274,0.46474648781202443
2275,0.5693922306458271
2276,0.4156010253236616
2277,0.5031758670558053
2278,0.4649881907113446
2279,0.42683400264689814
2280,0.5871748893053484
2281,0.6686487258486056
2282,0.555715441536452
2283,0.5122164354941061
2284,0.38055821488272357
2285,0.48500719874403025
2286,0.6545024553671525
2287,0.3525125307835706
2288,0.41603374159414974
2289,0.6163419910972872
2290,0.39365257758626065
2291,0.5073694579652075
2292,0.4894095378358326
2293,0.35316715741746374
2294,0.5730390637301945
2295,0.40623929266027
2296,0.5111493944893645
2297,0.6179612249394777
2298,0.47297680371166
2299,0.6188666602992717
2300,0.5708552716903788
2301,0.35489965947624974
2302,0.475425039790927
2303,0.5031781705407128
2304,0.5063700177940409
2305,0.4713738140367437
2306,0.6148291159780583
2307,0.6628258479695318
2308,0.49159292433006874
2309,0.4824677791799405
2310,0.44719702354334245
2311,0.5494736896673564
2312,0.4165748895238129
2313,0.60928702269597
2314,0.36770773915284305
2315,0.3944030502639403
2316,0.48913116024281744
2317,0.5151824590333521
2318,0.5031229657323638
2319,0.6319267578929361
2320,0.4635702727096479
2321,0.5146158003914315
2322,0.4711366786037833
2323,0.43227816407312863
2324,0.6360629212048997
2325,0.47184669328740964
2326,0.4549490311372325
2327,0.5968514594730839
2328,0.4323236919930591
2329,0.4625229815273311
2330,0.5168720569457856
2331,0.5222572950881031
2332,0.5541059753421085
2333,0.4453607160638831
2334,0.6601045799062846
2335,0.4064585353171033
2336,0.670592934263301
2337,0.41334904420897356
2338,0.42643335992358605
2339,0.4236188410100166
2340,0.5537653560838507
2341,0.6758370686694317
2342,0.5824536403217867
2343,0.6611948820157136
2344,0.337111039053598
2345,0.4612710722313927
2346,0.5338710531002452
2347,0.4637506721770907
2348,0.4315794690904116
2349,0.4658776265556993
2350,0.44137286579305546
2351,0.7744785524514154
2352,0.4213404067041384
2353,0.45141241658938924
2354,0.4753763825073599
2355,0.5047172117285529
2356,0.5546490795661884
2357,0.5902714043275719
2358,0.4125251739904782
2359,0.6918151954261819
2360,0.33825448208245956
2361,0.5801479604088376
2362,0.5529593963868517
2363,0.6078480183937585
2364,0.5878476764275707
2365,0.4047490799184385
2366,0.4937286114430049
2367,0.6973275282319658
2368,0.5327873788334841
2369,0.5347061651597029
2370,0.5524821313940991
2371,0.5049560888859659
2372,0.6124816256445581
2373,0.5303948753070471
2374,0.47703167909551836
2375,0.3843044789688978
2376,0.6345394311294417
2377,0.5978201235438239
2378,0.4041330806074162
2379,0.6327844813132282
2380,0.4992099382162459
2381,0.5296325963970634
2382,0.5072744714222307
2383,0.6506016808273689
2384,0.4242701416713479
2385,0.5840535486783727
2386,0.623036332384556
2387,0.42547120024352786
2388,0.6047572616245892
2389,0.5226241197807253
2390,0.5778336002482642
2391,0.6480086554562796
2392,0.5813152554735518
2393,0.5501910674247622
2394,0.48532879740485696
2395,0.49851262599031565
2396,0.5237938534593181
2397,0.5411971215826501
2398,0.4379450847330521
2399,0.5850683954809618
2400,0.36731455630199084
2401,0.5713882496633037
2402,0.3827108989049682
2403,0.47702820546239355
2404,0.5281981818436058
2405,0.5346584530434155
2406,0.47735516150366747
2407,0.4394322043360653
2408,0.701350343983843
2409,0.41613721303972934
2410,0.412804310603021
2411,0.5129590802014511
2412,0.279536596619242
2413,0.5770431312391197
2414,0.5592275572686818
2415,0.3811801942242341
2416,0.4308855916312206
2417,0.36582202868062846
2418,0.6053519795212643
2419,0.37628094134521906
2420,0.5937994835096146
2421,0.4745201053099266
2422,0.52777374271693
2423,0.6094303902849979
2424,0.5215079582567982
2425,0.5497597176330752
2426,0.4465133359621689
2427,0.4472572420716375
2428,0.4680652457939236
2429,0.5546782808574573
2430,0.4299686312708657
2431,0.4742959722492263
2432,0.4859006206543236
2433,0.6302278741121745
2434,0.45737816803820397
2435,0.5083500170515478
2436,0.5588922681391874
2437,0.42627974729275653
2438,0.48165507236086635
2439,0.37298805543274904
2440,0.6077328510102508
2441,0.44957173865073785
2442,0.5334446932552346
2443,0.5347981193068709
2444,0.6477999083550541
2445,0.5470183908609503
2446,0.4954075290321785
2447,0.44803183366080135
2448,0.5677705422781132
2449,0.4775603239244894
2450,0.411920544002035
2451,0.4588424493965887
2452,0.44494503239036554
2453,0.4672457919144628
2454,0.5512084782736191
2455,0.4943586492842696
2456,0.49482484572192703
2457,0.5407921861870861
2458,0.37302019025990163
2459,0.5792419498563681
2460,0.47174637747706183
2461,0.5653946963368002
2462,0.5395659107972348
2463,0.3937125732368759
2464,0.4333648431953072
2465,0.4721976750630764
2466,0.7294813106658589
2467,0.3485209008163124
2468,0.48155817676176477
2469,0.5685961458191108
2470,0.4622210660593309
2471,0.5588843862476576
2472,0.39209309131097125
2473,0.43259147048019087
2474,0.6320838864019168
2475,0.5377116207944974
2476,0.530075662042566
2477,0.46152043972320866
2478,0.50713003829124
2479,0.5012714523731576
2480,0.45339655374096277
2481,0.5241254230809871
2482,0.6324132230663498
2483,0.46644485977622163
2484,0.3325806008631751
2485,0.4462516176973347
2486,0.521093986300924
2487,0.3711671298396947
2488,0.48046755841397787
2489,0.5646391356851316
2490,0.3156142801799028
2491,0.512772501639906
2492,0.5254044850966705
2493,0.6657149157750583
2494,0.5203991093169456
2495,0.449208591709463
2496,0.5839431495181067
2497,0.513137197202381
2498,0.539392854076594
2499,0.44393032983358394
2500,0.6327803307238574
2501,0.42365249747362993
2502,0.8415207633461178
2503,0.4607001764338559
2504,0.7297114402112469
2505,0.5153565624344121
2506,0.6005290826916034
2507,0.5618860369647597
2508,0.42363401934813644
2509,0.31308711219776353
2510,0.6306168262416594
2511,0.5657719086646144
2512,0.27814253598770033
2513,0.5383971091791119
2514,0.6840205909257688
2515,0.41089514584010833
2516,0.44544459499829686
2517,0.5594778507911896
2518,0.6294919250688499
2519,0.5962703883751095
2520,0.6659456928435914
2521,0.6848253983093733
2522,0.5287754529646274
2523,0.34948879123546517
2524,0.42713872653778884
2525,0.5474732866678882
2526,0.48868779854240835
2527,0.4900803021270192
2528,0.5777104354476806
2529,0.6231252847369283
2530,0.46195893612118155
2531,0.45010509550454214
2532,0.6562978232884473
2533,0.34888525552541594
2534,0.5919637047243913
2535,0.6062634490499772
2536,0.4862432559673231
2537,0.6321122871065831
2538,0.6311183446374784
2539,0.31326026054463807
2540,0.6124173005338529
2541,0.49845534532348973
2542,0.45796614580483047
2543,0.49110604741696107
2544,0.556161463503045
2545,0.42271109294781384
2546,0.4937097992060328
2547,0.4675637675278293
2548,0.5385098482864211
2549,0.4445667491125257
2550,0.5395185746747443
2551,0.48370084073857034
2552,0.6245801224279044
2553,0.622885513261644
2554,0.587200430981196
2555,0.4747763932399309
2556,0.4359779520484609
2557,0.5363573095916939
2558,0.4553686488058056
2559,0.6159596830269588
2560,0.6003822734350115
2561,0.6007006360815212
2562,0.5532273996119836
2563,0.4870866235484362
2564,0.46076705620919284
2565,0.3898496626747051
2566,0.5359391022813701
2567,0.47179482067779277
2568,0.39768199534791226
2569,0.5447110839755465
2570,0.4718472356388268
2571,0.5262026865578298
2572,0.4730853795940729
2573,0.5910745580108984
2574,0.3116240522301599
2575,0.5401621833934411
2576,0.5406744993639979
2577,0.6951286381151689
2578,0.4874795138976207
2579,0.6014180983891085
2580,0.3977646399487601
2581,0.46343489791536335
2582,0.6093930436897486
2583,0.4490601722107117
2584,0.5112609296103113
2585,0.4321175241161756
2586,0.5563563307674306
2587,0.4578364525971683
2588,0.34963257857160274
2589,0.6148532544081656
2590,0.4984617233091314
2591,0.5269886571794185
2592,0.5340139565359642
2593,0.8024451774114421
2594,0.4450058065123458
2595,0.4850412569065765
2596,0.5462599104299217
2597,0.5191321941736358
2598,0.6373587599203187
2599,0.2616228199335824
2600,0.5625597302724206
2601,0.5229413094836508
2602,0.45663887022282973
2603,0.3976781460095089
2604,0.5487983305704598
2605,0.50391636127561
2606,0.6097199631665131
2607,0.46138447099435215
2608,0.5924228386736637
2609,0.6229700564367098
2610,0.5789067344441768
2611,0.6407304157440722
2612,0.5557709069098951
2613,0.4951668295579355
2614,0.5559979390734933
2615,0.5305610075865492
2616,0.6093755486217672
2617,0.5826929142955374
2618,0.4051399048758736
2619,0.45794458528674387
2620,0.396148137423788
2621,0.5147949561574859
2622,0.4903634484121309
2623,0.7986689966777871
2624,0.5583648616877893
2625,0.4086576516211021
2626,0.5388080156532744
2627,0.5270820322697123
2628,0.5084413106547595
2629,0.4240261477245824
2630,0.47833780110357793
2631,0.6703113739262225
2632,0.46252334069731393
2633,0.5841177627406055
2634,0.29355495811367893
2635,0.662023497553459
2636,0.5099048721687205
2637,0.43716484121995464
2638,0.4877678575280281
2639,0.43325986808005085
2640,0.4224115152971658
2641,0.6440677838475539
2642,0.4691035011309504
2643,0.6506195613164991
2644,0.45147199683632006
2645,0.651071908174468
2646,0.5337407358319409
2647,0.6696931669319943
2648,0.39603480848770434
2649,0.5713245557536919
2650,0.4798979393839417
2651,0.32044993874672245
2652,0.40108046104522355
2653,0.5341658518525901
2654,0.5065049516258086
2655,0.4754872505374301
2656,0.5238286609896661
2657,0.41600622664094483
2658,0.5438466772569006
2659,0.45108370536260184
2660,0.505791953209978
2661,0.34489289163667486
2662,0.44747074842133894
2663,0.32304899074040405
2664,0.505748210766963
2665,0.6130448606556949
2666,0.6017265663077368
2667,0.490412924131628
2668,0.5245931103440742
2669,0.48502802701629905
2670,0.5823476966809431
2671,0.5270608817369488
2672,0.4898441798451628
2673,0.583620963149621
2674,0.4248291518140492
2675,0.43019680141332
2676,0.46647912320242235
2677,0.4503756934201064
2678,0.5439017848783132
2679,0.5546885580453839
2680,0.45906290464376037
2681,0.42310960566199945
2682,0.5344763665123382
2683,0.3683337693482951
2684,0.527595445107456
2685,0.5386531893769698
2686,0.5269831635918396
2687,0.5814901240030577
2688,0.6213807427290268
2689,0.5977608489089129
2690,0.5873828453294492
2691,0.5688304051936176
2692,0.5896045001276464
2693,0.5327464531938999
2694,0.35649717522157454
2695,0.6769140949980541
2696,0.4649728343115017
2697,0.6050662488588152
2698,0.4500028913378822
2699,0.4063233332390442
2700,0.4043959096607374
2701,0.39956548766916183
2702,0.6067449292263853
2703,0.5995211876368756
2704,0.5302175336485951
2705,0.38815621374727627
2706,0.4543503191215958
2707,0.6973780921435726
2708,0.45379384040119625
2709,0.6637662783344782
2710,0.8139499478072574
2711,0.7282238357863335
2712,0.48572221810877747
2713,0.39370659966063426
2714,0.48109658110548237
2715,0.5504999693971722
2716,0.47187563220868967
2717,0.4365260121667911
2718,0.5474336351827508
2719,0.43365217854730076
2720,0.7211214981730147
2721,0.493475683420738
2722,0.4584524891834173
2723,0.6682105480488193
2724,0.5428619925223103
2725,0.47134688910427264
2726,0.5660433316807022
2727,0.42470816323264377
2728,0.5358315033194125
2729,0.7295153465827211
2730,0.4300525805316849
2731,0.6688433413066416
2732,0.45349939176918874
2733,0.49999633997192816
2734,0.5249513750941036
2735,0.5114981219177334
2736,0.4738983082502868
2737,0.44072735402854235
2738,0.46800942331299017
2739,0.5028494778116204
2740,0.40138761734456685
2741,0.3791506454661241
2742,0.41312689593451235
2743,0.3908240600840381
2744,0.5530582620095449
2745,0.5302715729977007
2746,0.6758539543748908
2747,0.5574437558377067
2748,0.49792117498223426
2749,0.4867751979552348
2750,0.5013503403401077
2751,0.39450456842601206
2752,0.6160053144531319
2753,0.6980574339851859
2754,0.5499225717102251
2755,0.5295843894903896
2756,0.5527473582497918
2757,0.6380872611582795
2758,0.47768636926701324
2759,0.4417775256725358
2760,0.48930731307793146
2761,0.43947018919739006
2762,0.5219434863488794
2763,0.6952218752536605
2764,0.4682857837729089
2765,0.5128061450301045
2766,0.5333659850630343
2767,0.38716420688621556
2768,0.48174595018858835
2769,0.48644228926012795
2770,0.4489799587917848
2771,0.4874957382281805
2772,0.5098521233611694
2773,0.520345990385834
2774,0.4823401673990241
2775,0.37791385041581804
2776,0.4818932024816252
2777,0.5050529070430849
2778,0.4617086292582296
2779,0.559604137214025
2780,0.47828402764061206
2781,0.5647603817014661
2782,0.5523640544855035
2783,0.5128971063299538
2784,0.41656208892875535
2785,0.4334380142370471
2786,0.5789637611377867
2787,0.5761424832248552
2788,0.2893702895318587
2789,0.5495950856242264
2790,0.462042870384665
2791,0.48857528898942393
2792,0.5026145814109089
2793,0.4219826104752022
2794,0.7240574218498527
2795,0.4817122572011266
2796,0.528709603190961
2797,0.448989492581742
2798,0.5815822753846418
2799,0.40456999394261084
2800,0.4659222670431734
2801,0.7177199085221824
2802,0.37647427034517644
2803,0.5750913025385642
2804,0.5138547316491818
2805,0.4602433517074416
2806,0.6571376732699536
2807,0.4274353384035793
2808,0.5682237589650762
2809,0.4344725918759687
2810,0.48878365483822583
2811,0.5232829834223847
2812,0.5249817080177495
2813,0.5292806102425014
2814,0.44504323861664
2815,0.47607831005121864
2816,0.7678735065537089
2817,0.6314047536736966
2818,0.6560036158633105
2819,0.6218013453863322
2820,0.5173088980336418
2821,0.46932090331903453
2822,0.6626720125653769
2823,0.5414190964694077
2824,0.3941021248521177
2825,0.5853540747504329
2826,0.4723639015534282
2827,0.5326265815800929
2828,0.3473694032763243
2829,0.39450442817926956
2830,0.5803111793683874
2831,0.41593134534076104
2832,0.39829273071179816
2833,0.5256268426639089
2834,0.4689479934352652
2835,0.5253071425209899
2836,0.45081568788870935
2837,0.5585413848065475
2838,0.4782460214067008
2839,0.3359832973506893
2840,0.4471552555813292
2841,0.40566777964026124
2842,0.4922709048979572
2843,0.46182376398572766
2844,0.49377321125321805
2845,0.4564080792485634
2846,0.5073614029029837
2847,0.5220761474631298
2848,0.497368568433718
2849,0.48874506520785543
2850,0.512244408748928
2851,0.495516714715834
2852,0.8312835298801118
2853,0.43026721437966475
2854,0.579883279012968
2855,0.5411973337623882
2856,0.6814911580169294
2857,0.4317295448883066
2858,0.7011087793092841
2859,0.5053728576818055
2860,0.7828494496751697
2861,0.5656160011711944
2862,0.39551225324217576
2863,0.4567457447357498
2864,0.6495604079141253
2865,0.44801878615440277
2866,0.4790882174586102
2867,0.5204259403781187
2868,0.5148067167442699
2869,0.4552804773857558
2870,0.4858078707350605
2871,0.656977060454041
2872,0.4541365371926639
2873,0.4974604736604519
2874,0.4560641479712507
2875,0.5612985602099252
2876,0.5430748780702555
2877,0.4794010059054631
2878,0.5420253632047887
2879,0.44217082591448803
2880,0.3759797402255489
2881,0.42763003278520617
2882,0.4769472981188739
2883,0.6753295171912975
2884,0.45662409739881243
2885,0.4338299091953531
2886,0.5999798977151521
2887,0.41808207012537707
2888,0.45994080670767734
2889,0.4380004404799013
2890,0.3633856106905142
2891,0.5212539012438148
2892,0.4909131572969801
2893,0.39943863864188656
2894,0.5069616650847734
2895,0.48402466415203443
2896,0.448852282667474
2897,0.536368961420975
2898,0.47820198544516723
2899,0.67013318712633
2900,0.5354189721842717
2901,0.37740509911616155
2902,0.4510100276303125
2903,0.5013943038236052
2904,0.5340001990967771
2905,0.3967193914639411
2906,0.4869090911109154
2907,0.4483350606287493
2908,0.4404260331281875
2909,0.4690348665822106
2910,0.494168864805142
2911,0.42949071759860624
2912,0.7005139364712866
2913,0.5784975573315195
2914,0.37230246295798464
2915,0.4905722779718345
2916,0.39048710844341544
2917,0.6217660319874232
2918,0.7063831396139575
2919,0.46216267424559637
2920,0.4100396282793015
2921,0.48716657734960805
2922,0.5481342471370689
2923,0.4571165383953808
2924,0.7135137623817323
2925,0.5511237862894737
2926,0.6527924699006249
2927,0.45820571238485297
2928,0.4027794173633208
2929,0.4379850745275092
2930,0.5408802365964607
2931,0.3616949390251408
2932,0.6666485777586891
2933,0.5461358484698462
2934,0.6433882524658534
2935,0.4834434802604329
2936,0.3755639282108111
2937,0.6373023530791762
2938,0.4027982127432098
2939,0.4324920836522065
2940,0.6180961051735681
2941,0.6431572672456315
2942,0.5364508727421474
2943,0.390423217524934
2944,0.47218872007789425
2945,0.6059610018005218
2946,0.3967153029281951
2947,0.5906088385215457
2948,0.4073237913692796
2949,0.4672928166970312
2950,0.4438830515574277
2951,0.4158228933501642
2952,0.43094296427031187
2953,0.5961709871361361
2954,0.5349741009483218
2955,0.427755704767031
2956,0.4612090148579102
2957,0.6263602665602505
2958,0.6546951451501715
2959,0.41379600664721294
2960,0.3925231116319963
2961,0.45915632314832894
2962,0.5102893022723979
2963,0.4756199188789041
2964,0.43252366867787584
2965,0.6258333659725936
2966,0.5510863226248564
2967,0.45923779076612514
2968,0.7734770004947358
2969,0.7566388961177188
2970,0.5427455604994579
2971,0.5583720538854342
2972,0.41246567194427974
2973,0.6221665264108414
2974,0.532128010507801
2975,0.4336477086512177
2976,0.63649886936783
2977,0.4372698055620224
2978,0.6683456743632544
2979,0.48691735722015395
2980,0.5055164110982191
2981,0.5254043867890472
2982,0.5373813594253688
2983,0.48546435549691724
2984,0.44836986704186726
2985,0.4545134522854967
2986,0.588422058134584
2987,0.4384860155325858
2988,0.7829334675591396
2989,0.4522171217735179
2990,0.4609212275948279
2991,0.5152266449739186
2992,0.4793549972527682
2993,0.538194337872952
2994,0.5584422859336681
2995,0.46240195096354536
2996,0.4525796235678857
2997,0.5165788172061513
2998,0.5433454542017129
2999,0.4486894894938938
3000,0.6068233835057474
3001,0.5885985838504643
3002,0.4174830092275407
3003,0.5630198337052946
3004,0.5565574834371794
3005,0.4348406559005965
3006,0.4787603825193654
3007,0.5775729750762311
3008,0.46275969811732914
3009,0.5401565895484085
3010,0.5076405441503464
3011,0.388137795312972
3012,0.6068653071496736
3013,0.4638639604636209
3014,0.5401238339614115
3015,0.765886680093772
3016,0.6013785429542526
3017,0.4944928232634375
3018,0.5573076713495411
3019,0.5045536205209757
3020,0.4449929607779381
3021,0.5169406854187524
3022,0.527727632333983
3023,0.3145035580501994
3024,0.5778016082771336
3025,0.419117175007963
3026,0.5963320334189187
3027,0.5591696210353609
3028,0.5437428197919667
3029,0.521711305705534
3030,0.5038455455599566
3031,0.6629349202425228
3032,0.41546491231638827
3033,0.47606050673106204
3034,0.7019521442981512
3035,0.42941988048379026
3036,0.40259744807397846
3037,0.50595765945709
3038,0.5781385190215403
3039,0.4391979732708205
3040,0.5905428699229913
3041,0.4758814831335244
3042,0.5524987626938698
3043,0.5914830135380164
3044,0.5264225827544757
3045,0.513683666789454
3046,0.39794584013151624
3047,0.5875246386820228
3048,0.4299773324041669
3049,0.5975569269571012
3050,0.5875280823936808
3051,0.40929276713049967
3052,0.4680770084497758
3053,0.5568196502619095
3054,0.3750529129287452
3055,0.3982282183416585
3056,0.4286412325479015
3057,0.495698297348254
3058,0.7118190631201633
3059,0.43227409979294934
3060,0.44707254274506963
3061,0.5413651370923722
3062,0.3158232400379154
3063,0.5080453362819638
3064,0.5232121943075033
3065,0.5608701772326448
3066,0.5935191373565043
3067,0.44527309978330654
3068,0.44926514662190337
3069,0.4663823868674061
3070,0.5517116136660447
3071,0.5179483304909013
3072,0.45688052916069916
3073,0.5456386714589946
3074,0.6724049617410508
3075,0.721748182893301
3076,0.48232291938092164
3077,0.5405571755699656
3078,0.4106572797743157
3079,0.5481113098111473
3080,0.49929671381183666
3081,0.5472581737012103
3082,0.43141667643608855
3083,0.5054701922472151
3084,0.6395011366563248
3085,0.7170141992810674
3086,0.5150675422417605
3087,0.5749590987831094
3088,0.7407876362671064
3089,0.5906006301069535
3090,0.5625420234977304
3091,0.3719414813676608
3092,0.5284933326766708
3093,0.6867997615507859
3094,0.38870227652617495
3095,0.5487187058719812
3096,0.49157068742235266
3097,0.5312764346951953
3098,0.5653879851444651
3099,0.4281868955677473
3100,0.6329439908787098
3101,0.45946220722415343
3102,0.3499600570289065
3103,0.5899104561033045
3104,0.48123298562192435
3105,0.7379697538471358
3106,0.5044219428707654
3107,0.6303326125933857
3108,0.6246490962616935
3109,0.47415263681648717
3110,0.5741981712721798
3111,0.5493467126580649
3112,0.4168022170630266
3113,0.4658574647498304
3114,0.5961559668361793
3115,0.38316011495171
3116,0.3790272267405662
3117,0.570126682334817
3118,0.42043281672887023
3119,0.512352716977829
3120,0.7514291972489276
3121,0.527393487649303
3122,0.5726113930716694
3123,0.49466025487844395
3124,0.6424569735105041
3125,0.6149359299070503
3126,0.41466916605517495
3127,0.4729359690979143
3128,0.4811632510142263
3129,0.37906132051411523
3130,0.5141565203706453
3131,0.5328123984277345
3132,0.29118272262241046
3133,0.6649595728918997
3134,0.635010943110889
3135,0.4180825819311226
3136,0.4786582838772843
3137,0.5329932813489665
3138,0.7095474914120812
3139,0.6878177318180071
3140,0.47214118006170486
3141,0.47912021938823857
3142,0.6804278763252807
3143,0.406842433848501
3144,0.5846995579350771
3145,0.5238312367233564
3146,0.5212545697894311
3147,0.759625791088552
3148,0.43895375187704944
3149,0.4059287199758819
3150,0.5542064836676677
3151,0.49972986660493807
3152,0.4888131661788531
3153,0.5365035692256002
3154,0.5942240759045735
3155,0.3739945612215816
3156,0.4772780817181797
3157,0.5618674529317835
3158,0.604935697691781
3159,0.4716486551546636
3160,0.5916644566062017
3161,0.4766940449915321
3162,0.5659122145884495
3163,0.5655391659261901
3164,0.41374733455171797
3165,0.5305576815635141
3166,0.511865473789919
3167,0.5645572207912366
3168,0.6526804278576588
3169,0.7737296841521453
3170,0.4331721837231219
3171,0.45107398823086897
3172,0.4436167785608004
3173,0.41479335254552463
3174,0.43431722036296794
3175,0.49508344616915484
3176,0.6088693762091733
3177,0.4554307485415494
3178,0.464705141904017
3179,0.5470740371151235
3180,0.40102720986261386
3181,0.4850531321306231
3182,0.4623373226527294
3183,0.56707101626284
3184,0.5733455151829934
3185,0.3732759204606133
3186,0.5063637128607554
3187,0.4602745552003893
3188,0.5869036797831656
3189,0.4978287114681173
3190,0.7054884752595714
3191,0.5124705623779706
3192,0.6529421363734252
3193,0.5277801337678703
3194,0.4091636332016799
3195,0.6137000882664396
3196,0.4229495621473833
3197,0.6476602554658187
3198,0.3040318946024626
3199,0.555770930042371
3200,0.513459462069502
3201,0.41354407238177204
3202,0.5695596577163257
3203,0.5138316131736612
3204,0.6049755938953147
3205,0.6064784902772775
3206,0.5186244215788182
3207,0.6540034501819292
3208,0.7533979451236932
3209,0.45226922836605876
3210,0.47657219973908677
3211,0.46287064771763164
3212,0.5649218330354605
3213,0.4751177863278515
3214,0.37715603121822683
3215,0.3778194475110028
3216,0.4955756020874516
3217,0.6378152806393923
3218,0.4943647744938338
3219,0.484118833540471
3220,0.5946902068488079
3221,0.39728325817548926
3222,0.545467446892034
3223,0.4862905956941849
3224,0.4711365816706631
3225,0.528040503021316
3226,0.5889235522202377
3227,0.5644963297239215
3228,0.42916952720398605
3229,0.42600460913256377
3230,0.7625244850150428
3231,0.5178355508991234
3232,0.44959085227171425
3233,0.476246583974346
3234,0.5403203238607255
3235,0.6158867014179151
3236,0.5089326625429332
3237,0.500295068052295
3238,0.48453875808897917
3239,0.6979077817528483
3240,0.4729091932153883
3241,0.622155488177471
3242,0.5323690617196062
3243,0.3643097666599218
3244,0.4048328155877281
3245,0.5290808633240722
3246,0.5109217856640877
3247,0.6334919451277558
3248,0.4920842165024894
3249,0.5250274386966175
3250,0.4684112237688136
3251,0.6389979177314197
3252,0.36537495841581324
3253,0.5610735375156237
3254,0.6666493239510514
3255,0.5300492795748666
3256,0.7179717609152917
3257,0.4506272350357559
3258,0.47520418965383776
3259,0.3925975340561571
3260,0.5514908458186112
3261,0.5447734957452962
3262,0.540365410954799
3263,0.37882795072049424
3264,0.6810168478938954
3265,0.37164450820856565
3266,0.522451757161168
3267,0.4750590902730903
3268,0.5005460088866868
3269,0.5647258190983586
3270,0.571724598466237
3271,0.6003462716561653
3272,0.4983342500820748
3273,0.46894164063202537
3274,0.615266420631648
3275,0.5553323281586207
3276,0.6717985282234714
3277,0.6988489574478336
3278,0.3745186578749533
3279,0.5839912154800461
3280,0.4545698304337269
3281,0.4941839743874952
3282,0.49211839827118053
3283,0.5676899075455986
3284,0.48173803144510674
3285,0.5801637293547882
3286,0.5776220296658174
3287,0.5969528230948764
3288,0.5647199661543572
3289,0.5559012790524436
3290,0.5278558094660718
3291,0.5504985455687643
3292,0.48544107773787315
3293,0.34281716976919174
3294,0.45533659250012015
3295,0.4165098712609404
3296,0.3849563638772727
3297,0.4933819010144669
3298,0.610722800880265
3299,0.6894235012526504
3300,0.4105830226546473
3301,0.4366915488241908
3302,0.47104885713829037
3303,0.47684641574802444
3304,0.3831710620519606
3305,0.5870980676186537
3306,0.6808619727986219
3307,0.4568897018184848
3308,0.44598638682094194
3309,0.4329650293136201
3310,0.4320171767340802
3311,0.568392250166414
3312,0.5266363396894936
3313,0.5177679559921944
3314,0.7254361291264464
3315,0.47569172600687537
3316,0.38948632103192277
3317,0.5701043948032646
3318,0.6198976333269633
3319,0.649082388834439
3320,0.6057954874129358
3321,0.5061220954785887
3322,0.3874540838785143
3323,0.5507324244290696
3324,0.45161580613872976
3325,0.5477959617891547
3326,0.4953116763278375
3327,0.516615725876436
3328,0.6046653341390955
3329,0.5421416288519358
3330,0.4915141014254965
3331,0.5222350537582573
3332,0.6215391975536372
3333,0.31061803021419276
3334,0.5715484477931322
3335,0.5789658657506215
3336,0.5202086957525671
3337,0.5798334991844912
3338,0.4898891248355496
3339,0.47107352058786645
3340,0.4957376455882335
3341,0.6551601045364456
3342,0.4060534277474747
3343,0.3765498466728495
3344,0.5459021744886423
3345,0.5438287852920092
3346,0.3799896923820353
3347,0.576979610502107
3348,0.573309872919884
3349,0.6224207483907395
3350,0.3916208081500039
3351,0.5429874109586624
3352,0.5556769771843373
3353,0.557803121547497
3354,0.7543790648840356
3355,0.39398295745520406
3356,0.516857219803896
3357,0.5216316446475122
3358,0.4673347073310273
3359,0.45448580807613526
3360,0.558380804886608
3361,0.572999369561234
3362,0.3697988664429974
3363,0.5353316291156646
3364,0.5141742926379234
3365,0.37758734568598057
3366,0.3112117398776224
3367,0.47569597376779565
3368,0.5324060154304157
3369,0.33320454579447367
3370,0.610128281112549
3371,0.43086991146303655
3372,0.4874220669096557
3373,0.47221928139531805
3374,0.5125368702973737
3375,0.5694455987471534
3376,0.33198316448712106
3377,0.3945533933489928
3378,0.4816202813792106
3379,0.4969527647549878
3380,0.5694834307008663
3381,0.6559397740056205
3382,0.4215421785041504
3383,0.47892696830270187
3384,0.5994101672503622
3385,0.4827457629625169
3386,0.5566827720303728
3387,0.6345737018060442
3388,0.586956961248486
3389,0.44986870044233934
3390,0.5770370561229919
3391,0.5351707715391986
3392,0.6304504430271702
3393,0.46563469099725774
3394,0.5605326236102648
3395,0.4192996363184749
3396,0.5251132496099697
3397,0.4932057515904228
3398,0.4257743152790105
3399,0.43819783555111635
3400,0.5465183848532154
3401,0.697306931839504
3402,0.34823084311512326
3403,0.4799813990366328
3404,0.49848238935430744
3405,0.4109555191419221
3406,0.6762607772962859
3407,0.4423354085073411
3408,0.4041100303661188
3409,0.5260191822700947
3410,0.7297469679929875
3411,0.5730118635954718
3412,0.4046438934480418
3413,0.38345985119289344
3414,0.6242586478496431
3415,0.35311867673629715
3416,0.6751106415591207
3417,0.46436643969041674
3418,0.4582211108203111
3419,0.613441657367418
3420,0.43615095999808273
3421,0.5458541442997568
3422,0.3908591651768774
3423,0.6351152728935244
3424,0.4766546333424224
3425,0.5128469385525828
3426,0.48078452751113954
3427,0.5683451973203448
3428,0.47778185294680015
3429,0.7444309941019525
3430,0.4515396049831412
3431,0.4687947617514476
3432,0.40243223177125265
3433,0.3276137344412192
3434,0.576389564684643
3435,0.724942090522628
3436,0.4698671017203725
3437,0.5508519037356138
3438,0.39865238443107576
3439,0.45782470862701297
3440,0.5063770023262294
3441,0.40808757206743773
3442,0.4493261755962974
3443,0.5065070195714412
3444,0.5766312121593405
3445,0.518931239450268
3446,0.6371642463213818
3447,0.5298757678592314
3448,0.5397648162309503
3449,0.561685137117095
3450,0.4164218504327084
3451,0.38439713969563954
3452,0.4202424148502601
3453,0.45858327413965805
3454,0.502021978138113
3455,0.4966732488321297
3456,0.5895528724392197
3457,0.5020223158453322
3458,0.469741030124985
3459,0.4126772199899169
3460,0.6759892537362326
3461,0.5157435051238164
3462,0.4227108576673537
3463,0.754207350611659
3464,0.4917783451323567
3465,0.5243366305427792
3466,0.7704679024498671
3467,0.5919551721873363
3468,0.61789241321744
3469,0.44438906826234226
3470,0.5910141062131142
3471,0.5049774181757757
3472,0.5173054323790477
3473,0.5397339693880873
3474,0.42600396343361446
3475,0.5276441269221939
3476,0.5130789351869718
3477,0.544563576604133
3478,0.5642132417448834
3479,0.7005530284132497
3480,0.6203027296843846
3481,0.5149404780582921
3482,0.4893254953008818
3483,0.7096598538619218
3484,0.41997661200270753
3485,0.7155024834202869
3486,0.47126446164560376
3487,0.7537825373063509
3488,0.5831713061350811
3489,0.6110704202016137
3490,0.38674931637834886
3491,0.5909465464509787
3492,0.3981562354375094
3493,0.3497149008679403
3494,0.6561358672266122
3495,0.7677917065926767
3496,0.4990520955013181
3497,0.5475914388485701
3498,0.6320711421837883
3499,0.5090927654913633
3500,0.6486666373497401
3501,0.5245003319193063
3502,0.5763837084184359
3503,0.36147607965195566
3504,0.4025727800105902
3505,0.5750078853472652
3506,0.6352444947426623
3507,0.47426903080235255
3508,0.6132050504749734
3509,0.7002663677635852
3510,0.5183459634689894
3511,0.34834893135968653
3512,0.501786407529038
3513,0.45463581154705074
3514,0.5900763279312782
3515,0.48148155557506783
3516,0.36920783844440663
3517,0.3285480092826689
3518,0.4779198459402722
3519,0.31703744133805567
3520,0.44468195781379977
3521,0.5276051989036508
3522,0.40899909594159356
3523,0.4338144410113163
3524,0.45259030465797634
3525,0.49949136224813284
3526,0.565145754220858
3527,0.4470019462544962
3528,0.6216805827400522
3529,0.5186240465808732
3530,0.51479461422167
3531,0.6655740227024838
3532,0.6020755740450208
3533,0.4252969231915977
3534,0.4230873561835625
3535,0.48878569714775333
3536,0.44159377564282115
3537,0.44542677741602166
3538,0.6989937797801491
3539,0.5800955922531251
3540,0.444196313582165
3541,0.49382030048271464
3542,0.4904774344949122
3543,0.6184051630875743
3544,0.48488647999186735
3545,0.6715259453275434
3546,0.8499110398766143
3547,0.40287045099093083
3548,0.5629727909884727
3549,0.6597651423722244
3550,0.5551037431724755
3551,0.41267343706577075
3552,0.7278111494574644
3553,0.48454296586741075
3554,0.5870568533305873
3555,0.6081167163572302
3556,0.48215274461647584
3557,0.429590197239075
3558,0.4395920100073336
3559,0.42956923823987625
3560,0.6906542171679109
3561,0.48314626225808194
3562,0.4726199040120024
3563,0.6939814201514962
3564,0.4981589061217631
3565,0.49041006612776533
3566,0.5921016062404598
3567,0.7251629069802932
3568,0.6258849250798729
3569,0.5511681306435856
3570,0.43748210929228964
3571,0.48840491800379704
3572,0.416584164575707
3573,0.4004823914994338
3574,0.44450597697224764
3575,0.5542714645804246
3576,0.5207397034276556
3577,0.5443055284212082
3578,0.5465917685966255
3579,0.5485288516580322
3580,0.518705155936419
3581,0.6015391367758063
3582,0.6342476740616042
3583,0.5521038239292123
3584,0.5978533633042281
3585,0.5286215247188765
3586,0.4884561338451892
3587,0.7112502819685774
3588,0.4126956764667328
3589,0.3264802668411045
3590,0.4618601944131806
3591,0.37176118178143497
3592,0.45026996342902575
3593,0.4609300920071767
3594,0.5998717464108886
3595,0.3604568361202677
3596,0.6368369486222558
3597,0.3838337563868165
3598,0.46917119579106104
3599,0.4415973707242139
3600,0.5341723463682958
3601,0.6012839648569148
3602,0.5689244297736947
3603,0.5316258409615174
3604,0.46826456791786963
3605,0.4872437212327204
3606,0.49972407445153816
3607,0.5131824512561777
3608,0.6119057116428158
3609,0.6216418743490998
3610,0.6053117789312749
3611,0.462903486171673
3612,0.8553837025163469
3613,0.40197992892961487
3614,0.4826969992920376
3615,0.45718527219914656
3616,0.5004805991948275
3617,0.36828767123479933
3618,0.5089137619833101
3619,0.5198179859289885
3620,0.4974361997745493
3621,0.6070232551501497
3622,0.6139863099415102
3623,0.5981606129713157
3624,0.2901421138163382
3625,0.4433619222624561
3626,0.4630088131647978
3627,0.5107543970579613
3628,0.5154402408725566
3629,0.44447867466070534
3630,0.6928550193855736
3631,0.403387605287552
3632,0.4861942417315587
3633,0.5543966889500722
3634,0.4298534916412716
3635,0.45164733789896094
3636,0.3020603922666494
3637,0.5683913417924882
3638,0.5853080488926049
3639,0.5603710603097375
3640,0.6424268781678399
3641,0.5939290680740235
3642,0.598099457519419
3643,0.5088567096207359
3644,0.6051416844606101
3645,0.5496602180018588
3646,0.6208904796464192
3647,0.42645392954903455
3648,0.4647742419430675
3649,0.4933542903916196
3650,0.4625208418889618
3651,0.27558808002699076
3652,0.39163629425031643
3653,0.5120964765072901
3654,0.4548316647689718
3655,0.43868964009239786
3656,0.50740375435558
3657,0.47849174328832955
3658,0.6121046935793173
3659,0.4775579955014157
3660,0.6025587388663285
3661,0.3888146860425985
3662,0.46268419895603946
3663,0.5122602683052299
3664,0.4437151037964542
3665,0.4498297868090284
3666,0.43636427785140175
3667,0.44287697301485424
3668,0.5608671612572161
3669,0.5569413583619942
3670,0.4724692623942616
3671,0.5312784994710563
3672,0.3395422691707404
3673,0.46583167767255373
3674,0.41979480450183065
3675,0.5490656731198527
3676,0.5780431539158026
3677,0.4775168746431719
3678,0.5447291281520873
3679,0.572401470810977
3680,0.5294079533050002
3681,0.5641025828213275
3682,0.39879913104626835
3683,0.5121656095359257
3684,0.5123910888978607
3685,0.48513470922617496
3686,0.44489857463182403
3687,0.7040067507331773
3688,0.4697257637420959
3689,0.5828028924691921
3690,0.4247355470203056
3691,0.5071067017976949
3692,0.5907600139471635
3693,0.6070753302599321
3694,0.47108420038862814
3695,0.3620782760087531
3696,0.424798368114124
3697,0.5248520235370003
3698,0.5489001131690859
3699,0.4044284436308811
3700,0.42602127424835373
3701,0.5984941429124028
3702,0.6738827861237573
3703,0.6824893342824124
3704,0.5139004025852209
3705,0.6838993080808777
3706,0.5713870061497276
3707,0.4259220239736028
3708,0.5390513727081412
3709,0.44827076590966264
3710,0.4501461074828315
3711,0.5713906763473497
3712,0.4971130736500632
3713,0.6968478603164402
3714,0.5795668133556645
3715,0.5373560929067405
3716,0.2877329260854726
3717,0.6730288857439828
3718,0.5962080518429483
3719,0.48640182049442704
3720,0.5221945676383367
3721,0.6146846351308687
3722,0.5838625867227892
3723,0.40187758743944113
3724,0.677515052991681
3725,0.42197874551126946
3726,0.6486484383017019
3727,0.528265527348618
3728,0.4294328002203638
3729,0.5037175559933891
3730,0.8083798020005281
3731,0.4853230744808844
3732,0.6326984008070824
3733,0.51634743672766
3734,0.4743685523259754
3735,0.6251403220268023
3736,0.5302683666949738
3737,0.38023204099057506
3738,0.5597516269688769
3739,0.4901626920854941
3740,0.6437138428800009
3741,0.4629679766203607
3742,0.37547566952663414
3743,0.5714087761844112
3744,0.3664083044684152
3745,0.5580381448055282
3746,0.49952252310484346
3747,0.4330747128905594
3748,0.4053502632912619
3749,0.7302172604558896
3750,0.6118114438305574
3751,0.4927297154731879
3752,0.48017297555694605
3753,0.4995675913353038
3754,0.4289092695337377
3755,0.4610692408611815
3756,0.5226724966337588
3757,0.42842070346798256
3758,0.41989887080920807
3759,0.4459340185751729
3760,0.5717289848780139
3761,0.505612633364387
3762,0.4570667345285445
3763,0.4621969332874723
3764,0.5180429252006796
3765,0.5265014225441212
3766,0.6769060309824715
3767,0.4827161660712737
3768,0.6825190825256957
3769,0.5629658567750224
3770,0.5757199476301202
3771,0.5745997641536147
3772,0.5460137443370352
3773,0.6950327732433953
3774,0.552753069910078
3775,0.37564953106332677
3776,0.5025043183911254
3777,0.49867024980897445
3778,0.5451663357498034
3779,0.5872661606069118
3780,0.48511210991830744
3781,0.5518910248116876
3782,0.4722259201595662
3783,0.4191016645752246
3784,0.434142093291637
3785,0.5477785529320303
3786,0.5364882352045754
3787,0.6209449722290936
3788,0.7386033412577296
3789,0.5154497438318925
3790,0.5755672820500448
3791,0.5287835734390995
3792,0.4273462004648023
3793,0.46689064363404376
3794,0.6028772760866997
3795,0.2984957611924244
3796,0.612545951086134
3797,0.5297376120751129
3798,0.4666540067920499
3799,0.5424359125777547
3800,0.4330099047234674
3801,0.6073680522333328
3802,0.4406507746812146
3803,0.4743567315943345
3804,0.4970651636578708
3805,0.5484961071481538
3806,0.4679252052009987
3807,0.4378645310790502
3808,0.5861382265323956
3809,0.7512082837112748
3810,0.4638493998206151
3811,0.5137105613750936
3812,0.5402494444601705
3813,0.4682432609892106
3814,0.5561853314351879
3815,0.46877745435972296
3816,0.4379030543350335
3817,0.43012888252145975
3818,0.41005186673750055
3819,0.5418558203739774
3820,0.692870006599237
3821,0.4761085813458194
3822,0.5186477717276037
3823,0.462611688134689
3824,0.6626421349966203
3825,0.5403861103847672
3826,0.7157860014372798
3827,0.489535827864926
3828,0.5783929339992
3829,0.5254665262790492
3830,0.4325713228917495
3831,0.4974793116615728
3832,0.4787629999381263
3833,0.5753318531445787
3834,0.5342488308252926
3835,0.41849098771603616
3836,0.44741514883518885
3837,0.511487106981016
3838,0.3797732024198258
3839,0.5078921523334587
3840,0.5435546022678289
3841,0.443498570757443
3842,0.5140198227985839
3843,0.3894120653079657
3844,0.5376693618980677
3845,0.5706147247214594
3846,0.5225768028046852
3847,0.48416335534473826
3848,0.4849711035382766
3849,0.4552293976803868
3850,0.501527279901847
3851,0.5766147258736362
3852,0.41891846870817157
3853,0.8473484775946918
3854,0.5287408828929353
3855,0.5768720932498841
3856,0.5083325093066039
3857,0.426354753989154
3858,0.6571941957224134
3859,0.6146231936880602
3860,0.5458816665179633
3861,0.5120590052640247
3862,0.45169362210899466
3863,0.48207296912116704
3864,0.5334320669914444
3865,0.5017321801152141
3866,0.47878987450772054
3867,0.591024394173666
3868,0.4590291191744581
3869,0.5743827190714321
3870,0.5604805911582067
3871,0.4792970456643901
3872,0.4402248476754087
3873,0.7289567595657354
3874,0.43160566671292794
3875,0.5194904427777045
3876,0.5921314601552148
3877,0.5150571737548237
3878,0.3932715806364653
3879,0.4353511450293087
3880,0.661004836149278
3881,0.45027185174614076
3882,0.461943410386904
3883,0.47270101240903406
3884,0.5691954570566766
3885,0.4463311589781585
3886,0.44057780860844864
3887,0.5124502624198777
3888,0.5497446984642917
3889,0.545517653642724
3890,0.5625791958489181
3891,0.4583292726976464
3892,0.5420847305259167
3893,0.5382143460655083
3894,0.5683739258979447
3895,0.5141590008532793
3896,0.5045313808555035
3897,0.388993016966135
3898,0.4980657869199779
3899,0.3856906784549044
3900,0.5427925865857263
3901,0.4763670996244135
3902,0.5345511009907826
3903,0.5166666323907193
3904,0.529292587527082
3905,0.5406654770665054
3906,0.6342669033592416
3907,0.55674757944444
3908,0.6390744794618727
3909,0.5985735664336105
3910,0.4431134943246291
3911,0.3854640817466381
3912,0.5374245193676697
3913,0.5093962499723073
3914,0.4899137072870389
3915,0.4797805818243796
3916,0.5526291370823581
3917,0.6172988623598041
3918,0.41812714842853754
3919,0.4485231568490346
3920,0.6548633799495002
3921,0.3920510160476454
3922,0.3666469116878728
3923,0.803688426763498
3924,0.6216018163459981
3925,0.46819889041234997
3926,0.36717441871625256
3927,0.4188636395739547
3928,0.528577645079133
3929,0.551139163632507
3930,0.5816763468826277
3931,0.3665696577197841
3932,0.41824603797669524
3933,0.5409676673349381
3934,0.8766006554707337
3935,0.6181910846650921
3936,0.43724819277729365
3937,0.34845642012970834
3938,0.3138812208696272
3939,0.46078338329719826
3940,0.4701985913031777
3941,0.4845039057539911
3942,0.5599975582971889
3943,0.42457913504858097
3944,0.3623413034706335
3945,0.5916536622163816
3946,0.4104891721647022
3947,0.5344334359225184
3948,0.4905192036112233
3949,0.5300938003604986
3950,0.4297754164818887
3951,0.6103680880599186
3952,0.4451030282937497
3953,0.4490925488048242
3954,0.5582266351840636
3955,0.40587239766239075
3956,0.6174808591743057
3957,0.5620127798342156
3958,0.4642495204388718
3959,0.49032301628953273
3960,0.7327834394625152
3961,0.5778749730687047
3962,0.501799807396757
3963,0.4334056258443366
3964,0.43341887039819393
3965,0.5114543106215844
3966,0.5781485771907797
3967,0.4052204947741983
3968,0.47553084352320907
3969,0.38974394895089143
3970,0.5138578500531659
3971,0.45947521610586217
3972,0.5464265950876376
3973,0.4554936034862947
3974,0.4454649278804872
3975,0.4765424762633056
3976,0.4489943560222284
3977,0.5682601091584919
3978,0.39965389516339656
3979,0.6005669943561457
3980,0.49632678288326154
3981,0.5239886800719817
3982,0.5093386724923471
3983,0.4765807205379635
3984,0.4929066890178714
3985,0.48369402255438804
3986,0.5562976996172843
3987,0.43151329639011315
3988,0.4876048797456148
3989,0.2853020615664225
3990,0.4060177769316765
3991,0.561853381109363
3992,0.5264120307410024
3993,0.4460774581379428
3994,0.5486791723853093
3995,0.49512712197080583
3996,0.43895825244776787
3997,0.5286915208992687
3998,0.36349397513550386
3999,0.49875255312579114
4000,0.47500788572717395
4001,0.5530331292555375
4002,0.42888305699408885
4003,0.6119103024645303
4004,0.4579739214759609
4005,0.5567030298234195
4006,0.5889196203962089
4007,0.4997256085688402
4008,0.4289247032156656
4009,0.6069672903029903
4010,0.518754769424882
4011,0.550430890955609
4012,0.5480549304322255
4013,0.47856723523347044
4014,0.3790869348622229
4015,0.4622129426875778
4016,0.5331996563375943
4017,0.4699867201670856
4018,0.37750377384025857
4019,0.5326078889080303
4020,0.2803852041509181
4021,0.4519283088935366
4022,0.4303153511473074
4023,0.47916041190766234
4024,0.4846165548953819
4025,0.4705274869183864
4026,0.4786448367135106
4027,0.503992037901898
4028,0.4845348908906292
4029,0.6296933080238114
4030,0.3747097423466873
4031,0.6157430989611088
4032,0.46685603340514903
4033,0.5269697666787289
4034,0.359439986088345
4035,0.46444397604048887
4036,0.5358171087588399
4037,0.645634255115714
4038,0.47001864767395735
4039,0.47644236259919603
4040,0.5118871055129879
4041,0.6256940601238871
4042,0.4947675706110008
4043,0.487914843738269
4044,0.5191183713913716
4045,0.5548715687873205
4046,0.5674599636008082
4047,0.6213749640001573
4048,0.5289985767031296
4049,0.3493474097085416
4050,0.44625581405375947
4051,0.45350000124798745
4052,0.6000681116039356
4053,0.5483237748193173
4054,0.5569403263757183
4055,0.2865295149841009
4056,0.4336828952771886
4057,0.839107736689837
4058,0.46761035911615395
4059,0.39901531938571866
4060,0.48890976609012826
4061,0.41350047884046376
4062,0.5241728622970067
4063,0.387628620114658
4064,0.4506354417340019
4065,0.45555610818468556
4066,0.696992134511696
4067,0.5998954681464534
4068,0.5157711886922134
4069,0.48752685223821657
4070,0.6472899586992231
4071,0.43770853939943616
4072,0.44577680587929946
4073,0.4526116371966864
4074,0.4896766412377857
4075,0.5201743867636955
4076,0.503510263704384
4077,0.5464791519992812
4078,0.6953577892785623
4079,0.43989941704279234
4080,0.377580147335746
4081,0.4940317137045909
4082,0.4750955368094703
4083,0.5435347643825527
4084,0.6522341191533473
4085,0.4637178700224066
4086,0.43788437597603236
4087,0.4090485899856111
4088,0.5638963107506431
4089,0.45451821833439426
4090,0.6114016017921927
4091,0.5712196508188655
4092,0.577113174748676
4093,0.446095402724097
4094,0.39974731158158894
4095,0.6867704268209246
4096,0.4645535820530637
4097,0.4241759469980104
4098,0.564544265777632
4099,0.46420254559158125
4100,0.4863041702657073
4101,0.5453858822651576
4102,0.5452529316921461
4103,0.5510763075453184
4104,0.39000327054734224
4105,0.5742109510798138
4106,0.4490755115339221
4107,0.6409573394780474
4108,0.5122415885659182
4109,0.4699424255928084
4110,0.49987636067915187
4111,0.4888916454969757
4112,0.4285870022793043
4113,0.7956699153127402
4114,0.4901058208809181
4115,0.5238775527703263
4116,0.6778336242492151
4117,0.5752747754877848
4118,0.47199512957989453
4119,0.4881747892092044
4120,0.6232268602825008
4121,0.49375588997535064
4122,0.37259747992285497
4123,0.34253185202420466
4124,0.762742426983527
4125,0.2914791691771681
4126,0.4729223083046261
4127,0.4664954628290442
4128,0.549312718665879
4129,0.40420108731452403
4130,0.596817783402603
4131,0.5334559625280229
4132,0.7630020720560315
4133,0.4486518904950632
4134,0.7407610777082607
4135,0.3995372200681123
4136,0.6239640883513173
4137,0.45072129708431535
4138,0.47181318731270483
4139,0.440685260454893
4140,0.636090025452545
4141,0.458203631559604
4142,0.4304479340131445
4143,0.4011784379687795
4144,0.5054780099889595
4145,0.5537074971170606
4146,0.414980207442829
4147,0.6179611798098893
4148,0.45220584520933765
4149,0.5171594883161681
4150,0.3890522872297912
4151,0.45538488750578143
4152,0.4129535645957019
4153,0.566998388699764
4154,0.5352853179406745
4155,0.4864875498804002
4156,0.5905905030341023
4157,0.5078312035299147
4158,0.7929013974078515
4159,0.49527120851833406
4160,0.7110561548725756
4161,0.37146136043871136
4162,0.5591653938648972
4163,0.49298990846205204
4164,0.5529981143518327
4165,0.39343332191690084
4166,0.4584221184090392
4167,0.5314969907343208
4168,0.540138699881521
4169,0.4066379722689002
4170,0.5394268801318425
4171,0.47279239222164354
4172,0.5196014405226114
4173,0.5873948294718206
4174,0.5186830751013511
4175,0.4875945076009953
4176,0.52073812562666
4177,0.5174527424534621
4178,0.4451190839761483
4179,0.6065469001199215
4180,0.36734256464706627
4181,0.5493259034163452
4182,0.5004042356342288
4183,0.3254602329284253
4184,0.43897140656268085
4185,0.4629561780470122
4186,0.6188702183829218
4187,0.36705662683490575
4188,0.49966442437054515
4189,0.6497703393525539
4190,0.5864677093203555
4191,0.49352384523828713
4192,0.5438644212661459
4193,0.5846882692185146
4194,0.5249181776014372
4195,0.32901413472273155
4196,0.5196579258548772
4197,0.4598570758363835
4198,0.4799381721062385
4199,0.36956860551908566
4200,0.5037638819318178
4201,0.41113413367976503
4202,0.4260836137639504
4203,0.5017259068069664
4204,0.5087525908273863
4205,0.5504543728653899
4206,0.5445034939568698
4207,0.5924710191804465
4208,0.4608823587112673
4209,0.48693695247328905
4210,0.452810130828388
4211,0.48139747098758856
4212,0.5150475268085769
4213,0.4548132015211246
4214,0.566431851535934
4215,0.6761172849714885
4216,0.266690835345271
4217,0.49350696473586997
4218,0.606374599187315
4219,0.4936905533384226
4220,0.5410758190673928
4221,0.515787612697847
4222,0.581844990135153
4223,0.5391998370111868
4224,0.39651248423349483
4225,0.4605517433744688
4226,0.5733520522986589
4227,0.48766173091337023
4228,0.41671004451475047
4229,0.8415134582050627
4230,0.5630109263026091
4231,0.41188365974733304
4232,0.5322753048913733
4233,0.6961861570546096
4234,0.5522442425743086
4235,0.7758977368209854
4236,0.4352872113034815
4237,0.5950347240229986
4238,0.5017163056280814
4239,0.3250873649556823
4240,0.5186800279312347
4241,0.4172172955591016
4242,0.6086036771611495
4243,0.3990114060128102
4244,0.5215942337814473
4245,0.5325255309762441
4246,0.5210389443164877
4247,0.507481325252822
4248,0.6536358848897897
4249,0.4903812084286294
4250,0.44926818163971904
4251,0.7095511950859149
4252,0.6114329680066642
4253,0.5039266895848162
4254,0.5338891844224172
4255,0.4645734750925435
4256,0.4312217428404047
4257,0.4680162155973788
4258,0.5732932771253618
4259,0.4932800144968628
4260,0.4651241810102886
4261,0.38949354042298673
4262,0.4300342975234044
4263,0.5913711949103324
4264,0.7515429181165179
4265,0.4171249610634611
4266,0.6003328988223091
4267,0.576727251401004
4268,0.5840572836556991
4269,0.5575151380400648
4270,0.5471111986722397
4271,0.40819635252483777
4272,0.4580657036961165
4273,0.5099010825991525
4274,0.47509792443180665
4275,0.65736976669122
4276,0.512325649395283
4277,0.5225843028662572
4278,0.4652074982894943
4279,0.4885683524814542
4280,0.4546357438553165
4281,0.4842723677273677
4282,0.5401525149873807
4283,0.34216866167335125
4284,0.39048479016392323
4285,0.6565580332274852
4286,0.39619282935136957
4287,0.6350951389690225
4288,0.6014705091755799
4289,0.5252741577380572
4290,0.5090906692686543
4291,0.7452559681815512
4292,0.636748296464072
4293,0.5805528069193635
4294,0.5661744448028042
4295,0.5626437243251886
4296,0.5241319505363894
4297,0.44463629184307557
4298,0.6729923347100766
4299,0.4086133908604551
4300,0.5486933214444549
4301,0.44716791411605267
4302,0.6144551449823752
4303,0.4841113350159841
4304,0.5344736205909634
4305,0.6487970434634038
4306,0.4799943854459774
4307,0.544336047703439
4308,0.6181497005942711
4309,0.35972111343347074
4310,0.622470269413181
4311,0.6373949711788042
4312,0.5824841466399925
4313,0.4749060334244304
4314,0.4998158735919319
4315,0.41276895285539605
4316,0.5178772022536238
4317,0.47965176608339893
4318,0.46151166498051543
4319,0.5215873599463157
4320,0.7059393005292048
4321,0.5605584955882065
4322,0.7111154124122714
4323,0.7355875127041082
4324,0.40325784148022764
4325,0.5125092931389825
4326,0.5088352180749012
4327,0.39173081374444824
4328,0.5557618748948135
4329,0.6054976146921389
4330,0.4828820406405745
4331,0.41725518568883563
4332,0.5398827178611574
4333,0.35462015758064924
4334,0.4855478213053373
4335,0.5473776263324617
4336,0.530455343321906
4337,0.5319629166195832
4338,0.5048830715145468
4339,0.4837579799351102
4340,0.465455434682559
4341,0.521076365834751
4342,0.6556363865176085
4343,0.5528860550643648
4344,0.5098964351274137
4345,0.6350347913499639
4346,0.3761514360608426
4347,0.4948333486581398
4348,0.4597644781026946
4349,0.6899275546601787
4350,0.35416922000562023
4351,0.5521824365623391
4352,0.4396460676655088
4353,0.47168453721260306
4354,0.5199069895149072
4355,0.41608025544061794
4356,0.5516096384489776
4357,0.5103312280209301
4358,0.5018181821185876
4359,0.634610012021585
4360,0.5223804940895147
4361,0.6358829705160876
4362,0.354923119679146
4363,0.5109541897695343
4364,0.47190066297244926
4365,0.6552868677471132
4366,0.5569096200938961
4367,0.49842136373798285
4368,0.7027149235978555
4369,0.5174643563395983
4370,0.399221461329763
4371,0.5658175053968347
4372,0.4506802440063578
4373,0.6114301600351999
4374,0.5166481232362462
4375,0.4802718651753947
4376,0.4225145637679978
4377,0.4051824587599319
4378,0.4467997133984416
4379,0.6423445857482563
4380,0.38691265564364496
4381,0.4356148045118039
4382,0.45589154737779525
4383,0.4149882399776401
4384,0.4602032061267612
4385,0.5634625685796973
4386,0.48734324052150474
4387,0.4219576360463868
4388,0.5910980607376707
4389,0.5198497170412285
4390,0.41848496923090306
4391,0.5620815920744837
4392,0.3570211559992589
4393,0.572396427509078
4394,0.49301484135443663
4395,0.5387557943786759
4396,0.49726761798969826
4397,0.6355798501422909
4398,0.6314342502385041
4399,0.5134082540857218
4400,0.5477854804700216
4401,0.5107823145170789
4402,0.35376418444479274
4403,0.38185656493786196
4404,0.5278658115197793
4405,0.5820984671270119
4406,0.6080565108437266
4407,0.44240949833689264
4408,0.7574961631815964
4409,0.49576855618110816
4410,0.4849889399674856
4411,0.4171232972788822
4412,0.44164645168060257
4413,0.4603104205344303
4414,0.5020308693404084
4415,0.4804478887050205
4416,0.5592100275713626
4417,0.5018833960904535
4418,0.4820558051882303
4419,0.6831147662401664
4420,0.5052931914683406
4421,0.5092964974720763
4422,0.4231990227257856
4423,0.4430586607840975
4424,0.46140978959006346
4425,0.39204883196676754
4426,0.46794553315244825
4427,0.4472911803715558
4428,0.5581014146309283
4429,0.435657418947025
4430,0.45434404332821293
4431,0.42985490846542446
4432,0.4268284595053432
4433,0.43724873974952044
4434,0.6088022465783185
4435,0.5250325861258867
4436,0.5213114433737782
4437,0.5097390360775866
4438,0.4376860639994153
4439,0.49154226378493476
4440,0.5544452263874946
4441,0.5500123425279738
4442,0.4159158263742211
4443,0.5214396465002349
4444,0.5102053942372096
4445,0.5794066738586647
4446,0.4511651939317072
4447,0.5367959911444079
4448,0.33897049373818366
4449,0.4761563339582777
4450,0.4079574265109875
4451,0.486110748279379
4452,0.49644145251585636
4453,0.7271448216861487
4454,0.5282762376112227
4455,0.4563157814992433
4456,0.8521632065936235
4457,0.6001404937390552
4458,0.48087103281314925
4459,0.47033106118027046
4460,0.5790084198131149
4461,0.5331228948752214
4462,0.5193943626459687
4463,0.5123286444546957
4464,0.6021498502819967
4465,0.4479069605843659
4466,0.6225263256127793
4467,0.6935016770628949
4468,0.5820728815789872
4469,0.5459626566413139
4470,0.5632875408940504
4471,0.42573299412924
4472,0.4535986722274612
4473,0.3105382320208266
4474,0.682986845509695
4475,0.5545840806411972
4476,0.3483930766258946
4477,0.5846820674565798
4478,0.5263273880698451
4479,0.5115696437198148
4480,0.48977391038438994
4481,0.3468959393336235
4482,0.4895530441215644
4483,0.5403970299559765
4484,0.5209733538050512
4485,0.40034465245917383
4486,0.5752584872522658
4487,0.5606709842913902
4488,0.5285264529875671
4489,0.48929511458162267
4490,0.6210153536009472
4491,0.4367986975986723
4492,0.5940876948819641
4493,0.5095033673661615
4494,0.699031018730377
4495,0.49372044825946665
4496,0.5844426315927241
4497,0.5752568436672854
4498,0.38240383089862884
4499,0.4533730154883105
4500,0.49113951339449347
4501,0.646276471261964
4502,0.5041200434329602
4503,0.4961668868048108
4504,0.5569510389304188
4505,0.3675052619545121
4506,0.37599796121786055
4507,0.299136986379365
4508,0.5750116781309436
4509,0.5011841266870894
4510,0.5417707869902597
4511,0.5885365824821279
4512,0.5236576979903368
4513,0.4823585607828809
4514,0.5156514299868519
4515,0.553633791958954
4516,0.5560831235015994
4517,0.5550452556656179
4518,0.3901094798868356
4519,0.559465405710014
4520,0.5718497198203818
4521,0.4243072120966317
4522,0.5046955884495301
4523,0.4743061392454859
4524,0.4759399598966888
4525,0.4497016445141072
4526,0.5580585322889833
4527,0.5367462546579336
4528,0.45783632527019685
4529,0.6114446267454778
4530,0.5584497690349933
4531,0.5744379007651863
4532,0.3182656436042091
4533,0.3709446263984895
4534,0.4804081008376533
4535,0.5110724609776766
4536,0.5118200613581824
4537,0.5102501212773956
4538,0.6129766385941846
4539,0.37286269863867155
4540,0.5411912876167827
4541,0.5371496100311789
4542,0.4714108718421338
4543,0.45701185279912043
4544,0.5061818842521535
4545,0.6004268322517324
4546,0.7866491913127002
4547,0.3692896395395101
4548,0.472653051401246
4549,0.40071067858783826
4550,0.5471482041457356
4551,0.5495963396949383
4552,0.5285576449191567
4553,0.5777615061112651
4554,0.5751382213082317
4555,0.5517894702083647
4556,0.42032105330611136
4557,0.7366693111992881
4558,0.6033785959117716
4559,0.5529003476072089
4560,0.48746058075686577
4561,0.6011857720648541
4562,0.6136222660258036
4563,0.5017384089176715
4564,0.5355053617661456
4565,0.37189983056420334
4566,0.3960201390854971
4567,0.3762157963449894
4568,0.5050466309635514
4569,0.4733559057150488
4570,0.5448607433480769
4571,0.41018594245568074
4572,0.49472364045300726
4573,0.36554165915725245
4574,0.4530300688019567
4575,0.40666671554114775
4576,0.6190269195135643
4577,0.5609037041571654
4578,0.4945083912759447
4579,0.402352892076718
4580,0.6126701269431608
4581,0.5253250308924476
4582,0.5086223958084763
4583,0.32883754184037883
4584,0.41467061601181293
4585,0.5618767144943908
4586,0.6072016269681003
4587,0.4770733231389904
4588,0.44301276299107917
4589,0.448512966653761
4590,0.34037520877046834
4591,0.5010886513796846
4592,0.6180399657871123
4593,0.5624830731430515
4594,0.6602291709971783
4595,0.43077238029635107
4596,0.5549273718500487
4597,0.3734894709815541
4598,0.622061092775188
4599,0.5255031505297736
4600,0.4227357945199205
4601,0.5704505350574085
4602,0.6200398398901088
4603,0.4472388228929844
4604,0.5921329277474054
4605,0.5549944781204806
4606,0.5885848983322972
4607,0.5225138663266535
4608,0.4033304336099566
4609,0.46812174252433836
4610,0.5555170631317042
4611,0.3896925858429628
4612,0.47223594987387146
4613,0.5919431885798148
4614,0.4492526491491387
4615,0.5713706650296569
4616,0.490812704191691
4617,0.5339966133661181
4618,0.5296007434157147
4619,0.5383305078675936
4620,0.5662648576675395
4621,0.5400404596343825
4622,0.5402067614789249
4623,0.6524483867028954
4624,0.5216007430823455
4625,0.6418302686376339
4626,0.6006605250610115
4627,0.5527414145853126
4628,0.33772447888182566
4629,0.6133008655538289
4630,0.6484417149235316
4631,0.6355995843070487
4632,0.5585975102577256
4633,0.5083969918024077
4634,0.5642872720109245
4635,0.5065438715792137
4636,0.5483304170421053
4637,0.47576965773689683
4638,0.5442953433270725
4639,0.48853503357439476
4640,0.562404296924496
4641,0.512849865104411
4642,0.4897618006645028
4643,0.3055805954942816
4644,0.5142132403148417
4645,0.47951496079721523
4646,0.558315943196583
4647,0.4904386475763408
4648,0.5087212283791245
4649,0.8043501398347037
4650,0.700452806415292
4651,0.5841529737416271
4652,0.5606835237046436
4653,0.48237181297868836
4654,0.8329943938200597
4655,0.4635569777942881
4656,0.4478647918995714
4657,0.5345218079268852
4658,0.38694147706906395
4659,0.36475156534620956
4660,0.35621005279429374
4661,0.4493923935581323
4662,0.37947929484131954
4663,0.42421729880002956
4664,0.5473266641074614
4665,0.39615940990728615
4666,0.687142681611858
4667,0.41237619036429185
4668,0.5690497106348901
4669,0.5913038915961626
4670,0.5244435073340636
4671,0.477133043615037
4672,0.6482403866554246
4673,0.53781342312374
4674,0.38728827290180223
4675,0.5224173112321824
4676,0.4059498686138491
4677,0.6968754996662587
4678,0.5263231160158411
4679,0.3807379950055545
4680,0.5017001583934628
4681,0.5221077170720831
4682,0.528155758575333
4683,0.5778688970636072
4684,0.4583870944373687
4685,0.5960457235004272
4686,0.45878046622311475
4687,0.38192671788682464
4688,0.4969181736884063
4689,0.6817868621883227
4690,0.4803595873971449
4691,0.4916495795211993
4692,0.31634112524730373
4693,0.586021351658164
4694,0.4882144580392382
4695,0.4921916679732573
4696,0.7235216760043579
4697,0.6279801266742925
4698,0.4894283475924761
4699,0.544951293142627
4700,0.549965369977644
4701,0.6774754296810317
4702,0.4726222440201182
4703,0.4698321186360281
4704,0.4620958256915027
4705,0.7631977082882385
4706,0.5665510989391723
4707,0.5933942008113509
4708,0.6436479247352727
4709,0.5380218653523088
4710,0.5803934600436995
4711,0.5193938556102907
4712,0.639750860511774
4713,0.4699718541904347
4714,0.5023553582938283
4715,0.5036524024295973
4716,0.8081831569209332
4717,0.503468154641064
4718,0.5399265461711281
4719,0.37473302769313377
4720,0.41754476743522595
4721,0.5281601452037552
4722,0.5741104678637684
4723,0.5969182225432675
4724,0.6181274094322584
4725,0.549630231239382
4726,0.6105591506891441
4727,0.4115441777198341
4728,0.5010345394781645
4729,0.5165068207726229
4730,0.5448861842195488
4731,0.5174524189911548
4732,0.468183105474782
4733,0.6212847767421764
4734,0.38614807733959416
4735,0.4564846967859413
4736,0.43421634142378013
4737,0.461736306047943
4738,0.7078473732100254
4739,0.4498395811236644
4740,0.5650726169704184
4741,0.4652472103834989
4742,0.45948836515021274
4743,0.5593275807878282
4744,0.5713488366384153
4745,0.36087484336032055
4746,0.4977408918654871
4747,0.5399512937374589
4748,0.5247562997078309
4749,0.5518139598117763
4750,0.5474136038744746
4751,0.43392872855226156
4752,0.5397241942560574
4753,0.427576925377663
4754,0.548400392097098
4755,0.4480862284272729
4756,0.5193278778154308
4757,0.5703364424968957
4758,0.3472409800458741
4759,0.6739377036597957
4760,0.3129450020544938
4761,0.4995525646228285
4762,0.6741403535555914
4763,0.6656700965286751
4764,0.4548229875291867
4765,0.7802198453754939
4766,0.38496102223705986
4767,0.29259552501622643
4768,0.5635012741768379
4769,0.31024852209745923
4770,0.3450041268897761
4771,0.47351352143417885
4772,0.4486466719836181
4773,0.518500052443855
4774,0.4671340542621884
4775,0.6329122825878155
4776,0.3855310359752818
4777,0.5439446799766446
4778,0.5393349888981728
4779,0.7439182420401833
4780,0.3775299917303495
4781,0.6791918738855216
4782,0.4362098504665387
4783,0.3721700887976763
4784,0.4933784282152174
4785,0.5560737699269046
4786,0.5404657270568317
4787,0.6446313234033596
4788,0.5874268620722929
4789,0.47829737800019173
4790,0.6384918081924703
4791,0.44387680688149156
4792,0.49546536078739783
4793,0.5574789613447385
4794,0.5307152411712628
4795,0.6985955306144482
4796,0.4690054845909768
4797,0.48638685229152656
4798,0.4117415885609488
4799,0.6401426697915683
4800,0.5144480557229336
4801,0.6315378067083033
4802,0.4182290505819238
4803,0.5621057515660619
4804,0.5154619235431693
4805,0.7448249363697852
4806,0.6003892599227507
4807,0.4998862981367346
4808,0.4708894532052265
4809,0.46872898004400265
4810,0.530593605816931
4811,0.33518580848737334
4812,0.3538323316318909
4813,0.38753764122098444
4814,0.5603026602096867
4815,0.6786560874853763
4816,0.4105761303791955
4817,0.4608809030543877
4818,0.571062769885534
4819,0.6579598529123551
4820,0.39736605426471117
4821,0.5233210612821148
4822,0.5321095289837768
4823,0.6966741356629298
4824,0.554744753887134
4825,0.4841923930660107
4826,0.6058406997855483
4827,0.48709542123376526
4828,0.49680506618951475
4829,0.4005394531043014
4830,0.4565335678861859
4831,0.517171131590797
4832,0.6432139549468807
4833,0.46753017561255383
4834,0.44825480211266455
4835,0.47977574274293505
4836,0.4854022838682863
4837,0.43808019052808217
4838,0.5056898126297684
4839,0.5153125935128465
4840,0.36866436535457253
4841,0.608166642015124
4842,0.5739699160356564
4843,0.5609425143225222
4844,0.5647391756817598
4845,0.44909306988972775
4846,0.5454519764449189
4847,0.6003781553279683
4848,0.46977780365469607
4849,0.6235002688748899
4850,0.4693508479842113
4851,0.4926204346313477
4852,0.49336290517019926
4853,0.7182865871518438
4854,0.5499871555302382
4855,0.5097307186178943
4856,0.4614246181137791
4857,0.44304179902890584
4858,0.5664060120020818
4859,0.6499698927469504
4860,0.5410361846490698
4861,0.2866510486106021
4862,0.5654292894239805
4863,0.543990427491256
4864,0.5953992337667096
4865,0.3658409554496753
4866,0.5463993337465499
4867,0.5517107916040673
4868,0.4256889331768735
4869,0.3063204278581714
4870,0.5919596191694065
4871,0.4831763686777611
4872,0.7194351658745097
4873,0.5651078048704042
4874,0.4960907480841217
4875,0.5020833615894125
4876,0.6905967492284002
4877,0.4176179046446032
4878,0.5314916254937845
4879,0.48061908284470156
4880,0.5363596712501485
4881,0.5738109785161389
4882,0.709493304120222
4883,0.5645513486467141
4884,0.359651178214359
4885,0.32026920968730405
4886,0.5553739541976114
4887,0.4863276421085698
4888,0.5619507932326345
4889,0.5509805612328647
4890,0.4653710294314371
4891,0.5144602382328064
4892,0.4160846150252368
4893,0.5262307960828853
4894,0.5676273007357188
4895,0.5196498548877743
4896,0.5125925054468096
4897,0.37651647794877274
4898,0.5057196616743022
4899,0.49847946085530714
4900,0.4850394289119487
4901,0.4595463190727561
4902,0.6366550604093232
4903,0.5709655806317596
4904,0.3997749103939458
4905,0.5302522944203208
4906,0.5268440801325491
4907,0.5635003067690058
4908,0.5606954305924222
4909,0.5030668569830461
4910,0.5038553281366864
4911,0.4614254847098226
4912,0.4073964337342077
4913,0.49715107573736705
4914,0.4932937705568669
4915,0.5622161090728709
4916,0.46164592240722246
4917,0.5545324521262099
4918,0.7798164552721092
4919,0.42935852700472643
4920,0.5958319862722495
4921,0.6399871515289222
4922,0.5369543656289885
4923,0.43643339612770615
4924,0.4401544263160603
4925,0.5571824825945428
4926,0.3560150032508309
4927,0.6033863590562417
4928,0.45693303151075504
4929,0.5014382403402521
4930,0.4503047769634406
4931,0.7602528885415953
4932,0.5294845607409429
4933,0.47031013515496234
4934,0.4352296245953248
4935,0.4949611629885286
4936,0.5585796593808933
4937,0.4033050933394071
4938,0.5854855072684875
4939,0.5373645426898421
4940,0.5519108018927666
4941,0.4639225249500516
4942,0.5407374116426694
4943,0.5436853758138586
4944,0.5683826857753671
4945,0.6212569840057024
4946,0.586350772841917
4947,0.44644995784711483
4948,0.4064838618634797
4949,0.4173678413827332
4950,0.5431082372315845
4951,0.4173778290874201
4952,0.49063658010836064
4953,0.36319362923299725
4954,0.5332736892781117
4955,0.49678274118789734
4956,0.38767433262391154
4957,0.3737420179944844
4958,0.3826030934795708
4959,0.4675732441268675
4960,0.4336251584656962
4961,0.4759746465554328
4962,0.5093692299824819
4963,0.5227255378572783
4964,0.5897850953843607
4965,0.3640870221196991
4966,0.3800319566188983
4967,0.6557436066574949
4968,0.45370175970231824
4969,0.6888305724744238
4970,0.3409423530858259
4971,0.4916381817435911
4972,0.4760682833186635
4973,0.4930744773976707
4974,0.5563878178999091
4975,0.6456252287180226
4976,0.4222355235769408
4977,0.7374735381385319
4978,0.5752762721844622
4979,0.42383198104204156
4980,0.5356187897269755
4981,0.6159599849431919
4982,0.44844656284840195
4983,0.46951081677498113
4984,0.4443104625480463
4985,0.3956732914853399
4986,0.504016840913029
4987,0.42054089464728694
4988,0.6117893976840709
4989,0.36048916447749624
4990,0.5121410012489569
4991,0.5881905646353573
4992,0.5294697214234874
4993,0.48145499622924653
4994,0.4885938514565707
4995,0.6174755661628835
4996,0.49615824761564775
4997,0.4441146610594876
4998,0.5036012344647525
4999,0.5807115608583265
5000,0.48323890897794225
5001,0.49211823404956695
5002,0.45064563597298346
5003,0.49321534639815173
5004,0.5767226186796088
5005,0.4853392749636896
5006,0.3910116118298806
5007,0.4757386960708553
5008,0.6541974493369519
5009,0.6594013909612435
5010,0.4115229774025732
5011,0.4452492779963814
5012,0.5364167626993287
5013,0.4760575786898573
5014,0.4779025467253192
5015,0.49541671240810514
5016,0.49061303569782355
5017,0.6246630953604573
5018,0.4315779500050011
5019,0.47649632291549493
5020,0.35131920804963157
5021,0.6351179475786632
5022,0.41530000680982593
5023,0.604153214245299
5024,0.38261222297105557
5025,0.3978401178528213
5026,0.4880866019268469
5027,0.5523652442900553
5028,0.5839869099035179
5029,0.37700303336894986
5030,0.5502674912330948
5031,0.41363384225985045
5032,0.4528199974206227
5033,0.5734189124856626
5034,0.5230190499312942
5035,0.5763117430214644
5036,0.48847863455729984
5037,0.4331959954299389
5038,0.4038888693061874
5039,0.6680535960439794
5040,0.7523407182196475
5041,0.5375730431897431
5042,0.6114106187370126
5043,0.4369422135182598
5044,0.354353947921906
5045,0.49778455174139746
5046,0.5504456721688638
5047,0.5488042251714563
5048,0.43932445119432506
5049,0.4450567380880209
5050,0.5884295515973174
5051,0.5606503088137629
5052,0.4343430481536885
5053,0.5661332133415226
5054,0.4344320790963039
5055,0.43089950329034704
5056,0.4471209527857415
5057,0.529119855958174
5058,0.4404271904566065
5059,0.6835046388400815
5060,0.49522937125562244
5061,0.4914045169078811
5062,0.7096664070973006
5063,0.4964575636444916
5064,0.4498972600631904
5065,0.4326430503337227
5066,0.3661864888169244
5067,0.4655074138896156
5068,0.6046810725644364
5069,0.32267252459511225
5070,0.4160036262076818
5071,0.42406287781874596
5072,0.4438992798328238
5073,0.604268329282058
5074,0.4819428247126352
5075,0.5829627572844246
5076,0.5684916387052927
5077,0.41283374723001276
5078,0.44026602165574114
5079,0.4941320492544389
5080,0.48834026127011987
5081,0.5107030577069366
5082,0.4380421422604702
5083,0.4917431923991267
5084,0.5030291171646891
5085,0.6188950567415098
5086,0.49797058402413835
5087,0.4517311456668814
5088,0.49785535361897576
5089,0.6391415235671614
5090,0.43173003551027045
5091,0.40161232466138586
5092,0.4959943076469651
5093,0.41059427480189126
5094,0.49628990337827544
5095,0.5470362720264546
5096,0.612881547623809
5097,0.4497851081297434
5098,0.5861570657781868
5099,0.4566267202672315
5100,0.34733864598668185
5101,0.5223518409564712
5102,0.4890569679345658
5103,0.6308066816115195
5104,0.4520960504204044
5105,0.49766581213648575
5106,0.5227816076334529
5107,0.3656256830005409
5108,0.44719704484854755
5109,0.652698082299638
5110,0.46795537818852095
5111,0.5677651984285277
5112,0.674674248619775
5113,0.4770299797818286
5114,0.32996349375359657
5115,0.41781177907054445
5116,0.6105996097287087
5117,0.5537121066190889
5118,0.3918500757943447
5119,0.493764677294552
5120,0.3307183591757506
5121,0.42077627950167945
5122,0.5495071827308926
5123,0.769047479499666
5124,0.5725162051409176
5125,0.4290086722331593
5126,0.5134674445272579
5127,0.6570211798078568
5128,0.7092042463042945
5129,0.5086773793245013
5130,0.553158709812544
5131,0.4263934520290384
5132,0.49622943330094405
5133,0.5736215710249064
5134,0.3764967119920923
5135,0.4367748151436671
5136,0.45871642546648084
5137,0.43965505349592787
5138,0.3578206366890646
5139,0.33604746186869316
5140,0.6272858086273742
5141,0.488668314174317
5142,0.4893396901378665
5143,0.5052705852976674
5144,0.6976478184242901
5145,0.449392440686541
5146,0.42040401978472974
5147,0.43546493681865345
5148,0.6508702253571552
5149,0.4631689243272901
5150,0.5428412380146108
5151,0.485835698839646
5152,0.6388467542264393
5153,0.6292057901862849
5154,0.5072575781844233
5155,0.44611286871702793
5156,0.7051908389283486
5157,0.6612631451558304
5158,0.4362564624421152
5159,0.4738310452070006
5160,0.31552295998958224
5161,0.5780247667986217
5162,0.5926229164371297
5163,0.3697592008292772
5164,0.6976100921207868
5165,0.4397281008631299
5166,0.5443220755013128
5167,0.34688053807871333
5168,0.47820106142716384
5169,0.47983165803431
5170,0.4565784955183426
5171,0.5278913224359613
5172,0.6683427436797639
5173,0.43811860070507624
5174,0.4560757025678789
5175,0.5135273608026754
5176,0.4058622865634892
5177,0.3639294258703072
5178,0.6485294566277457
5179,0.5028277683637077
5180,0.5386936646162765
5181,0.5578014739983506
5182,0.49129360285414664
5183,0.5422838595961584
5184,0.4745728590680073
5185,0.5523219560301295
5186,0.5115169477258912
5187,0.40699395215100054
5188,0.5528502623657285
5189,0.36810286623810123
5190,0.4729194936805424
5191,0.36196204104199525
5192,0.4689232163879417
5193,0.5325765929157315
5194,0.4262482091800138
5195,0.4852315822666403
5196,0.500637804005208
5197,0.4938992752849765
5198,0.6358886000214293
5199,0.7389062032437903
5200,0.5152716382573307
5201,0.5368998042782803
5202,0.5865648380075847
5203,0.5832863559861455
5204,0.6125959752922596
5205,0.5876143073084591
5206,0.5272677395045695
5207,0.5263322870357989
5208,0.5444909836580433
5209,0.38804223505884544
5210,0.4848707067733661
5211,0.5008981712035855
5212,0.35095554626974296
5213,0.4535168392629374
5214,0.467467985115635
5215,0.5250518916324116
5216,0.47747275804217715
5217,0.86261579673626
5218,0.33529701125142963
5219,0.6481902938948367
5220,0.49346723875675985
5221,0.5502174806543434
5222,0.5539406721733565
5223,0.5078924937344188
5224,0.49783938322028826
5225,0.5708198915003623
5226,0.6513294244644632
5227,0.5727400033950439
5228,0.5155200349128607
5229,0.46588838512602376
5230,0.6488293154314217
5231,0.5028424604376426
5232,0.5554982923795428
5233,0.47645991229524787
5234,0.4817442455996208
5235,0.5462551519918509
5236,0.3657308764622454
5237,0.5157099974488342
5238,0.5019280218241222
5239,0.45501268549958046
5240,0.4578720818750028
5241,0.6166319246235128
5242,0.7193019386458814
5243,0.5540015149728832
5244,0.4000672441165686
5245,0.5025381540565695
5246,0.48941906721257333
5247,0.4259981749758937
5248,0.5409089313936082
5249,0.56425523346562
5250,0.4981073890384926
5251,0.5348083111292706
5252,0.46446706902472906
5253,0.42821742291019327
5254,0.611296815801236
5255,0.4452205234036477
5256,0.4756653798805613
5257,0.3882208237880298
5258,0.4480280375195631
5259,0.5673875056314635
5260,0.46194121801936
5261,0.7116310345466912
5262,0.4794651102213981
5263,0.6699830297445581
5264,0.3714991280588685
5265,0.5745477126485309
5266,0.640744302630994
5267,0.5913104631032543
5268,0.762601759828663
5269,0.4085201786919035
5270,0.5851453049583851
5271,0.4975577217374667
5272,0.4898088619017216
5273,0.45325518056159253
5274,0.39153504233609554
5275,0.44096285967156346
5276,0.4612207609662167
5277,0.5201539326129636
5278,0.5942821586290186
5279,0.39954550143981393
5280,0.36286861940661963
5281,0.5746641976281552
5282,0.37778432353390523
5283,0.4110688533719861
5284,0.5115693059404154
5285,0.5224662810719025
5286,0.5364594888082802
5287,0.5988491388820746
5288,0.4448786106897106
5289,0.6914385962511321
5290,0.4824951033594138
5291,0.434099063906632
5292,0.5286357353055579
5293,0.4590599647944996
5294,0.4270508659881437
5295,0.6693447417062355
5296,0.36888126787681846
5297,0.4341757164968086
5298,0.6171068147102078
5299,0.5860793095559258
5300,0.5296828101465244
5301,0.860233931593134
5302,0.5676430210937664
5303,0.3341893796284686
5304,0.42811005705451777
5305,0.5313054800802297
5306,0.3678912210256776
5307,0.498461593816842
5308,0.5012268525886203
5309,0.43032494311770214
5310,0.4701021396025804
5311,0.6551626766125405
5312,0.36094210912443614
5313,0.5379837575040242
5314,0.47496324513444343
5315,0.4978366634285539
5316,0.4399490047352925
5317,0.49293154406986633
5318,0.4637538755153119
5319,0.45162584514083826
5320,0.7399968297773281
5321,0.38107761434927806
5322,0.4356507403818266
5323,0.49127682569771897
5324,0.5233757703797494
5325,0.641402722860653
5326,0.42807697576641013
5327,0.4786023229480487
5328,0.4892079442424306
5329,0.5282750016075124
5330,0.5951450426621643
5331,0.5038881331825864
5332,0.5165501988357805
5333,0.47790865821787837
5334,0.572734204421949
5335,0.46422223375559574
5336,0.4943981575605424
5337,0.7050818242365168
5338,0.4323873466971618
5339,0.7730303166381103
5340,0.4225067202731722
5341,0.4502640513158516
5342,0.5017369306360103
5343,0.4924796064294589
5344,0.5642878187410891
5345,0.5734405129728797
5346,0.46891208586316013
5347,0.5459649321254452
5348,0.48848968593092273
5349,0.4209841349834379
5350,0.4653744483501989
5351,0.5351109922356682
5352,0.5009786198687467
5353,0.5401005728006771
5354,0.4746645563190571
5355,0.6554276207196545
5356,0.7142944880005841
5357,0.49323788163940324
5358,0.7236505847304021
5359,0.6247133078009917
5360,0.6901258122718721
5361,0.6088172384754158
5362,0.4972110823512577
5363,0.5784597826476174
5364,0.5412748860306302
5365,0.5248384406189763
5366,0.6863114735466224
5367,0.596005381842468
5368,0.518504560870139
5369,0.49159017907864433
5370,0.5178284210212328
5371,0.48265350003335644
5372,0.6141999593336939
5373,0.5955512090877797
5374,0.4675594116845368
5375,0.5365408343940953
5376,0.610026127529874
5377,0.49838064895042006
5378,0.5674607512235154
5379,0.5075799260096516
5380,0.543277091902957
5381,0.4095653597579394
5382,0.484630488458701
5383,0.4300800089956758
5384,0.7001887207977439
5385,0.5211577391730571
5386,0.7924596601830898
5387,0.4466116275802345
5388,0.46390433117344293
5389,0.48765328513233186
5390,0.5776898766064903
5391,0.36677841353562135
5392,0.5105075315965737
5393,0.4645097082812046
5394,0.46288810733983227
5395,0.40836167064805373
5396,0.47380596898810867
5397,0.4824846425499141
5398,0.36783360296759693
5399,0.5651556217395172
5400,0.4857520287870937
5401,0.6167321395703559
5402,0.481392317642748
5403,0.5145476913330981
5404,0.43330301019163586
5405,0.5905475994770476
5406,0.6303412525216636
5407,0.5573835119396939
5408,0.4881177785531051
5409,0.5197079916114982
5410,0.503208502364284
5411,0.5400097747459103
5412,0.4746740330202241
5413,0.40423738584824165
5414,0.6442837322913249
5415,0.34874472161937065
5416,0.5305453960288626
5417,0.5709190421167927
5418,0.35097292763805427
5419,0.4320826888014767
5420,0.4813102334086328
5421,0.4253726687114929
5422,0.6473328825216851
5423,0.5267973604588259
5424,0.3274374102680464
5425,0.5599573887423274
5426,0.5538942282341226
5427,0.5035806374375039
5428,0.6510904738227161
5429,0.3866508693183928
5430,0.4724919104778301
5431,0.678199238282799
5432,0.5031016787335043
5433,0.5228841466526462
5434,0.4229484728665077
5435,0.653698407695043
5436,0.41358782732436655
5437,0.5644584200233252
5438,0.47638705963622463
5439,0.4696160965429969
5440,0.5357999715487394
5441,0.4693305786757276
5442,0.7084020741314466
5443,0.547696680585346
5444,0.5689017646762341
5445,0.28833800308792523
5446,0.4939823027061492
5447,0.5648750949585954
5448,0.6456517063580478
5449,0.7003395504064118
5450,0.5936218677201173
5451,0.5068251771025923
5452,0.4932713924527931
5453,0.4482061775385956
5454,0.5023178413836973
5455,0.6725149815019715
5456,0.6178569356694955
5457,0.41230568855673844
5458,0.6144357880285005
5459,0.5423199913104272
5460,0.5532074207663712
5461,0.4419981648735478
5462,0.45219363274517865
5463,0.49732185246777405
5464,0.4370273547470702
5465,0.3492143796394298
5466,0.5808703381668807
5467,0.4190645404027358
5468,0.4266402780710725
5469,0.3982700368394996
5470,0.6556510677232326
5471,0.5586747124000404
5472,0.4664179749936741
5473,0.5576606939145223
5474,0.4654644514315519
5475,0.4473996547238931
5476,0.3210999605083549
5477,0.43309280498335706
5478,0.3688947723968127
5479,0.5976080564355513
5480,0.5505730883469155
5481,0.7036749095449688
5482,0.3029322629256245
5483,0.46404033310921805
5484,0.5035009079809665
5485,0.5887312687381264
5486,0.5376358243256059
5487,0.7521643260284313
5488,0.6097300248732869
5489,0.4704277077488455
5490,0.4553313910031858
5491,0.49622299004790654
5492,0.4754798122233592
5493,0.6015836967652969
5494,0.7033819943298725
5495,0.5396692347115968
5496,0.4752294343088685
5497,0.3980796133055393
5498,0.6149761781593295
5499,0.5403204143399384
5500,0.6390981077755712
5501,0.6093532370902366
5502,0.4774398916578939
5503,0.5349536554052206
5504,0.4063672118621221
5505,0.3989959330378594
5506,0.4616536816295729
5507,0.7350891115733241
5508,0.4301807046883755
5509,0.5543861630056206
5510,0.5050399216282244
5511,0.6344902118462656
5512,0.6697050255377534
5513,0.7491822303239771
5514,0.5669058615310218
5515,0.5928511041993767
5516,0.5053512674157977
5517,0.42686177229155525
5518,0.6916049865763866
5519,0.5624520330774492
5520,0.39513439323981847
5521,0.4925710153284275
5522,0.5803496975127685
5523,0.4517813027663146
5524,0.47356062052457004
5525,0.6435136843248317
5526,0.6266522727390875
5527,0.6724808250132189
5528,0.6407767357739569
5529,0.4692619727111139
5530,0.30541478882042417
5531,0.6277317604695754
5532,0.5206627050871245
5533,0.45058386222958535
5534,0.45332850623776794
5535,0.6392663142652857
5536,0.5643717006440877
5537,0.38923548141101927
5538,0.32345048858208936
5539,0.6784293690944857
5540,0.5991443887782648
5541,0.5693716028512813
5542,0.5876242549648757
5543,0.5744520572327577
5544,0.540390428782879
5545,0.45719418070137324
5546,0.511838467479244
5547,0.5327743863446521
5548,0.5324527754398914
5549,0.42258606527600956
5550,0.39098083219327606
5551,0.5399222934120725
5552,0.688337265426077
5553,0.6749418248319179
5554,0.5120867311031718
5555,0.44131224883026016
5556,0.3573049669123315
5557,0.5905886438724897
5558,0.46116594148789036
5559,0.5606269030499142
5560,0.4230191562378969
5561,0.47805906916681495
5562,0.6946279077950253
5563,0.6680737246199864
5564,0.48326199328238034
5565,0.6078024995235862
5566,0.40913905952696716
5567,0.48237479014328943
5568,0.47447061449823424
5569,0.41529230098246783
5570,0.504245232065934
5571,0.5096063259470682
5572,0.5772950163936402
5573,0.535309424580993
5574,0.48220018315824215
5575,0.42429882254371065
5576,0.41773377162676345
5577,0.552567710950094
5578,0.4907982306486208
5579,0.4653668739925958
5580,0.497610744314845
5581,0.44549349800384985
5582,0.5264221158149438
5583,0.5702512030191628
5584,0.5381549219359634
5585,0.27359630330538914
5586,0.4947365584622337
5587,0.5300880745050263
5588,0.43732246799849445
5589,0.6486695108498388
5590,0.6796281072874599
5591,0.38671373599613884
5592,0.5050160717081197
5593,0.80550044794922
5594,0.39974814210700826
5595,0.4725392173133704
5596,0.4808021667630967
5597,0.642399734067713
5598,0.6216685729079862
5599,0.5341678911379737
5600,0.5210674280707598
5601,0.38706362887553314
5602,0.6376316913036394
5603,0.5540280314979543
5604,0.4937325546616686
5605,0.5175120114608966
5606,0.5667952959473177
5607,0.5057143087953568
5608,0.5285285240828342
5609,0.5722644400262632
5610,0.5977652617168918
5611,0.3766385634217707
5612,0.5396727535522762
5613,0.6087087789777696
5614,0.4227263604210442
5615,0.38909843149907336
5616,0.48370980585646156
5617,0.5953175405841606
5618,0.5681353295292515
5619,0.5420365369433694
5620,0.3604021815757106
5621,0.5905707677862057
5622,0.4679086738706935
5623,0.4280508246636491
5624,0.4264976109130432
5625,0.4431404463295969
5626,0.5603914185702958
5627,0.42862427841761896
5628,0.5257542124372826
5629,0.4805520136726384
5630,0.4395371282263993
5631,0.5216232319218524
5632,0.6322122188450053
5633,0.59271134465709
5634,0.491565763009713
5635,0.4744300483566909
5636,0.4836786154039496
5637,0.5685261270402509
5638,0.3849501200594899
5639,0.5516867602273745
5640,0.6083343588179636
5641,0.484906247961531
5642,0.49530560645413374
5643,0.6256901813311719
5644,0.42130722707923995
5645,0.5349121025513419
5646,0.4187992152949545
5647,0.4866897312254061
5648,0.6701274675921641
5649,0.507364817264578
5650,0.44407380933282525
5651,0.7329545402904146
5652,0.476981528951262
5653,0.4481339409035353
5654,0.46775505880673973
5655,0.40057209023793516
5656,0.3949486974259967
5657,0.6446625950316024
5658,0.43781245598569923
5659,0.3583387579973992
5660,0.49272763711073325
5661,0.42368838874896053
5662,0.569879043711699
5663,0.6433719333126426
5664,0.4840179024610751
5665,0.5708580081091349
5666,0.5557169209126659
5667,0.702224115071066
5668,0.5337196368895007
5669,0.5860374241107363
5670,0.41124639578843303
5671,0.4679597212332519
5672,0.5985388181653015
5673,0.36240747506723864
5674,0.5968287427893498
5675,0.5097775884279887
5676,0.47438704095901935
5677,0.446053837623873
5678,0.5359713722501841
5679,0.5153246223951207
5680,0.6260575813885887
5681,0.736938788863112
5682,0.5021283733935394
5683,0.44290616867233545
5684,0.5274114754625857
5685,0.49133112354100644
5686,0.3595847240942384
5687,0.6523972614870988
5688,0.4685203929947399
5689,0.36766437223028253
5690,0.44230199195222764
5691,0.5079980099608725
5692,0.5918918892572285
5693,0.5139583180398394
5694,0.6190555898962354
5695,0.42814586768402774
5696,0.536500860219252
5697,0.4822040182574836
5698,0.7636591257989915
5699,0.4183512074626969
5700,0.48074120874593756
5701,0.6230850757732816
5702,0.5869420569394719
5703,0.5792789262826888
5704,0.3230997528770302
5705,0.5985790855603986
5706,0.4811360677267952
5707,0.5028786524800187
5708,0.5054753388692107
5709,0.7088126440805669
5710,0.5309037784247838
5711,0.6370517598888493
5712,0.6005452223320054
5713,0.5872489245966684
5714,0.39448563943957043
5715,0.5765463575389778
5716,0.5512172158963448
5717,0.4738253821558664
5718,0.6005399434401099
5719,0.448439161697746
5720,0.5613582405171268
5721,0.3552220740453351
5722,0.6711712224673564
5723,0.4889450008476828
5724,0.46933592390627493
5725,0.6421614682937018
5726,0.6990972619028697
5727,0.3631427203115051
5728,0.5680406113284202
5729,0.6527430636182715
5730,0.6732515765646024
5731,0.5764282804569267
5732,0.4016789378931658
5733,0.5738116402372881
5734,0.5210371030219657
5735,0.4913049784400223
5736,0.5260114131966257
5737,0.551713750013841
5738,0.4405922028266121
5739,0.4384394437967756
5740,0.5821962794816697
5741,0.3845409258352387
5742,0.8530248207731488
5743,0.41671087091131
5744,0.42826343869945016
5745,0.6100867442749663
5746,0.6287536192265906
5747,0.5036163273974554
5748,0.45005597752397536
5749,0.41037881759619677
5750,0.4162808978011401
5751,0.44000839588114604
5752,0.47258117607716416
5753,0.47198040548534637
5754,0.5379211692287142
5755,0.6224722432646399
5756,0.503097527117819
5757,0.4050309658311876
5758,0.5912790919811969
5759,0.4403989366817007
5760,0.5702202461468574
5761,0.44747571443290535
5762,0.625602782121429
5763,0.5226584182868719
5764,0.48415468728357103
5765,0.6361386071408258
5766,0.39356547266708297
5767,0.5205238663882004
5768,0.33496641595301624
5769,0.37155418923896455
5770,0.38494274633474856
5771,0.5117365338194186
5772,0.5441170086523899
5773,0.46689956822325823
5774,0.5720871775975874
5775,0.6585303407411927
5776,0.4976116463592907
5777,0.4433992481577415
5778,0.6464740591648661
5779,0.6089286218439156
5780,0.3745226266330382
5781,0.5496260819263099
5782,0.3701910438848466
5783,0.4718103899487235
5784,0.4764131375691619
5785,0.4505636194462467
5786,0.4189002884309778
5787,0.4737587114763519
5788,0.5067089337004314
5789,0.5358308014822748
5790,0.7356670227977118
5791,0.5855737153464976
5792,0.46825655437947855
5793,0.4808601512926998
5794,0.3572042104261459
5795,0.6509843700644761
5796,0.5340775242534743
5797,0.5643829399666497
5798,0.4563231369762472
5799,0.6587329351543092
5800,0.5149671095166433
5801,0.4620098525121906
5802,0.579744154244006
5803,0.3726353834153297
5804,0.4916213643302401
5805,0.7839095608468784
5806,0.7142619596125909
5807,0.476708184394099
5808,0.241266572189204
5809,0.4628325770038544
5810,0.47764010155748
5811,0.5323512642740361
5812,0.5296067873254928
5813,0.5063804785647159
5814,0.47896114682455554
5815,0.5442818196627437
5816,0.5257178220068556
5817,0.4603588344592776
5818,0.56082215130891
5819,0.445773723383872
5820,0.3782215296890161
5821,0.7525166827583846
5822,0.3849407731463439
5823,0.5309528112401172
5824,0.5298381897372344
5825,0.49044127673697197
5826,0.465822979551861
5827,0.6117157950761729
5828,0.4675800176939401
5829,0.4988858144620308
5830,0.5275997088922381
5831,0.4711910909198464
5832,0.3069691621630269
5833,0.5087322180947091
5834,0.7437832528784196
5835,0.306160390784838
5836,0.45439963940286116
5837,0.4929185601755061
5838,0.5781660059748643
5839,0.3842924690632855
5840,0.43071791792531006
5841,0.5012918680553744
5842,0.5469031753498428
5843,0.44738529598570975
5844,0.5683816301079826
5845,0.473338219278313
5846,0.43288722707929755
5847,0.5465115358175016
5848,0.5434366144410369
5849,0.5024307119411189
5850,0.5215019139430463
5851,0.5719802396561338
5852,0.5308686631343006
5853,0.44946421264278014
5854,0.6160838334703449
5855,0.4073393937590951
5856,0.34687152274704613
5857,0.6796979812814148
5858,0.5022306453247007
5859,0.5321375191487088
5860,0.3656646923556981
5861,0.35335301171958533
5862,0.40315985626543804
5863,0.49848128524379065
5864,0.4202805179677887
5865,0.5112378897226291
5866,0.48051195973252564
5867,0.7147777847341625
5868,0.5967744563434664
5869,0.44919536692895806
5870,0.5366953964639235
5871,0.5064522592720926
5872,0.458350616909066
5873,0.48757544665606234
5874,0.46169735748661134
5875,0.4442207763807841
5876,0.5400513411583268
5877,0.6734619946039141
5878,0.4586359915929008
5879,0.5205194889594866
5880,0.5625010126049016
5881,0.5307400155231632
5882,0.4039776875752817
5883,0.5811600785308659
5884,0.6278768314545279
5885,0.4706196835311137
5886,0.4387376009739655
5887,0.4398176041926116
5888,0.5513358607175133
5889,0.49285478783529246
5890,0.617268501503456
5891,0.45471315448429417
5892,0.47559951480384804
5893,0.5185182009329526
5894,0.44871838002822245
5895,0.27549945277920396
5896,0.5739911040502556
5897,0.5776506125371187
5898,0.44887752383968366
5899,0.4099551977485699
5900,0.5310847427175349
5901,0.5366120366000384
5902,0.36486098063463124
5903,0.42975819958394135
5904,0.6616316493032877
5905,0.5749537622058931
5906,0.5008997569608724
5907,0.5674414775211325
5908,0.49039598026502773
5909,0.2823275570614538
5910,0.5450419866204322
5911,0.6603369310633688
5912,0.5288105071210004
5913,0.5187511077115655
5914,0.6027208536904952
5915,0.474929978014166
5916,0.4224111855971721
5917,0.44787160021832784
5918,0.5029450415844628
5919,0.3178191567398716
5920,0.41078289150894176
5921,0.5093083125837798
5922,0.32857357721613245
5923,0.3161221050937391
5924,0.5334444729537401
5925,0.5316986019350587
5926,0.45094988655115564
5927,0.28502450931492973
5928,0.555280426187952
5929,0.43329696888592073
5930,0.40560968005563414
5931,0.3694084300220444
5932,0.6594564534938039
5933,0.4960340289525488
5934,0.5098902186170341
5935,0.4190659610650768
5936,0.5436030499236141
5937,0.4287716603104496
5938,0.5445137595200527
5939,0.4694525055901963
5940,0.5188186012322378
5941,0.45633353340442995
5942,0.3937578550025426
5943,0.3575803891041726
5944,0.525068978490271
5945,0.43040904520759893
5946,0.5278735605046727
5947,0.5394173865589529
5948,0.46298186230394056
5949,0.4182741389247694
5950,0.6535324911638443
5951,0.5424021441987261
5952,0.7718133861904384
5953,0.5147441032544767
5954,0.5507620700962876
5955,0.5483637220244937
5956,0.4248560004363673
5957,0.5588132450065999
5958,0.6776272519215001
5959,0.3378177762604908
5960,0.534321886810567
5961,0.5261492909294309
5962,0.5446961084910719
5963,0.630105052626611
5964,0.7354024557797278
5965,0.5852619105158993
5966,0.42536710301511416
5967,0.3879922786973508
5968,0.5863997257333864
5969,0.47233659242739734
5970,0.3165987570272377
5971,0.5673224519586126
5972,0.5920156716746089
5973,0.38633055213922673
5974,0.5491309643732665
5975,0.6156347835864376
5976,0.5074794164226051
5977,0.40531625812216304
5978,0.5663210645047899
5979,0.44642683243437165
5980,0.5287431346029884
5981,0.34454549319642813
5982,0.5260977855321815
5983,0.6206857459948406
5984,0.6431456815078592
5985,0.6252866081410541
5986,0.42461380641232305
5987,0.6020232348130597
5988,0.4714105917419574
5989,0.34565872727787006
5990,0.49448252591629177
5991,0.5349602687150524
5992,0.691915802425507
5993,0.6491035350852044
5994,0.4970918710243613
5995,0.5269514142549362
5996,0.5889141237771143
5997,0.5753484872876043
5998,0.5168244790778953
5999,0.4358978691670471
6000,0.42946586733616077
6001,0.6026525763645966
6002,0.5313192192250075
6003,0.5179353048009426
6004,0.4468244082113903
6005,0.40172732637570346
6006,0.4652836274160517
6007,0.5650903441706816
6008,0.6127741585821762
6009,0.579010556949993
6010,0.4912495013857357
6011,0.45498944320989027
6012,0.5694168026380334
6013,0.5231448156544153
6014,0.5023486384116764
6015,0.40217558727162195
6016,0.3992083293230928
6017,0.5417883603371537
6018,0.5514476252151663
6019,0.4036702448037581
6020,0.5925177438134436
6021,0.5705256509743244
6022,0.5587052713591478
6023,0.4205888181429145
6024,0.4398275223109552
6025,0.483572901215571
6026,0.6386095451787723
6027,0.6213170964649741
6028,0.3639593885161201
6029,0.5612448731774322
6030,0.38981497537681215
6031,0.47732214904803344
6032,0.5594648354927645
6033,0.5249664429810144
6034,0.364918784343906
6035,0.416164338306981
6036,0.5108928755709113
6037,0.43488558650235404
6038,0.546475408141382
6039,0.49318111904296924
6040,0.3834469264047772
6041,0.490876572055815
6042,0.4150355028694149
6043,0.518048441165363
6044,0.5398353748817386
6045,0.5145837306118778
6046,0.3600039061491763
6047,0.5442694439156321
6048,0.7213566196156862
6049,0.5086648517942514
6050,0.4783408333777854
6051,0.49282109915520006
6052,0.685383678756949
6053,0.6022793162873313
6054,0.5746928075921449
6055,0.500850414711004
6056,0.4124245665162318
6057,0.45739336524754776
6058,0.5807968768539495
6059,0.4162419355000766
6060,0.580742323466374
6061,0.6024485571774192
6062,0.4239790613834973
6063,0.5789621782671983
6064,0.4403258793950307
6065,0.4952423137667958
6066,0.7449712333476359
6067,0.4272108119232729
6068,0.6590243464426075
6069,0.4989988780567652
6070,0.45137313902096826
6071,0.5042091881560844
6072,0.43085845430089054
6073,0.3733028048320265
6074,0.5032529487138365
6075,0.44877629414443065
6076,0.5432733745360402
6077,0.5655212003025458
6078,0.46001223935075697
6079,0.4179035640636616
6080,0.4862548146943723
6081,0.47868315478236995
6082,0.5557953917452623
6083,0.45901647621691166
6084,0.3922374658877877
6085,0.46837870957342115
6086,0.6114559585378269
6087,0.4983019786424609
6088,0.4077354096791269
6089,0.6010583992904557
6090,0.4786359125995846
6091,0.5965087549978006
6092,0.4688718481892464
6093,0.7138672345240301
6094,0.5070375221984001
6095,0.5341759939641646
6096,0.42956669397847014
6097,0.5950775817032581
6098,0.6039106433839406
6099,0.587131204950165
6100,0.5981851706852459
6101,0.5656608330790911
6102,0.5086035925690726
6103,0.5925258746818196
6104,0.44215762239408263
6105,0.3464229162978535
6106,0.464583680753166
6107,0.4631514591347331
6108,0.6062659799774299
6109,0.37266375598528434
6110,0.5013364452400499
6111,0.48821566983448766
6112,0.6018720908253747
6113,0.5254766807659712
6114,0.7572595957420523
6115,0.503889764097729
6116,0.5212158210490272
6117,0.5075527975795227
6118,0.4125814423986669
6119,0.3338245062929379
6120,0.4839410428227493
6121,0.4665350786576382
6122,0.5006956741296126
6123,0.45939579561383564
6124,0.527879475019701
6125,0.5176959146763817
6126,0.5638126843234591
6127,0.6038636304739684
6128,0.6116446051761945
6129,0.47157798814537055
6130,0.5005756959848805
6131,0.5300399364836814
6132,0.5656582670215601
6133,0.3461589194681369
6134,0.6214939495339712
6135,0.6893040562088447
6136,0.5354991702383971
6137,0.46334272051419667
6138,0.5110262194178491
6139,0.5817602808536154
6140,0.6002372273461091
6141,0.2959809600642348
6142,0.6667410778570325
6143,0.44596918409852904
6144,0.37635317885736863
6145,0.34075452833662073
6146,0.6544436213578241
6147,0.5789265679820442
6148,0.4453026048387392
6149,0.46653269422285654
6150,0.440589624963066
6151,0.6346780102775484
6152,0.5797078484877933
6153,0.4793142466971907
6154,0.48417906297298585
6155,0.42133051289678713
6156,0.6245411739555463
6157,0.48571067321133504
6158,0.4331989853285494
6159,0.48691054138824247
6160,0.5436150418147626
6161,0.49177233586022784
6162,0.6925894081177677
6163,0.48070564045297537
6164,0.5793173911815428
6165,0.5212970559961624
6166,0.5375770124631616
6167,0.38431100519516426
6168,0.5396202409458571
6169,0.48206499577218936
6170,0.4972621895285725
6171,0.32452297735391256
6172,0.5644629835045472
6173,0.4110398893316448
6174,0.6628331869316717
6175,0.5559978620975254
6176,0.49870584107732197
6177,0.6430444013499926
6178,0.4788675023330132
6179,0.568107320452789
6180,0.5778045494293962
6181,0.569692487418875
6182,0.5160449904770283
6183,0.5678876384269423
6184,0.54859954322811
6185,0.5746710511833852
6186,0.47282587020182304
6187,0.5388147033252377
6188,0.4472092592733185
6189,0.4099460791736521
6190,0.4997860827724348
6191,0.553774811979395
6192,0.6253544590856729
6193,0.525129796561997
6194,0.37574138606282026
6195,0.4408307876535887
6196,0.4334429821812219
6197,0.4795208365724188
6198,0.2806165792335407
6199,0.40845241808412835
6200,0.5426683123915774
6201,0.5097160898089523
6202,0.45170860101845445
6203,0.372908267092524
6204,0.5950754542701756
6205,0.5609930319245221
6206,0.5822153178650821
6207,0.35438139538557223
6208,0.480449568605661
6209,0.537274843912622
6210,0.5703191419104775
6211,0.511306508876946
6212,0.47623730447441176
6213,0.4598959331753915
6214,0.5141713605581464
6215,0.4342607298145334
6216,0.4226782453950822
6217,0.43049136536941285
6218,0.53437481019231
6219,0.5950867901988834
6220,0.4892107776493998
6221,0.4632082658244894
6222,0.5675073101445394
6223,0.5982408478361192
6224,0.5099121884726192
6225,0.5731310386859659
6226,0.41265339683443925
6227,0.8673983332721611
6228,0.38384562575134373
6229,0.5375475617114235
6230,0.424500936670707
6231,0.5364922447958158
6232,0.7290575592496286
6233,0.5874439429913267
6234,0.7222549632904087
6235,0.45887117234572017
6236,0.32577250125638135
6237,0.5712796316703992
6238,0.5497913282058718
6239,0.4674865679311568
6240,0.4364634868085032
6241,0.5300160233786487
6242,0.4627570934133839
6243,0.5326840788830381
6244,0.685392707304295
6245,0.6049551672253191
6246,0.6423466971411487
6247,0.4595547453656356
6248,0.5136432570436197
6249,0.404700006144367
6250,0.5102076805985902
6251,0.5293817521845988
6252,0.42053658303160435
6253,0.520624523199107
6254,0.45728199125085434
6255,0.5850524133332957
6256,0.5471704897238419
6257,0.6791107924086668
6258,0.42593824816206843
6259,0.4851045039939818
6260,0.5793853386944683
6261,0.4660967615346695
6262,0.33845882565047725
6263,0.41115009131069
6264,0.61332291614946
6265,0.5972197609651013
6266,0.4141651358350863
6267,0.5176250248519917
6268,0.7258951338807922
6269,0.664753348689616
6270,0.5836988533941264
6271,0.5386261030762453
6272,0.6408733466779082
6273,0.6652823745856214
6274,0.3852987120700883
6275,0.41930101289863514
6276,0.43326709998626134
6277,0.6545884936409626
6278,0.5110394704661692
6279,0.5422943951657065
6280,0.5015591324923778
6281,0.5022038025720227
6282,0.5396916927102042
6283,0.6941622661036
6284,0.35245327653329706
6285,0.5281787584644155
6286,0.42979610355631653
6287,0.5824649963537355
6288,0.4752146719774162
6289,0.5732774577139561
6290,0.5586683165990307
6291,0.42744759080201755
6292,0.4294951806975394
6293,0.7745327828858962
6294,0.40126864778332
6295,0.4257394488314046
6296,0.6167921162517369
6297,0.46557420702637536
6298,0.45057490714871984
6299,0.49358155576834933
6300,0.42429730328657245
6301,0.5608496457388814
6302,0.48380742760178613
6303,0.43197467005690404
6304,0.4613705316136805
6305,0.32026375257687145
6306,0.44689447214067535
6307,0.5134826442384858
6308,0.640714377616739
6309,0.763377115594785
6310,0.456073612576829
6311,0.41908218354111654
6312,0.538776081509352
6313,0.5269771894562799
6314,0.7399502561199957
6315,0.3512714641343256
6316,0.48643314034024576
6317,0.4986665419834378
6318,0.7025900303397614
6319,0.5982627844549743
6320,0.46070927277628543
6321,0.5276220668714297
6322,0.5118528241383776
6323,0.3908600611540468
6324,0.5222821468378301
6325,0.6111719184151455
6326,0.457651785717509
6327,0.6228106953735786
6328,0.6098101539358652
6329,0.48360028174538017
6330,0.5597066953609083
6331,0.4737444499920244
6332,0.45496944675389983
6333,0.36666958438284203
6334,0.6710219398119792
6335,0.5860509868972076
6336,0.4501273038684725
6337,0.4404920949723177
6338,0.5238958460984094
6339,0.5584538950255128
6340,0.4155057590242283
6341,0.5718179921176226
6342,0.670406180483718
6343,0.35857823086232754
6344,0.492484259078595
6345,0.44813106233025074
6346,0.36949393208396075
6347,0.5181508887076606
6348,0.5530544928666754
6349,0.7343332142442838
6350,0.5113384629987798
6351,0.5267382201444759
6352,0.500455389934436
6353,0.5776886629215987
6354,0.41695827862178086
6355,0.5547927460128473
6356,0.4949129092598555
6357,0.6138473197078805
6358,0.5214730734428694
6359,0.4093400202630244
6360,0.5113638314050413
6361,0.648166246856889
6362,0.3606047765533046
6363,0.5563181621860617
6364,0.643773277238441
6365,0.6404994834717669
6366,0.6909319675750659
6367,0.6656969779942185
6368,0.595429707391572
6369,0.4872153536736219
6370,0.5544410377319472
6371,0.558151682075602
6372,0.4374114028532542
6373,0.43364703500205165
6374,0.41747395285215705
6375,0.47581317218728664
6376,0.35911855254009606
6377,0.5171078718548633
6378,0.34987682470116976
6379,0.5375920837141474
6380,0.546876797357734
6381,0.5315116978170566
6382,0.6350147732213445
6383,0.5250181371943754
6384,0.496881661097373
6385,0.43557736618023796
6386,0.5702013583515285
6387,0.46410379678801245
6388,0.4737133312922267
6389,0.5461378248140132
6390,0.4599212842738007
6391,0.5404211980932049
6392,0.5473431794890662
6393,0.46136724889158215
6394,0.5035620715808664
6395,0.41361712321282973
6396,0.5249348212600506
6397,0.6765461357758594
6398,0.4763580763285363
6399,0.5500237700463737
6400,0.4476470341406761
6401,0.3041287229372833
6402,0.4468883939439612
6403,0.4285111149560225
6404,0.5737756080399576
6405,0.46085298036924927
6406,0.48272731502761324
6407,0.5495647764247445
6408,0.4452396028175293
6409,0.5290636830373662
6410,0.4586130662084171
6411,0.3598630061591158
6412,0.5939020981590388
6413,0.49952171871818674
6414,0.6289038702646665
6415,0.7048675046350468
6416,0.5428842937062632
6417,0.6302519736947816
6418,0.5829379366406464
6419,0.4716864336829318
6420,0.35139912066070145
6421,0.46511517976957595
6422,0.552544719249028
6423,0.40719405442991746
6424,0.6161634470486405
6425,0.5631528302760522
6426,0.5339338697163346
6427,0.3895559939157196
6428,0.55148817545842
6429,0.41937224898848335
6430,0.7077122891144734
6431,0.56285365755067
6432,0.44974955847005216
6433,0.622088657034999
6434,0.5144798419605361
6435,0.4052808952672284
6436,0.49311025372971334
6437,0.5350398973645909
6438,0.36189037922455775
6439,0.5480835114550944
6440,0.41187241589844553
6441,0.3720519692232269
6442,0.4496211677568515
6443,0.45256150694588804
6444,0.41035656014576427
6445,0.5972537162172136
6446,0.4918178513978958
6447,0.5625870910934168
6448,0.5643573784697793
6449,0.4083735933912739
6450,0.4495867742969324
6451,0.6437215569204073
6452,0.5179908242404527
6453,0.616995406378182
6454,0.7812688097604386
6455,0.3775569822247509
6456,0.48317021409679
6457,0.5832389135084518
6458,0.44294203599424276
6459,0.4948075611359128
6460,0.4489400857675711
6461,0.414448680775411
6462,0.45352450684958795
6463,0.630676533407335
6464,0.5454241856775038
6465,0.5731215777479006
6466,0.45227390926426597
6467,0.4842497063520606
6468,0.5437155113660692
6469,0.5138574603998731
6470,0.6338764881223693
6471,0.5721333078349498
6472,0.48482032469984904
6473,0.6441436636244514
6474,0.6023304182737576
6475,0.4257486056909266
6476,0.49905064983737907
6477,0.8531138328739204
6478,0.6430147884970896
6479,0.5497209670174021
6480,0.5717333538971295
6481,0.42890135419982395
6482,0.47195750136239395
6483,0.42616778456594095
6484,0.6061736629706305
6485,0.48822375949361557
6486,0.4655560304258804
6487,0.48641704879995756
6488,0.3455747951331348
6489,0.642508729908498
6490,0.35058386353683235
6491,0.45890685001085807
6492,0.4265779749353028
6493,0.4190630334832245
6494,0.45422772822339225
6495,0.5356781722376766
6496,0.3564618705466239
6497,0.4796831238780595
6498,0.3340599403810671
6499,0.4565984825555618
6500,0.5267188748397494
6501,0.5430973535456982
6502,0.3641272510963722
6503,0.6333080202338718
6504,0.4622421171633048
6505,0.44713222548604803
6506,0.4770693424677715
6507,0.5983867494019571
6508,0.43415235118428475
6509,0.4269106560260796
6510,0.5363201709357769
6511,0.5154794418896921
6512,0.4967952577027537
6513,0.4951744012230288
6514,0.5461695054249653
6515,0.49127086527284985
6516,0.716371846924124
6517,0.4270035041861546
6518,0.5690380439752903
6519,0.44100372592255427
6520,0.337188275226159
6521,0.4923533522395648
6522,0.3567918444372986
6523,0.5512286332182035
6524,0.37296427702479806
6525,0.7210667022403483
6526,0.6690800732504558
6527,0.639575095079162
6528,0.5613044055313462
6529,0.5693749752385775
6530,0.4441051353547847
6531,0.614155867810537
6532,0.48809770446392353
6533,0.5619068231454677
6534,0.5156453539094359
6535,0.45134231626529947
6536,0.46076086849690023
6537,0.5027107226257242
6538,0.4634375327478817
6539,0.5175393495180197
6540,0.5049641832771423
6541,0.6013726821222511
6542,0.5552687847849812
6543,0.48435905723733846
6544,0.6795774270921794
6545,0.5726633092946778
6546,0.8121334006294706
6547,0.531404880687343
6548,0.334964977619274
6549,0.5440149914754987
6550,0.4161202704721483
6551,0.4844899175880755
6552,0.39055652679692443
6553,0.6192758339632277
6554,0.3854793426226794
6555,0.5793561680978293
6556,0.44369378074624327
6557,0.4842921676713313
6558,0.5866424373865559
6559,0.5079790135758259
6560,0.6863149692965752
6561,0.3998356213278697
6562,0.5142644392126878
6563,0.5919653693704647
6564,0.4604657258398579
6565,0.37836781281540255
6566,0.5937539036338904
6567,0.4176351171654343
6568,0.5401874570949661
6569,0.549716673425348
6570,0.5177241908235192
6571,0.7793725661355045
6572,0.6445708208026919
6573,0.5851970217915127
6574,0.47884761877429144
6575,0.5475788773226674
6576,0.5555815908732563
6577,0.5141076848089947
6578,0.4968504977183451
6579,0.5452478816057504
6580,0.4726020002027596
6581,0.4082558826015991
6582,0.6458669941297214
6583,0.40792992791064775
6584,0.5531453289032567
6585,0.4612644110011729
6586,0.4771055948587095
6587,0.3521892815363983
6588,0.6756639764910307
6589,0.637105553878466
6590,0.5189257476157539
6591,0.4962912228708491
6592,0.3212124243362118
6593,0.5620929032763488
6594,0.4575497372286479
6595,0.44584886855422734
6596,0.4940240921404699
6597,0.5343588812915243
6598,0.305161415079644
6599,0.4309377979368619
6600,0.5743705406082291
6601,0.5282276997084315
6602,0.6236815231882431
6603,0.4408736717669232
6604,0.5555470117698862
6605,0.4249840515885566
6606,0.46216400561399507
6607,0.461794379713691
6608,0.42447346044344125
6609,0.5471323754502576
6610,0.37233479564646055
6611,0.48283346940729577
6612,0.3459618469125176
6613,0.4578123679897247
6614,0.5397937177315677
6615,0.5536951508957718
6616,0.4163654978827578
6617,0.4335669774805186
6618,0.38599464557153346
6619,0.38938060853593726
6620,0.536437782188222
6621,0.5663490352852187
6622,0.3981422385665978
6623,0.6209974252760553
6624,0.4262499124339408
6625,0.5148066423791264
6626,0.5417669374175266
6627,0.5910995543854477
6628,0.4156337619844094
6629,0.37511529366446883
6630,0.5512692297272584
6631,0.5780857863041344
6632,0.4617221880795484
6633,0.5221837443325501
6634,0.6914548335825532
6635,0.6920729851179975
6636,0.540141935602894
6637,0.37873827467599314
6638,0.4857158232147574
6639,0.5370532755867009
6640,0.47466416413511425
6641,0.6329199234267693
6642,0.5113253350363932
6643,0.6589534574275951
6644,0.39507885705177376
6645,0.5571676486533631
6646,0.39893003461215115
6647,0.5640827789900527
6648,0.5544260688420432
6649,0.45332561249410713
6650,0.4321937068136936
6651,0.6101921997497158
6652,0.6168649040273468
6653,0.49867691897381194
6654,0.44750017518920854
6655,0.5123963345718573
6656,0.5533144086301802
6657,0.4228381010068615
6658,0.3566361385996304
6659,0.7115057894188751
6660,0.5648941970598066
6661,0.38859099021161975
6662,0.5510891172712292
6663,0.604475842218684
6664,0.5378277601569947
6665,0.526404886245
6666,0.5024115373920148
6667,0.3429376869615752
6668,0.523361319508612
6669,0.378363242998465
6670,0.5913097717002602
6671,0.48359637963547003
6672,0.6182987662331241
6673,0.5349898049759275
6674,0.42578124518677374
6675,0.45569337788778563
6676,0.5745079127834576
6677,0.4420602994339461
6678,0.5272924348068332
6679,0.40416651246928414
6680,0.444808911456369
6681,0.49747461812041566
6682,0.5414124699245894
6683,0.42012389092124525
6684,0.5395224997450359
6685,0.4743807496653877
6686,0.501041128849649
6687,0.45859493447483274
6688,0.5464961559547721
6689,0.48470524508892426
6690,0.4045158728147387
6691,0.5299241111490607
6692,0.5568326218226124
6693,0.7412724830019599
6694,0.4710493335893972
6695,0.4020317131074535
6696,0.5041258760050413
6697,0.4601272086565565
6698,0.628295338102169
6699,0.6062303074921486
6700,0.5692629595174042
6701,0.5575410935941588
6702,0.49197575183180425
6703,0.4576417565814012
6704,0.4905734224248801
6705,0.5270789656144044
6706,0.4845029876171566
6707,0.5135978597725797
6708,0.49477607255064543
6709,0.7198952576869082
6710,0.7648191843683307
6711,0.7443299778243533
6712,0.5440134680344028
6713,0.49394023552564326
6714,0.5184192193699133
6715,0.6545663669301169
6716,0.35476244526706235
6717,0.6079395672805035
6718,0.40183565958365786
6719,0.6791873671909539
6720,0.4841007205574106
6721,0.6331189727646919
6722,0.8069733747289214
6723,0.5213999461042734
6724,0.48541186390172375
6725,0.554412691434306
6726,0.4277464173489059
6727,0.4220253511290501
6728,0.41718383871776354
6729,0.4330430936669571
6730,0.47947609233263794
6731,0.48303796797531384
6732,0.3718847251880717
6733,0.4623739162141995
6734,0.6030097273689827
6735,0.3886471836254581
6736,0.749853610515016
6737,0.4251948067714108
6738,0.43179098108967234
6739,0.6397229657993061
6740,0.47677065121913365
6741,0.47467589686668915
6742,0.4858446847416862
6743,0.46203167877391244
6744,0.44685537293469985
6745,0.7820030506887518
6746,0.45612543165289765
6747,0.6368396273765997
6748,0.39310448036458234
6749,0.44011623372945363
6750,0.5806682825586251
6751,0.47697451069755453
6752,0.4931066526028137
6753,0.3727307238676216
6754,0.48919155667165426
6755,0.6374902702946049
6756,0.4612921100687697
6757,0.6678872815503739
6758,0.2664430063252094
6759,0.46542927680932283
6760,0.3216088791228975
6761,0.5083551157362
6762,0.6289656636093152
6763,0.3879680568058832
6764,0.5560751507116926
6765,0.5621729485833703
6766,0.535146065198303
6767,0.49368396429781736
6768,0.3410164663401842
6769,0.3812284624274318
6770,0.4964844524915339
6771,0.6892063881184531
6772,0.4704662003419003
6773,0.43788536534920763
6774,0.7267909923015496
6775,0.5482835913831173
6776,0.3660011393645578
6777,0.5061560044215407
6778,0.5476410039805848
6779,0.42340109997696845
6780,0.6661054592825404
6781,0.45361558536979707
6782,0.40331140219873596
6783,0.4996070754199361
6784,0.5631073144262834
6785,0.5339410790386235
6786,0.6004608562479438
6787,0.8551071349236206
6788,0.4847163929158279
6789,0.47580882168971056
6790,0.42918858773580887
6791,0.6631682531049096
6792,0.6180072112161334
6793,0.5493868899552363
6794,0.701227191133499
6795,0.408959955294609
6796,0.7042773623826597
6797,0.5305311883590631
6798,0.36112587629952164
6799,0.6188918426715195
6800,0.3240095240284903
6801,0.6101985007537255
6802,0.3757409959860323
6803,0.5167490596774287
6804,0.5988803575103641
6805,0.5451042356362715
6806,0.6140394420722054
6807,0.5581075862328473
6808,0.5202540154831187
6809,0.5857392392194587
6810,0.3567265063547931
6811,0.5291053868617838
6812,0.43529150322170507
6813,0.40181933511585716
6814,0.3863872201413363
6815,0.43352198613887805
6816,0.30442786642074826
6817,0.501885318327021
6818,0.5409596840771032
6819,0.2962091322572735
6820,0.5841429767589001
6821,0.5107265977599939
6822,0.37796147648126543
6823,0.44953816918707
6824,0.6004419527101434
6825,0.42834262995657557
6826,0.5146257792233117
6827,0.5892122587948824
6828,0.4022806352348805
6829,0.6860891330625294
6830,0.49359007013790096
6831,0.5418073994475954
6832,0.6642480968683767
6833,0.6626040643021068
6834,0.3002509239711635
6835,0.496926052731492
6836,0.6251118237354756
6837,0.3908771816128734
6838,0.490980602509396
6839,0.6194445718922243
6840,0.5487733825950036
6841,0.491312926215872
6842,0.5907862003982302
6843,0.533826585016692
6844,0.3764937326284
6845,0.4844884447880386
6846,0.5183258500260667
6847,0.469825100410845
6848,0.732284658693279
6849,0.45171110820498356
6850,0.7534492309006374
6851,0.45581145180794186
6852,0.5181474539392036
6853,0.37877558496446195
6854,0.7121156143766671
6855,0.46830801333046945
6856,0.33856704165865026
6857,0.5047504995011038
6858,0.6102432295847918
6859,0.40987471362025
6860,0.5906865238361781
6861,0.31204091737464956
6862,0.45307139393541646
6863,0.5155843042671083
6864,0.600358460735219
6865,0.8098954769184599
6866,0.49308795307640607
6867,0.4929868035503321
6868,0.7431127129888644
6869,0.6112903045489736
6870,0.5300113065174591
6871,0.40779448951256897
6872,0.6205681225429178
6873,0.5315636953710767
6874,0.6150495637809384
6875,0.47061475838439604
6876,0.5190265153472539
6877,0.45968984550350056
6878,0.4724323483866741
6879,0.6320600397868087
6880,0.6999704919003363
6881,0.4858503217115553
6882,0.5174441359971402
6883,0.5030295603693344
6884,0.8457246416061796
6885,0.49925790957146204
6886,0.6404798799064084
6887,0.6002755370616852
6888,0.7170540884445453
6889,0.529874533868886
6890,0.45875856060393905
6891,0.5872190539045505
6892,0.5782907946703281
6893,0.5150513189799045
6894,0.5944345001007663
6895,0.6085633343383394
6896,0.5790419130988181
6897,0.47475110564329875
6898,0.6233790927252381
6899,0.5341472126629605
6900,0.47601171268790166
6901,0.4372332099556723
6902,0.48507053715658743
6903,0.4530784710600427
6904,0.4828026250873899
6905,0.47840778634591286
6906,0.5230172120781563
6907,0.4980330110122466
6908,0.5074269305548923
6909,0.43760411492496243
6910,0.5338983576583198
6911,0.39189869466597976
6912,0.43011652299969577
6913,0.4313824966305654
6914,0.4670457718813669
6915,0.387626767984346
6916,0.357019355944168
6917,0.626289958492477
6918,0.4817245253547813
6919,0.7451978249662978
6920,0.45783973563392916
6921,0.7034643158167817
6922,0.5433895799811725
6923,0.49766192587807306
6924,0.39936394184573265
6925,0.7080834112397364
6926,0.5348515731266326
6927,0.6619993996545607
6928,0.4870345056448797
6929,0.575615484587507
6930,0.5348460824124425
6931,0.5836931301611942
6932,0.5923717957586374
6933,0.5019847477237736
6934,0.5795769399347588
6935,0.8294005081042488
6936,0.4991139403096993
6937,0.37928903937692016
6938,0.41660220779147816
6939,0.39114108509472606
6940,0.41617206189769934
6941,0.5137834695974067
6942,0.551584237202409
6943,0.48069132433671924
6944,0.6286740309300559
6945,0.4983039120518679
6946,0.6564499876256087
6947,0.6855802872321982
6948,0.6535604158727194
6949,0.5657166700020932
6950,0.5252168451859858
6951,0.5669838617096012
6952,0.4900087011565439
6953,0.6655854455733792
6954,0.6185383976317879
6955,0.4696195919324926
6956,0.5977829233136818
6957,0.44133447810108245
6958,0.4412468204343487
6959,0.3791880117685989
6960,0.5080923177121047
6961,0.49177639548867214
6962,0.47800166279852846
6963,0.6085707260806005
6964,0.4590863329085033
6965,0.4433073920713857
6966,0.446291306562567
6967,0.4218641610227539
6968,0.37235617087029427
6969,0.3472651546650312
6970,0.5277660783210079
6971,0.6528667899936602
6972,0.5483010157554079
6973,0.49578333422945864
6974,0.42149612630055044
6975,0.6199332622769632
6976,0.5504515958438188
6977,0.5722020340694446
6978,0.6388481262058975
6979,0.46305687300628695
6980,0.5547497697467259
6981,0.5174124528044813
6982,0.8969741079437276
6983,0.36187334393650294
6984,0.425042074621351
6985,0.4164551334054292
6986,0.504662500661182
6987,0.6110388417178036
6988,0.49927808303758614
6989,0.5757953040153708
6990,0.462428149896396
6991,0.38263830203107146
6992,0.7674703826239058
6993,0.6840459253375522
6994,0.6015463480565434
6995,0.40618051176610576
6996,0.4330115251986377
6997,0.49612024911410607
6998,0.4151385112897476
6999,0.4532536649341097
7000,0.49676085047006835
7001,0.5839137819482272
7002,0.5726707471416451
7003,0.516617300442266
7004,0.45598316083004087
7005,0.5884251845880278
7006,0.4965657152654503
7007,0.432739555742941
7008,0.5810433510767371
7009,0.6272059075000631
7010,0.5858865202732133
7011,0.441039157373482
7012,0.47757904624959874
7013,0.4874544402125153
7014,0.4190483053931777
7015,0.3816807772688813
7016,0.6195827414021143
7017,0.5585405149230698
7018,0.6045670163233486
7019,0.6661371217953007
7020,0.41333172858510836
7021,0.6012981124414901
7022,0.5503189826704283
7023,0.3028762005274065
7024,0.49274788910263617
7025,0.49362934466834923
7026,0.5614690737946016
7027,0.287922254851254
7028,0.6046429757001603
7029,0.5660864127761024
7030,0.3390923248795087
7031,0.5706380477783015
7032,0.5674129156708118
7033,0.4789740103936663
7034,0.4374391039840865
7035,0.4274661073231335
7036,0.24465679679917962
7037,0.47085401121734094
7038,0.5514099876541311
7039,0.34531951309589426
7040,0.47178678745940206
7041,0.4985062637722717
7042,0.4754860852541676
7043,0.4464076264367645
7044,0.659773029206155
7045,0.6096514264212498
7046,0.43949934727362394
7047,0.5420646901305294
7048,0.6734710025249298
7049,0.5254881628016085
7050,0.7503491657909561
7051,0.47156652607752264
7052,0.5005421945741405
7053,0.43910639706930304
7054,0.5842252395274761
7055,0.4508832002738387
7056,0.4613386010407119
7057,0.5649198094324627
7058,0.6080787655451875
7059,0.4597858195269718
7060,0.4271165165596104
7061,0.6997691905165733
7062,0.5446767159137929
7063,0.6026498241877971
7064,0.6345199756514704
7065,0.36462211185733073
7066,0.4819148657295747
7067,0.6278564487605234
7068,0.4916128986199887
7069,0.47491944430506655
7070,0.5995548771722923
7071,0.43419760239848454
7072,0.5595361806387821
7073,0.5851255488396191
7074,0.592235574080372
7075,0.5300078166878887
7076,0.3973736170359268
7077,0.5707495219826307
7078,0.45839645841624915
7079,0.584847101834379
7080,0.5668883388744903
7081,0.6442328614003006
7082,0.5881745988807371
7083,0.4353244409956235
7084,0.4885576280856298
7085,0.46077529381059745
7086,0.55855330516242
7087,0.4208441228071612
7088,0.6875969294249041
7089,0.49388912062116935
7090,0.5744056465352059
7091,0.34367345253559944
7092,0.5642865623678726
7093,0.6227593897214343
7094,0.42840251538766894
7095,0.6021870067155716
7096,0.4644488193694491
7097,0.6198923304833952
7098,0.5672870285978509
7099,0.5273236431025621
7100,0.6236898905799373
7101,0.6307108598766402
7102,0.4979477598591603
7103,0.5292474700346778
7104,0.5235475618173598
7105,0.3974441569047821
7106,0.2962051607795336
7107,0.43497318401365337
7108,0.5708079563689216
7109,0.484403303628355
7110,0.5212688231431399
7111,0.5483476159327815
7112,0.6312790449004586
7113,0.4030901070224613
7114,0.3511561176750847
7115,0.4342947361355169
7116,0.6149595808288194
7117,0.5232096391973646
7118,0.4885464616822289
7119,0.44267834687719404
7120,0.7302047232011224
7121,0.33228604465089207
7122,0.5459711066479873
7123,0.47090973653413565
7124,0.5789443197121698
7125,0.6041545896184223
7126,0.5285130248081736
7127,0.524229670925417
7128,0.6847187476193843
7129,0.45759602159799323
7130,0.7062286950414611
7131,0.43680531201379086
7132,0.33139510275957207
7133,0.6196819893059344
7134,0.472497838648934
7135,0.5264332839226162
7136,0.46535545026070885
7137,0.49195829377473826
7138,0.635008550466344
7139,0.44056770251920047
7140,0.5893453964483216
7141,0.3703021814185605
7142,0.47599594877507956
7143,0.7030226005303324
7144,0.39642917453322585
7145,0.408864258189259
7146,0.47881515166578087
7147,0.3804077451536115
7148,0.5155295576272698
7149,0.5245014217215451
7150,0.4068341458027116
7151,0.6567030176287374
7152,0.6165539374377542
7153,0.5583565513606146
7154,0.39955479815806455
7155,0.5646423475212918
7156,0.4602572760336225
7157,0.3981615780785287
7158,0.4520227195536357
7159,0.7593348195272069
7160,0.48025230990643025
7161,0.37585805379812975
7162,0.5904971769952088
7163,0.52761578562401
7164,0.47704754608933764
7165,0.6171810395723185
7166,0.6524866730473223
7167,0.378228541062844
7168,0.4352366743875269
7169,0.5443145036764301
7170,0.4871999174325078
7171,0.41045787032906167
7172,0.3994704896317425
7173,0.5243874621086646
7174,0.5887595303201072
7175,0.497237372809291
7176,0.39744184888448647
7177,0.5781260440546249
7178,0.49744662556202923
7179,0.6699652731599406
7180,0.3522810198865316
7181,0.4454075676947409
7182,0.3831809321790425
7183,0.5183490000811862
7184,0.6155977965511263
7185,0.4543582759164544
7186,0.43744775029278454
7187,0.5013170936943129
7188,0.4942790159790511
7189,0.45652143449922955
7190,0.517337301105112
7191,0.451755521816474
7192,0.5870100801513172
7193,0.6446165347301881
7194,0.5745014920987479
7195,0.5314935396274603
7196,0.5361484169483055
7197,0.48875235582139365
7198,0.48060284834691996
7199,0.33584975630955277
7200,0.47951000953004574
7201,0.43976145647517934
7202,0.46415987424768695
7203,0.5087356366745375
7204,0.5357100142436836
7205,0.3668555654982456
7206,0.5331731328331765
7207,0.5787249421802263
7208,0.35622929496487676
7209,0.43789013703849305
7210,0.5576474443326374
7211,0.591394313056311
7212,0.4744749166123218
7213,0.43679874143945063
7214,0.4761548404573794
7215,0.4357697468029259
7216,0.5269317299932745
7217,0.36168768571525156
7218,0.4070036884552204
7219,0.4074173706791838
7220,0.5835418592231865
7221,0.42090692852336864
7222,0.5310747028593511
7223,0.5319975441258181
7224,0.4031160201544834
7225,0.5268117702108633
7226,0.5454247314138756
7227,0.5175755232148237
7228,0.5258581836498912
7229,0.6068284846821437
7230,0.5035570103248616
7231,0.2605207960705292
7232,0.5197204684432368
7233,0.6052916086910677
7234,0.4656590569799225
7235,0.36454307705917927
7236,0.5898055177771938
7237,0.5024834247873183
7238,0.4886850689994158
7239,0.4448999862112332
7240,0.4588442730251107
7241,0.6558104205132566
7242,0.5492367803542414
7243,0.42420351570201975
7244,0.5664912629259122
7245,0.4527960787743991
7246,0.6237338473516415
7247,0.4907759947495115
7248,0.44198406213794117
7249,0.5732642832574377
7250,0.5704779780212204
7251,0.49570685798439124
7252,0.5198573302370137
7253,0.6101003839274104
7254,0.4853208394249624
7255,0.5617908811343458
7256,0.542160941261366
7257,0.4773709998384959
7258,0.4678441409768533
7259,0.4139473894711981
7260,0.40589929110815964
7261,0.4986517370905827
7262,0.5539216207049104
7263,0.43443886111241925
7264,0.5019382528647091
7265,0.5283351468343263
7266,0.43168340464629285
7267,0.535819023510112
7268,0.579073071924688
7269,0.5651836550121685
7270,0.44682507812878947
7271,0.4545444652997645
7272,0.46006935009564204
7273,0.5818484611549385
7274,0.5297472261015874
7275,0.6081459005035676
7276,0.5434779705791466
7277,0.58412083959441
7278,0.6049747011782936
7279,0.4758644536847217
7280,0.41561741008914854
7281,0.4525730298432484
7282,0.4414884175874021
7283,0.4852324406161402
7284,0.6852841743453071
7285,0.6415152518865979
7286,0.3759311252451966
7287,0.5165004545784811
7288,0.5396133379268107
7289,0.44847782828551963
7290,0.46123886615967247
7291,0.6049045690552873
7292,0.46955071477210575
7293,0.586701211179929
7294,0.5241016130378774
7295,0.6491253181820953
7296,0.5025777486423837
7297,0.6077680027818673
7298,0.4853772775991527
7299,0.4659561915431281
7300,0.4594102131615576
7301,0.4741873217240322
7302,0.5575903034281303
7303,0.5076162591711146
7304,0.4860074666248322
7305,0.4911843275484762
7306,0.5443901376858412
7307,0.5654376753070766
7308,0.5262563660286186
7309,0.779593669761014
7310,0.8653063536022516
7311,0.463256002635446
7312,0.5403062702148664
7313,0.5090492168055647
7314,0.44510526706112324
7315,0.6563845980262466
7316,0.5315431700183357
7317,0.505615403274639
7318,0.4095474955850238
7319,0.45379489918044513
7320,0.3324892440152248
7321,0.52218257005143
7322,0.5642343568563722
7323,0.5854069540017277
7324,0.494239307111865
7325,0.3799939120809009
7326,0.5982238489927865
7327,0.37766561840293283
7328,0.3686495737751001
7329,0.3152333580954443
7330,0.3617390714443667
7331,0.6112549791922177
7332,0.6134414495423816
7333,0.5778131448545604
7334,0.7699892595464217
7335,0.5295559340816155
7336,0.4724642260664273
7337,0.7440960167352237
7338,0.37937396579352894
7339,0.35548863808997566
7340,0.4490902188879531
7341,0.5262978842652812
7342,0.5194555400617548
7343,0.3941885638467868
7344,0.39964866859239123
7345,0.3999401092002609
7346,0.3941905972725824
7347,0.688783724281205
7348,0.5437883652732752
7349,0.7260657637691039
7350,0.4525353399664434
7351,0.6236232518635025
7352,0.5012907800905729
7353,0.49379171144786654
7354,0.48958870971032065
7355,0.6277303781516355
7356,0.6010109592088433
7357,0.3844666964549789
7358,0.6543806497552405
7359,0.5092065459171189
7360,0.4256665751785847
7361,0.5294642814249954
7362,0.6443820327989882
7363,0.4567992488986977
7364,0.46510646296626945
7365,0.49431138059825735
7366,0.33578739698686344
7367,0.4968068472821628
7368,0.4546687416304485
7369,0.4271524912196982
7370,0.5912807351258875
7371,0.5393031018161228
7372,0.5415282215022209
7373,0.4496656493199952
7374,0.7267452295889393
7375,0.36830158051957784
7376,0.5044699524911934
7377,0.38840049510322106
7378,0.4469629808452109
7379,0.5733529784163279
7380,0.4539626318633055
7381,0.5970616064875311
7382,0.5454529012943985
7383,0.4570221987347786
7384,0.5878634584743915
7385,0.7320042866803765
7386,0.49651791907677945
7387,0.5560399087839485
7388,0.594739773456977
7389,0.47045249507564463
7390,0.5933529391797943
7391,0.6316697564009139
7392,0.4494935037132
7393,0.5753671846006252
7394,0.4732092612526788
7395,0.6696819081848888
7396,0.6534816504161204
7397,0.5860149921944985
7398,0.47410507765762905
7399,0.5394322760534651
7400,0.5066076711275446
7401,0.4548137694686511
7402,0.5351489792396765
7403,0.570757943180621
7404,0.39903597105779837
7405,0.4982837715883341
7406,0.5463994315560832
7407,0.5701405796955479
7408,0.5766122733060585
7409,0.6580346331618216
7410,0.390870122123762
7411,0.4866565969518674
7412,0.3756964523829923
7413,0.4684675670373219
7414,0.5805703647100111
7415,0.5163528452202203
7416,0.4205599537594933
7417,0.5886519031529533
7418,0.5787696310153914
7419,0.5100852168603653
7420,0.43934550581906373
7421,0.3409923931351916
7422,0.5094596309975318
7423,0.43787721378212263
7424,0.5392738814318058
7425,0.45758536474910605
7426,0.4808742341363962
7427,0.4810690140034603
7428,0.5846885528637488
7429,0.4685410620524305
7430,0.5739504982313793
7431,0.4831730998271189
7432,0.617176824321067
7433,0.48179646766891343
7434,0.4828233795222685
7435,0.3536689770251705
7436,0.4378086563330489
7437,0.4617612581349448
7438,0.4070475095125137
7439,0.4068390565050347
7440,0.5337086141101272
7441,0.6824876139286277
7442,0.41928357705427893
7443,0.6681514837421224
7444,0.6146415682781717
7445,0.47357822915772113
7446,0.5403923268749682
7447,0.4667235430955896
7448,0.5949627353034352
7449,0.3885734568462942
7450,0.4056720285270614
7451,0.44902538401527337
7452,0.44164920526501295
7453,0.4666526186680212
7454,0.4538786324281775
7455,0.5002652678937575
7456,0.5622992935055472
7457,0.686994714277622
7458,0.3942543952130043
7459,0.4535502438507228
7460,0.489274200599793
7461,0.4362268415922827
7462,0.5777576355223791
7463,0.5688062089149521
7464,0.5973984985585935
7465,0.5170240507634571
7466,0.5271652658535425
7467,0.602455872851239
7468,0.3285393776748232
7469,0.5016317410555778
7470,0.5261354428412071
7471,0.5774773058220519
7472,0.37343514456174554
7473,0.5804217827748064
7474,0.39607610770213064
7475,0.44971390319824645
7476,0.5132205038603356
7477,0.5878293985824383
7478,0.6932517688562035
7479,0.46508255485267846
7480,0.6179022396143594
7481,0.4598267673506421
7482,0.4887981499049198
7483,0.6541299447040223
7484,0.5000051016227199
7485,0.65424001793045
7486,0.33619332209392716
7487,0.5860210283295818
7488,0.625087097587408
7489,0.5904332891488985
7490,0.4481003900975953
7491,0.5188212482773134
7492,0.6527148741469777
7493,0.5358894032948818
7494,0.4504717212830635
7495,0.683410844168332
7496,0.4104395226109571
7497,0.50098073927863
7498,0.3980843093167584
7499,0.5046738671491087
7500,0.6492804047717364
7501,0.6321206727126105
7502,0.5851203385566448
7503,0.5754078480854563
7504,0.5304035993841497
7505,0.5279089431329719
7506,0.4674016393719675
7507,0.5432047486909704
7508,0.3177577263076808
7509,0.5442432369884457
7510,0.5116407676999495
7511,0.4887225621555866
7512,0.548794357481287
7513,0.3759205865309453
7514,0.48849664413496907
7515,0.5523185319811884
7516,0.5664369562232071
7517,0.4399733764280154
7518,0.5204028295239089
7519,0.4817328405119311
7520,0.5676817946045346
7521,0.6953699629882666
7522,0.5281324098479391
7523,0.4228621782390093
7524,0.6302138126467218
7525,0.5008294137185655
7526,0.5418849642868053
7527,0.46655008443563284
7528,0.4598353530594605
7529,0.41868095643838343
7530,0.39235579991046005
7531,0.5585693862249679
7532,0.4635217337411472
7533,0.4548027562197169
7534,0.49464200473002573
7535,0.5167383259334255
7536,0.41416050576654634
7537,0.48285868278953237
7538,0.39055020834950815
7539,0.5056004606828546
7540,0.43850442062707984
7541,0.5922511290311611
7542,0.37733924346770253
7543,0.6086296908743629
7544,0.37963961960144077
7545,0.603926896261603
7546,0.4935746304766755
7547,0.5219842516115123
7548,0.48440431029594505
7549,0.6619840809967943
7550,0.5880211878573487
7551,0.532679084807336
7552,0.5424429837111185
7553,0.5083402539095137
7554,0.39268125686222033
7555,0.5220507788176322
7556,0.6408318189316619
7557,0.3138719672395893
7558,0.5773226393756149
7559,0.529870808863076
7560,0.4649845200469419
7561,0.36643010996809655
7562,0.5250673635298168
7563,0.6635945592596467
7564,0.5842949141571195
7565,0.6499771372365127
7566,0.4198735758114457
7567,0.4554985305958411
7568,0.6271904546120769
7569,0.35388789335191373
7570,0.615372457643988
7571,0.5139645315840359
7572,0.5232565100981628
7573,0.54905910005938
7574,0.4621899704778501
7575,0.456390773167749
7576,0.38874111253678856
7577,0.5192494174233004
7578,0.6227555645479051
7579,0.52234188965017
7580,0.4600215962789723
7581,0.48987138600495295
7582,0.41537569827999854
7583,0.5076008519636519
7584,0.5219236233910641
7585,0.5100313619267188
7586,0.8141421982969419
7587,0.4814296649636823
7588,0.6551164698659349
7589,0.5332963548669759
7590,0.5592484024763972
7591,0.44138038510306016
7592,0.5061770632758782
7593,0.5807172188218203
7594,0.551308800084074
7595,0.41743330526051275
7596,0.6045391329024838
7597,0.4376446905713551
7598,0.5843806386878628
7599,0.5575192994123822
7600,0.5047809194688557
7601,0.3246164211666306
7602,0.6206608542944417
7603,0.4134259779523666
7604,0.4170029197616908
7605,0.41458005025442274
7606,0.5679023495871165
7607,0.4848955715515533
7608,0.5473118921773853
7609,0.6269571198487983
7610,0.4818250855612395
7611,0.4114794566048819
7612,0.4616244153401323
7613,0.47243428196816656
7614,0.3514930782040473
7615,0.6248175705741135
7616,0.49927431467558686
7617,0.5137927864767036
7618,0.3778303370198722
7619,0.5159138084385337
7620,0.45942938848032727
7621,0.4989263626060239
7622,0.32838091705883904
7623,0.4078647255338417
7624,0.4472130072700105
7625,0.5397446338516803
7626,0.45871270201036213
7627,0.4156013579099967
7628,0.6185025048060699
7629,0.4824843563062707
7630,0.4076789936165195
7631,0.39635388183185705
7632,0.4171333286712287
7633,0.38926057409286285
7634,0.7330872824119185
7635,0.5855635134055084
7636,0.6497206838864166
7637,0.6415137577021588
7638,0.4524082575721247
7639,0.4436605209661746
7640,0.5096142348763749
7641,0.5365499342682586
7642,0.5166580119856086
7643,0.6120851918245143
7644,0.5881941502928897
7645,0.6413250019453082
7646,0.6300437638843835
7647,0.4456098217866258
7648,0.5903484108682134
7649,0.4775920005091912
7650,0.6378781611285639
7651,0.4659000955274604
7652,0.3409118110541699
7653,0.6305884034357879
7654,0.42511907979017594
7655,0.41435137288401186
7656,0.5305978893557125
7657,0.5504721221605974
7658,0.5171603974641158
7659,0.2697289823923467
7660,0.47504462878301396
7661,0.5613727632202805
7662,0.5467935799433343
7663,0.5844857418172849
7664,0.49913152947704365
7665,0.4683188278849284
7666,0.446980332575862
7667,0.5120136499751483
7668,0.5295088540670226
7669,0.5371719737221694
7670,0.552292648286629
7671,0.3653353323251102
7672,0.42716583758416843
7673,0.5087961285040153
7674,0.39265386403332786
7675,0.5829157540893778
7676,0.3381856966135302
7677,0.5745930667920149
7678,0.42618497948228146
7679,0.6339024688051227
7680,0.4594433879484804
7681,0.4331064285824098
7682,0.7065638168486161
7683,0.5248746213593957
7684,0.47689246952153475
7685,0.4640117619504031
7686,0.5456594840688301
7687,0.5099191132364748
7688,0.4278410129109113
7689,0.522785132798817
7690,0.4803763188508286
7691,0.5744970341088225
7692,0.553306149843305
7693,0.4415269973571565
7694,0.4733570052203618
7695,0.45983361439380976
7696,0.41372326589907754
7697,0.5969811489525833
7698,0.408486244329443
7699,0.5006713237565462
7700,0.5005672041698531
7701,0.43221231622811995
7702,0.5109267272366663
7703,0.41844376853240195
7704,0.6076907408883708
7705,0.4992613997162924
7706,0.5077366538671789
7707,0.5000368839234441
7708,0.6031950192590675
7709,0.4094527807160496
7710,0.4533039235841212
7711,0.676418484401023
7712,0.4568913256720427
7713,0.45282312468870917
7714,0.6251015360571203
7715,0.5875235740039232
7716,0.4402787533057903
7717,0.4667459071066867
7718,0.49818284113524597
7719,0.6169488469434824
7720,0.541211532470468
7721,0.39424308844269124
7722,0.6750160365036968
7723,0.4260482446182401
7724,0.5447875863325466
7725,0.4637883892774773
7726,0.4040482381365156
7727,0.39497181570202117
7728,0.40437622536687184
7729,0.5047561455556047
7730,0.42005219787914766
7731,0.40468464554038397
7732,0.6652409507201031
7733,0.5740201585698913
7734,0.47524710556399574
7735,0.7128628014326216
7736,0.5079847998755596
7737,0.44880093906914853
7738,0.5906702602125027
7739,0.6081237908407015
7740,0.520370503899143
7741,0.648344195768747
7742,0.686158531308853
7743,0.523461063796082
7744,0.5230222438938354
7745,0.5148040454968514
7746,0.5195008513184687
7747,0.4833544255446183
7748,0.5891185133859129
7749,0.5015684612246116
7750,0.5453283370524904
7751,0.579225448844885
7752,0.46359424511052877
7753,0.4224567978127428
7754,0.34554986148775185
7755,0.3477055013674115
7756,0.50303587197636
7757,0.39829367649310177
7758,0.5617313137400849
7759,0.6639636276036456
7760,0.5335698625205572
7761,0.4256470567094691
7762,0.702716210274989
7763,0.7172085379354789
7764,0.43936878559175985
7765,0.4069158364213682
7766,0.5185355506390886
7767,0.6178814564050205
7768,0.5405044721767943
7769,0.5790523571553462
7770,0.793466214420053
7771,0.433091836187796
7772,0.49428553787126217
7773,0.3552854325008976
7774,0.44309112456075744
7775,0.5069650854080606
7776,0.4355761638755421
7777,0.6170363323515399
7778,0.5325468143408792
7779,0.5505008425006418
7780,0.5198733803359842
7781,0.4775510581574604
7782,0.5551630147600103
7783,0.4430017885943416
7784,0.6156707102164748
7785,0.33574945036979886
7786,0.6038168720801416
7787,0.44114305634076195
7788,0.4607771173301114
7789,0.346672757641563
7790,0.3849388636427996
7791,0.49020614784635597
7792,0.46176171029174196
7793,0.4341508516175089
7794,0.5331677260333268
7795,0.5194453303440114
7796,0.42858626288106333
7797,0.5374418235648525
7798,0.3648664677784537
7799,0.4484250485375378
7800,0.5142908722626679
7801,0.70882821529525
7802,0.39666063847958466
7803,0.5981344194153484
7804,0.6267778500458513
7805,0.3578281957683666
7806,0.7109232710730642
7807,0.41425654643547927
7808,0.5642883564744415
7809,0.35142979692467313
7810,0.4507581433358867
7811,0.5590993376955504
7812,0.4637811324248185
7813,0.5200630396903821
7814,0.47480650346265846
7815,0.3684818898184988
7816,0.4975147262849547
7817,0.6684316296155056
7818,0.5881700765949343
7819,0.5609490061358818
7820,0.516706686437943
7821,0.5174606506637519
7822,0.8182435719741932
7823,0.5413238508094531
7824,0.5873561315926078
7825,0.47294725840454904
7826,0.4261599534852644
7827,0.38917948370600813
7828,0.3972599023040153
7829,0.5714564185733254
7830,0.34028312634512503
7831,0.4816235586219233
7832,0.511586530813842
7833,0.32198717156744305
7834,0.535566877456628
7835,0.44488206597263336
7836,0.4257201237666885
7837,0.628510088940563
7838,0.6209741288442809
7839,0.5659034237068621
7840,0.5295625789895155
7841,0.4139477733993321
7842,0.43837776829877667
7843,0.4921251421362301
7844,0.44948093328577243
7845,0.54198681063631
7846,0.42426364883965695
7847,0.4756174861413308
7848,0.5817215685986153
7849,0.3939370372408144
7850,0.5894156509253219
7851,0.3612967828291608
7852,0.33986864777008335
7853,0.4254657040496281
7854,0.6832964286557772
7855,0.6357571250661673
7856,0.5674100280598373
7857,0.5134433289699336
7858,0.5752604480159873
7859,0.5333273386742111
7860,0.3916722103127822
7861,0.5906933150547892
7862,0.5973745401530809
7863,0.5235521352261975
7864,0.6807958039051247
7865,0.49599512752954883
7866,0.5716153813669581
7867,0.4275390153034256
7868,0.7341311096928359
7869,0.6068568742106715
7870,0.5977316611920249
7871,0.3713342456659978
7872,0.4150427912587602
7873,0.3959619866085072
7874,0.49512315013043284
7875,0.3958316205132697
7876,0.5110786081201545
7877,0.44674028265263854
7878,0.5569294351364843
7879,0.4031875991268955
7880,0.48858626282278883
7881,0.47001537871718563
7882,0.7490083681700046
7883,0.4229054950305147
7884,0.46905085907886057
7885,0.5890538893048942
7886,0.5181578595148916
7887,0.49178899454622854
7888,0.6133420305708143
7889,0.539982404539232
7890,0.5040239819311145
7891,0.3739118067422439
7892,0.650753071192481
7893,0.5470168553429335
7894,0.6810152731027616
7895,0.4067238727116331
7896,0.39153662852773624
7897,0.5192980352701383
7898,0.47633415031396625
7899,0.3163456349378645
7900,0.5580508692316997
7901,0.5987892773202951
7902,0.47306538107155327
7903,0.6001921645832771
7904,0.558642439530038
7905,0.4613080814936132
7906,0.41076347874357655
7907,0.6814494660474604
7908,0.47320604085874013
7909,0.6641120581326077
7910,0.4715534911396982
7911,0.4307527411251555
7912,0.6615630057827384
7913,0.4303445672637976
7914,0.4525100736807514
7915,0.651060312290066
7916,0.6513499523275218
7917,0.4709113734048741
7918,0.3775614359927326
7919,0.5621214964131797
7920,0.7221599231698028
7921,0.3927833237367807
7922,0.4452607056133007
7923,0.5867007502773333
7924,0.4086108373205276
7925,0.4850634892164584
7926,0.49106724005471053
7927,0.47053751203199373
7928,0.3586691719202073
7929,0.48697634113974925
7930,0.6323855435343533
7931,0.47255832974522016
7932,0.7013039329363893
7933,0.5210237630554879
7934,0.4133634645941266
7935,0.6024328870116727
7936,0.4155281927993274
7937,0.5347251197085969
7938,0.5428471646312582
7939,0.4905210145052452
7940,0.42119511654932207
7941,0.4279298938902891
7942,0.488178427634975
7943,0.5607995804276119
7944,0.7365436857714647
7945,0.37836766058393695
7946,0.5692788802620551
7947,0.5052515577506834
7948,0.5149609994762544
7949,0.6612977328016418
7950,0.4072661178593205
7951,0.563636778647316
7952,0.4016878096157339
7953,0.39515981684592616
7954,0.3871723641627297
7955,0.4844820675129001
7956,0.4526553278487443
7957,0.5658632674325028
7958,0.615302230209256
7959,0.4779443624636608
7960,0.38816063322467464
7961,0.6180975047873932
7962,0.5999581739978911
7963,0.4551932423630727
7964,0.342010446270091
7965,0.5438140891355323
7966,0.5041796857527362
7967,0.45735694086302675
7968,0.6304654703969951
7969,0.4982922135331852
7970,0.47053976278350457
7971,0.4738723089253209
7972,0.540681173301577
7973,0.5292096331803925
7974,0.5411027634124875
7975,0.5748635153225272
7976,0.3962997974889034
7977,0.5338298920812227
7978,0.5163929423989919
7979,0.5234638614675649
7980,0.3434416365906144
7981,0.4502993072002375
7982,0.514253397409271
7983,0.5512771903378819
7984,0.5765401137869925
7985,0.4599183922969829
7986,0.6182533524045049
7987,0.5924601481470612
7988,0.4316063113489029
7989,0.6585816466950962
7990,0.7197204665057819
7991,0.41936421705355326
7992,0.4566252704754433
7993,0.34541399800603645
7994,0.5641653339115024
7995,0.44102668377046705
7996,0.5930406353156243
7997,0.4982363135459516
7998,0.4485152940346174
7999,0.40695394841250926
8000,0.377257449465353
8001,0.43554151467013424
8002,0.4509053907991582
8003,0.5257367154612089
8004,0.45557856665243196
8005,0.45954507938313066
8006,0.6980447277623048
8007,0.4528513869617955
8008,0.5393350501413824
8009,0.6148063881489915
8010,0.5118522281086587
8011,0.4970028881907521
8012,0.4499618801998424
8013,0.513333112507563
8014,0.7019113374110858
8015,0.610200281992533
8016,0.42705102741171674
8017,0.6438007781212918
8018,0.5046848856959592
8019,0.4902900501721078
8020,0.44623058128312076
8021,0.4766376355538498
8022,0.3909679082323233
8023,0.4742999500164261
8024,0.4679461885396232
8025,0.43461362918467594
8026,0.4125057108537071
8027,0.6532562799057985
8028,0.4575001722542539
8029,0.606016415009915
8030,0.393675697351059
8031,0.45739780632791616
8032,0.47988358501722417
8033,0.4838850064325591
8034,0.4733310427400419
8035,0.5009549324794093
8036,0.4492934858586985
8037,0.532919690113767
8038,0.4831915799349024
8039,0.4416471206166745
8040,0.5208865813830469
8041,0.5021318179531176
8042,0.5433570955645386
8043,0.5322135787490644
8044,0.5070028642426634
8045,0.31830853887682387
8046,0.45321384045389446
8047,0.45196702355421076
8048,0.45932303323450946
8049,0.47565457150747636
8050,0.4538231118821869
8051,0.48736906102823757
8052,0.5442408281058466
8053,0.488541794090604
8054,0.42395270699650833
8055,0.33408963661781077
8056,0.7149266834310654
8057,0.42217214547916637
8058,0.6911008484233488
8059,0.48227018631189
8060,0.6070430279048454
8061,0.46866098132637557
8062,0.43149946026214403
8063,0.47807944008283465
8064,0.5351701479917906
8065,0.46578169603938246
8066,0.5730841999075267
8067,0.5532312175159295
8068,0.3491530194799314
8069,0.4839153858165163
8070,0.4892070078772511
8071,0.4990887447721019
8072,0.4074909201555591
8073,0.5664680464311722
8074,0.5205186950857901
8075,0.5330747919578553
8076,0.5125279053627142
8077,0.48317593081553334
8078,0.40012677334057295
8079,0.4278076416958191
8080,0.32700621824033616
8081,0.6129685675580002
8082,0.4988637130599605
8083,0.5179453123152445
8084,0.6829329722882893
8085,0.4623333591782919
8086,0.6121261147494101
8087,0.514830342415836
8088,0.6265437142278151
8089,0.5384243713489514
8090,0.35473216517472395
8091,0.5103637866456098
8092,0.4217032384280729
8093,0.31813535660769154
8094,0.6233120059420497
8095,0.5602927666293078
8096,0.3990067519805002
8097,0.45663085882380944
8098,0.613948155243299
8099,0.4266404822086681
8100,0.508505293167288
8101,0.3865417052197463
8102,0.46997756633199106
8103,0.406696783750667
8104,0.562672542506888
8105,0.5132916931831721
8106,0.5418192451025137
8107,0.5434622693916826
8108,0.47679811739158806
8109,0.5413107484255176
8110,0.6816021649111084
8111,0.40515449746169646
8112,0.5536045174162312
8113,0.5379255679779297
8114,0.4072604252259449
8115,0.7076680469398697
8116,0.5761732977172708
8117,0.43002174652153236
8118,0.5093894931302433
8119,0.5340735386874282
8120,0.4530496773624278
8121,0.41779440310785965
8122,0.34672521144810814
8123,0.7634417713476205
8124,0.5644954385221196
8125,0.4677619014995847
8126,0.43975828408299045
8127,0.5119516953103062
8128,0.4001927256368351
8129,0.4736112829451977
8130,0.4157698827703474
8131,0.7106978694073687
8132,0.36922966887038644
8133,0.39461516292251797
8134,0.3052775837610715
8135,0.43636143976568303
8136,0.4052010081692062
8137,0.6136345237829502
8138,0.44900614864711014
8139,0.3919170003862378
8140,0.5773872215496325
8141,0.467710991364725
8142,0.7741361784457166
8143,0.4207604319594407
8144,0.4521800570411574
8145,0.6326466334064625
8146,0.450838006711066
8147,0.47991252835815496
8148,0.3896656446420988
8149,0.5468296921268333
8150,0.5761744120065243
8151,0.49578059427455234
8152,0.391432392042703
8153,0.7753813697342374
8154,0.5394181516232658
8155,0.40926427690967615
8156,0.4310349436811907
8157,0.4293630847496479
8158,0.6277333716843447
8159,0.5146189420201753
8160,0.5325783980705089
8161,0.4866388099529101
8162,0.475014595824046
8163,0.48048002284832225
8164,0.5837857387516099
8165,0.6776504825766368
8166,0.395861866258428
8167,0.5639075499593058
8168,0.4945058108992817
8169,0.40691766667741425
8170,0.36888091132604195
8171,0.4320608603575867
8172,0.6496513779598942
8173,0.3874850367230592
8174,0.47955974299390647
8175,0.510594145428366
8176,0.4520843346176136
8177,0.5664704795102221
8178,0.6257322175488652
8179,0.5627435715399011
8180,0.49675000166058997
8181,0.5160707132522203
8182,0.38654864022735996
8183,0.6074861634729729
8184,0.546044449101866
8185,0.34618561533790204
8186,0.6106694168754913
8187,0.4618701878982028
8188,0.4891714214792071
8189,0.6922641618944715
8190,0.4089380264259497
8191,0.4595385723292502
8192,0.6120462389546585
8193,0.6391368801252542
8194,0.616525113646281
8195,0.40805468752621116
8196,0.3889776781322683
8197,0.5453866652721387
8198,0.559730409821017
8199,0.4427471074970494
8200,0.48866325179054154
8201,0.8383464884667233
8202,0.4965732918278664
8203,0.4781068290633464
8204,0.6284469101191883
8205,0.8445037710630487
8206,0.4829369525908195
8207,0.5254514656192018
8208,0.49589976647544926
8209,0.46856063472493853
8210,0.468771313560536
8211,0.32965431047281457
8212,0.4346117138538219
8213,0.5004021506819846
8214,0.4932816172450235
8215,0.37293447539765445
8216,0.6457198102759691
8217,0.4237126033799049
8218,0.5421561899941643
8219,0.5305321480583978
8220,0.4901346340051189
8221,0.5563060624296188
8222,0.5128471222458405
8223,0.6168119231085998
8224,0.6397129803496311
8225,0.44274133834019114
8226,0.544156896270328
8227,0.45212244444603056
8228,0.47316945868119425
8229,0.4290390850502197
8230,0.542463638102401
8231,0.47555444551484755
8232,0.44784214705793207
8233,0.5045143465120748
8234,0.40611425052197353
8235,0.4378227504008922
8236,0.44017285309361187
8237,0.5626744241939582
8238,0.5115128460709333
8239,0.5257145538579061
8240,0.38882256158938444
8241,0.7170837749419023
8242,0.5351700621776451
8243,0.5206841400194456
8244,0.6057255535412122
8245,0.387055672738456
8246,0.4218857514790916
8247,0.48799567452363624
8248,0.36712672907163957
8249,0.36215432624733
8250,0.4748569479416298
8251,0.39634318602899365
8252,0.46931685416396085
8253,0.43588975225478943
8254,0.5928319396561464
8255,0.6130363451039951
8256,0.5386537288603115
8257,0.5568457818532231
8258,0.5030917592151849
8259,0.5840282195488061
8260,0.5076284294794154
8261,0.5928407018691398
8262,0.5438418020364929
8263,0.5040055447891224
8264,0.5411475461309226
8265,0.5311192190941082
8266,0.4008056119898867
8267,0.4181396438504406
8268,0.42809754937306155
8269,0.3745462157458382
8270,0.4819529982253598
8271,0.39794003431976166
8272,0.5345499440529926
8273,0.45565271189807915
8274,0.33297655788762015
8275,0.4313847807433673
8276,0.6417131392441098
8277,0.5464870543040841
8278,0.47602958139707685
8279,0.5015314870527021
8280,0.5403539333626814
8281,0.5418147679159288
8282,0.40135170614122156
8283,0.400137404758175
8284,0.43190676824088475
8285,0.40965438398084375
8286,0.3377419480085755
8287,0.46117664485950655
8288,0.40090514471010974
8289,0.5052252152425906
8290,0.4156592882930964
8291,0.5451443392926398
8292,0.5993986635932441
8293,0.7062384560597917
8294,0.47804306435958144
8295,0.4848525081548096
8296,0.5456333491564881
8297,0.5505294563746745
8298,0.3791552213235083
8299,0.6050233672862685
8300,0.6051193571589473
8301,0.4628159852634081
8302,0.5263950272132912
8303,0.49222039083359653
8304,0.4679305409137037
8305,0.46644891773904856
8306,0.6265892661850989
8307,0.5382796003521937
8308,0.47351505844717556
8309,0.5856346272219022
8310,0.30202250093684463
8311,0.39390198481397026
8312,0.4052764362174291
8313,0.48804313486991063
8314,0.6763059593262175
8315,0.5225579202826732
8316,0.3981195744957259
8317,0.4882566717512965
8318,0.45839309782266213
8319,0.6508418484753108
8320,0.4845637646716359
8321,0.5204156477495717
8322,0.2910630084839233
8323,0.5260926934236884
8324,0.5448614787502828
8325,0.5223017914481141
8326,0.606737148677623
8327,0.592901738339247
8328,0.46256638472173134
8329,0.3586686921288118
8330,0.37686205110986937
8331,0.4226674128301784
8332,0.48146549841181413
8333,0.4822625969841534
8334,0.5713361167288301
8335,0.4658259461538067
8336,0.5488394105187322
8337,0.5495841516142518
8338,0.6119444423080486
8339,0.6426985138600884
8340,0.28332581121376466
8341,0.40596357889576423
8342,0.6380870219923451
8343,0.4169484456635715
8344,0.43507618930857406
8345,0.4985300032666988
8346,0.5299767584921444
8347,0.472921361162538
8348,0.7219318224339241
8349,0.4602588773392197
8350,0.44614033271915543
8351,0.3626210940573546
8352,0.449651322920925
8353,0.44640941872339623
8354,0.7429232403514654
8355,0.5478076091783528
8356,0.5914499771696236
8357,0.5693026959760985
8358,0.5763932913639044
8359,0.2736673928778939
8360,0.4490317127235907
8361,0.668115853570358
8362,0.5997268736353146
8363,0.4630621757399095
8364,0.33016899792458565
8365,0.4994451852672541
8366,0.6560024589659199
8367,0.5811560932364375
8368,0.5489114750423487
8369,0.2956438411967482
8370,0.5146001760094543
8371,0.5048981902918398
8372,0.47227040745266174
8373,0.3782008813596689
8374,0.5799399248318952
8375,0.6876864840839585
8376,0.4430197619564443
8377,0.5782640214702136
8378,0.46798740579781445
8379,0.46999136911169265
8380,0.6242309452628553
8381,0.5602234559092816
8382,0.6404737033687011
8383,0.5481527558654886
8384,0.5456962762872978
8385,0.6630900190141036
8386,0.6735948115273096
8387,0.42119224363575336
8388,0.49342952604227197
8389,0.3347920928793018
8390,0.5446623757303883
8391,0.7967465161004315
8392,0.6634939585567196
8393,0.5164838071163257
8394,0.5435231927905705
8395,0.5754053362111392
8396,0.7255879651930126
8397,0.4677667172229209
8398,0.519274210400988
8399,0.44012885443722716
8400,0.4547312487143482
8401,0.43926520028354216
8402,0.4777912117111617
8403,0.5198466994016553
8404,0.338887671552586
8405,0.5005812834051176
8406,0.6546363906004254
8407,0.6560414727701086
8408,0.5045414349078027
8409,0.6036479445653697
8410,0.49751091289680227
8411,0.5657081126481339
8412,0.3300702644929384
8413,0.5236971220648501
8414,0.5107967713572976
8415,0.5981443573976772
8416,0.38157528014755504
8417,0.470933433852843
8418,0.4453550295204676
8419,0.46215656732348076
8420,0.5433733373751031
8421,0.5027664936473374
8422,0.5159454730120746
8423,0.4842968647404049
8424,0.5667492432504544
8425,0.6045324329518024
8426,0.4592056405855328
8427,0.686817827731635
8428,0.4801992005155151
8429,0.6428833154069035
8430,0.4257729000114954
8431,0.5097382036957627
8432,0.5447906148645585
8433,0.38554294664138644
8434,0.5112440893046178
8435,0.7815346012061926
8436,0.4125793663732783
8437,0.5706988729480628
8438,0.5229142260204039
8439,0.47622613827669513
8440,0.3323345661572148
8441,0.5977375237936862
8442,0.5135922880233669
8443,0.528282903898425
8444,0.43389030435621345
8445,0.5783257156286671
8446,0.4611483293450369
8447,0.4112873880058711
8448,0.5381585866406352
8449,0.4974173010316978
8450,0.4480541818588566
8451,0.5333178314182627
8452,0.4759594183384267
8453,0.48955060083841484
8454,0.6197282403039855
8455,0.5897561481015499
8456,0.52246328450103
8457,0.5094026835230151
8458,0.4355918889045509
8459,0.5249153831751378
8460,0.6714373077544158
8461,0.5173027807364342
8462,0.5320355605010446
8463,0.4730457741418478
8464,0.41880950275501727
8465,0.570402484802532
8466,0.5828147491123828
8467,0.4677046819600304
8468,0.3775804933213043
8469,0.4978381055069839
8470,0.49112504109176824
8471,0.7615810940999765
8472,0.5840959592724732
8473,0.6842299241203759
8474,0.5846037716320627
8475,0.47333884618304245
8476,0.5185479016363622
8477,0.5039685633260931
8478,0.5283929728245216
8479,0.29683825418820026
8480,0.5245335562013812
8481,0.5219443362951274
8482,0.4180267680894175
8483,0.3851304767082364
8484,0.5181848291904974
8485,0.37303731680695323
8486,0.7899236775792279
8487,0.5360135954394838
8488,0.3271214076005303
8489,0.5465242330573254
8490,0.6911753662473421
8491,0.47441912135419007
8492,0.3548861832102199
8493,0.4586639282253263
8494,0.4066262275472107
8495,0.5105809068924906
8496,0.3908251472596653
8497,0.4840873306953435
8498,0.3820504165537871
8499,0.6081284185007604
8500,0.5610799079382017
8501,0.42884560829985574
8502,0.47232676765144893
8503,0.4674424996188932
8504,0.5252738518595945
8505,0.4418728619473757
8506,0.5048705805329881
8507,0.5221178906106709
8508,0.6516441786741825
8509,0.5072562912151383
8510,0.38539141416129863
8511,0.508207018074565
8512,0.6963122330656868
8513,0.5657511107118149
8514,0.4942207963316171
8515,0.4656255743403189
8516,0.5382426871139967
8517,0.5924446848599892
8518,0.43321420513288567
8519,0.6379960153964608
8520,0.5055269945489077
8521,0.40826939811266205
8522,0.3869719541136204
8523,0.4707313904209622
8524,0.5343280904308633
8525,0.42054211454818125
8526,0.3759541862887138
8527,0.5989208797949479
8528,0.5104840401493109
8529,0.619999349930198
8530,0.5424306867156794
8531,0.44722721734018867
8532,0.5828187966067162
8533,0.48778228371237264
8534,0.576931695108252
8535,0.5274108292392891
8536,0.5420092473833961
8537,0.5653929403763149
8538,0.5411284685514471
8539,0.37535633029112825
8540,0.5117080095123161
8541,0.634459247559898
8542,0.5816777026474433
8543,0.5582935548507407
8544,0.45465254270070304
8545,0.5309971419265006
8546,0.36198342706000786
8547,0.38979387148908273
8548,0.6000865192219212
8549,0.42448081975220275
8550,0.3722273350827836
8551,0.37927679718031804
8552,0.6659403139069575
8553,0.5239409210341706
8554,0.5281421411089273
8555,0.5880627066234629
8556,0.6662260481678668
8557,0.5303209652462175
8558,0.42781104852785556
8559,0.5552793538497541
8560,0.5746899074641901
8561,0.4758335244460211
8562,0.5397786673778123
8563,0.5619039682846313
8564,0.5550803013603871
8565,0.46032230459724177
8566,0.563715962135166
8567,0.6008104581991611
8568,0.5075163595753263
8569,0.6462087095031941
8570,0.5187131567330802
8571,0.4897926363758422
8572,0.49770566890561735
8573,0.6335417282661879
8574,0.5592318147231663
8575,0.4951993305541433
8576,0.4113661312880694
8577,0.46000334659265635
8578,0.5085633034230062
8579,0.39559410471043366
8580,0.5145536798478308
8581,0.3893549167021658
8582,0.539502522419286
8583,0.5610976381781378
8584,0.3687659600932613
8585,0.5472274437213837
8586,0.39123539043145417
8587,0.38415007684814173
8588,0.38426363545611397
8589,0.5705674509904914
8590,0.5418531361252589
8591,0.5997442537946086
8592,0.6877200001745936
8593,0.4431131108629828
8594,0.5035364661309282
8595,0.4590262140994923
8596,0.5330541180104411
8597,0.5768618204278271
8598,0.3459104793955655
8599,0.7952395817886324
8600,0.4913029326264582
8601,0.35650526985429654
8602,0.4583570423074639
8603,0.500527129241169
8604,0.4246889290199342
8605,0.36177398136516237
8606,0.5088033989612534
8607,0.5093403536902021
8608,0.609772849225499
8609,0.5598987526973932
8610,0.5871691956329742
8611,0.483914591782961
8612,0.5373243085020778
8613,0.48471479913576593
8614,0.31290075568676573
8615,0.47353434416360835
8616,0.574554248452787
8617,0.43635727874743546
8618,0.5408032794349732
8619,0.41326891579715846
8620,0.5577251215974002
8621,0.4310566556014738
8622,0.4097809538376493
8623,0.6761312268012538
8624,0.3352334364343964
8625,0.4528606483006652
8626,0.41497375439231887
8627,0.3910935019219862
8628,0.41390468503279987
8629,0.3953028201229005
8630,0.5823682888780541
8631,0.38439485411613894
8632,0.6286647282188854
8633,0.7251910572287927
8634,0.5743566812071594
8635,0.5092171561422981
8636,0.5178320473310233
8637,0.6026046515149459
8638,0.380665939708963
8639,0.5852513941193813
8640,0.42734267729540293
8641,0.4967488786544296
8642,0.45728990427134736
8643,0.5355986975355007
8644,0.39613937172542757
8645,0.39431190630869056
8646,0.5053878736754841
8647,0.5006832704798919
8648,0.501056279815926
8649,0.5704447345823045
8650,0.5590037549431462
8651,0.4756006128933581
8652,0.608870429295895
8653,0.5167610993564521
8654,0.4339154860410411
8655,0.4447834722489152
8656,0.47574911924969276
8657,0.48294495336625665
8658,0.5271317861974862
8659,0.43139305017383267
8660,0.5305134899621947
8661,0.4913922903626313
8662,0.38846185404712863
8663,0.5837723115385575
8664,0.49834482825724274
8665,0.6780324093154625
8666,0.40813272658108507
8667,0.5662623879120542
8668,0.6074255851259317
8669,0.40228034885289016
8670,0.6466309835280823
8671,0.5429671825282655
8672,0.4471843214779098
8673,0.38013083728790475
8674,0.6659586690460363
8675,0.45448251275345636
8676,0.376591196297728
8677,0.41792320695045077
8678,0.6193711602402862
8679,0.45122097065297445
8680,0.4668420063476154
8681,0.40629019389639
8682,0.44921491365235483
8683,0.4914510449961622
8684,0.5081950507653891
8685,0.32958364158180437
8686,0.6965270664452643
8687,0.5066879627120843
8688,0.6620667869516735
8689,0.41669586551114485
8690,0.572558901882472
8691,0.5677846469777325
8692,0.44543148381224607
8693,0.5433619710651445
8694,0.530064446234686
8695,0.6584943723978024
8696,0.52437372244466
8697,0.40561773276607826
8698,0.47577576628028106
8699,0.4782579095551271
8700,0.4603067785542358
8701,0.36972479559628624
8702,0.6222535549546601
8703,0.5196917507438324
8704,0.40637624651666426
8705,0.4471377333440141
8706,0.4852828119427615
8707,0.5899013910851912
8708,0.4452984762515835
8709,0.7340595457941487
8710,0.4917455555116841
8711,0.5320958032850384
8712,0.4066437671547588
8713,0.5011751661430686
8714,0.46384889938238066
8715,0.38630435644139166
8716,0.6116512524814125
8717,0.4542931070209013
8718,0.6661253608135347
8719,0.3288806311559053
8720,0.5192703795628782
8721,0.6047999148403478
8722,0.6124184831514663
8723,0.5302247273686033
8724,0.4416521807282883
8725,0.535496458608949
8726,0.4778332151600117
8727,0.5331252997385508
8728,0.6189487324005118
8729,0.5505131241144943
8730,0.5632435574124192
8731,0.5156230979651918
8732,0.4511701482762636
8733,0.46029178865765047
8734,0.36069841004716985
8735,0.45571900812242094
8736,0.467635185684941
8737,0.44855422101994974
8738,0.39581928903326125
8739,0.5629998637474951
8740,0.49271052242176583
8741,0.3845580715665204
8742,0.7502781911878792
8743,0.4122278799932139
8744,0.4900319644329263
8745,0.34394759628905197
8746,0.4589684378857003
8747,0.4185640247456008
8748,0.4009406908978641
8749,0.5832527462364209
8750,0.42394429757065494
8751,0.42503731095967945
8752,0.545655844584814
8753,0.45590634980645245
8754,0.5728017018229352
8755,0.4087234292963492
8756,0.4132393241654527
8757,0.462444946095393
8758,0.6366826503923484
8759,0.46831384245195173
8760,0.4489838874031982
8761,0.5783540180185203
8762,0.477967784598638
8763,0.5109420142368276
8764,0.4807873209581523
8765,0.4895068793565062
8766,0.4846283675243259
8767,0.48762497042248826
8768,0.6781207686247634
8769,0.5078045501222863
8770,0.4457349476972963
8771,0.4312254554337995
8772,0.5155111506674074
8773,0.4654262028260593
8774,0.5489030177141571
8775,0.5491524915919991
8776,0.6011647064795577
8777,0.4509063543311694
8778,0.48391770230702497
8779,0.5117712617036612
8780,0.4872176338504042
8781,0.5124000674899161
8782,0.5083596824256879
8783,0.5037957218399686
8784,0.5667887441068273
8785,0.3956782123470766
8786,0.4579939004722814
8787,0.40656593801735197
8788,0.3981049088559528
8789,0.48648740542657615
8790,0.36211720843924655
8791,0.4353857639138993
8792,0.5776382152544213
8793,0.47089539351138776
8794,0.5824783969494263
8795,0.3966219735987086
8796,0.5336392624512925
8797,0.4557492026615653
8798,0.5024367247004422
8799,0.34635992511416624
8800,0.5380767436627546
8801,0.4608763794012131
8802,0.48539059912077415
8803,0.5463790757162763
8804,0.5065974990441818
8805,0.6484112907054762
8806,0.697149878180255
8807,0.5423502588063118
8808,0.35461916180922726
8809,0.3321546227185629
8810,0.5151232550293745
8811,0.4236464558514438
8812,0.553210180170855
8813,0.4628833580278754
8814,0.5403304559370132
8815,0.5562366817079951
8816,0.6462299283746529
8817,0.41952193124602916
8818,0.36680623889355546
8819,0.41277479396470784
8820,0.4199324360738234
8821,0.3628853651336553
8822,0.6825284489733532
8823,0.3340633461092085
8824,0.5488510366283915
8825,0.5590765256684502
8826,0.6205624816820294
8827,0.5833469462541185
8828,0.5893432727736797
8829,0.6121088909812917
8830,0.5389668726650592
8831,0.5302204802544841
8832,0.6631678026875181
8833,0.419420183340139
8834,0.5389801364953143
8835,0.5005463453284795
8836,0.5266236145522353
8837,0.37821736360729696
8838,0.7314215897231947
8839,0.5622219462715154
8840,0.5019835161663853
8841,0.31730232996866786
8842,0.5814329650144772
8843,0.7273586093186708
8844,0.5475460942283201
8845,0.3496774650836236
8846,0.6598017210375637
8847,0.5420052390478078
8848,0.6604513908913215
8849,0.4577302303729829
8850,0.6981064671739414
8851,0.5046990196893079
8852,0.4946923977908369
8853,0.5376759817331318
8854,0.5311646305413141
8855,0.44166069347163667
8856,0.4818210306493041
8857,0.5696501832215766
8858,0.4539097663159455
8859,0.5066680095672204
8860,0.5665421838644767
8861,0.7427469130913608
8862,0.4460634890504187
8863,0.5295254889900695
8864,0.6251279878739712
8865,0.41620424719436633
8866,0.4937664104760499
8867,0.46362545733469784
8868,0.43170699897665366
8869,0.48694122676388407
8870,0.463159157135105
8871,0.5398506823794409
8872,0.445168096392075
8873,0.4740317259807277
8874,0.3459392569197336
8875,0.5522128412167355
8876,0.6679287486485963
8877,0.6111273335914976
8878,0.5974248066034555
8879,0.6708147453090122
8880,0.64264185353104
8881,0.49874555268339754
8882,0.5821424235816197
8883,0.353436062957579
8884,0.4262267983782583
8885,0.43202578937549396
8886,0.5611771384626896
8887,0.4613273133942933
8888,0.4695478893463496
8889,0.4422297393859395
8890,0.4141116058886668
8891,0.5277988969221826
8892,0.33181462242829474
8893,0.4455776423486171
8894,0.4909114872095442
8895,0.3824873932888029
8896,0.5409435703144535
8897,0.5394743050695185
8898,0.5277525251829669
8899,0.5374582352411464
8900,0.5347743404776608
8901,0.4046659495627944
8902,0.7216375104349259
8903,0.48531096539793034
8904,0.7258519704158459
8905,0.520430845451421
8906,0.482608439506888
8907,0.47482026053956916
8908,0.6313000836814293
8909,0.5392149019998328
8910,0.5622424077423768
8911,0.5005430729687532
8912,0.41904574437816267
8913,0.3639275929857921
8914,0.41694684746374355
8915,0.46180060963385544
8916,0.5164153952955576
8917,0.5684681912892359
8918,0.4774188311115217
8919,0.6443977474249127
8920,0.4339481532709929
8921,0.3322759574281128
8922,0.44407248727583315
8923,0.3447105934820255
8924,0.41780762595957
8925,0.48890203565833623
8926,0.5274556939273997
8927,0.5974457278684379
8928,0.47929158273057637
8929,0.44124521121109794
8930,0.4154415265283985
8931,0.45232655233930497
8932,0.43192162796901923
8933,0.6669189487217732
8934,0.5530852901297929
8935,0.5353073822632732
8936,0.38046603067646023
8937,0.5190210189904229
8938,0.6025833317536889
8939,0.3376689992994381
8940,0.572603443019547
8941,0.37586625297117215
8942,0.6099074436689634
8943,0.5044585814970938
8944,0.5828105468903273
8945,0.41134318936271386
8946,0.5009056448966335
8947,0.5264982192506359
8948,0.4170378292823692
8949,0.4596254328873019
8950,0.4905013568707737
8951,0.5634147775466231
8952,0.34142165326914875
8953,0.6061158081528568
8954,0.45475192533385317
8955,0.5164925060333133
8956,0.5343341683058147
8957,0.5332508327590043
8958,0.608755750935307
8959,0.501853431586762
8960,0.6598729798152456
8961,0.45103915066369593
8962,0.5408438939419254
8963,0.6044261250001652
8964,0.5842278739153266
8965,0.5490751353282033
8966,0.3443955009161992
8967,0.3395068771192483
8968,0.47956025063195773
8969,0.5011081402073541
8970,0.7771524168239785
8971,0.5193007355098024
8972,0.5156658932835942
8973,0.4967576435500613
8974,0.6401998635052415
8975,0.40865862962270544
8976,0.3900722073110606
8977,0.4223814555441078
8978,0.5013892526070203
8979,0.5137829488691241
8980,0.5839033562615475
8981,0.5721021714109872
8982,0.4867975343770838
8983,0.43120763296322034
8984,0.4004524450990472
8985,0.42107821745255336
8986,0.620172915307133
8987,0.42204691159891605
8988,0.3551465641364659
8989,0.5253314766287356
8990,0.5218089170873335
8991,0.4959099099140841
8992,0.36317924265690327
8993,0.6728759578457312
8994,0.43888085311227654
8995,0.6781113882291804
8996,0.554306788148354
8997,0.5740198575662516
8998,0.5810009388151197
8999,0.38880951658905427
9000,0.4361577262243636
9001,0.5307912620326319
9002,0.4135674812815451
9003,0.8564186907671507
9004,0.42090096584508546
9005,0.3749953067514778
9006,0.3766966900523755
9007,0.5660400836767827
9008,0.5074228797580376
9009,0.4701945426736288
9010,0.4346960866274806
9011,0.5090408241598858
9012,0.4840701639740701
9013,0.5338213087802064
9014,0.8098270027092853
9015,0.4041533179367704
9016,0.45775760266468085
9017,0.5239309433066629
9018,0.47349500087190777
9019,0.37663431865401287
9020,0.5322961515015371
9021,0.6082977937553622
9022,0.5256387340809567
9023,0.5986196861886767
9024,0.49900864873231654
9025,0.36037767283814526
9026,0.4649384041742653
9027,0.5060421532291071
9028,0.3956900266623832
9029,0.5288697568791143
9030,0.38790552573475934
9031,0.42879994706616265
9032,0.45640934593654875
9033,0.5868500877576046
9034,0.5790981879276991
9035,0.5161937835039212
9036,0.4843241280046777
9037,0.5328883093644385
9038,0.5875945418601962
9039,0.5703918013747101
9040,0.5699236254671916
9041,0.4283566870281624
9042,0.4740327570383097
9043,0.3337072367605627
9044,0.5586325926369177
9045,0.4695830907297792
9046,0.33391753609715275
9047,0.5950061531501963
9048,0.5239885998252248
9049,0.41717172225092375
9050,0.4354699406667758
9051,0.42127575520994365
9052,0.45671497724958626
9053,0.5207914016369
9054,0.5729454951513717
9055,0.5519730407879141
9056,0.7564598674613164
9057,0.5448225339298493
9058,0.5100903159983349
9059,0.42937274634145106
9060,0.566313857543241
9061,0.45972833201985486
9062,0.6494256235588309
9063,0.4560645370904691
9064,0.6318709869070184
9065,0.565885324758779
9066,0.4369848713076377
9067,0.5063782656542511
9068,0.43920999924584153
9069,0.708426307355581
9070,0.45231119705936873
9071,0.6715257818715588
9072,0.5006197057084233
9073,0.6018581014792344
9074,0.3770885479892391
9075,0.6452811830365943
9076,0.4136287559844021
9077,0.47810830345415284
9078,0.5067505329222761
9079,0.3789546688072742
9080,0.5490041551799428
9081,0.5837671189510556
9082,0.4407269897270559
9083,0.5527293865337155
9084,0.4644417923581399
9085,0.7130840993503325
9086,0.5188694002559218
9087,0.7122622013902048
9088,0.5189849546713323
9089,0.5923484764965715
9090,0.5839094246228206
9091,0.45700971885604214
9092,0.41853410004365166
9093,0.571205182397494
9094,0.4037548040207022
9095,0.5851693929335199
9096,0.45109706061060045
9097,0.47015204049849796
9098,0.6335579610778566
9099,0.6684416054368283
9100,0.6712768148397914
9101,0.5800189230751858
9102,0.43093338564046013
9103,0.43315362968923354
9104,0.7572715962520569
9105,0.6768341603577495
9106,0.6063150343671093
9107,0.6944012606081212
9108,0.5593814886283116
9109,0.569839722537686
9110,0.4780922588431698
9111,0.5146387044360565
9112,0.6441334284473493
9113,0.5669304440090347
9114,0.5651547032404096
9115,0.5010249301283709
9116,0.4817405612482214
9117,0.5434811181586979
9118,0.6496277836771045
9119,0.5973781691613216
9120,0.6707831361753009
9121,0.5454059250492361
9122,0.4844696403094517
9123,0.5813637292050647
9124,0.6782509489004148
9125,0.563643660965516
9126,0.3551729466615944
9127,0.4691381321292618
9128,0.43587142362725073
9129,0.5210277541022571
9130,0.40789051525319575
9131,0.5676649087596856
9132,0.5852256195280245
9133,0.7404834174889205
9134,0.4208350949200592
9135,0.4632041532877306
9136,0.5101412563800843
9137,0.516078605639433
9138,0.6570162699945294
9139,0.47310164897013174
9140,0.5799196623548131
9141,0.3375487510808395
9142,0.6355761317713182
9143,0.395256301070783
9144,0.5491250589135858
9145,0.5251664411251006
9146,0.5617213770736045
9147,0.3984930062108574
9148,0.5057354498965215
9149,0.552332025839094
9150,0.5281275568016687
9151,0.4912030115620257
9152,0.35393734812738653
9153,0.5410017525118469
9154,0.5993829049497994
9155,0.45320433530565235
9156,0.601946492528369
9157,0.5773129894508168
9158,0.6074648442333438
9159,0.49553721744329116
9160,0.5258977253012422
9161,0.45465490151330196
9162,0.5714311858131773
9163,0.498149910601533
9164,0.3499888548894552
9165,0.5700982322478765
9166,0.6419641329562981
9167,0.581437083108578
9168,0.534144402661646
9169,0.43947426269256207
9170,0.5304419168646771
9171,0.5765221556243484
9172,0.6181590194031915
9173,0.7223600407836319
9174,0.47089830080158923
9175,0.47413178735434813
9176,0.506381704801723
9177,0.39807419554118056
9178,0.3868955007217241
9179,0.4876604488829247
9180,0.5530331744978103
9181,0.46348840337197067
9182,0.540143466370077
9183,0.44441798421143264
9184,0.5228583909937587
9185,0.5531850443009153
9186,0.4888871653509498
9187,0.4045204229424556
9188,0.40341769859523074
9189,0.4074400698279178
9190,0.6373263612730569
9191,0.5416655991377044
9192,0.5446804139444582
9193,0.5175992572522773
9194,0.5192193383154927
9195,0.5907246577471128
9196,0.6076804962954111
9197,0.4815092650770496
9198,0.3960207285230099
9199,0.435903921499884
9200,0.5874609761861062
9201,0.6906808217230338
9202,0.4789278824589567
9203,0.5560887457478606
9204,0.6922718118252094
9205,0.559937140473084
9206,0.48021044970656723
9207,0.501527980358998
9208,0.41993774557490304
9209,0.46326595253061836
9210,0.5480468132638131
9211,0.5375623509756896
9212,0.48108745223345856
9213,0.4787434580555725
9214,0.6255461351634594
9215,0.6316062446331834
9216,0.5367734492332247
9217,0.5024488230121569
9218,0.5651456167972679
9219,0.5979029354440063
9220,0.3873898415689011
9221,0.51420152442443
9222,0.45539456154924973
9223,0.5241193707636085
9224,0.6533440212227483
9225,0.48830637586010994
9226,0.5787558343159068
9227,0.502212160539609
9228,0.5186849340073884
9229,0.3482473077513123
9230,0.5678945033611381
9231,0.5559958796097291
9232,0.3274976849083965
9233,0.36517365875533797
9234,0.7533973745410996
9235,0.4772814908808929
9236,0.5690030028026887
9237,0.5012224520251671
9238,0.5687318577479421
9239,0.3698531327323613
9240,0.5730598739397941
9241,0.6173248804663561
9242,0.47719787523223356
9243,0.4178854722192489
9244,0.5588439652050429
9245,0.3714192678275392
9246,0.4783416589598981
9247,0.4944437929422781
9248,0.5014896481449299
9249,0.3230466703066746
9250,0.5059059067638353
9251,0.46811542204603623
9252,0.5313914355905206
9253,0.48519945875811704
9254,0.5681043092172229
9255,0.41371064832155713
9256,0.37961056283350736
9257,0.5807662915096825
9258,0.3734834828965631
9259,0.4308560182335424
9260,0.6651079124429904
9261,0.5829606340194062
9262,0.6591399664351734
9263,0.5064224055902062
9264,0.6453836870418435
9265,0.4381640866780479
9266,0.4750262832147575
9267,0.4060919203113995
9268,0.5093624577518051
9269,0.4533362448057943
9270,0.5708930325255076
9271,0.5651098833069075
9272,0.4678066234832736
9273,0.4554626884849907
9274,0.5337566349075609
9275,0.7351220522374726
9276,0.5042855578476242
9277,0.43487093773258184
9278,0.485574774345711
9279,0.6599736723717307
9280,0.4212909889458226
9281,0.4969136457913359
9282,0.5182391673597507
9283,0.501926793873905
9284,0.6904199604722888
9285,0.4698986598070396
9286,0.4665867533095041
9287,0.49933524692637377
9288,0.4553521270726517
9289,0.5828084867449335
9290,0.3831877735343827
9291,0.5011350059796985
9292,0.5712988743434879
9293,0.43293734844432186
9294,0.4747929643115029
9295,0.5773646141486386
9296,0.5234998868043862
9297,0.5394874075762184
9298,0.42594673351725376
9299,0.4500655555075921
9300,0.43411726927947447
9301,0.5007464524702024
9302,0.5044967923914493
9303,0.41969499023280205
9304,0.5420122188599271
9305,0.5278398356276155
9306,0.5932473223490602
9307,0.6501628104135253
9308,0.40402072027058056
9309,0.45372032767439546
9310,0.6161035678071716
9311,0.5173732371571749
9312,0.5656159713688962
9313,0.591319846030015
9314,0.4325406569115256
9315,0.3799930836649459
9316,0.3852352539802647
9317,0.5592881620831202
9318,0.4191195495175114
9319,0.5929125776564126
9320,0.3301302456233284
9321,0.48305778533801147
9322,0.4232902361328929
9323,0.606073943352547
9324,0.43569983887621067
9325,0.6844621064942819
9326,0.713981826183503
9327,0.5335759173667615
9328,0.6503427436474616
9329,0.6445200794539621
9330,0.6987945780756069
9331,0.5323671461444339
9332,0.5895765538040526
9333,0.43800700607508786
9334,0.4845526304407289
9335,0.7685399960883853
9336,0.46773477256616114
9337,0.46335086286503746
9338,0.337843584692617
9339,0.42360618593342203
9340,0.4211511502085589
9341,0.49243206077029583
9342,0.5065679140421097
9343,0.4615311538102378
9344,0.40661052649574836
9345,0.39844174094277723
9346,0.4851735043034695
9347,0.709659893943473
9348,0.704087718326698
9349,0.3226456560717145
9350,0.5183878188427149
9351,0.6305620501670401
9352,0.3488217517760559
9353,0.4710094491511777
9354,0.5245631600125901
9355,0.4696981317078179
9356,0.5237118625283552
9357,0.5733893827808672
9358,0.6295051809160921
9359,0.5381683706652538
9360,0.36774087605053885
9361,0.47988091719164583
9362,0.4767182912499858
9363,0.6086931529971933
9364,0.2769046445732577
9365,0.5475628042462994
9366,0.34492585812229065
9367,0.37779420801501434
9368,0.5539796106737984
9369,0.4789805302037568
9370,0.3565387703459295
9371,0.45853976942401914
9372,0.6679613406637624
9373,0.3563645494390767
9374,0.5402261835563245
9375,0.7405284072524603
9376,0.511554278698636
9377,0.6737620686309524
9378,0.3764486340848383
9379,0.6955433029567282
9380,0.622496864248477
9381,0.5219134807290964
9382,0.3561603721113666
9383,0.42522989163312347
9384,0.46300880413166645
9385,0.5444557857511965
9386,0.5305656929245797
9387,0.45356839659552894
9388,0.521955465169591
9389,0.7513576306891017
9390,0.4905198215797016
9391,0.5336817813135535
9392,0.5556161799319723
9393,0.6566927386134204
9394,0.4827063195650653
9395,0.4501669271780825
9396,0.49254795910539156
9397,0.5064956806346947
9398,0.44047389817847515
9399,0.477493787355226
9400,0.5198087151672728
9401,0.5387127858121952
9402,0.6376102463783792
9403,0.4941158232434312
9404,0.6527438916514618
9405,0.5601465691659647
9406,0.44558674099224904
9407,0.5166893344823257
9408,0.3699327713054498
9409,0.29780909622423224
9410,0.5423238449157717
9411,0.42843857972506494
9412,0.30603082515879165
9413,0.44596739612456937
9414,0.5753685938731015
9415,0.5027290122893135
9416,0.714521564398427
9417,0.6091569458119883
9418,0.43171712215965286
9419,0.5528580016072613
9420,0.5319200661573817
9421,0.40863998908301674
9422,0.4536561867570657
9423,0.5376123730988879
9424,0.4575337201286888
9425,0.5408374011552609
9426,0.47188597595255416
9427,0.45634408865683096
9428,0.5281974970195358
9429,0.43299261855124543
9430,0.44690501944455235
9431,0.38118642764836896
9432,0.5668728267265448
9433,0.6439503282876742
9434,0.39880851363968833
9435,0.7478885311384608
9436,0.4436714124825337
9437,0.5617968390447092
9438,0.5114013179893595
9439,0.49224777507131806
9440,0.462735830948771
9441,0.5397645815338783
9442,0.4876645280165747
9443,0.3538902238113674
9444,0.4226457786464407
9445,0.6588923547503099
9446,0.4946360610095214
9447,0.5591732071617079
9448,0.5872451155452727
9449,0.31517620125215384
9450,0.5230591621848782
9451,0.43244114767012676
9452,0.6013421568806435
9453,0.5630553644956044
9454,0.6614249827416441
9455,0.44171492712037885
9456,0.5800762966323828
9457,0.4126201901779301
9458,0.4011468028847408
9459,0.557825633972945
9460,0.5613291890504274
9461,0.5561544021963912
9462,0.7106010442769317
9463,0.4330485470149207
9464,0.5415320840426487
9465,0.41003893660233265
9466,0.5915675717801063
9467,0.5451759472819662
9468,0.6310460799665594
9469,0.4666000133671995
9470,0.8342832176574216
9471,0.7038203864290355
9472,0.4192400701107992
9473,0.6825463854192654
9474,0.4920343566828234
9475,0.4316695672128145
9476,0.5384018713624289
9477,0.42097773298142405
9478,0.7490997363448552
9479,0.526252787015556
9480,0.49166478799638913
9481,0.5770431204128658
9482,0.7503327335721515
9483,0.5422213458745035
9484,0.42887099251119803
9485,0.3894926438461444
9486,0.5809849107622826
9487,0.5740513662503615
9488,0.6739671822951194
9489,0.591853889836888
9490,0.4693266058116873
9491,0.6227507271563818
9492,0.6821740053609588
9493,0.46295424354312875
9494,0.5632257165217199
9495,0.6397554474128093
9496,0.4916404415157393
9497,0.547266597021359
9498,0.5361975653982249
9499,0.520069338736601
9500,0.6739877346206529
9501,0.4293835865156921
9502,0.41803751827247915
9503,0.5230515265153853
9504,0.44512245323487626
9505,0.3950924953156554
9506,0.4132211478361779
9507,0.560330784762917
9508,0.5352362887079204
9509,0.4637069770184456
9510,0.5215875364221029
9511,0.6450802555571176
9512,0.3848019508000968
9513,0.6392780747570732
9514,0.5116682932087498
9515,0.34584772425686605
9516,0.44979315195369873
9517,0.6127594410991788
9518,0.48626232084985976
9519,0.5633140011370553
9520,0.6072279351330483
9521,0.6389528104500595
9522,0.5797337137887331
9523,0.7292476760695009
9524,0.6629119674100694
9525,0.3923250470451001
9526,0.5027339211324214
9527,0.5908457537321717
9528,0.6714523031218077
9529,0.47986748401662005
9530,0.6889180840214579
9531,0.4445160678431916
9532,0.5093170493645087
9533,0.6125098176826368
9534,0.40699401487070885
9535,0.410734147472544
9536,0.7081118904348923
9537,0.39412839543346406
9538,0.49118910873020183
9539,0.35160891419526275
9540,0.3816436331478349
9541,0.47429179460149223
9542,0.5814793053916525
9543,0.45981805124575215
9544,0.6112378462478816
9545,0.4429023437376088
9546,0.4597754009970238
9547,0.49105816025898436
9548,0.3826039902612557
9549,0.45098575260228463
9550,0.5467840641355544
9551,0.5329930088304232
9552,0.48517509246764956
9553,0.4422548171737785
9554,0.5469161872071755
9555,0.7020464501778416
9556,0.42759835853598344
9557,0.38478860181286434
9558,0.4276130504914244
9559,0.42986471859060726
9560,0.5325765783218815
9561,0.425111170300402
9562,0.5282929980628359
9563,0.49920918609092063
9564,0.574655117257961
9565,0.3343266140471697
9566,0.5389952861088381
9567,0.7029792690512094
9568,0.476569730114896
9569,0.49485237389259107
9570,0.4530665163303721
9571,0.5337504290633083
9572,0.4759069063656466
9573,0.6627238749488693
9574,0.5547081377431611
9575,0.46077953385759324
9576,0.6001837607671295
9577,0.4973098200129166
9578,0.5159878104389654
9579,0.5094222856067526
9580,0.5460322740988277
9581,0.4802066568655583
9582,0.4803814930537541
9583,0.6353821568448496
9584,0.41674493947623703
9585,0.45983973092977726
9586,0.41731344581539787
9587,0.3114122245921084
9588,0.46809033160578356
9589,0.4886819751416646
9590,0.47398513012256127
9591,0.5351248357946413
9592,0.35671854678127213
9593,0.5433234876743499
9594,0.49319383585068355
9595,0.7067215386033678
9596,0.5972512752437327
9597,0.40589192088441767
9598,0.6187719095037432
9599,0.6295309156500236
9600,0.43815760361562983
9601,0.5520336817037351
9602,0.6528717951501339
9603,0.56612177211464
9604,0.26670904359982717
9605,0.5263851728992778
9606,0.508983262134954
9607,0.6627340438023572
9608,0.48795375683952014
9609,0.4352908407350854
9610,0.3969241892162475
9611,0.48432889673051416
9612,0.6042560294435623
9613,0.4908091459329149
9614,0.5885085078082569
9615,0.45938523467769776
9616,0.3166258734595332
9617,0.5241025696467888
9618,0.6437528197049491
9619,0.596217545662803
9620,0.5391118840326696
9621,0.5925861316258604
9622,0.6169595042428888
9623,0.38717404489119134
9624,0.5708920355575129
9625,0.35826687124817824
9626,0.4909778771432126
9627,0.4812419789800946
9628,0.6263945043505433
9629,0.40630059810437313
9630,0.5077366125731638
9631,0.39836158819190837
9632,0.40331544669161035
9633,0.45988053869357104
9634,0.3103382759191859
9635,0.44549818361418925
9636,0.5512840480640046
9637,0.5516255568769404
9638,0.5720624682722676
9639,0.4001222983128422
9640,0.44241917431617844
9641,0.42117499421129273
9642,0.39753762053166497
9643,0.6165562868436347
9644,0.5205315509006316
9645,0.39538570176626103
9646,0.3840402691478223
9647,0.595745028159096
9648,0.36287901703901115
9649,0.5239537098753291
9650,0.6948891595035364
9651,0.6122992646489979
9652,0.5016883658178797
9653,0.4858382832997423
9654,0.49764018961363304
9655,0.4229807492979959
9656,0.55336068540339
9657,0.6268489543679765
9658,0.4781972390491065
9659,0.6576412590443245
9660,0.47388135402226833
9661,0.5241793202555916
9662,0.4465243972061431
9663,0.3551856943380869
9664,0.5956673799448968
9665,0.5088280483715398
9666,0.5575528731924311
9667,0.45426035566216977
9668,0.4760426004203036
9669,0.5350589340155945
9670,0.37251909704676867
9671,0.33062900160782227
9672,0.5301531383964976
9673,0.5143444540210506
9674,0.44805197035134064
9675,0.5577516979213577
9676,0.6532168007956796
9677,0.5224224376263494
9678,0.6168313690113175
9679,0.670004827535659
9680,0.42140536291121333
9681,0.5192993785420577
9682,0.5442774652570826
9683,0.7457814443739121
9684,0.5343605449772705
9685,0.4465050997970597
9686,0.5252411791078185
9687,0.761551291874023
9688,0.4993708770430326
9689,0.6334454079309806
9690,0.5639323754008844
9691,0.6707894686835191
9692,0.591254713713694
9693,0.5142506328141394
9694,0.45710590204932067
9695,0.3969723434086147
9696,0.3917345026268595
9697,0.5618679062535537
9698,0.4640600511442329
9699,0.5008928223381403
9700,0.39812973244743455
9701,0.45306192338720325
9702,0.4956010259679375
9703,0.5317827692470302
9704,0.3771735906061536
9705,0.4554595374549818
9706,0.5438010412724137
9707,0.47781189100605564
9708,0.40290696140110716
9709,0.5723373021732098
9710,0.5132752864584686
9711,0.5147386838168792
9712,0.4969860503428113
9713,0.5466972594989317
9714,0.4213688081286942
9715,0.3840409950380431
9716,0.6298283582537718
9717,0.7505564061575294
9718,0.3884334024867041
9719,0.6315863210877204
9720,0.5213842212792501
9721,0.4534487268426109
9722,0.5029679645625132
9723,0.693890141310404
9724,0.46634124051784925
9725,0.5922543755930636
9726,0.4429490993708288
9727,0.49625171183655525
9728,0.4256317531929139
9729,0.4630971584563913
9730,0.5077478426953913
9731,0.6150300106784058
9732,0.6223256279736216
9733,0.6208783666894488
9734,0.5523375445202048
9735,0.4147378419618304
9736,0.5827599271201683
9737,0.5602398217123329
9738,0.6294781227811451
9739,0.46895315937369336
9740,0.5132963522492537
9741,0.43654034886057913
9742,0.3492682327007903
9743,0.4494748066522062
9744,0.47383786190378463
9745,0.4828823532844217
9746,0.4979362996808534
9747,0.4222841284746695
9748,0.39846856413375514
9749,0.5518932872673273
9750,0.457892623178681
9751,0.46527659385390063
9752,0.4383435572612062
9753,0.45373456284046976
9754,0.44970601049938264
9755,0.6395008003157221
9756,0.4763852214492793
9757,0.4572213009805713
9758,0.5518228698840364
9759,0.4740579251559548
9760,0.6757544621197953
9761,0.5826093577366875
9762,0.5552062520758844
9763,0.5089757706844451
9764,0.677197873763064
9765,0.4684577054055318
9766,0.4961171861584719
9767,0.3369571413765898
9768,0.5548693760146937
9769,0.41975309666501903
9770,0.5545126017925683
9771,0.35082292815667615
9772,0.4613654104771932
9773,0.48981622447265577
9774,0.5995551523886127
9775,0.5336076367742093
9776,0.49165567602105725
9777,0.34363539941130006
9778,0.3227632765151306
9779,0.4670415440761177
9780,0.4032131779908835
9781,0.613892207772589
9782,0.44671768774160564
9783,0.5438374938803008
9784,0.460782578896578
9785,0.5649633809901685
9786,0.4169581044649344
9787,0.5302365413142136
9788,0.6662561367806622
9789,0.5102491724936716
9790,0.5462695311612571
9791,0.34465714416402604
9792,0.30274336539115776
9793,0.4714651943414819
9794,0.5844756602863281
9795,0.5224590621350815
9796,0.7828270940830226
9797,0.4229123062806892
9798,0.4564885548914177
9799,0.4541709339042477
9800,0.4846833626162336
9801,0.390094627474318
9802,0.4192668318397586
9803,0.5856059558192395
9804,0.49426830278148626
9805,0.4732105626529271
9806,0.43965438766925824
9807,0.4139241487587903
9808,0.48123261826876523
9809,0.4234668701956938
9810,0.4324641846486153
9811,0.4472061086878153
9812,0.49154108989078965
9813,0.49622859377742146
9814,0.4064573062487784
9815,0.48187938240010353
9816,0.5308384892512994
9817,0.44799632451078875
9818,0.5697001668858077
9819,0.4934191064242084
9820,0.4387990782540407
9821,0.5800554417532635
9822,0.5374153185336978
9823,0.39279029730611503
9824,0.40339949958275156
9825,0.48442357691478527
9826,0.3486757604782798
9827,0.6067835841729665
9828,0.5487595931761151
9829,0.5650752535444523
9830,0.5765958797223698
9831,0.6918311591174622
9832,0.41279598044129706
9833,0.67008812998946
9834,0.4874611930923873
9835,0.4510232327750608
9836,0.5247622073822965
9837,0.41900352323535667
9838,0.5180727634379447
9839,0.40629188090058665
9840,0.4334153352088671
9841,0.44535717801809516
9842,0.5223687392810897
9843,0.3969803374409562
9844,0.5163093714396344
9845,0.5102691324971829
9846,0.5293738606004947
9847,0.506962179038101
9848,0.49096033936960387
9849,0.49349089823674375
9850,0.520804171001099
9851,0.5307040518356957
9852,0.6852118102073188
9853,0.41967266657871205
9854,0.525444524889262
9855,0.4488343023829845
9856,0.32727775414294324
9857,0.4905906297361421
9858,0.37414506918289603
9859,0.4439858732314177
9860,0.40126670151621013
9861,0.7361262267034597
9862,0.4806477574539703
9863,0.7044566082740962
9864,0.49647890449373355
9865,0.44792407035366205
9866,0.46804508636828746
9867,0.6426296704974708
9868,0.4725948385880284
9869,0.5066044677874146
9870,0.5398971534645236
9871,0.5092992198671429
9872,0.476723353846672
9873,0.5091880235575001
9874,0.5249071677895866
9875,0.3103462000073813
9876,0.5462824885033453
9877,0.5610369398403408
9878,0.5588708853452234
9879,0.4379824047103036
9880,0.30288098476458325
9881,0.6526562596190901
9882,0.4840056121111781
9883,0.7860833627823911
9884,0.544714186311323
9885,0.4176422585608529
9886,0.292975255159476
9887,0.4509587181429229
9888,0.4652517056941091
9889,0.5779059692219737
9890,0.4482000390033424
9891,0.5381310256429067
9892,0.5613421662489111
9893,0.6117278992618332
9894,0.5057186159795052
9895,0.5287957562062214
9896,0.5389288839834836
9897,0.554131892938663
9898,0.4828466646276264
9899,0.30348579767262746
9900,0.47682224976810184
9901,0.5196613209961466
9902,0.4274820404640496
9903,0.42239605984819495
9904,0.5058731331270784
9905,0.4590575113651437
9906,0.4861962612276583
9907,0.3577973673221757
9908,0.34036808261582474
9909,0.5127096213702494
9910,0.5025019849069338
9911,0.5319513678154346
9912,0.4206459650615333
9913,0.5084963988127079
9914,0.5058685892596523
9915,0.4329134282873881
9916,0.42963821649862255
9917,0.4346656446117911
9918,0.6450764975957168
9919,0.48796692943776915
9920,0.68139600624642
9921,0.4779805452160211
9922,0.45708192360957794
9923,0.4376075178947751
9924,0.5760579093314595
9925,0.6352114929984347
9926,0.4879716352321174
9927,0.4948808822195098
9928,0.5252946989343767
9929,0.30047398912617906
9930,0.628846582550245
9931,0.5647528685361738
9932,0.41819562572779234
9933,0.4934167792333043
9934,0.5368077696017376
9935,0.4387200933139074
9936,0.5082473464187245
9937,0.5292436033432013
9938,0.48269556562266774
9939,0.43357418385679625
9940,0.6101950323610343
9941,0.7851251506144363
9942,0.5420238632006364
9943,0.5507926295209801
9944,0.5193238544856689
9945,0.6582492443977386
9946,0.4053120072233146
9947,0.3574435016463251
9948,0.46916129312198646
9949,0.579102831894361
9950,0.26482157555640007
9951,0.533164286422585
9952,0.5885548112887233
9953,0.5689601587334957
9954,0.4483811166101545
9955,0.3421461925731907
9956,0.4640679534830539
9957,0.3929771527930232
9958,0.701143936927821
9959,0.59155074905182
9960,0.5062554627935237
9961,0.48888289969970056
9962,0.3789395397916714
9963,0.7386393733151533
9964,0.6143245020348043
9965,0.6684497129596398
9966,0.6901419282487862
9967,0.5949058569743524
9968,0.5792123522142966
9969,0.6041532297602366
9970,0.6933882583025912
9971,0.5114183129323866
9972,0.4669021829380442
9973,0.7643012110181602
9974,0.40647163476276743
9975,0.32520056407052594
9976,0.6272544699601836
9977,0.48526315617804416
9978,0.6142078366158691
9979,0.5934414792658357
9980,0.4191422572026487
9981,0.48018367600415424
9982,0.5468314606121086
9983,0.5811233139943448
9984,0.5442496418872379
9985,0.842705624720818
9986,0.4475302544216229
9987,0.6244650151233183
9988,0.6854678122443572
9989,0.49872788068348334
9990,0.5348498758559892
9991,0.4694919771379641
9992,0.6379959985960819
9993,0.4416173946782267
9994,0.40304882862394015
9995,0.4460265463143045
9996,0.5267848430117855
9997,0.7407953335706489
9998,0.5069490327427155
9999,0.4573305290513601
10000,0.4200265797080592
10001,0.45864591880955047
10002,0.3957158362942823
10003,0.45491687051500357
10004,0.42374973501327184
10005,0.5218792360934269
10006,0.6821141037522143
10007,0.4262334501955244
10008,0.27720378456039574
10009,0.38673173129737337
10010,0.4856417311175256
10011,0.43912097889308016
10012,0.440464557034864
10013,0.5740806904629764
10014,0.6301808674337466
10015,0.4890690822885713
10016,0.6029548779767158
10017,0.44771751213360006
10018,0.48749103899643675
10019,0.5495236998510414
10020,0.6345944510144932
10021,0.3888451189370997
10022,0.48858188170511774
10023,0.5106477494208441
10024,0.41562285105052565
10025,0.7668176210517745
10026,0.8012437242733667
10027,0.4409733761442389
10028,0.43597520660143824
10029,0.46665695613935104
10030,0.45826295359203767
10031,0.4354736974354698
10032,0.5881075251065038
10033,0.5295868058041587
10034,0.6018061465412614
10035,0.45586993089548133
10036,0.3529900058811569
10037,0.3130250597926443
10038,0.6469981720124939
10039,0.7307179778392939
10040,0.5095754210435018
10041,0.5926180387721606
10042,0.5789926842596245
10043,0.6097823625668959
10044,0.6192332397686366
10045,0.37815521986715345
10046,0.4466681919308003
10047,0.6391204798532328
10048,0.4959361998246764
10049,0.5069824846020358
10050,0.5861216495217574
10051,0.5880592052628403
10052,0.6202753560198856
10053,0.5100084540637128
10054,0.4500224341167796
10055,0.4524187224317754
10056,0.5806705492870996
10057,0.35316769896326883
10058,0.5009352304614673
10059,0.49105365786267635
10060,0.6014891367021593
10061,0.35961954776741073
10062,0.47433562476965435
10063,0.5249566926206999
10064,0.5937421647982433
10065,0.505524069966545
10066,0.6804175071106181
10067,0.6760453210747202
10068,0.48931572772673465
10069,0.5678947969861176
10070,0.4921064180145175
10071,0.5771560959399556
10072,0.4910489215312954
10073,0.6436789053615224
10074,0.5255089928094491
10075,0.46365924456151547
10076,0.5664062907037766
10077,0.549220260945995
10078,0.581481447770461
10079,0.440520110168735
10080,0.6726791210912344
10081,0.48395620781162746
10082,0.6114408962198522
10083,0.49048849009460804
10084,0.4753047484827822
10085,0.6287746529661312
10086,0.4743221454420606
10087,0.4850003020192523
10088,0.416191961310948
10089,0.5010685129057132
10090,0.7103938777503012
10091,0.5184552679746298
10092,0.38828301329650683
10093,0.5119660848591888
10094,0.5835692946055667
10095,0.37027554832413895
10096,0.4174956595996916
10097,0.5608764315191997
10098,0.4824133396056459
10099,0.5027451754492
10100,0.3087125917791238
10101,0.6458280099363275
10102,0.41579842103597486
10103,0.6417716050158127
10104,0.5256591832906887
10105,0.4703069590844766
10106,0.45233931786911136
10107,0.4555728369514776
10108,0.4927888964884862
10109,0.4502837959630675
10110,0.5510421486633803
10111,0.5637805964437262
10112,0.42993825818094367
10113,0.4773916566363526
10114,0.572517208573086
10115,0.42361888188753355
10116,0.4927837488262171
10117,0.5550772444375669
10118,0.4179415914642424
10119,0.46797838251433077
10120,0.572767595740535
10121,0.5152993199230965
10122,0.6712808650122042
10123,0.706947884282458
10124,0.36015923732025246
10125,0.5799237011464928
10126,0.43619589839292505
10127,0.43441636310888965
10128,0.4362681427323757
10129,0.5076540229050097
10130,0.46090106605297976
10131,0.43626589710632707
10132,0.4948960740795137
10133,0.838169495938788
10134,0.3296036898873296
10135,0.4834696300170497
10136,0.4781582414624361
10137,0.5170615615269469
10138,0.3352150929669937
10139,0.5203989424595616
10140,0.3969356704171133
10141,0.5839159301159086
10142,0.6496808160003622
10143,0.4046891364258716
10144,0.5572052531072245
10145,0.46832784816596795
10146,0.32917075940720386
10147,0.40689928132958775
10148,0.5134793299880991
10149,0.4675075009962106
10150,0.43786759123869573
10151,0.5423131197352294
10152,0.6597676643148993
10153,0.6675936303244161
10154,0.4942570715391161
10155,0.48543554132349537
10156,0.6243496474980353
10157,0.5405143307274314
10158,0.5282688582694809
10159,0.5737090851523255
10160,0.44449123705763033
10161,0.534231883295438
10162,0.4603497913671141
10163,0.6196310066138403
10164,0.5498005550479921
10165,0.3958605113025513
10166,0.5498242160062672
10167,0.6265088638408071
10168,0.6272525990081026
10169,0.6502116293543909
10170,0.525764751646149
10171,0.46702504068706263
10172,0.49102591924520755
10173,0.5220400877494465
10174,0.5632216650799072
10175,0.40079281038069015
10176,0.5057364594771402
10177,0.5624754911263709
10178,0.5295760807104253
10179,0.4706594707050822
10180,0.48467288691366545
10181,0.3804273488974055
10182,0.546010758882044
10183,0.5374634967236567
10184,0.4312834137131721
10185,0.3639498666718875
10186,0.4513014038871085
10187,0.5452943337175716
10188,0.5609750740875495
10189,0.4558921150927547
10190,0.43249225181206996
10191,0.5345405649523348
10192,0.5861224674068012
10193,0.4804352465348737
10194,0.5256876058810936
10195,0.5223386263700274
10196,0.3841597341518042
10197,0.6224039494283596
10198,0.5751760077578941
10199,0.38736552758375287
10200,0.3997638443423941
10201,0.4152749976216028
10202,0.5296037608679884
10203,0.44323719451116145
10204,0.5818770576928982
10205,0.6038157463932214
10206,0.5609494731589976
10207,0.5315421700079765
10208,0.5587385155078533
10209,0.5867112450491316
10210,0.6180330044172724
10211,0.5224463692329196
10212,0.5156624266784128
10213,0.48919669448898845
10214,0.7860413742466439
10215,0.44322266149965095
10216,0.6493641209998512
10217,0.5129644102522259
10218,0.5379802091049588
10219,0.6586033455419346
10220,0.5084935820780525
10221,0.5334393026894757
10222,0.46559781806704803
10223,0.48178577529108735
10224,0.5949869902258208
10225,0.5254095020004897
10226,0.46471815390373894
10227,0.681049414589668
10228,0.4110634407615995
10229,0.4995181466151029
10230,0.5482491569049444
10231,0.43439204823106486
10232,0.6694904316355781
10233,0.707564635617997
10234,0.5461988237469944
10235,0.48997259530560916
10236,0.3846855694982876
10237,0.4606557108428554
10238,0.5920802030193324
10239,0.44888377051262823
10240,0.3986766593305332
10241,0.5246083484515219
10242,0.5539678688697822
10243,0.4264110305592718
10244,0.6267438110484291
10245,0.4915990975163359
10246,0.5466889430776554
10247,0.7507980198760844
10248,0.553794753920416
10249,0.5706369659581395
10250,0.5002485276524413
10251,0.5672622591797005
10252,0.5529959298333849
10253,0.4397641095635135
10254,0.49645604825036965
10255,0.4328590658040561
10256,0.5976511251533566
10257,0.3877417626270064
10258,0.38821264195025434
10259,0.4923188784700057
10260,0.5415520453771897
10261,0.47511860498132025
10262,0.5984903183140508
10263,0.48753795717967585
10264,0.4190505157522422
10265,0.577643158781631
10266,0.6266129955394028
10267,0.49716041289058216
10268,0.5416070973578937
10269,0.5588062156118783
10270,0.47843060578075114
10271,0.4792733493582625
10272,0.39277834746114576
10273,0.649657990248573
10274,0.4863332441696828
10275,0.5653493880130991
10276,0.6561899300013603
10277,0.4954854620161082
10278,0.5687395427421639
10279,0.5310564043034919
10280,0.56233868327028
10281,0.5429792032819716
10282,0.4920963705682514
10283,0.4529735703158464
10284,0.6015270019900867
10285,0.49158405915702214
10286,0.5322540910564889
10287,0.5124337530937007
10288,0.40502351003240594
10289,0.549762185330625
10290,0.512868892904602
10291,0.4898061074444548
10292,0.49499083992769416
10293,0.6862828495181423
10294,0.5006719544336378
10295,0.5459698486608082
10296,0.46736788184940264
10297,0.45961478491646846
10298,0.49019188241080774
10299,0.547969990586428
10300,0.6156308511703432
10301,0.4599665204663044
10302,0.5389259969832912
10303,0.6114414602299472
10304,0.7112322152054125
10305,0.49287333264629357
10306,0.5606113360175673
10307,0.5589524919382851
10308,0.5050817492888281
10309,0.39991087913029805
10310,0.465886257237133
10311,0.5648790929154103
10312,0.3664342765038848
10313,0.3526090304624182
10314,0.39695569029302524
10315,0.47907963488355243
10316,0.3798374733920338
10317,0.6196052768961603
10318,0.4772647597899398
10319,0.4180797746164237
10320,0.3996611271967664
10321,0.528397179017384
10322,0.4871262316947587
10323,0.5687915953410747
10324,0.5215973177022936
10325,0.5282665941274143
10326,0.5416595161950937
10327,0.607031049405008
10328,0.42488462330326365
10329,0.6499572319599505
10330,0.6325114800776008
10331,0.5098829861282997
10332,0.5217151666504152
10333,0.586661229224811
10334,0.35487035357452573
10335,0.4830136553796936
10336,0.6336998945137664
10337,0.49513899030671005
10338,0.48731977654064657
10339,0.4783576511653262
10340,0.5899109523671582
10341,0.6653598447551041
10342,0.5500818354313814
10343,0.7596717235288175
10344,0.4762496505715368
10345,0.7345826155228733
10346,0.567359451065307
10347,0.5419361217925798
10348,0.5550860346482918
10349,0.4086372023154007
10350,0.5331219825163797
10351,0.45612936415478333
10352,0.4438741546749023
10353,0.4250954547021909
10354,0.484909369450249
10355,0.3719519400343825
10356,0.49890154745707926
10357,0.6110013544852204
10358,0.556752463378602
10359,0.6191071987137529
10360,0.5556000447163141
10361,0.47164120457336656
10362,0.6182786428437133
10363,0.6348526380278149
10364,0.7828904072529737
10365,0.4815555419171058
10366,0.509181663502999
10367,0.38656437360691887
10368,0.5445632754717562
10369,0.5180462689862511
10370,0.7404327919404251
10371,0.44748342390061574
10372,0.5727917016266072
10373,0.36342227253510617
10374,0.4946287137980866
10375,0.374691365159604
10376,0.6707907336230183
10377,0.33084011947286657
10378,0.48916378661159315
10379,0.47869804772846924
10380,0.5103083321100544
10381,0.48052169522613136
10382,0.47622266542487274
10383,0.5236820058783391
10384,0.437314949587822
10385,0.7862098918250451
10386,0.47167703229261615
10387,0.4524436390813324
10388,0.5006891691989862
10389,0.4667022775160396
10390,0.6351470157157654
10391,0.4838911049657881
10392,0.3578260353883489
10393,0.5117755475095899
10394,0.6338243726968267
10395,0.6652768981493372
10396,0.4402522025874488
10397,0.5189725060303768
10398,0.37660960329363
10399,0.47167571179709344
10400,0.4127402547753397
10401,0.48305855407792936
10402,0.6029483515929975
10403,0.4871897073507245
10404,0.4800672282214142
10405,0.5149462502596115
10406,0.47170195328565145
10407,0.5545632011872302
10408,0.409024642806039
10409,0.5169666267363903
10410,0.44125842268736953
10411,0.63726808698895
10412,0.381140353256637
10413,0.5642517129313525
10414,0.2851320830566344
10415,0.6135400713699113
10416,0.5685799696940897
10417,0.46672413215134456
10418,0.4810981835351327
10419,0.4548368746062225
10420,0.463451752267628
10421,0.43778112155996207
10422,0.48179102648988154
10423,0.5861378250791924
10424,0.36049079447241306
10425,0.726416194192681
10426,0.44007043360066156
10427,0.4577239292066902
10428,0.6029846194673095
10429,0.5186289040277764
10430,0.5919221344393555
10431,0.48050193217170045
10432,0.6041522096643795
10433,0.5693082035113464
10434,0.3868468894406965
10435,0.509576572545093
10436,0.5262145682221006
10437,0.5339787115229301
10438,0.6022948320672457
10439,0.31508761068493873
10440,0.479693808383614
10441,0.6972698371322916
10442,0.4581564213628686
10443,0.37706152252465397
10444,0.5551282673263535
10445,0.37359043360138566
10446,0.5211634695359565
10447,0.6971579321132455
10448,0.5692850537848736
10449,0.5549397500031669
10450,0.45403031792136145
10451,0.5161535419894399
10452,0.4737837330313337
10453,0.442235438343025
10454,0.4558202363019896
10455,0.40342040758176523
10456,0.634493045633695
10457,0.2791225975639321
10458,0.6505875968971031
10459,0.5163649448940739
10460,0.4649114338128763
10461,0.3870236423848774
10462,0.48318028357055764
10463,0.702375117267334
10464,0.49880407841323443
10465,0.49103711242366144
10466,0.4690524778099081
10467,0.5440500333228389
10468,0.5023073289995059
10469,0.39660313651181145
10470,0.5906158734914733
10471,0.5327470493535224
10472,0.5877302241958132
10473,0.5857567641605036
10474,0.6235129020260407
10475,0.47313366188108047
10476,0.4723223469601955
10477,0.48599648102255966
10478,0.5505463858654005
10479,0.39682822594134415
10480,0.554936322242053
10481,0.5305189252274292
10482,0.6809830347254916
10483,0.33340167685756933
10484,0.6016162796577351
10485,0.5430401951945569
10486,0.5470413729397929
10487,0.6138324753911518
10488,0.4549767862946257
10489,0.612148286032173
10490,0.5092382910788242
10491,0.5840216500556004
10492,0.49288413755177235
10493,0.4829094591899698
10494,0.45710488106763153
10495,0.46344508496775383
10496,0.515987715088191
10497,0.5280964735964433
10498,0.6691882165012795
10499,0.43664852976325236
10500,0.5039624978270848
10501,0.5730940461665439
10502,0.46108099898122057
10503,0.5253216161368149
10504,0.6550788826447127
10505,0.3836746021997858
10506,0.4642424783167729
10507,0.4587548047728598
10508,0.46944165738284266
10509,0.43501779048264655
10510,0.7491705608280641
10511,0.44342177935593974
10512,0.6235846550188032
10513,0.5334977916310472
10514,0.47770508833064157
10515,0.48608370805419143
10516,0.4941014857214517
10517,0.35266395466622014
10518,0.5991960527024508
10519,0.6934403961812353
10520,0.5913605004762834
10521,0.6323793770376807
10522,0.527773169048966
10523,0.4739894225383387
10524,0.5487104407365913
10525,0.42414877028384024
10526,0.4420468273389027
10527,0.5395756821927089
10528,0.5505409525640933
10529,0.5356055623342708
10530,0.629149922972343
10531,0.43656421834916087
10532,0.4417474521875221
10533,0.5238900431181978
10534,0.28935655324214904
10535,0.5436757689879859
10536,0.5473157753039617
10537,0.4933015361707767
10538,0.6022120332270989
10539,0.4961688846462925
10540,0.5475157324187229
10541,0.3955416195673648
10542,0.3648591823405488
10543,0.5441717834760851
10544,0.43920365236659015
10545,0.47020230404109714
10546,0.6242883248166
10547,0.7831431425942676
10548,0.6409267532644312
10549,0.5348247967359463
10550,0.4604723376022096
10551,0.5318126639605502
10552,0.5939721092747204
10553,0.5188297761549381
10554,0.3851216683665923
10555,0.6377644140563221
10556,0.41647523513577556
10557,0.5079090717861215
10558,0.352471164344491
10559,0.35276574525835913
10560,0.36154288815447844
10561,0.5518781501488419
10562,0.6641518478205855
10563,0.6233121707960604
10564,0.5188705522222852
10565,0.5069809337430162
10566,0.562772485175482
10567,0.6240206521327292
10568,0.5610595854941087
10569,0.502573998592575
10570,0.4387678563114489
10571,0.272353696852359
10572,0.6072796177407378
10573,0.4022907548841449
10574,0.5467482889521809
10575,0.4238621544031843
10576,0.46371901001769805
10577,0.6414551655004747
10578,0.531867292431441
10579,0.5121271034818838
10580,0.6288234724922316
10581,0.6828619084316672
10582,0.6113412711691343
10583,0.37475650807908367
10584,0.47350473068121424
10585,0.5013184432860153
10586,0.45357945457504495
10587,0.6182792609544647
10588,0.3676255204087661
10589,0.5222811150177694
10590,0.5008388176521347
10591,0.5276693382208791
10592,0.42464603482602625
10593,0.47225549100704545
10594,0.530040596161303
10595,0.4951575257322328
10596,0.4495106014803124
10597,0.5235247232455029
10598,0.42690576354118803
10599,0.47914906560901105
10600,0.44548007504589854
10601,0.39788168535687174
10602,0.500486912158018
10603,0.6219175209888704
10604,0.4623386162585389
10605,0.40993427425251794
10606,0.5296238134164882
10607,0.5142658746035135
10608,0.5726492543342431
10609,0.5308425729955004
10610,0.3935092639376048
10611,0.5274535914995596
10612,0.6546376441029145
10613,0.5614428258686656
10614,0.337199703671597
10615,0.4249153667648787
10616,0.5428992301493691
10617,0.6581139710340944
10618,0.5161240745183012
10619,0.589276860699656
10620,0.5466498346845867
10621,0.6476883465813128
10622,0.5365731011678505
10623,0.5783702386405238
10624,0.5002968326252102
10625,0.5323156746158997
10626,0.4430795441258752
10627,0.5229363020173424
10628,0.5914224583198588
10629,0.6301010036629582
10630,0.649841235601907
10631,0.5372279640572785
10632,0.5370073338510352
10633,0.43002016523296804
10634,0.46880838365748456
10635,0.42240488522254993
10636,0.4803722126075957
10637,0.6499076133345936
10638,0.37666076376485935
10639,0.5121957876741839
10640,0.4610733313970603
10641,0.5033602280193861
10642,0.45615446673619664
10643,0.5796706636346031
10644,0.4084161632347669
10645,0.3884693348184113
10646,0.5358191546050257
10647,0.5188011220829296
10648,0.43041020747315717
10649,0.509249536416335
10650,0.5586806423502835
10651,0.41690808073846286
10652,0.5020144428753494
10653,0.5616540990860381
10654,0.4877389117071092
10655,0.5365079898082361
10656,0.5677784216572981
10657,0.5834235000022964
10658,0.451079050361858
10659,0.5135807244766585
10660,0.4025507068658703
10661,0.47775503302348843
10662,0.3996247522614227
10663,0.37991324937203574
10664,0.4306480434195715
10665,0.5154274533026859
10666,0.44915191803367954
10667,0.5087529653173256
10668,0.575396080757697
10669,0.5552957480629158
10670,0.5886940953553194
10671,0.5765548433336977
10672,0.4126275141001155
10673,0.39762386245441417
10674,0.4130220092498115
10675,0.5786728964049841
10676,0.6509483345311472
10677,0.43424788093481764
10678,0.599051543892537
10679,0.5746322044847465
10680,0.6807185188174454
10681,0.5495264502445443
10682,0.30928972581876507
10683,0.5625016401425453
10684,0.5177794572353634
10685,0.4193549345198966
10686,0.4490046771542405
10687,0.4810138846388505
10688,0.44929881089066626
10689,0.4465845195796677
10690,0.434211383318409
10691,0.3839635533169634
10692,0.5254033188462044
10693,0.5415050796990097
10694,0.7356098803861025
10695,0.5417786314303549
10696,0.5776651628770529
10697,0.4163769291557326
10698,0.5279633456329483
10699,0.5315892143088343
10700,0.5003419679106387
10701,0.491555492168509
10702,0.5390071381531644
10703,0.598300188801576
10704,0.34476126054584
10705,0.50125772785236
10706,0.6064188602894022
10707,0.39615388801960977
10708,0.44345438538551407
10709,0.5784262529528104
10710,0.2779076199364085
10711,0.5952323424295723
10712,0.6469115671218582
10713,0.29392746938914194
10714,0.6549520271675107
10715,0.5095392264852564
10716,0.33834112411410144
10717,0.5103180324549609
10718,0.6936129059564708
10719,0.349208242206289
10720,0.40536484710028536
10721,0.5244067373790579
10722,0.5433098539828535
10723,0.4960366787735826
10724,0.5296770767389315
10725,0.41198668475652067
10726,0.4437443058732303
10727,0.6312778933337737
10728,0.5032668659667806
10729,0.5042663191168134
10730,0.47557427722256757
10731,0.4508678557747875
10732,0.4014315068241344
10733,0.5916444766047053
10734,0.6664866404484364
10735,0.33551631297322326
10736,0.5704546682305196
10737,0.5692731012967799
10738,0.43174542411046973
10739,0.4211284231343168
10740,0.47791638495391325
10741,0.6869793277884333
10742,0.570918516253185
10743,0.42934331231822614
10744,0.39089543852034425
10745,0.539418326172862
10746,0.6161992728579296
10747,0.6364305515123313
10748,0.5717302824874476
10749,0.4925435857038274
10750,0.4278054630931399
10751,0.5019733882642321
10752,0.5067145729505627
10753,0.7337231898338212
10754,0.5013408075080951
10755,0.5031105820270803
10756,0.5439390168736182
10757,0.5688252687489779
10758,0.5230932780441835
10759,0.8320283119513077
10760,0.5536800441682705
10761,0.4816411689961233
10762,0.5505378251970849
10763,0.7085518412102642
10764,0.5577927175761044
10765,0.47563243201462013
10766,0.5148639023650027
10767,0.3864118822961132
10768,0.5781878510549643
10769,0.696516899832584
10770,0.5894074257210302
10771,0.5282305037303403
10772,0.4852734513758503
10773,0.4217511346982279
10774,0.5358006594563436
10775,0.3927390743597022
10776,0.5192869180891382
10777,0.40139620596674563
10778,0.6099333658395204
10779,0.7236645384889682
10780,0.5711905560770949
10781,0.5683282975628715
10782,0.5512200684022359
10783,0.6003220621187726
10784,0.42337849067825484
10785,0.5367869545628684
10786,0.5906927828201322
10787,0.5394864495019234
10788,0.38062418400329445
10789,0.49824574602895993
10790,0.6254451613740241
10791,0.5034940816095412
10792,0.5198687323292621
10793,0.8102065895589725
10794,0.4984547516113899
10795,0.4417619939599411
10796,0.41857220208900153
10797,0.4766657489302347
10798,0.6921968083216253
10799,0.46916512059324494
10800,0.5423994656664695
10801,0.6512420917057024
10802,0.5015865811658898
10803,0.5156001043695352
10804,0.46837106097900305
10805,0.7925874395931489
10806,0.4995260117231522
10807,0.5260205172275498
10808,0.4488564279269095
10809,0.3848753040021293
10810,0.49034356432974824
10811,0.4352440603737947
10812,0.42471726054304937
10813,0.39031916234575603
10814,0.5719749245155229
10815,0.6189182762679324
10816,0.4558839063705865
10817,0.4149837674858434
10818,0.4509071388649039
10819,0.5617294498527025
10820,0.5705005382293363
10821,0.5916359037364513
10822,0.5180844078804236
10823,0.6075800145168686
10824,0.4589216845881717
10825,0.43335198883988824
10826,0.37622219570755877
10827,0.508409780575692
10828,0.4477101378535172
10829,0.5087051780020704
10830,0.4199243572309128
10831,0.48419396788847724
10832,0.5265544660464943
10833,0.45935445308243084
10834,0.6247727935015853
10835,0.674776942892393
10836,0.8061755185994746
10837,0.4684620332293081
10838,0.5272275346600513
10839,0.4763272338754305
10840,0.5447264496280569
10841,0.49679134905002087
10842,0.5188832520249681
10843,0.6232624856225062
10844,0.48222260476179696
10845,0.8384319227179152
10846,0.41405320712378846
10847,0.545667787112756
10848,0.6098052168130993
10849,0.48331582821899094
10850,0.6426326252685547
10851,0.7240993341067883
10852,0.75145778266646
10853,0.5023592109859292
10854,0.3738759732080731
10855,0.5647118272957503
10856,0.5723124936509164
10857,0.4820531515571224
10858,0.48981811756400034
10859,0.47664577189303065
10860,0.45014099732330415
10861,0.6554078784084192
10862,0.5028265335686081
10863,0.42485138779457865
10864,0.571011271016734
10865,0.4431315191932024
10866,0.5510436905234736
10867,0.5680632278668029
10868,0.37689263607465084
10869,0.46481663398781914
10870,0.48156658622831006
10871,0.45518652578135615
10872,0.5308628152834955
10873,0.6424019135880741
10874,0.6158438812071826
10875,0.5169200940455297
10876,0.4382686699720212
10877,0.5751796610078436
10878,0.5051910637463481
10879,0.4261583133857657
10880,0.5409185280094669
10881,0.4183033839161008
10882,0.41658791162896663
10883,0.4898445602226242
10884,0.652387114375153
10885,0.5400181764495702
10886,0.46958290669335856
10887,0.48909344692126333
10888,0.4609250878775354
10889,0.5250476225538931
10890,0.5931675487794732
10891,0.459197602389417
10892,0.4722158168953142
10893,0.3628143879227836
10894,0.4879301368387912
10895,0.48426508583116623
10896,0.7609403461088544
10897,0.3780617379515908
10898,0.4958503650100669
10899,0.5287645064844698
10900,0.561864664462477
10901,0.5635319588723671
10902,0.5247397014086103
10903,0.3382078279092214
10904,0.5429570885775236
10905,0.593918557114984
10906,0.6231688060330367
10907,0.3410129719609211
10908,0.4503773175087947
10909,0.4345600104133576
10910,0.6193780498485193
10911,0.4255693860082314
10912,0.5148208196263837
10913,0.5319182842019702
10914,0.7770012204391501
10915,0.6607715585947908
10916,0.6635107175087809
10917,0.5343333068271959
10918,0.6101733671610056
10919,0.4759232433832284
10920,0.5565744599078721
10921,0.3955032467377559
10922,0.636152561431722
10923,0.39097304019784523
10924,0.5933214790568213
10925,0.4603258995200368
10926,0.5899342436533972
10927,0.40581651882156855
10928,0.5005103606428224
10929,0.5724744112784883
10930,0.519912020643883
10931,0.6670281247987225
10932,0.3752585512373817
10933,0.41761432177066893
10934,0.39603550686493166
10935,0.4436273748013982
10936,0.661694986672163
10937,0.6202197095564627
10938,0.40917660098160963
10939,0.7523806635729019
10940,0.5921246590512098
10941,0.38411963979292607
10942,0.4206517336226291
10943,0.40996205337084274
10944,0.46120794155083167
10945,0.519618534020521
10946,0.4629803516998034
10947,0.37864922893038766
10948,0.42380278373598046
10949,0.5070966486373654
10950,0.5326565787901997
10951,0.3826713276193278
10952,0.3567473909149409
10953,0.6988213356364195
10954,0.42177055958369586
10955,0.5231644007996523
10956,0.3712286039859346
10957,0.6439793931171729
10958,0.3599373782693325
10959,0.5863698972104031
10960,0.6450609027897548
10961,0.6280329645699764
10962,0.48001616511409934
10963,0.44360454996062
10964,0.5106555922803133
10965,0.3672013338742993
10966,0.5339150280566612
10967,0.5325990213348256
10968,0.5527835372866312
10969,0.5371374289241582
10970,0.40698082335477553
10971,0.5457041799219865
10972,0.5068448025689898
10973,0.5588124836779559
10974,0.5090286328915709
10975,0.394296351082861
10976,0.42863535977715383
10977,0.40286435999585224
10978,0.45138923018640936
10979,0.45692616449503315
10980,0.6297139409229998
10981,0.4963565957958984
10982,0.4768167253630977
10983,0.4986120868077974
10984,0.5088960816694581
10985,0.3941734355367864
10986,0.3029317342134966
10987,0.4041333608504679
10988,0.5104197975740132
10989,0.6140785890830549
10990,0.37472055247515157
10991,0.535444243220563
10992,0.6617858499637908
10993,0.6999117089991626
10994,0.6159393491928703
10995,0.5095395399371817
10996,0.4711874973854714
10997,0.6245710757216373
10998,0.45330362881072994
10999,0.6956503044318019
11000,0.3995740111978307
11001,0.47018064410392707
11002,0.4562558664415566
11003,0.6729902748495719
11004,0.5063205798128084
11005,0.48961585663154866
11006,0.46549868608489
11007,0.7163286019424148
11008,0.3824967887059128
11009,0.5400329036728712
11010,0.5113062816747533
11011,0.3459064488846044
11012,0.5004699251600045
11013,0.518463205134899
11014,0.4310314032848596
11015,0.3733823618956259
11016,0.5903446892759096
11017,0.35055205570459125
11018,0.7145792662496048
11019,0.7483925028180385
11020,0.649504944448646
11021,0.5184349114772612
11022,0.7393558019844344
11023,0.7172626110749526
11024,0.5233376036771156
11025,0.6655119725660412
11026,0.4539579138128118
11027,0.4690475892151376
11028,0.33798875360552183
11029,0.506684500333277
11030,0.4824349940521819
11031,0.5143657240785514
11032,0.41175188776671273
11033,0.5229226736319331
11034,0.4256884283387498
11035,0.4996510675417096
11036,0.41033040786362607
11037,0.591261663896212
11038,0.5052057681863173
11039,0.44081778778388203
11040,0.6039112938233648
11041,0.46570098810171356
11042,0.5033062818303924
11043,0.5589243590961608
11044,0.4124620564125378
11045,0.3883441752809877
11046,0.5470220220591148
11047,0.535630866343297
11048,0.5745456210518609
11049,0.5928354663228118
11050,0.5070722779303561
11051,0.5266438998939574
11052,0.5593472721452972
11053,0.38134596336462645
11054,0.4688703156209717
11055,0.5743623296039178
11056,0.3999586171331164
11057,0.49632470615989427
11058,0.3572393018503853
11059,0.40367215271709767
11060,0.5018167604189954
11061,0.4267866613767089
11062,0.47493135627492544
11063,0.5581580851556446
11064,0.4323751804490745
11065,0.655522479244484
11066,0.47034168945928456
11067,0.46964314134929647
11068,0.4590072910705253
11069,0.5001528343655877
11070,0.5067949989006034
11071,0.5230921537507538
11072,0.5456205630803479
11073,0.4455824361293037
11074,0.42644864083884026
11075,0.4937606007926753
11076,0.5596969128175869
11077,0.5578407255974831
11078,0.6677018402605028
11079,0.4649403350396607
11080,0.6003503881637938
11081,0.5434242068553942
11082,0.5020862075552078
11083,0.4048479624565484
11084,0.33452770591280107
11085,0.5765063810171382
11086,0.757110624882048
11087,0.7247685079108145
11088,0.3943831707936943
11089,0.5622267734452219
11090,0.4387641511801369
11091,0.4224233887890953
11092,0.4935536069449506
11093,0.4480879435284706
11094,0.4951496434337345
11095,0.5315104931522632
11096,0.644991546336363
11097,0.555864911209262
11098,0.6213371466920978
11099,0.5246405895646892
11100,0.44206659212574784
11101,0.5251551090215931
11102,0.5790837054035969
11103,0.4062504485787857
11104,0.5564037342108478
11105,0.5307846093425486
11106,0.5052550446866456
11107,0.41839621408439603
11108,0.5460045887481871
11109,0.4578771094553458
11110,0.41389750762412597
11111,0.502840265185586
11112,0.2932717185527111
11113,0.40670071355143517
11114,0.6159717055916417
11115,0.45141988155986285
11116,0.49904898054915986
11117,0.6273062436188244
11118,0.5138329963805272
11119,0.43064141349578794
11120,0.4567331862760155
11121,0.7272601028006433
11122,0.5082575279775963
11123,0.6147960412895495
11124,0.6549846158623279
11125,0.3903558342740677
11126,0.5139984362410873
11127,0.5753375742102371
11128,0.4737210422064346
11129,0.6200508606157632
11130,0.4398571221684366
11131,0.5286828449071614
11132,0.5699390573947007
11133,0.6023157154619051
11134,0.5203745350642424
11135,0.5025255005535023
11136,0.3893415077201579
11137,0.4969372429258441
11138,0.51264532787774
11139,0.5046001067896917
11140,0.5334605687977182
11141,0.5545692319410107
11142,0.43174453500163856
11143,0.7061491626240577
11144,0.36504281298724917
11145,0.4939695207493469
11146,0.7014946185228638
11147,0.48415337312389306
11148,0.6188800254561814
11149,0.4714467906961562
11150,0.5503312728703219
11151,0.5058073936384738
11152,0.5002829220415439
11153,0.6359803354749097
11154,0.4424352066914416
11155,0.36268431583102184
11156,0.5155303644595518
11157,0.4885252439954156
11158,0.4967683403721671
11159,0.6189538086619859
11160,0.704922622277204
11161,0.4230702352350417
11162,0.37623764004605526
11163,0.3910048093242136
11164,0.4511104688427132
11165,0.39322916053126433
11166,0.4862960232350017
11167,0.5539835094836718
11168,0.5307840570801298
11169,0.5813223557005258
11170,0.4411387342635493
11171,0.5593040004363787
11172,0.5196088972902845
11173,0.49483871319056055
11174,0.6272245477920679
11175,0.49064216994553683
11176,0.46193993192491045
11177,0.6428706847620702
11178,0.4671034599845146
11179,0.6130743018828283
11180,0.4073195796466733
11181,0.4715794821039211
11182,0.5633934192155587
11183,0.46488028638809736
11184,0.3539240790122964
11185,0.5707597877474957
11186,0.5284127105607981
11187,0.3650404671110035
11188,0.5644857669415877
11189,0.4609399349377671
11190,0.4571045975042685
11191,0.42624712906237033
11192,0.6140727492043216
11193,0.44299738540038236
11194,0.4959916980434327
11195,0.608113853423308
11196,0.5136219228063348
11197,0.5469239711728986
11198,0.6325755871815327
11199,0.5502965827046195
11200,0.41950615824989107
11201,0.5727550670027692
11202,0.5476074225434241
11203,0.5787338722472666
11204,0.4627130871736247
11205,0.40482455377455456
11206,0.6452806042936003
11207,0.5554251333666443
11208,0.6597074493978876
11209,0.5668286967212962
11210,0.4354761807021026
11211,0.5457302504056538
11212,0.3682010106304044
11213,0.5094638573795947
11214,0.4719817248372732
11215,0.6947180165031814
11216,0.7072788620012703
11217,0.3898469406882811
11218,0.40542659853589075
11219,0.3994109241051247
11220,0.5755643363945773
11221,0.49870999815639777
11222,0.40080777235447573
11223,0.6340710083812816
11224,0.4972379977080536
11225,0.5813514597620832
11226,0.4349296420130238
11227,0.5458557058265923
11228,0.4569037804477383
11229,0.45272192648667325
11230,0.44205831677235713
11231,0.4549910207152656
11232,0.6055269286780754
11233,0.5351340020989045
11234,0.4633383848700122
11235,0.5447859616932923
11236,0.6186275804471741
11237,0.7449012754312232
11238,0.4591891893056577
11239,0.6006209474945213
11240,0.44810465387118903
11241,0.4237307806024474
11242,0.39657188862862663
11243,0.4713791230145456
11244,0.7575919126260194
11245,0.383108992136947
11246,0.47382015499890023
11247,0.3056585921801286
11248,0.4656694501808261
11249,0.49078170908799656
11250,0.39813761433758965
11251,0.5135597415752747
11252,0.39978050734741205
11253,0.5419066090610257
11254,0.4131377314885407
11255,0.49237341243079963
11256,0.3979037543034321
11257,0.26718463157913974
11258,0.5378898876136393
11259,0.5136621668146977
11260,0.5068785771592994
11261,0.5260577467039113
11262,0.48037568292893196
11263,0.5184426407937738
11264,0.5599096872383086
11265,0.5028589394565566
11266,0.5231138021202636
11267,0.4664767409382188
11268,0.42647981688595277
11269,0.4146435611083444
11270,0.460581402484666
11271,0.6277601953097894
11272,0.3616142195679991
11273,0.4800657325147915
11274,0.46286635357388284
11275,0.4095908314237584
11276,0.5027333940931481
11277,0.6767065976726626
11278,0.5291185504932897
11279,0.47980729365018554
11280,0.5706316019530893
11281,0.3704222125741917
11282,0.5582302081448173
11283,0.6861980813802064
11284,0.5618616979194503
11285,0.6583850058251833
11286,0.46231454695250523
11287,0.6899136606349366
11288,0.5624206483168525
11289,0.4646925997639492
11290,0.5412392334809852
11291,0.4955594683517536
11292,0.5696090007631517
11293,0.5856262086010564
11294,0.3111203329248221
11295,0.4034832515144813
11296,0.5188349200904443
11297,0.4687212442132993
11298,0.517819181633385
11299,0.4383552767609296
11300,0.5354748770210249
11301,0.5039468550857695
11302,0.42299014584771133
11303,0.4430803157550184
11304,0.5099894237229528
11305,0.5894943578920605
11306,0.3118391674793909
11307,0.4176647122271113
11308,0.5534598974826674
11309,0.6680234693070923
11310,0.4458770130960269
11311,0.49101857046361314
11312,0.6095672972429735
11313,0.5217623158296137
11314,0.4434878676046593
11315,0.4976359243002011
11316,0.43025534397516135
11317,0.6403750718165222
11318,0.5246354110351679
11319,0.5026526999438735
11320,0.5383162126605221
11321,0.5224355940380758
11322,0.5018227086782904
11323,0.439029012365146
11324,0.602423162531063
11325,0.5536183825832784
11326,0.36415405744965645
11327,0.6489688000702455
11328,0.599177085229742
11329,0.4200799866931852
11330,0.5254563231013566
11331,0.5373043023877385
11332,0.4666487710349964
11333,0.3459465606482757
11334,0.4752057775181176
11335,0.5771539415193133
11336,0.5502906616218194
11337,0.42460550951522225
11338,0.3573215327054665
11339,0.4949792849923585
11340,0.4943199582513604
11341,0.6186479736389883
11342,0.5370026656187734
11343,0.6994572630215379
11344,0.4176673258195974
11345,0.39712999689996553
11346,0.5026925459093533
11347,0.4979844369266507
11348,0.39989632978288314
11349,0.4767172044339519
11350,0.5702696344897299
11351,0.5019839757194271
11352,0.6622598870444565
11353,0.5541459785915437
11354,0.4762530362444939
11355,0.5096204820340081
11356,0.35990444057224635
11357,0.44066784289225724
11358,0.5493857205030038
11359,0.5093363472062605
11360,0.4742322193956292
11361,0.3787702092185502
11362,0.41797380070802415
11363,0.6176013982124517
11364,0.543708882028505
11365,0.5470762621686398
11366,0.5263431649228119
11367,0.4991196307769754
11368,0.4133210354662009
11369,0.49536973269804296
11370,0.5719706100187963
11371,0.47106987972918074
11372,0.7999598465859599
11373,0.4749092906746403
11374,0.25315282940602346
11375,0.4211360766188516
11376,0.5087942570565852
11377,0.4470485285746602
11378,0.36592179716605416
11379,0.5591801195217307
11380,0.4729945091338698
11381,0.45603387911303883
11382,0.4616189346576771
11383,0.46145456798273743
11384,0.3946511324220593
11385,0.5085259039151212
11386,0.46678565946488415
11387,0.5774047313837186
11388,0.5874920329484655
11389,0.5254451760243696
11390,0.47242074396020195
11391,0.5229202651838527
11392,0.4783981483898722
11393,0.5329253664829061
11394,0.42788100990966604
11395,0.4781914187917912
11396,0.5567161752596987
11397,0.5091006460620097
11398,0.5020721949572945
11399,0.6080584018528434
11400,0.6242525112122659
11401,0.5539366553165913
11402,0.4717240206001805
11403,0.5932834506003395
11404,0.45363412495097166
11405,0.5644101446551166
11406,0.46814699637195817
11407,0.3888567712634376
11408,0.3951723620076456
11409,0.4905201741276383
11410,0.604379001788004
11411,0.5443581365598337
11412,0.592311486304951
11413,0.39013911910581095
11414,0.5073233802240926
11415,0.5439605653957791
11416,0.47092933940509807
11417,0.5152591905113966
11418,0.6895900088465265
11419,0.4102672916244109
11420,0.4874189733938613
11421,0.4612047482711094
11422,0.5589534107145026
11423,0.30299720336906144
11424,0.48058347394206186
11425,0.6563947947618272
11426,0.5135595244104646
11427,0.5261480755676509
11428,0.578729262732815
11429,0.4932353259926368
11430,0.44656220931898566
11431,0.47781580729979534
11432,0.39655951238485343
11433,0.5959731055162445
11434,0.417033759750588
11435,0.6199082976379605
11436,0.6169523835074765
11437,0.5435256530468396
11438,0.5424291321464532
11439,0.6352643082464782
11440,0.591824314290791
11441,0.6268758462192715
11442,0.4833869258797391
11443,0.5495350549493426
11444,0.5521817485761236
11445,0.3717730755574184
11446,0.6090588658469702
11447,0.5176841506115046
11448,0.647729935024261
11449,0.7164186892512031
11450,0.6736457580944472
11451,0.44693999607777857
11452,0.40037357973727433
11453,0.4537266945388458
11454,0.5680098944886673
11455,0.5172746501666398
11456,0.4009877569750926
11457,0.5777244706932122
11458,0.42553287950727037
11459,0.5642304799989323
11460,0.5550129673653679
11461,0.3260706437111942
11462,0.4728743669826252
11463,0.7467726506386998
11464,0.46022722033167324
11465,0.5276050889643336
11466,0.4932824067062432
11467,0.5575590560988287
11468,0.5322012184454965
11469,0.4458940120058208
11470,0.4726827630262633
11471,0.4825673742619632
11472,0.4803383593092271
11473,0.40540986316872474
11474,0.6898480565837432
11475,0.5826428925236159
11476,0.45958668152202586
11477,0.5675032187344209
11478,0.47415795868030086
11479,0.5401460867336858
11480,0.5019342984913493
11481,0.516975141954317
11482,0.4676056261978505
11483,0.7670646157245943
11484,0.6148295770559088
11485,0.5356371946309929
11486,0.6141135334378234
11487,0.3619015256331498
11488,0.4647796823865961
11489,0.5057151398689925
11490,0.5530169874963559
11491,0.4821810453412591
11492,0.40945446691739446
11493,0.3993102701435709
11494,0.4693106515015522
11495,0.49774673678445774
11496,0.5463429850006678
11497,0.7310796845489821
11498,0.48781252121950147
11499,0.4709807879336231
11500,0.5378571580545832
11501,0.45318297418361336
11502,0.3922069180180745
11503,0.49183638065505675
11504,0.6448709442657227
11505,0.4420436042700861
11506,0.5676729572391569
11507,0.6696435852659217
11508,0.4546733571238022
11509,0.6632326631614391
11510,0.35487133990385833
11511,0.46253874169259246
11512,0.5518741478503966
11513,0.5338339762163846
11514,0.6812432349662367
11515,0.4435571925440013
11516,0.5158449385745966
11517,0.5517963256689141
11518,0.4785723449944946
11519,0.4356557980065084
11520,0.49489707730518967
11521,0.529894722168992
11522,0.67662615176122
11523,0.3745629202873598
11524,0.5119617517498897
11525,0.7338170647254398
11526,0.3990326809282332
11527,0.580990331608146
11528,0.6008392870519585
11529,0.5547786719371443
11530,0.5224711915341377
11531,0.4690833554355784
11532,0.5305300725370108
11533,0.4680805672953059
11534,0.5928888121966575
11535,0.5039621811960044
11536,0.5067680578617046
11537,0.5220090339404049
11538,0.4177024779594343
11539,0.4302138171983965
11540,0.38063686392046625
11541,0.5706815535283902
11542,0.4616606604954485
11543,0.4499864835921145
11544,0.4511012709863901
11545,0.5362054362934524
11546,0.411801520521187
11547,0.57699359333054
11548,0.5469726344117342
11549,0.48000890329592755
11550,0.5033945180296203
11551,0.4877740214314309
11552,0.5732423455103351
11553,0.5984034157317859
11554,0.47457210424135715
11555,0.45669756871980777
11556,0.5716838940688855
11557,0.411925831796176
11558,0.393242049229404
11559,0.5897124062443962
11560,0.43848750026431055
11561,0.458916187595724
11562,0.6952303379151239
11563,0.6420494810543789
11564,0.5970258948457057
11565,0.5797578175746836
11566,0.5292489975510132
11567,0.5337967791727106
11568,0.5373494588681936
11569,0.6559627097699272
11570,0.5200503884258343
11571,0.5717199364744566
11572,0.4402654871775329
11573,0.583977459960329
11574,0.4608074731062906
11575,0.4397998475100417
11576,0.7692918960637122
11577,0.4577591143847514
11578,0.6308611443376179
11579,0.5146458041751493
11580,0.42999695650816716
11581,0.4559372630960411
11582,0.4412010213408468
11583,0.5267911437759839
11584,0.5595021536066984
11585,0.4598856903893101
11586,0.3330302116176693
11587,0.4722458756712166
11588,0.4119536778041692
11589,0.3621521763665052
11590,0.3872686330942357
11591,0.49999507388527636
11592,0.4775704342739955
11593,0.48115226775428105
11594,0.47981844365623344
11595,0.5750203625873089
11596,0.551491944286938
11597,0.49225769855546414
11598,0.6130867450030805
11599,0.4821124206560701
11600,0.4548315621410862
11601,0.6438166909451108
11602,0.387923861299776
11603,0.5910065672939923
11604,0.3730619804708548
11605,0.4582390148192047
11606,0.38613177576110796
11607,0.5187049111765438
11608,0.4934047076542964
11609,0.5905318075430853
11610,0.5870620188613117
11611,0.7519998146007079
11612,0.4743662487245997
11613,0.3666021785831123
11614,0.5331013608696357
11615,0.6281452705615378
11616,0.5313126029042523
11617,0.3593400447589755
11618,0.5910668145861941
11619,0.529015855861357
11620,0.4358354496861461
11621,0.5690616000815344
11622,0.5721285424959021
11623,0.595360425697938
11624,0.4144156067045236
11625,0.48435011533816147
11626,0.40099674922621314
11627,0.4692211802622177
11628,0.6341446574179836
11629,0.4835139645202972
11630,0.47836078347711686
11631,0.5689166941387396
11632,0.3751942961465432
11633,0.45035732668289097
11634,0.3929906088613424
11635,0.42899127197520315
11636,0.5504239321635142
11637,0.6295363143305439
11638,0.44615759462523197
11639,0.5543095983686268
11640,0.4844594765495272
11641,0.35849586402604483
11642,0.5559747986656556
11643,0.7209746804596837
11644,0.3183155350691904
11645,0.6981413847511491
11646,0.4463247013586241
11647,0.38744478014847983
11648,0.49055828697079074
11649,0.6218358623950583
11650,0.5107240200824446
11651,0.5097189351597494
11652,0.7834494794073819
11653,0.4531183109104011
11654,0.6333853524313034
11655,0.6346163651074359
11656,0.5660657003774101
11657,0.524106860477525
11658,0.4430905839251198
11659,0.5636333878672053
11660,0.6201677169786715
11661,0.4809305802760564
11662,0.5381697523317812
11663,0.5390906357159089
11664,0.5488896732558375
11665,0.3875648191699132
11666,0.47192895108833205
11667,0.5378786620222931
11668,0.5139271996726101
11669,0.4710575088592843
11670,0.6277190586465187
11671,0.4078372592948786
11672,0.5912875399944503
11673,0.4355637575188227
11674,0.26918538094730926
11675,0.4685763523265766
11676,0.5835167598760935
11677,0.5567034010664621
11678,0.513377845336584
11679,0.5769702954491077
11680,0.5679235006799496
11681,0.5397112262904745
11682,0.33644928322994205
11683,0.5511559464415161
11684,0.46732325842759864
11685,0.4853819425717395
11686,0.543194613922314
11687,0.44233427551936344
11688,0.43971573576434214
11689,0.5399364996437912
11690,0.609597556090211
11691,0.5050709678997888
11692,0.6652611173650568
11693,0.3441110522239081
11694,0.5762936812733599
11695,0.4478334301476342
11696,0.466239657801758
11697,0.5963863229644972
11698,0.5294280332182023
11699,0.539553661246485
11700,0.3703968083979049
11701,0.4691282283845376
11702,0.4176340632972485
11703,0.5743895895199093
11704,0.5896839316985175
11705,0.5906298245851958
11706,0.4464454984788303
11707,0.4194619251627069
11708,0.40513963133243563
11709,0.49691373609238443
11710,0.4507813555183075
11711,0.3459119633352295
11712,0.4487083417180202
11713,0.4599636256340024
11714,0.5114088921600073
11715,0.6075578396022872
11716,0.6277451554179844
11717,0.41712197096555637
11718,0.40104226406600796
11719,0.5399651323349007
11720,0.47282873185972024
11721,0.5408834774622302
11722,0.5296498104512362
11723,0.5145883897096929
11724,0.5016113455770862
11725,0.5397523529399599
11726,0.550790035038453
11727,0.491589064617171
11728,0.4032885933281606
11729,0.49148831154808686
11730,0.3579809820313612
11731,0.5835707120188713
11732,0.48493686383517476
11733,0.5186335164043396
11734,0.43629624324033917
11735,0.6404065264865515
11736,0.6248140316274265
11737,0.5117933819008865
11738,0.493688399072927
11739,0.6281792651598486
11740,0.4005729066902525
11741,0.39843864151791375
11742,0.6556573815539372
11743,0.6118411497457598
11744,0.45468485046681845
11745,0.6911511602195142
11746,0.43774863514015094
11747,0.3398366400447399
11748,0.471375056823604
11749,0.5150295940823537
11750,0.3842107832380923
11751,0.3644087875949765
11752,0.5330973039018265
11753,0.453454956649781
11754,0.4058049149005084
11755,0.5706988114567674
11756,0.40790076306499595
11757,0.6842057498135543
11758,0.5752389945025134
11759,0.519020065997491
11760,0.4521345041795577
11761,0.44130014449756244
11762,0.5129667200064195
11763,0.48794454439489454
11764,0.4968613797355445
11765,0.33812773714939215
11766,0.3765895299330489
11767,0.375472401592167
11768,0.6692009695722455
11769,0.3448372419165142
11770,0.6380419814356781
11771,0.543981729069325
11772,0.48389693323623884
11773,0.46253314231005616
11774,0.6897663094718905
11775,0.5310995463710404
11776,0.3917722265326105
11777,0.4226162524808814
11778,0.35236277344250055
11779,0.5206292448382276
11780,0.6850055962931737
11781,0.5020522480281414
11782,0.46780107669167226
11783,0.3854615769804678
11784,0.4122466098114069
11785,0.4604012993289213
11786,0.5288877785773135
11787,0.5348296609472613
11788,0.49604176135925676
11789,0.49011954977072864
11790,0.3217679071681885
11791,0.41400321602672574
11792,0.502035043440946
11793,0.6254997832782875
11794,0.5013163726018286
11795,0.4392166323908337
11796,0.47783231356726324
11797,0.4861042808594596
11798,0.8393084318024124
11799,0.7366582962336119
11800,0.38164721022549686
11801,0.35682030118656966
11802,0.5699647712037973
11803,0.5156604425011674
11804,0.4678868005322035
11805,0.5965258876365771
11806,0.443693352301819
11807,0.6015404126531593
11808,0.5284640233162281
11809,0.4815055485487001
11810,0.49881761693858373
11811,0.6046224182641834
11812,0.3231340435814427
11813,0.541047914829045
11814,0.4149438044485086
11815,0.4607824077470621
11816,0.5259300539528711
11817,0.4711109896522508
11818,0.45354051257861394
11819,0.5396582367254039
11820,0.4849387749410237
11821,0.3958982877927679
11822,0.5962897239788477
11823,0.5773432779141188
11824,0.4921066098452973
11825,0.4955692112989851
11826,0.3872060728946018
11827,0.43563326570288163
11828,0.5517777808730986
11829,0.48295587145907426
11830,0.467031248683301
11831,0.6235518412413471
11832,0.43358747322315994
11833,0.5698235934724732
11834,0.4775544879211464
11835,0.48520792238241056
11836,0.7526446360636537
11837,0.34438165619593575
11838,0.3213043964489932
11839,0.5026997350840693
11840,0.37144949253983095
11841,0.3086931184091254
11842,0.6032132591956121
11843,0.49755631371784464
11844,0.5245938359859792
11845,0.4640645436390628
11846,0.5521619513087049
11847,0.453708994131128
11848,0.5880581779539508
11849,0.4694195983780055
11850,0.6011808794536533
11851,0.6077866811641253
11852,0.5562963809007504
11853,0.5431447336238214
11854,0.4570092442004173
11855,0.5221850188594672
11856,0.5176965969771702
11857,0.4904709484678836
11858,0.4887826622074774
11859,0.48453754507954505
11860,0.454391325890451
11861,0.4381969985178261
11862,0.5763418901146397
11863,0.38850401580624905
11864,0.5950388927502965
11865,0.6073647497581166
11866,0.4288161669454742
11867,0.4494524990758356
11868,0.515062849040016
11869,0.5185723810461929
11870,0.5198340055566637
11871,0.4905879496430297
11872,0.5571698309982285
11873,0.45096644226658894
11874,0.6667296926126335
11875,0.45749130201190696
11876,0.4908756795249748
11877,0.612747847295131
11878,0.5443998312315955
11879,0.5414224359409139
11880,0.5701071431686003
11881,0.31742936152036405
11882,0.4798167730445272
11883,0.562101097597512
11884,0.5139150343498579
11885,0.318082303968932
11886,0.5799760870093462
11887,0.5013439065012262
11888,0.6623216818352611
11889,0.6306253558644623
11890,0.548543140766682
11891,0.7228572581211299
11892,0.4336093107493846
11893,0.47678690616290653
11894,0.6348892066083387
11895,0.520321273821278
11896,0.6668511924472861
11897,0.4792914915178008
11898,0.639143485489341
11899,0.4856868148733342
11900,0.45758155490319175
11901,0.5604888456377801
11902,0.4295921195277961
11903,0.39664933706520683
11904,0.679021896350068
11905,0.5934923314679186
11906,0.5589489829479883
11907,0.544443546421236
11908,0.271531346984656
11909,0.5294642910472247
11910,0.46965220380115713
11911,0.5307606578667007
11912,0.5499397834103726
11913,0.2790667001844778
11914,0.5578151980646916
11915,0.49133494394758925
11916,0.45891423495345396
11917,0.48780067663958443
11918,0.447191473667499
11919,0.44009858061043117
11920,0.5125740255043228
11921,0.48835264363055997
11922,0.5125121647561359
11923,0.7559725224116969
11924,0.42716199923874326
11925,0.4929452430204303
11926,0.646901748799407
11927,0.4641162846038253
11928,0.5155726990994199
11929,0.5487324854040363
11930,0.44921106764417196
11931,0.6630357595027334
11932,0.567870730893556
11933,0.35553274251091993
11934,0.45427325342566005
11935,0.44579390289628773
11936,0.7332800476498902
11937,0.5822620360035785
11938,0.6927844126195182
11939,0.49852822469795266
11940,0.47899051152181066
11941,0.6044575747485319
11942,0.4321905450130998
11943,0.8040816931860089
11944,0.6129473381503484
11945,0.5527826213048715
11946,0.505552142962134
11947,0.4253843550698743
11948,0.4546786846852422
11949,0.3052392418133347
11950,0.5028757225172098
11951,0.4700098453153767
11952,0.6009704579307444
11953,0.5788567921854894
11954,0.5198286593247325
11955,0.5042603509441567
11956,0.3924969138622311
11957,0.6243203763911881
11958,0.46115613753457724
11959,0.6398825477778265
11960,0.5569162647705609
11961,0.6466199388527549
11962,0.563489393851082
11963,0.5245747320147023
11964,0.5633724236817601
11965,0.42434737376925485
11966,0.42073534880444846
11967,0.4972005119408333
11968,0.4108491090604753
11969,0.4506629559539831
11970,0.5097658667656694
11971,0.475727690040826
11972,0.5235030601001904
11973,0.6816995364364211
11974,0.5180117601113188
11975,0.49240455684101436
11976,0.5366751417757349
11977,0.5430407684114928
11978,0.4299933048201037
11979,0.6907803935495118
11980,0.41980233618007967
11981,0.4274061657846442
11982,0.4530258653527491
11983,0.604458296390757
11984,0.5958649809315413
11985,0.4473284176221971
11986,0.6989014822575653
11987,0.5048713081651783
11988,0.5435153802055007
11989,0.5233057371417121
11990,0.33350162469793787
11991,0.4721334838030067
11992,0.44736981349583843
11993,0.5312416938483941
11994,0.5162728068459124
11995,0.546461298935261
11996,0.4807553774976563
11997,0.6288623616123956
11998,0.45252519808101765
11999,0.5379438038602073
